,urban_area,target_variable,target_entity,num_datapoints,num_entities,model_embeddings,trial,train_r2,val_r2,test_r2,train_mse,val_mse,test_mse
0,Philadelphia,Median Income,bg,29555,2816,Emb,0,0.9290410876274109,-0.12880635261535645,-0.07185840606689453,0.060137055814266205,1.0715243816375732,0.9597786068916321
1,Philadelphia,Median Income,bg,29555,2816,Emb,1,0.944063663482666,-0.05191457271575928,0.07485562562942505,0.047405585646629333,0.9985345005989075,0.8284057974815369
2,Philadelphia,Median Income,bg,29555,2816,Emb,2,0.9283791184425354,-0.16046059131622314,-0.10776257514953613,0.06069808825850487,1.1015723943710327,0.9919283986091614
3,Philadelphia,Median Income,bg,29555,2816,Emb,3,0.9404212236404419,-0.002158522605895996,0.031167268753051758,0.05049252137541771,0.9513033628463745,0.8675258755683899
4,Philadelphia,Median Income,bg,29555,2816,Emb,4,0.9557151794433594,-0.044748663902282715,0.005248546600341797,0.03753102570772171,0.9917322993278503,0.8907344341278076
5,Philadelphia,Median Income,bg,29555,2816,Emb,5,0.943755030632019,-0.062145113945007324,-0.0973883867263794,0.04766715690493584,1.0082459449768066,0.982638955116272
6,Philadelphia,Median Income,bg,29555,2816,Emb,6,0.9521542191505432,-0.08443677425384521,-0.0740746259689331,0.040548909455537796,1.0294064283370972,0.9617630839347839
7,Philadelphia,Median Income,bg,29555,2816,Emb,7,0.9404008388519287,-0.1850719451904297,-0.043163299560546875,0.05050976201891899,1.1249347925186157,0.9340839982032776
8,Philadelphia,Median Income,bg,29555,2816,Emb,8,0.9602598547935486,-0.018162012100219727,-0.011873483657836914,0.03367943689227104,0.9664948582649231,0.9060660600662231
9,Philadelphia,Median Income,bg,29555,2816,Emb,9,0.9498839378356934,-0.049143195152282715,-0.07302713394165039,0.04247292876243591,0.9959037899971008,0.9608250856399536
10,Philadelphia,Median Income,bg,29555,2816,RGNN,0,0.5717328786849976,0.3772224187850952,0.36347317695617676,0.36295273900032043,0.5911743640899658,0.5699678063392639
11,Philadelphia,Median Income,bg,29555,2816,RGNN,1,0.6026667356491089,0.36626648902893066,0.3171157240867615,0.3367365598678589,0.6015743017196655,0.6114779114723206
12,Philadelphia,Median Income,bg,29555,2816,RGNN,2,0.5480287075042725,0.38135915994644165,0.3807802200317383,0.3830418288707733,0.5872475504875183,0.5544705390930176
13,Philadelphia,Median Income,bg,29555,2816,RGNN,3,0.6537009477615356,0.3563855290412903,0.2644529342651367,0.29348552227020264,0.6109538674354553,0.6586339473724365
14,Philadelphia,Median Income,bg,29555,2816,RGNN,4,0.5500177145004272,0.37618231773376465,0.32089418172836304,0.3813561201095581,0.5921616554260254,0.6080945134162903
15,Philadelphia,Median Income,bg,29555,2816,RGNN,5,0.6174829602241516,0.37558048963546753,0.29765528440475464,0.3241799473762512,0.5927330255508423,0.6289034485816956
16,Philadelphia,Median Income,bg,29555,2816,RGNN,6,0.6258926391601562,0.347331702709198,0.29686659574508667,0.31705281138420105,0.6195482611656189,0.6296096444129944
17,Philadelphia,Median Income,bg,29555,2816,RGNN,7,0.6250097751617432,0.3648899793624878,0.30245983600616455,0.31780099868774414,0.6028810143470764,0.6246012449264526
18,Philadelphia,Median Income,bg,29555,2816,RGNN,8,0.6808160543441772,0.2919614315032959,0.25868892669677734,0.2705056369304657,0.6721087098121643,0.6637951731681824
19,Philadelphia,Median Income,bg,29555,2816,RGNN,9,0.6279320120811462,0.3913228511810303,0.297973096370697,0.31532445549964905,0.5777894854545593,0.6286188364028931
20,Philadelphia,Median Income,bg,29555,2816,Feat-RGNN,0,0.502388596534729,0.3318275809288025,0.345653235912323,0.4217214584350586,0.634265661239624,0.5859243869781494
21,Philadelphia,Median Income,bg,29555,2816,Feat-RGNN,1,0.5702387094497681,0.3733062744140625,0.36178869009017944,0.3642190098762512,0.5948917865753174,0.57147616147995
22,Philadelphia,Median Income,bg,29555,2816,Feat-RGNN,2,0.5516151189804077,0.3553715944290161,0.3875007629394531,0.38000234961509705,0.6119163632392883,0.5484527349472046
23,Philadelphia,Median Income,bg,29555,2816,Feat-RGNN,3,0.5494996905326843,0.19460469484329224,0.1790388822555542,0.38179516792297363,0.7645250558853149,0.7351165413856506
24,Philadelphia,Median Income,bg,29555,2816,Feat-RGNN,4,0.5721336603164673,0.37139207124710083,0.3833894729614258,0.36261308193206787,0.5967088341712952,0.552134096622467
25,Philadelphia,Median Income,bg,29555,2816,Feat-RGNN,5,0.6439118385314941,0.3245623707771301,0.3298038840293884,0.30178168416023254,0.6411621570587158,0.600116491317749
26,Philadelphia,Median Income,bg,29555,2816,Feat-RGNN,6,0.5183384418487549,0.37022125720977783,0.34623855352401733,0.40820401906967163,0.5978202819824219,0.5854002833366394
27,Philadelphia,Median Income,bg,29555,2816,Feat-RGNN,7,0.5222922563552856,0.32535427808761597,0.3032175302505493,0.4048531949520111,0.6404104828834534,0.6239227652549744
28,Philadelphia,Median Income,bg,29555,2816,Feat-RGNN,8,0.6445705890655518,0.26978975534439087,0.24870121479034424,0.30122342705726624,0.6931552886962891,0.6727386116981506
29,Philadelphia,Median Income,bg,29555,2816,Feat-RGNN,9,0.6265317797660828,0.3544958233833313,0.3147052526473999,0.3165111243724823,0.6127477288246155,0.613636314868927
30,Philadelphia,Median Income,bg,29555,2816,Feat\&PC-RGNN,0,0.7106565237045288,0.38519561290740967,0.314441442489624,0.24521610140800476,0.5836058259010315,0.6138725280761719
31,Philadelphia,Median Income,bg,29555,2816,Feat\&PC-RGNN,1,0.6062840223312378,0.42727041244506836,0.3595772981643677,0.3336709141731262,0.5436661243438721,0.573456346988678
32,Philadelphia,Median Income,bg,29555,2816,Feat\&PC-RGNN,2,0.63592529296875,0.3752996325492859,0.2834808826446533,0.30855023860931396,0.5929995775222778,0.6415956616401672
33,Philadelphia,Median Income,bg,29555,2816,Feat\&PC-RGNN,3,0.6491774916648865,0.37358492612838745,0.290513277053833,0.29731908440589905,0.5946272611618042,0.6352986097335815
34,Philadelphia,Median Income,bg,29555,2816,Feat\&PC-RGNN,4,0.6120198965072632,0.32103049755096436,0.2760484218597412,0.32880982756614685,0.644514799118042,0.648250937461853
35,Philadelphia,Median Income,bg,29555,2816,Feat\&PC-RGNN,5,0.7349740266799927,0.254447340965271,0.2820703387260437,0.22460724413394928,0.7077191472053528,0.6428587436676025
36,Philadelphia,Median Income,bg,29555,2816,Feat\&PC-RGNN,6,0.5688154697418213,0.3070096969604492,0.35365593433380127,0.3654251992702484,0.6578240990638733,0.5787585377693176
37,Philadelphia,Median Income,bg,29555,2816,Feat\&PC-RGNN,7,0.7039117813110352,0.3740614056587219,0.31657862663269043,0.2509322166442871,0.5941749811172485,0.6119588017463684
38,Philadelphia,Median Income,bg,29555,2816,Feat\&PC-RGNN,8,0.6141308546066284,0.37821829319000244,0.2555946707725525,0.3270207941532135,0.5902290344238281,0.6665658950805664
39,Philadelphia,Median Income,bg,29555,2816,Feat\&PC-RGNN,9,0.5587735772132874,0.3669530153274536,0.3228532075881958,0.37393561005592346,0.6009226441383362,0.6063403487205505
40,Philadelphia,Median Income,bg,29555,2816,LightGCN,0,0.8003160953521729,0.3003033995628357,0.2719079256057739,0.1692304015159607,0.6641901135444641,0.6519584655761719
41,Philadelphia,Median Income,bg,29555,2816,LightGCN,1,0.7652228474617004,0.29631781578063965,0.2370796799659729,0.19897164404392242,0.6679733991622925,0.6831448674201965
42,Philadelphia,Median Income,bg,29555,2816,LightGCN,2,0.8163226246833801,0.31129300594329834,0.2705311179161072,0.15566501021385193,0.65375816822052,0.653191328048706
43,Philadelphia,Median Income,bg,29555,2816,LightGCN,3,0.8117721080780029,0.2772507071495056,0.30540406703948975,0.15952152013778687,0.6860729455947876,0.6219649314880371
44,Philadelphia,Median Income,bg,29555,2816,LightGCN,4,0.7862944602966309,0.2969357967376709,0.2956002354621887,0.181113600730896,0.6673868298530579,0.6307435631752014
45,Philadelphia,Median Income,bg,29555,2816,LightGCN,5,0.7984139919281006,0.30085545778274536,0.26509642601013184,0.17084240913391113,0.6636660695075989,0.6580577492713928
46,Philadelphia,Median Income,bg,29555,2816,LightGCN,6,0.7909324765205383,0.37349212169647217,0.282159686088562,0.17718292772769928,0.594715416431427,0.6427786946296692
47,Philadelphia,Median Income,bg,29555,2816,LightGCN,7,0.8108776807785034,0.3156442642211914,0.21061497926712036,0.1602795422077179,0.649627685546875,0.706842303276062
48,Philadelphia,Median Income,bg,29555,2816,LightGCN,8,0.7882674932479858,0.1984652876853943,0.17424029111862183,0.17944148182868958,0.7608603835105896,0.7394134402275085
49,Philadelphia,Median Income,bg,29555,2816,LightGCN,9,0.8146569728851318,0.27039146423339844,0.2003999948501587,0.1570766270160675,0.6925841569900513,0.7159891128540039
50,Philadelphia,Median Income,bg,29555,2816,Feat-LightGCN,0,0.864585816860199,0.22488558292388916,0.26925307512283325,0.11476237326860428,0.7357807755470276,0.6543357372283936
51,Philadelphia,Median Income,bg,29555,2816,Feat-LightGCN,1,0.8710925579071045,0.26758885383605957,0.2799926996231079,0.10924796015024185,0.695244550704956,0.644719123840332
52,Philadelphia,Median Income,bg,29555,2816,Feat-LightGCN,2,0.836699366569519,0.30483245849609375,0.2974050045013428,0.13839587569236755,0.65989089012146,0.6291275024414062
53,Philadelphia,Median Income,bg,29555,2816,Feat-LightGCN,3,0.8569449782371521,0.3455107808113098,0.2882195711135864,0.12123791873455048,0.6212767958641052,0.637352466583252
54,Philadelphia,Median Income,bg,29555,2816,Feat-LightGCN,4,0.8565227389335632,0.23425298929214478,0.267764151096344,0.12159574776887894,0.7268887162208557,0.6556689739227295
55,Philadelphia,Median Income,bg,29555,2816,Feat-LightGCN,5,0.8711718916893005,0.2578834891319275,0.2125263810157776,0.10918072611093521,0.7044573426246643,0.7051306962966919
56,Philadelphia,Median Income,bg,29555,2816,Feat-LightGCN,6,0.8743475079536438,0.26213639974594116,0.3208749294281006,0.106489397585392,0.7004202604293823,0.6081117391586304
57,Philadelphia,Median Income,bg,29555,2816,Feat-LightGCN,7,0.8971678614616394,0.3028997778892517,0.2578509449958801,0.08714936673641205,0.6617255210876465,0.6645455956459045
58,Philadelphia,Median Income,bg,29555,2816,Feat-LightGCN,8,0.8415704965591431,0.20111316442489624,0.26411646604537964,0.1342676430940628,0.7583468556404114,0.6589352488517761
59,Philadelphia,Median Income,bg,29555,2816,Feat-LightGCN,9,0.8447760343551636,0.25446200370788574,0.24926960468292236,0.13155098259449005,0.7077052593231201,0.6722296476364136
60,Philadelphia,Median Income,bg,29555,2816,Feat\&PC-LightGCN,0,0.9057040810585022,0.27109426259994507,0.196647047996521,0.07991497963666916,0.6919169425964355,0.7193496227264404
61,Philadelphia,Median Income,bg,29555,2816,Feat\&PC-LightGCN,1,0.9031499624252319,0.2539600729942322,0.17814821004867554,0.08207960426807404,0.7081816792488098,0.7359141111373901
62,Philadelphia,Median Income,bg,29555,2816,Feat\&PC-LightGCN,2,0.9010758399963379,0.24336719512939453,0.20679759979248047,0.08383740484714508,0.718237042427063,0.7102605104446411
63,Philadelphia,Median Income,bg,29555,2816,Feat\&PC-LightGCN,3,0.9194658994674683,0.32607728242874146,0.29758650064468384,0.06825195252895355,0.6397241353988647,0.6289650201797485
64,Philadelphia,Median Income,bg,29555,2816,Feat\&PC-LightGCN,4,0.9165425896644592,0.29235541820526123,0.3222038149833679,0.07072946429252625,0.6717347502708435,0.6069218516349792
65,Philadelphia,Median Income,bg,29555,2816,Feat\&PC-LightGCN,5,0.9025396108627319,0.30967438220977783,0.2947230339050293,0.08259686082601547,0.65529465675354,0.6315290331840515
66,Philadelphia,Median Income,bg,29555,2816,Feat\&PC-LightGCN,6,0.9042164087295532,0.32672667503356934,0.25196826457977295,0.0811757743358612,0.6391077041625977,0.6698130965232849
67,Philadelphia,Median Income,bg,29555,2816,Feat\&PC-LightGCN,7,0.922196626663208,0.2653965353965759,0.20001715421676636,0.06593771278858185,0.697325587272644,0.7163318991661072
68,Philadelphia,Median Income,bg,29555,2816,Feat\&PC-LightGCN,8,0.9164327383041382,0.28782957792282104,0.2268749475479126,0.07082253694534302,0.6760309338569641,0.6922825574874878
69,Philadelphia,Median Income,bg,29555,2816,Feat\&PC-LightGCN,9,0.8275614976882935,0.2732599973678589,0.32823145389556885,0.1461401879787445,0.6898611783981323,0.6015244722366333
70,Philadelphia,Median Income,bg,29555,2816,NoPreTrain,0,0.9417847394943237,-0.9087772369384766,-0.7793775796890259,0.049336932599544525,1.8119152784347534,1.5933153629302979
71,Philadelphia,Median Income,bg,29555,2816,NoPreTrain,1,0.9741812944412231,-0.7186846733093262,-0.7437020540237427,0.021881112828850746,1.6314690113067627,1.5613702535629272
72,Philadelphia,Median Income,bg,29555,2816,NoPreTrain,2,0.8498844504356384,-0.6191304922103882,-0.4607973098754883,0.12722164392471313,1.5369668006896973,1.3080477714538574
73,Philadelphia,Median Income,bg,29555,2816,NoPreTrain,3,0.9943353533744812,0.04239809513092041,-0.06566250324249268,0.004800751339644194,0.9090078473091125,0.954230546951294
74,Philadelphia,Median Income,bg,29555,2816,NoPreTrain,4,0.9764225482940674,-0.5663930177688599,-0.3254603147506714,0.019981686025857925,1.486905574798584,1.1868623495101929
75,Philadelphia,Median Income,bg,29555,2816,NoPreTrain,5,0.911706268787384,-1.167445421218872,-1.1377747058868408,0.07482817769050598,2.057457208633423,1.914236307144165
76,Philadelphia,Median Income,bg,29555,2816,NoPreTrain,6,0.9422993063926697,-1.0801262855529785,-0.9905149936676025,0.04890086129307747,1.9745690822601318,1.7823750972747803
77,Philadelphia,Median Income,bg,29555,2816,NoPreTrain,7,0.9663243889808655,-0.6451984643936157,-1.0055949687957764,0.028539802879095078,1.5617119073867798,1.7958780527114868
78,Philadelphia,Median Income,bg,29555,2816,NoPreTrain,8,0.9451336860656738,-0.855893611907959,-0.9693154096603394,0.04649873822927475,1.7617151737213135,1.7633922100067139
79,Philadelphia,Median Income,bg,29555,2816,NoPreTrain,9,0.8303729891777039,-0.6521352529525757,-0.5859588384628296,0.14375744760036469,1.5682966709136963,1.420121669769287
80,Philadelphia,Median Home Value,bg,29566,2836,Emb,0,0.9431337714195251,0.1664993166923523,0.21742135286331177,0.042451340705156326,0.670892596244812,0.5755924582481384
81,Philadelphia,Median Home Value,bg,29566,2836,Emb,1,0.9728420376777649,0.22505193948745728,0.23127174377441406,0.020273752510547638,0.6237630248069763,0.5654054284095764
82,Philadelphia,Median Home Value,bg,29566,2836,Emb,2,0.9680390357971191,0.20027363300323486,0.260026752948761,0.023859286680817604,0.6437073349952698,0.5442558526992798
83,Philadelphia,Median Home Value,bg,29566,2836,Emb,3,0.9557034969329834,0.26243042945861816,0.27448558807373047,0.033067915588617325,0.593676745891571,0.5336213111877441
84,Philadelphia,Median Home Value,bg,29566,2836,Emb,4,0.9690638184547424,0.15174853801727295,0.2184733748435974,0.02309425175189972,0.6827656030654907,0.5748186707496643
85,Philadelphia,Median Home Value,bg,29566,2836,Emb,5,0.9622577428817749,0.2850179076194763,0.23895126581192017,0.028175074607133865,0.5754958391189575,0.5597569942474365
86,Philadelphia,Median Home Value,bg,29566,2836,Emb,6,0.9678339958190918,0.18482935428619385,0.19869554042816162,0.024012310430407524,0.6561385989189148,0.5893654227256775
87,Philadelphia,Median Home Value,bg,29566,2836,Emb,7,0.9685778617858887,0.17160022258758545,0.192518949508667,0.02345702424645424,0.666786789894104,0.5939083099365234
88,Philadelphia,Median Home Value,bg,29566,2836,Emb,8,0.9148212671279907,0.266981303691864,0.20275461673736572,0.06358703225851059,0.5900136828422546,0.5863799452781677
89,Philadelphia,Median Home Value,bg,29566,2836,Emb,9,0.9515085816383362,0.2753332257270813,0.24845373630523682,0.03619946911931038,0.5832911133766174,0.5527678728103638
90,Philadelphia,Median Home Value,bg,29566,2836,RGNN,0,0.7396697998046875,0.4709637761116028,0.5051387548446655,0.1943398118019104,0.4258262515068054,0.3639741539955139
91,Philadelphia,Median Home Value,bg,29566,2836,RGNN,1,0.800123929977417,0.503393292427063,0.5375495553016663,0.14921003580093384,0.3997234106063843,0.34013575315475464
92,Philadelphia,Median Home Value,bg,29566,2836,RGNN,2,0.7320969700813293,0.5048909187316895,0.5571773052215576,0.19999301433563232,0.3985179662704468,0.3256993889808655
93,Philadelphia,Median Home Value,bg,29566,2836,RGNN,3,0.7236365079879761,0.5071637630462646,0.5599350333213806,0.20630885660648346,0.3966885805130005,0.3236710727214813
94,Philadelphia,Median Home Value,bg,29566,2836,RGNN,4,0.6710187196731567,0.516308069229126,0.5290879011154175,0.2455887347459793,0.3893282413482666,0.34635937213897705
95,Philadelphia,Median Home Value,bg,29566,2836,RGNN,5,0.6847177743911743,0.47185570001602173,0.5302702784538269,0.2353621870279312,0.4251083433628082,0.3454897105693817
96,Philadelphia,Median Home Value,bg,29566,2836,RGNN,6,0.7175522446632385,0.49677157402038574,0.5439640283584595,0.21085084974765778,0.4050532877445221,0.33541783690452576
97,Philadelphia,Median Home Value,bg,29566,2836,RGNN,7,0.7546270489692688,0.5142971277236938,0.5295958518981934,0.1831740140914917,0.3909468650817871,0.3459857702255249
98,Philadelphia,Median Home Value,bg,29566,2836,RGNN,8,0.8380839824676514,0.5403190851211548,0.4786749482154846,0.1208723783493042,0.37000152468681335,0.38343849778175354
99,Philadelphia,Median Home Value,bg,29566,2836,RGNN,9,0.7485377788543701,0.48218834400177,0.539423942565918,0.18771974742412567,0.41679149866104126,0.33875715732574463
100,Philadelphia,Median Home Value,bg,29566,2836,Feat-RGNN,0,0.7897441387176514,0.5183199644088745,0.5269490480422974,0.156958669424057,0.387708842754364,0.34793248772621155
101,Philadelphia,Median Home Value,bg,29566,2836,Feat-RGNN,1,0.7708428502082825,0.5082347989082336,0.5045031309127808,0.1710687279701233,0.39582645893096924,0.3644416630268097
102,Philadelphia,Median Home Value,bg,29566,2836,Feat-RGNN,2,0.7678108811378479,0.5452957153320312,0.5567812919616699,0.1733321249485016,0.36599576473236084,0.3259907066822052
103,Philadelphia,Median Home Value,bg,29566,2836,Feat-RGNN,3,0.7840506434440613,0.5397666096687317,0.5212447643280029,0.16120895743370056,0.37044620513916016,0.3521280288696289
104,Philadelphia,Median Home Value,bg,29566,2836,Feat-RGNN,4,0.7786498069763184,0.5193188190460205,0.531667947769165,0.16524074971675873,0.3869048058986664,0.34446173906326294
105,Philadelphia,Median Home Value,bg,29566,2836,Feat-RGNN,5,0.7541795372962952,0.5139831304550171,0.510233998298645,0.18350809812545776,0.39119961857795715,0.3602266013622284
106,Philadelphia,Median Home Value,bg,29566,2836,Feat-RGNN,6,0.8093394637107849,0.5365840792655945,0.4966430068016052,0.14233052730560303,0.3730078637599945,0.3702228367328644
107,Philadelphia,Median Home Value,bg,29566,2836,Feat-RGNN,7,0.8390949964523315,0.5198562145233154,0.5002145171165466,0.12011763453483582,0.38647225499153137,0.36759597063064575
108,Philadelphia,Median Home Value,bg,29566,2836,Feat-RGNN,8,0.8118776679039001,0.5248735547065735,0.48520374298095703,0.14043571054935455,0.38243377208709717,0.3786364793777466
109,Philadelphia,Median Home Value,bg,29566,2836,Feat-RGNN,9,0.7442835569381714,0.46380430459976196,0.4377875328063965,0.19089557230472565,0.4315889775753021,0.4135114550590515
110,Philadelphia,Median Home Value,bg,29566,2836,Feat\&PC-RGNN,0,0.7618527412414551,0.5579614639282227,0.5462534427642822,0.1777799278497696,0.355800986289978,0.3337339758872986
111,Philadelphia,Median Home Value,bg,29566,2836,Feat\&PC-RGNN,1,0.8080376982688904,0.5426293015480042,0.5533370971679688,0.1433023065328598,0.3681420087814331,0.3285239040851593
112,Philadelphia,Median Home Value,bg,29566,2836,Feat\&PC-RGNN,2,0.7569753527641296,0.5836393237113953,0.5612725615501404,0.18142099678516388,0.3351326584815979,0.3226872980594635
113,Philadelphia,Median Home Value,bg,29566,2836,Feat\&PC-RGNN,3,0.8604793548583984,0.545806884765625,0.5385985374450684,0.10415393114089966,0.3655843436717987,0.339364230632782
114,Philadelphia,Median Home Value,bg,29566,2836,Feat\&PC-RGNN,4,0.7630054354667664,0.5278313159942627,0.5486395359039307,0.17691944539546967,0.38005301356315613,0.331978976726532
115,Philadelphia,Median Home Value,bg,29566,2836,Feat\&PC-RGNN,5,0.8332046270370483,0.534386396408081,0.5421141386032104,0.12451484799385071,0.37477681040763855,0.3367784917354584
116,Philadelphia,Median Home Value,bg,29566,2836,Feat\&PC-RGNN,6,0.884013295173645,0.5460943579673767,0.509392499923706,0.08658553659915924,0.36535295844078064,0.3608454465866089
117,Philadelphia,Median Home Value,bg,29566,2836,Feat\&PC-RGNN,7,0.8067077398300171,0.515307605266571,0.5440689325332642,0.14429514110088348,0.39013350009918213,0.3353407382965088
118,Philadelphia,Median Home Value,bg,29566,2836,Feat\&PC-RGNN,8,0.8263497948646545,0.5426863431930542,0.5416977405548096,0.1296321004629135,0.36809608340263367,0.33708474040031433
119,Philadelphia,Median Home Value,bg,29566,2836,Feat\&PC-RGNN,9,0.8484617471694946,0.5519915819168091,0.5187660455703735,0.11312523484230042,0.36060619354248047,0.3539511561393738
120,Philadelphia,Median Home Value,bg,29566,2836,LightGCN,0,0.8787475824356079,0.4909668564796448,0.5671767592430115,0.09051647037267685,0.4097256064414978,0.31834474205970764
121,Philadelphia,Median Home Value,bg,29566,2836,LightGCN,1,0.8735755681991577,0.47331899404525757,0.5734207630157471,0.09437742829322815,0.4239305555820465,0.3137522041797638
122,Philadelphia,Median Home Value,bg,29566,2836,LightGCN,2,0.8801757097244263,0.526801347732544,0.6100027561187744,0.08945037424564362,0.3808820843696594,0.2868458926677704
123,Philadelphia,Median Home Value,bg,29566,2836,LightGCN,3,0.8786691427230835,0.5185787677764893,0.5656486749649048,0.09057503193616867,0.387500524520874,0.3194686472415924
124,Philadelphia,Median Home Value,bg,29566,2836,LightGCN,4,0.9103177785873413,0.46636492013931274,0.5101425051689148,0.06694893538951874,0.4295279383659363,0.3602938652038574
125,Philadelphia,Median Home Value,bg,29566,2836,LightGCN,5,0.8953089714050293,0.4636104702949524,0.577118992805481,0.07815318554639816,0.4317450225353241,0.31103217601776123
126,Philadelphia,Median Home Value,bg,29566,2836,LightGCN,6,0.8859500885009766,0.5075521469116211,0.5712867975234985,0.085139699280262,0.3963759243488312,0.31532174348831177
127,Philadelphia,Median Home Value,bg,29566,2836,LightGCN,7,0.8807954788208008,0.5611007213592529,0.5619820356369019,0.08898767083883286,0.3532741665840149,0.32216548919677734
128,Philadelphia,Median Home Value,bg,29566,2836,LightGCN,8,0.8853352665901184,0.5106528997421265,0.5585191249847412,0.08559869229793549,0.39388009905815125,0.32471251487731934
129,Philadelphia,Median Home Value,bg,29566,2836,LightGCN,9,0.875190258026123,0.500154972076416,0.5941137671470642,0.09317204356193542,0.4023299813270569,0.2985323369503021
130,Philadelphia,Median Home Value,bg,29566,2836,Feat-LightGCN,0,0.9380236268043518,0.5330226421356201,0.5308318138122559,0.046266138553619385,0.37587451934814453,0.34507668018341064
131,Philadelphia,Median Home Value,bg,29566,2836,Feat-LightGCN,1,0.9090368747711182,0.5549838542938232,0.5513750314712524,0.06790514290332794,0.35819771885871887,0.32996702194213867
132,Philadelphia,Median Home Value,bg,29566,2836,Feat-LightGCN,2,0.9244314432144165,0.5551145076751709,0.5555036067962646,0.05641290172934532,0.3580925464630127,0.3269304037094116
133,Philadelphia,Median Home Value,bg,29566,2836,Feat-LightGCN,3,0.9106013774871826,0.5166701078414917,0.5534274578094482,0.06673718243837357,0.38903680443763733,0.32845741510391235
134,Philadelphia,Median Home Value,bg,29566,2836,Feat-LightGCN,4,0.9338135719299316,0.5033848285675049,0.5355280041694641,0.04940899834036827,0.39973020553588867,0.34162262082099915
135,Philadelphia,Median Home Value,bg,29566,2836,Feat-LightGCN,5,0.888648509979248,0.5241010189056396,0.5520437359809875,0.08312530070543289,0.3830556273460388,0.32947519421577454
136,Philadelphia,Median Home Value,bg,29566,2836,Feat-LightGCN,6,0.9209540486335754,0.4765639305114746,0.4650852084159851,0.05900879576802254,0.4213186204433441,0.3934338390827179
137,Philadelphia,Median Home Value,bg,29566,2836,Feat-LightGCN,7,0.928469181060791,0.5333532691001892,0.581377387046814,0.05339866504073143,0.3756083548069,0.3079000413417816
138,Philadelphia,Median Home Value,bg,29566,2836,Feat-LightGCN,8,0.9561140537261963,0.480135440826416,0.5125546455383301,0.032761428505182266,0.4184439182281494,0.35851970314979553
139,Philadelphia,Median Home Value,bg,29566,2836,Feat-LightGCN,9,0.9470124840736389,0.5231056213378906,0.5146411657333374,0.03955583646893501,0.38385680317878723,0.35698506236076355
140,Philadelphia,Median Home Value,bg,29566,2836,Feat\&PC-LightGCN,0,0.965406596660614,0.5755215287208557,0.574242115020752,0.025824422016739845,0.34166672825813293,0.3131481111049652
141,Philadelphia,Median Home Value,bg,29566,2836,Feat\&PC-LightGCN,1,0.965515673160553,0.5906354188919067,0.5784704685211182,0.025742975994944572,0.3295014202594757,0.31003811955451965
142,Philadelphia,Median Home Value,bg,29566,2836,Feat\&PC-LightGCN,2,0.9490350484848022,0.6238536834716797,0.5676988363265991,0.03804600238800049,0.30276376008987427,0.3179607689380646
143,Philadelphia,Median Home Value,bg,29566,2836,Feat\&PC-LightGCN,3,0.966347336769104,0.5839115381240845,0.5964405536651611,0.025122156366705894,0.3349135220050812,0.2968209683895111
144,Philadelphia,Median Home Value,bg,29566,2836,Feat\&PC-LightGCN,4,0.944026529788971,0.5715454816818237,0.5197081565856934,0.041784897446632385,0.34486711025238037,0.35325825214385986
145,Philadelphia,Median Home Value,bg,29566,2836,Feat\&PC-LightGCN,5,0.8611215353012085,0.5403748750686646,0.48451370000839233,0.10367453098297119,0.3699566423892975,0.3791440427303314
146,Philadelphia,Median Home Value,bg,29566,2836,Feat\&PC-LightGCN,6,0.9559730291366577,0.5535951852798462,0.5809729695320129,0.03286667540669441,0.3593154847621918,0.3081974983215332
147,Philadelphia,Median Home Value,bg,29566,2836,Feat\&PC-LightGCN,7,0.9628249406814575,0.5855307579040527,0.5772628784179688,0.027751639485359192,0.33361026644706726,0.31092628836631775
148,Philadelphia,Median Home Value,bg,29566,2836,Feat\&PC-LightGCN,8,0.9506484866142273,0.5360876321792603,0.5126324892044067,0.03684152662754059,0.37340742349624634,0.3584624230861664
149,Philadelphia,Median Home Value,bg,29566,2836,Feat\&PC-LightGCN,9,0.9619324207305908,0.5865322351455688,0.5118066072463989,0.028417933732271194,0.3328041136264801,0.3590698838233948
150,Philadelphia,Median Home Value,bg,29566,2836,NoPreTrain,0,0.9836995601654053,-0.7915507555007935,-0.6895803213119507,0.012168505229055882,1.4420361518859863,1.2426990270614624
151,Philadelphia,Median Home Value,bg,29566,2836,NoPreTrain,1,0.8852639198303223,0.4393855929374695,0.45817363262176514,0.08565196394920349,0.4512438476085663,0.39851734042167664
152,Philadelphia,Median Home Value,bg,29566,2836,NoPreTrain,2,0.9767649173736572,-1.0203099250793457,-0.9623399972915649,0.017345307394862175,1.6261667013168335,1.4433157444000244
153,Philadelphia,Median Home Value,bg,29566,2836,NoPreTrain,3,0.9450371861457825,-0.945111870765686,-1.1143100261688232,0.04103042185306549,1.5656388998031616,1.5550907850265503
154,Philadelphia,Median Home Value,bg,29566,2836,NoPreTrain,4,0.9793492555618286,-0.5105533599853516,-0.8319278955459595,0.01541606429964304,1.2158586978912354,1.3473966121673584
155,Philadelphia,Median Home Value,bg,29566,2836,NoPreTrain,5,0.9687621593475342,-0.784538745880127,-0.7493691444396973,0.023319443687796593,1.436392068862915,1.2866740226745605
156,Philadelphia,Median Home Value,bg,29566,2836,NoPreTrain,6,0.9824926257133484,-0.7352890968322754,-0.928629994392395,0.013069460168480873,1.396750569343567,1.4185218811035156
157,Philadelphia,Median Home Value,bg,29566,2836,NoPreTrain,7,0.9946910738945007,0.0936322808265686,0.11497938632965088,0.003963165450841188,0.7295439839363098,0.6509392857551575
158,Philadelphia,Median Home Value,bg,29566,2836,NoPreTrain,8,0.9890597462654114,-0.7856770753860474,-0.9027284383773804,0.008167026564478874,1.437308430671692,1.3994710445404053
159,Philadelphia,Median Home Value,bg,29566,2836,NoPreTrain,9,0.9579265117645264,-0.5573239326477051,-0.8126344680786133,0.03140838444232941,1.253504753112793,1.3332061767578125
160,Philadelphia,Commute Time,bg,9693,782,Emb,0,0.9765247702598572,-1.050060510635376,-0.39701151847839355,0.017377329990267754,1.3933517932891846,1.6001347303390503
161,Philadelphia,Commute Time,bg,9693,782,Emb,1,0.9881422519683838,-1.0608019828796387,-0.5607835054397583,0.008777592331171036,1.4006524085998535,1.7877188920974731
162,Philadelphia,Commute Time,bg,9693,782,Emb,2,0.993433952331543,-1.361377239227295,-0.6489843130111694,0.004860458429902792,1.6049425601959229,1.8887439966201782
163,Philadelphia,Commute Time,bg,9693,782,Emb,3,0.969906747341156,-0.8768570423126221,-0.40654456615448,0.022276276722550392,1.2756316661834717,1.6110538244247437
164,Philadelphia,Commute Time,bg,9693,782,Emb,4,0.9848556518554688,-1.1635913848876953,-0.27881646156311035,0.01121046207845211,1.4705146551132202,1.464754343032837
165,Philadelphia,Commute Time,bg,9693,782,Emb,5,0.9714714288711548,-0.984697699546814,-0.41105639934539795,0.021118056029081345,1.3489270210266113,1.6162216663360596
166,Philadelphia,Commute Time,bg,9693,782,Emb,6,0.9987415671348572,-0.9274486303329468,-0.3695857524871826,0.0009315402712672949,1.3100168704986572,1.5687212944030762
167,Philadelphia,Commute Time,bg,9693,782,Emb,7,0.9989935159683228,-0.9125378131866455,-0.3470667600631714,0.0007450449047610164,1.2998825311660767,1.5429280996322632
168,Philadelphia,Commute Time,bg,9693,782,Emb,8,0.9908480048179626,-1.4633584022521973,-0.5798848867416382,0.0067747049033641815,1.67425537109375,1.8095974922180176
169,Philadelphia,Commute Time,bg,9693,782,Emb,9,0.9984090924263,-0.8616418838500977,-0.3778592348098755,0.0011776619357988238,1.2652904987335205,1.578197717666626
170,Philadelphia,Commute Time,bg,9693,782,RGNN,0,0.7907602190971375,-0.4757120609283447,-0.22661817073822021,0.15488800406455994,1.0029879808425903,1.4049664735794067
171,Philadelphia,Commute Time,bg,9693,782,RGNN,1,0.5765537023544312,-0.45831990242004395,-0.14939594268798828,0.3134525716304779,0.9911671280860901,1.3165162801742554
172,Philadelphia,Commute Time,bg,9693,782,RGNN,2,0.6191815137863159,-0.49824249744415283,-0.1974167823791504,0.2818976938724518,1.018301010131836,1.3715192079544067
173,Philadelphia,Commute Time,bg,9693,782,RGNN,3,0.7281376123428345,-0.5246590375900269,-0.4346315860748291,0.20124389231204987,1.0362554788589478,1.6432245969772339
174,Philadelphia,Commute Time,bg,9693,782,RGNN,4,0.6844956874847412,-0.49261343479156494,-0.31059765815734863,0.23354941606521606,1.0144752264022827,1.5011563301086426
175,Philadelphia,Commute Time,bg,9693,782,RGNN,5,0.764193058013916,-0.5513652563095093,-0.36224496364593506,0.17455413937568665,1.0544066429138184,1.5603132247924805
176,Philadelphia,Commute Time,bg,9693,782,RGNN,6,0.7233399152755737,-0.5297435522079468,-0.1528257131576538,0.20479533076286316,1.0397112369537354,1.3204447031021118
177,Philadelphia,Commute Time,bg,9693,782,RGNN,7,0.7540817260742188,-0.7739055156707764,-0.35060417652130127,0.18203893303871155,1.20565927028656,1.5469799041748047
178,Philadelphia,Commute Time,bg,9693,782,RGNN,8,0.7451882362365723,-0.5082141160964966,-0.29870283603668213,0.18862228095531464,1.0250784158706665,1.487532138824463
179,Philadelphia,Commute Time,bg,9693,782,RGNN,9,0.5292016267776489,-0.4446221590042114,-0.12357354164123535,0.34850460290908813,0.9818572998046875,1.286939263343811
180,Philadelphia,Commute Time,bg,9693,782,Feat-RGNN,0,0.805663526058197,-0.7888994216918945,-0.2825583219528198,0.1438559591770172,1.2158499956130981,1.4690401554107666
181,Philadelphia,Commute Time,bg,9693,782,Feat-RGNN,1,0.5732885599136353,-0.2411438226699829,-0.11502552032470703,0.3158695697784424,0.8435604572296143,1.2771483659744263
182,Philadelphia,Commute Time,bg,9693,782,Feat-RGNN,2,0.7298374772071838,-0.36684226989746094,-0.24455273151397705,0.1999855637550354,0.9289931058883667,1.425508737564087
183,Philadelphia,Commute Time,bg,9693,782,Feat-RGNN,3,0.7962404489517212,-0.6955195665359497,-0.29226768016815186,0.15083129703998566,1.1523832082748413,1.480161190032959
184,Philadelphia,Commute Time,bg,9693,782,Feat-RGNN,4,0.6172341108322144,-0.4698824882507324,-0.3728216886520386,0.283339262008667,0.9990257620811462,1.572427749633789
185,Philadelphia,Commute Time,bg,9693,782,Feat-RGNN,5,0.5432010889053345,-0.16481554508209229,-0.13347339630126953,0.3381415903568268,0.7916828989982605,1.298278570175171
186,Philadelphia,Commute Time,bg,9693,782,Feat-RGNN,6,0.7499078512191772,-0.32797741889953613,-0.09916460514068604,0.18512865900993347,0.9025781154632568,1.2589813470840454
187,Philadelphia,Commute Time,bg,9693,782,Feat-RGNN,7,0.7926790714263916,-0.45313405990600586,-0.42582154273986816,0.15346761047840118,0.9876425266265869,1.6331336498260498
188,Philadelphia,Commute Time,bg,9693,782,Feat-RGNN,8,0.6351556181907654,-0.2783088684082031,-0.13703572750091553,0.2700730264186859,0.8688201904296875,1.302358865737915
189,Philadelphia,Commute Time,bg,9693,782,Feat-RGNN,9,0.7647373676300049,-0.39491283893585205,-0.2998851537704468,0.1741512268781662,0.9480717182159424,1.4888863563537598
190,Philadelphia,Commute Time,bg,9693,782,Feat\&PC-RGNN,0,0.7816405892372131,-0.939134955406189,-0.5279386043548584,0.16163872182369232,1.3179596662521362,1.7500983476638794
191,Philadelphia,Commute Time,bg,9693,782,Feat\&PC-RGNN,1,0.5066728591918945,-0.15932631492614746,-0.09399998188018799,0.3651812672615051,0.7879520058631897,1.2530657052993774
192,Philadelphia,Commute Time,bg,9693,782,Feat\&PC-RGNN,2,0.49541598558425903,-0.3749234676361084,-0.12360036373138428,0.3735141158103943,0.9344856142997742,1.2869700193405151
193,Philadelphia,Commute Time,bg,9693,782,Feat\&PC-RGNN,3,0.6293318271636963,-0.4942861795425415,-0.4065505266189575,0.2743839919567108,1.0156121253967285,1.611060619354248
194,Philadelphia,Commute Time,bg,9693,782,Feat\&PC-RGNN,4,0.8015091419219971,-0.7295941114425659,-0.46284937858581543,0.14693118631839752,1.1755423545837402,1.6755452156066895
195,Philadelphia,Commute Time,bg,9693,782,Feat\&PC-RGNN,5,0.6255226731300354,-0.36568009853363037,-0.19638276100158691,0.2772037088871002,0.9282031655311584,1.3703348636627197
196,Philadelphia,Commute Time,bg,9693,782,Feat\&PC-RGNN,6,0.773749589920044,-1.1161913871765137,-0.5537755489349365,0.1674799770116806,1.4382985830307007,1.7796920537948608
197,Philadelphia,Commute Time,bg,9693,782,Feat\&PC-RGNN,7,0.7255901098251343,-0.5961846113204956,-0.36774468421936035,0.2031296193599701,1.0848687887191772,1.5666124820709229
198,Philadelphia,Commute Time,bg,9693,782,Feat\&PC-RGNN,8,0.783711850643158,-0.6686183214187622,-0.36300647258758545,0.16010549664497375,1.1340993642807007,1.561185359954834
199,Philadelphia,Commute Time,bg,9693,782,Feat\&PC-RGNN,9,0.7467048168182373,-0.8819414377212524,-0.41527724266052246,0.18749967217445374,1.2790873050689697,1.6210561990737915
200,Philadelphia,Commute Time,bg,9693,782,LightGCN,0,0.9390264749526978,-0.3573942184448242,-0.37208521366119385,0.04513515904545784,0.92257159948349,1.5715841054916382
201,Philadelphia,Commute Time,bg,9693,782,LightGCN,1,0.9295258522033691,-0.5816650390625,-0.44241487979888916,0.05216788500547409,1.0750004053115845,1.652139663696289
202,Philadelphia,Commute Time,bg,9693,782,LightGCN,2,0.924557089805603,-0.5354361534118652,-0.4095824956893921,0.055845972150564194,1.0435802936553955,1.614533543586731
203,Philadelphia,Commute Time,bg,9693,782,LightGCN,3,0.9564464092254639,-0.6747982501983643,-0.4698137044906616,0.03224017471075058,1.138299584388733,1.6835222244262695
204,Philadelphia,Commute Time,bg,9693,782,LightGCN,4,0.9502988457679749,-0.2790699005126953,-0.42024171352386475,0.0367908738553524,0.8693374395370483,1.6267426013946533
205,Philadelphia,Commute Time,bg,9693,782,LightGCN,5,0.9726793766021729,-0.591641902923584,-0.2535208463668823,0.020223848521709442,1.081781268119812,1.4357807636260986
206,Philadelphia,Commute Time,bg,9693,782,LightGCN,6,0.9809941053390503,-0.492777943611145,-0.38492000102996826,0.014068962074816227,1.0145870447158813,1.58628511428833
207,Philadelphia,Commute Time,bg,9693,782,LightGCN,7,0.9698008298873901,-0.4335324764251709,-0.38588666915893555,0.02235468663275242,0.9743200540542603,1.5873923301696777
208,Philadelphia,Commute Time,bg,9693,782,LightGCN,8,0.9609033465385437,-0.5227493047714233,-0.3078054189682007,0.028940964490175247,1.0349575281143188,1.4979581832885742
209,Philadelphia,Commute Time,bg,9693,782,LightGCN,9,0.9300910234451294,-0.4395115375518799,-0.23360693454742432,0.051749542355537415,0.9783837795257568,1.4129714965820312
210,Philadelphia,Commute Time,bg,9693,782,Feat-LightGCN,0,0.9846208691596985,-0.5243364572525024,-0.5570797920227051,0.011384288780391216,1.0360361337661743,1.7834765911102295
211,Philadelphia,Commute Time,bg,9693,782,Feat-LightGCN,1,0.9874259829521179,-0.5148255825042725,-0.44298458099365234,0.009307815693318844,1.0295720100402832,1.65279221534729
212,Philadelphia,Commute Time,bg,9693,782,Feat-LightGCN,2,0.9771941304206848,-0.4419440031051636,-0.5695309638977051,0.016881855204701424,0.9800370335578918,1.7977381944656372
213,Philadelphia,Commute Time,bg,9693,782,Feat-LightGCN,3,0.9931600093841553,-0.6729378700256348,-0.4851112365722656,0.005063224118202925,1.1370351314544678,1.701043963432312
214,Philadelphia,Commute Time,bg,9693,782,Feat-LightGCN,4,0.9934457540512085,-0.6539080142974854,-0.3956416845321655,0.004851740784943104,1.1241012811660767,1.598565697669983
215,Philadelphia,Commute Time,bg,9693,782,Feat-LightGCN,5,0.9738115668296814,-0.3173243999481201,-0.3337453603744507,0.019385771825909615,0.8953376412391663,1.5276696681976318
216,Philadelphia,Commute Time,bg,9693,782,Feat-LightGCN,6,0.986291766166687,-0.37690269947052,-0.34452974796295166,0.010147393681108952,0.93583083152771,1.5400221347808838
217,Philadelphia,Commute Time,bg,9693,782,Feat-LightGCN,7,0.9941005110740662,-0.5895092487335205,-0.5202066898345947,0.004367061425000429,1.080331802368164,1.7412422895431519
218,Philadelphia,Commute Time,bg,9693,782,Feat-LightGCN,8,0.988025426864624,-0.7619901895523071,-0.5117263793945312,0.008864076808094978,1.1975607872009277,1.731528878211975
219,Philadelphia,Commute Time,bg,9693,782,Feat-LightGCN,9,0.9863283634185791,-0.6033145189285278,-0.35176539421081543,0.010120321065187454,1.089714765548706,1.5483099222183228
220,Philadelphia,Commute Time,bg,9693,782,Feat\&PC-LightGCN,0,0.9975816607475281,-0.6018191576004028,-0.18770766258239746,0.0017901381943374872,1.088698387145996,1.3603984117507935
221,Philadelphia,Commute Time,bg,9693,782,Feat\&PC-LightGCN,1,0.9926236271858215,-0.7018779516220093,-0.3939632177352905,0.005460310261696577,1.1567047834396362,1.596643090248108
222,Philadelphia,Commute Time,bg,9693,782,Feat\&PC-LightGCN,2,0.981680154800415,-0.710539698600769,-0.45158469676971436,0.013561123050749302,1.162591814994812,1.6626427173614502
223,Philadelphia,Commute Time,bg,9693,782,Feat\&PC-LightGCN,3,0.9942014813423157,-0.7337774038314819,-0.3781239986419678,0.0042923144064843655,1.178385615348816,1.5785009860992432
224,Philadelphia,Commute Time,bg,9693,782,Feat\&PC-LightGCN,4,0.9900583028793335,-0.7375919818878174,-0.37864482402801514,0.007359270006418228,1.1809781789779663,1.5790976285934448
225,Philadelphia,Commute Time,bg,9693,782,Feat\&PC-LightGCN,5,0.9920535087585449,-0.5761129856109619,-0.23417484760284424,0.005882339086383581,1.0712268352508545,1.4136217832565308
226,Philadelphia,Commute Time,bg,9693,782,Feat\&PC-LightGCN,6,0.9967873096466064,-0.6385475397109985,-0.6143206357955933,0.002378188306465745,1.1136614084243774,1.8490402698516846
227,Philadelphia,Commute Time,bg,9693,782,Feat\&PC-LightGCN,7,0.9963182806968689,-0.6663910150527954,-0.4615793228149414,0.002725355327129364,1.1325855255126953,1.6740905046463013
228,Philadelphia,Commute Time,bg,9693,782,Feat\&PC-LightGCN,8,0.9970975518226624,-0.8110296726226807,-0.41075563430786133,0.002148533007130027,1.230891227722168,1.6158771514892578
229,Philadelphia,Commute Time,bg,9693,782,Feat\&PC-LightGCN,9,0.9968947172164917,-0.5743324756622314,-0.5095995664596558,0.0022986442781984806,1.0700167417526245,1.7290929555892944
230,Philadelphia,Commute Time,bg,9693,782,NoPreTrain,0,0.9811258316040039,-0.6850564479827881,-0.3533085584640503,0.013971434906125069,1.1452717781066895,1.5500774383544922
231,Philadelphia,Commute Time,bg,9693,782,NoPreTrain,1,0.9885833263397217,-0.7516796588897705,-0.17717647552490234,0.008451112546026707,1.190553069114685,1.3483359813690186
232,Philadelphia,Commute Time,bg,9693,782,NoPreTrain,2,0.9759519100189209,-0.7403908967971802,-0.23580634593963623,0.017801398411393166,1.1828806400299072,1.4154906272888184
233,Philadelphia,Commute Time,bg,9693,782,NoPreTrain,3,0.9896921515464783,-0.8530815839767456,-0.4068061113357544,0.007630299311131239,1.259472370147705,1.6113533973693848
234,Philadelphia,Commute Time,bg,9693,782,NoPreTrain,4,0.9884301424026489,-0.7502157688140869,-0.5741084814071655,0.008564493618905544,1.1895581483840942,1.8029812574386597
235,Philadelphia,Commute Time,bg,9693,782,NoPreTrain,5,0.9770005345344543,-0.7422178983688354,-0.393123984336853,0.017025168985128403,1.1841223239898682,1.59568190574646
236,Philadelphia,Commute Time,bg,9693,782,NoPreTrain,6,0.9838752150535583,-0.6934994459152222,-0.3005439043045044,0.01193624921143055,1.1510101556777954,1.4896409511566162
237,Philadelphia,Commute Time,bg,9693,782,NoPreTrain,7,0.9897915124893188,-0.5299746990203857,-0.15973293781280518,0.007556765340268612,1.0398682355880737,1.3283562660217285
238,Philadelphia,Commute Time,bg,9693,782,NoPreTrain,8,0.992186427116394,-1.0515341758728027,-0.5205267667770386,0.005783915985375643,1.3943533897399902,1.7416088581085205
239,Philadelphia,Commute Time,bg,9693,782,NoPreTrain,9,0.9944166541099548,-1.2171611785888672,-0.7372304201126099,0.004133005626499653,1.5069239139556885,1.989820957183838
240,Philadelphia,Median Age,bg,30573,2945,Emb,0,0.9106320738792419,-0.6831612586975098,-0.6924601793289185,0.0662340447306633,1.2093583345413208,1.2198508977890015
241,Philadelphia,Median Age,bg,30573,2945,Emb,1,0.919372022151947,-0.5682049989700317,-0.6246144771575928,0.05975652486085892,1.126761794090271,1.1709506511688232
242,Philadelphia,Median Age,bg,30573,2945,Emb,2,0.9373422861099243,-0.6480652093887329,-0.7392812967300415,0.0464380644261837,1.184141755104065,1.2535974979400635
243,Philadelphia,Median Age,bg,30573,2945,Emb,3,0.9095938205718994,-0.8080605268478394,-0.945304274559021,0.067003533244133,1.2990989685058594,1.4020897150039673
244,Philadelphia,Median Age,bg,30573,2945,Emb,4,0.8710719347000122,-0.5583029985427856,-0.6978044509887695,0.09555356949567795,1.1196471452713013,1.2237027883529663
245,Philadelphia,Median Age,bg,30573,2945,Emb,5,0.9331245422363281,-0.7147442102432251,-0.7244528532028198,0.04956400394439697,1.2320507764816284,1.2429097890853882
246,Philadelphia,Median Age,bg,30573,2945,Emb,6,0.9296579957008362,-0.6765681505203247,-0.6731184720993042,0.05213319510221481,1.2046211957931519,1.2059102058410645
247,Philadelphia,Median Age,bg,30573,2945,Emb,7,0.9284071922302246,-0.71351158618927,-0.7657095193862915,0.05306018888950348,1.2311651706695557,1.2726458311080933
248,Philadelphia,Median Age,bg,30573,2945,Emb,8,0.9521976709365845,-0.8225879669189453,-0.7714676856994629,0.03542814031243324,1.3095370531082153,1.2767959833145142
249,Philadelphia,Median Age,bg,30573,2945,Emb,9,0.9351373910903931,-0.6223101615905762,-0.7520709037780762,0.0480722151696682,1.1656365394592285,1.2628155946731567
250,Philadelphia,Median Age,bg,30573,2945,RGNN,0,0.4016314744949341,-0.0892859697341919,-0.0856400728225708,0.4434741139411926,0.7826564311981201,0.7824816107749939
251,Philadelphia,Median Age,bg,30573,2945,RGNN,1,0.2909455895423889,0.08967065811157227,0.06238168478012085,0.5255077481269836,0.6540754437446594,0.6757940649986267
252,Philadelphia,Median Age,bg,30573,2945,RGNN,2,0.3376947045326233,0.06590336561203003,0.03053867816925049,0.4908601641654968,0.6711522936820984,0.69874507188797
253,Philadelphia,Median Age,bg,30573,2945,RGNN,3,0.520207941532135,-0.11046028137207031,-0.14316534996032715,0.3555925190448761,0.7978703379631042,0.8239433169364929
254,Philadelphia,Median Age,bg,30573,2945,RGNN,4,0.3725447654724121,0.01591736078262329,-0.018672943115234375,0.4650314450263977,0.7070674896240234,0.7342146635055542
255,Philadelphia,Median Age,bg,30573,2945,RGNN,5,0.4648287296295166,-0.11060476303100586,-0.0462266206741333,0.3966362178325653,0.797974169254303,0.7540740966796875
256,Philadelphia,Median Age,bg,30573,2945,RGNN,6,0.30317139625549316,0.05247098207473755,0.07083547115325928,0.5164467692375183,0.6808035373687744,0.6697009205818176
257,Philadelphia,Median Age,bg,30573,2945,RGNN,7,0.31621748208999634,0.10333520174026489,0.06493604183197021,0.5067777633666992,0.6442573666572571,0.6739529967308044
258,Philadelphia,Median Age,bg,30573,2945,RGNN,8,0.3825969696044922,-0.03693103790283203,0.05324900150299072,0.45758137106895447,0.7450392842292786,0.6823764443397522
259,Philadelphia,Median Age,bg,30573,2945,RGNN,9,0.4398982524871826,-0.055791616439819336,0.02514505386352539,0.4151131510734558,0.7585906982421875,0.7026325464248657
260,Philadelphia,Median Age,bg,30573,2945,Feat-RGNN,0,0.5058565139770508,-0.024066448211669922,-0.09970533847808838,0.3662289083003998,0.7357959747314453,0.7926192879676819
261,Philadelphia,Median Age,bg,30573,2945,Feat-RGNN,1,0.3571240305900574,-0.011591911315917969,-0.02115797996520996,0.476460337638855,0.7268329858779907,0.7360057234764099
262,Philadelphia,Median Age,bg,30573,2945,Feat-RGNN,2,0.5010056495666504,-0.09768903255462646,-0.10049557685852051,0.3698241114616394,0.7886940836906433,0.7931888699531555
263,Philadelphia,Median Age,bg,30573,2945,Feat-RGNN,3,0.31647658348083496,0.04081082344055176,-0.013173341751098633,0.5065857172012329,0.6891814470291138,0.7302507758140564
264,Philadelphia,Median Age,bg,30573,2945,Feat-RGNN,4,0.4737101197242737,-0.08708524703979492,-0.16706538200378418,0.3900538384914398,0.7810752987861633,0.8411693572998047
265,Philadelphia,Median Age,bg,30573,2945,Feat-RGNN,5,0.2904946804046631,0.09050756692886353,0.05648618936538696,0.5258418917655945,0.6534740924835205,0.6800432205200195
266,Philadelphia,Median Age,bg,30573,2945,Feat-RGNN,6,0.33177632093429565,0.04457205533981323,0.01869988441467285,0.4952464997768402,0.6864789128303528,0.7072779536247253
267,Philadelphia,Median Age,bg,30573,2945,Feat-RGNN,7,0.3067956566810608,0.06163686513900757,-0.016564607620239258,0.5137606263160706,0.6742178201675415,0.7326950430870056
268,Philadelphia,Median Age,bg,30573,2945,Feat-RGNN,8,0.37954527139663696,-0.02654099464416504,-0.00798332691192627,0.45984306931495667,0.7375739812850952,0.7265100479125977
269,Philadelphia,Median Age,bg,30573,2945,Feat-RGNN,9,0.342232346534729,0.05118536949157715,0.06509238481521606,0.48749715089797974,0.6817272305488586,0.6738402843475342
270,Philadelphia,Median Age,bg,30573,2945,Feat\&PC-RGNN,0,0.5562012195587158,-0.1580590009689331,-0.09705185890197754,0.3289164900779724,0.8320702314376831,0.7907066941261292
271,Philadelphia,Median Age,bg,30573,2945,Feat\&PC-RGNN,1,0.2941705584526062,0.06491208076477051,0.06913590431213379,0.5231176018714905,0.6718645095825195,0.6709259152412415
272,Philadelphia,Median Age,bg,30573,2945,Feat\&PC-RGNN,2,0.40221917629241943,-0.02102184295654297,-0.030958056449890137,0.44303855299949646,0.7336084246635437,0.7430692315101624
273,Philadelphia,Median Age,bg,30573,2945,Feat\&PC-RGNN,3,0.39862215518951416,-0.042133450508117676,0.008881926536560059,0.44570448994636536,0.7487772107124329,0.7143543362617493
274,Philadelphia,Median Age,bg,30573,2945,Feat\&PC-RGNN,4,0.3674583435058594,-0.02046525478363037,-0.016193151473999023,0.46880120038986206,0.7332084774971008,0.7324273586273193
275,Philadelphia,Median Age,bg,30573,2945,Feat\&PC-RGNN,5,0.44178444147109985,-0.05145132541656494,-0.06597316265106201,0.4137152135372162,0.7554721236228943,0.7683066129684448
276,Philadelphia,Median Age,bg,30573,2945,Feat\&PC-RGNN,6,0.3874287009239197,0.030445754528045654,0.08550214767456055,0.4540003538131714,0.696628749370575,0.6591298580169678
277,Philadelphia,Median Age,bg,30573,2945,Feat\&PC-RGNN,7,0.3009824752807617,0.024435102939605713,0.02286207675933838,0.5180690288543701,0.7009474039077759,0.7042780518531799
278,Philadelphia,Median Age,bg,30573,2945,Feat\&PC-RGNN,8,0.4739566445350647,-0.08120238780975342,-0.02528226375579834,0.38987115025520325,0.7768483757972717,0.7389783263206482
279,Philadelphia,Median Age,bg,30573,2945,Feat\&PC-RGNN,9,0.43876904249191284,0.0025923848152160645,0.004563689231872559,0.41595005989074707,0.7166414856910706,0.7174667119979858
280,Philadelphia,Median Age,bg,30573,2945,LightGCN,0,0.7173160910606384,-0.32606709003448486,-0.18798518180847168,0.209508016705513,0.9527847170829773,0.8562474846839905
281,Philadelphia,Median Age,bg,30573,2945,LightGCN,1,0.714853048324585,-0.18140053749084473,-0.14050626754760742,0.2113334983587265,0.8488411903381348,0.822026789188385
282,Philadelphia,Median Age,bg,30573,2945,LightGCN,2,0.7504858374595642,-0.25698912143707275,-0.21216964721679688,0.1849246472120285,0.9031519293785095,0.8736785650253296
283,Philadelphia,Median Age,bg,30573,2945,LightGCN,3,0.7073488831520081,-0.06766736507415771,-0.08056628704071045,0.21689508855342865,0.7671234011650085,0.7788246273994446
284,Philadelphia,Median Age,bg,30573,2945,LightGCN,4,0.6712946891784668,-0.23636019229888916,-0.18276548385620117,0.2436162531375885,0.8883299231529236,0.8524853587150574
285,Philadelphia,Median Age,bg,30573,2945,LightGCN,5,0.6701115369796753,-0.19317662715911865,-0.2132178544998169,0.24449312686920166,0.8573023676872253,0.8744341135025024
286,Philadelphia,Median Age,bg,30573,2945,LightGCN,6,0.707311749458313,-0.27920055389404297,-0.34381747245788574,0.2169226109981537,0.919110894203186,0.968564510345459
287,Philadelphia,Median Age,bg,30573,2945,LightGCN,7,0.6923384666442871,-0.34578490257263184,-0.2898128032684326,0.22801987826824188,0.9669520258903503,0.9296403527259827
288,Philadelphia,Median Age,bg,30573,2945,LightGCN,8,0.7290425896644592,-0.3983426094055176,-0.19084644317626953,0.2008170485496521,1.0047149658203125,0.8583097457885742
289,Philadelphia,Median Age,bg,30573,2945,LightGCN,9,0.7197990417480469,-0.2500861883163452,-0.18402564525604248,0.2076677829027176,0.8981921076774597,0.8533936738967896
290,Philadelphia,Median Age,bg,30573,2945,Feat-LightGCN,0,0.8059358596801758,-0.3008091449737549,-0.3058210611343384,0.14382845163345337,0.9346367120742798,0.9411783814430237
291,Philadelphia,Median Age,bg,30573,2945,Feat-LightGCN,1,0.7833970189094543,-0.35447990894317627,-0.3104274272918701,0.1605328768491745,0.9731994271278381,0.9444984197616577
292,Philadelphia,Median Age,bg,30573,2945,Feat-LightGCN,2,0.832525372505188,-0.44827842712402344,-0.4203149080276489,0.12412193417549133,1.0405941009521484,1.023700475692749
293,Philadelphia,Median Age,bg,30573,2945,Feat-LightGCN,3,0.7971591949462891,-0.37311792373657227,-0.2613741159439087,0.1503332108259201,0.9865909218788147,0.9091430306434631
294,Philadelphia,Median Age,bg,30573,2945,Feat-LightGCN,4,0.7973098158836365,-0.5357505083084106,-0.45157289505004883,0.1502215564250946,1.1034431457519531,1.0462299585342407
295,Philadelphia,Median Age,bg,30573,2945,Feat-LightGCN,5,0.813511848449707,-0.32787156105041504,-0.30679309368133545,0.1382136046886444,0.9540812373161316,0.9418789744377136
296,Philadelphia,Median Age,bg,30573,2945,Feat-LightGCN,6,0.7847167253494263,-0.3630465269088745,-0.33738040924072266,0.15955477952957153,0.9793545603752136,0.9639250040054321
297,Philadelphia,Median Age,bg,30573,2945,Feat-LightGCN,7,0.8360709547996521,-0.4114612340927124,-0.3022041320800781,0.12149417400360107,1.0141407251358032,0.9385715126991272
298,Philadelphia,Median Age,bg,30573,2945,Feat-LightGCN,8,0.8365361094474792,-0.5171335935592651,-0.41185057163238525,0.12114942818880081,1.0900667905807495,1.0175998210906982
299,Philadelphia,Median Age,bg,30573,2945,Feat-LightGCN,9,0.7747540473937988,-0.31717824935913086,-0.37045276165008545,0.16693854331970215,0.9463980793952942,0.9877620935440063
300,Philadelphia,Median Age,bg,30573,2945,Feat\&PC-LightGCN,0,0.7933852672576904,-0.34626638889312744,-0.36286044120788574,0.1531301736831665,0.9672980308532715,0.9822898507118225
301,Philadelphia,Median Age,bg,30573,2945,Feat\&PC-LightGCN,1,0.8640140295028687,-0.40477192401885986,-0.447401762008667,0.10078450292348862,1.0093344449996948,1.0432236194610596
302,Philadelphia,Median Age,bg,30573,2945,Feat\&PC-LightGCN,2,0.8679845929145813,-0.4340745210647583,-0.5423319339752197,0.09784173965454102,1.0303884744644165,1.111644983291626
303,Philadelphia,Median Age,bg,30573,2945,Feat\&PC-LightGCN,3,0.8534377813339233,-0.41913270950317383,-0.47948336601257324,0.1086229756474495,1.0196527242660522,1.066346526145935
304,Philadelphia,Median Age,bg,30573,2945,Feat\&PC-LightGCN,4,0.8692392110824585,-0.410364031791687,-0.42908215522766113,0.09691187739372253,1.013352394104004,1.0300195217132568
305,Philadelphia,Median Age,bg,30573,2945,Feat\&PC-LightGCN,5,0.8455023169517517,-0.4193204641342163,-0.3721280097961426,0.11450423300266266,1.0197876691818237,0.9889695048332214
306,Philadelphia,Median Age,bg,30573,2945,Feat\&PC-LightGCN,6,0.853107213973999,-0.4322737455368042,-0.38990890979766846,0.10886797308921814,1.0290945768356323,1.0017852783203125
307,Philadelphia,Median Age,bg,30573,2945,Feat\&PC-LightGCN,7,0.9304484128952026,-0.4572279453277588,-0.47254061698913574,0.051547400653362274,1.0470243692398071,1.061342477798462
308,Philadelphia,Median Age,bg,30573,2945,Feat\&PC-LightGCN,8,0.8794745206832886,-0.40427732467651367,-0.46438002586364746,0.08932612836360931,1.008979082107544,1.0554606914520264
309,Philadelphia,Median Age,bg,30573,2945,Feat\&PC-LightGCN,9,0.8693339824676514,-0.44435644149780273,-0.36851048469543457,0.09684164822101593,1.0377761125564575,0.9863622188568115
310,Philadelphia,Median Age,bg,30573,2945,NoPreTrain,0,0.9908746480941772,-0.4210479259490967,-0.6554131507873535,0.006763169076293707,1.0210288763046265,1.1931489706039429
311,Philadelphia,Median Age,bg,30573,2945,NoPreTrain,1,0.9539830684661865,-0.4904627799987793,-0.6565017700195312,0.034104928374290466,1.0709036588668823,1.1939336061477661
312,Philadelphia,Median Age,bg,30573,2945,NoPreTrain,2,0.9219497442245483,-0.5712543725967407,-0.753791093826294,0.05784609541296959,1.1289527416229248,1.2640554904937744
313,Philadelphia,Median Age,bg,30573,2945,NoPreTrain,3,0.9717013835906982,-0.5349018573760986,-0.6134657859802246,0.02097320929169655,1.1028333902359009,1.1629151105880737
314,Philadelphia,Median Age,bg,30573,2945,NoPreTrain,4,0.9573526382446289,-0.44938480854034424,-0.6141113042831421,0.03160763531923294,1.041388988494873,1.1633803844451904
315,Philadelphia,Median Age,bg,30573,2945,NoPreTrain,5,0.9591896533966064,-0.49127519130706787,-0.9470139741897583,0.03024614229798317,1.0714874267578125,1.4033221006393433
316,Philadelphia,Median Age,bg,30573,2945,NoPreTrain,6,0.981704592704773,-1.3429474830627441,-1.1416895389556885,0.013559415005147457,1.6834174394607544,1.5436357259750366
317,Philadelphia,Median Age,bg,30573,2945,NoPreTrain,7,0.9861693978309631,-0.637484073638916,-0.9174760580062866,0.010250402614474297,1.1765390634536743,1.3820323944091797
318,Philadelphia,Median Age,bg,30573,2945,NoPreTrain,8,0.9683947563171387,-1.4002296924591064,-1.4608187675476074,0.023423878476023674,1.7245749235153198,1.7736499309539795
319,Philadelphia,Median Age,bg,30573,2945,NoPreTrain,9,0.9404175877571106,-1.1705601215362549,-1.3083348274230957,0.04415885731577873,1.559556484222412,1.6637462377548218
320,St. Louis,Median Income,bg,9177,787,Emb,0,0.9827780723571777,-0.12850916385650635,-0.1225665807723999,0.01406011451035738,0.947674572467804,1.1290985345840454
321,St. Louis,Median Income,bg,9177,787,Emb,1,0.9782918095588684,-0.19097590446472168,-0.2690390348434448,0.017722735181450844,1.000131607055664,1.2764232158660889
322,St. Louis,Median Income,bg,9177,787,Emb,2,0.99713534116745,-0.14342427253723145,-0.19076156616210938,0.002338743070140481,0.9601997137069702,1.1976902484893799
323,St. Louis,Median Income,bg,9177,787,Emb,3,0.976128876209259,-0.24835288524627686,-0.24485242366790771,0.019488567486405373,1.0483143329620361,1.2520958185195923
324,St. Louis,Median Income,bg,9177,787,Emb,4,0.9914208650588989,-0.1634080410003662,-0.22788751125335693,0.007004071958363056,0.9769812226295471,1.235032320022583
325,St. Louis,Median Income,bg,9177,787,Emb,5,0.9856559634208679,-0.0036191940307617188,-0.19067120552062988,0.011710617691278458,0.8427972197532654,1.1975994110107422
326,St. Louis,Median Income,bg,9177,787,Emb,6,0.969468355178833,-0.06129646301269531,-0.17794954776763916,0.024926278740167618,0.8912322521209717,1.1848037242889404
327,St. Louis,Median Income,bg,9177,787,Emb,7,0.9880290031433105,-0.08454346656799316,-0.027902841567993164,0.00977321993559599,0.9107540845870972,1.0338839292526245
328,St. Louis,Median Income,bg,9177,787,Emb,8,0.9747219085693359,-0.0169680118560791,-0.08677899837493896,0.020637271925807,0.8540070056915283,1.0931026935577393
329,St. Louis,Median Income,bg,9177,787,Emb,9,0.9721724987030029,-0.1515287160873413,-0.058075547218322754,0.022718630731105804,0.9670054316520691,1.0642321109771729
330,St. Louis,Median Income,bg,9177,787,RGNN,0,0.8458372354507446,-0.12091660499572754,0.05981290340423584,0.12585978209972382,0.94129878282547,0.9456577301025391
331,St. Louis,Median Income,bg,9177,787,RGNN,1,0.7704552412033081,-0.016079306602478027,0.077109694480896,0.18740230798721313,0.8532608151435852,0.928260326385498
332,St. Louis,Median Income,bg,9177,787,RGNN,2,0.1959751844406128,-0.5087964534759521,-0.3102865219116211,0.6564127206802368,1.2670239210128784,1.3179106712341309
333,St. Louis,Median Income,bg,9177,787,RGNN,3,0.7671138644218445,0.03209078311920166,0.13792967796325684,0.19013023376464844,0.8128095269203186,0.8670864701271057
334,St. Louis,Median Income,bg,9177,787,RGNN,4,0.7063051462173462,0.05001389980316162,0.20967566967010498,0.23977503180503845,0.7977584600448608,0.7949230074882507
335,St. Louis,Median Income,bg,9177,787,RGNN,5,0.8453894257545471,-0.01104724407196045,0.037775278091430664,0.12622539699077606,0.8490350842475891,0.9678236842155457
336,St. Louis,Median Income,bg,9177,787,RGNN,6,0.7739108800888062,0.08680063486099243,0.19530051946640015,0.18458110094070435,0.7668665051460266,0.8093817830085754
337,St. Louis,Median Income,bg,9177,787,RGNN,7,0.8020645976066589,-0.15420889854431152,0.11865657567977905,0.1615961492061615,0.9692561626434326,0.886471688747406
338,St. Louis,Median Income,bg,9177,787,RGNN,8,0.8177531361579895,-0.10225987434387207,0.03253144025802612,0.14878788590431213,0.925631582736969,0.9730979800224304
339,St. Louis,Median Income,bg,9177,787,RGNN,9,0.7960002422332764,-0.21273481845855713,0.10828733444213867,0.16654716432094574,1.0184038877487183,0.8969013094902039
340,St. Louis,Median Income,bg,9177,787,Feat-RGNN,0,0.8370469212532043,0.08890169858932495,0.010530233383178711,0.1330362856388092,0.7651021480560303,0.9952271580696106
341,St. Louis,Median Income,bg,9177,787,Feat-RGNN,1,0.6230036020278931,0.1269415020942688,0.16312366724014282,0.3077830970287323,0.7331578731536865,0.841745913028717
342,St. Louis,Median Income,bg,9177,787,Feat-RGNN,2,0.6648032665252686,0.1588200330734253,0.16703325510025024,0.27365753054618835,0.7063876390457153,0.8378135561943054
343,St. Louis,Median Income,bg,9177,787,Feat-RGNN,3,0.7336796522140503,0.06413513422012329,0.23291736841201782,0.21742624044418335,0.7859000563621521,0.7715460658073425
344,St. Louis,Median Income,bg,9177,787,Feat-RGNN,4,0.6602792739868164,0.12217122316360474,0.18901866674423218,0.27735093235969543,0.737163782119751,0.8157001733779907
345,St. Louis,Median Income,bg,9177,787,Feat-RGNN,5,0.8083811402320862,0.1018669605255127,-0.011025428771972656,0.15643927454948425,0.7542144656181335,1.0169082880020142
346,St. Louis,Median Income,bg,9177,787,Feat-RGNN,6,0.7443060278892517,-0.11808741092681885,0.11445748805999756,0.20875073969364166,0.9389228820800781,0.8906952142715454
347,St. Louis,Median Income,bg,9177,787,Feat-RGNN,7,0.7409977316856384,0.10694295167922974,0.05183887481689453,0.2114516794681549,0.7499518394470215,0.9536781907081604
348,St. Louis,Median Income,bg,9177,787,Feat-RGNN,8,0.7746454477310181,0.07495999336242676,0.07937616109848022,0.18398135900497437,0.776809811592102,0.9259806871414185
349,St. Louis,Median Income,bg,9177,787,Feat-RGNN,9,0.8204586505889893,0.12036138772964478,0.1847577691078186,0.14657911658287048,0.7386835813522339,0.8199858665466309
350,St. Louis,Median Income,bg,9177,787,Feat\&PC-RGNN,0,0.7871244549751282,-0.13100123405456543,-0.023585081100463867,0.17379340529441833,0.9497674107551575,1.029541015625
351,St. Louis,Median Income,bg,9177,787,Feat\&PC-RGNN,1,0.7797732949256897,-0.21254491806030273,0.20020538568496704,0.17979495227336884,1.0182443857192993,0.8044483661651611
352,St. Louis,Median Income,bg,9177,787,Feat\&PC-RGNN,2,0.6606101989746094,-0.010406136512756348,0.20776742696762085,0.277080774307251,0.848496675491333,0.7968423366546631
353,St. Louis,Median Income,bg,9177,787,Feat\&PC-RGNN,3,0.8005399703979492,-0.17979657649993896,-0.3252396583557129,0.16284088790416718,0.9907436370849609,1.3329508304595947
354,St. Louis,Median Income,bg,9177,787,Feat\&PC-RGNN,4,0.8655998706817627,-0.1373966932296753,0.13522660732269287,0.10972544550895691,0.9551379680633545,0.8698052763938904
355,St. Louis,Median Income,bg,9177,787,Feat\&PC-RGNN,5,0.6418106555938721,0.04513782262802124,0.23391860723495483,0.2924288809299469,0.8018531799316406,0.7705389857292175
356,St. Louis,Median Income,bg,9177,787,Feat\&PC-RGNN,6,0.8554502129554749,-0.2231820821762085,-0.14012539386749268,0.11801166832447052,1.0271769762039185,1.1467593908309937
357,St. Louis,Median Income,bg,9177,787,Feat\&PC-RGNN,7,0.708553671836853,0.009998142719268799,0.13579505681991577,0.23793931305408478,0.8313620090484619,0.8692335486412048
358,St. Louis,Median Income,bg,9177,787,Feat\&PC-RGNN,8,0.8128271102905273,0.019587039947509766,0.07868993282318115,0.1528095304965973,0.8233096599578857,0.9266709089279175
359,St. Louis,Median Income,bg,9177,787,Feat\&PC-RGNN,9,0.6999887228012085,-0.2402944564819336,-0.005046725273132324,0.24493178725242615,1.0415472984313965,1.010894775390625
360,St. Louis,Median Income,bg,9177,787,LightGCN,0,0.9371377825737,0.20288830995559692,0.20956093072891235,0.05132123827934265,0.6693809628486633,0.7950384616851807
361,St. Louis,Median Income,bg,9177,787,LightGCN,1,0.928641140460968,0.18284130096435547,0.23361557722091675,0.058257974684238434,0.6862155795097351,0.7708438038825989
362,St. Louis,Median Income,bg,9177,787,LightGCN,2,0.8656817674636841,0.05423992872238159,0.14739567041397095,0.10965855419635773,0.7942095994949341,0.8575654029846191
363,St. Louis,Median Income,bg,9177,787,LightGCN,3,0.8217480182647705,0.1540924310684204,0.2632303237915039,0.1455264687538147,0.710357666015625,0.7410566806793213
364,St. Louis,Median Income,bg,9177,787,LightGCN,4,0.870159387588501,0.18474483489990234,0.3043733835220337,0.10600299388170242,0.6846170425415039,0.6996743083000183
365,St. Louis,Median Income,bg,9177,787,LightGCN,5,0.8577436208724976,0.18712878227233887,0.12195146083831787,0.11613934487104416,0.6826151609420776,0.8831576704978943
366,St. Louis,Median Income,bg,9177,787,LightGCN,6,0.8586726188659668,0.15645641088485718,0.20955252647399902,0.11538088321685791,0.7083725333213806,0.795046865940094
367,St. Louis,Median Income,bg,9177,787,LightGCN,7,0.8734554052352905,0.1570461392402649,0.2625461220741272,0.10331210494041443,0.7078772783279419,0.741744875907898
368,St. Louis,Median Income,bg,9177,787,LightGCN,8,0.9384060502052307,0.12734609842300415,0.23631805181503296,0.05028584226965904,0.7328181266784668,0.768125593662262
369,St. Louis,Median Income,bg,9177,787,LightGCN,9,0.8782587051391602,0.24739497900009155,0.20947396755218506,0.09939063340425491,0.6320061087608337,0.7951259016990662
370,St. Louis,Median Income,bg,9177,787,Feat-LightGCN,0,0.9689605236053467,-0.0022557973861694336,0.1840064525604248,0.02534089796245098,0.8416523337364197,0.820741593837738
371,St. Louis,Median Income,bg,9177,787,Feat-LightGCN,1,0.9315611124038696,-0.15887045860290527,0.06690055131912231,0.055874112993478775,0.9731707572937012,0.9385288953781128
372,St. Louis,Median Income,bg,9177,787,Feat-LightGCN,2,0.9757651686668396,0.10720592737197876,0.06154525279998779,0.019785521551966667,0.7497310042381287,0.9439153671264648
373,St. Louis,Median Income,bg,9177,787,Feat-LightGCN,3,0.9405782222747803,0.06719285249710083,0.23724961280822754,0.04851246997714043,0.7833322882652283,0.7671886086463928
374,St. Louis,Median Income,bg,9177,787,Feat-LightGCN,4,0.9754445552825928,0.05627238750457764,0.23532599210739136,0.020047252997756004,0.7925028204917908,0.7691234350204468
375,St. Louis,Median Income,bg,9177,787,Feat-LightGCN,5,0.9789140820503235,0.04679137468338013,0.25841641426086426,0.017214713618159294,0.8004646301269531,0.7458986043930054
376,St. Louis,Median Income,bg,9177,787,Feat-LightGCN,6,0.9503228664398193,0.080314040184021,-0.015797734260559082,0.04055686295032501,0.77231365442276,1.021708369255066
377,St. Louis,Median Income,bg,9177,787,Feat-LightGCN,7,0.9472637176513672,0.04996103048324585,0.23678207397460938,0.04305434599518776,0.7978028655052185,0.7676588892936707
378,St. Louis,Median Income,bg,9177,787,Feat-LightGCN,8,0.9772136211395264,0.0868883728981018,0.11060988903045654,0.01860298216342926,0.7667928338050842,0.894565224647522
379,St. Louis,Median Income,bg,9177,787,Feat-LightGCN,9,0.9877680540084839,0.17790693044662476,0.12186199426651001,0.009986246936023235,0.6903592944145203,0.8832476735115051
380,St. Louis,Median Income,bg,9177,787,Feat\&PC-LightGCN,0,0.9721403121948242,0.1333606243133545,0.009988069534301758,0.022744907066226006,0.7277673482894897,0.9957725405693054
381,St. Louis,Median Income,bg,9177,787,Feat\&PC-LightGCN,1,0.9435291886329651,0.03657674789428711,0.07524353265762329,0.04610324278473854,0.8090424537658691,0.9301373362541199
382,St. Louis,Median Income,bg,9177,787,Feat\&PC-LightGCN,2,0.9549463391304016,0.20567083358764648,-0.1910160779953003,0.03678219020366669,0.6670442819595337,1.197946310043335
383,St. Louis,Median Income,bg,9177,787,Feat\&PC-LightGCN,3,0.9720167517662048,0.1369236707687378,-0.0006030797958374023,0.022845745086669922,0.7247752547264099,1.0064252614974976
384,St. Louis,Median Income,bg,9177,787,Feat\&PC-LightGCN,4,0.992913007736206,0.2941434979438782,0.17164313793182373,0.005785863380879164,0.5927486419677734,0.8331767916679382
385,St. Louis,Median Income,bg,9177,787,Feat\&PC-LightGCN,5,0.9781497716903687,0.04311090707778931,-0.1102219820022583,0.017838720232248306,0.8035553097724915,1.1166820526123047
386,St. Louis,Median Income,bg,9177,787,Feat\&PC-LightGCN,6,0.9784798622131348,0.154244065284729,0.04513812065124512,0.017569225281476974,0.7102303504943848,0.9604179263114929
387,St. Louis,Median Income,bg,9177,787,Feat\&PC-LightGCN,7,0.9744492173194885,0.15619778633117676,-0.018705010414123535,0.020859867334365845,0.7085896730422974,1.0246325731277466
388,St. Louis,Median Income,bg,9177,787,Feat\&PC-LightGCN,8,0.9757740497589111,0.06457513570785522,0.08063024282455444,0.019778264686465263,0.7855305075645447,0.9247193336486816
389,St. Louis,Median Income,bg,9177,787,Feat\&PC-LightGCN,9,0.987268328666687,0.08621174097061157,0.05566763877868652,0.010394238866865635,0.7673609852790833,0.9498271942138672
390,St. Louis,Median Income,bg,9177,787,NoPreTrain,0,0.9875161647796631,0.039859890937805176,0.059733450412750244,0.01019192859530449,0.8062853217124939,0.9457377195358276
391,St. Louis,Median Income,bg,9177,787,NoPreTrain,1,0.9985857009887695,-0.07520186901092529,-0.14448201656341553,0.0011546475579962134,0.9029093980789185,1.1511415243148804
392,St. Louis,Median Income,bg,9177,787,NoPreTrain,2,0.9911482930183411,-0.28768765926361084,0.008269548416137695,0.007226607762277126,1.081346035003662,0.997501015663147
393,St. Louis,Median Income,bg,9177,787,NoPreTrain,3,0.9930587410926819,-0.09397733211517334,0.11210060119628906,0.005666910670697689,0.9186763167381287,0.8930658102035522
394,St. Louis,Median Income,bg,9177,787,NoPreTrain,4,0.9567221999168396,-0.7433770895004272,-0.6898164749145508,0.03533238172531128,1.4640148878097534,1.6996490955352783
395,St. Louis,Median Income,bg,9177,787,NoPreTrain,5,0.9880635142326355,-0.05429697036743164,-0.08256614208221436,0.009745044633746147,0.8853542804718018,1.0888652801513672
396,St. Louis,Median Income,bg,9177,787,NoPreTrain,6,0.9961137175559998,-0.15131139755249023,-0.07786798477172852,0.0031728085596114397,0.9668230414390564,1.0841397047042847
397,St. Louis,Median Income,bg,9177,787,NoPreTrain,7,0.9917711019515991,-0.10068082809448242,0.0245894193649292,0.006718135438859463,0.9243054986000061,0.981086254119873
398,St. Louis,Median Income,bg,9177,787,NoPreTrain,8,0.9886652231216431,-0.35571300983428955,-0.19847524166107178,0.009253828786313534,1.1384708881378174,1.2054487466812134
399,St. Louis,Median Income,bg,9177,787,NoPreTrain,9,0.9989731311798096,-0.21366333961486816,0.06838291883468628,0.0008383257663808763,1.0191835165023804,0.9370378851890564
400,St. Louis,Median Home Value,bg,8938,770,Emb,0,0.9667593240737915,0.3258609175682068,0.35353171825408936,0.025713659822940826,0.6719727516174316,0.6405216455459595
401,St. Louis,Median Home Value,bg,8938,770,Emb,1,0.9907472729682922,0.2575717568397522,0.3756256103515625,0.007157531101256609,0.740042507648468,0.6186310052871704
402,St. Louis,Median Home Value,bg,8938,770,Emb,2,0.9954416751861572,0.20454251766204834,0.29350900650024414,0.003526147222146392,0.792901337146759,0.6999921798706055
403,St. Louis,Median Home Value,bg,8938,770,Emb,3,0.9959620237350464,0.25817447900772095,0.409792959690094,0.003123596543446183,0.7394416928291321,0.5847779512405396
404,St. Louis,Median Home Value,bg,8938,770,Emb,4,0.9884262084960938,0.20558667182922363,0.36034268140792847,0.008953024633228779,0.7918605208396912,0.6337733268737793
405,St. Louis,Median Home Value,bg,8938,770,Emb,5,0.9890092611312866,0.2677246332168579,0.23941701650619507,0.008501991629600525,0.7299222350120544,0.7535865902900696
406,St. Louis,Median Home Value,bg,8938,770,Emb,6,0.9874527454376221,0.13848286867141724,0.27617764472961426,0.009706057608127594,0.8587486743927002,0.717164158821106
407,St. Louis,Median Home Value,bg,8938,770,Emb,7,0.9762659072875977,0.2334626317024231,0.4117382764816284,0.018359733745455742,0.7640741467475891,0.582850456237793
408,St. Louis,Median Home Value,bg,8938,770,Emb,8,0.9805597066879272,0.15002447366714478,0.2158939242362976,0.015038244426250458,0.847244143486023,0.7768933176994324
409,St. Louis,Median Home Value,bg,8938,770,Emb,9,0.994538426399231,0.2637940049171448,0.3048715591430664,0.004224861040711403,0.7338402271270752,0.6887341737747192
410,St. Louis,Median Home Value,bg,8938,770,RGNN,0,0.8925612568855286,0.47462183237075806,0.2997674345970154,0.08311034739017487,0.523689866065979,0.693791389465332
411,St. Louis,Median Home Value,bg,8938,770,RGNN,1,0.9146243333816528,0.4412328600883484,0.22865062952041626,0.06604322046041489,0.556971549987793,0.7642539739608765
412,St. Louis,Median Home Value,bg,8938,770,RGNN,2,0.8823225498199463,0.380618155002594,0.32434630393981934,0.09103058278560638,0.6173914670944214,0.6694386005401611
413,St. Louis,Median Home Value,bg,8938,770,RGNN,3,0.8957480788230896,0.47619616985321045,0.32684242725372314,0.0806451290845871,0.5221205949783325,0.6669654250144958
414,St. Louis,Median Home Value,bg,8938,770,RGNN,4,0.9265580177307129,0.43532365560531616,0.37913256883621216,0.05681181326508522,0.5628618001937866,0.6151562929153442
415,St. Louis,Median Home Value,bg,8938,770,RGNN,5,0.9332944750785828,0.30418360233306885,0.2640186548233032,0.051600728183984756,0.6935804486274719,0.7292112708091736
416,St. Louis,Median Home Value,bg,8938,770,RGNN,6,0.8817355036735535,0.38116222620010376,0.26148056983947754,0.09148472547531128,0.6168491840362549,0.7317259907722473
417,St. Louis,Median Home Value,bg,8938,770,RGNN,7,0.8711246252059937,0.42010796070098877,0.3559560775756836,0.09969285130500793,0.5780286192893982,0.6381195783615112
418,St. Louis,Median Home Value,bg,8938,770,RGNN,8,0.9149796366691589,0.4140641689300537,0.278810977935791,0.06576838344335556,0.5840529203414917,0.714555025100708
419,St. Louis,Median Home Value,bg,8938,770,RGNN,9,0.9136861562728882,0.37391161918640137,0.22833561897277832,0.06676893681287766,0.6240764260292053,0.7645661234855652
420,St. Louis,Median Home Value,bg,8938,770,Feat-RGNN,0,0.8295981287956238,0.342770516872406,0.39770108461380005,0.131816104054451,0.6551174521446228,0.5967585444450378
421,St. Louis,Median Home Value,bg,8938,770,Feat-RGNN,1,0.8911424875259399,0.3680422306060791,0.27226942777633667,0.08420785516500473,0.6299269795417786,0.7210363745689392
422,St. Louis,Median Home Value,bg,8938,770,Feat-RGNN,2,0.8877743482589722,0.3105132579803467,0.3248416781425476,0.0868132933974266,0.6872711181640625,0.6689478158950806
423,St. Louis,Median Home Value,bg,8938,770,Feat-RGNN,3,0.9182090163230896,0.3990512490272522,0.3043239116668701,0.06327024847269058,0.5990176796913147,0.6892768144607544
424,St. Louis,Median Home Value,bg,8938,770,Feat-RGNN,4,0.8590381145477295,0.38341474533081055,0.39454615116119385,0.10904248058795929,0.6146038770675659,0.5998844504356384
425,St. Louis,Median Home Value,bg,8938,770,Feat-RGNN,5,0.9104182720184326,0.29592299461364746,0.160719096660614,0.06929686665534973,0.7018144726753235,0.8315606117248535
426,St. Louis,Median Home Value,bg,8938,770,Feat-RGNN,6,0.6795223951339722,0.3253195285797119,0.06235843896865845,0.24790868163108826,0.672512412071228,0.9290165305137634
427,St. Louis,Median Home Value,bg,8938,770,Feat-RGNN,7,0.8896373510360718,0.2857837677001953,0.3893619179725647,0.08537212759256363,0.7119210958480835,0.6050209999084473
428,St. Louis,Median Home Value,bg,8938,770,Feat-RGNN,8,0.8891034722328186,0.27841103076934814,0.3394923806190491,0.0857851430773735,0.7192701697349548,0.6544318199157715
429,St. Louis,Median Home Value,bg,8938,770,Feat-RGNN,9,0.9123024940490723,0.3401787281036377,0.2916407585144043,0.06783929467201233,0.6577009558677673,0.70184326171875
430,St. Louis,Median Home Value,bg,8938,770,Feat\&PC-RGNN,0,0.9683512449264526,0.4973468780517578,0.5094083547592163,0.024482231587171555,0.5010378956794739,0.4860788881778717
431,St. Louis,Median Home Value,bg,8938,770,Feat\&PC-RGNN,1,0.7905682921409607,0.4099159240722656,0.5192927718162537,0.16200803220272064,0.5881878733634949,0.4762853682041168
432,St. Louis,Median Home Value,bg,8938,770,Feat\&PC-RGNN,2,0.8830817937850952,0.4737469553947449,0.4189293384552002,0.09044327586889267,0.5245619416236877,0.5757256150245667
433,St. Louis,Median Home Value,bg,8938,770,Feat\&PC-RGNN,3,0.8763341903686523,0.44650334119796753,0.42501670122146606,0.09566294401884079,0.5517180562019348,0.5696942210197449
434,St. Louis,Median Home Value,bg,8938,770,Feat\&PC-RGNN,4,0.9397658705711365,0.4266965389251709,0.39609986543655396,0.046594709157943726,0.5714611411094666,0.5983451008796692
435,St. Louis,Median Home Value,bg,8938,770,Feat\&PC-RGNN,5,0.9083085656166077,0.3755772113800049,0.5269573330879211,0.07092882692813873,0.6224161982536316,0.46869128942489624
436,St. Louis,Median Home Value,bg,8938,770,Feat\&PC-RGNN,6,0.9125086665153503,0.3952473998069763,0.490234911441803,0.06767982989549637,0.6028092503547668,0.5050759315490723
437,St. Louis,Median Home Value,bg,8938,770,Feat\&PC-RGNN,7,0.8022826910018921,0.3153972625732422,0.42420846223831177,0.15294623374938965,0.6824027895927429,0.5704950094223022
438,St. Louis,Median Home Value,bg,8938,770,Feat\&PC-RGNN,8,0.9631910920143127,0.35250967741012573,0.3906155228614807,0.028473885729908943,0.6454096436500549,0.6037789583206177
439,St. Louis,Median Home Value,bg,8938,770,Feat\&PC-RGNN,9,0.888831615447998,0.349101185798645,0.4168774485588074,0.08599545061588287,0.648807168006897,0.5777586102485657
440,St. Louis,Median Home Value,bg,8938,770,LightGCN,0,0.9135438799858093,0.4490430951118469,0.3962740898132324,0.06687898933887482,0.5491864085197449,0.5981724262237549
441,St. Louis,Median Home Value,bg,8938,770,LightGCN,1,0.8878023624420166,0.4756495952606201,0.48174744844436646,0.08679164201021194,0.5226654410362244,0.513485312461853
442,St. Louis,Median Home Value,bg,8938,770,LightGCN,2,0.9051406383514404,0.3740476965904236,0.5253759622573853,0.07337939739227295,0.6239408254623413,0.4702581465244293
443,St. Louis,Median Home Value,bg,8938,770,LightGCN,3,0.9480419158935547,0.40821653604507446,0.3397218585014343,0.04019270837306976,0.5898817777633667,0.6542044878005981
444,St. Louis,Median Home Value,bg,8938,770,LightGCN,4,0.9030811190605164,0.45063328742980957,0.5218379497528076,0.07497259229421616,0.5476013422012329,0.4737635552883148
445,St. Louis,Median Home Value,bg,8938,770,LightGCN,5,0.9097462296485901,0.4182593822479248,0.4965513348579407,0.06981673836708069,0.5798712372779846,0.4988175928592682
446,St. Louis,Median Home Value,bg,8938,770,LightGCN,6,0.902815043926239,0.27291250228881836,0.4449499845504761,0.07517839968204498,0.7247509956359863,0.549944281578064
447,St. Louis,Median Home Value,bg,8938,770,LightGCN,7,0.8902832269668579,0.45256680250167847,0.4751777648925781,0.0848725214600563,0.5456740260124207,0.5199945569038391
448,St. Louis,Median Home Value,bg,8938,770,LightGCN,8,0.9413739442825317,0.43059468269348145,0.426039457321167,0.04535077139735222,0.5675755143165588,0.5686808228492737
449,St. Louis,Median Home Value,bg,8938,770,LightGCN,9,0.9332643747329712,0.4544963836669922,0.5296601057052612,0.05162401869893074,0.5437506437301636,0.4660133719444275
450,St. Louis,Median Home Value,bg,8938,770,Feat-LightGCN,0,0.9813481569290161,0.5287055373191833,0.4145851135253906,0.014428318478167057,0.46977996826171875,0.5800298452377319
451,St. Louis,Median Home Value,bg,8938,770,Feat-LightGCN,1,0.978468656539917,0.5529379844665527,0.3514120578765869,0.01665576919913292,0.445625364780426,0.6426218152046204
452,St. Louis,Median Home Value,bg,8938,770,Feat-LightGCN,2,0.986954391002655,0.5023571252822876,0.3930673599243164,0.010091579519212246,0.49604371190071106,0.6013496518135071
453,St. Louis,Median Home Value,bg,8938,770,Feat-LightGCN,3,0.9926791787147522,0.558029294013977,0.35857152938842773,0.005663090385496616,0.44055047631263733,0.6355281472206116
454,St. Louis,Median Home Value,bg,8938,770,Feat-LightGCN,4,0.9740216135978699,0.5089712142944336,0.46027082204818726,0.0200958289206028,0.48945093154907227,0.5347643494606018
455,St. Louis,Median Home Value,bg,8938,770,Feat-LightGCN,5,0.9370331764221191,0.49118417501449585,0.4100816249847412,0.04870861768722534,0.5071807503700256,0.5844919085502625
456,St. Louis,Median Home Value,bg,8938,770,Feat-LightGCN,6,0.9895497560501099,0.560137152671814,0.41728001832962036,0.008083906024694443,0.43844935297966003,0.5773597359657288
457,St. Louis,Median Home Value,bg,8938,770,Feat-LightGCN,7,0.9814984202384949,0.597281813621521,0.42062002420425415,0.014312095940113068,0.4014240801334381,0.5740504860877991
458,St. Louis,Median Home Value,bg,8938,770,Feat-LightGCN,8,0.9861443638801575,0.4876720905303955,0.35100996494293213,0.010718187317252159,0.5106815695762634,0.6430202126502991
459,St. Louis,Median Home Value,bg,8938,770,Feat-LightGCN,9,0.9727320075035095,0.47913265228271484,0.43743497133255005,0.021093422546982765,0.5191935896873474,0.5573902130126953
460,St. Louis,Median Home Value,bg,8938,770,Feat\&PC-LightGCN,0,0.9691882133483887,0.5003743171691895,0.4877639412879944,0.023834792897105217,0.49802011251449585,0.5075241923332214
461,St. Louis,Median Home Value,bg,8938,770,Feat\&PC-LightGCN,1,0.9845892190933228,0.5843092799186707,0.5577684044837952,0.011921164579689503,0.41435492038726807,0.4381636679172516
462,St. Louis,Median Home Value,bg,8938,770,Feat\&PC-LightGCN,2,0.97501140832901,0.5326124429702759,0.5680645108222961,0.019330184906721115,0.4658856689929962,0.4279622733592987
463,St. Louis,Median Home Value,bg,8938,770,Feat\&PC-LightGCN,3,0.9776974320411682,0.5490933656692505,0.5657486319541931,0.017252355813980103,0.44945767521858215,0.43025684356689453
464,St. Louis,Median Home Value,bg,8938,770,Feat\&PC-LightGCN,4,0.9848541617393494,0.589776873588562,0.5831655859947205,0.011716209352016449,0.40890493988990784,0.41300007700920105
465,St. Louis,Median Home Value,bg,8938,770,Feat\&PC-LightGCN,5,0.9762318730354309,0.4211128354072571,0.6065022349357605,0.01838609203696251,0.5770269632339478,0.38987812399864197
466,St. Louis,Median Home Value,bg,8938,770,Feat\&PC-LightGCN,6,0.9765944480895996,0.5641003251075745,0.5712083578109741,0.018105624243617058,0.43449893593788147,0.4248473346233368
467,St. Louis,Median Home Value,bg,8938,770,Feat\&PC-LightGCN,7,0.973085880279541,0.5509853363037109,0.5040779709815979,0.02081969380378723,0.4475717842578888,0.49136021733283997
468,St. Louis,Median Home Value,bg,8938,770,Feat\&PC-LightGCN,8,0.9623703360557556,0.5154234170913696,0.5432223081588745,0.029108814895153046,0.4830194413661957,0.4525759816169739
469,St. Louis,Median Home Value,bg,8938,770,Feat\&PC-LightGCN,9,0.9876066446304321,0.523194432258606,0.5347006320953369,0.009587028063833714,0.47527337074279785,0.4610191881656647
470,St. Louis,Median Home Value,bg,8938,770,NoPreTrain,0,0.9728854894638062,-0.9134141206741333,-0.6594353914260864,0.02097468636929989,1.9072654247283936,1.6441707611083984
471,St. Louis,Median Home Value,bg,8938,770,NoPreTrain,1,0.9946280717849731,-0.08953166007995605,-0.19868195056915283,0.004155517555773258,1.0860304832458496,1.1876556873321533
472,St. Louis,Median Home Value,bg,8938,770,NoPreTrain,2,0.9964312314987183,-0.49392688274383545,-0.34846651554107666,0.002760667819529772,1.489126205444336,1.3360624313354492
473,St. Louis,Median Home Value,bg,8938,770,NoPreTrain,3,0.9958397150039673,0.30250996351242065,0.3069716691970825,0.0032182224094867706,0.6952486634254456,0.6866533756256104
474,St. Louis,Median Home Value,bg,8938,770,NoPreTrain,4,0.995655357837677,-0.20223867893218994,-0.21351265907287598,0.0033608623780310154,1.1983753442764282,1.2023500204086304
475,St. Louis,Median Home Value,bg,8938,770,NoPreTrain,5,0.9970705509185791,0.2885863780975342,0.25458139181137085,0.0022661169059574604,0.7091275453567505,0.738561749458313
476,St. Louis,Median Home Value,bg,8938,770,NoPreTrain,6,0.9914063215255737,0.05290895700454712,0.13478899002075195,0.006647747475653887,0.9440476298332214,0.8572522401809692
477,St. Louis,Median Home Value,bg,8938,770,NoPreTrain,7,0.9840003848075867,-0.12102866172790527,-0.08176064491271973,0.012376685626804829,1.1174262762069702,1.0718098878860474
478,St. Louis,Median Home Value,bg,8938,770,NoPreTrain,8,0.996275782585144,0.3384433388710022,0.39356404542922974,0.0028808885253965855,0.659430742263794,0.6008574962615967
479,St. Louis,Median Home Value,bg,8938,770,NoPreTrain,9,0.992859959602356,0.006464123725891113,-0.216078519821167,0.005523229017853737,0.9903431534767151,1.2048922777175903
480,St. Louis,Commute Time,bg,1397,126,Emb,0,0.9999772906303406,0.40303635597229004,-0.36146557331085205,2.7548876460059546e-05,1.2247822284698486,0.9259619116783142
481,St. Louis,Commute Time,bg,1397,126,Emb,1,0.9987894892692566,0.23371851444244385,-0.17850375175476074,0.0014698478626087308,1.572169303894043,0.8015256524085999
482,St. Louis,Commute Time,bg,1397,126,Emb,2,0.9999939799308777,0.36352068185806274,-0.05432260036468506,7.308479325729422e-06,1.3058559894561768,0.7170674204826355
483,St. Louis,Commute Time,bg,1397,126,Emb,3,0.9960451722145081,0.24104756116867065,-0.140533447265625,0.004802146926522255,1.557132363319397,0.7757012248039246
484,St. Louis,Commute Time,bg,1397,126,Emb,4,0.9999936819076538,0.31051379442214966,-0.15758752822875977,7.665459634154104e-06,1.4146095514297485,0.7873001098632812
485,St. Louis,Commute Time,bg,1397,126,Emb,5,0.9998647570610046,0.3273862600326538,-0.41430890560150146,0.00016423234774265438,1.3799924850463867,0.9619017839431763
486,St. Louis,Commute Time,bg,1397,126,Emb,6,0.9999951720237732,0.31541043519973755,-0.45390141010284424,5.829615474794991e-06,1.4045631885528564,0.988829493522644
487,St. Louis,Commute Time,bg,1397,126,Emb,7,0.9999916553497314,0.23609226942062378,-0.13668429851531982,1.014744248095667e-05,1.5672990083694458,0.7730833292007446
488,St. Louis,Commute Time,bg,1397,126,Emb,8,0.9999392032623291,0.5021212100982666,-0.22151482105255127,7.383766205748543e-05,1.0214910507202148,0.8307784199714661
489,St. Louis,Commute Time,bg,1397,126,Emb,9,0.9981589913368225,0.3474573493003845,-0.2627629041671753,0.0022354465909302235,1.3388128280639648,0.8588321208953857
490,St. Louis,Commute Time,bg,1397,126,RGNN,0,0.9888423085212708,0.06541866064071655,-0.4386478662490845,0.013548286631703377,1.9174678325653076,0.9784552454948425
491,St. Louis,Commute Time,bg,1397,126,RGNN,1,0.986824095249176,0.09856641292572021,-0.181349515914917,0.015998922288417816,1.8494590520858765,0.8034610748291016
492,St. Louis,Commute Time,bg,1397,126,RGNN,2,0.9919248223304749,0.10379201173782349,-0.18191242218017578,0.00980537012219429,1.8387378454208374,0.8038439154624939
493,St. Louis,Commute Time,bg,1397,126,RGNN,3,0.995625913143158,0.24027007818222046,-0.3140307664871216,0.005311241839081049,1.5587276220321655,0.8937004804611206
494,St. Louis,Commute Time,bg,1397,126,RGNN,4,0.9985631108283997,0.08782082796096802,-0.6427406072616577,0.0017447415739297867,1.871505618095398,1.1172630786895752
495,St. Louis,Commute Time,bg,1397,126,RGNN,5,0.9990955591201782,0.24146157503128052,-0.17417073249816895,0.0010982104577124119,1.5562829971313477,0.798578679561615
496,St. Louis,Commute Time,bg,1397,126,RGNN,6,0.9596153497695923,-0.013044595718383789,-0.5885679721832275,0.0490373931825161,2.0784499645233154,1.0804190635681152
497,St. Louis,Commute Time,bg,1397,126,RGNN,7,0.9813126921653748,-0.05828857421875,-0.6383014917373657,0.02269120141863823,2.171276330947876,1.114243984222412
498,St. Louis,Commute Time,bg,1397,126,RGNN,8,0.9821426272392273,-0.07510828971862793,-0.29458558559417725,0.021683482453227043,2.205785036087036,0.8804754018783569
499,St. Louis,Commute Time,bg,1397,126,RGNN,9,0.9725403189659119,0.30988746881484985,-0.054390549659729004,0.033343102782964706,1.4158945083618164,0.7171135544776917
500,St. Louis,Commute Time,bg,1397,126,Feat-RGNN,0,0.9674040675163269,-0.9434806108474731,-1.3670647144317627,0.03957982361316681,3.987412691116333,1.609891414642334
501,St. Louis,Commute Time,bg,1397,126,Feat-RGNN,1,0.9587221145629883,-0.6893702745437622,-0.9033716917037964,0.050121985375881195,3.4660580158233643,1.29452383518219
502,St. Louis,Commute Time,bg,1397,126,Feat-RGNN,2,0.9790517091751099,-0.7222421169281006,-1.1321239471435547,0.02543662302196026,3.5335006713867188,1.4501031637191772
503,St. Louis,Commute Time,bg,1397,126,Feat-RGNN,3,0.9790219664573669,-0.41009271144866943,-0.37067341804504395,0.02547276020050049,2.8930678367614746,0.9322243332862854
504,St. Louis,Commute Time,bg,1397,126,Feat-RGNN,4,0.9829071760177612,-0.5636074542999268,-0.4124199151992798,0.020755086094141006,3.2080321311950684,0.9606170654296875
505,St. Louis,Commute Time,bg,1397,126,Feat-RGNN,5,0.9690032005310059,-0.6837719678878784,-0.8456172943115234,0.0376380980014801,3.4545722007751465,1.2552438974380493
506,St. Louis,Commute Time,bg,1397,126,Feat-RGNN,6,0.9313663244247437,-0.39860355854034424,-1.4845924377441406,0.08333893120288849,2.8694958686828613,1.6898245811462402
507,St. Louis,Commute Time,bg,1397,126,Feat-RGNN,7,0.955154299736023,-0.7267615795135498,-0.7129673957824707,0.05445421114563942,3.5427732467651367,1.1650258302688599
508,St. Louis,Commute Time,bg,1397,126,Feat-RGNN,8,0.9823843240737915,-0.7459856271743774,-0.6002912521362305,0.02138993702828884,3.5822150707244873,1.0883923768997192
509,St. Louis,Commute Time,bg,1397,126,Feat-RGNN,9,0.8639513254165649,-0.843269944190979,-1.2663023471832275,0.16519811749458313,3.7818117141723633,1.5413607358932495
510,St. Louis,Commute Time,bg,1397,126,Feat\&PC-RGNN,0,0.9740476012229919,0.07466697692871094,-0.695804238319397,0.03151289001107216,1.8984931707382202,1.1533528566360474
511,St. Louis,Commute Time,bg,1397,126,Feat\&PC-RGNN,1,0.9855824708938599,0.21007609367370605,-0.36476778984069824,0.01750660501420498,1.6206761598587036,0.9282078146934509
512,St. Louis,Commute Time,bg,1397,126,Feat\&PC-RGNN,2,0.975519061088562,-0.29264402389526367,-1.3587279319763184,0.029726194217801094,2.6521003246307373,1.6042213439941406
513,St. Louis,Commute Time,bg,1397,126,Feat\&PC-RGNN,3,0.9945822358131409,0.03160703182220459,-0.552985668182373,0.006578545086085796,1.986838698387146,1.0562188625335693
514,St. Louis,Commute Time,bg,1397,126,Feat\&PC-RGNN,4,0.9710653424263,0.04019927978515625,-0.38053858280181885,0.03513415530323982,1.9692100286483765,0.9389339089393616
515,St. Louis,Commute Time,bg,1397,126,Feat\&PC-RGNN,5,0.9944612979888916,0.03801542520523071,-0.7110855579376221,0.006725406739860773,1.9736906290054321,1.1637459993362427
516,St. Louis,Commute Time,bg,1397,126,Feat\&PC-RGNN,6,0.9760830998420715,-0.1315622329711914,-1.581272840499878,0.029041286557912827,2.321610927581787,1.7555789947509766
517,St. Louis,Commute Time,bg,1397,126,Feat\&PC-RGNN,7,0.9844225645065308,0.1562492847442627,-0.4503157138824463,0.018915005028247833,1.7311118841171265,0.9863907694816589
518,St. Louis,Commute Time,bg,1397,126,Feat\&PC-RGNN,8,0.9928262233734131,0.09805941581726074,-0.4695359468460083,0.0087108314037323,1.8504992723464966,0.9994628429412842
519,St. Louis,Commute Time,bg,1397,126,Feat\&PC-RGNN,9,0.9884814023971558,0.016622066497802734,-0.3657139539718628,0.013986533507704735,2.017583131790161,0.9288513660430908
520,St. Louis,Commute Time,bg,1397,126,LightGCN,0,0.9963940978050232,0.3099919557571411,-0.5007989406585693,0.004378503188490868,1.4156800508499146,1.0207254886627197
521,St. Louis,Commute Time,bg,1397,126,LightGCN,1,0.9848796725273132,0.18522560596466064,-1.1376800537109375,0.018359962850809097,1.6716614961624146,1.453882098197937
522,St. Louis,Commute Time,bg,1397,126,LightGCN,2,0.9990150332450867,0.2991003394126892,-0.2993115186691284,0.0011960212141275406,1.4380263090133667,0.8836895823478699
523,St. Louis,Commute Time,bg,1397,126,LightGCN,3,0.9997740387916565,0.42556387186050415,-0.2558387517929077,0.0002743941731750965,1.178562879562378,0.8541228175163269
524,St. Louis,Commute Time,bg,1397,126,LightGCN,4,0.9959356784820557,0.46031612157821655,-0.8202590942382812,0.004935116972774267,1.1072620153427124,1.2379971742630005
525,St. Louis,Commute Time,bg,1397,126,LightGCN,5,0.9999736547470093,0.3944787383079529,-0.37832939624786377,3.196860052412376e-05,1.2423397302627563,0.9374313354492188
526,St. Louis,Commute Time,bg,1397,126,LightGCN,6,0.9984903931617737,0.340118944644928,-0.16381394863128662,0.0018330354942008853,1.3538689613342285,0.7915347814559937
527,St. Louis,Commute Time,bg,1397,126,LightGCN,7,0.9998081922531128,0.34532010555267334,-0.5850623846054077,0.0002329361013835296,1.3431978225708008,1.0780348777770996
528,St. Louis,Commute Time,bg,1397,126,LightGCN,8,0.999550461769104,0.08936399221420288,-0.5745358467102051,0.0005458864034153521,1.8683395385742188,1.0708755254745483
529,St. Louis,Commute Time,bg,1397,126,LightGCN,9,0.9983491897583008,0.2466186285018921,-0.6383974552154541,0.002004474401473999,1.545702338218689,1.1143091917037964
530,St. Louis,Commute Time,bg,1397,126,Feat-LightGCN,0,0.995499849319458,-0.42008328437805176,-0.5226184129714966,0.0054643121547997,2.9135656356811523,1.0355653762817383
531,St. Louis,Commute Time,bg,1397,126,Feat-LightGCN,1,0.999833881855011,-0.17627882957458496,-0.3149418830871582,0.00020167772890999913,2.4133553504943848,0.8943201303482056
532,St. Louis,Commute Time,bg,1397,126,Feat-LightGCN,2,0.9998708963394165,-0.21612334251403809,-0.8208581209182739,0.0001567500876262784,2.495103597640991,1.238404631614685
533,St. Louis,Commute Time,bg,1397,126,Feat-LightGCN,3,0.9890996217727661,-0.1669771671295166,-0.8119504451751709,0.013235887512564659,2.3942711353302,1.2323462963104248
534,St. Louis,Commute Time,bg,1397,126,Feat-LightGCN,4,0.9983459115028381,-0.31505751609802246,-0.8849719762802124,0.002008481416851282,2.6980855464935303,1.2820098400115967
535,St. Louis,Commute Time,bg,1397,126,Feat-LightGCN,5,0.999927282333374,-0.2544116973876953,-0.866970419883728,8.830700971884653e-05,2.5736594200134277,1.2697665691375732
536,St. Louis,Commute Time,bg,1397,126,Feat-LightGCN,6,0.9998788237571716,-0.062357306480407715,-0.839228630065918,0.00014713365817442536,2.179624080657959,1.250898838043213
537,St. Louis,Commute Time,bg,1397,126,Feat-LightGCN,7,0.9999380111694336,-0.07491302490234375,-0.29916512966156006,7.528917194576934e-05,2.2053844928741455,0.883590042591095
538,St. Louis,Commute Time,bg,1397,126,Feat-LightGCN,8,0.9999254941940308,-0.3029460906982422,-0.8701519966125488,9.049515938386321e-05,2.673236608505249,1.271930456161499
539,St. Louis,Commute Time,bg,1397,126,Feat-LightGCN,9,0.9997677803039551,-0.13044381141662598,-0.5489182472229004,0.0002819744113367051,2.3193161487579346,1.053452491760254
540,St. Louis,Commute Time,bg,1397,126,Feat\&PC-LightGCN,0,0.9960650205612183,0.016721785068511963,0.4557797908782959,0.004778085742145777,2.017378568649292,0.3701358139514923
541,St. Louis,Commute Time,bg,1397,126,Feat\&PC-LightGCN,1,0.9999593496322632,0.049711763858795166,0.497469425201416,4.936673940392211e-05,1.9496934413909912,0.3417817950248718
542,St. Louis,Commute Time,bg,1397,126,Feat\&PC-LightGCN,2,0.9999756217002869,-0.0004134178161621094,0.37285858392715454,2.95911177090602e-05,2.052534580230713,0.4265322983264923
543,St. Louis,Commute Time,bg,1397,126,Feat\&PC-LightGCN,3,0.999932050704956,-0.03639507293701172,0.4004288911819458,8.249566599261016e-05,2.1263575553894043,0.4077811539173126
544,St. Louis,Commute Time,bg,1397,126,Feat\&PC-LightGCN,4,0.9989116191864014,-0.10977065563201904,0.23618340492248535,0.001321576302871108,2.2769012451171875,0.5194880366325378
545,St. Louis,Commute Time,bg,1397,126,Feat\&PC-LightGCN,5,0.9988371133804321,-0.21909701824188232,0.29340142011642456,0.001412034616805613,2.5012047290802,0.48057281970977783
546,St. Louis,Commute Time,bg,1397,126,Feat\&PC-LightGCN,6,0.9999682307243347,-0.07456600666046143,0.34818124771118164,3.8545727875316516e-05,2.2046725749969482,0.44331592321395874
547,St. Louis,Commute Time,bg,1397,126,Feat\&PC-LightGCN,7,0.9998548030853271,-0.18723273277282715,0.37858617305755615,0.0001763190230121836,2.4358294010162354,0.42263686656951904
548,St. Louis,Commute Time,bg,1397,126,Feat\&PC-LightGCN,8,0.9999470710754395,-0.42354774475097656,0.38176625967025757,6.426779873436317e-05,2.9206736087799072,0.42047402262687683
549,St. Louis,Commute Time,bg,1397,126,Feat\&PC-LightGCN,9,0.9723565578460693,0.08788657188415527,0.36888325214385986,0.03356627747416496,1.8713706731796265,0.4292359948158264
550,St. Louis,Commute Time,bg,1397,126,NoPreTrain,0,0.9982696175575256,-2.478869915008545,-3.908914566040039,0.0021011601202189922,7.137549877166748,3.338657855987549
551,St. Louis,Commute Time,bg,1397,126,NoPreTrain,1,0.9997294545173645,-0.34931397438049316,-0.3642125129699707,0.0003284997073933482,2.768369197845459,0.927830159664154
552,St. Louis,Commute Time,bg,1397,126,NoPreTrain,2,0.9947082996368408,-0.9493739604949951,-2.0970842838287354,0.006425464525818825,3.9995040893554688,2.106393337249756
553,St. Louis,Commute Time,bg,1397,126,NoPreTrain,3,0.9992631077766418,-0.8776891231536865,-0.4334632158279419,0.000894761411473155,3.852429151535034,0.9749289751052856
554,St. Louis,Commute Time,bg,1397,126,NoPreTrain,4,0.9985873103141785,-1.0298519134521484,-1.572927474975586,0.0017153974622488022,4.1646199226379395,1.7499032020568848
555,St. Louis,Commute Time,bg,1397,126,NoPreTrain,5,0.995173454284668,-0.6909477710723877,-0.43426382541656494,0.005860650446265936,3.469294548034668,0.9754735231399536
556,St. Louis,Commute Time,bg,1397,126,NoPreTrain,6,0.9989084005355835,-0.5523943901062012,-0.6521080732345581,0.0013254679506644607,3.1850266456604004,1.1236340999603271
557,St. Louis,Commute Time,bg,1397,126,NoPreTrain,7,0.9994344711303711,-2.51279354095459,-6.36260986328125,0.000686698011122644,7.207150936126709,5.0074687004089355
558,St. Louis,Commute Time,bg,1397,126,NoPreTrain,8,0.9959225654602051,-0.5213747024536133,-1.9860129356384277,0.004951059352606535,3.1213836669921875,2.030851364135742
559,St. Louis,Commute Time,bg,1397,126,NoPreTrain,9,0.9996933341026306,-1.0610952377319336,-1.686142921447754,0.0003723636327777058,4.2287211418151855,1.8269034624099731
560,St. Louis,Median Age,bg,9395,819,Emb,0,0.982350766658783,-0.9030128717422485,-0.7265802621841431,0.014358545653522015,1.472603440284729,1.2114601135253906
561,St. Louis,Median Age,bg,9395,819,Emb,1,0.992705762386322,-0.902452826499939,-0.8514931201934814,0.005934231448918581,1.4721699953079224,1.2991055250167847
562,St. Louis,Median Age,bg,9395,819,Emb,2,0.9738733172416687,-0.8107163906097412,-0.9132013320922852,0.021255357190966606,1.4011818170547485,1.3424032926559448
563,St. Louis,Median Age,bg,9395,819,Emb,3,0.9785404801368713,-0.9510358572006226,-1.1760692596435547,0.017458369955420494,1.5097649097442627,1.5268454551696777
564,St. Louis,Median Age,bg,9395,819,Emb,4,0.9820355772972107,-0.7902605533599854,-1.0000770092010498,0.014614942483603954,1.3853524923324585,1.4033598899841309
565,St. Louis,Median Age,bg,9395,819,Emb,5,0.9819339513778687,-0.9096693992614746,-0.901868462562561,0.014697609469294548,1.4777543544769287,1.334451675415039
566,St. Louis,Median Age,bg,9395,819,Emb,6,0.9895337820053101,-0.9936612844467163,-0.6899245977401733,0.008514790795743465,1.5427496433258057,1.18574059009552
567,St. Louis,Median Age,bg,9395,819,Emb,7,0.959074079990387,-0.9475939273834229,-0.6801238059997559,0.03329525887966156,1.5071015357971191,1.178863763809204
568,St. Louis,Median Age,bg,9395,819,Emb,8,0.9838958382606506,-0.7501367330551147,-0.6255998611450195,0.013101542368531227,1.3543037176132202,1.1406069993972778
569,St. Louis,Median Age,bg,9395,819,Emb,9,0.9909300208091736,-0.9553369283676147,-0.7734192609786987,0.007378859911113977,1.513093113899231,1.244324803352356
570,St. Louis,Median Age,bg,9395,819,RGNN,0,0.7045924663543701,-0.6568988561630249,-1.0322725772857666,0.24032866954803467,1.282153606414795,1.425950050354004
571,St. Louis,Median Age,bg,9395,819,RGNN,1,0.5452326536178589,-0.28225767612457275,-0.5003429651260376,0.3699757158756256,0.9922460317611694,1.052720069885254
572,St. Louis,Median Age,bg,9395,819,RGNN,2,0.46074217557907104,-0.30362045764923096,-0.36271584033966064,0.4387129545211792,1.008777141571045,0.9561535716056824
573,St. Louis,Median Age,bg,9395,819,RGNN,3,0.5583609342575073,-0.4384899139404297,-0.5053315162658691,0.3592952489852905,1.1131428480148315,1.056220293045044
574,St. Louis,Median Age,bg,9395,819,RGNN,4,0.5780841112136841,-0.5906535387039185,-0.8519333600997925,0.34324944019317627,1.2308911085128784,1.2994145154953003
575,St. Louis,Median Age,bg,9395,819,RGNN,5,0.8443067073822021,-0.8804779052734375,-0.7998982667922974,0.1266642063856125,1.4551652669906616,1.2629039287567139
576,St. Louis,Median Age,bg,9395,819,RGNN,6,0.8300535678863525,-0.7135803699493408,-0.9891830682754517,0.1382598578929901,1.3260153532028198,1.3957161903381348
577,St. Louis,Median Age,bg,9395,819,RGNN,7,0.707290768623352,-0.44872331619262695,-0.8278181552886963,0.23813344538211823,1.1210618019104004,1.2824939489364624
578,St. Louis,Median Age,bg,9395,819,RGNN,8,0.535147488117218,-0.28684282302856445,-0.35123515129089355,0.37818053364753723,0.9957941770553589,0.9480981826782227
579,St. Louis,Median Age,bg,9395,819,RGNN,9,0.7285861372947693,-0.6268293857574463,-0.9031167030334473,0.22080862522125244,1.2588850259780884,1.335327386856079
580,St. Louis,Median Age,bg,9395,819,Feat-RGNN,0,0.5541855692863464,-0.41971325874328613,-0.4571559429168701,0.36269211769104004,1.098612904548645,1.0224177837371826
581,St. Louis,Median Age,bg,9395,819,Feat-RGNN,1,0.47787773609161377,-0.014994025230407715,-0.11178112030029297,0.4247722923755646,0.7854301929473877,0.780084490776062
582,St. Louis,Median Age,bg,9395,819,Feat-RGNN,2,0.556435763835907,-0.45552217960357666,-0.42106759548187256,0.36086148023605347,1.126322865486145,0.9970963001251221
583,St. Louis,Median Age,bg,9395,819,Feat-RGNN,3,0.5242677330970764,-0.2940514087677002,-0.29367995262145996,0.38703176379203796,1.0013723373413086,0.9077143669128418
584,St. Louis,Median Age,bg,9395,819,Feat-RGNN,4,0.6872375011444092,-0.4041249752044678,-0.34629547595977783,0.2544477880001068,1.086550235748291,0.9446321725845337
585,St. Louis,Median Age,bg,9395,819,Feat-RGNN,5,0.58772873878479,-0.36412203311920166,-0.6599704027175903,0.33540311455726624,1.0555949211120605,1.1647230386734009
586,St. Louis,Median Age,bg,9395,819,Feat-RGNN,6,0.5804129838943481,-0.22062814235687256,-0.5226150751113892,0.3413548171520233,0.944555401802063,1.0683473348617554
587,St. Louis,Median Age,bg,9395,819,Feat-RGNN,7,0.41191738843917847,-0.06058323383331299,-0.16212666034698486,0.47843432426452637,0.8207082748413086,0.8154096007347107
588,St. Louis,Median Age,bg,9395,819,Feat-RGNN,8,0.5406512022018433,-0.16069376468658447,-0.16435539722442627,0.3737029731273651,0.8981766104698181,0.8169734477996826
589,St. Louis,Median Age,bg,9395,819,Feat-RGNN,9,0.5776974558830261,-0.17418229579925537,-0.7688860893249512,0.3435640335083008,0.9086143970489502,1.2411441802978516
590,St. Louis,Median Age,bg,9395,819,Feat\&PC-RGNN,0,0.7190263271331787,-0.3079409599304199,-0.33406925201416016,0.22858603298664093,1.0121204853057861,0.9360535740852356
591,St. Louis,Median Age,bg,9395,819,Feat\&PC-RGNN,1,0.7586376667022705,-0.20908594131469727,-0.5419268608093262,0.19636020064353943,0.9356237053871155,1.081897497177124
592,St. Louis,Median Age,bg,9395,819,Feat\&PC-RGNN,2,0.4988255500793457,-0.1654512882232666,-0.5767589807510376,0.40773025155067444,0.9018580913543701,1.106337547302246
593,St. Louis,Median Age,bg,9395,819,Feat\&PC-RGNN,3,0.48981690406799316,-0.13861024379730225,-0.35238170623779297,0.4150592088699341,0.8810877203941345,0.9489026069641113
594,St. Louis,Median Age,bg,9395,819,Feat\&PC-RGNN,4,0.6615275144577026,-0.12972533702850342,-0.5162311792373657,0.2753641605377197,0.8742123246192932,1.0638680458068848
595,St. Louis,Median Age,bg,9395,819,Feat\&PC-RGNN,5,0.7365309000015259,-0.09380173683166504,-0.31843316555023193,0.21434514224529266,0.8464136719703674,0.9250825047492981
596,St. Louis,Median Age,bg,9395,819,Feat\&PC-RGNN,6,0.7743497490882874,-0.3636789321899414,-0.8204786777496338,0.18357765674591064,1.0552520751953125,1.2773442268371582
597,St. Louis,Median Age,bg,9395,819,Feat\&PC-RGNN,7,0.6187710762023926,-0.24403083324432373,-0.44106268882751465,0.3101486265659332,0.9626650810241699,1.011125922203064
598,St. Louis,Median Age,bg,9395,819,Feat\&PC-RGNN,8,0.7650831341743469,-0.19417810440063477,-0.6588798761367798,0.19111652672290802,0.9240877032279968,1.163957953453064
599,St. Louis,Median Age,bg,9395,819,Feat\&PC-RGNN,9,0.5762923955917358,-0.3431590795516968,-0.6292613744735718,0.34470710158348083,1.0393732786178589,1.1431759595870972
600,St. Louis,Median Age,bg,9395,819,LightGCN,0,0.7602983713150024,-0.29112565517425537,-0.8222949504852295,0.19500915706157684,0.9991083145141602,1.278618574142456
601,St. Louis,Median Age,bg,9395,819,LightGCN,1,0.8299689888954163,-0.6946710348129272,-1.3013725280761719,0.1383286565542221,1.31138277053833,1.614764928817749
602,St. Louis,Median Age,bg,9395,819,LightGCN,2,0.685265302658081,-0.37779176235198975,-0.864598274230957,0.25605225563049316,1.0661729574203491,1.3083008527755737
603,St. Louis,Median Age,bg,9395,819,LightGCN,3,0.8175426721572876,-0.618221640586853,-1.0024945735931396,0.14843809604644775,1.2522242069244385,1.4050562381744385
604,St. Louis,Median Age,bg,9395,819,LightGCN,4,0.7070363759994507,-0.4544711112976074,-0.8253355026245117,0.23834039270877838,1.12550950050354,1.2807520627975464
605,St. Louis,Median Age,bg,9395,819,LightGCN,5,0.806954026222229,-0.39194679260253906,-0.958275318145752,0.15705248713493347,1.0771265029907227,1.3740296363830566
606,St. Louis,Median Age,bg,9395,819,LightGCN,6,0.8553894758224487,-0.3795475959777832,-0.9790568351745605,0.11764780431985855,1.067531704902649,1.388611078262329
607,St. Louis,Median Age,bg,9395,819,LightGCN,7,0.8075352311134338,-0.2009793519973755,-1.081691026687622,0.1565796136856079,0.9293506741523743,1.4606245756149292
608,St. Louis,Median Age,bg,9395,819,LightGCN,8,0.7773974537849426,-0.425042986869812,-0.9832576513290405,0.18109820783138275,1.1027371883392334,1.3915585279464722
609,St. Louis,Median Age,bg,9395,819,LightGCN,9,0.858317494392395,-0.47995471954345703,-1.0539436340332031,0.11526571959257126,1.145229458808899,1.4411555528640747
610,St. Louis,Median Age,bg,9395,819,Feat-LightGCN,0,0.9747940301895142,-0.727272629737854,-1.1173911094665527,0.020506316795945168,1.3366107940673828,1.4856736660003662
611,St. Louis,Median Age,bg,9395,819,Feat-LightGCN,1,0.920939564704895,-0.45755672454833984,-1.2115983963012695,0.06431959569454193,1.1278972625732422,1.551774501800537
612,St. Louis,Median Age,bg,9395,819,Feat-LightGCN,2,0.8947817087173462,-0.8342165946960449,-1.2337455749511719,0.08560031652450562,1.4193669557571411,1.5673141479492188
613,St. Louis,Median Age,bg,9395,819,Feat-LightGCN,3,0.9491161704063416,-0.4549560546875,-0.9579774141311646,0.04139653220772743,1.125884771347046,1.3738206624984741
614,St. Louis,Median Age,bg,9395,819,Feat-LightGCN,4,0.9165621399879456,-0.4938911199569702,-0.9863256216049194,0.06788082420825958,1.1560137271881104,1.3937112092971802
615,St. Louis,Median Age,bg,9395,819,Feat-LightGCN,5,0.9433580040931702,-0.6405143737792969,-0.9853477478027344,0.0460810624063015,1.2694748640060425,1.3930250406265259
616,St. Louis,Median Age,bg,9395,819,Feat-LightGCN,6,0.9263051152229309,-0.6514060497283936,-1.0908722877502441,0.059954430907964706,1.2779030799865723,1.4670666456222534
617,St. Louis,Median Age,bg,9395,819,Feat-LightGCN,7,0.978168249130249,-0.813366174697876,-1.1085410118103027,0.017761189490556717,1.4032323360443115,1.479464054107666
618,St. Louis,Median Age,bg,9395,819,Feat-LightGCN,8,0.947455108165741,-0.6803872585296631,-1.0430126190185547,0.042747870087623596,1.3003296852111816,1.4334858655929565
619,St. Louis,Median Age,bg,9395,819,Feat-LightGCN,9,0.9204875230789185,-0.43852686882019043,-0.7853827476501465,0.06468735635280609,1.1131714582443237,1.2527190446853638
620,St. Louis,Median Age,bg,9395,819,Feat\&PC-LightGCN,0,0.9705364108085632,-0.5528242588043213,-0.7305037975311279,0.02397010289132595,1.201617956161499,1.2142131328582764
621,St. Louis,Median Age,bg,9395,819,Feat\&PC-LightGCN,1,0.9668779969215393,-0.6071449518203735,-0.8608524799346924,0.026946410536766052,1.2436527013778687,1.3056726455688477
622,St. Louis,Median Age,bg,9395,819,Feat\&PC-LightGCN,2,0.9780253171920776,-0.6101926565170288,-0.9230602979660034,0.017877500504255295,1.2460111379623413,1.349320888519287
623,St. Louis,Median Age,bg,9395,819,Feat\&PC-LightGCN,3,0.9615164399147034,-0.6918356418609619,-0.7398862838745117,0.031308289617300034,1.3091886043548584,1.2207963466644287
624,St. Louis,Median Age,bg,9395,819,Feat\&PC-LightGCN,4,0.9442525506019592,-0.9947084188461304,-0.9023996591567993,0.045353297144174576,1.5435599088668823,1.3348243236541748
625,St. Louis,Median Age,bg,9395,819,Feat\&PC-LightGCN,5,0.974219799041748,-0.5941330194473267,-0.5844430923461914,0.02097346819937229,1.233583688735962,1.1117291450500488
626,St. Louis,Median Age,bg,9395,819,Feat\&PC-LightGCN,6,0.9739692807197571,-0.7833393812179565,-0.8130780458450317,0.02117726393043995,1.3799967765808105,1.2721515893936157
627,St. Louis,Median Age,bg,9395,819,Feat\&PC-LightGCN,7,0.960758626461029,-0.5866445302963257,-0.6718966960906982,0.03192479908466339,1.2277889251708984,1.1730912923812866
628,St. Louis,Median Age,bg,9395,819,Feat\&PC-LightGCN,8,0.9730779528617859,-0.6872130632400513,-0.5817817449569702,0.02190239727497101,1.3056116104125977,1.1098618507385254
629,St. Louis,Median Age,bg,9395,819,Feat\&PC-LightGCN,9,0.9765727519989014,-0.37978899478912354,-0.9331544637680054,0.019059214740991592,1.0677183866500854,1.3564035892486572
630,St. Louis,Median Age,bg,9395,819,NoPreTrain,0,0.9860916137695312,-1.580169439315796,-0.9882538318634033,0.011315174400806427,1.996605634689331,1.3950642347335815
631,St. Louis,Median Age,bg,9395,819,NoPreTrain,1,0.9590064287185669,-1.5560212135314941,-1.461911916732788,0.033350296318531036,1.977919101715088,1.727407693862915
632,St. Louis,Median Age,bg,9395,819,NoPreTrain,2,0.9318057298660278,-1.164668083190918,-1.140580654144287,0.055479440838098526,1.675079345703125,1.5019447803497314
633,St. Louis,Median Age,bg,9395,819,NoPreTrain,3,0.936058521270752,-1.5405709743499756,-1.0552423000335693,0.05201954394578934,1.9659632444381714,1.4420667886734009
634,St. Louis,Median Age,bg,9395,819,NoPreTrain,4,0.9510623216629028,-1.1235668659210205,-1.4258942604064941,0.03981321305036545,1.6432740688323975,1.7021358013153076
635,St. Louis,Median Age,bg,9395,819,NoPreTrain,5,0.9761043190956116,-0.9705957174301147,-0.7531405687332153,0.019440319389104843,1.5249009132385254,1.2300962209701538
636,St. Louis,Median Age,bg,9395,819,NoPreTrain,6,0.9819373488426208,-1.6515493392944336,-1.3535690307617188,0.01469484157860279,2.0518412590026855,1.6513886451721191
637,St. Louis,Median Age,bg,9395,819,NoPreTrain,7,0.9686437249183655,-0.928673267364502,-0.6602922677993774,0.025509895756840706,1.4924601316452026,1.1649489402770996
638,St. Louis,Median Age,bg,9395,819,NoPreTrain,8,0.9685944318771362,-1.3754873275756836,-0.8638427257537842,0.02554999850690365,1.83821702003479,1.3077707290649414
639,St. Louis,Median Age,bg,9395,819,NoPreTrain,9,0.9889464974403381,-0.969271183013916,-1.3438832759857178,0.008992579765617847,1.5238759517669678,1.6445926427841187
640,Indianapolis,Median Income,bg,6145,489,Emb,0,0.9947117567062378,-0.130029559135437,-0.2105426788330078,0.004719058983027935,0.8229740858078003,1.3055518865585327
641,Indianapolis,Median Income,bg,6145,489,Emb,1,0.9964478611946106,-0.08047866821289062,-0.04739797115325928,0.003169834380969405,0.7868873476982117,1.1296026706695557
642,Indianapolis,Median Income,bg,6145,489,Emb,2,0.9963235855102539,-0.18509316444396973,-0.266748309135437,0.0032807327806949615,0.8630756735801697,1.366168737411499
643,Indianapolis,Median Income,bg,6145,489,Emb,3,0.9989982843399048,-0.40177106857299805,-0.10855305194854736,0.0008939191466197371,1.0208770036697388,1.1955574750900269
644,Indianapolis,Median Income,bg,6145,489,Emb,4,0.9962136745452881,-0.198347806930542,-0.12054574489593506,0.00337878055870533,0.872728705406189,1.2084914445877075
645,Indianapolis,Median Income,bg,6145,489,Emb,5,0.9915540218353271,-0.18406617641448975,-0.11683356761932373,0.007536965422332287,0.8623277544975281,1.204487919807434
646,Indianapolis,Median Income,bg,6145,489,Emb,6,0.9782586097717285,-0.24840402603149414,-0.1566697359085083,0.019401375204324722,0.9091834425926208,1.247450590133667
647,Indianapolis,Median Income,bg,6145,489,Emb,7,0.9991886019706726,-0.28167641162872314,-0.2493302822113037,0.0007240690174512565,0.9334149956703186,1.3473836183547974
648,Indianapolis,Median Income,bg,6145,489,Emb,8,0.9982706904411316,-0.14234721660614014,-0.09164738655090332,0.0015431802021339536,0.8319447636604309,1.1773251295089722
649,Indianapolis,Median Income,bg,6145,489,Emb,9,0.9977667331695557,-0.14155781269073486,-0.13136732578277588,0.001992907840758562,0.8313698172569275,1.2201623916625977
650,Indianapolis,Median Income,bg,6145,489,RGNN,0,0.8924560546875,0.15809810161590576,-0.14320027828216553,0.09596910327672958,0.6131374835968018,1.2329241037368774
651,Indianapolis,Median Income,bg,6145,489,RGNN,1,0.8712611794471741,0.07958722114562988,-0.1286609172821045,0.11488278210163116,0.6703150868415833,1.2172435522079468
652,Indianapolis,Median Income,bg,6145,489,RGNN,2,0.8242052793502808,0.14854669570922852,-0.2274113893508911,0.15687412023544312,0.6200935244560242,1.323744535446167
653,Indianapolis,Median Income,bg,6145,489,RGNN,3,0.923255205154419,0.13908052444458008,-0.46953916549682617,0.06848485767841339,0.6269875168800354,1.5848755836486816
654,Indianapolis,Median Income,bg,6145,489,RGNN,4,0.9038881063461304,0.2103840708732605,-0.20267736911773682,0.0857674852013588,0.5750588178634644,1.2970691919326782
655,Indianapolis,Median Income,bg,6145,489,RGNN,5,0.8799240589141846,0.1706465482711792,-0.25387895107269287,0.1071522906422615,0.6039987206459045,1.3522893190383911
656,Indianapolis,Median Income,bg,6145,489,RGNN,6,0.8047575950622559,-0.011182308197021484,0.08452779054641724,0.17422868311405182,0.7364204525947571,0.9873228073120117
657,Indianapolis,Median Income,bg,6145,489,RGNN,7,0.9454402923583984,-0.008694171905517578,-0.35250604152679443,0.04868751019239426,0.7346084117889404,1.458657145500183
658,Indianapolis,Median Income,bg,6145,489,RGNN,8,0.9143283367156982,0.09399551153182983,-0.044855475425720215,0.07645091414451599,0.6598218679428101,1.1268606185913086
659,Indianapolis,Median Income,bg,6145,489,RGNN,9,0.8117294311523438,0.16214174032211304,-0.17704987525939941,0.16800719499588013,0.610192596912384,1.26943039894104
660,Indianapolis,Median Income,bg,6145,489,Feat-RGNN,0,0.7860748767852783,0.05194216966629028,0.03556245565414429,0.19090059399604797,0.6904483437538147,1.0401312112808228
661,Indianapolis,Median Income,bg,6145,489,Feat-RGNN,1,0.8625636696815491,-0.3748455047607422,-0.4403378963470459,0.12264419347047806,1.001267910003662,1.553382396697998
662,Indianapolis,Median Income,bg,6145,489,Feat-RGNN,2,0.9264113903045654,-0.036960601806640625,-0.19023048877716064,0.06566833704710007,0.7551941275596619,1.2836453914642334
663,Indianapolis,Median Income,bg,6145,489,Feat-RGNN,3,0.9274680614471436,-0.0847923755645752,-0.37826013565063477,0.0647253766655922,0.7900289297103882,1.4864325523376465
664,Indianapolis,Median Income,bg,6145,489,Feat-RGNN,4,0.9358850717544556,-0.08801472187042236,-0.5411901473999023,0.05721431225538254,0.7923756837844849,1.6621500253677368
665,Indianapolis,Median Income,bg,6145,489,Feat-RGNN,5,0.843501627445221,-0.08825206756591797,-0.021302342414855957,0.13965462148189545,0.7925485372543335,1.10145902633667
666,Indianapolis,Median Income,bg,6145,489,Feat-RGNN,6,0.7878514528274536,0.049877941608428955,-0.10731589794158936,0.18931519985198975,0.6919516921043396,1.1942232847213745
667,Indianapolis,Median Income,bg,6145,489,Feat-RGNN,7,0.930230438709259,-0.18191802501678467,-1.420884370803833,0.062260325998067856,0.8607632517814636,2.610886812210083
668,Indianapolis,Median Income,bg,6145,489,Feat-RGNN,8,0.7744184732437134,0.07598668336868286,-0.1763904094696045,0.2013024538755417,0.672937273979187,1.2687190771102905
669,Indianapolis,Median Income,bg,6145,489,Feat-RGNN,9,0.6550418734550476,0.14308780431747437,0.215950608253479,0.30783066153526306,0.6240691542625427,0.8455853462219238
670,Indianapolis,Median Income,bg,6145,489,Feat\&PC-RGNN,0,0.9486702084541321,0.18920403718948364,-0.10936462879180908,0.04580521956086159,0.5904837846755981,1.1964328289031982
671,Indianapolis,Median Income,bg,6145,489,Feat\&PC-RGNN,1,0.9382543563842773,-0.0770043134689331,-0.11572444438934326,0.055100034922361374,0.7843570113182068,1.203291893005371
672,Indianapolis,Median Income,bg,6145,489,Feat\&PC-RGNN,2,0.8837794661521912,0.051535069942474365,-0.11100530624389648,0.10371182858943939,0.6907448172569275,1.1982022523880005
673,Indianapolis,Median Income,bg,6145,489,Feat\&PC-RGNN,3,0.8721200227737427,0.04142343997955322,-0.10943388938903809,0.11411639302968979,0.6981089115142822,1.196507453918457
674,Indianapolis,Median Income,bg,6145,489,Feat\&PC-RGNN,4,0.9379565715789795,-0.25635313987731934,-0.07695245742797852,0.05536575987935066,0.9149726629257202,1.161476731300354
675,Indianapolis,Median Income,bg,6145,489,Feat\&PC-RGNN,5,0.9080585241317749,-0.10488831996917725,0.08171319961547852,0.08204594254493713,0.8046643137931824,0.990358293056488
676,Indianapolis,Median Income,bg,6145,489,Feat\&PC-RGNN,6,0.8470655679702759,0.01815962791442871,0.09098869562149048,0.13647425174713135,0.7150513529777527,0.9803548455238342
677,Indianapolis,Median Income,bg,6145,489,Feat\&PC-RGNN,7,0.9187099933624268,0.016376137733459473,-0.14718270301818848,0.07254082709550858,0.716350257396698,1.2372190952301025
678,Indianapolis,Median Income,bg,6145,489,Feat\&PC-RGNN,8,0.8820961117744446,0.17899787425994873,0.17039144039154053,0.10521401464939117,0.5979166626930237,0.894720196723938
679,Indianapolis,Median Income,bg,6145,489,Feat\&PC-RGNN,9,0.8888708353042603,-0.334894061088562,0.01029825210571289,0.09916847199201584,0.9721720814704895,1.0673781633377075
680,Indianapolis,Median Income,bg,6145,489,LightGCN,0,0.8711332082748413,0.11744421720504761,0.20530074834823608,0.1149970069527626,0.6427447199821472,0.8570709824562073
681,Indianapolis,Median Income,bg,6145,489,LightGCN,1,0.9561495780944824,0.17588883638381958,-0.055977582931518555,0.03913085535168648,0.6001808643341064,1.1388558149337769
682,Indianapolis,Median Income,bg,6145,489,LightGCN,2,0.869727611541748,0.16989952325820923,0.12304627895355225,0.11625132709741592,0.6045427918434143,0.9457812309265137
683,Indianapolis,Median Income,bg,6145,489,LightGCN,3,0.9480887055397034,0.11017149686813354,0.08881819248199463,0.046324122697114944,0.6480412483215332,0.9826956987380981
684,Indianapolis,Median Income,bg,6145,489,LightGCN,4,0.9436035752296448,0.1864193081855774,0.09437310695648193,0.050326552242040634,0.592511773109436,0.9767048358917236
685,Indianapolis,Median Income,bg,6145,489,LightGCN,5,0.9705528020858765,0.2711697220802307,0.1196134090423584,0.026277830824255943,0.5307900309562683,0.9494835138320923
686,Indianapolis,Median Income,bg,6145,489,LightGCN,6,0.922709584236145,0.17158693075180054,0.11741089820861816,0.06897175312042236,0.6033138632774353,0.9518589377403259
687,Indianapolis,Median Income,bg,6145,489,LightGCN,7,0.9464621543884277,0.23544657230377197,0.1000928282737732,0.047775596380233765,0.5568063855171204,0.9705361127853394
688,Indianapolis,Median Income,bg,6145,489,LightGCN,8,0.9637566804885864,0.29369956254959106,0.10022789239883423,0.03234248235821724,0.5143821239471436,0.9703904986381531
689,Indianapolis,Median Income,bg,6145,489,LightGCN,9,0.9333932399749756,0.22184574604034424,0.046558260917663574,0.05943797156214714,0.5667115449905396,1.0282723903656006
690,Indianapolis,Median Income,bg,6145,489,Feat-LightGCN,0,0.9948793649673462,0.2392047643661499,0.10387885570526123,0.004569488111883402,0.5540693402290344,0.9664530158042908
691,Indianapolis,Median Income,bg,6145,489,Feat-LightGCN,1,0.9868045449256897,0.06910830736160278,0.16863083839416504,0.011775252409279346,0.6779466867446899,0.8966189622879028
692,Indianapolis,Median Income,bg,6145,489,Feat-LightGCN,2,0.9826521873474121,0.02385002374649048,0.2563633322715759,0.015480700880289078,0.7109072208404541,0.8020007610321045
693,Indianapolis,Median Income,bg,6145,489,Feat-LightGCN,3,0.9886049628257751,0.0648268461227417,0.05973553657531738,0.010168587788939476,0.681064784526825,1.0140608549118042
694,Indianapolis,Median Income,bg,6145,489,Feat-LightGCN,4,0.9707586765289307,0.2687571048736572,0.13005977869033813,0.026094136759638786,0.532547116279602,0.9382172226905823
695,Indianapolis,Median Income,bg,6145,489,Feat-LightGCN,5,0.9866439700126648,0.004050552845001221,0.09392446279525757,0.011918559670448303,0.7253267168998718,0.9771886467933655
696,Indianapolis,Median Income,bg,6145,489,Feat-LightGCN,6,0.990274965763092,-0.11128616333007812,0.1517520546913147,0.00867833849042654,0.809323787689209,0.9148224592208862
697,Indianapolis,Median Income,bg,6145,489,Feat-LightGCN,7,0.9829606413841248,0.20678138732910156,0.11328375339508057,0.015205451287329197,0.5776825547218323,0.956309974193573
698,Indianapolis,Median Income,bg,6145,489,Feat-LightGCN,8,0.9683247804641724,0.2837521433830261,0.1070299744606018,0.028266048058867455,0.5216265916824341,0.9630545973777771
699,Indianapolis,Median Income,bg,6145,489,Feat-LightGCN,9,0.9737275242805481,0.06939339637756348,0.21316015720367432,0.023444820195436478,0.6777390241622925,0.8485947251319885
700,Indianapolis,Median Income,bg,6145,489,Feat\&PC-LightGCN,0,0.9915944337844849,0.3312937021255493,0.22390437126159668,0.007500858511775732,0.4870031774044037,0.8370073437690735
701,Indianapolis,Median Income,bg,6145,489,Feat\&PC-LightGCN,1,0.9833510518074036,0.3189966082572937,0.2398504614830017,0.014857061207294464,0.4959588348865509,0.8198096752166748
702,Indianapolis,Median Income,bg,6145,489,Feat\&PC-LightGCN,2,0.9927800297737122,0.2701337933540344,0.28098177909851074,0.006442908197641373,0.5315445065498352,0.7754501700401306
703,Indianapolis,Median Income,bg,6145,489,Feat\&PC-LightGCN,3,0.9941420555114746,0.29663336277008057,0.15885567665100098,0.005227455869317055,0.5122454762458801,0.907161295413971
704,Indianapolis,Median Income,bg,6145,489,Feat\&PC-LightGCN,4,0.9848895072937012,0.3124046325683594,0.3275673985481262,0.013484159484505653,0.5007596015930176,0.7252082824707031
705,Indianapolis,Median Income,bg,6145,489,Feat\&PC-LightGCN,5,0.9945513010025024,0.13713067770004272,0.25764816999435425,0.00486224889755249,0.6284075975418091,0.800615131855011
706,Indianapolis,Median Income,bg,6145,489,Feat\&PC-LightGCN,6,0.9921876788139343,0.2980693578720093,0.18983381986618042,0.006971507333219051,0.5111996531486511,0.8737518787384033
707,Indianapolis,Median Income,bg,6145,489,Feat\&PC-LightGCN,7,0.9964559078216553,0.27875155210494995,0.21811586618423462,0.0031626259442418814,0.5252683758735657,0.8432500958442688
708,Indianapolis,Median Income,bg,6145,489,Feat\&PC-LightGCN,8,0.9862099289894104,0.3478819727897644,0.19930648803710938,0.012305837124586105,0.4749223291873932,0.8635357618331909
709,Indianapolis,Median Income,bg,6145,489,Feat\&PC-LightGCN,9,0.9942446351051331,0.2726230025291443,0.20878171920776367,0.005135912913829088,0.5297316908836365,0.8533168435096741
710,Indianapolis,Median Income,bg,6145,489,NoPreTrain,0,0.9976819753646851,-0.10206210613250732,-0.22366666793823242,0.0020685414783656597,0.8026061058044434,1.319705843925476
711,Indianapolis,Median Income,bg,6145,489,NoPreTrain,1,0.9966622591018677,-0.13913071155548096,-0.31724536418914795,0.0029784850776195526,0.8296023011207581,1.4206290245056152
712,Indianapolis,Median Income,bg,6145,489,NoPreTrain,2,0.9978243708610535,-0.2314373254776001,0.09672099351882935,0.0019414827693253756,0.896826982498169,0.9741726517677307
713,Indianapolis,Median Income,bg,6145,489,NoPreTrain,3,0.9778012633323669,-0.5423412322998047,-0.3115156888961792,0.019809523597359657,1.1232510805130005,1.414449691772461
714,Indianapolis,Median Income,bg,6145,489,NoPreTrain,4,0.9924049377441406,-0.3612782955169678,-0.017343997955322266,0.006777594797313213,0.9913871884346008,1.0971899032592773
715,Indianapolis,Median Income,bg,6145,489,NoPreTrain,5,0.9962631464004517,-0.3378812074661255,0.13419127464294434,0.0033346794079989195,0.9743476510047913,0.9337615370750427
716,Indianapolis,Median Income,bg,6145,489,NoPreTrain,6,0.9957826733589172,-0.5949215888977051,-0.35535311698913574,0.0037634018808603287,1.1615440845489502,1.4617277383804321
717,Indianapolis,Median Income,bg,6145,489,NoPreTrain,7,0.9968466758728027,0.0047609806060791016,-0.24765419960021973,0.0028139182832092047,0.7248092889785767,1.3455760478973389
718,Indianapolis,Median Income,bg,6145,489,NoPreTrain,8,0.986408531665802,-0.27820277214050293,0.09662717580795288,0.012128634378314018,0.9308851361274719,0.9742738604545593
719,Indianapolis,Median Income,bg,6145,489,NoPreTrain,9,0.9958613514900208,-0.04306793212890625,0.07887226343154907,0.003693226957693696,0.7596420049667358,0.9934222102165222
720,Indianapolis,Median Home Value,bg,5784,470,Emb,0,0.9932591915130615,-0.14102280139923096,0.17551660537719727,0.005607928149402142,0.8596630692481995,0.8084178566932678
721,Indianapolis,Median Home Value,bg,5784,470,Emb,1,0.9892287850379944,-0.027301788330078125,0.1851339340209961,0.008960939012467861,0.7739839553833008,0.7989879250526428
722,Indianapolis,Median Home Value,bg,5784,470,Emb,2,0.993099570274353,-0.21612882614135742,0.16817539930343628,0.005740731954574585,0.9162489771842957,0.8156160116195679
723,Indianapolis,Median Home Value,bg,5784,470,Emb,3,0.9944239854812622,0.04480832815170288,0.15543168783187866,0.004638883285224438,0.7196551561355591,0.828111469745636
724,Indianapolis,Median Home Value,bg,5784,470,Emb,4,0.9962550401687622,-0.06263196468353271,0.15620726346969604,0.0031155722681432962,0.8006021976470947,0.827350914478302
725,Indianapolis,Median Home Value,bg,5784,470,Emb,5,0.98695969581604,-0.06401824951171875,0.12992817163467407,0.01084870845079422,0.8016467094421387,0.8531180024147034
726,Indianapolis,Median Home Value,bg,5784,470,Emb,6,0.9969648718833923,0.04817086458206177,0.1297900676727295,0.0025250099133700132,0.7171217799186707,0.8532533645629883
727,Indianapolis,Median Home Value,bg,5784,470,Emb,7,0.9961642622947693,-0.13001787662506104,0.15314382314682007,0.003191090188920498,0.8513717651367188,0.8303547501564026
728,Indianapolis,Median Home Value,bg,5784,470,Emb,8,0.9971199035644531,0.006248354911804199,0.08672451972961426,0.002396075055003166,0.7487068176269531,0.8954797983169556
729,Indianapolis,Median Home Value,bg,5784,470,Emb,9,0.9953927993774414,0.10287314653396606,0.2801628112792969,0.0038328892551362514,0.6759082674980164,0.7058107852935791
730,Indianapolis,Median Home Value,bg,5784,470,RGNN,0,0.8262792229652405,0.19334208965301514,0.27549517154693604,0.14452442526817322,0.6077476739883423,0.7103874683380127
731,Indianapolis,Median Home Value,bg,5784,470,RGNN,1,0.9684340953826904,0.09216588735580444,-0.0909043550491333,0.02626078948378563,0.6839752793312073,1.0696475505828857
732,Indianapolis,Median Home Value,bg,5784,470,RGNN,2,0.905788779258728,0.18389296531677246,0.31782054901123047,0.0783776342868805,0.6148667931556702,0.6688868403434753
733,Indianapolis,Median Home Value,bg,5784,470,RGNN,3,0.8724882006645203,0.0961042046546936,0.025432705879211426,0.10608157515525818,0.6810081005096436,0.9555772542953491
734,Indianapolis,Median Home Value,bg,5784,470,RGNN,4,0.8855456709861755,0.2720105051994324,0.24082684516906738,0.09521857649087906,0.5484777688980103,0.7443802356719971
735,Indianapolis,Median Home Value,bg,5784,470,RGNN,5,0.950935959815979,0.2889118790626526,0.21407437324523926,0.04081812873482704,0.5357440114021301,0.7706114649772644
736,Indianapolis,Median Home Value,bg,5784,470,RGNN,6,0.794530987739563,0.21745997667312622,0.2649614214897156,0.17093691229820251,0.5895769000053406,0.7207159399986267
737,Indianapolis,Median Home Value,bg,5784,470,RGNN,7,0.9614166021347046,0.15962958335876465,0.37268418073654175,0.03209887444972992,0.6331471800804138,0.6150922179222107
738,Indianapolis,Median Home Value,bg,5784,470,RGNN,8,0.8687201738357544,0.23289638757705688,0.28188222646713257,0.10921629518270493,0.5779469013214111,0.7041248679161072
739,Indianapolis,Median Home Value,bg,5784,470,RGNN,9,0.9400089979171753,0.3061770796775818,0.370907723903656,0.04990864545106888,0.5227361917495728,0.6168340444564819
740,Indianapolis,Median Home Value,bg,5784,470,Feat-RGNN,0,0.8533970713615417,0.08930796384811401,0.24185240268707275,0.12196413427591324,0.6861284971237183,0.7433747053146362
741,Indianapolis,Median Home Value,bg,5784,470,Feat-RGNN,1,0.8257150650024414,0.007792472839355469,0.2708326578140259,0.14499379694461823,0.7475433945655823,0.7149590849876404
742,Indianapolis,Median Home Value,bg,5784,470,Feat-RGNN,2,0.889136016368866,0.16751569509506226,0.27684617042541504,0.0922316461801529,0.6272056698799133,0.7090627551078796
743,Indianapolis,Median Home Value,bg,5784,470,Feat-RGNN,3,0.956656277179718,0.2250247597694397,0.31847095489501953,0.036059167236089706,0.5838775038719177,0.6682490706443787
744,Indianapolis,Median Home Value,bg,5784,470,Feat-RGNN,4,0.9216676950454712,0.17959314584732056,0.35003888607025146,0.0651673898100853,0.6181063652038574,0.6372962594032288
745,Indianapolis,Median Home Value,bg,5784,470,Feat-RGNN,5,0.9422057271003723,0.0794365406036377,0.1814550757408142,0.04808108136057854,0.6935657858848572,0.8025950789451599
746,Indianapolis,Median Home Value,bg,5784,470,Feat-RGNN,6,0.9112865924835205,0.30230259895324707,0.21734625101089478,0.07380380481481552,0.5256552696228027,0.7674033045768738
747,Indianapolis,Median Home Value,bg,5784,470,Feat-RGNN,7,0.878706693649292,0.06700319051742554,0.2894003987312317,0.10090819746255875,0.7029331922531128,0.6967531442642212
748,Indianapolis,Median Home Value,bg,5784,470,Feat-RGNN,8,0.8858584761619568,0.23911261558532715,0.2782176733016968,0.0949583649635315,0.5732634663581848,0.7077179551124573
749,Indianapolis,Median Home Value,bg,5784,470,Feat-RGNN,9,0.8856383562088013,0.12775397300720215,0.1934361457824707,0.09514150023460388,0.6571627259254456,0.7908475399017334
750,Indianapolis,Median Home Value,bg,5784,470,Feat\&PC-RGNN,0,0.9298658967018127,0.09885698556900024,0.3652912378311157,0.058347053825855255,0.6789341568946838,0.6223410964012146
751,Indianapolis,Median Home Value,bg,5784,470,Feat\&PC-RGNN,1,0.8927177786827087,0.19604313373565674,0.3442670702934265,0.08925188332796097,0.6057127118110657,0.6429556012153625
752,Indianapolis,Median Home Value,bg,5784,470,Feat\&PC-RGNN,2,0.8740568161010742,0.2186087965965271,0.2519816756248474,0.10477655380964279,0.5887113809585571,0.7334427237510681
753,Indianapolis,Median Home Value,bg,5784,470,Feat\&PC-RGNN,3,0.869065523147583,0.21294623613357544,0.2457033395767212,0.10892901569604874,0.5929776430130005,0.73959881067276
754,Indianapolis,Median Home Value,bg,5784,470,Feat\&PC-RGNN,4,0.9353082776069641,0.23368525505065918,0.256813108921051,0.05381931737065315,0.5773525834083557,0.7287054657936096
755,Indianapolis,Median Home Value,bg,5784,470,Feat\&PC-RGNN,5,0.9187783002853394,0.17368090152740479,0.34727030992507935,0.06757121533155441,0.6225606799125671,0.6400108933448792
756,Indianapolis,Median Home Value,bg,5784,470,Feat\&PC-RGNN,6,0.8929949402809143,0.126958966255188,0.3502327799797058,0.08902127295732498,0.6577616930007935,0.6371061205863953
757,Indianapolis,Median Home Value,bg,5784,470,Feat\&PC-RGNN,7,0.9472646713256836,0.06623846292495728,0.09197729825973511,0.0438724011182785,0.7035093903541565,0.8903294205665588
758,Indianapolis,Median Home Value,bg,5784,470,Feat\&PC-RGNN,8,0.8549784421920776,0.12027889490127563,0.2177196741104126,0.12064854055643082,0.6627945303916931,0.7670371532440186
759,Indianapolis,Median Home Value,bg,5784,470,Feat\&PC-RGNN,9,0.8605117797851562,0.1879848837852478,0.39340221881866455,0.11604514718055725,0.6117838621139526,0.5947778820991516
760,Indianapolis,Median Home Value,bg,5784,470,LightGCN,0,0.9520998597145081,0.4434868097305298,0.30960845947265625,0.03984982892870903,0.4192850589752197,0.6769388914108276
761,Indianapolis,Median Home Value,bg,5784,470,LightGCN,1,0.9556683301925659,0.351326048374176,0.21369099617004395,0.03688106685876846,0.4887202978134155,0.770987331867218
762,Indianapolis,Median Home Value,bg,5784,470,LightGCN,2,0.964643120765686,0.38616466522216797,0.24025696516036987,0.02941466122865677,0.4624723792076111,0.7449390292167664
763,Indianapolis,Median Home Value,bg,5784,470,LightGCN,3,0.9591441750526428,0.38698023557662964,0.18752169609069824,0.03398941829800606,0.4618578851222992,0.7966467142105103
764,Indianapolis,Median Home Value,bg,5784,470,LightGCN,4,0.984368085861206,0.34801995754241943,0.14579623937606812,0.013004755601286888,0.4912111461162567,0.837559163570404
765,Indianapolis,Median Home Value,bg,5784,470,LightGCN,5,0.9581876397132874,0.3782352805137634,0.14755356311798096,0.03478517010807991,0.4684464931488037,0.8358360528945923
766,Indianapolis,Median Home Value,bg,5784,470,LightGCN,6,0.962559700012207,0.37553584575653076,0.14080792665481567,0.0311479102820158,0.4704802930355072,0.8424502611160278
767,Indianapolis,Median Home Value,bg,5784,470,LightGCN,7,0.9792876839637756,0.39041173458099365,0.09796726703643799,0.017231307923793793,0.4592725932598114,0.8844561576843262
768,Indianapolis,Median Home Value,bg,5784,470,LightGCN,8,0.9360034465789795,0.4115191698074341,0.21603500843048096,0.053240977227687836,0.44336992502212524,0.7686890363693237
769,Indianapolis,Median Home Value,bg,5784,470,LightGCN,9,0.9779027700424194,0.42421460151672363,0.16584670543670654,0.01838347688317299,0.43380501866340637,0.8178993463516235
770,Indianapolis,Median Home Value,bg,5784,470,Feat-LightGCN,0,0.9899315237998962,0.2931736707687378,0.32909804582595825,0.008376309648156166,0.5325331091880798,0.6578291058540344
771,Indianapolis,Median Home Value,bg,5784,470,Feat-LightGCN,1,0.984657347202301,0.22738564014434814,0.417647123336792,0.012764078564941883,0.5820987820625305,0.5710054039955139
772,Indianapolis,Median Home Value,bg,5784,470,Feat-LightGCN,2,0.984738826751709,0.3927651643753052,0.372466504573822,0.012696325778961182,0.4574994742870331,0.6153056621551514
773,Indianapolis,Median Home Value,bg,5784,470,Feat-LightGCN,3,0.9715985655784607,0.1739208698272705,0.3923228979110718,0.023628177121281624,0.6223798990249634,0.5958362221717834
774,Indianapolis,Median Home Value,bg,5784,470,Feat-LightGCN,4,0.9892754554748535,0.37580060958862305,0.37805426120758057,0.008922114036977291,0.47028079628944397,0.6098268032073975
775,Indianapolis,Median Home Value,bg,5784,470,Feat-LightGCN,5,0.9861064553260803,0.34113001823425293,0.29386937618255615,0.011558528989553452,0.49640214443206787,0.6923713088035583
776,Indianapolis,Median Home Value,bg,5784,470,Feat-LightGCN,6,0.9678691625595093,0.2507452368736267,0.2647995948791504,0.026730787009000778,0.5644993185997009,0.7208746075630188
777,Indianapolis,Median Home Value,bg,5784,470,Feat-LightGCN,7,0.9788694977760315,0.40379202365875244,0.35161906480789185,0.017579223960638046,0.449191689491272,0.6357468962669373
778,Indianapolis,Median Home Value,bg,5784,470,Feat-LightGCN,8,0.995345950126648,0.32040345668792725,0.39168113470077515,0.003871874650940299,0.5120178461074829,0.5964654684066772
779,Indianapolis,Median Home Value,bg,5784,470,Feat-LightGCN,9,0.9803192019462585,0.4538755416870117,0.43396759033203125,0.0163731649518013,0.4114580452442169,0.5550029277801514
780,Indianapolis,Median Home Value,bg,5784,470,Feat\&PC-LightGCN,0,0.9862174987792969,0.4874476194381714,0.38127952814102173,0.011466172523796558,0.3861643671989441,0.6066643595695496
781,Indianapolis,Median Home Value,bg,5784,470,Feat\&PC-LightGCN,1,0.9847971796989441,0.36769533157348633,0.4369117021560669,0.012647770345211029,0.4763874411582947,0.5521162152290344
782,Indianapolis,Median Home Value,bg,5784,470,Feat\&PC-LightGCN,2,0.9914021492004395,0.3732369542121887,0.37135154008865356,0.007152838166803122,0.4722123146057129,0.6163988709449768
783,Indianapolis,Median Home Value,bg,5784,470,Feat\&PC-LightGCN,3,0.9860184788703918,0.3653009533882141,0.4244871139526367,0.01163172535598278,0.47819140553474426,0.564298689365387
784,Indianapolis,Median Home Value,bg,5784,470,Feat\&PC-LightGCN,4,0.995335042476654,0.40761733055114746,0.44997137784957886,0.003880959004163742,0.4463096261024475,0.5393110513687134
785,Indianapolis,Median Home Value,bg,5784,470,Feat\&PC-LightGCN,5,0.9904466271400452,0.1932886242866516,0.4088088274002075,0.007947764359414577,0.6077879667282104,0.5796715021133423
786,Indianapolis,Median Home Value,bg,5784,470,Feat\&PC-LightGCN,6,0.9937092065811157,0.17751449346542358,0.42999589443206787,0.005233548115938902,0.619672417640686,0.5588972568511963
787,Indianapolis,Median Home Value,bg,5784,470,Feat\&PC-LightGCN,7,0.9905254244804382,0.24710118770599365,0.4958150386810303,0.007882244884967804,0.5672447681427002,0.49436062574386597
788,Indianapolis,Median Home Value,bg,5784,470,Feat\&PC-LightGCN,8,0.9946319460868835,0.3598116636276245,0.4778984785079956,0.004465867765247822,0.48232710361480713,0.511928141117096
789,Indianapolis,Median Home Value,bg,5784,470,Feat\&PC-LightGCN,9,0.9941164255142212,0.24529778957366943,0.40173065662384033,0.0048947385512292385,0.568603515625,0.5866117477416992
790,Indianapolis,Median Home Value,bg,5784,470,NoPreTrain,0,0.9985979199409485,0.046751201152801514,0.15259623527526855,0.0011664219200611115,0.7181913256645203,0.8308916091918945
791,Indianapolis,Median Home Value,bg,5784,470,NoPreTrain,1,0.9989609122276306,0.11370116472244263,0.15084552764892578,0.0008644358604215086,0.6677502989768982,0.8326082229614258
792,Indianapolis,Median Home Value,bg,5784,470,NoPreTrain,2,0.9899441003799438,-0.44006621837615967,-0.19956457614898682,0.008365880697965622,1.0849666595458984,1.1761903762817383
793,Indianapolis,Median Home Value,bg,5784,470,NoPreTrain,3,0.9982427358627319,0.09206199645996094,0.12089556455612183,0.0014619111316278577,0.6840535402297974,0.8619745969772339
794,Indianapolis,Median Home Value,bg,5784,470,NoPreTrain,4,0.9880470037460327,-0.3891112804412842,-0.026276350021362305,0.009944140911102295,1.0465763807296753,1.0062787532806396
795,Indianapolis,Median Home Value,bg,5784,470,NoPreTrain,5,0.999508798122406,0.47364526987075806,0.3474910855293274,0.00040867223287932575,0.39656323194503784,0.6397944092750549
796,Indianapolis,Median Home Value,bg,5784,470,NoPreTrain,6,0.987429678440094,0.023778975009918213,0.03218865394592285,0.010457702912390232,0.7354989647865295,0.9489530324935913
797,Indianapolis,Median Home Value,bg,5784,470,NoPreTrain,7,0.9977307915687561,-0.07809031009674072,0.1404610276222229,0.0018878247356042266,0.812248706817627,0.842790424823761
798,Indianapolis,Median Home Value,bg,5784,470,NoPreTrain,8,0.9939486384391785,-0.4545443058013916,-0.11600136756896973,0.005034361965954304,1.0958746671676636,1.0942554473876953
799,Indianapolis,Median Home Value,bg,5784,470,NoPreTrain,9,0.9819124341011047,-0.4838533401489258,-0.2987736463546753,0.015047666616737843,1.1179563999176025,1.2734663486480713
800,Indianapolis,Commute Time,bg,1156,64,Emb,0,0.9999935626983643,-1.5868375301361084,-0.7217161655426025,9.726903954287991e-06,1.762677550315857,4.887110233306885
801,Indianapolis,Commute Time,bg,1156,64,Emb,1,0.9999701380729675,-1.2462961673736572,-0.7087031602859497,4.499152782955207e-05,1.5306318998336792,4.850172519683838
802,Indianapolis,Commute Time,bg,1156,64,Emb,2,0.9999969601631165,-0.8554248809814453,-0.6126742362976074,4.601632554113166e-06,1.2642911672592163,4.577593803405762
803,Indianapolis,Commute Time,bg,1156,64,Emb,3,0.999993085861206,-1.1681244373321533,-0.5138453245162964,1.0365380148869008e-05,1.4773653745651245,4.297066688537598
804,Indianapolis,Commute Time,bg,1156,64,Emb,4,0.999993622303009,-0.9222539663314819,-0.5191363096237183,9.562409104546532e-06,1.3098286390304565,4.312085151672363
805,Indianapolis,Commute Time,bg,1156,64,Emb,5,0.9999898672103882,-1.1829748153686523,-0.5584204196929932,1.523888022347819e-05,1.4874845743179321,4.423593521118164
806,Indianapolis,Commute Time,bg,1156,64,Emb,6,0.9999937415122986,-0.8028489351272583,-0.5626213550567627,9.423102710570674e-06,1.2284657955169678,4.43551778793335
807,Indianapolis,Commute Time,bg,1156,64,Emb,7,0.9999897480010986,-1.1005163192749023,-0.6132916212081909,1.5461326256627217e-05,1.4312970638275146,4.579346179962158
808,Indianapolis,Commute Time,bg,1156,64,Emb,8,0.9999945759773254,-0.8739607334136963,-0.4307253360748291,8.123958650685381e-06,1.2769215106964111,4.061129570007324
809,Indianapolis,Commute Time,bg,1156,64,Emb,9,0.9999855756759644,-1.3433451652526855,-0.6819459199905396,2.1750824089394882e-05,1.5967612266540527,4.774221897125244
810,Indianapolis,Commute Time,bg,1156,64,RGNN,0,0.996778666973114,-0.4677765369415283,-1.3460850715637207,0.004849539604038,1.0001466274261475,6.659388065338135
811,Indianapolis,Commute Time,bg,1156,64,RGNN,1,0.9997003674507141,-0.8553198575973511,-0.9704251289367676,0.0004510486905928701,1.2642195224761963,5.59307336807251
812,Indianapolis,Commute Time,bg,1156,64,RGNN,2,0.9903156161308289,-0.8247774839401245,-0.8709019422531128,0.01457917969673872,1.243407964706421,5.310575485229492
813,Indianapolis,Commute Time,bg,1156,64,RGNN,3,0.9995290637016296,-0.9580370187759399,-1.0134968757629395,0.0007089953869581223,1.3342113494873047,5.715332508087158
814,Indianapolis,Commute Time,bg,1156,64,RGNN,4,0.9931660294532776,-1.4233410358428955,-0.8565454483032227,0.010288129560649395,1.6512706279754639,5.269824504852295
815,Indianapolis,Commute Time,bg,1156,64,RGNN,5,0.9993364810943604,-0.683983564376831,-0.9802191257476807,0.0009989187819883227,1.1474705934524536,5.62087345123291
816,Indianapolis,Commute Time,bg,1156,64,RGNN,6,0.9988515973091125,-0.7279647588729858,-1.0694563388824463,0.0017288384260609746,1.177439570426941,5.874174118041992
817,Indianapolis,Commute Time,bg,1156,64,RGNN,7,0.9970579147338867,-1.010207176208496,-0.7156379222869873,0.004429119639098644,1.369760274887085,4.869856834411621
818,Indianapolis,Commute Time,bg,1156,64,RGNN,8,0.9997335076332092,-0.6109527349472046,-0.7414095401763916,0.0004011541896034032,1.0977072715759277,4.943010330200195
819,Indianapolis,Commute Time,bg,1156,64,RGNN,9,0.9704461097717285,-1.2267496585845947,-0.8009451627731323,0.044491421431303024,1.5173128843307495,5.112002372741699
820,Indianapolis,Commute Time,bg,1156,64,Feat-RGNN,0,0.9912739396095276,-1.1540610790252686,-1.322690725326538,0.013136498630046844,1.467782735824585,6.592982769012451
821,Indianapolis,Commute Time,bg,1156,64,Feat-RGNN,1,0.96384197473526,-1.6461303234100342,-1.1940488815307617,0.05443350970745087,1.8030797243118286,6.227831840515137
822,Indianapolis,Commute Time,bg,1156,64,Feat-RGNN,2,0.9882805943489075,-1.6300301551818848,-1.1142230033874512,0.017642783001065254,1.7921091318130493,6.001245498657227
823,Indianapolis,Commute Time,bg,1156,64,Feat-RGNN,3,0.9997674822807312,-0.8772283792495728,-0.8213636875152588,0.0003500433231238276,1.2791481018066406,5.1699604988098145
824,Indianapolis,Commute Time,bg,1156,64,Feat-RGNN,4,0.9992859363555908,-2.205216407775879,-1.0181019306182861,0.0010749965440481901,2.184042453765869,5.728404521942139
825,Indianapolis,Commute Time,bg,1156,64,Feat-RGNN,5,0.9988493919372559,-1.4554922580718994,-0.8903406858444214,0.0017321293707937002,1.6731785535812378,5.365752696990967
826,Indianapolis,Commute Time,bg,1156,64,Feat-RGNN,6,0.995293140411377,-1.1768474578857422,-1.0521621704101562,0.007085870020091534,1.483309268951416,5.825085163116455
827,Indianapolis,Commute Time,bg,1156,64,Feat-RGNN,7,0.9988973736763,-1.5751984119415283,-0.9508174657821655,0.0016599263763055205,1.754746675491333,5.537416934967041
828,Indianapolis,Commute Time,bg,1156,64,Feat-RGNN,8,0.9928387999534607,-1.4512460231781006,-0.8797696828842163,0.010780679993331432,1.6702851057052612,5.335746765136719
829,Indianapolis,Commute Time,bg,1156,64,Feat-RGNN,9,0.9796475768089294,-1.3726983070373535,-0.8285493850708008,0.030639266595244408,1.616762638092041,5.190357685089111
830,Indianapolis,Commute Time,bg,1156,64,Feat\&PC-RGNN,0,0.9971731305122375,0.41404199600219727,-0.004311561584472656,0.004255644045770168,0.39927324652671814,2.8507494926452637
831,Indianapolis,Commute Time,bg,1156,64,Feat\&PC-RGNN,1,0.9993143081665039,0.47336721420288086,0.032539546489715576,0.0010322296293452382,0.35884889960289,2.7461471557617188
832,Indianapolis,Commute Time,bg,1156,64,Feat\&PC-RGNN,2,0.9995802044868469,0.36735206842422485,-0.026598453521728516,0.0006319922395050526,0.4310879111289978,2.914010763168335
833,Indianapolis,Commute Time,bg,1156,64,Feat\&PC-RGNN,3,0.9996737837791443,0.2521187663078308,0.041348814964294434,0.0004911244031973183,0.5096081495285034,2.721141815185547
834,Indianapolis,Commute Time,bg,1156,64,Feat\&PC-RGNN,4,0.9983139038085938,0.16741490364074707,-0.14109086990356445,0.002538335742428899,0.5673255324363708,3.2389988899230957
835,Indianapolis,Commute Time,bg,1156,64,Feat\&PC-RGNN,5,0.9688076376914978,-0.23494446277618408,-0.021683335304260254,0.046958077698946,0.8414942622184753,2.900059223175049
836,Indianapolis,Commute Time,bg,1156,64,Feat\&PC-RGNN,6,0.9945189952850342,0.07440263032913208,-0.1401897668838501,0.008251260966062546,0.6307043433189392,3.236441135406494
837,Indianapolis,Commute Time,bg,1156,64,Feat\&PC-RGNN,7,0.9997178912162781,0.18794333934783936,-0.18380999565124512,0.00042470303014852107,0.5533374547958374,3.360257625579834
838,Indianapolis,Commute Time,bg,1156,64,Feat\&PC-RGNN,8,0.9983360767364502,0.20261305570602417,0.05256521701812744,0.0025049399118870497,0.5433414578437805,2.6893041133880615
839,Indianapolis,Commute Time,bg,1156,64,Feat\&PC-RGNN,9,0.9954804182052612,0.08573746681213379,0.0839775800704956,0.0068039558827877045,0.6229807734489441,2.600139617919922
840,Indianapolis,Commute Time,bg,1156,64,LightGCN,0,0.9988214373588562,-0.0358349084854126,-0.8097274303436279,0.0017742506461218,0.7058205008506775,5.136931419372559
841,Indianapolis,Commute Time,bg,1156,64,LightGCN,1,0.9977472424507141,-0.18707513809204102,-0.9606164693832397,0.0033913820516318083,0.8088759779930115,5.5652313232421875
842,Indianapolis,Commute Time,bg,1156,64,LightGCN,2,0.997739851474762,-0.14446496963500977,-0.8095672130584717,0.003402489935979247,0.7798413038253784,5.136476516723633
843,Indianapolis,Commute Time,bg,1156,64,LightGCN,3,0.9996467232704163,-0.18672192096710205,-1.2806365489959717,0.0005318505573086441,0.8086352944374084,6.473611831665039
844,Indianapolis,Commute Time,bg,1156,64,LightGCN,4,0.9997392296791077,-0.06633150577545166,-0.9837548732757568,0.00039260470657609403,0.7266009449958801,5.6309099197387695
845,Indianapolis,Commute Time,bg,1156,64,LightGCN,5,0.9943009614944458,0.14814168214797974,-0.9300142526626587,0.00857956986874342,0.580458402633667,5.478366374969482
846,Indianapolis,Commute Time,bg,1156,64,LightGCN,6,0.9914402365684509,-0.012704253196716309,-1.0836360454559326,0.012886172160506248,0.690059244632721,5.91442346572876
847,Indianapolis,Commute Time,bg,1156,64,LightGCN,7,0.9975690245628357,-0.14523255825042725,-0.9632060527801514,0.003659716108813882,0.7803643345832825,5.572581768035889
848,Indianapolis,Commute Time,bg,1156,64,LightGCN,8,0.9991084933280945,0.05043661594390869,-0.8531650304794312,0.0013420889154076576,0.6470348834991455,5.260229110717773
849,Indianapolis,Commute Time,bg,1156,64,LightGCN,9,0.9978915452957153,-0.25522148609161377,-0.8869211673736572,0.003174173180013895,0.8553110361099243,5.356046199798584
850,Indianapolis,Commute Time,bg,1156,64,Feat-LightGCN,0,0.9880107641220093,-0.17936313152313232,-0.6997872591018677,0.018049011006951332,0.8036209940910339,4.824864864349365
851,Indianapolis,Commute Time,bg,1156,64,Feat-LightGCN,1,0.9788901805877686,-0.5216493606567383,-0.5573265552520752,0.03177942335605621,1.036855697631836,4.420488357543945
852,Indianapolis,Commute Time,bg,1156,64,Feat-LightGCN,2,0.9999898672103882,-0.0252610445022583,-0.6795551776885986,1.5260648069670424e-05,0.6986154317855835,4.7674360275268555
853,Indianapolis,Commute Time,bg,1156,64,Feat-LightGCN,3,0.9999918937683105,-0.14532291889190674,-0.6708742380142212,1.2226571925566532e-05,0.7804259061813354,4.742794990539551
854,Indianapolis,Commute Time,bg,1156,64,Feat-LightGCN,4,0.9999940991401672,-0.2355402708053589,-0.5670328140258789,8.905270988179836e-06,0.8419002294540405,4.448039531707764
855,Indianapolis,Commute Time,bg,1156,64,Feat-LightGCN,5,0.9999935030937195,-0.1384119987487793,-0.7381941080093384,9.742963811731897e-06,0.7757167816162109,4.933883190155029
856,Indianapolis,Commute Time,bg,1156,64,Feat-LightGCN,6,0.999986469745636,-0.3705040216445923,-0.7396676540374756,2.0336306988610886e-05,0.9338648915290833,4.938065528869629
857,Indianapolis,Commute Time,bg,1156,64,Feat-LightGCN,7,0.9999918341636658,-0.3482522964477539,-0.6704466342926025,1.225218966283137e-05,0.9187024831771851,4.741580963134766
858,Indianapolis,Commute Time,bg,1156,64,Feat-LightGCN,8,0.9999886155128479,-0.1506277322769165,-0.6681723594665527,1.715756116027478e-05,0.7840405702590942,4.735125541687012
859,Indianapolis,Commute Time,bg,1156,64,Feat-LightGCN,9,0.99998939037323,-0.1418367624282837,-0.7425320148468018,1.600582618266344e-05,0.778050422668457,4.946196556091309
860,Indianapolis,Commute Time,bg,1156,64,Feat\&PC-LightGCN,0,0.9999726414680481,-1.1971096992492676,0.05898815393447876,4.122047175769694e-05,1.4971160888671875,2.671072483062744
861,Indianapolis,Commute Time,bg,1156,64,Feat\&PC-LightGCN,1,0.9999508857727051,-0.4989715814590454,-0.024791717529296875,7.390551036223769e-05,1.0214030742645264,2.9088823795318604
862,Indianapolis,Commute Time,bg,1156,64,Feat\&PC-LightGCN,2,0.999988853931427,-0.6405702829360962,-0.05949413776397705,1.6810796296340413e-05,1.1178886890411377,3.007385730743408
863,Indianapolis,Commute Time,bg,1156,64,Feat\&PC-LightGCN,3,0.999657928943634,-0.5033793449401855,0.039231061935424805,0.0005149330827407539,1.0244064331054688,2.7271533012390137
864,Indianapolis,Commute Time,bg,1156,64,Feat\&PC-LightGCN,4,0.999935507774353,-0.46227502822875977,-0.022740721702575684,9.710623271530494e-05,0.996397852897644,2.9030606746673584
865,Indianapolis,Commute Time,bg,1156,64,Feat\&PC-LightGCN,5,0.9999591708183289,-0.693321943283081,0.09090453386306763,6.148964166641235e-05,1.1538338661193848,2.580477476119995
866,Indianapolis,Commute Time,bg,1156,64,Feat\&PC-LightGCN,6,0.9999414086341858,-0.028390169143676758,-0.08024716377258301,8.823254756862298e-05,0.7007476091384888,3.066293239593506
867,Indianapolis,Commute Time,bg,1156,64,Feat\&PC-LightGCN,7,0.9999926090240479,-0.7315731048583984,0.09969323873519897,1.1134538908663671e-05,1.1798982620239258,2.555530548095703
868,Indianapolis,Commute Time,bg,1156,64,Feat\&PC-LightGCN,8,0.9997082948684692,-0.4169766902923584,-0.19112122058868408,0.0004391452530398965,0.9655314087867737,3.3810107707977295
869,Indianapolis,Commute Time,bg,1156,64,Feat\&PC-LightGCN,9,0.9984979033470154,-0.4999833106994629,0.15980082750320435,0.002261314308270812,1.022092342376709,2.3849146366119385
870,Indianapolis,Commute Time,bg,1156,64,NoPreTrain,0,0.9998822808265686,-1.3777410984039307,0.17809593677520752,0.0001771755632944405,1.6201987266540527,2.3329834938049316
871,Indianapolis,Commute Time,bg,1156,64,NoPreTrain,1,0.9994776248931885,-8.833553314208984,-4.650160312652588,0.000786370481364429,6.700607776641846,16.038042068481445
872,Indianapolis,Commute Time,bg,1156,64,NoPreTrain,2,0.9997891187667847,-1.7399070262908936,-2.6105144023895264,0.0003174539015162736,1.8669794797897339,10.24848461151123
873,Indianapolis,Commute Time,bg,1156,64,NoPreTrain,3,0.9997956156730652,-1.224583387374878,-1.1172280311584473,0.0003076604916714132,1.5158367156982422,6.009775161743164
874,Indianapolis,Commute Time,bg,1156,64,NoPreTrain,4,0.9995879530906677,-0.3962535858154297,-0.11703658103942871,0.0006203146185725927,0.9514106512069702,3.1707205772399902
875,Indianapolis,Commute Time,bg,1156,64,NoPreTrain,5,0.99993896484375,-2.3009119033813477,-2.2046358585357666,9.18639125302434e-05,2.2492496967315674,9.096393585205078
876,Indianapolis,Commute Time,bg,1156,64,NoPreTrain,6,0.998269259929657,-0.4459855556488037,-0.4017685651779175,0.002605473855510354,0.9852981567382812,3.978935480117798
877,Indianapolis,Commute Time,bg,1156,64,NoPreTrain,7,0.9997050762176514,-1.8175630569458008,-0.709388256072998,0.0004440309712663293,1.9198944568634033,4.852117538452148
878,Indianapolis,Commute Time,bg,1156,64,NoPreTrain,8,0.9997314810752869,-2.3421077728271484,-2.2271482944488525,0.000404271821025759,2.277320623397827,9.160295486450195
879,Indianapolis,Commute Time,bg,1156,64,NoPreTrain,9,0.9983813166618347,-0.4771263599395752,-0.0727078914642334,0.002436834154650569,1.0065175294876099,3.0448930263519287
880,Indianapolis,Median Age,bg,6198,498,Emb,0,0.9914519190788269,-0.6034162044525146,-0.5385715961456299,0.006211066618561745,1.6738101243972778,1.561660647392273
881,Indianapolis,Median Age,bg,6198,498,Emb,1,0.9880733489990234,-0.6683262586593628,-0.4976942539215088,0.008665960282087326,1.7415698766708374,1.5201698541641235
882,Indianapolis,Median Age,bg,6198,498,Emb,2,0.9899835586547852,-0.5007230043411255,-0.21254217624664307,0.007277985569089651,1.5666084289550781,1.230738639831543
883,Indianapolis,Median Age,bg,6198,498,Emb,3,0.9906468987464905,-0.5698866844177246,-0.641968846321106,0.006796011235564947,1.6388086080551147,1.666609525680542
884,Indianapolis,Median Age,bg,6198,498,Emb,4,0.9894387125968933,-0.6826525926589966,-0.5022867918014526,0.0076738810166716576,1.7565251588821411,1.5248312950134277
885,Indianapolis,Median Age,bg,6198,498,Emb,5,0.9934216737747192,-0.44823145866394043,-0.6477185487747192,0.004779835231602192,1.5118123292922974,1.67244553565979
886,Indianapolis,Median Age,bg,6198,498,Emb,6,0.9943792223930359,-0.5395042896270752,-0.6718209981918335,0.004084097687155008,1.607092261314392,1.6969096660614014
887,Indianapolis,Median Age,bg,6198,498,Emb,7,0.9346043467521667,-0.47350120544433594,-0.680780291557312,0.047516848891973495,1.538191556930542,1.7060034275054932
888,Indianapolis,Median Age,bg,6198,498,Emb,8,0.9974484443664551,-0.5475747585296631,-0.625456690788269,0.001853989320807159,1.6155171394348145,1.649849534034729
889,Indianapolis,Median Age,bg,6198,498,Emb,9,0.9893587827682495,-0.5712357759475708,-0.6497633457183838,0.007731955964118242,1.6402168273925781,1.6745209693908691
890,Indianapolis,Median Age,bg,6198,498,RGNN,0,0.6786777377128601,-0.4106762409210205,-0.7287694215774536,0.23347462713718414,1.4726083278656006,1.754712700843811
891,Indianapolis,Median Age,bg,6198,498,RGNN,1,0.5697936415672302,-0.3931722640991211,-0.44159162044525146,0.31259045004844666,1.4543359279632568,1.463225245475769
892,Indianapolis,Median Age,bg,6198,498,RGNN,2,0.6269204616546631,-0.24814128875732422,-0.5461798906326294,0.27108174562454224,1.3029377460479736,1.569383144378662
893,Indianapolis,Median Age,bg,6198,498,RGNN,3,0.8450329899787903,-0.7405867576599121,-0.6651425361633301,0.1125999316573143,1.817002773284912,1.6901309490203857
894,Indianapolis,Median Age,bg,6198,498,RGNN,4,0.7652294635772705,-0.4616330862045288,-0.5191943645477295,0.17058564722537994,1.5258022546768188,1.5419926643371582
895,Indianapolis,Median Age,bg,6198,498,RGNN,5,0.6995360851287842,-0.4632256031036377,-0.34762299060821533,0.21831880509853363,1.527464747428894,1.3678464889526367
896,Indianapolis,Median Age,bg,6198,498,RGNN,6,0.38214290142059326,-0.6362295150756836,-0.37376439571380615,0.4489385485649109,1.7080639600753784,1.3943802118301392
897,Indianapolis,Median Age,bg,6198,498,RGNN,7,0.7150806784629822,-0.6326049566268921,-0.6145046949386597,0.20702402293682098,1.7042802572250366,1.6387332677841187
898,Indianapolis,Median Age,bg,6198,498,RGNN,8,0.7811167240142822,-0.4586455821990967,-0.7735180854797363,0.1590418517589569,1.5226837396621704,1.8001328706741333
899,Indianapolis,Median Age,bg,6198,498,RGNN,9,0.6273735761642456,-0.47952044010162354,-0.6252709627151489,0.27075251936912537,1.5444749593734741,1.6496610641479492
900,Indianapolis,Median Age,bg,6198,498,Feat-RGNN,0,0.8684058785438538,-0.5053128004074097,-0.6200079917907715,0.09561704099178314,1.5713996887207031,1.6443191766738892
901,Indianapolis,Median Age,bg,6198,498,Feat-RGNN,1,0.6113470792770386,-0.12066125869750977,-0.46619296073913574,0.28239747881889343,1.1698609590530396,1.488195776939392
902,Indianapolis,Median Age,bg,6198,498,Feat-RGNN,2,0.4261488914489746,-0.3529587984085083,-0.444010853767395,0.4169635772705078,1.412356972694397,1.4656808376312256
903,Indianapolis,Median Age,bg,6198,498,Feat-RGNN,3,0.8949484825134277,-0.54791259765625,-0.8221420049667358,0.07633102685213089,1.6158697605133057,1.8494865894317627
904,Indianapolis,Median Age,bg,6198,498,Feat-RGNN,4,0.7913492918014526,-0.17732548713684082,-1.3555965423583984,0.15160679817199707,1.2290129661560059,2.390946388244629
905,Indianapolis,Median Age,bg,6198,498,Feat-RGNN,5,0.8320001363754272,-0.5244506597518921,-0.8825360536575317,0.12206968665122986,1.5913777351379395,1.9107868671417236
906,Indianapolis,Median Age,bg,6198,498,Feat-RGNN,6,0.8894550800323486,-0.3092775344848633,-0.8572592735290527,0.08032256364822388,1.3667579889297485,1.885130763053894
907,Indianapolis,Median Age,bg,6198,498,Feat-RGNN,7,0.7425973415374756,-0.2371068000793457,-0.6798138618469238,0.18703027069568634,1.2914187908172607,1.7050224542617798
908,Indianapolis,Median Age,bg,6198,498,Feat-RGNN,8,0.6167519092559814,-0.19580304622650146,-0.43746495246887207,0.2784702777862549,1.2483017444610596,1.4590367078781128
909,Indianapolis,Median Age,bg,6198,498,Feat-RGNN,9,0.6010106801986694,-0.13671386241912842,-0.46727490425109863,0.2899079918861389,1.186618447303772,1.4892939329147339
910,Indianapolis,Median Age,bg,6198,498,Feat\&PC-RGNN,0,0.708694577217102,-0.30789661407470703,-0.5847122669219971,0.21166418492794037,1.3653165102005005,1.608493685722351
911,Indianapolis,Median Age,bg,6198,498,Feat\&PC-RGNN,1,0.8016232252120972,-0.5739521980285645,-0.6196863651275635,0.14414174854755402,1.643052577972412,1.6439926624298096
912,Indianapolis,Median Age,bg,6198,498,Feat\&PC-RGNN,2,0.7917459607124329,-0.1675405502319336,-0.3266868591308594,0.15131860971450806,1.2187983989715576,1.3465962409973145
913,Indianapolis,Median Age,bg,6198,498,Feat\&PC-RGNN,3,0.8219749927520752,-0.2356959581375122,-0.28618884086608887,0.12935398519039154,1.2899459600448608,1.3054903745651245
914,Indianapolis,Median Age,bg,6198,498,Feat\&PC-RGNN,4,0.4506911039352417,-0.06977963447570801,-0.12392711639404297,0.39913105964660645,1.1167454719543457,1.1407935619354248
915,Indianapolis,Median Age,bg,6198,498,Feat\&PC-RGNN,5,0.9100691080093384,-0.08205890655517578,-0.4993706941604614,0.06534433364868164,1.1295639276504517,1.5218714475631714
916,Indianapolis,Median Age,bg,6198,498,Feat\&PC-RGNN,6,0.7678539752960205,-0.4497731924057007,-0.3949826955795288,0.1686786711215973,1.5134217739105225,1.415916919708252
917,Indianapolis,Median Age,bg,6198,498,Feat\&PC-RGNN,7,0.9304292798042297,-0.29611730575561523,-0.47837090492248535,0.05055047199130058,1.3530200719833374,1.500556468963623
918,Indianapolis,Median Age,bg,6198,498,Feat\&PC-RGNN,8,0.7634049654006958,-0.37623393535614014,-0.4538487195968628,0.1719113439321518,1.4366538524627686,1.4756664037704468
919,Indianapolis,Median Age,bg,6198,498,Feat\&PC-RGNN,9,0.7413144111633301,-0.432873010635376,-0.4360746145248413,0.18796242773532867,1.4957795143127441,1.457625389099121
920,Indianapolis,Median Age,bg,6198,498,LightGCN,0,0.8526597023010254,-0.5961325168609619,-0.5647138357162476,0.1070583313703537,1.66620671749115,1.5881952047348022
921,Indianapolis,Median Age,bg,6198,498,LightGCN,1,0.7741075158119202,-0.18892765045166016,-0.3675501346588135,0.16413478553295135,1.2411245107650757,1.3880726099014282
922,Indianapolis,Median Age,bg,6198,498,LightGCN,2,0.8380926847457886,-0.479811429977417,-0.28551745414733887,0.11764280498027802,1.5447787046432495,1.3048089742660522
923,Indianapolis,Median Age,bg,6198,498,LightGCN,3,0.9429660439491272,-0.3778667449951172,-0.5044442415237427,0.04144120216369629,1.4383584260940552,1.5270211696624756
924,Indianapolis,Median Age,bg,6198,498,LightGCN,4,0.6302593946456909,-0.5270367860794067,-0.4927976131439209,0.2686556875705719,1.594077467918396,1.5151997804641724
925,Indianapolis,Median Age,bg,6198,498,LightGCN,5,0.8214516043663025,-0.2921401262283325,-0.6243464946746826,0.12973429262638092,1.3488682508468628,1.6487226486206055
926,Indianapolis,Median Age,bg,6198,498,LightGCN,6,0.8077349066734314,-0.3725898265838623,-0.4753607511520386,0.13970091938972473,1.4328498840332031,1.497501254081726
927,Indianapolis,Median Age,bg,6198,498,LightGCN,7,0.7683807015419006,-0.40927064418792725,-0.3154892921447754,0.1682959347963333,1.4711410999298096,1.3352305889129639
928,Indianapolis,Median Age,bg,6198,498,LightGCN,8,0.8270553946495056,-0.5575282573699951,-0.7145159244537354,0.12566253542900085,1.62590754032135,1.7402453422546387
929,Indianapolis,Median Age,bg,6198,498,LightGCN,9,0.8415635228157043,-0.40900659561157227,-0.4591505527496338,0.11512088030576706,1.4708654880523682,1.4810476303100586
930,Indianapolis,Median Age,bg,6198,498,Feat-LightGCN,0,0.9905160665512085,-0.6321752071380615,-0.47851479053497314,0.006891102530062199,1.703831672668457,1.5007025003433228
931,Indianapolis,Median Age,bg,6198,498,Feat-LightGCN,1,0.9774031639099121,-0.2955155372619629,-0.7217433452606201,0.016418978571891785,1.3523918390274048,1.747581124305725
932,Indianapolis,Median Age,bg,6198,498,Feat-LightGCN,2,0.9905033111572266,-0.3571089506149292,-0.595464825630188,0.006900364998728037,1.4166892766952515,1.6194076538085938
933,Indianapolis,Median Age,bg,6198,498,Feat-LightGCN,3,0.9622240662574768,-0.5739870071411133,-0.6057510375976562,0.027448199689388275,1.6430888175964355,1.6298481225967407
934,Indianapolis,Median Age,bg,6198,498,Feat-LightGCN,4,0.9404968023300171,-0.7065494060516357,-0.36689162254333496,0.043235357850790024,1.7814711332321167,1.3874043226242065
935,Indianapolis,Median Age,bg,6198,498,Feat-LightGCN,5,0.9486815929412842,-0.2539684772491455,-0.6449446678161621,0.037288274616003036,1.3090206384658813,1.6696299314498901
936,Indianapolis,Median Age,bg,6198,498,Feat-LightGCN,6,0.9601138830184937,-0.737952470779419,-0.4900243282318115,0.028981486335396767,1.8142527341842651,1.5123847723007202
937,Indianapolis,Median Age,bg,6198,498,Feat-LightGCN,7,0.98514324426651,-1.0105175971984863,-0.8322699069976807,0.010795016773045063,2.0987844467163086,1.8597663640975952
938,Indianapolis,Median Age,bg,6198,498,Feat-LightGCN,8,0.9840201735496521,-0.6650872230529785,-0.4402344226837158,0.011611045338213444,1.738188624382019,1.4618476629257202
939,Indianapolis,Median Age,bg,6198,498,Feat-LightGCN,9,0.9886583089828491,-0.24410367012023926,-0.739781379699707,0.008240940980613232,1.2987228631973267,1.7658898830413818
940,Indianapolis,Median Age,bg,6198,498,Feat\&PC-LightGCN,0,0.9745235443115234,-0.35885417461395264,-0.47808146476745605,0.018511343747377396,1.418511152267456,1.50026273727417
941,Indianapolis,Median Age,bg,6198,498,Feat\&PC-LightGCN,1,0.9887965321540833,-0.3225177526473999,-0.47605812549591064,0.00814051553606987,1.3805794715881348,1.4982091188430786
942,Indianapolis,Median Age,bg,6198,498,Feat\&PC-LightGCN,2,0.9886147975921631,-0.2664090394973755,-0.4825317859649658,0.008272560313344002,1.322007417678833,1.5047798156738281
943,Indianapolis,Median Age,bg,6198,498,Feat\&PC-LightGCN,3,0.9298834800720215,-0.3388634920120239,-0.5318516492843628,0.05094705522060394,1.3976428508758545,1.5548397302627563
944,Indianapolis,Median Age,bg,6198,498,Feat\&PC-LightGCN,4,0.988166093826294,-0.4520622491836548,-0.4596349000930786,0.008598594926297665,1.5158113241195679,1.481539249420166
945,Indianapolis,Median Age,bg,6198,498,Feat\&PC-LightGCN,5,0.9580636024475098,-0.21963167190551758,-0.7380775213241577,0.03047124110162258,1.2731764316558838,1.7641605138778687
946,Indianapolis,Median Age,bg,6198,498,Feat\&PC-LightGCN,6,0.9657045602798462,-0.33648014068603516,-0.5033355951309204,0.024919284507632256,1.3951548337936401,1.5258958339691162
947,Indianapolis,Median Age,bg,6198,498,Feat\&PC-LightGCN,7,0.9840871691703796,-0.3427053689956665,-0.5358554124832153,0.011562347412109375,1.4016534090042114,1.558903694152832
948,Indianapolis,Median Age,bg,6198,498,Feat\&PC-LightGCN,8,0.9862512350082397,-0.1395050287246704,-0.6522576808929443,0.009989938698709011,1.1895320415496826,1.6770527362823486
949,Indianapolis,Median Age,bg,6198,498,Feat\&PC-LightGCN,9,0.9800480604171753,-0.23964083194732666,-0.6083962917327881,0.014497203752398491,1.2940640449523926,1.632533073425293
950,Indianapolis,Median Age,bg,6198,498,NoPreTrain,0,0.9896548390388489,-0.7467234134674072,-0.34444427490234375,0.007516852114349604,1.823408842086792,1.3646200895309448
951,Indianapolis,Median Age,bg,6198,498,NoPreTrain,1,0.9988690614700317,-0.6131460666656494,-0.4580533504486084,0.0008217317517846823,1.683967113494873,1.4799340963363647
952,Indianapolis,Median Age,bg,6198,498,NoPreTrain,2,0.9974672794342041,-0.5137113332748413,-0.361098051071167,0.0018402794376015663,1.5801669359207153,1.3815237283706665
953,Indianapolis,Median Age,bg,6198,498,NoPreTrain,3,0.9956820607185364,-0.5080783367156982,-0.23163902759552002,0.003137418767437339,1.574286699295044,1.2501219511032104
954,Indianapolis,Median Age,bg,6198,498,NoPreTrain,4,0.993737518787384,-0.4526103734970093,-0.4184767007827759,0.004550350364297628,1.5163835287094116,1.4397635459899902
955,Indianapolis,Median Age,bg,6198,498,NoPreTrain,5,0.9799656271934509,-0.8041114807128906,-0.6633915901184082,0.014557109214365482,1.8833163976669312,1.6883537769317627
956,Indianapolis,Median Age,bg,6198,498,NoPreTrain,6,0.9908589720726013,-1.1330125331878662,-1.4413809776306152,0.006641916930675507,2.226656913757324,2.478018283843994
957,Indianapolis,Median Age,bg,6198,498,NoPreTrain,7,0.993733286857605,-1.0517017841339111,-0.9256089925765991,0.004553451202809811,2.1417763233184814,1.954506278038025
958,Indianapolis,Median Age,bg,6198,498,NoPreTrain,8,0.9956226944923401,-0.5840630531311035,-0.42222392559051514,0.00318056414835155,1.6536073684692383,1.443566918373108
959,Indianapolis,Median Age,bg,6198,498,NoPreTrain,9,0.9915034770965576,-0.7741435766220093,-0.7494146823883057,0.0061736260540783405,1.8520327806472778,1.775667667388916
960,Nashville,Median Income,bg,6597,428,Emb,0,0.9914971590042114,-0.14853668212890625,-0.523361325263977,0.008305149152874947,0.9165747165679932,1.0020254850387573
961,Nashville,Median Income,bg,6597,428,Emb,1,0.997612714767456,-0.11194372177124023,-0.33508288860321045,0.002331775613129139,0.8873721957206726,0.8781810402870178
962,Nashville,Median Income,bg,6597,428,Emb,2,0.9962906837463379,-0.20894062519073486,-0.14565229415893555,0.003623062511906028,0.9647793173789978,0.7535787224769592
963,Nashville,Median Income,bg,6597,428,Emb,3,0.990909993648529,-0.6012145280838013,-0.3962181806564331,0.008878670632839203,1.277828335762024,0.918394148349762
964,Nashville,Median Income,bg,6597,428,Emb,4,0.9604576230049133,-0.21459007263183594,-0.8035261631011963,0.038623109459877014,0.9692878127098083,1.1863101720809937
965,Nashville,Median Income,bg,6597,428,Emb,5,0.9962323307991028,-0.2814258337020874,-1.1342275142669678,0.0036800592206418514,1.022625207901001,1.4038364887237549
966,Nashville,Median Income,bg,6597,428,Emb,6,0.9915969371795654,-0.16556000709533691,-0.5041157007217407,0.008207731880247593,0.9301599860191345,0.9893661141395569
967,Nashville,Median Income,bg,6597,428,Emb,7,0.9978476762771606,-0.43636512756347656,-0.6106554269790649,0.002102316590026021,1.1462725400924683,1.0594450235366821
968,Nashville,Median Income,bg,6597,428,Emb,8,0.9970557689666748,-0.18133759498596191,-0.4923337697982788,0.0028757848776876926,0.9427510499954224,0.9816163778305054
969,Nashville,Median Income,bg,6597,428,Emb,9,0.9996499419212341,-0.3011237382888794,-0.6418246030807495,0.00034191698068752885,1.0383448600769043,1.0799472332000732
970,Nashville,Median Income,bg,6597,428,RGNN,0,0.7788473963737488,-0.7230406999588013,-0.49521660804748535,0.21601137518882751,1.3750501871109009,0.9835126399993896
971,Nashville,Median Income,bg,6597,428,RGNN,1,0.7329999208450317,-0.007603883743286133,-0.5476988554000854,0.2607930302619934,0.8041051626205444,1.0180339813232422
972,Nashville,Median Income,bg,6597,428,RGNN,2,0.8053723573684692,0.06804847717285156,-0.27838313579559326,0.19010302424430847,0.7437317967414856,0.8408854007720947
973,Nashville,Median Income,bg,6597,428,RGNN,3,0.7556553483009338,-0.04120028018951416,-0.18595433235168457,0.23866426944732666,0.8309162855148315,0.7800883054733276
974,Nashville,Median Income,bg,6597,428,RGNN,4,0.8915912508964539,-0.2721449136734009,-0.6169418096542358,0.1058885008096695,1.015218734741211,1.06358003616333
975,Nashville,Median Income,bg,6597,428,RGNN,5,0.9104369282722473,-0.21360158920288086,-0.6759793758392334,0.08748096227645874,0.968498945236206,1.102413296699524
976,Nashville,Median Income,bg,6597,428,RGNN,6,0.782252848148346,-0.49107539653778076,-0.2545948028564453,0.21268506348133087,1.1899333000183105,0.8252381682395935
977,Nashville,Median Income,bg,6597,428,RGNN,7,0.9074705839157104,-0.10451662540435791,-0.4383741617202759,0.09037832170724869,0.881445050239563,0.9461231827735901
978,Nashville,Median Income,bg,6597,428,RGNN,8,0.845767080783844,-0.03712642192840576,-0.3932000398635864,0.15064740180969238,0.8276652097702026,0.916408896446228
979,Nashville,Median Income,bg,6597,428,RGNN,9,0.9278721213340759,-0.3557572364807129,-0.7506388425827026,0.07045108824968338,1.0819443464279175,1.1515223979949951
980,Nashville,Median Income,bg,6597,428,Feat-RGNN,0,0.7997003793716431,-0.6920005083084106,-0.826396107673645,0.19564314186573029,1.3502789735794067,1.2013534307479858
981,Nashville,Median Income,bg,6597,428,Feat-RGNN,1,0.8868846893310547,-0.3101041316986084,-1.0819501876831055,0.11048565059900284,1.0455116033554077,1.3694498538970947
982,Nashville,Median Income,bg,6597,428,Feat-RGNN,2,0.7598467469215393,-0.01574265956878662,-0.13581764698028564,0.23457029461860657,0.810600221157074,0.7471097707748413
983,Nashville,Median Income,bg,6597,428,Feat-RGNN,3,0.8299604058265686,-0.2507443428039551,-0.8650121688842773,0.1660865843296051,0.9981402158737183,1.2267539501190186
984,Nashville,Median Income,bg,6597,428,Feat-RGNN,4,0.8352605104446411,-0.3464468717575073,-0.5977312326431274,0.1609097421169281,1.074514389038086,1.0509438514709473
985,Nashville,Median Income,bg,6597,428,Feat-RGNN,5,0.8394460678100586,-0.28384125232696533,-0.8643076419830322,0.15682145953178406,1.024552822113037,1.2262905836105347
986,Nashville,Median Income,bg,6597,428,Feat-RGNN,6,0.8836174011230469,-0.33176350593566895,-0.8860430717468262,0.1136769950389862,1.0627964735031128,1.240587592124939
987,Nashville,Median Income,bg,6597,428,Feat-RGNN,7,0.774217963218689,-0.3209257125854492,-0.2983555793762207,0.22053320705890656,1.0541476011276245,0.8540228009223938
988,Nashville,Median Income,bg,6597,428,Feat-RGNN,8,0.8395140171051025,-0.4326157569885254,-0.37153804302215576,0.15675511956214905,1.1432803869247437,0.9021602272987366
989,Nashville,Median Income,bg,6597,428,Feat-RGNN,9,0.7334280014038086,-0.42421233654022217,-1.201207160949707,0.26037490367889404,1.1365740299224854,1.4478938579559326
990,Nashville,Median Income,bg,6597,428,Feat\&PC-RGNN,0,0.8101300597190857,-0.27156054973602295,-0.23399734497070312,0.18545594811439514,1.0147522687911987,0.8116896748542786
991,Nashville,Median Income,bg,6597,428,Feat\&PC-RGNN,1,0.8289614319801331,0.02677476406097412,-0.9360126256942749,0.16706237196922302,0.7766696810722351,1.27345609664917
992,Nashville,Median Income,bg,6597,428,Feat\&PC-RGNN,2,0.85093092918396,-0.6191493272781372,-0.5867666006088257,0.14560356736183167,1.292141079902649,1.043731689453125
993,Nashville,Median Income,bg,6597,428,Feat\&PC-RGNN,3,0.843513548374176,-0.5030343532562256,-0.6432719230651855,0.1528485268354416,1.199476957321167,1.0808993577957153
994,Nashville,Median Income,bg,6597,428,Feat\&PC-RGNN,4,0.8504453301429749,-0.31560182571411133,-0.5049893856048584,0.14607790112495422,1.0498988628387451,0.9899408221244812
995,Nashville,Median Income,bg,6597,428,Feat\&PC-RGNN,5,0.9304994344711304,-0.42998671531677246,-0.7953020334243774,0.06788482517004013,1.14118230342865,1.1809005737304688
996,Nashville,Median Income,bg,6597,428,Feat\&PC-RGNN,6,0.9301376342773438,-0.3265639543533325,-0.6550264358520508,0.06823822855949402,1.0586470365524292,1.0886311531066895
997,Nashville,Median Income,bg,6597,428,Feat\&PC-RGNN,7,0.8602403998374939,-0.018989086151123047,-0.32739806175231934,0.13651052117347717,0.8131909966468811,0.8731260895729065
998,Nashville,Median Income,bg,6597,428,Feat\&PC-RGNN,8,0.8377510905265808,-0.37728965282440186,-0.8919118642807007,0.1584770232439041,1.0991281270980835,1.2444478273391724
999,Nashville,Median Income,bg,6597,428,Feat\&PC-RGNN,9,0.940484881401062,-0.19015324115753174,-0.556658148765564,0.058131515979766846,0.9497862458229065,1.023927092552185
1000,Nashville,Median Income,bg,6597,428,LightGCN,0,0.8316631317138672,-0.3117028474807739,-0.7899153232574463,0.16442346572875977,1.0467873811721802,1.1773573160171509
1001,Nashville,Median Income,bg,6597,428,LightGCN,1,0.9262800812721252,-0.015508651733398438,-0.11802542209625244,0.07200613617897034,0.8104134202003479,0.7354065179824829
1002,Nashville,Median Income,bg,6597,428,LightGCN,2,0.9347694516181946,0.11457359790802002,0.07549774646759033,0.06371411681175232,0.7066029906272888,0.6081122756004333
1003,Nashville,Median Income,bg,6597,428,LightGCN,3,0.9289791584014893,-0.09161770343780518,-0.677025556564331,0.06936977803707123,0.871151328086853,1.1031014919281006
1004,Nashville,Median Income,bg,6597,428,LightGCN,4,0.8880526423454285,-0.08510231971740723,-0.19231224060058594,0.10934488475322723,0.8659517765045166,0.7842703461647034
1005,Nashville,Median Income,bg,6597,428,LightGCN,5,0.9116714596748352,-0.21140921115875244,-0.20996177196502686,0.08627510070800781,0.9667493104934692,0.7958797216415405
1006,Nashville,Median Income,bg,6597,428,LightGCN,6,0.9461895227432251,-0.20333576202392578,-0.18634748458862305,0.05255953595042229,0.9603064060211182,0.7803468704223633
1007,Nashville,Median Income,bg,6597,428,LightGCN,7,0.9268947243690491,-0.09242796897888184,-0.5828412771224976,0.07140576839447021,0.8717978596687317,1.041149616241455
1008,Nashville,Median Income,bg,6597,428,LightGCN,8,0.9549826383590698,0.11605656147003174,-0.2887057065963745,0.04397080838680267,0.7054195404052734,0.8476753234863281
1009,Nashville,Median Income,bg,6597,428,LightGCN,9,0.9162152409553528,-0.08474647998809814,0.02005666494369507,0.081836998462677,0.8656678199768066,0.6445798873901367
1010,Nashville,Median Income,bg,6597,428,Feat-LightGCN,0,0.9917622804641724,-0.21918892860412598,-0.37390780448913574,0.008046235889196396,0.9729578495025635,0.9037190079689026
1011,Nashville,Median Income,bg,6597,428,Feat-LightGCN,1,0.9604506492614746,-0.011301994323730469,-0.3014647960662842,0.03862990438938141,0.8070564270019531,0.8560678958892822
1012,Nashville,Median Income,bg,6597,428,Feat-LightGCN,2,0.9826456904411316,0.10521328449249268,-0.3277856111526489,0.01695084199309349,0.7140728831291199,0.8733810782432556
1013,Nashville,Median Income,bg,6597,428,Feat-LightGCN,3,0.9895163774490356,-0.3248237371444702,-0.8218362331390381,0.010239889845252037,1.0572583675384521,1.1983540058135986
1014,Nashville,Median Income,bg,6597,428,Feat-LightGCN,4,0.9952778816223145,-0.22792816162109375,-0.4533200263977051,0.004612339194864035,0.9799320101737976,0.9559541940689087
1015,Nashville,Median Income,bg,6597,428,Feat-LightGCN,5,0.9610073566436768,-0.02672755718231201,-0.44633162021636963,0.03808613866567612,0.8193665146827698,0.951357364654541
1016,Nashville,Median Income,bg,6597,428,Feat-LightGCN,6,0.9880882501602173,-0.42672717571258545,-0.5037580728530884,0.011634857393801212,1.1385810375213623,0.989130973815918
1017,Nashville,Median Income,bg,6597,428,Feat-LightGCN,7,0.9359291195869446,-0.5690082311630249,-0.9079102277755737,0.06258141249418259,1.2521265745162964,1.2549711465835571
1018,Nashville,Median Income,bg,6597,428,Feat-LightGCN,8,0.9642865657806396,-0.11531400680541992,-0.21509027481079102,0.03488321602344513,0.8900618553161621,0.7992531657218933
1019,Nashville,Median Income,bg,6597,428,Feat-LightGCN,9,0.9885203242301941,-0.39410245418548584,-0.7773855924606323,0.011212784796953201,1.1125452518463135,1.169115662574768
1020,Nashville,Median Income,bg,6597,428,Feat\&PC-LightGCN,0,0.960965096950531,-0.006909966468811035,-0.2618790864944458,0.03812743350863457,0.8035513162612915,0.8300294876098633
1021,Nashville,Median Income,bg,6597,428,Feat\&PC-LightGCN,1,0.9898964762687683,-0.014142632484436035,-0.335063099861145,0.009868646040558815,0.8093233108520508,0.878167986869812
1022,Nashville,Median Income,bg,6597,428,Feat\&PC-LightGCN,2,0.9845662117004395,-0.3023185729980469,-0.727288007736206,0.015074972063302994,1.039298415184021,1.1361627578735352
1023,Nashville,Median Income,bg,6597,428,Feat\&PC-LightGCN,3,0.9916204810142517,-0.08837926387786865,-0.4768561124801636,0.008184709586203098,0.8685669302940369,0.971435546875
1024,Nashville,Median Income,bg,6597,428,Feat\&PC-LightGCN,4,0.9890673756599426,-0.14375996589660645,-0.2087392807006836,0.010678487829864025,0.9127627611160278,0.7950755953788757
1025,Nashville,Median Income,bg,6597,428,Feat\&PC-LightGCN,5,0.9726533889770508,-0.12791025638580322,-0.37426507472991943,0.026710864156484604,0.900114119052887,0.9039539694786072
1026,Nashville,Median Income,bg,6597,428,Feat\&PC-LightGCN,6,0.938174843788147,0.16876935958862305,-0.022191286087036133,0.060387905687093735,0.6633527874946594,0.6723694801330566
1027,Nashville,Median Income,bg,6597,428,Feat\&PC-LightGCN,7,0.9854080080986023,-0.09206914901733398,-0.26903629302978516,0.014252787455916405,0.8715115785598755,0.8347373604774475
1028,Nashville,Median Income,bg,6597,428,Feat\&PC-LightGCN,8,0.9669858813285828,-0.13435041904449463,-0.5403416156768799,0.03224663436412811,0.9052535891532898,1.0131945610046387
1029,Nashville,Median Income,bg,6597,428,Feat\&PC-LightGCN,9,0.9778951406478882,-0.09865856170654297,-0.25457632541656494,0.021591003984212875,0.8767700791358948,0.8252260088920593
1030,Nashville,Median Income,bg,6597,428,NoPreTrain,0,0.9869463443756104,-0.4379962682723999,-0.26550769805908203,0.012750178575515747,1.1475741863250732,0.8324163556098938
1031,Nashville,Median Income,bg,6597,428,NoPreTrain,1,0.9911035299301147,-0.43930232524871826,-0.5564429759979248,0.008689659647643566,1.1486164331436157,1.0237855911254883
1032,Nashville,Median Income,bg,6597,428,NoPreTrain,2,0.9974499940872192,-0.9466235637664795,-1.7627191543579102,0.0024907165206968784,1.5534776449203491,1.8172410726547241
1033,Nashville,Median Income,bg,6597,428,NoPreTrain,3,0.998735249042511,-1.1444659233093262,-1.327484369277954,0.001235336298123002,1.7113631963729858,1.53095543384552
1034,Nashville,Median Income,bg,6597,428,NoPreTrain,4,0.9901660680770874,-0.1267913579940796,-0.7647353410720825,0.009605308063328266,0.8992211818695068,1.1607946157455444
1035,Nashville,Median Income,bg,6597,428,NoPreTrain,5,0.9988657236099243,-0.6977485418319702,-0.6230369806289673,0.0011079094838351011,1.3548661470413208,1.067589282989502
1036,Nashville,Median Income,bg,6597,428,NoPreTrain,6,0.9962156414985657,-0.2686871290206909,-0.20212161540985107,0.0036963648162782192,1.0124592781066895,0.790722668170929
1037,Nashville,Median Income,bg,6597,428,NoPreTrain,7,0.9851132035255432,-0.4608861207962036,-0.3476123809814453,0.014540725387632847,1.1658411026000977,0.8864225149154663
1038,Nashville,Median Income,bg,6597,428,NoPreTrain,8,0.9856610894203186,-0.6716889142990112,-0.21957361698150635,0.014005581848323345,1.3340694904327393,0.8022021651268005
1039,Nashville,Median Income,bg,6597,428,NoPreTrain,9,0.9970441460609436,-0.2769280672073364,-0.31687867641448975,0.002887151436880231,1.019035816192627,0.8662067651748657
1040,Nashville,Median Home Value,bg,6199,418,Emb,0,0.9969415664672852,0.11984717845916748,0.05519998073577881,0.0021770710591226816,0.8781924247741699,0.9510253071784973
1041,Nashville,Median Home Value,bg,6199,418,Emb,1,0.997138500213623,0.025169193744659424,-0.06286811828613281,0.0020368779078125954,0.9726595282554626,1.0698713064193726
1042,Nashville,Median Home Value,bg,6199,418,Emb,2,0.9979379177093506,0.07109904289245605,-0.12283194065093994,0.0014678313164040446,0.9268320202827454,1.1302303075790405
1043,Nashville,Median Home Value,bg,6199,418,Emb,3,0.9971520304679871,0.13578194379806519,-0.06400072574615479,0.0020272585097700357,0.8622931241989136,1.0710114240646362
1044,Nashville,Median Home Value,bg,6199,418,Emb,4,0.995978593826294,0.06317323446273804,-0.1057591438293457,0.002862523542717099,0.9347401857376099,1.1130449771881104
1045,Nashville,Median Home Value,bg,6199,418,Emb,5,0.9984869956970215,0.05909085273742676,0.0034605860710144043,0.001076995744369924,0.9388134479522705,1.003105640411377
1046,Nashville,Median Home Value,bg,6199,418,Emb,6,0.9981786608695984,0.045733749866485596,-0.1679297685623169,0.0012964565539732575,0.9521408081054688,1.175625205039978
1047,Nashville,Median Home Value,bg,6199,418,Emb,7,0.9951260685920715,-0.057067275047302246,-0.16445839405059814,0.0034693735651671886,1.0547128915786743,1.172131061553955
1048,Nashville,Median Home Value,bg,6199,418,Emb,8,0.9933851957321167,0.09935128688812256,-0.2477947473526001,0.004708555992692709,0.8986426591873169,1.2560163736343384
1049,Nashville,Median Home Value,bg,6199,418,Emb,9,0.9906032085418701,-0.10851609706878662,-0.2730451822280884,0.0066888476721942425,1.1060470342636108,1.281433343887329
1050,Nashville,Median Home Value,bg,6199,418,RGNN,0,0.8897830843925476,0.31258493661880493,0.2749600410461426,0.07845500111579895,0.6858839988708496,0.729817271232605
1051,Nashville,Median Home Value,bg,6199,418,RGNN,1,0.8550005555152893,0.3648650646209717,0.23398703336715698,0.10321401059627533,0.6337202787399292,0.7710602283477783
1052,Nashville,Median Home Value,bg,6199,418,RGNN,2,0.9219542145729065,0.17525577545166016,0.14958572387695312,0.0555548332631588,0.8229072093963623,0.8560175895690918
1053,Nashville,Median Home Value,bg,6199,418,RGNN,3,0.8939989805221558,0.29951751232147217,0.34609198570251465,0.07545404136180878,0.6989222764968872,0.6582165956497192
1054,Nashville,Median Home Value,bg,6199,418,RGNN,4,0.9533218741416931,0.430364727973938,0.421356737613678,0.033226605504751205,0.568366527557373,0.5824559330940247
1055,Nashville,Median Home Value,bg,6199,418,RGNN,5,0.9104140996932983,0.12709254026412964,0.28049421310424805,0.06376934796571732,0.8709632158279419,0.724246621131897
1056,Nashville,Median Home Value,bg,6199,418,RGNN,6,0.9395536184310913,0.21964174509048462,0.22481536865234375,0.04302714765071869,0.7786201238632202,0.7802923321723938
1057,Nashville,Median Home Value,bg,6199,418,RGNN,7,0.9036141037940979,0.27608156204223633,0.22999727725982666,0.06860975176095963,0.7223060131072998,0.7750762701034546
1058,Nashville,Median Home Value,bg,6199,418,RGNN,8,0.8936061859130859,0.30194753408432007,0.22105097770690918,0.07573363929986954,0.6964976191520691,0.7840815186500549
1059,Nashville,Median Home Value,bg,6199,418,RGNN,9,0.8945827484130859,0.21422451734542847,0.17556804418563843,0.07503850013017654,0.7840253114700317,0.8298641443252563
1060,Nashville,Median Home Value,bg,6199,418,Feat-RGNN,0,0.8449379801750183,0.2533106207847595,0.25051021575927734,0.11037679761648178,0.7450262904167175,0.7544281482696533
1061,Nashville,Median Home Value,bg,6199,418,Feat-RGNN,1,0.9406210780143738,0.4427124857902527,0.3860597014427185,0.04226730391383171,0.5560462474822998,0.6179855465888977
1062,Nashville,Median Home Value,bg,6199,418,Feat-RGNN,2,0.8945587277412415,0.2519283890724182,0.3250243663787842,0.07505558431148529,0.7464054226875305,0.6794230341911316
1063,Nashville,Median Home Value,bg,6199,418,Feat-RGNN,3,0.9128519296646118,0.2232123613357544,0.37603092193603516,0.06203405559062958,0.7750574946403503,0.628080427646637
1064,Nashville,Median Home Value,bg,6199,418,Feat-RGNN,4,0.8558064699172974,0.33659982681274414,0.3990771174430847,0.10264037549495697,0.6619225740432739,0.6048823595046997
1065,Nashville,Median Home Value,bg,6199,418,Feat-RGNN,5,0.9355582594871521,0.27312523126602173,0.2931009531021118,0.04587115719914436,0.7252557873725891,0.7115567922592163
1066,Nashville,Median Home Value,bg,6199,418,Feat-RGNN,6,0.8959963321685791,0.4110780954360962,0.39290928840637207,0.07403228431940079,0.5876101851463318,0.6110907793045044
1067,Nashville,Median Home Value,bg,6199,418,Feat-RGNN,7,0.9259212017059326,0.34582412242889404,0.2398248314857483,0.05273104086518288,0.6527188420295715,0.7651839256286621
1068,Nashville,Median Home Value,bg,6199,418,Feat-RGNN,8,0.9299523830413818,0.3281397819519043,0.2911136746406555,0.049861565232276917,0.67036372423172,0.7135571241378784
1069,Nashville,Median Home Value,bg,6199,418,Feat-RGNN,9,0.9053640961647034,0.18163901567459106,0.32340115308761597,0.06736407428979874,0.8165382146835327,0.6810569167137146
1070,Nashville,Median Home Value,bg,6199,418,Feat\&PC-RGNN,0,0.8469618558883667,0.35271525382995605,0.20655149221420288,0.10893616825342178,0.6458430290222168,0.7986765503883362
1071,Nashville,Median Home Value,bg,6199,418,Feat\&PC-RGNN,1,0.957066535949707,0.27960729598999023,0.2539815902709961,0.030561061576008797,0.7187881469726562,0.7509339451789856
1072,Nashville,Median Home Value,bg,6199,418,Feat\&PC-RGNN,2,0.9599714875221252,0.2825790047645569,0.17690509557724,0.02849322184920311,0.7158230543136597,0.828518271446228
1073,Nashville,Median Home Value,bg,6199,418,Feat\&PC-RGNN,3,0.8059345483779907,0.37256789207458496,0.3766300082206726,0.13814038038253784,0.6260346174240112,0.6274773478507996
1074,Nashville,Median Home Value,bg,6199,418,Feat\&PC-RGNN,4,0.858625054359436,0.30286502838134766,0.24038583040237427,0.10063401609659195,0.6955822110176086,0.7646192908287048
1075,Nashville,Median Home Value,bg,6199,418,Feat\&PC-RGNN,5,0.9525705575942993,0.22581368684768677,0.1449892520904541,0.0337614044547081,0.7724619507789612,0.8606444001197815
1076,Nashville,Median Home Value,bg,6199,418,Feat\&PC-RGNN,6,0.8734839558601379,0.03660362958908081,-0.04309439659118652,0.09005711227655411,0.9612506031990051,1.0499674081802368
1077,Nashville,Median Home Value,bg,6199,418,Feat\&PC-RGNN,7,0.8407929539680481,0.3625093698501587,0.3448375463485718,0.11332734674215317,0.636070728302002,0.6594792604446411
1078,Nashville,Median Home Value,bg,6199,418,Feat\&PC-RGNN,8,0.950626015663147,0.3358515501022339,0.32851743698120117,0.03514557331800461,0.6626691818237305,0.6759069561958313
1079,Nashville,Median Home Value,bg,6199,418,Feat\&PC-RGNN,9,0.9318616390228271,0.3601388931274414,0.13609206676483154,0.048502516001462936,0.638435959815979,0.8696001768112183
1080,Nashville,Median Home Value,bg,6199,418,LightGCN,0,0.9164402484893799,0.2222028374671936,0.24293023347854614,0.059479814022779465,0.7760647535324097,0.7620580792427063
1081,Nashville,Median Home Value,bg,6199,418,LightGCN,1,0.9658530950546265,0.30137521028518677,0.23101234436035156,0.024306558072566986,0.6970686912536621,0.7740544676780701
1082,Nashville,Median Home Value,bg,6199,418,LightGCN,2,0.9596723318099976,0.327372670173645,0.235515296459198,0.02870618738234043,0.6711291670799255,0.7695218920707703
1083,Nashville,Median Home Value,bg,6199,418,LightGCN,3,0.9246636629104614,0.3919868469238281,0.2455615997314453,0.053626175969839096,0.606658935546875,0.7594093680381775
1084,Nashville,Median Home Value,bg,6199,418,LightGCN,4,0.9554363489151001,0.3740495443344116,0.24298453330993652,0.03172144293785095,0.6245562434196472,0.7620034217834473
1085,Nashville,Median Home Value,bg,6199,418,LightGCN,5,0.8568578362464905,0.3797301650047302,0.35504037141799927,0.10189197957515717,0.618888258934021,0.6492092609405518
1086,Nashville,Median Home Value,bg,6199,418,LightGCN,6,0.9024295210838318,0.3419828414916992,0.21280938386917114,0.06945297867059708,0.6565515398979187,0.7923773527145386
1087,Nashville,Median Home Value,bg,6199,418,LightGCN,7,0.8828287720680237,0.25428885221481323,0.3589833378791809,0.0834052562713623,0.7440502047538757,0.645240306854248
1088,Nashville,Median Home Value,bg,6199,418,LightGCN,8,0.9665159583091736,0.2954745888710022,0.1356503963470459,0.02383473515510559,0.7029561996459961,0.8700448274612427
1089,Nashville,Median Home Value,bg,6199,418,LightGCN,9,0.9369388818740845,0.35578566789627075,0.20236462354660034,0.04488839954137802,0.6427794694900513,0.802890956401825
1090,Nashville,Median Home Value,bg,6199,418,Feat-LightGCN,0,0.9839985370635986,0.3396122455596924,0.19318097829818726,0.011390216648578644,0.6589168310165405,0.8121351599693298
1091,Nashville,Median Home Value,bg,6199,418,Feat-LightGCN,1,0.9794395565986633,0.4323025345802307,0.05641484260559082,0.014635427854955196,0.5664330124855042,0.9498023986816406
1092,Nashville,Median Home Value,bg,6199,418,Feat-LightGCN,2,0.9883655905723572,0.4247024655342102,0.09737461805343628,0.008281644433736801,0.5740161538124084,0.908572793006897
1093,Nashville,Median Home Value,bg,6199,418,Feat-LightGCN,3,0.9790810346603394,0.40670496225357056,0.14514511823654175,0.014890618622303009,0.591973602771759,0.8604875206947327
1094,Nashville,Median Home Value,bg,6199,418,Feat-LightGCN,4,0.9540850520133972,0.42625999450683594,0.27455759048461914,0.0326833613216877,0.5724620819091797,0.7302223443984985
1095,Nashville,Median Home Value,bg,6199,418,Feat-LightGCN,5,0.992365300655365,0.37843263149261475,0.16436976194381714,0.005434568505734205,0.6201829314231873,0.8411362171173096
1096,Nashville,Median Home Value,bg,6199,418,Feat-LightGCN,6,0.9936944246292114,0.3689737915992737,0.33191269636154175,0.004488470032811165,0.6296207308769226,0.6724893450737
1097,Nashville,Median Home Value,bg,6199,418,Feat-LightGCN,7,0.8619294166564941,0.45070093870162964,0.07972925901412964,0.09828191995620728,0.5480755567550659,0.9263343811035156
1098,Nashville,Median Home Value,bg,6199,418,Feat-LightGCN,8,0.9677873849868774,0.3801245093345642,0.3144350051879883,0.022929701954126358,0.6184948682785034,0.6900821924209595
1099,Nashville,Median Home Value,bg,6199,418,Feat-LightGCN,9,0.989670991897583,0.384770929813385,0.02176433801651001,0.007352410349994898,0.6138587594032288,0.984681248664856
1100,Nashville,Median Home Value,bg,6199,418,Feat\&PC-LightGCN,0,0.994638204574585,0.4954395294189453,0.3585737943649292,0.0038166604936122894,0.5034366250038147,0.6456525325775146
1101,Nashville,Median Home Value,bg,6199,418,Feat\&PC-LightGCN,1,0.9881329536437988,0.38174670934677124,0.24070096015930176,0.008447235450148582,0.6168762445449829,0.7643020153045654
1102,Nashville,Median Home Value,bg,6199,418,Feat\&PC-LightGCN,2,0.981855034828186,0.4295295476913452,0.2745738625526428,0.01291599776595831,0.5691998600959778,0.7302059531211853
1103,Nashville,Median Home Value,bg,6199,418,Feat\&PC-LightGCN,3,0.9833980202674866,0.5015449523925781,0.1345984935760498,0.011817682534456253,0.49734482169151306,0.8711036443710327
1104,Nashville,Median Home Value,bg,6199,418,Feat\&PC-LightGCN,4,0.9722411036491394,0.4144589900970459,0.3862874507904053,0.019759440794587135,0.5842368006706238,0.6177563071250916
1105,Nashville,Median Home Value,bg,6199,418,Feat\&PC-LightGCN,5,0.9897949695587158,0.4271092414855957,0.22666609287261963,0.007264201063662767,0.5716147422790527,0.778429388999939
1106,Nashville,Median Home Value,bg,6199,418,Feat\&PC-LightGCN,6,0.9853466153144836,0.4805294871330261,0.332419753074646,0.010430646128952503,0.518313467502594,0.6719788908958435
1107,Nashville,Median Home Value,bg,6199,418,Feat\&PC-LightGCN,7,0.9822103381156921,0.42922455072402954,0.2848537564277649,0.01266309805214405,0.5695041418075562,0.7198583483695984
1108,Nashville,Median Home Value,bg,6199,418,Feat\&PC-LightGCN,8,0.9903711080551147,0.4302295446395874,0.27409887313842773,0.006854060105979443,0.568501353263855,0.7306841015815735
1109,Nashville,Median Home Value,bg,6199,418,Feat\&PC-LightGCN,9,0.933782696723938,0.4604722261428833,0.1252726912498474,0.047135062515735626,0.5383260846138,0.8804908990859985
1110,Nashville,Median Home Value,bg,6199,418,NoPreTrain,0,0.9834498167037964,-0.028405308723449707,-0.05843174457550049,0.011780815199017525,1.0261147022247314,1.0654057264328003
1111,Nashville,Median Home Value,bg,6199,418,NoPreTrain,1,0.994627833366394,-0.24704420566558838,-0.09380578994750977,0.0038240444846451283,1.2442666292190552,1.1010128259658813
1112,Nashville,Median Home Value,bg,6199,418,NoPreTrain,2,0.9927113652229309,-0.32035648822784424,-0.4000178575515747,0.005188205745071173,1.3174155950546265,1.4092425107955933
1113,Nashville,Median Home Value,bg,6199,418,NoPreTrain,3,0.9931632876396179,-0.20912742614746094,-0.5515942573547363,0.0048665329813957214,1.2064342498779297,1.5618177652359009
1114,Nashville,Median Home Value,bg,6199,418,NoPreTrain,4,0.9976149201393127,0.10340553522109985,-0.040468811988830566,0.0016977483173832297,0.8945974707603455,1.047324538230896
1115,Nashville,Median Home Value,bg,6199,418,NoPreTrain,5,0.9749405384063721,-0.07627761363983154,-0.06663334369659424,0.017837904393672943,1.0738803148269653,1.0736613273620605
1116,Nashville,Median Home Value,bg,6199,418,NoPreTrain,6,0.9994872212409973,-0.15343952178955078,-0.22616779804229736,0.0003650291182566434,1.150870442390442,1.2342469692230225
1117,Nashville,Median Home Value,bg,6199,418,NoPreTrain,7,0.9759578704833984,-0.46884286403656006,-0.08304667472839355,0.01711374521255493,1.4655712842941284,1.0901827812194824
1118,Nashville,Median Home Value,bg,6199,418,NoPreTrain,8,0.9995253086090088,0.0014244914054870605,0.065296471118927,0.00033790155430324376,0.9963513612747192,0.9408622980117798
1119,Nashville,Median Home Value,bg,6199,418,NoPreTrain,9,0.9991796016693115,-0.14272940158843994,-0.06749546527862549,0.0005839720834046602,1.1401841640472412,1.0745291709899902
1120,Nashville,Commute Time,bg,1676,113,Emb,0,0.9999720454216003,-0.5843431949615479,0.0965949296951294,3.477705467958003e-05,1.6943575143814087,1.7030853033065796
1121,Nashville,Commute Time,bg,1676,113,Emb,1,0.9999790191650391,-0.7018814086914062,0.026188313961029053,2.610408773762174e-05,1.8200573921203613,1.8358147144317627
1122,Nashville,Commute Time,bg,1676,113,Emb,2,0.9999749064445496,-0.6291106939315796,0.029522716999053955,3.117402957286686e-05,1.7422336339950562,1.82952880859375
1123,Nashville,Commute Time,bg,1676,113,Emb,3,0.9999870657920837,-0.5695098638534546,-0.00986182689666748,1.6083129594335333e-05,1.6784942150115967,1.903775930404663
1124,Nashville,Commute Time,bg,1676,113,Emb,4,0.9999783635139465,-0.8170772790908813,0.014167428016662598,2.6935011192108504e-05,1.9432522058486938,1.8584764003753662
1125,Nashville,Commute Time,bg,1676,113,Emb,5,0.9999798536300659,-0.4868518114089966,0.039276063442230225,2.507502904336434e-05,1.5900964736938477,1.8111419677734375
1126,Nashville,Commute Time,bg,1676,113,Emb,6,0.9999755024909973,-0.7033473253250122,0.016337573528289795,3.0432243875111453e-05,1.8216251134872437,1.854385256767273
1127,Nashville,Commute Time,bg,1676,113,Emb,7,0.9999790191650391,-0.6885538101196289,0.034072279930114746,2.6104014978045598e-05,1.8058043718338013,1.82095205783844
1128,Nashville,Commute Time,bg,1676,113,Emb,8,0.9999588131904602,-0.6854351758956909,0.06026268005371094,5.1246050134068355e-05,1.8024691343307495,1.7715781927108765
1129,Nashville,Commute Time,bg,1676,113,Emb,9,0.9999756813049316,-0.6081178188323975,0.021577417850494385,3.022490272996947e-05,1.7197829484939575,1.844507098197937
1130,Nashville,Commute Time,bg,1676,113,RGNN,0,0.9978784322738647,0.04299992322921753,-0.1078193187713623,0.002638585865497589,1.023452639579773,2.0884439945220947
1131,Nashville,Commute Time,bg,1676,113,RGNN,1,0.9699256420135498,-0.10309004783630371,-0.2750272750854492,0.03740337863564491,1.1796867847442627,2.4036617279052734
1132,Nashville,Commute Time,bg,1676,113,RGNN,2,0.9966145157814026,-0.3055918216705322,0.07815384864807129,0.004210507031530142,1.3962500095367432,1.7378501892089844
1133,Nashville,Commute Time,bg,1676,113,RGNN,3,0.983551025390625,-0.1641397476196289,-0.3048574924468994,0.020457487553358078,1.2449758052825928,2.45989727973938
1134,Nashville,Commute Time,bg,1676,113,RGNN,4,0.9849631190299988,-0.022516608238220215,-0.01735401153564453,0.01870129257440567,1.0935184955596924,1.9179000854492188
1135,Nashville,Commute Time,bg,1676,113,RGNN,5,0.9876956343650818,0.04155498743057251,-0.06567621231079102,0.015302887186408043,1.0249979496002197,2.0089964866638184
1136,Nashville,Commute Time,bg,1676,113,RGNN,6,0.999992847442627,0.33714187145233154,0.04438668489456177,8.870993042364717e-06,0.7088859677314758,1.801507592201233
1137,Nashville,Commute Time,bg,1676,113,RGNN,7,0.9975173473358154,-0.08643722534179688,-0.2021247148513794,0.0030876349192112684,1.1618776321411133,2.2662270069122314
1138,Nashville,Commute Time,bg,1676,113,RGNN,8,0.9999082088470459,0.13693231344223022,0.0017113685607910156,0.00011417410132708028,0.922997772693634,1.8819583654403687
1139,Nashville,Commute Time,bg,1676,113,RGNN,9,0.9876711964607239,-0.051812171936035156,0.04541081190109253,0.015333282761275768,1.1248483657836914,1.799576759338379
1140,Nashville,Commute Time,bg,1676,113,Feat-RGNN,0,0.9740697145462036,-0.3563344478607178,-0.0661090612411499,0.032249342650175095,1.4505162239074707,2.009812355041504
1141,Nashville,Commute Time,bg,1676,113,Feat-RGNN,1,0.9718158841133118,-0.004448413848876953,0.0362856388092041,0.03505247086286545,1.0741957426071167,1.816779375076294
1142,Nashville,Commute Time,bg,1676,113,Feat-RGNN,2,0.9957879185676575,0.06737881898880005,0.003887176513671875,0.005238525569438934,0.9973809719085693,1.8778564929962158
1143,Nashville,Commute Time,bg,1676,113,Feat-RGNN,3,0.9835666418075562,-0.09620213508605957,0.0775214433670044,0.020438099279999733,1.1723206043243408,1.7390424013137817
1144,Nashville,Commute Time,bg,1676,113,Feat-RGNN,4,0.8853920102119446,-0.4691886901855469,-0.02976393699645996,0.142537459731102,1.57120680809021,1.9412951469421387
1145,Nashville,Commute Time,bg,1676,113,Feat-RGNN,5,0.9373504519462585,-0.14025795459747314,0.04138690233230591,0.0779169499874115,1.219435691833496,1.8071625232696533
1146,Nashville,Commute Time,bg,1676,113,Feat-RGNN,6,0.9752048850059509,-0.6059430837631226,0.05379408597946167,0.030837593600153923,1.7174572944641113,1.7837728261947632
1147,Nashville,Commute Time,bg,1676,113,Feat-RGNN,7,0.9887495040893555,-0.35542237758636475,0.06833773851394653,0.013992181979119778,1.4495408535003662,1.7563552856445312
1148,Nashville,Commute Time,bg,1676,113,Feat-RGNN,8,0.9747363924980164,0.008967936038970947,0.13185131549835205,0.03142022341489792,1.0598478317260742,1.6366205215454102
1149,Nashville,Commute Time,bg,1676,113,Feat-RGNN,9,0.9598325490951538,-0.35398387908935547,0.07653659582138062,0.04995608329772949,1.4480023384094238,1.7408989667892456
1150,Nashville,Commute Time,bg,1676,113,Feat\&PC-RGNN,0,0.9688681364059448,-0.5574339628219604,-0.1547003984451294,0.038718536496162415,1.6655797958374023,2.176823377609253
1151,Nashville,Commute Time,bg,1676,113,Feat\&PC-RGNN,1,0.9678038358688354,-0.8225997686386108,-0.17893338203430176,0.04004224017262459,1.9491581916809082,2.2225069999694824
1152,Nashville,Commute Time,bg,1676,113,Feat\&PC-RGNN,2,0.9703989028930664,-0.5748839378356934,-0.28956735134124756,0.03681473061442375,1.6842414140701294,2.431072473526001
1153,Nashville,Commute Time,bg,1676,113,Feat\&PC-RGNN,3,0.9926064610481262,-0.36051225662231445,-0.20142781734466553,0.009195341728627682,1.4549840688705444,2.2649130821228027
1154,Nashville,Commute Time,bg,1676,113,Feat\&PC-RGNN,4,0.9849161505699158,-0.28447186946868896,-0.07492220401763916,0.018759727478027344,1.3736635446548462,2.0264267921447754
1155,Nashville,Commute Time,bg,1676,113,Feat\&PC-RGNN,5,0.9845539331436157,-0.7141666412353516,-0.19075274467468262,0.01921018585562706,1.833195686340332,2.244788646697998
1156,Nashville,Commute Time,bg,1676,113,Feat\&PC-RGNN,6,0.9862540364265442,-0.6308352947235107,-0.12227082252502441,0.017095783725380898,1.7440779209136963,2.115687608718872
1157,Nashville,Commute Time,bg,1676,113,Feat\&PC-RGNN,7,0.9991429448127747,-0.46509039402008057,-0.14001011848449707,0.001065934426151216,1.5668240785598755,2.1491293907165527
1158,Nashville,Commute Time,bg,1676,113,Feat\&PC-RGNN,8,0.9372332692146301,-0.4656858444213867,-0.1019967794418335,0.07806266099214554,1.5674607753753662,2.077467441558838
1159,Nashville,Commute Time,bg,1676,113,Feat\&PC-RGNN,9,0.9713242650032043,-0.8703911304473877,-0.10088181495666504,0.035663846880197525,2.0002682209014893,2.0753655433654785
1160,Nashville,Commute Time,bg,1676,113,LightGCN,0,0.993101954460144,-0.5815033912658691,-0.042244791984558105,0.008579093962907791,1.691320538520813,1.964823842048645
1161,Nashville,Commute Time,bg,1676,113,LightGCN,1,0.988537609577179,-0.4283496141433716,-0.08441340923309326,0.01425569411367178,1.5275319814682007,2.0443193912506104
1162,Nashville,Commute Time,bg,1676,113,LightGCN,2,0.9350281357765198,-0.5857487916946411,-0.362446665763855,0.0808052271604538,1.6958606243133545,2.5684633255004883
1163,Nashville,Commute Time,bg,1676,113,LightGCN,3,0.9889321327209473,-0.5630487203598022,0.09274405241012573,0.013765089213848114,1.6715843677520752,1.710344910621643
1164,Nashville,Commute Time,bg,1676,113,LightGCN,4,0.9745621085166931,-0.2896045446395874,-0.0901026725769043,0.03163697198033333,1.3791526556015015,2.055044651031494
1165,Nashville,Commute Time,bg,1676,113,LightGCN,5,0.9911422729492188,-0.4856218099594116,0.006630420684814453,0.011016294360160828,1.5887811183929443,1.8726849555969238
1166,Nashville,Commute Time,bg,1676,113,LightGCN,6,0.9950243830680847,-0.19332349300384521,-0.06282055377960205,0.00618817750364542,1.2761859893798828,2.003612756729126
1167,Nashville,Commute Time,bg,1676,113,LightGCN,7,0.9953281283378601,-0.6757104396820068,-0.03492140769958496,0.005810406059026718,1.7920691967010498,1.95101797580719
1168,Nashville,Commute Time,bg,1676,113,LightGCN,8,0.9807244539260864,-0.5622010231018066,0.04983055591583252,0.023972898721694946,1.670677900314331,1.7912448644638062
1169,Nashville,Commute Time,bg,1676,113,LightGCN,9,0.9874218106269836,-0.5593612194061279,-0.17739355564117432,0.015643402934074402,1.6676408052444458,2.219604253768921
1170,Nashville,Commute Time,bg,1676,113,Feat-LightGCN,0,0.9998219609260559,-0.1254112720489502,-0.10653865337371826,0.0002214030537288636,1.203558087348938,2.086029529571533
1171,Nashville,Commute Time,bg,1676,113,Feat-LightGCN,1,0.9991921782493591,-0.12057149410247803,0.021614491939544678,0.0010047057876363397,1.1983822584152222,1.8444373607635498
1172,Nashville,Commute Time,bg,1676,113,Feat-LightGCN,2,0.9903430342674255,-0.3272416591644287,-0.1539522409439087,0.012010343372821808,1.4194031953811646,2.175412893295288
1173,Nashville,Commute Time,bg,1676,113,Feat-LightGCN,3,0.9992662668228149,-0.10135865211486816,-0.08163726329803467,0.000912503688596189,1.17783522605896,2.039085865020752
1174,Nashville,Commute Time,bg,1676,113,Feat-LightGCN,4,0.9988493323326111,-0.360042929649353,-0.02639615535736084,0.0014311090344563127,1.4544821977615356,1.9349462985992432
1175,Nashville,Commute Time,bg,1676,113,Feat-LightGCN,5,0.9914093613624573,-0.11620748043060303,-0.08800959587097168,0.010684126056730747,1.193715214729309,2.0510988235473633
1176,Nashville,Commute Time,bg,1676,113,Feat-LightGCN,6,0.9992717504501343,-0.22058165073394775,-0.21505796909332275,0.0009057482820935547,1.3053369522094727,2.2906084060668945
1177,Nashville,Commute Time,bg,1676,113,Feat-LightGCN,7,0.9995951056480408,-0.02808225154876709,-0.14527857303619385,0.000503593182656914,1.0994707345962524,2.1590614318847656
1178,Nashville,Commute Time,bg,1676,113,Feat-LightGCN,8,0.9994762539863586,-0.38317131996154785,-0.12079513072967529,0.0006513881962746382,1.4792165756225586,2.112905740737915
1179,Nashville,Commute Time,bg,1676,113,Feat-LightGCN,9,0.9956738948822021,-0.21637189388275146,-0.16316819190979004,0.0053803944028913975,1.3008348941802979,2.192786693572998
1180,Nashville,Commute Time,bg,1676,113,Feat\&PC-LightGCN,0,0.9997860193252563,-0.6086050271987915,0.06720203161239624,0.000266101531451568,1.7203041315078735,1.7584962844848633
1181,Nashville,Commute Time,bg,1676,113,Feat\&PC-LightGCN,1,0.9971187710762024,-0.5118410587310791,-0.004949808120727539,0.0035833660513162613,1.6168209314346313,1.894515872001648
1182,Nashville,Commute Time,bg,1676,113,Feat\&PC-LightGCN,2,0.992766261100769,-0.25422680377960205,0.0690767765045166,0.008996575139462948,1.3413183689117432,1.7549620866775513
1183,Nashville,Commute Time,bg,1676,113,Feat\&PC-LightGCN,3,0.9988305568695068,-0.6708500385284424,0.024097740650177002,0.0014544582227244973,1.7868711948394775,1.839755892753601
1184,Nashville,Commute Time,bg,1676,113,Feat\&PC-LightGCN,4,0.9982768297195435,-0.4021264314651489,0.05152595043182373,0.002143125981092453,1.4994878768920898,1.7880486249923706
1185,Nashville,Commute Time,bg,1676,113,Feat\&PC-LightGCN,5,0.9998804926872253,-0.444118857383728,0.07063287496566772,0.00014866342826280743,1.5443962812423706,1.7520285844802856
1186,Nashville,Commute Time,bg,1676,113,Feat\&PC-LightGCN,6,0.999035656452179,-0.7855491638183594,0.01766437292098999,0.0011993646621704102,1.9095349311828613,1.851883888244629
1187,Nashville,Commute Time,bg,1676,113,Feat\&PC-LightGCN,7,0.9996991753578186,-0.5073798894882202,0.027554094791412354,0.0003741151303984225,1.61204993724823,1.833240032196045
1188,Nashville,Commute Time,bg,1676,113,Feat\&PC-LightGCN,8,0.9998247623443604,-0.41898679733276367,0.011434376239776611,0.00021791235485579818,1.5175191164016724,1.8636287450790405
1189,Nashville,Commute Time,bg,1676,113,Feat\&PC-LightGCN,9,0.9994012713432312,-0.41557931900024414,0.08664828538894653,0.0007446244126185775,1.513874888420105,1.7218365669250488
1190,Nashville,Commute Time,bg,1676,113,NoPreTrain,0,0.9986012578010559,-1.2193529605865479,-0.5878406763076782,0.001739577273838222,2.3734612464904785,2.993372678756714
1191,Nashville,Commute Time,bg,1676,113,NoPreTrain,1,0.9994606971740723,-0.823628306388855,-0.40309083461761475,0.0006707613938488066,1.9502581357955933,2.645085096359253
1192,Nashville,Commute Time,bg,1676,113,NoPreTrain,2,0.9998264312744141,-0.5583773851394653,-0.21967017650604248,0.00021582972840406,1.6665886640548706,2.2993035316467285
1193,Nashville,Commute Time,bg,1676,113,NoPreTrain,3,0.9996664524078369,-0.24486839771270752,0.1057395339012146,0.0004148449806962162,1.3313101530075073,1.6858460903167725
1194,Nashville,Commute Time,bg,1676,113,NoPreTrain,4,0.9985583424568176,-0.7464922666549683,-0.20508933067321777,0.0017930136527866125,1.86776602268219,2.2718160152435303
1195,Nashville,Commute Time,bg,1676,113,NoPreTrain,5,0.9996675848960876,-0.22475993633270264,0.11956250667572021,0.00041344709461554885,1.3098052740097046,1.6597871780395508
1196,Nashville,Commute Time,bg,1676,113,NoPreTrain,6,0.9998691082000732,-0.2304762601852417,-0.01759159564971924,0.00016279626288451254,1.3159186840057373,1.9183480739593506
1197,Nashville,Commute Time,bg,1676,113,NoPreTrain,7,0.9929882884025574,0.09161555767059326,-0.1772245168685913,0.00872039794921875,0.9714612364768982,2.219285488128662
1198,Nashville,Commute Time,bg,1676,113,NoPreTrain,8,0.9998245239257812,-2.126225233078003,-1.8512914180755615,0.0002182052849093452,3.3433055877685547,5.375210762023926
1199,Nashville,Commute Time,bg,1676,113,NoPreTrain,9,0.9975411891937256,-0.6031862497329712,-0.24870526790618896,0.003058034460991621,1.7145090103149414,2.3540399074554443
1200,Nashville,Median Age,bg,6722,438,Emb,0,0.984592080116272,-1.283179521560669,-0.727570652961731,0.014632116071879864,1.8268227577209473,1.2199219465255737
1201,Nashville,Median Age,bg,6722,438,Emb,1,0.9894331097602844,-0.9812922477722168,-0.7572252750396729,0.010034821927547455,1.5852760076522827,1.2408626079559326
1202,Nashville,Median Age,bg,6722,438,Emb,2,0.9746147990226746,-1.2239267826080322,-0.7051986455917358,0.02410706877708435,1.7794133424758911,1.2041239738464355
1203,Nashville,Median Age,bg,6722,438,Emb,3,0.9938284754753113,-1.4884896278381348,-0.6472704410552979,0.005860812962055206,1.991096019744873,1.1632181406021118
1204,Nashville,Median Age,bg,6722,438,Emb,4,0.989371657371521,-0.768837571144104,-0.7529648542404175,0.010093195363879204,1.4152863025665283,1.2378541231155396
1205,Nashville,Median Age,bg,6722,438,Emb,5,0.9910649657249451,-1.2387404441833496,-0.8962880373001099,0.008485178463160992,1.7912659645080566,1.3390616178512573
1206,Nashville,Median Age,bg,6722,438,Emb,6,0.9966119527816772,-1.5517160892486572,-0.8314211368560791,0.0032174603547900915,2.041684865951538,1.2932559251785278
1207,Nashville,Median Age,bg,6722,438,Emb,7,0.998647928237915,-0.7250571250915527,-0.8671826124191284,0.00128401187248528,1.3802565336227417,1.3185088634490967
1208,Nashville,Median Age,bg,6722,438,Emb,8,0.9804804921150208,-0.8781440258026123,-0.637818455696106,0.018536720424890518,1.5027447938919067,1.1565436124801636
1209,Nashville,Median Age,bg,6722,438,Emb,9,0.9888896346092224,-0.7849889993667603,-0.8494353294372559,0.010550945065915585,1.4282094240188599,1.3059766292572021
1210,Nashville,Median Age,bg,6722,438,RGNN,0,0.6954041719436646,-0.5465373992919922,-0.07956588268280029,0.2892593443393707,1.2374190092086792,0.7623342275619507
1211,Nashville,Median Age,bg,6722,438,RGNN,1,0.6458311676979065,-0.6991305351257324,0.0250546932220459,0.33633631467819214,1.359512209892273,0.6884564757347107
1212,Nashville,Median Age,bg,6722,438,RGNN,2,0.6533583998680115,-0.8341412544250488,-0.32845640182495117,0.32918810844421387,1.4675372838974,0.9380879998207092
1213,Nashville,Median Age,bg,6722,438,RGNN,3,0.853309690952301,-0.9577760696411133,-0.3034095764160156,0.13930441439151764,1.566460132598877,0.9204011559486389
1214,Nashville,Median Age,bg,6722,438,RGNN,4,0.6740919351577759,-1.0082902908325195,-0.17624187469482422,0.30949848890304565,1.6068778038024902,0.8306018710136414
1215,Nashville,Median Age,bg,6722,438,RGNN,5,0.6911817193031311,-0.7940770387649536,-0.1296747922897339,0.29326921701431274,1.4354809522628784,0.7977185845375061
1216,Nashville,Median Age,bg,6722,438,RGNN,6,0.6713201999664307,-0.5135667324066162,0.06086146831512451,0.3121306300163269,1.2110384702682495,0.6631715893745422
1217,Nashville,Median Age,bg,6722,438,RGNN,7,0.5990388989448547,-1.0302326679229736,-0.33740735054016113,0.38077259063720703,1.6244343519210815,0.944408655166626
1218,Nashville,Median Age,bg,6722,438,RGNN,8,0.6164131164550781,-0.57648766040802,-0.20007538795471191,0.36427316069602966,1.2613829374313354,0.8474318981170654
1219,Nashville,Median Age,bg,6722,438,RGNN,9,0.555257260799408,-0.6523430347442627,-0.13060259819030762,0.42234984040260315,1.322076439857483,0.7983737587928772
1220,Nashville,Median Age,bg,6722,438,Feat-RGNN,0,0.513446569442749,-0.1716703176498413,-0.525033712387085,0.4620552957057953,0.937479555606842,1.076900839805603
1221,Nashville,Median Age,bg,6722,438,Feat-RGNN,1,0.5648869872093201,-0.37615716457366943,-0.6863799095153809,0.41320493817329407,1.1010940074920654,1.1908352375030518
1222,Nashville,Median Age,bg,6722,438,Feat-RGNN,2,0.47292375564575195,-0.48089170455932617,-0.9332010746002197,0.5005378127098083,1.1848944425582886,1.365127682685852
1223,Nashville,Median Age,bg,6722,438,Feat-RGNN,3,0.7170583009719849,-0.7784870862960815,-0.6624300479888916,0.26869550347328186,1.4230071306228638,1.1739230155944824
1224,Nashville,Median Age,bg,6722,438,Feat-RGNN,4,0.7007218599319458,-0.6006375551223755,-0.6951143741607666,0.2842094302177429,1.2807056903839111,1.1970030069351196
1225,Nashville,Median Age,bg,6722,438,Feat-RGNN,5,0.6596181392669678,-0.1632465124130249,-0.4551583528518677,0.32324349880218506,0.9307394027709961,1.027558445930481
1226,Nashville,Median Age,bg,6722,438,Feat-RGNN,6,0.5826300382614136,-0.5334562063217163,-1.0243396759033203,0.3963553011417389,1.2269524335861206,1.4294852018356323
1227,Nashville,Median Age,bg,6722,438,Feat-RGNN,7,0.6279610395431519,-0.29304003715515137,-0.8460602760314941,0.3533066511154175,1.0345901250839233,1.3035932779312134
1228,Nashville,Median Age,bg,6722,438,Feat-RGNN,8,0.6427817940711975,-0.42206084728240967,-0.6677736043930054,0.3392321765422821,1.1378226280212402,1.1776963472366333
1229,Nashville,Median Age,bg,6722,438,Feat-RGNN,9,0.708444356918335,-0.29712092876434326,-1.1431639194488525,0.27687570452690125,1.0378552675247192,1.513392686843872
1230,Nashville,Median Age,bg,6722,438,Feat\&PC-RGNN,0,0.8103592991828918,-0.538542628288269,-0.32834887504577637,0.1800922304391861,1.2310222387313843,0.9380120635032654
1231,Nashville,Median Age,bg,6722,438,Feat\&PC-RGNN,1,0.8259212374687195,-0.5598833560943604,-0.9123342037200928,0.16531383991241455,1.2480974197387695,1.3503925800323486
1232,Nashville,Median Age,bg,6722,438,Feat\&PC-RGNN,2,0.7795432806015015,-0.22163307666778564,-1.291189432144165,0.2093566209077835,0.9774558544158936,1.6179207563400269
1233,Nashville,Median Age,bg,6722,438,Feat\&PC-RGNN,3,0.785874605178833,-0.2798353433609009,-0.6772816181182861,0.20334409177303314,1.0240248441696167,1.1844104528427124
1234,Nashville,Median Age,bg,6722,438,Feat\&PC-RGNN,4,0.6129406690597534,-0.7095270156860352,-0.7085052728652954,0.36757078766822815,1.3678306341171265,1.2064590454101562
1235,Nashville,Median Age,bg,6722,438,Feat\&PC-RGNN,5,0.8061768412590027,-0.42520713806152344,-1.0014855861663818,0.184064120054245,1.140339970588684,1.413346767425537
1236,Nashville,Median Age,bg,6722,438,Feat\&PC-RGNN,6,0.6960040330886841,-0.6206516027450562,-0.6802397966384888,0.28868964314460754,1.2967194318771362,1.1864994764328003
1237,Nashville,Median Age,bg,6722,438,Feat\&PC-RGNN,7,0.8365167379379272,-0.7160694599151611,-1.0224735736846924,0.15525180101394653,1.3730653524398804,1.4281673431396484
1238,Nashville,Median Age,bg,6722,438,Feat\&PC-RGNN,8,0.8023912906646729,-0.7397259473800659,-0.8184695243835449,0.18765908479690552,1.3919934034347534,1.284110188484192
1239,Nashville,Median Age,bg,6722,438,Feat\&PC-RGNN,9,0.7946698665618896,-0.6165958642959595,-0.7167172431945801,0.19499169290065765,1.2934743165969849,1.2122578620910645
1240,Nashville,Median Age,bg,6722,438,LightGCN,0,0.7449188232421875,-0.39912140369415283,-0.8047513961791992,0.24223773181438446,1.1194682121276855,1.2744231224060059
1241,Nashville,Median Age,bg,6722,438,LightGCN,1,0.646496593952179,-0.595596194267273,-0.26786327362060547,0.33570441603660583,1.2766720056533813,0.8953001499176025
1242,Nashville,Median Age,bg,6722,438,LightGCN,2,0.8248517513275146,-0.8146451711654663,-0.41326236724853516,0.1663295030593872,1.4519380331039429,0.997973620891571
1243,Nashville,Median Age,bg,6722,438,LightGCN,3,0.8690047264099121,-0.60980224609375,-0.5431952476501465,0.12439965456724167,1.2880386114120483,1.0897254943847656
1244,Nashville,Median Age,bg,6722,438,LightGCN,4,0.8808407783508301,-0.8440792560577393,-0.9121043682098389,0.11315952986478806,1.4754887819290161,1.35023033618927
1245,Nashville,Median Age,bg,6722,438,LightGCN,5,0.7691667079925537,-0.3672018051147461,-0.4381115436553955,0.21921078860759735,1.093928575515747,1.0155208110809326
1246,Nashville,Median Age,bg,6722,438,LightGCN,6,0.8494611382484436,-0.42036914825439453,-0.4924675226211548,0.14295919239521027,1.1364690065383911,1.0539041757583618
1247,Nashville,Median Age,bg,6722,438,LightGCN,7,0.7728677988052368,-0.2662571668624878,-0.44456684589385986,0.21569600701332092,1.0131605863571167,1.0200791358947754
1248,Nashville,Median Age,bg,6722,438,LightGCN,8,0.7909970283508301,-0.4944119453430176,-0.8426012992858887,0.19847963750362396,1.1957122087478638,1.3011507987976074
1249,Nashville,Median Age,bg,6722,438,LightGCN,9,0.8319019079208374,-0.9000914096832275,-0.5516105890274048,0.1596342772245407,1.5203055143356323,1.0956679582595825
1250,Nashville,Median Age,bg,6722,438,Feat-LightGCN,0,0.9771998524665833,-0.7456775903701782,-1.4850361347198486,0.02165217697620392,1.3967554569244385,1.754805326461792
1251,Nashville,Median Age,bg,6722,438,Feat-LightGCN,1,0.986186146736145,-0.559072732925415,-0.7864023447036743,0.013118325732648373,1.2474488019943237,1.2614659070968628
1252,Nashville,Median Age,bg,6722,438,Feat-LightGCN,2,0.991824746131897,-0.6099793910980225,-0.731450080871582,0.007763633504509926,1.2881803512573242,1.2226614952087402
1253,Nashville,Median Age,bg,6722,438,Feat-LightGCN,3,0.9738606214523315,-0.6549830436706543,-0.6350656747817993,0.024823253974318504,1.3241887092590332,1.154599666595459
1254,Nashville,Median Age,bg,6722,438,Feat-LightGCN,4,0.9940405488014221,-0.4973710775375366,-0.7176932096481323,0.005659396294504404,1.1980799436569214,1.2129470109939575
1255,Nashville,Median Age,bg,6722,438,Feat-LightGCN,5,0.9843192100524902,-0.6284369230270386,-0.8701186180114746,0.014891254715621471,1.3029485940933228,1.3205821514129639
1256,Nashville,Median Age,bg,6722,438,Feat-LightGCN,6,0.9813883900642395,-0.5994806289672852,-0.871068000793457,0.017674505710601807,1.2797800302505493,1.321252465248108
1257,Nashville,Median Age,bg,6722,438,Feat-LightGCN,7,0.9827277660369873,-0.5951789617538452,-0.6112622022628784,0.016402553766965866,1.2763382196426392,1.1377909183502197
1258,Nashville,Median Age,bg,6722,438,Feat-LightGCN,8,0.9888213276863098,-0.9009628295898438,-1.4734816551208496,0.010615830309689045,1.5210026502609253,1.7466461658477783
1259,Nashville,Median Age,bg,6722,438,Feat-LightGCN,9,0.9916618466377258,-0.6323436498641968,-1.0455827713012695,0.007918302901089191,1.3060745000839233,1.4444859027862549
1260,Nashville,Median Age,bg,6722,438,Feat\&PC-LightGCN,0,0.9966906309127808,-0.43055570125579834,-0.3522918224334717,0.003142755012959242,1.1446194648742676,0.9549192786216736
1261,Nashville,Median Age,bg,6722,438,Feat\&PC-LightGCN,1,0.967655599117279,-0.6983661651611328,-0.490749716758728,0.03071586973965168,1.358900547027588,1.0526912212371826
1262,Nashville,Median Age,bg,6722,438,Feat\&PC-LightGCN,2,0.9753150343894958,-0.7039324045181274,-0.6095758676528931,0.023442046716809273,1.363354206085205,1.136600136756897
1263,Nashville,Median Age,bg,6722,438,Feat\&PC-LightGCN,3,0.9634812474250793,-1.1430230140686035,-0.8469836711883545,0.03468000143766403,1.7146804332733154,1.3042453527450562
1264,Nashville,Median Age,bg,6722,438,Feat\&PC-LightGCN,4,0.9662715196609497,-0.8671190738677979,-0.4146479368209839,0.03203026205301285,1.493923544883728,0.9989519715309143
1265,Nashville,Median Age,bg,6722,438,Feat\&PC-LightGCN,5,0.9863285422325134,-1.071977138519287,-0.620864748954773,0.012983093038201332,1.6578350067138672,1.1445717811584473
1266,Nashville,Median Age,bg,6722,438,Feat\&PC-LightGCN,6,0.9640967845916748,-0.5514692068099976,-0.4499019384384155,0.034095484763383865,1.2413650751113892,1.0238465070724487
1267,Nashville,Median Age,bg,6722,438,Feat\&PC-LightGCN,7,0.9839519262313843,-0.7674887180328369,-0.482171893119812,0.015240030363202095,1.414207100868225,1.0466339588165283
1268,Nashville,Median Age,bg,6722,438,Feat\&PC-LightGCN,8,0.9841367602348328,-1.1415083408355713,-0.3355095386505127,0.015064523555338383,1.7134685516357422,0.9430685043334961
1269,Nashville,Median Age,bg,6722,438,Feat\&PC-LightGCN,9,0.9415814876556396,-0.6694372892379761,-0.4388740062713623,0.055477142333984375,1.3357539176940918,1.016059160232544
1270,Nashville,Median Age,bg,6722,438,NoPreTrain,0,0.9956687688827515,-0.5184648036956787,-1.677619457244873,0.004113153554499149,1.2149574756622314,1.8907978534698486
1271,Nashville,Median Age,bg,6722,438,NoPreTrain,1,0.9766572713851929,-1.6111326217651367,-1.8737218379974365,0.02216740883886814,2.0892255306243896,2.029275417327881
1272,Nashville,Median Age,bg,6722,438,NoPreTrain,2,0.9352872371673584,-1.9952061176300049,-1.8517067432403564,0.061454467475414276,2.396531105041504,2.0137293338775635
1273,Nashville,Median Age,bg,6722,438,NoPreTrain,3,0.9856787919998169,-1.0585992336273193,-1.4835479259490967,0.013600105419754982,1.647131085395813,1.7537544965744019
1274,Nashville,Median Age,bg,6722,438,NoPreTrain,4,0.9530919790267944,-1.4247970581054688,-1.989778995513916,0.04454617202281952,1.940134048461914,2.1112289428710938
1275,Nashville,Median Age,bg,6722,438,NoPreTrain,5,0.9870341420173645,-0.9355583190917969,-0.971692681312561,0.012313018552958965,1.5486832857131958,1.3923084735870361
1276,Nashville,Median Age,bg,6722,438,NoPreTrain,6,0.9971106648445129,-0.7224817276000977,-1.53448486328125,0.002743849763646722,1.378195881843567,1.789723515510559
1277,Nashville,Median Age,bg,6722,438,NoPreTrain,7,0.991581380367279,-0.9111144542694092,-1.6024012565612793,0.007994744926691055,1.5291252136230469,1.8376826047897339
1278,Nashville,Median Age,bg,6722,438,NoPreTrain,8,0.9900795221328735,-0.7674760818481445,-1.7212164402008057,0.0094209685921669,1.4141969680786133,1.921583890914917
1279,Nashville,Median Age,bg,6722,438,NoPreTrain,9,0.9776076674461365,-0.9469445943832397,-1.6372363567352295,0.021264877170324326,1.5577937364578247,1.8622814416885376
1280,Tampa,Median Income,bg,16293,1222,Emb,0,0.955032467842102,-0.4205501079559326,-0.1748906373977661,0.0356144979596138,1.1114927530288696,1.0232566595077515
1281,Tampa,Median Income,bg,16293,1222,Emb,1,0.9849879145622253,-0.409091591835022,-0.11873447895050049,0.011889630928635597,1.102527141571045,0.9743481874465942
1282,Tampa,Median Income,bg,16293,1222,Emb,2,0.9737138748168945,-0.42742598056793213,-0.2548842430114746,0.020818712189793587,1.1168726682662964,1.0929261445999146
1283,Tampa,Median Income,bg,16293,1222,Emb,3,0.9410852789878845,-0.4534327983856201,-0.22658264636993408,0.04666070640087128,1.1372214555740356,1.06827712059021
1284,Tampa,Median Income,bg,16293,1222,Emb,4,0.9518288373947144,-0.3873094320297241,-0.25607120990753174,0.03815177455544472,1.0854840278625488,1.093959927558899
1285,Tampa,Median Income,bg,16293,1222,Emb,5,0.9784151911735535,-0.2169114351272583,-0.16998529434204102,0.017095252871513367,0.9521580338478088,1.0189844369888306
1286,Tampa,Median Income,bg,16293,1222,Emb,6,0.9538081288337708,-0.3676259517669678,-0.13434052467346191,0.03658415004611015,1.0700829029083252,0.9879400134086609
1287,Tampa,Median Income,bg,16293,1222,Emb,7,0.9455945491790771,-0.4545248746871948,-0.1768418550491333,0.04308932647109032,1.1380759477615356,1.0249559879302979
1288,Tampa,Median Income,bg,16293,1222,Emb,8,0.9569175839424133,-0.37503230571746826,-0.1382887363433838,0.03412144258618355,1.0758777856826782,0.9913787245750427
1289,Tampa,Median Income,bg,16293,1222,Emb,9,0.9899371266365051,-0.5480358600616455,-0.20981109142303467,0.007969818077981472,1.211242437362671,1.0536701679229736
1290,Tampa,Median Income,bg,16293,1222,RGNN,0,0.5947434902191162,0.06022435426712036,0.032242417335510254,0.32096484303474426,0.7353163957595825,0.8428566455841064
1291,Tampa,Median Income,bg,16293,1222,RGNN,1,0.741927981376648,-0.11481451988220215,-0.25471556186676025,0.20439408719539642,0.8722735047340393,1.0927791595458984
1292,Tampa,Median Income,bg,16293,1222,RGNN,2,0.6101536750793457,-0.048842787742614746,-0.16345572471618652,0.3087599277496338,0.8206546902656555,1.0132975578308105
1293,Tampa,Median Income,bg,16293,1222,RGNN,3,0.6697642803192139,-0.11792325973510742,-0.03769862651824951,0.2615480422973633,0.874705970287323,0.9037709832191467
1294,Tampa,Median Income,bg,16293,1222,RGNN,4,0.7091736793518066,-0.11167371273040771,-0.14757370948791504,0.23033568263053894,0.86981600522995,0.9994653463363647
1295,Tampa,Median Income,bg,16293,1222,RGNN,5,0.5800142288208008,-0.019164562225341797,-0.04546988010406494,0.3326304852962494,0.7974333167076111,0.9105392694473267
1296,Tampa,Median Income,bg,16293,1222,RGNN,6,0.6101666688919067,0.026109278202056885,-0.03924083709716797,0.30874961614608765,0.7620093822479248,0.9051141142845154
1297,Tampa,Median Income,bg,16293,1222,RGNN,7,0.6025873422622681,0.09242850542068481,-0.028964757919311523,0.314752459526062,0.7101186513900757,0.8961642384529114
1298,Tampa,Median Income,bg,16293,1222,RGNN,8,0.6320368051528931,0.07148021459579468,0.11240267753601074,0.2914283871650696,0.7265093922615051,0.7730420827865601
1299,Tampa,Median Income,bg,16293,1222,RGNN,9,0.6394890546798706,0.0416412353515625,-0.03738749027252197,0.28552621603012085,0.7498565316200256,0.9034999012947083
1300,Tampa,Median Income,bg,16293,1222,Feat-RGNN,0,0.507926344871521,0.2418583631515503,0.08614039421081543,0.38972437381744385,0.5931990146636963,0.795914888381958
1301,Tampa,Median Income,bg,16293,1222,Feat-RGNN,1,0.6894328594207764,0.10565871000289917,0.02969282865524292,0.2459704577922821,0.6997668147087097,0.8450772166252136
1302,Tampa,Median Income,bg,16293,1222,Feat-RGNN,2,0.4707210659980774,0.22094959020614624,0.10720765590667725,0.4191911220550537,0.6095588803291321,0.7775666117668152
1303,Tampa,Median Income,bg,16293,1222,Feat-RGNN,3,0.5318182706832886,0.03636056184768677,0.03380650281906128,0.3708018958568573,0.7539883852005005,0.8414944410324097
1304,Tampa,Median Income,bg,16293,1222,Feat-RGNN,4,0.4828925132751465,0.162764310836792,0.1675625443458557,0.40955132246017456,0.6550852060317993,0.7250012159347534
1305,Tampa,Median Income,bg,16293,1222,Feat-RGNN,5,0.43110471963882446,0.1960248351097107,-0.07610452175140381,0.45056742429733276,0.6290609240531921,0.9372200965881348
1306,Tampa,Median Income,bg,16293,1222,Feat-RGNN,6,0.5141274929046631,0.09637463092803955,-0.0638037919998169,0.3848130404949188,0.7070310711860657,0.9265069365501404
1307,Tampa,Median Income,bg,16293,1222,Feat-RGNN,7,0.42678284645080566,0.20440852642059326,-0.02886223793029785,0.4539903700351715,0.6225011944770813,0.8960750102996826
1308,Tampa,Median Income,bg,16293,1222,Feat-RGNN,8,0.7318782806396484,0.09471005201339722,0.038773179054260254,0.21235354244709015,0.7083334922790527,0.83716881275177
1309,Tampa,Median Income,bg,16293,1222,Feat-RGNN,9,0.12861037254333496,-0.1828315258026123,-0.05711710453033447,0.6901442408561707,0.9254926443099976,0.9206832647323608
1310,Tampa,Median Income,bg,16293,1222,Feat\&PC-RGNN,0,0.6574536561965942,-0.018607497215270996,-0.04623866081237793,0.2712981402873993,0.7969974875450134,0.9112088084220886
1311,Tampa,Median Income,bg,16293,1222,Feat\&PC-RGNN,1,0.590182900428772,0.034423887729644775,0.09659713506698608,0.32457685470581055,0.7555036544799805,0.7868077158927917
1312,Tampa,Median Income,bg,16293,1222,Feat\&PC-RGNN,2,0.685167670249939,-0.015857219696044922,-0.09996604919433594,0.24934855103492737,0.7948455214500427,0.958001971244812
1313,Tampa,Median Income,bg,16293,1222,Feat\&PC-RGNN,3,0.654747486114502,-0.09024286270141602,-0.09061360359191895,0.27344146370887756,0.8530477285385132,0.9498566389083862
1314,Tampa,Median Income,bg,16293,1222,Feat\&PC-RGNN,4,0.5216197967529297,0.005429565906524658,0.04940599203109741,0.3788791000843048,0.7781898975372314,0.8279082775115967
1315,Tampa,Median Income,bg,16293,1222,Feat\&PC-RGNN,5,0.5437184572219849,0.06793469190597534,0.067202627658844,0.36137691140174866,0.7292835712432861,0.8124085068702698
1316,Tampa,Median Income,bg,16293,1222,Feat\&PC-RGNN,6,0.40832072496414185,0.05300945043563843,0.02723217010498047,0.4686124324798584,0.7409616112709045,0.8472203016281128
1317,Tampa,Median Income,bg,16293,1222,Feat\&PC-RGNN,7,0.6213523149490356,-0.00747990608215332,-0.0581049919128418,0.29989054799079895,0.788290798664093,0.9215436577796936
1318,Tampa,Median Income,bg,16293,1222,Feat\&PC-RGNN,8,0.7102792859077454,0.13284224271774292,0.1966220736503601,0.2294600009918213,0.6784973740577698,0.6996921896934509
1319,Tampa,Median Income,bg,16293,1222,Feat\&PC-RGNN,9,0.591705858707428,0.041460514068603516,-0.0637892484664917,0.32337066531181335,0.7499979138374329,0.926494300365448
1320,Tampa,Median Income,bg,16293,1222,LightGCN,0,0.8362926244735718,0.00717473030090332,0.12028586864471436,0.12965691089630127,0.7768244743347168,0.7661762833595276
1321,Tampa,Median Income,bg,16293,1222,LightGCN,1,0.8257330656051636,-0.13138282299041748,0.07626426219940186,0.13802014291286469,0.8852371573448181,0.8045163750648499
1322,Tampa,Median Income,bg,16293,1222,LightGCN,2,0.846279501914978,-0.1190110445022583,0.2514054775238037,0.12174728512763977,0.8755570650100708,0.6519792675971985
1323,Tampa,Median Income,bg,16293,1222,LightGCN,3,0.743007242679596,0.051330745220184326,0.2483280897140503,0.20353934168815613,0.7422751188278198,0.6546594500541687
1324,Tampa,Median Income,bg,16293,1222,LightGCN,4,0.7814615964889526,-0.004271864891052246,0.10339862108230591,0.1730833351612091,0.7857807278633118,0.7808840274810791
1325,Tampa,Median Income,bg,16293,1222,LightGCN,5,0.7607985734939575,-0.06665301322937012,-0.014655232429504395,0.1894485503435135,0.8345900774002075,0.8837016224861145
1326,Tampa,Median Income,bg,16293,1222,LightGCN,6,0.8605136871337891,0.04922610521316528,0.17988502979278564,0.11047374457120895,0.7439218759536743,0.7142691612243652
1327,Tampa,Median Income,bg,16293,1222,LightGCN,7,0.8495352268218994,-0.0660172700881958,0.15126127004623413,0.11916875094175339,0.8340926766395569,0.739198625087738
1328,Tampa,Median Income,bg,16293,1222,LightGCN,8,0.8131340742111206,-0.02611541748046875,0.1418665647506714,0.14799857139587402,0.8028719425201416,0.7473808526992798
1329,Tampa,Median Income,bg,16293,1222,LightGCN,9,0.773985743522644,-0.06759035587310791,0.14856034517288208,0.1790042519569397,0.8353235125541687,0.7415509819984436
1330,Tampa,Median Income,bg,16293,1222,Feat-LightGCN,0,0.9035932421684265,-0.25106215476989746,-0.11922216415405273,0.07635457813739777,0.9788788557052612,0.9747729301452637
1331,Tampa,Median Income,bg,16293,1222,Feat-LightGCN,1,0.8019624352455139,-0.37222373485565186,-0.16926658153533936,0.15684658288955688,1.0736802816390991,1.0183584690093994
1332,Tampa,Median Income,bg,16293,1222,Feat-LightGCN,2,0.9084800481796265,-0.40866243839263916,-0.11869263648986816,0.07248417288064957,1.1021913290023804,0.9743117094039917
1333,Tampa,Median Income,bg,16293,1222,Feat-LightGCN,3,0.9282444715499878,-0.12550675868988037,-0.09508967399597168,0.056830666959285736,0.8806394934654236,0.9537550210952759
1334,Tampa,Median Income,bg,16293,1222,Feat-LightGCN,4,0.9370688796043396,-0.2461709976196289,-0.03663647174835205,0.049841709434986115,0.9750518798828125,0.9028459191322327
1335,Tampa,Median Income,bg,16293,1222,Feat-LightGCN,5,0.9229061603546143,-0.1410602331161499,-0.01733088493347168,0.0610586479306221,0.8928091526031494,0.8860319256782532
1336,Tampa,Median Income,bg,16293,1222,Feat-LightGCN,6,0.9092208743095398,-0.1416388750076294,-0.09777867794036865,0.07189743965864182,0.8932619094848633,0.956096887588501
1337,Tampa,Median Income,bg,16293,1222,Feat-LightGCN,7,0.894676685333252,-0.08395767211914062,-0.17660844326019287,0.08341652899980545,0.8481299877166748,1.0247527360916138
1338,Tampa,Median Income,bg,16293,1222,Feat-LightGCN,8,0.9326518774032593,-0.09870243072509766,-0.10264194011688232,0.05333997681736946,0.8596667647361755,0.9603325128555298
1339,Tampa,Median Income,bg,16293,1222,Feat-LightGCN,9,0.8930026292800903,-0.1914461851119995,0.0036177635192871094,0.08474238961935043,0.9322330951690674,0.8677869439125061
1340,Tampa,Median Income,bg,16293,1222,Feat\&PC-LightGCN,0,0.8993714451789856,0.08883655071258545,0.13432395458221436,0.07969822734594345,0.7129291296005249,0.7539499998092651
1341,Tampa,Median Income,bg,16293,1222,Feat\&PC-LightGCN,1,0.9620874524116516,-0.03474390506744385,-0.10466217994689941,0.030026912689208984,0.8096232414245605,0.9620920419692993
1342,Tampa,Median Income,bg,16293,1222,Feat\&PC-LightGCN,2,0.9040049910545349,0.02126622200012207,-0.09596741199493408,0.07602844387292862,0.7657987475395203,0.9545193910598755
1343,Tampa,Median Income,bg,16293,1222,Feat\&PC-LightGCN,3,0.944040834903717,0.179784893989563,0.23122364282608032,0.04431988298892975,0.641767680644989,0.6695564389228821
1344,Tampa,Median Income,bg,16293,1222,Feat\&PC-LightGCN,4,0.9696520566940308,-0.04641413688659668,0.005938053131103516,0.02403572015464306,0.8187544941902161,0.8657661080360413
1345,Tampa,Median Income,bg,16293,1222,Feat\&PC-LightGCN,5,0.9642812013626099,0.12527108192443848,0.020159661769866943,0.028289442881941795,0.6844213604927063,0.8533799648284912
1346,Tampa,Median Income,bg,16293,1222,Feat\&PC-LightGCN,6,0.9516155123710632,-0.11456739902496338,-0.0486447811126709,0.038320694118738174,0.8720802068710327,0.9133044481277466
1347,Tampa,Median Income,bg,16293,1222,Feat\&PC-LightGCN,7,0.9685174226760864,-0.034778475761413574,0.005930900573730469,0.02493433654308319,0.8096502423286438,0.8657723665237427
1348,Tampa,Median Income,bg,16293,1222,Feat\&PC-LightGCN,8,0.9374824166297913,0.006141483783721924,-0.156516432762146,0.04951418191194534,0.7776328921318054,1.007253885269165
1349,Tampa,Median Income,bg,16293,1222,Feat\&PC-LightGCN,9,0.9478327631950378,-0.029089689254760742,0.060735225677490234,0.04131665453314781,0.805199146270752,0.818041205406189
1350,Tampa,Median Income,bg,16293,1222,NoPreTrain,0,0.9907646179199219,-0.4489022493362427,-0.6050416231155396,0.007314467336982489,1.133676528930664,1.3978914022445679
1351,Tampa,Median Income,bg,16293,1222,NoPreTrain,1,0.9921961426734924,-0.21382522583007812,-0.26381003856658936,0.006180673372000456,0.9497433304786682,1.1006999015808105
1352,Tampa,Median Income,bg,16293,1222,NoPreTrain,2,0.9488399028778076,-0.3063793182373047,-0.3887287378311157,0.04051902890205383,1.0221611261367798,1.2094963788986206
1353,Tampa,Median Income,bg,16293,1222,NoPreTrain,3,0.9906606674194336,-0.30721497535705566,-0.3556332588195801,0.0073967911303043365,1.0228149890899658,1.180672287940979
1354,Tampa,Median Income,bg,16293,1222,NoPreTrain,4,0.9939964413642883,-0.3778383731842041,-0.16058290004730225,0.004754840396344662,1.078073501586914,1.0107955932617188
1355,Tampa,Median Income,bg,16293,1222,NoPreTrain,5,0.9991090893745422,-0.20084476470947266,-0.23444926738739014,0.0007056198664940894,0.9395868182182312,1.0751285552978516
1356,Tampa,Median Income,bg,16293,1222,NoPreTrain,6,0.9451075196266174,-0.49165403842926025,-0.304653525352478,0.04347509145736694,1.1671271324157715,1.1362720727920532
1357,Tampa,Median Income,bg,16293,1222,NoPreTrain,7,0.9887974858283997,-0.4008873701095581,-0.3897693157196045,0.00887242704629898,1.096107840538025,1.2104026079177856
1358,Tampa,Median Income,bg,16293,1222,NoPreTrain,8,0.9952254891395569,-0.3686119318008423,-0.3525211811065674,0.003781412960961461,1.0708543062210083,1.177961826324463
1359,Tampa,Median Income,bg,16293,1222,NoPreTrain,9,0.9776772856712341,-0.6128653287887573,-0.49795007705688477,0.017679695039987564,1.2619675397872925,1.3046213388442993
1360,Tampa,Median Home Value,bg,15775,1191,Emb,0,0.9858464002609253,-0.19511175155639648,-0.022257328033447266,0.011400976218283176,1.1842114925384521,0.8070589303970337
1361,Tampa,Median Home Value,bg,15775,1191,Emb,1,0.9806839227676392,-0.16623294353485107,-0.11681044101715088,0.015559452585875988,1.155596137046814,0.8817073702812195
1362,Tampa,Median Home Value,bg,15775,1191,Emb,2,0.9842534065246582,-0.1695241928100586,-0.15856719017028809,0.012684185057878494,1.1588573455810547,0.9146738052368164
1363,Tampa,Median Home Value,bg,15775,1191,Emb,3,0.9883447885513306,-0.22817838191986084,-0.2162003517150879,0.00938849151134491,1.2169766426086426,0.9601744413375854
1364,Tampa,Median Home Value,bg,15775,1191,Emb,4,0.9807307124137878,-0.13364100456237793,-0.027377843856811523,0.015521775931119919,1.123301386833191,0.8111015558242798
1365,Tampa,Median Home Value,bg,15775,1191,Emb,5,0.9814287424087524,-0.08833563327789307,-0.3045060634613037,0.014959470368921757,1.0784093141555786,1.0298906564712524
1366,Tampa,Median Home Value,bg,15775,1191,Emb,6,0.9812383651733398,-0.09758365154266357,-0.20459043979644775,0.015112848952412605,1.0875730514526367,0.9510085582733154
1367,Tampa,Median Home Value,bg,15775,1191,Emb,7,0.9774353504180908,-0.1810777187347412,-0.161757230758667,0.018176261335611343,1.1703054904937744,0.917192280292511
1368,Tampa,Median Home Value,bg,15775,1191,Emb,8,0.9936813116073608,-0.18318092823028564,-0.12927043437957764,0.005089815240353346,1.1723896265029907,0.8915443420410156
1369,Tampa,Median Home Value,bg,15775,1191,Emb,9,0.9933589100837708,-0.09569680690765381,-0.2628467082977295,0.0053495196625590324,1.0857033729553223,0.9970011115074158
1370,Tampa,Median Home Value,bg,15775,1191,RGNN,0,0.8271437883377075,0.1659291386604309,0.19227242469787598,0.13923883438110352,0.8264635801315308,0.6376904845237732
1371,Tampa,Median Home Value,bg,15775,1191,RGNN,1,0.6727263331413269,0.15109527111053467,0.15902173519134521,0.263624906539917,0.8411621451377869,0.6639414429664612
1372,Tampa,Median Home Value,bg,15775,1191,RGNN,2,0.6815145015716553,0.20805877447128296,0.14803040027618408,0.25654590129852295,0.7847182154655457,0.6726189851760864
1373,Tampa,Median Home Value,bg,15775,1191,RGNN,3,0.7492854595184326,-0.09893405437469482,0.013768255710601807,0.2019551545381546,1.0889110565185547,0.7786172032356262
1374,Tampa,Median Home Value,bg,15775,1191,RGNN,4,0.5483918190002441,0.12549984455108643,0.15784335136413574,0.36377862095832825,0.8665241003036499,0.6648718118667603
1375,Tampa,Median Home Value,bg,15775,1191,RGNN,5,0.8094078302383423,0.10296165943145752,0.004806160926818848,0.1535254716873169,0.8888567686080933,0.7856926918029785
1376,Tampa,Median Home Value,bg,15775,1191,RGNN,6,0.6511396169662476,0.09472697973251343,0.1581365466117859,0.2810134291648865,0.8970163464546204,0.6646403074264526
1377,Tampa,Median Home Value,bg,15775,1191,RGNN,7,0.7778332829475403,0.05520707368850708,0.17810368537902832,0.17895935475826263,0.9361758232116699,0.6488764882087708
1378,Tampa,Median Home Value,bg,15775,1191,RGNN,8,0.6683921217918396,0.1744334101676941,0.16877233982086182,0.2671161890029907,0.8180369138717651,0.6562435030937195
1379,Tampa,Median Home Value,bg,15775,1191,RGNN,9,0.6305968761444092,0.23270916938781738,0.09570753574371338,0.2975609600543976,0.760292649269104,0.7139272093772888
1380,Tampa,Median Home Value,bg,15775,1191,Feat-RGNN,0,0.5974732637405396,0.1575506329536438,0.21573573350906372,0.32424259185791016,0.8347656726837158,0.6191664934158325
1381,Tampa,Median Home Value,bg,15775,1191,Feat-RGNN,1,0.6410073041915894,0.17068177461624146,0.2309173345565796,0.2891751229763031,0.8217543363571167,0.6071807742118835
1382,Tampa,Median Home Value,bg,15775,1191,Feat-RGNN,2,0.6773331165313721,0.17372453212738037,0.1485331654548645,0.2599141001701355,0.8187392950057983,0.6722220778465271
1383,Tampa,Median Home Value,bg,15775,1191,Feat-RGNN,3,0.5948128700256348,0.21428662538528442,0.2607835531234741,0.32638558745384216,0.7785471677780151,0.5836018323898315
1384,Tampa,Median Home Value,bg,15775,1191,Feat-RGNN,4,0.657623291015625,0.16994071006774902,0.2225143313407898,0.27579066157341003,0.8224886059761047,0.6138148903846741
1385,Tampa,Median Home Value,bg,15775,1191,Feat-RGNN,5,0.6553201079368591,0.18365037441253662,0.16312015056610107,0.27764594554901123,0.8089039921760559,0.6607058048248291
1386,Tampa,Median Home Value,bg,15775,1191,Feat-RGNN,6,0.5211949348449707,0.15246927738189697,0.1505391001701355,0.3856861889362335,0.8398006558418274,0.670638382434845
1387,Tampa,Median Home Value,bg,15775,1191,Feat-RGNN,7,0.6609634160995483,0.19934213161468506,0.2213752269744873,0.27310019731521606,0.7933553457260132,0.6147141456604004
1388,Tampa,Median Home Value,bg,15775,1191,Feat-RGNN,8,0.5039082765579224,0.2088015079498291,0.2515369653701782,0.3996109366416931,0.7839822173118591,0.5909019112586975
1389,Tampa,Median Home Value,bg,15775,1191,Feat-RGNN,9,0.5261456966400146,0.19645899534225464,0.20929890871047974,0.38169828057289124,0.7962121963500977,0.6242483258247375
1390,Tampa,Median Home Value,bg,15775,1191,Feat\&PC-RGNN,0,0.7590888738632202,0.12137162685394287,0.10706257820129395,0.19405828416347504,0.8706147074699402,0.7049625515937805
1391,Tampa,Median Home Value,bg,15775,1191,Feat\&PC-RGNN,1,0.7495731115341187,0.2704259157180786,0.19073981046676636,0.20172344148159027,0.7229198813438416,0.6389004588127136
1392,Tampa,Median Home Value,bg,15775,1191,Feat\&PC-RGNN,2,0.7317575812339783,0.1180109977722168,0.09115087985992432,0.2160741537809372,0.8739446997642517,0.7175246477127075
1393,Tampa,Median Home Value,bg,15775,1191,Feat\&PC-RGNN,3,0.7937520742416382,0.08763253688812256,0.10426032543182373,0.1661364734172821,0.9040460586547852,0.7071748971939087
1394,Tampa,Median Home Value,bg,15775,1191,Feat\&PC-RGNN,4,0.7706560492515564,0.09334665536880493,0.12235957384109497,0.18474075198173523,0.8983840942382812,0.6928857564926147
1395,Tampa,Median Home Value,bg,15775,1191,Feat\&PC-RGNN,5,0.7137120366096497,0.25709235668182373,0.2727368474006653,0.2306101769208908,0.7361317873001099,0.574164867401123
1396,Tampa,Median Home Value,bg,15775,1191,Feat\&PC-RGNN,6,0.6770572662353516,0.1778159737586975,0.19875597953796387,0.2601362466812134,0.8146851658821106,0.632571816444397
1397,Tampa,Median Home Value,bg,15775,1191,Feat\&PC-RGNN,7,0.7668049335479736,0.24400758743286133,0.11601126194000244,0.18784284591674805,0.7490972876548767,0.6978976726531982
1398,Tampa,Median Home Value,bg,15775,1191,Feat\&PC-RGNN,8,0.7203574776649475,0.23497354984283447,0.25173884630203247,0.22525714337825775,0.7580488920211792,0.5907424688339233
1399,Tampa,Median Home Value,bg,15775,1191,Feat\&PC-RGNN,9,0.6514891982078552,0.1116606593132019,0.19416749477386475,0.28073179721832275,0.8802371025085449,0.6361943483352661
1400,Tampa,Median Home Value,bg,15775,1191,LightGCN,0,0.9059576988220215,0.2817443609237671,0.054873108863830566,0.07575279474258423,0.711704671382904,0.7461654543876648
1401,Tampa,Median Home Value,bg,15775,1191,LightGCN,1,0.8419333100318909,0.1473907232284546,0.17359548807144165,0.12732557952404022,0.8448328971862793,0.6524356603622437
1402,Tampa,Median Home Value,bg,15775,1191,LightGCN,2,0.8334628939628601,0.23821532726287842,0.19840461015701294,0.13414868712425232,0.7548367381095886,0.6328492164611816
1403,Tampa,Median Home Value,bg,15775,1191,LightGCN,3,0.8724873661994934,0.1373489499092102,0.08961784839630127,0.10271373391151428,0.8547831177711487,0.7187349200248718
1404,Tampa,Median Home Value,bg,15775,1191,LightGCN,4,0.823137640953064,0.19507509469985962,0.20611804723739624,0.14246585965156555,0.7975834608078003,0.6267595291137695
1405,Tampa,Median Home Value,bg,15775,1191,LightGCN,5,0.8492094278335571,0.1327381134033203,0.053339362144470215,0.12146454304456711,0.8593519330024719,0.7473763227462769
1406,Tampa,Median Home Value,bg,15775,1191,LightGCN,6,0.8735764026641846,0.23523420095443726,0.10289543867111206,0.10183649510145187,0.7577906250953674,0.708252489566803
1407,Tampa,Median Home Value,bg,15775,1191,LightGCN,7,0.8657065033912659,0.15354996919631958,0.1762201189994812,0.1081758588552475,0.8387298583984375,0.650363564491272
1408,Tampa,Median Home Value,bg,15775,1191,LightGCN,8,0.8843889236450195,0.2633442282676697,0.14983010292053223,0.09312684834003448,0.7299370169639587,0.6711981296539307
1409,Tampa,Median Home Value,bg,15775,1191,LightGCN,9,0.8745439052581787,0.21473217010498047,0.10748815536499023,0.10105718672275543,0.7781056761741638,0.7046265602111816
1410,Tampa,Median Home Value,bg,15775,1191,Feat-LightGCN,0,0.9229815006256104,0.1292009949684143,0.21108978986740112,0.0620398111641407,0.8628567457199097,0.6228343844413757
1411,Tampa,Median Home Value,bg,15775,1191,Feat-LightGCN,1,0.967843234539032,0.014254152774810791,0.09021627902984619,0.025902876630425453,0.9767552018165588,0.7182624936103821
1412,Tampa,Median Home Value,bg,15775,1191,Feat-LightGCN,2,0.933205783367157,0.09974008798599243,0.2505294680595398,0.053803976625204086,0.8920489549636841,0.5916972756385803
1413,Tampa,Median Home Value,bg,15775,1191,Feat-LightGCN,3,0.906497597694397,0.06998217105865479,0.2407638430595398,0.0753178745508194,0.9215354323387146,0.5994071364402771
1414,Tampa,Median Home Value,bg,15775,1191,Feat-LightGCN,4,0.9138356447219849,0.06690716743469238,0.20486438274383545,0.06940693408250809,0.9245824217796326,0.6277492642402649
1415,Tampa,Median Home Value,bg,15775,1191,Feat-LightGCN,5,0.939645528793335,0.06604748964309692,0.27391183376312256,0.04861660301685333,0.9254342913627625,0.5732371807098389
1416,Tampa,Median Home Value,bg,15775,1191,Feat-LightGCN,6,0.9530283808708191,0.08172762393951416,0.19744783639907837,0.037836506962776184,0.9098970890045166,0.6336045265197754
1417,Tampa,Median Home Value,bg,15775,1191,Feat-LightGCN,7,0.9442688822746277,0.12180709838867188,0.1446307897567749,0.04489242658019066,0.8701832294464111,0.6753029227256775
1418,Tampa,Median Home Value,bg,15775,1191,Feat-LightGCN,8,0.9459466338157654,0.21562963724136353,0.20134484767913818,0.043540991842746735,0.7772164344787598,0.630527913570404
1419,Tampa,Median Home Value,bg,15775,1191,Feat-LightGCN,9,0.9394538402557373,0.0512813925743103,0.15793859958648682,0.04877104237675667,0.9400656819343567,0.6647965908050537
1420,Tampa,Median Home Value,bg,15775,1191,Feat\&PC-LightGCN,0,0.9505219459533691,0.26226770877838135,0.2645009756088257,0.03985545039176941,0.7310037016868591,0.5806669592857361
1421,Tampa,Median Home Value,bg,15775,1191,Feat\&PC-LightGCN,1,0.9568527936935425,0.24311494827270508,0.20788371562957764,0.03475587069988251,0.7499818205833435,0.6253655552864075
1422,Tampa,Median Home Value,bg,15775,1191,Feat\&PC-LightGCN,2,0.951714277267456,0.20973193645477295,0.27755123376846313,0.03889503702521324,0.7830602526664734,0.5703639388084412
1423,Tampa,Median Home Value,bg,15775,1191,Feat\&PC-LightGCN,3,0.9595265984535217,0.2759195566177368,0.24768424034118652,0.03260207176208496,0.7174763679504395,0.5939435958862305
1424,Tampa,Median Home Value,bg,15775,1191,Feat\&PC-LightGCN,4,0.9496578574180603,0.19762635231018066,0.10212928056716919,0.04055153578519821,0.7950555086135864,0.7088572978973389
1425,Tampa,Median Home Value,bg,15775,1191,Feat\&PC-LightGCN,5,0.9753108024597168,0.2509148120880127,0.23950952291488647,0.019887587055563927,0.7422530055046082,0.6003974080085754
1426,Tampa,Median Home Value,bg,15775,1191,Feat\&PC-LightGCN,6,0.9589237570762634,0.23277497291564941,0.26900815963745117,0.03308765962719917,0.7602274417877197,0.57710862159729
1427,Tampa,Median Home Value,bg,15775,1191,Feat\&PC-LightGCN,7,0.9507613778114319,0.17041641473770142,0.23622602224349976,0.039662621915340424,0.822017252445221,0.602989673614502
1428,Tampa,Median Home Value,bg,15775,1191,Feat\&PC-LightGCN,8,0.9789445400238037,0.28116124868392944,0.2190307378768921,0.016960537061095238,0.7122824788093567,0.6165651679039001
1429,Tampa,Median Home Value,bg,15775,1191,Feat\&PC-LightGCN,9,0.9622735977172852,0.20253509283065796,0.13684725761413574,0.03038928098976612,0.7901915311813354,0.6814479231834412
1430,Tampa,Median Home Value,bg,15775,1191,NoPreTrain,0,0.9677238464355469,-0.3274739980697632,-0.4884967803955078,0.025999044999480247,1.3153666257858276,1.1751489639282227
1431,Tampa,Median Home Value,bg,15775,1191,NoPreTrain,1,0.9786863923072815,-0.2740802764892578,-0.0900278091430664,0.017168480902910233,1.2624598741531372,0.8605628609657288
1432,Tampa,Median Home Value,bg,15775,1191,NoPreTrain,2,0.9754842519760132,-0.3722264766693115,-0.30738818645477295,0.019747870042920113,1.3597108125686646,1.0321660041809082
1433,Tampa,Median Home Value,bg,15775,1191,NoPreTrain,3,0.9799734950065613,0.03728300333023071,-0.2877323627471924,0.016131708398461342,0.9539363980293274,1.0166480541229248
1434,Tampa,Median Home Value,bg,15775,1191,NoPreTrain,4,0.9815949201583862,-0.21426868438720703,-0.08898651599884033,0.014825636520981789,1.2031937837600708,0.8597407937049866
1435,Tampa,Median Home Value,bg,15775,1191,NoPreTrain,5,0.9986522197723389,-0.18910086154937744,-0.1688610315322876,0.0010856462176889181,1.1782554388046265,0.9228006601333618
1436,Tampa,Median Home Value,bg,15775,1191,NoPreTrain,6,0.9834530353546143,-0.24919307231903076,-0.5066629648208618,0.01332890521734953,1.2377996444702148,1.1894909143447876
1437,Tampa,Median Home Value,bg,15775,1191,NoPreTrain,7,0.9972820281982422,-0.3028295040130615,-0.5844124555587769,0.002189369173720479,1.2909468412399292,1.25087308883667
1438,Tampa,Median Home Value,bg,15775,1191,NoPreTrain,8,0.9532986283302307,-0.7363533973693848,-0.6177167892456055,0.03761879354715347,1.7205166816711426,1.277166485786438
1439,Tampa,Median Home Value,bg,15775,1191,NoPreTrain,9,0.9749216437339783,-0.36054491996765137,-0.4027748107910156,0.02020106092095375,1.3481358289718628,1.107472538948059
1440,Tampa,Commute Time,bg,3366,217,Emb,0,0.9789113402366638,0.024550914764404297,-0.09722304344177246,0.014662100002169609,1.4110653400421143,1.4023470878601074
1441,Tampa,Commute Time,bg,3366,217,Emb,1,0.9996088743209839,0.12960660457611084,-0.09796345233917236,0.0002719484909903258,1.2590937614440918,1.403293490409851
1442,Tampa,Commute Time,bg,3366,217,Emb,2,0.9954733848571777,0.09606492519378662,-0.22772419452667236,0.0031471773982048035,1.3076145648956299,1.569139003753662
1443,Tampa,Commute Time,bg,3366,217,Emb,3,0.9978301525115967,0.23601043224334717,-0.237540602684021,0.0015086043858900666,1.105172038078308,1.581685185432434
1444,Tampa,Commute Time,bg,3366,217,Emb,4,0.9869298934936523,-0.07635486125946045,-0.07943117618560791,0.009087106212973595,1.557033658027649,1.3796075582504272
1445,Tampa,Commute Time,bg,3366,217,Emb,5,0.9939177632331848,0.10517019033432007,-0.20052552223205566,0.004228735342621803,1.2944430112838745,1.534376621246338
1446,Tampa,Commute Time,bg,3366,217,Emb,6,0.9984233379364014,0.042766451835632324,-0.2544131278991699,0.0010962041560560465,1.3847150802612305,1.6032497882843018
1447,Tampa,Commute Time,bg,3366,217,Emb,7,0.9991097450256348,0.31697893142700195,-0.1942741870880127,0.0006189553532749414,0.9880447387695312,1.5263869762420654
1448,Tampa,Commute Time,bg,3366,217,Emb,8,0.9990636110305786,0.030741333961486816,-0.22893571853637695,0.0006510531529784203,1.4021103382110596,1.5706874132156372
1449,Tampa,Commute Time,bg,3366,217,Emb,9,0.9999427795410156,0.12304377555847168,-0.16612517833709717,3.978266249760054e-05,1.2685874700546265,1.4904099702835083
1450,Tampa,Commute Time,bg,3366,217,RGNN,0,0.9869838953018188,0.3104754090309143,0.05372607707977295,0.009049562737345695,0.9974525570869446,1.209420919418335
1451,Tampa,Commute Time,bg,3366,217,RGNN,1,0.8631778955459595,0.06218266487121582,-0.2930889129638672,0.09512697160243988,1.3566279411315918,1.6526808738708496
1452,Tampa,Commute Time,bg,3366,217,RGNN,2,0.9311802983283997,0.1435248851776123,-0.06736397743225098,0.047847598791122437,1.2389599084854126,1.3641846179962158
1453,Tampa,Commute Time,bg,3366,217,RGNN,3,0.9862103462219238,0.10283637046813965,-0.10272085666656494,0.009587382897734642,1.2978191375732422,1.4093737602233887
1454,Tampa,Commute Time,bg,3366,217,RGNN,4,0.9937820434570312,0.18636834621429443,-0.08308243751525879,0.004323097411543131,1.17698335647583,1.3842742443084717
1455,Tampa,Commute Time,bg,3366,217,RGNN,5,0.9976003766059875,0.21578973531723022,-0.09536957740783691,0.0016683752182871103,1.134423017501831,1.3999781608581543
1456,Tampa,Commute Time,bg,3366,217,RGNN,6,0.9927991032600403,0.17091089487075806,0.07092928886413574,0.005006477236747742,1.1993438005447388,1.1874337196350098
1457,Tampa,Commute Time,bg,3366,217,RGNN,7,0.991946816444397,0.3653905987739563,0.018524169921875,0.005599066615104675,0.9180133938789368,1.254412055015564
1458,Tampa,Commute Time,bg,3366,217,RGNN,8,0.9733085036277771,0.1547030210494995,0.0031562447547912598,0.018557529896497726,1.2227898836135864,1.2740535736083984
1459,Tampa,Commute Time,bg,3366,217,RGNN,9,0.9664379358291626,0.20503604412078857,0.035165488719940186,0.023334363475441933,1.1499791145324707,1.2331429719924927
1460,Tampa,Commute Time,bg,3366,217,Feat-RGNN,0,0.976292610168457,0.09551256895065308,-0.3042091131210327,0.01648278534412384,1.3084136247634888,1.6668933629989624
1461,Tampa,Commute Time,bg,3366,217,Feat-RGNN,1,0.9082023501396179,0.17878073453903198,0.010866522789001465,0.06382324546575546,1.1879594326019287,1.264199137687683
1462,Tampa,Commute Time,bg,3366,217,Feat-RGNN,2,0.9802423119544983,0.19755011796951294,-0.046412110328674316,0.013736745342612267,1.1608080863952637,1.3374062776565552
1463,Tampa,Commute Time,bg,3366,217,Feat-RGNN,3,0.9580715894699097,0.16334682703018188,-0.3813960552215576,0.029151152819395065,1.2102859020233154,1.7655450105667114
1464,Tampa,Commute Time,bg,3366,217,Feat-RGNN,4,0.9915660619735718,0.24224203824996948,-0.1345154047012329,0.005863767582923174,1.0961575508117676,1.4500099420547485
1465,Tampa,Commute Time,bg,3366,217,Feat-RGNN,5,0.9556031227111816,0.03730267286300659,-0.14033424854278564,0.030867399647831917,1.3926188945770264,1.4574470520019531
1466,Tampa,Commute Time,bg,3366,217,Feat-RGNN,6,0.9791346192359924,0.09509170055389404,-0.17165088653564453,0.014506861567497253,1.309022307395935,1.4974724054336548
1467,Tampa,Commute Time,bg,3366,217,Feat-RGNN,7,0.9591057896614075,0.19711816310882568,-0.39479732513427734,0.028432101011276245,1.1614329814910889,1.7826730012893677
1468,Tampa,Commute Time,bg,3366,217,Feat-RGNN,8,0.9700968265533447,0.1505240797996521,-0.10718977451324463,0.02079046703875065,1.2288349866867065,1.4150854349136353
1469,Tampa,Commute Time,bg,3366,217,Feat-RGNN,9,0.9843847155570984,0.24471700191497803,-0.27782535552978516,0.010856686159968376,1.092577338218689,1.633172631263733
1470,Tampa,Commute Time,bg,3366,217,Feat\&PC-RGNN,0,0.9886870384216309,0.16574394702911377,-0.1309506893157959,0.007865436375141144,1.2068182229995728,1.4454540014266968
1471,Tampa,Commute Time,bg,3366,217,Feat\&PC-RGNN,1,0.9869545102119446,0.0503574013710022,0.02173173427581787,0.009070020169019699,1.3737341165542603,1.2503124475479126
1472,Tampa,Commute Time,bg,3366,217,Feat\&PC-RGNN,2,0.9339020252227783,0.28966134786605835,0.03911560773849487,0.045955292880535126,1.0275617837905884,1.2280943393707275
1473,Tampa,Commute Time,bg,3366,217,Feat\&PC-RGNN,3,0.8032031059265137,0.2220914363861084,-0.042378783226013184,0.13682503998279572,1.1253070831298828,1.3322513103485107
1474,Tampa,Commute Time,bg,3366,217,Feat\&PC-RGNN,4,0.9861506819725037,0.247400164604187,-0.17212605476379395,0.009628894738852978,1.088696002960205,1.4980796575546265
1475,Tampa,Commute Time,bg,3366,217,Feat\&PC-RGNN,5,0.9823625683784485,0.32719504833221436,0.10484117269515991,0.012262584641575813,0.9732662439346313,1.1440913677215576
1476,Tampa,Commute Time,bg,3366,217,Feat\&PC-RGNN,6,0.9711667895317078,0.20556378364562988,0.0015874505043029785,0.020046573132276535,1.149215579032898,1.2760586738586426
1477,Tampa,Commute Time,bg,3366,217,Feat\&PC-RGNN,7,0.9825002551078796,0.24978870153427124,0.15593135356903076,0.012166868895292282,1.0852407217025757,1.0787936449050903
1478,Tampa,Commute Time,bg,3366,217,Feat\&PC-RGNN,8,0.9588684439659119,0.17436641454696655,-0.08310556411743164,0.028597144410014153,1.1943451166152954,1.3843038082122803
1479,Tampa,Commute Time,bg,3366,217,Feat\&PC-RGNN,9,0.9936881065368652,0.33727407455444336,0.22268694639205933,0.0043884152546525,0.958686113357544,0.9934740662574768
1480,Tampa,Commute Time,bg,3366,217,LightGCN,0,0.9957486987113953,0.2456929087638855,0.06841611862182617,0.00295576686039567,1.0911656618118286,1.190645694732666
1481,Tampa,Commute Time,bg,3366,217,LightGCN,1,0.9940784573554993,0.0034386515617370605,-0.02828693389892578,0.004117004107683897,1.441605806350708,1.3142406940460205
1482,Tampa,Commute Time,bg,3366,217,LightGCN,2,0.984470546245575,-0.06347453594207764,0.0002440810203552246,0.010797008872032166,1.5384010076522827,1.2777756452560425
1483,Tampa,Commute Time,bg,3366,217,LightGCN,3,0.9980148673057556,0.1280784010887146,0.01072847843170166,0.001380186527967453,1.261304497718811,1.2643755674362183
1484,Tampa,Commute Time,bg,3366,217,LightGCN,4,0.9971994161605835,-0.0317685604095459,-0.013192892074584961,0.0019471379928290844,1.492535948753357,1.2949491739273071
1485,Tampa,Commute Time,bg,3366,217,LightGCN,5,0.9533222913742065,0.21928590536117554,-0.04156208038330078,0.032453153282403946,1.1293655633926392,1.3312073945999146
1486,Tampa,Commute Time,bg,3366,217,LightGCN,6,0.9604077935218811,0.13767236471176147,-0.00012004375457763672,0.027526896446943283,1.2474260330200195,1.2782409191131592
1487,Tampa,Commute Time,bg,3366,217,LightGCN,7,0.9898649454116821,0.19943827390670776,0.00784975290298462,0.007046505808830261,1.1580767631530762,1.2680548429489136
1488,Tampa,Commute Time,bg,3366,217,LightGCN,8,0.9820188283920288,0.10013067722320557,0.07252472639083862,0.012501571327447891,1.3017330169677734,1.185394525527954
1489,Tampa,Commute Time,bg,3366,217,LightGCN,9,0.9891610741615295,0.14372795820236206,0.06876885890960693,0.007535853888839483,1.23866605758667,1.1901949644088745
1490,Tampa,Commute Time,bg,3366,217,Feat-LightGCN,0,0.9984818696975708,0.24539804458618164,0.20033502578735352,0.0010554835898801684,1.0915921926498413,1.0220417976379395
1491,Tampa,Commute Time,bg,3366,217,Feat-LightGCN,1,0.9976543188095093,0.23219329118728638,0.14044952392578125,0.001630861428566277,1.1106939315795898,1.0985807180404663
1492,Tampa,Commute Time,bg,3366,217,Feat-LightGCN,2,0.986307680606842,0.2561632990837097,0.15337884426116943,0.009519726037979126,1.0760194063186646,1.082055926322937
1493,Tampa,Commute Time,bg,3366,217,Feat-LightGCN,3,0.9996652603149414,0.28578686714172363,0.20012027025222778,0.00023273640545085073,1.033166527748108,1.022316336631775
1494,Tampa,Commute Time,bg,3366,217,Feat-LightGCN,4,0.9998611807823181,0.04356718063354492,0.09005534648895264,9.650579158915207e-05,1.3835567235946655,1.1629889011383057
1495,Tampa,Commute Time,bg,3366,217,Feat-LightGCN,5,0.9937019348144531,0.27228063344955444,0.16004228591918945,0.004378777462989092,1.0527043342590332,1.0735394954681396
1496,Tampa,Commute Time,bg,3366,217,Feat-LightGCN,6,0.9121719002723694,0.34525585174560547,0.20485037565231323,0.061063364148139954,0.9471399188041687,1.0162707567214966
1497,Tampa,Commute Time,bg,3366,217,Feat-LightGCN,7,0.9975554943084717,0.29216134548187256,0.18327683210372925,0.0016995760379359126,1.0239453315734863,1.0438437461853027
1498,Tampa,Commute Time,bg,3366,217,Feat-LightGCN,8,0.9973825216293335,0.30629318952560425,0.2698385715484619,0.001819845987483859,1.0035024881362915,0.9332101941108704
1499,Tampa,Commute Time,bg,3366,217,Feat-LightGCN,9,0.9993169903755188,0.3335340619087219,0.17422211170196533,0.0004748598439618945,0.9640964269638062,1.055416464805603
1500,Tampa,Commute Time,bg,3366,217,Feat\&PC-LightGCN,0,0.9991193413734436,0.24140244722366333,-0.0762336254119873,0.0006122700870037079,1.0973721742630005,1.3755207061767578
1501,Tampa,Commute Time,bg,3366,217,Feat\&PC-LightGCN,1,0.9990317821502686,0.4543735384941101,0.010993719100952148,0.0006731607718393207,0.7892923355102539,1.2640366554260254
1502,Tampa,Commute Time,bg,3366,217,Feat\&PC-LightGCN,2,0.9983134865760803,0.5260022878646851,-0.22543275356292725,0.0011725586373358965,0.6856756806373596,1.5662102699279785
1503,Tampa,Commute Time,bg,3366,217,Feat\&PC-LightGCN,3,0.9912340641021729,0.29498642683029175,-0.09107720851898193,0.00609459588304162,1.0198585987091064,1.394492268562317
1504,Tampa,Commute Time,bg,3366,217,Feat\&PC-LightGCN,4,0.9951928853988647,0.4895200729370117,-0.08241713047027588,0.0033422058913856745,0.7384501695632935,1.3834238052368164
1505,Tampa,Commute Time,bg,3366,217,Feat\&PC-LightGCN,5,0.9999109506607056,0.4169102907180786,-0.08845269680023193,6.190696149133146e-05,0.8434860110282898,1.3911378383636475
1506,Tampa,Commute Time,bg,3366,217,Feat\&PC-LightGCN,6,0.9998044967651367,0.484544575214386,-0.11100351810455322,0.0001359314046567306,0.7456476092338562,1.4199596643447876
1507,Tampa,Commute Time,bg,3366,217,Feat\&PC-LightGCN,7,0.9995832443237305,0.32920724153518677,-0.06048274040222168,0.0002897366357501596,0.9703554511070251,1.3553897142410278
1508,Tampa,Commute Time,bg,3366,217,Feat\&PC-LightGCN,8,0.9909203052520752,0.378506064414978,-0.20735812187194824,0.006312746088951826,0.8990407586097717,1.54310941696167
1509,Tampa,Commute Time,bg,3366,217,Feat\&PC-LightGCN,9,0.9968981742858887,0.36823010444641113,-0.2850773334503174,0.002156558446586132,0.9139057397842407,1.6424412727355957
1510,Tampa,Commute Time,bg,3366,217,NoPreTrain,0,0.9972917437553406,-0.4078364372253418,-0.27160418033599854,0.0018829588079825044,2.036548137664795,1.6252213716506958
1511,Tampa,Commute Time,bg,3366,217,NoPreTrain,1,0.9991379976272583,-0.08496952056884766,-0.25455760955810547,0.0005993125960230827,1.5694953203201294,1.603434443473816
1512,Tampa,Commute Time,bg,3366,217,NoPreTrain,2,0.9993187785148621,-0.1338251829147339,-0.4179055690765381,0.0004736326518468559,1.6401690244674683,1.8122074604034424
1513,Tampa,Commute Time,bg,3366,217,NoPreTrain,3,0.9984548687934875,-0.0076863765716552734,-0.09362649917602539,0.0010742706945165992,1.4576990604400635,1.3977503776550293
1514,Tampa,Commute Time,bg,3366,217,NoPreTrain,4,0.9972173571586609,-0.30937492847442627,-0.15744149684906006,0.0019346583867445588,1.894115686416626,1.479311466217041
1515,Tampa,Commute Time,bg,3366,217,NoPreTrain,5,0.9944139122962952,-0.21485042572021484,-0.07152307033538818,0.0038837867323309183,1.7573784589767456,1.3695002794265747
1516,Tampa,Commute Time,bg,3366,217,NoPreTrain,6,0.999840497970581,0.23100155591964722,-0.14057278633117676,0.00011089823237853125,1.1124179363250732,1.4577518701553345
1517,Tampa,Commute Time,bg,3366,217,NoPreTrain,7,0.9940998554229736,-0.13386785984039307,-0.33055174350738525,0.004102138336747885,1.6402307748794556,1.7005615234375
1518,Tampa,Commute Time,bg,3366,217,NoPreTrain,8,0.9933231472969055,-0.2131054401397705,-0.7222025394439697,0.004642135463654995,1.7548542022705078,2.2011256217956543
1519,Tampa,Commute Time,bg,3366,217,NoPreTrain,9,0.9981349110603333,-0.055399417877197266,-0.5886777639389038,0.001296738046221435,1.5267199277877808,2.0304691791534424
1520,Tampa,Median Age,bg,16804,1259,Emb,0,0.9880949854850769,-0.6855491399765015,-0.7831140756607056,0.009148434735834599,1.0538718700408936,1.6555023193359375
1521,Tampa,Median Age,bg,16804,1259,Emb,1,0.981302797794342,-0.6860432624816895,-0.3052024841308594,0.014367887750267982,1.0541808605194092,1.211793303489685
1522,Tampa,Median Age,bg,16804,1259,Emb,2,0.980581521987915,-0.6915692090988159,-0.4804447889328003,0.014922166243195534,1.05763578414917,1.3744940757751465
1523,Tampa,Median Age,bg,16804,1259,Emb,3,0.9263918995857239,-0.4288126230239868,-0.4125692844390869,0.05656423047184944,0.8933500051498413,1.311476230621338
1524,Tampa,Median Age,bg,16804,1259,Emb,4,0.9833806157112122,-0.4042651653289795,-0.6813476085662842,0.012771164067089558,0.8780019879341125,1.561018943786621
1525,Tampa,Median Age,bg,16804,1259,Emb,5,0.8845545053482056,-0.5709336996078491,-0.6809020042419434,0.08871417492628098,0.9822097420692444,1.5606052875518799
1526,Tampa,Median Age,bg,16804,1259,Emb,6,0.9662176966667175,-0.5979717969894409,-0.7345689535140991,0.025960030034184456,0.9991150498390198,1.6104313135147095
1527,Tampa,Median Age,bg,16804,1259,Emb,7,0.9627936482429504,-0.4330112934112549,-0.6490002870559692,0.028591236099600792,0.8959752917289734,1.5309865474700928
1528,Tampa,Median Age,bg,16804,1259,Emb,8,0.9486542344093323,-0.4063582420349121,-0.266135573387146,0.03945668786764145,0.8793107271194458,1.1755223274230957
1529,Tampa,Median Age,bg,16804,1259,Emb,9,0.9778650999069214,-0.6147133111953735,-0.37074148654937744,0.01700958050787449,1.00958251953125,1.272641897201538
1530,Tampa,Median Age,bg,16804,1259,RGNN,0,0.5732659101486206,-0.29278564453125,-0.2142707109451294,0.3279241919517517,0.8083006143569946,1.1273692846298218
1531,Tampa,Median Age,bg,16804,1259,RGNN,1,0.6465772390365601,-0.2255176305770874,-0.19412994384765625,0.2715880274772644,0.7662420272827148,1.1086698770523071
1532,Tampa,Median Age,bg,16804,1259,RGNN,2,0.6092996597290039,-0.16608679294586182,-0.0845268964767456,0.30023398995399475,0.7290834784507751,1.006910800933838
1533,Tampa,Median Age,bg,16804,1259,RGNN,3,0.6137402653694153,-0.222639799118042,-0.25466012954711914,0.296821653842926,0.7644426822662354,1.1648681163787842
1534,Tampa,Median Age,bg,16804,1259,RGNN,4,0.7694628834724426,-0.4727497100830078,-0.2932220697402954,0.177156463265419,0.9208213090896606,1.2006702423095703
1535,Tampa,Median Age,bg,16804,1259,RGNN,5,0.5667695999145508,-0.2970104217529297,-0.301804780960083,0.332916259765625,0.8109421133995056,1.2086387872695923
1536,Tampa,Median Age,bg,16804,1259,RGNN,6,0.6768755316734314,-0.12018227577209473,-0.1638319492340088,0.2483052909374237,0.7003821730613708,1.0805402994155884
1537,Tampa,Median Age,bg,16804,1259,RGNN,7,0.6369670033454895,-0.2237381935119629,-0.1561490297317505,0.2789730131626129,0.7651294469833374,1.0734071731567383
1538,Tampa,Median Age,bg,16804,1259,RGNN,8,0.48863357305526733,0.03527557849884033,0.025477349758148193,0.39295998215675354,0.6031838059425354,0.9047791361808777
1539,Tampa,Median Age,bg,16804,1259,RGNN,9,0.6376798152923584,-0.09614348411560059,-0.10029661655426025,0.2784252464771271,0.6853522062301636,1.0215519666671753
1540,Tampa,Median Age,bg,16804,1259,Feat-RGNN,0,0.6643524169921875,-0.0633695125579834,-0.16753876209259033,0.2579286992549896,0.6648606061935425,1.0839817523956299
1541,Tampa,Median Age,bg,16804,1259,Feat-RGNN,1,0.5407668352127075,0.010794341564178467,-0.08899283409118652,0.35289812088012695,0.61849045753479,1.0110571384429932
1542,Tampa,Median Age,bg,16804,1259,Feat-RGNN,2,0.5301867127418518,-0.17801594734191895,-0.13570547103881836,0.36102843284606934,0.7365421056747437,1.054426670074463
1543,Tampa,Median Age,bg,16804,1259,Feat-RGNN,3,0.5520828366279602,-0.11300265789031982,-0.20882916450500488,0.34420233964920044,0.6958931684494019,1.1223170757293701
1544,Tampa,Median Age,bg,16804,1259,Feat-RGNN,4,0.7086784839630127,-0.14551091194152832,-0.14769375324249268,0.2238662987947464,0.7162185907363892,1.0655570030212402
1545,Tampa,Median Age,bg,16804,1259,Feat-RGNN,5,0.6619899272918701,-0.09445130825042725,-0.23711168766021729,0.25974413752555847,0.6842941641807556,1.1485755443572998
1546,Tampa,Median Age,bg,16804,1259,Feat-RGNN,6,0.5210971832275391,-0.10780584812164307,-0.13682210445404053,0.36801329255104065,0.692643940448761,1.055463433265686
1547,Tampa,Median Age,bg,16804,1259,Feat-RGNN,7,0.5970959663391113,-0.15047216415405273,-0.1617969274520874,0.309611976146698,0.7193206548690796,1.0786508321762085
1548,Tampa,Median Age,bg,16804,1259,Feat-RGNN,8,0.6991557478904724,-0.08433246612548828,-0.28418755531311035,0.23118403553962708,0.6779674887657166,1.1922823190689087
1549,Tampa,Median Age,bg,16804,1259,Feat-RGNN,9,0.6246674060821533,-0.053258299827575684,-0.19442689418792725,0.28842467069625854,0.6585386991500854,1.108945608139038
1550,Tampa,Median Age,bg,16804,1259,Feat\&PC-RGNN,0,0.6877715587615967,-0.10190081596374512,-0.19266796112060547,0.23993219435214996,0.6889519095420837,1.107312560081482
1551,Tampa,Median Age,bg,16804,1259,Feat\&PC-RGNN,1,0.5409445762634277,-0.03483164310455322,-0.03768432140350342,0.35276153683662415,0.6470175981521606,0.963420569896698
1552,Tampa,Median Age,bg,16804,1259,Feat\&PC-RGNN,2,0.5855945944786072,-0.015576720237731934,-0.13564419746398926,0.3184502124786377,0.6349786520004272,1.0543696880340576
1553,Tampa,Median Age,bg,16804,1259,Feat\&PC-RGNN,3,0.7359400987625122,-0.2001725435256958,-0.23444795608520508,0.20291706919670105,0.7503952980041504,1.1461024284362793
1554,Tampa,Median Age,bg,16804,1259,Feat\&PC-RGNN,4,0.5817062854766846,0.016815900802612305,-0.15203166007995605,0.32143816351890564,0.6147255301475525,1.0695844888687134
1555,Tampa,Median Age,bg,16804,1259,Feat\&PC-RGNN,5,0.6532645225524902,-0.23017346858978271,-0.17012536525726318,0.2664491832256317,0.7691530585289001,1.0863832235336304
1556,Tampa,Median Age,bg,16804,1259,Feat\&PC-RGNN,6,0.7230182886123657,-0.12227356433868408,-0.22815752029418945,0.21284684538841248,0.7016897201538086,1.1402621269226074
1557,Tampa,Median Age,bg,16804,1259,Feat\&PC-RGNN,7,0.6427873373031616,0.006334483623504639,-0.03108525276184082,0.27450039982795715,0.6212789416313171,0.9572937488555908
1558,Tampa,Median Age,bg,16804,1259,Feat\&PC-RGNN,8,0.8018822073936462,-0.31613993644714355,-0.25181567668914795,0.15224380791187286,0.8229026794433594,1.1622271537780762
1559,Tampa,Median Age,bg,16804,1259,Feat\&PC-RGNN,9,0.5853797197341919,0.017164170742034912,-0.16251325607299805,0.3186153173446655,0.614507794380188,1.0793159008026123
1560,Tampa,Median Age,bg,16804,1259,LightGCN,0,0.8495755195617676,-0.30585336685180664,-0.14862048625946045,0.11559383571147919,0.8164710998535156,1.0664173364639282
1561,Tampa,Median Age,bg,16804,1259,LightGCN,1,0.782853364944458,-0.1626889705657959,-0.15177083015441895,0.16686654090881348,0.7269590497016907,1.0693422555923462
1562,Tampa,Median Age,bg,16804,1259,LightGCN,2,0.8202182650566101,-0.3985593318939209,-0.21137166023254395,0.13815343379974365,0.8744345307350159,1.1246776580810547
1563,Tampa,Median Age,bg,16804,1259,LightGCN,3,0.7614434957504272,-0.2717093229293823,-0.24455833435058594,0.18331892788410187,0.7951228618621826,1.155489206314087
1564,Tampa,Median Age,bg,16804,1259,LightGCN,4,0.8138311505317688,-0.21498560905456543,-0.15534687042236328,0.14306162297725677,0.7596570253372192,1.072662353515625
1565,Tampa,Median Age,bg,16804,1259,LightGCN,5,0.7540294528007507,-0.36995363235473633,-0.3249932527542114,0.18901629745960236,0.856549084186554,1.2301677465438843
1566,Tampa,Median Age,bg,16804,1259,LightGCN,6,0.8191796541213989,-0.24216711521148682,-0.1083294153213501,0.13895155489444733,0.776651918888092,1.0290098190307617
1567,Tampa,Median Age,bg,16804,1259,LightGCN,7,0.7582294940948486,-0.2585015296936035,-0.17185986042022705,0.18578876554965973,0.7868648767471313,1.0879935026168823
1568,Tampa,Median Age,bg,16804,1259,LightGCN,8,0.772955060005188,-0.2524348497390747,-0.10932183265686035,0.1744728684425354,0.783071756362915,1.0299311876296997
1569,Tampa,Median Age,bg,16804,1259,LightGCN,9,0.7772128582000732,-0.248984694480896,-0.1257174015045166,0.17120099067687988,0.7809145450592041,1.0451533794403076
1570,Tampa,Median Age,bg,16804,1259,Feat-LightGCN,0,0.9514889121055603,-0.41015076637268066,-0.1585472822189331,0.03727840259671211,0.8816819787025452,1.0756336450576782
1571,Tampa,Median Age,bg,16804,1259,Feat-LightGCN,1,0.9253584742546082,-0.28043949604034424,-0.17195165157318115,0.057358358055353165,0.8005813360214233,1.0880788564682007
1572,Tampa,Median Age,bg,16804,1259,Feat-LightGCN,2,0.9094745516777039,-0.45811283588409424,-0.29754042625427246,0.06956437230110168,0.9116697311401367,1.2046796083450317
1573,Tampa,Median Age,bg,16804,1259,Feat-LightGCN,3,0.904080331325531,-0.273054838180542,-0.3038458824157715,0.07370954751968384,0.7959641218185425,1.2105337381362915
1574,Tampa,Median Age,bg,16804,1259,Feat-LightGCN,4,0.8704680800437927,-0.2677372694015503,-0.2131572961807251,0.09953892230987549,0.7926393747329712,1.1263355016708374
1575,Tampa,Median Age,bg,16804,1259,Feat-LightGCN,5,0.933655321598053,-0.3026078939437866,-0.30975019931793213,0.05098262429237366,0.8144418597221375,1.2160155773162842
1576,Tampa,Median Age,bg,16804,1259,Feat-LightGCN,6,0.9240203499794006,-0.3119446039199829,-0.29250311851501465,0.05838664621114731,0.8202795386314392,1.2000027894973755
1577,Tampa,Median Age,bg,16804,1259,Feat-LightGCN,7,0.8839214444160461,-0.374584436416626,-0.2835242748260498,0.08920067548751831,0.8594444394111633,1.1916664838790894
1578,Tampa,Median Age,bg,16804,1259,Feat-LightGCN,8,0.9059790968894958,-0.13187384605407715,-0.15083134174346924,0.07225044816732407,0.7076922059059143,1.0684701204299927
1579,Tampa,Median Age,bg,16804,1259,Feat-LightGCN,9,0.9507566094398499,-0.3994145393371582,-0.26233530044555664,0.03784114494919777,0.8749692440032959,1.1719940900802612
1580,Tampa,Median Age,bg,16804,1259,Feat\&PC-LightGCN,0,0.9343844056129456,-0.36323869228363037,-0.14263927936553955,0.050422366708517075,0.852350652217865,1.0608643293380737
1581,Tampa,Median Age,bg,16804,1259,Feat\&PC-LightGCN,1,0.9714325666427612,-0.2368837594985962,-0.2152620553970337,0.02195264771580696,0.7733485698699951,1.1282895803451538
1582,Tampa,Median Age,bg,16804,1259,Feat\&PC-LightGCN,2,0.9666842818260193,-0.31242644786834717,-0.29122793674468994,0.02560151182115078,0.8205808401107788,1.1988189220428467
1583,Tampa,Median Age,bg,16804,1259,Feat\&PC-LightGCN,3,0.9628377556800842,-0.14864063262939453,-0.24679505825042725,0.028557375073432922,0.7181754112243652,1.1575658321380615
1584,Tampa,Median Age,bg,16804,1259,Feat\&PC-LightGCN,4,0.9546102285385132,-0.2683969736099243,-0.3281254768371582,0.034879788756370544,0.7930518388748169,1.2330758571624756
1585,Tampa,Median Age,bg,16804,1259,Feat\&PC-LightGCN,5,0.9519054293632507,-0.29050350189208984,-0.3680543899536133,0.03695831447839737,0.8068737387657166,1.2701470851898193
1586,Tampa,Median Age,bg,16804,1259,Feat\&PC-LightGCN,6,0.9570900797843933,-0.2893674373626709,-0.2864232063293457,0.03297415003180504,0.8061634302139282,1.194357991218567
1587,Tampa,Median Age,bg,16804,1259,Feat\&PC-LightGCN,7,0.9379680752754211,-0.34541451930999756,-0.2801635265350342,0.047668471932411194,0.8412062525749207,1.1885462999343872
1588,Tampa,Median Age,bg,16804,1259,Feat\&PC-LightGCN,8,0.9662975668907166,-0.2017824649810791,-0.2608705759048462,0.0258986484259367,0.7514018416404724,1.1706340312957764
1589,Tampa,Median Age,bg,16804,1259,Feat\&PC-LightGCN,9,0.9432076215744019,-0.317979097366333,-0.2703971862792969,0.04364215210080147,0.8240525722503662,1.1794790029525757
1590,Tampa,Median Age,bg,16804,1259,NoPreTrain,0,0.9971219301223755,-0.49260973930358887,-0.4072951078414917,0.002211675513535738,0.9332385063171387,1.3065794706344604
1591,Tampa,Median Age,bg,16804,1259,NoPreTrain,1,0.9867364168167114,-0.6645674705505371,-0.48150599002838135,0.010192430578172207,1.0407533645629883,1.3754793405532837
1592,Tampa,Median Age,bg,16804,1259,NoPreTrain,2,0.9904472827911377,-0.7798048257827759,-0.5671749114990234,0.007340782321989536,1.1128041744232178,1.4550172090530396
1593,Tampa,Median Age,bg,16804,1259,NoPreTrain,3,0.9878122210502625,-0.6653386354446411,-0.5189645290374756,0.00936568807810545,1.0412354469299316,1.41025710105896
1594,Tampa,Median Age,bg,16804,1259,NoPreTrain,4,0.9757964015007019,-0.72490394115448,-0.4316972494125366,0.0185992568731308,1.0784779787063599,1.329235315322876
1595,Tampa,Median Age,bg,16804,1259,NoPreTrain,5,0.9868549704551697,-0.6784683465957642,-0.4086494445800781,0.010101318359375,1.0494446754455566,1.307836890220642
1596,Tampa,Median Age,bg,16804,1259,NoPreTrain,6,0.9772147536277771,-1.070157527923584,-1.0419013500213623,0.017509356141090393,1.294344186782837,1.8957688808441162
1597,Tampa,Median Age,bg,16804,1259,NoPreTrain,7,0.9976991415023804,-0.47540414333343506,-0.5241672992706299,0.0017681055469438434,0.9224809408187866,1.4150874614715576
1598,Tampa,Median Age,bg,16804,1259,NoPreTrain,8,0.9810293316841125,-0.6845830678939819,-0.5232328176498413,0.014578032307326794,1.0532678365707397,1.4142199754714966
1599,Tampa,Median Age,bg,16804,1259,NoPreTrain,9,0.9685375690460205,-0.8266298770904541,-0.3162095546722412,0.024177318438887596,1.1420811414718628,1.2220126390457153
1600,Philadelphia,Median Income,tract,34772,1320,Emb,0,0.9620974659919739,0.20342344045639038,0.1824951171875,0.0328407809138298,0.5782198905944824,0.6354255676269531
1601,Philadelphia,Median Income,tract,34772,1320,Emb,1,0.97059565782547,0.11381453275680542,0.16131526231765747,0.025477474555373192,0.6432653665542603,0.6518881320953369
1602,Philadelphia,Median Income,tract,34772,1320,Emb,2,0.9609522223472595,0.06265121698379517,0.16411757469177246,0.03383304923772812,0.6804038286209106,0.649709939956665
1603,Philadelphia,Median Income,tract,34772,1320,Emb,3,0.968630850315094,0.021793901920318604,0.06919747591018677,0.02717989683151245,0.7100613713264465,0.7234888672828674
1604,Philadelphia,Median Income,tract,34772,1320,Emb,4,0.9569206237792969,-0.06751787662506104,0.10962533950805664,0.037326253950595856,0.7748911380767822,0.6920653581619263
1605,Philadelphia,Median Income,tract,34772,1320,Emb,5,0.9797718524932861,0.05746489763259888,0.25894713401794434,0.01752675324678421,0.6841685175895691,0.5760013461112976
1606,Philadelphia,Median Income,tract,34772,1320,Emb,6,0.9746886491775513,0.07269114255905151,0.16672056913375854,0.021931074559688568,0.6731160283088684,0.6476867198944092
1607,Philadelphia,Median Income,tract,34772,1320,Emb,7,0.9659934639930725,0.23320358991622925,0.17258834838867188,0.02946503460407257,0.5566030740737915,0.6431258320808411
1608,Philadelphia,Median Income,tract,34772,1320,Emb,8,0.990441620349884,-0.014449596405029297,0.12751156091690063,0.008281877264380455,0.7363698482513428,0.6781628727912903
1609,Philadelphia,Median Income,tract,34772,1320,Emb,9,0.9891537427902222,0.11063283681869507,0.3142682909965515,0.009397772140800953,0.6455748677253723,0.5330016613006592
1610,Philadelphia,Median Income,tract,34772,1320,RGNN,0,0.7033426761627197,0.3727496862411499,0.4784731864929199,0.2570395767688751,0.4553091824054718,0.4053694009780884
1611,Philadelphia,Median Income,tract,34772,1320,RGNN,1,0.7358682751655579,0.3893412947654724,0.5054821968078613,0.22885765135288239,0.4432656466960907,0.38437601923942566
1612,Philadelphia,Median Income,tract,34772,1320,RGNN,2,0.7056938409805298,0.4674198627471924,0.5181920528411865,0.25500237941741943,0.3865898847579956,0.3744969367980957
1613,Philadelphia,Median Income,tract,34772,1320,RGNN,3,0.6878575086593628,0.40083831548690796,0.5177133679389954,0.2704567015171051,0.43492016196250916,0.3748690187931061
1614,Philadelphia,Median Income,tract,34772,1320,RGNN,4,0.7400192022323608,0.43448978662490845,0.4924291968345642,0.22526109218597412,0.41049322485923767,0.3945217728614807
1615,Philadelphia,Median Income,tract,34772,1320,RGNN,5,0.729110836982727,0.26117104291915894,0.4253352880477905,0.2347126454114914,0.5363020300865173,0.44667214155197144
1616,Philadelphia,Median Income,tract,34772,1320,RGNN,6,0.7330437898635864,0.42429184913635254,0.5289393663406372,0.23130497336387634,0.41789573431015015,0.3661433756351471
1617,Philadelphia,Median Income,tract,34772,1320,RGNN,7,0.7223202586174011,0.45487821102142334,0.4964753985404968,0.24059638381004333,0.3956936299800873,0.3913767635822296
1618,Philadelphia,Median Income,tract,34772,1320,RGNN,8,0.6422274112701416,0.3887302279472351,0.49330461025238037,0.30999305844306946,0.44370919466018677,0.39384129643440247
1619,Philadelphia,Median Income,tract,34772,1320,RGNN,9,0.7669030427932739,0.35288405418395996,0.5232217907905579,0.2019674926996231,0.4697292745113373,0.37058746814727783
1620,Philadelphia,Median Income,tract,34772,1320,Feat-RGNN,0,0.7970410585403442,0.3629041910171509,0.44560742378234863,0.17585431039333344,0.4624558687210083,0.43091511726379395
1621,Philadelphia,Median Income,tract,34772,1320,Feat-RGNN,1,0.7889756560325623,0.43738216161727905,0.40498030185699463,0.18284264206886292,0.4083937108516693,0.46249353885650635
1622,Philadelphia,Median Income,tract,34772,1320,Feat-RGNN,2,0.7654653787612915,0.3613036870956421,0.437211275100708,0.2032131403684616,0.4636176526546478,0.43744122982025146
1623,Philadelphia,Median Income,tract,34772,1320,Feat-RGNN,3,0.7572226524353027,0.4317607283592224,0.5034790635108948,0.21035508811473846,0.4124741852283478,0.385932981967926
1624,Philadelphia,Median Income,tract,34772,1320,Feat-RGNN,4,0.6921098232269287,0.3907502293586731,0.368954062461853,0.2667722702026367,0.44224295020103455,0.49049580097198486
1625,Philadelphia,Median Income,tract,34772,1320,Feat-RGNN,5,0.7633832097053528,0.4055243730545044,0.4545503258705139,0.20501728355884552,0.43151867389678955,0.4239640235900879
1626,Philadelphia,Median Income,tract,34772,1320,Feat-RGNN,6,0.7890500426292419,0.3795929551124573,0.43903982639312744,0.18277814984321594,0.45034176111221313,0.4360199570655823
1627,Philadelphia,Median Income,tract,34772,1320,Feat-RGNN,7,0.7979530096054077,0.4196234345436096,0.4486652612686157,0.17506420612335205,0.42128440737724304,0.42853832244873047
1628,Philadelphia,Median Income,tract,34772,1320,Feat-RGNN,8,0.7523918747901917,0.3905634880065918,0.34523630142211914,0.2145407348871231,0.44237852096557617,0.508931040763855
1629,Philadelphia,Median Income,tract,34772,1320,Feat-RGNN,9,0.7944149374961853,0.436648964881897,0.44798344373703003,0.17812974750995636,0.4089258909225464,0.42906829714775085
1630,Philadelphia,Median Income,tract,34772,1320,Feat\&PC-RGNN,0,0.8004601001739502,0.2871825098991394,0.37889283895492554,0.17289192974567413,0.517420768737793,0.4827706515789032
1631,Philadelphia,Median Income,tract,34772,1320,Feat\&PC-RGNN,1,0.8330371975898743,0.3225560188293457,0.3436400890350342,0.14466537535190582,0.4917438328266144,0.5101717114448547
1632,Philadelphia,Median Income,tract,34772,1320,Feat\&PC-RGNN,2,0.7732547521591187,0.44619542360305786,0.4658666253089905,0.19646403193473816,0.40199631452560425,0.4151681959629059
1633,Philadelphia,Median Income,tract,34772,1320,Feat\&PC-RGNN,3,0.8666045069694519,0.40888625383377075,0.40197867155075073,0.11558089405298233,0.4290783405303955,0.46482664346694946
1634,Philadelphia,Median Income,tract,34772,1320,Feat\&PC-RGNN,4,0.82960045337677,0.3916088938713074,0.3713166117668152,0.14764317870140076,0.4416196346282959,0.48865947127342224
1635,Philadelphia,Median Income,tract,34772,1320,Feat\&PC-RGNN,5,0.8501365184783936,0.31522828340530396,0.3279570937156677,0.1298496574163437,0.49706292152404785,0.522361695766449
1636,Philadelphia,Median Income,tract,34772,1320,Feat\&PC-RGNN,6,0.826251745223999,0.42666810750961304,0.39490610361099243,0.1505446434020996,0.41617080569267273,0.47032395005226135
1637,Philadelphia,Median Income,tract,34772,1320,Feat\&PC-RGNN,7,0.7684789896011353,0.4134310483932495,0.35047411918640137,0.20060203969478607,0.4257793724536896,0.5048598051071167
1638,Philadelphia,Median Income,tract,34772,1320,Feat\&PC-RGNN,8,0.7517082691192627,0.447559654712677,0.4138035774230957,0.21513305604457855,0.4010060727596283,0.4556354284286499
1639,Philadelphia,Median Income,tract,34772,1320,Feat\&PC-RGNN,9,0.7019296884536743,0.4251367449760437,0.40243232250213623,0.25826382637023926,0.4172824025154114,0.46447402238845825
1640,Philadelphia,Median Income,tract,34772,1320,LightGCN,0,0.9073413014411926,0.41818392276763916,0.5246760845184326,0.08028437942266464,0.4223293364048004,0.36945706605911255
1641,Philadelphia,Median Income,tract,34772,1320,LightGCN,1,0.8956700563430786,0.3731161952018738,0.5080869197845459,0.09039700031280518,0.45504316687583923,0.3823513984680176
1642,Philadelphia,Median Income,tract,34772,1320,LightGCN,2,0.8984048366546631,0.4206477999687195,0.543259859085083,0.08802743256092072,0.42054083943367004,0.3550123870372772
1643,Philadelphia,Median Income,tract,34772,1320,LightGCN,3,0.8968099355697632,0.39277875423431396,0.5037295818328857,0.08940933644771576,0.4407704770565033,0.38573822379112244
1644,Philadelphia,Median Income,tract,34772,1320,LightGCN,4,0.8795798420906067,0.3548734188079834,0.4515414834022522,0.1043383851647377,0.4682852327823639,0.4263027012348175
1645,Philadelphia,Median Income,tract,34772,1320,LightGCN,5,0.921347439289093,0.4159979224205017,0.48554182052612305,0.06814873218536377,0.4239161014556885,0.39987513422966003
1646,Philadelphia,Median Income,tract,34772,1320,LightGCN,6,0.9139236807823181,0.40560460090637207,0.5492492914199829,0.07458104938268661,0.4314604103565216,0.35035696625709534
1647,Philadelphia,Median Income,tract,34772,1320,LightGCN,7,0.9149633646011353,0.4127960801124573,0.5027234554290771,0.07368025928735733,0.42624029517173767,0.38652026653289795
1648,Philadelphia,Median Income,tract,34772,1320,LightGCN,8,0.911554753780365,0.3796765208244324,0.5420937538146973,0.07663362473249435,0.45028114318847656,0.3559187650680542
1649,Philadelphia,Median Income,tract,34772,1320,LightGCN,9,0.9206349849700928,0.3368989825248718,0.44197386503219604,0.0687660425901413,0.48133254051208496,0.43373939394950867
1650,Philadelphia,Median Income,tract,34772,1320,Feat-LightGCN,0,0.9573351144790649,0.37191110849380493,0.5407223701477051,0.03696710243821144,0.4559178948402405,0.3569846749305725
1651,Philadelphia,Median Income,tract,34772,1320,Feat-LightGCN,1,0.9486732482910156,0.3823211193084717,0.5273170471191406,0.04447220265865326,0.44836148619651794,0.36740437150001526
1652,Philadelphia,Median Income,tract,34772,1320,Feat-LightGCN,2,0.9419662952423096,0.3939708471298218,0.5231404900550842,0.05028348043560982,0.43990516662597656,0.37065067887306213
1653,Philadelphia,Median Income,tract,34772,1320,Feat-LightGCN,3,0.9328595995903015,0.3653695583343506,0.5166522264480591,0.0581740066409111,0.4606662690639496,0.37569379806518555
1654,Philadelphia,Median Income,tract,34772,1320,Feat-LightGCN,4,0.9235749244689941,0.39496469497680664,0.48519617319107056,0.06621873378753662,0.4391837418079376,0.4001438021659851
1655,Philadelphia,Median Income,tract,34772,1320,Feat-LightGCN,5,0.9550299644470215,0.3666984438896179,0.46893858909606934,0.0389644093811512,0.45970168709754944,0.41278037428855896
1656,Philadelphia,Median Income,tract,34772,1320,Feat-LightGCN,6,0.9566718935966492,0.37872928380966187,0.4858718514442444,0.03754176199436188,0.4509687125682831,0.39961862564086914
1657,Philadelphia,Median Income,tract,34772,1320,Feat-LightGCN,7,0.9684170484542847,0.36477917432785034,0.5104315280914307,0.02736515924334526,0.46109482645988464,0.38052898645401
1658,Philadelphia,Median Income,tract,34772,1320,Feat-LightGCN,8,0.8937161564826965,0.45185941457748413,0.4615442156791687,0.0920899510383606,0.39788493514060974,0.41852787137031555
1659,Philadelphia,Median Income,tract,34772,1320,Feat-LightGCN,9,0.9638060927391052,0.3336264491081238,0.5206531286239624,0.031360331922769547,0.483707994222641,0.3725840449333191
1660,Philadelphia,Median Income,tract,34772,1320,Feat\&PC-LightGCN,0,0.9759101271629333,0.4011800289154053,0.42487579584121704,0.02087271772325039,0.43467214703559875,0.4470292925834656
1661,Philadelphia,Median Income,tract,34772,1320,Feat\&PC-LightGCN,1,0.9816000461578369,0.4511665105819702,0.4048904776573181,0.015942687168717384,0.3983879089355469,0.4625633656978607
1662,Philadelphia,Median Income,tract,34772,1320,Feat\&PC-LightGCN,2,0.9677813053131104,0.39687520265579224,0.426313579082489,0.027915949001908302,0.437796950340271,0.4459117352962494
1663,Philadelphia,Median Income,tract,34772,1320,Feat\&PC-LightGCN,3,0.980728805065155,0.45746511220932007,0.413066565990448,0.016697581857442856,0.39381587505340576,0.45620831847190857
1664,Philadelphia,Median Income,tract,34772,1320,Feat\&PC-LightGCN,4,0.9577134251594543,0.41287028789520264,0.44896864891052246,0.036639317870140076,0.4261864125728607,0.428302526473999
1665,Philadelphia,Median Income,tract,34772,1320,Feat\&PC-LightGCN,5,0.9499703645706177,0.45795178413391113,0.36441266536712646,0.04334833100438118,0.393462598323822,0.49402570724487305
1666,Philadelphia,Median Income,tract,34772,1320,Feat\&PC-LightGCN,6,0.9700531363487244,0.45744645595550537,0.43801790475845337,0.02594752423465252,0.3938294053077698,0.43681424856185913
1667,Philadelphia,Median Income,tract,34772,1320,Feat\&PC-LightGCN,7,0.9751512408256531,0.4233322739601135,0.5156452059745789,0.02153029665350914,0.418592244386673,0.37647655606269836
1668,Philadelphia,Median Income,tract,34772,1320,Feat\&PC-LightGCN,8,0.9810720086097717,0.40613871812820435,0.48615390062332153,0.016400186344981194,0.4310727119445801,0.39939936995506287
1669,Philadelphia,Median Income,tract,34772,1320,Feat\&PC-LightGCN,9,0.9741196632385254,0.40812188386917114,0.4055102467536926,0.022424081340432167,0.42963317036628723,0.462081640958786
1670,Philadelphia,Median Income,tract,34772,1320,NoPreTrain,0,0.9975905418395996,-0.326410174369812,-0.1684739589691162,0.002087685512378812,0.9628161787986755,0.9082248210906982
1671,Philadelphia,Median Income,tract,34772,1320,NoPreTrain,1,0.9813889265060425,-0.8641905784606934,-0.6893526315689087,0.016125595197081566,1.3531808853149414,1.313090443611145
1672,Philadelphia,Median Income,tract,34772,1320,NoPreTrain,2,0.9678559303283691,-1.1204736232757568,-1.0002357959747314,0.027851318940520287,1.5392118692398071,1.554731845855713
1673,Philadelphia,Median Income,tract,34772,1320,NoPreTrain,3,0.9629154205322266,-1.8067071437835693,-1.3953380584716797,0.032132044434547424,2.0373358726501465,1.8618347644805908
1674,Philadelphia,Median Income,tract,34772,1320,NoPreTrain,4,0.9596520662307739,-0.4335089921951294,-0.15974843502044678,0.03495959937572479,1.0405571460723877,0.9014426469802856
1675,Philadelphia,Median Income,tract,34772,1320,NoPreTrain,5,0.9892051219940186,-0.24474799633026123,-0.12689435482025146,0.009353226982057095,0.9035391211509705,0.8759060502052307
1676,Philadelphia,Median Income,tract,34772,1320,NoPreTrain,6,0.9810002446174622,-0.8853490352630615,-0.9236526489257812,0.016462381929159164,1.3685394525527954,1.4952058792114258
1677,Philadelphia,Median Income,tract,34772,1320,NoPreTrain,7,0.9955741763114929,-0.12641572952270508,-0.01843583583831787,0.0038347532972693443,0.8176440000534058,0.7916040420532227
1678,Philadelphia,Median Income,tract,34772,1320,NoPreTrain,8,0.9958122372627258,-0.16232872009277344,-0.016269803047180176,0.003628483973443508,0.843712568283081,0.789920449256897
1679,Philadelphia,Median Income,tract,34772,1320,NoPreTrain,9,0.9881485104560852,-0.3718578815460205,-0.21935272216796875,0.01026877574622631,0.9958057999610901,0.9477716088294983
1680,Philadelphia,Median Home Value,tract,34645,1314,Emb,0,0.9839128851890564,0.3108484745025635,0.4012983441352844,0.012261944822967052,0.5779473185539246,0.5012580752372742
1681,Philadelphia,Median Home Value,tract,34645,1314,Emb,1,0.9826505780220032,0.31230562925338745,0.36112189292907715,0.013224132359027863,0.5767253041267395,0.5348955392837524
1682,Philadelphia,Median Home Value,tract,34645,1314,Emb,2,0.9658851623535156,0.3491708040237427,0.301633358001709,0.026003072038292885,0.5458088517189026,0.5847017765045166
1683,Philadelphia,Median Home Value,tract,34645,1314,Emb,3,0.9788686633110046,0.3883192539215088,0.5065281391143799,0.016106773167848587,0.5129776000976562,0.4131552577018738
1684,Philadelphia,Median Home Value,tract,34645,1314,Emb,4,0.9926662445068359,0.4227181077003479,0.4881590008735657,0.005589968524873257,0.4841294288635254,0.42853471636772156
1685,Philadelphia,Median Home Value,tract,34645,1314,Emb,5,0.9846398234367371,0.3705335259437561,0.3932840824127197,0.011707879602909088,0.5278933048248291,0.507968008518219
1686,Philadelphia,Median Home Value,tract,34645,1314,Emb,6,0.9259332418441772,0.448511004447937,0.47559624910354614,0.05645535886287689,0.46249857544898987,0.4390527606010437
1687,Philadelphia,Median Home Value,tract,34645,1314,Emb,7,0.9797078967094421,0.38517236709594727,0.3979761004447937,0.015467097982764244,0.5156166553497314,0.5040396451950073
1688,Philadelphia,Median Home Value,tract,34645,1314,Emb,8,0.9907227754592896,0.324995756149292,0.32191359996795654,0.007071309722959995,0.5660828948020935,0.5677223205566406
1689,Philadelphia,Median Home Value,tract,34645,1314,Emb,9,0.9810083508491516,0.35739684104919434,0.42272627353668213,0.014475857838988304,0.5389102101325989,0.4833177328109741
1690,Philadelphia,Median Home Value,tract,34645,1314,RGNN,0,0.834197998046875,0.4111757278442383,0.6214054822921753,0.12637796998023987,0.4938092827796936,0.3169751763343811
1691,Philadelphia,Median Home Value,tract,34645,1314,RGNN,1,0.8116478323936462,0.4978262186050415,0.6200274229049683,0.14356622099876404,0.42114102840423584,0.31812894344329834
1692,Philadelphia,Median Home Value,tract,34645,1314,RGNN,2,0.8333425521850586,0.4989355802536011,0.6390589475631714,0.12703005969524384,0.42021068930625916,0.3021949827671051
1693,Philadelphia,Median Home Value,tract,34645,1314,RGNN,3,0.8197734951972961,0.4855458736419678,0.5841085910797119,0.13737265765666962,0.4314398169517517,0.3482016921043396
1694,Philadelphia,Median Home Value,tract,34645,1314,RGNN,4,0.8702579140663147,0.5176771283149719,0.6513751745223999,0.09889230877161026,0.40449339151382446,0.29188328981399536
1695,Philadelphia,Median Home Value,tract,34645,1314,RGNN,5,0.7305828332901001,0.44238126277923584,0.508715033531189,0.20535580813884735,0.46763917803764343,0.41132432222366333
1696,Philadelphia,Median Home Value,tract,34645,1314,RGNN,6,0.8237813711166382,0.5022428035736084,0.6439652442932129,0.1343177706003189,0.41743719577789307,0.2980871796607971
1697,Philadelphia,Median Home Value,tract,34645,1314,RGNN,7,0.8603011965751648,0.4855149984359741,0.6326907873153687,0.10648155957460403,0.43146568536758423,0.3075266480445862
1698,Philadelphia,Median Home Value,tract,34645,1314,RGNN,8,0.8298501372337341,0.3951273560523987,0.645328164100647,0.12969201803207397,0.5072680711746216,0.29694613814353943
1699,Philadelphia,Median Home Value,tract,34645,1314,RGNN,9,0.8662310242652893,0.46924495697021484,0.624923825263977,0.10196170955896378,0.44511035084724426,0.3140294849872589
1700,Philadelphia,Median Home Value,tract,34645,1314,Feat-RGNN,0,0.8956387042999268,0.4394150376319885,0.584030270576477,0.07954653352499008,0.47012680768966675,0.34826722741127014
1701,Philadelphia,Median Home Value,tract,34645,1314,Feat-RGNN,1,0.8470831513404846,0.45406967401504517,0.5884531736373901,0.11655665189027786,0.45783689618110657,0.3445642590522766
1702,Philadelphia,Median Home Value,tract,34645,1314,Feat-RGNN,2,0.8258943557739258,0.4503466486930847,0.6193355917930603,0.13270722329616547,0.46095913648605347,0.3187081813812256
1703,Philadelphia,Median Home Value,tract,34645,1314,Feat-RGNN,3,0.867967963218689,0.4674808979034424,0.586403489112854,0.1006377711892128,0.44658973813056946,0.3462802767753601
1704,Philadelphia,Median Home Value,tract,34645,1314,Feat-RGNN,4,0.8090212345123291,0.4738762378692627,0.5933640599250793,0.14556831121444702,0.44122639298439026,0.3404526114463806
1705,Philadelphia,Median Home Value,tract,34645,1314,Feat-RGNN,5,0.8573297262191772,0.4418094754219055,0.603659987449646,0.10874644666910172,0.46811869740486145,0.3318324387073517
1706,Philadelphia,Median Home Value,tract,34645,1314,Feat-RGNN,6,0.8850281834602356,0.44886040687561035,0.6247751116752625,0.08763407170772552,0.46220558881759644,0.3141539692878723
1707,Philadelphia,Median Home Value,tract,34645,1314,Feat-RGNN,7,0.8350837230682373,0.4677475690841675,0.6248401403427124,0.125702902674675,0.4463660717010498,0.3140994906425476
1708,Philadelphia,Median Home Value,tract,34645,1314,Feat-RGNN,8,0.7761917114257812,0.45162826776504517,0.5896531939506531,0.17059169709682465,0.4598843455314636,0.34355953335762024
1709,Philadelphia,Median Home Value,tract,34645,1314,Feat-RGNN,9,0.8041892051696777,0.3884367346763611,0.5852727293968201,0.14925134181976318,0.5128790736198425,0.3472270369529724
1710,Philadelphia,Median Home Value,tract,34645,1314,Feat\&PC-RGNN,0,0.8562223315238953,0.5039383172988892,0.6980359554290771,0.10959053784608841,0.41601523756980896,0.25281691551208496
1711,Philadelphia,Median Home Value,tract,34645,1314,Feat\&PC-RGNN,1,0.9030636548995972,0.5012288093566895,0.6827387809753418,0.07388707250356674,0.4182875156402588,0.26562437415122986
1712,Philadelphia,Median Home Value,tract,34645,1314,Feat\&PC-RGNN,2,0.8377571702003479,0.4633709788322449,0.6416223645210266,0.12366511672735214,0.45003649592399597,0.3000487685203552
1713,Philadelphia,Median Home Value,tract,34645,1314,Feat\&PC-RGNN,3,0.8994345664978027,0.5528385639190674,0.7198655009269714,0.07665322721004486,0.37500572204589844,0.23454032838344574
1714,Philadelphia,Median Home Value,tract,34645,1314,Feat\&PC-RGNN,4,0.8743690252304077,0.43318212032318115,0.6283057332038879,0.09575875848531723,0.4753539562225342,0.31119802594184875
1715,Philadelphia,Median Home Value,tract,34645,1314,Feat\&PC-RGNN,5,0.8756936192512512,0.5378819704055786,0.6986771821975708,0.0947491005063057,0.38754886388778687,0.2522800862789154
1716,Philadelphia,Median Home Value,tract,34645,1314,Feat\&PC-RGNN,6,0.883830189704895,0.49039381742477417,0.7081750631332397,0.0885472372174263,0.4273741543292999,0.24432805180549622
1717,Philadelphia,Median Home Value,tract,34645,1314,Feat\&PC-RGNN,7,0.9605283737182617,0.5757933855056763,0.6929537057876587,0.030086135491728783,0.3557550013065338,0.25707200169563293
1718,Philadelphia,Median Home Value,tract,34645,1314,Feat\&PC-RGNN,8,0.8715038299560547,0.4992533326148987,0.7171196937561035,0.09794267266988754,0.41994422674179077,0.2368392050266266
1719,Philadelphia,Median Home Value,tract,34645,1314,Feat\&PC-RGNN,9,0.8430706262588501,0.46821898221969604,0.6513375043869019,0.1196151003241539,0.445970743894577,0.29191485047340393
1720,Philadelphia,Median Home Value,tract,34645,1314,LightGCN,0,0.9332647323608398,0.5129454135894775,0.6193866729736328,0.050867099314928055,0.4084616005420685,0.31866541504859924
1721,Philadelphia,Median Home Value,tract,34645,1314,LightGCN,1,0.9293797016143799,0.5171918272972107,0.66815185546875,0.053828395903110504,0.40490034222602844,0.2778371274471283
1722,Philadelphia,Median Home Value,tract,34645,1314,LightGCN,2,0.9351735711097717,0.5289042592048645,0.6322286128997803,0.04941214993596077,0.3950778841972351,0.30791357159614563
1723,Philadelphia,Median Home Value,tract,34645,1314,LightGCN,3,0.937505304813385,0.4450511336326599,0.6213675737380981,0.047634873539209366,0.46540015935897827,0.317006915807724
1724,Philadelphia,Median Home Value,tract,34645,1314,LightGCN,4,0.9466270208358765,0.561625599861145,0.6611737608909607,0.04068206995725632,0.3676365613937378,0.2836795151233673
1725,Philadelphia,Median Home Value,tract,34645,1314,LightGCN,5,0.8857957124710083,0.5042918920516968,0.5928961038589478,0.08704907447099686,0.4157187342643738,0.34084439277648926
1726,Philadelphia,Median Home Value,tract,34645,1314,LightGCN,6,0.9176673293113708,0.5070108771324158,0.6385656595230103,0.06275580078363419,0.41343849897384644,0.302607923746109
1727,Philadelphia,Median Home Value,tract,34645,1314,LightGCN,7,0.9206313490867615,0.561221718788147,0.6695818901062012,0.06049656867980957,0.3679753243923187,0.2766399085521698
1728,Philadelphia,Median Home Value,tract,34645,1314,LightGCN,8,0.8941186666488647,0.5510296821594238,0.6057723164558411,0.08070512115955353,0.3765227198600769,0.33006390929222107
1729,Philadelphia,Median Home Value,tract,34645,1314,LightGCN,9,0.9508890509605408,0.5257254242897034,0.6441459655761719,0.03743346035480499,0.39774376153945923,0.29793593287467957
1730,Philadelphia,Median Home Value,tract,34645,1314,Feat-LightGCN,0,0.9646840691566467,0.541406512260437,0.6687395572662354,0.026918604969978333,0.38459303975105286,0.2773451507091522
1731,Philadelphia,Median Home Value,tract,34645,1314,Feat-LightGCN,1,0.9628432989120483,0.4747440218925476,0.6148594617843628,0.028321651741862297,0.44049862027168274,0.3224557638168335
1732,Philadelphia,Median Home Value,tract,34645,1314,Feat-LightGCN,2,0.9509771466255188,0.5030083656311035,0.6458590030670166,0.03736630454659462,0.41679516434669495,0.29650166630744934
1733,Philadelphia,Median Home Value,tract,34645,1314,Feat-LightGCN,3,0.954603910446167,0.46830546855926514,0.657265305519104,0.034601904451847076,0.44589826464653015,0.28695186972618103
1734,Philadelphia,Median Home Value,tract,34645,1314,Feat-LightGCN,4,0.9482479691505432,0.5316280126571655,0.6728615164756775,0.039446547627449036,0.3927936553955078,0.2738940417766571
1735,Philadelphia,Median Home Value,tract,34645,1314,Feat-LightGCN,5,0.9657473564147949,0.5388167500495911,0.6316095590591431,0.026108132675290108,0.3867649435997009,0.3084319233894348
1736,Philadelphia,Median Home Value,tract,34645,1314,Feat-LightGCN,6,0.9551386833190918,0.5483523607254028,0.6660041809082031,0.03419429436326027,0.37876805663108826,0.2796352803707123
1737,Philadelphia,Median Home Value,tract,34645,1314,Feat-LightGCN,7,0.9651381969451904,0.5085908770561218,0.6540024876594543,0.026572445407509804,0.4121134281158447,0.28968361020088196
1738,Philadelphia,Median Home Value,tract,34645,1314,Feat-LightGCN,8,0.9438352584838867,0.5081080198287964,0.6834733486175537,0.04281000792980194,0.41251835227012634,0.265009343624115
1739,Philadelphia,Median Home Value,tract,34645,1314,Feat-LightGCN,9,0.9756266474723816,0.5206804871559143,0.6837616562843323,0.018577925860881805,0.4019746482372284,0.26476797461509705
1740,Philadelphia,Median Home Value,tract,34645,1314,Feat\&PC-LightGCN,0,0.9847920536994934,0.48863935470581055,0.6941235661506653,0.011591814458370209,0.42884552478790283,0.25609254837036133
1741,Philadelphia,Median Home Value,tract,34645,1314,Feat\&PC-LightGCN,1,0.9831696152687073,0.5758580565452576,0.6712312698364258,0.012828478589653969,0.3557007312774658,0.2752589285373688
1742,Philadelphia,Median Home Value,tract,34645,1314,Feat\&PC-LightGCN,2,0.9829728007316589,0.6079691648483276,0.6944401264190674,0.012978516519069672,0.32877117395401,0.25582751631736755
1743,Philadelphia,Median Home Value,tract,34645,1314,Feat\&PC-LightGCN,3,0.9723019003868103,0.5329101085662842,0.6577492952346802,0.02111211232841015,0.39171841740608215,0.28654658794403076
1744,Philadelphia,Median Home Value,tract,34645,1314,Feat\&PC-LightGCN,4,0.9791743755340576,0.5262801647186279,0.695502758026123,0.01587376929819584,0.3972785174846649,0.2549378573894501
1745,Philadelphia,Median Home Value,tract,34645,1314,Feat\&PC-LightGCN,5,0.9729686379432678,0.44276028871536255,0.6196111440658569,0.02060389705002308,0.46732136607170105,0.31847748160362244
1746,Philadelphia,Median Home Value,tract,34645,1314,Feat\&PC-LightGCN,6,0.9819395542144775,0.5659363865852356,0.695206344127655,0.013766098767518997,0.3640214204788208,0.2551860213279724
1747,Philadelphia,Median Home Value,tract,34645,1314,Feat\&PC-LightGCN,7,0.9773759841918945,0.49062013626098633,0.6984002590179443,0.017244519665837288,0.4271843433380127,0.2525118887424469
1748,Philadelphia,Median Home Value,tract,34645,1314,Feat\&PC-LightGCN,8,0.9794754385948181,0.5883213877677917,0.7174276113510132,0.01564428210258484,0.3452485501766205,0.2365814596414566
1749,Philadelphia,Median Home Value,tract,34645,1314,Feat\&PC-LightGCN,9,0.985546350479126,0.581047773361206,0.7383284568786621,0.011016910895705223,0.3513484597206116,0.21908237040042877
1750,Philadelphia,Median Home Value,tract,34645,1314,NoPreTrain,0,0.9976309537887573,-0.6556286811828613,-0.622940182685852,0.0018057423876598477,1.388469934463501,1.3587933778762817
1751,Philadelphia,Median Home Value,tract,34645,1314,NoPreTrain,1,0.9961766600608826,-0.07221007347106934,0.17726612091064453,0.0029142217244952917,0.8991941213607788,0.6888272166252136
1752,Philadelphia,Median Home Value,tract,34645,1314,NoPreTrain,2,0.975387454032898,-0.6674294471740723,-0.5464267730712891,0.01876022294163704,1.3983664512634277,1.2947331666946411
1753,Philadelphia,Median Home Value,tract,34645,1314,NoPreTrain,3,0.9872222542762756,-0.8644552230834961,-0.6004776954650879,0.009739482775330544,1.5635994672775269,1.3399869203567505
1754,Philadelphia,Median Home Value,tract,34645,1314,NoPreTrain,4,0.9818422198295593,-0.6184751987457275,-0.4272315502166748,0.013840251602232456,1.357311725616455,1.194938063621521
1755,Philadelphia,Median Home Value,tract,34645,1314,NoPreTrain,5,0.9650761485099792,-0.5329751968383789,-0.43704307079315186,0.026619741693139076,1.2856082916259766,1.2031526565551758
1756,Philadelphia,Median Home Value,tract,34645,1314,NoPreTrain,6,0.9889710545539856,-0.38488638401031494,-0.5034946203231812,0.00840650126338005,1.161415696144104,1.2587885856628418
1757,Philadelphia,Median Home Value,tract,34645,1314,NoPreTrain,7,0.9907950758934021,-0.6834704875946045,-0.465370774269104,0.007016196381300688,1.4118192195892334,1.226869821548462
1758,Philadelphia,Median Home Value,tract,34645,1314,NoPreTrain,8,0.9799442887306213,-0.17767739295959473,-0.37948179244995117,0.015286929905414581,0.9876428246498108,1.1549599170684814
1759,Philadelphia,Median Home Value,tract,34645,1314,NoPreTrain,9,0.9824608564376831,-0.5720082521438599,-0.4995046854019165,0.013368712738156319,1.318342924118042,1.2554481029510498
1760,Philadelphia,Commute Time,tract,32012,1091,Emb,0,0.9720886945724487,-0.7201932668685913,-0.564887523651123,0.022603152319788933,1.3970078229904175,1.3285751342773438
1761,Philadelphia,Commute Time,tract,32012,1091,Emb,1,0.9601255655288696,-0.6997439861297607,-0.5281351804733276,0.03229114040732384,1.380400538444519,1.2973726987838745
1762,Philadelphia,Commute Time,tract,32012,1091,Emb,2,0.9498685002326965,-0.6995160579681396,-0.4846872091293335,0.04059749096632004,1.3802154064178467,1.2604857683181763
1763,Philadelphia,Commute Time,tract,32012,1091,Emb,3,0.970264196395874,-0.8214277029037476,-0.6764003038406372,0.02408066764473915,1.4792225360870361,1.4232484102249146
1764,Philadelphia,Commute Time,tract,32012,1091,Emb,4,0.8669856786727905,-0.7894763946533203,-0.4373968839645386,0.10771768540143967,1.4532742500305176,1.2203367948532104
1765,Philadelphia,Commute Time,tract,32012,1091,Emb,5,0.9309870004653931,-0.5421576499938965,-0.5047461986541748,0.0558881014585495,1.2524211406707764,1.2775156497955322
1766,Philadelphia,Commute Time,tract,32012,1091,Emb,6,0.9779317378997803,-0.5543040037155151,-0.6642897129058838,0.0178713146597147,1.2622854709625244,1.4129666090011597
1767,Philadelphia,Commute Time,tract,32012,1091,Emb,7,0.9542055726051331,-0.8559607267379761,-0.5545778274536133,0.03708526864647865,1.507267713546753,1.3198223114013672
1768,Philadelphia,Commute Time,tract,32012,1091,Emb,8,0.9602078199386597,-0.779979944229126,-0.5150158405303955,0.03222452104091644,1.4455620050430298,1.2862344980239868
1769,Philadelphia,Commute Time,tract,32012,1091,Emb,9,0.9625599384307861,-0.3457801342010498,-0.4554288387298584,0.0303196981549263,1.0929385423660278,1.2356457710266113
1770,Philadelphia,Commute Time,tract,32012,1091,RGNN,0,0.4309219717979431,-0.04190051555633545,0.02592599391937256,0.46085089445114136,0.8461509346961975,0.8269798755645752
1771,Philadelphia,Commute Time,tract,32012,1091,RGNN,1,0.45376497507095337,-0.10560858249664307,-0.17648541927337646,0.44235220551490784,0.8978897333145142,0.9988253116607666
1772,Philadelphia,Commute Time,tract,32012,1091,RGNN,2,0.5545393228530884,-0.0684061050415039,0.014857888221740723,0.36074307560920715,0.8676767349243164,0.8363766074180603
1773,Philadelphia,Commute Time,tract,32012,1091,RGNN,3,0.4227229356765747,-0.12765419483184814,-0.06404554843902588,0.46749067306518555,0.9157934784889221,0.903364896774292
1774,Philadelphia,Commute Time,tract,32012,1091,RGNN,4,0.5940519571304321,-0.25974297523498535,-0.17287945747375488,0.32874491810798645,1.0230656862258911,0.995763897895813
1775,Philadelphia,Commute Time,tract,32012,1091,RGNN,5,0.49317753314971924,-0.09760868549346924,-0.037203431129455566,0.41043511033058167,0.8913928270339966,0.8805761933326721
1776,Philadelphia,Commute Time,tract,32012,1091,RGNN,6,0.6740670204162598,-0.15222609043121338,-0.15785479545593262,0.26394712924957275,0.9357488751411438,0.9830081462860107
1777,Philadelphia,Commute Time,tract,32012,1091,RGNN,7,0.39730304479599,-0.21371185779571533,-0.13126885890960693,0.48807621002197266,0.9856827855110168,0.9604368805885315
1778,Philadelphia,Commute Time,tract,32012,1091,RGNN,8,0.2870655059814453,-0.024259090423583984,-0.01018059253692627,0.5773487687110901,0.8318239450454712,0.8576340079307556
1779,Philadelphia,Commute Time,tract,32012,1091,RGNN,9,0.512194037437439,-0.1251215934753418,-0.151780366897583,0.39503511786460876,0.9137367010116577,0.9778509140014648
1780,Philadelphia,Commute Time,tract,32012,1091,Feat-RGNN,0,0.2751914858818054,-0.2296583652496338,-0.09336268901824951,0.5869646072387695,0.9986332654953003,0.9282548427581787
1781,Philadelphia,Commute Time,tract,32012,1091,Feat-RGNN,1,0.3109850287437439,-0.13461458683013916,-0.027013301849365234,0.5579782724380493,0.9214461445808411,0.8719248175621033
1782,Philadelphia,Commute Time,tract,32012,1091,Feat-RGNN,2,0.3356305956840515,-0.16923928260803223,0.014931559562683105,0.5380197763442993,0.9495656490325928,0.8363140225410461
1783,Philadelphia,Commute Time,tract,32012,1091,Feat-RGNN,3,0.3413149118423462,-0.04308271408081055,0.0062361955642700195,0.5334165096282959,0.8471110463142395,0.8436963558197021
1784,Philadelphia,Commute Time,tract,32012,1091,Feat-RGNN,4,0.4927932024002075,-0.31968140602111816,-0.06488907337188721,0.41074633598327637,1.071743130683899,0.9040810465812683
1785,Philadelphia,Commute Time,tract,32012,1091,Feat-RGNN,5,0.6367109417915344,-0.27357494831085205,-0.3485361337661743,0.2941988408565521,1.0342990159988403,1.1448948383331299
1786,Philadelphia,Commute Time,tract,32012,1091,Feat-RGNN,6,0.4212186336517334,-0.17366623878479004,-0.09421980381011963,0.4687088429927826,0.95316082239151,0.9289825558662415
1787,Philadelphia,Commute Time,tract,32012,1091,Feat-RGNN,7,0.4430776834487915,-0.3031257390975952,-0.2220747470855713,0.4510069787502289,1.058297872543335,1.0375301837921143
1788,Philadelphia,Commute Time,tract,32012,1091,Feat-RGNN,8,0.6153801679611206,-0.12540459632873535,-0.2042597532272339,0.31147295236587524,0.9139664769172668,1.0224055051803589
1789,Philadelphia,Commute Time,tract,32012,1091,Feat-RGNN,9,0.44394510984420776,-0.16027510166168213,-0.04950869083404541,0.4503045082092285,0.9422856569290161,0.8910232782363892
1790,Philadelphia,Commute Time,tract,32012,1091,Feat\&PC-RGNN,0,0.5180755853652954,-0.15611004829406738,-0.15000200271606445,0.3902721107006073,0.9389030933380127,0.9763410687446594
1791,Philadelphia,Commute Time,tract,32012,1091,Feat\&PC-RGNN,1,0.43924480676651,-0.18490564823150635,-0.09147429466247559,0.45411089062690735,0.9622886776924133,0.926651656627655
1792,Philadelphia,Commute Time,tract,32012,1091,Feat\&PC-RGNN,2,0.5951789617538452,-0.2402651309967041,-0.12228703498840332,0.32783225178718567,1.0072473287582397,0.9528113007545471
1793,Philadelphia,Commute Time,tract,32012,1091,Feat\&PC-RGNN,3,0.34776735305786133,-0.08022546768188477,-0.02337491512298584,0.5281912088394165,0.8772755265235901,0.8688358664512634
1794,Philadelphia,Commute Time,tract,32012,1091,Feat\&PC-RGNN,4,0.4185571074485779,-0.16455650329589844,-0.0544281005859375,0.4708642065525055,0.9457626342773438,0.895199716091156
1795,Philadelphia,Commute Time,tract,32012,1091,Feat\&PC-RGNN,5,0.4615803360939026,-0.22054338455200195,0.0024703145027160645,0.43602317571640015,0.991230845451355,0.8468935489654541
1796,Philadelphia,Commute Time,tract,32012,1091,Feat\&PC-RGNN,6,0.5271337032318115,-0.14069879055023193,-0.24411451816558838,0.38293665647506714,0.9263872504234314,1.056241750717163
1797,Philadelphia,Commute Time,tract,32012,1091,Feat\&PC-RGNN,7,0.6051417589187622,-0.2868528366088867,-0.24178874492645264,0.3197641968727112,1.0450823307037354,1.054267168045044
1798,Philadelphia,Commute Time,tract,32012,1091,Feat\&PC-RGNN,8,0.5867377519607544,-0.2003955841064453,-0.10119009017944336,0.3346681594848633,0.9748683571815491,0.9349002242088318
1799,Philadelphia,Commute Time,tract,32012,1091,Feat\&PC-RGNN,9,-0.028252720832824707,-0.8900787830352783,-0.705013632774353,0.8326998353004456,1.5349756479263306,1.4475408792495728
1800,Philadelphia,Commute Time,tract,32012,1091,LightGCN,0,0.8092968463897705,-0.3877084255218506,-0.46235132217407227,0.15443530678749084,1.1269893646240234,1.2415227890014648
1801,Philadelphia,Commute Time,tract,32012,1091,LightGCN,1,0.8553711771965027,-0.46279478073120117,-0.4298849105834961,0.11712333559989929,1.1879687309265137,1.2139592170715332
1802,Philadelphia,Commute Time,tract,32012,1091,LightGCN,2,0.845573902130127,-0.312625527381897,-0.5769972801208496,0.12505735456943512,1.0660128593444824,1.3388562202453613
1803,Philadelphia,Commute Time,tract,32012,1091,LightGCN,3,0.8419580459594727,-0.4015718698501587,-0.5130521059036255,0.12798555195331573,1.1382482051849365,1.2845673561096191
1804,Philadelphia,Commute Time,tract,32012,1091,LightGCN,4,0.8222354650497437,-0.6297636032104492,-0.3325134515762329,0.14395734667778015,1.3235677480697632,1.1312916278839111
1805,Philadelphia,Commute Time,tract,32012,1091,LightGCN,5,0.8661216497421265,-0.34274041652679443,-0.322479248046875,0.10841740667819977,1.0904698371887207,1.1227726936340332
1806,Philadelphia,Commute Time,tract,32012,1091,LightGCN,6,0.8024965524673462,-0.6227320432662964,-0.387575626373291,0.15994229912757874,1.3178573846817017,1.1780389547348022
1807,Philadelphia,Commute Time,tract,32012,1091,LightGCN,7,0.8198063373565674,-0.32028114795684814,-0.46143555641174316,0.14592449367046356,1.0722301006317139,1.2407454252243042
1808,Philadelphia,Commute Time,tract,32012,1091,LightGCN,8,0.8323736786842346,-0.3624011278152466,-0.5090538263320923,0.13574720919132233,1.1064367294311523,1.281172752380371
1809,Philadelphia,Commute Time,tract,32012,1091,LightGCN,9,0.8532009124755859,-0.5392938852310181,-0.6365064382553101,0.11888085305690765,1.2500953674316406,1.3893789052963257
1810,Philadelphia,Commute Time,tract,32012,1091,Feat-LightGCN,0,0.8373966217041016,-0.5452244281768799,-0.5896797180175781,0.1316794902086258,1.2549116611480713,1.349623441696167
1811,Philadelphia,Commute Time,tract,32012,1091,Feat-LightGCN,1,0.8955878615379333,-0.4478973150253296,-0.489371657371521,0.08455505967140198,1.1758701801300049,1.2644628286361694
1812,Philadelphia,Commute Time,tract,32012,1091,Feat-LightGCN,2,0.907153844833374,-0.5220545530319214,-0.6352291107177734,0.07518871873617172,1.2360949516296387,1.3882944583892822
1813,Philadelphia,Commute Time,tract,32012,1091,Feat-LightGCN,3,0.9252108335494995,-0.4676922559738159,-0.5234478712081909,0.060565803200006485,1.191946029663086,1.2933932542800903
1814,Philadelphia,Commute Time,tract,32012,1091,Feat-LightGCN,4,0.8486445546150208,-0.5553265810012817,-0.6030325889587402,0.1225707158446312,1.2631158828735352,1.3609600067138672
1815,Philadelphia,Commute Time,tract,32012,1091,Feat-LightGCN,5,0.8738614320755005,-0.44704461097717285,-0.5428296327590942,0.10214955359697342,1.1751775741577148,1.3098481893539429
1816,Philadelphia,Commute Time,tract,32012,1091,Feat-LightGCN,6,0.8235746622085571,-0.2278972864151001,-0.18767046928405762,0.14287284016609192,0.9972031712532043,1.0083212852478027
1817,Philadelphia,Commute Time,tract,32012,1091,Feat-LightGCN,7,0.8917644023895264,-0.41715455055236816,-0.5019086599349976,0.08765138685703278,1.1509032249450684,1.27510666847229
1818,Philadelphia,Commute Time,tract,32012,1091,Feat-LightGCN,8,0.8672181367874146,-0.35739409923553467,-0.5109950304031372,0.1075294241309166,1.1023705005645752,1.2828209400177002
1819,Philadelphia,Commute Time,tract,32012,1091,Feat-LightGCN,9,0.8798074126243591,-0.534229040145874,-0.5944066047668457,0.0973343774676323,1.245982050895691,1.353636622428894
1820,Philadelphia,Commute Time,tract,32012,1091,Feat\&PC-LightGCN,0,0.9494690299034119,-0.7580312490463257,-0.6720254421234131,0.04092099145054817,1.4277368783950806,1.4195342063903809
1821,Philadelphia,Commute Time,tract,32012,1091,Feat\&PC-LightGCN,1,0.9423506259918213,-0.6935683488845825,-0.42694127559661865,0.04668561369180679,1.3753851652145386,1.2114601135253906
1822,Philadelphia,Commute Time,tract,32012,1091,Feat\&PC-LightGCN,2,0.9649049639701843,-0.42486095428466797,-0.6123243570327759,0.02842065319418907,1.1571617126464844,1.3688485622406006
1823,Philadelphia,Commute Time,tract,32012,1091,Feat\&PC-LightGCN,3,0.9384140372276306,-0.45715367794036865,-0.6531481742858887,0.04987353831529617,1.1833873987197876,1.4035075902938843
1824,Philadelphia,Commute Time,tract,32012,1091,Feat\&PC-LightGCN,4,0.9661960601806641,-0.6939977407455444,-0.6849192380905151,0.027375129982829094,1.3757338523864746,1.43048095703125
1825,Philadelphia,Commute Time,tract,32012,1091,Feat\&PC-LightGCN,5,0.9580720663070679,-0.5470614433288574,-0.2832993268966675,0.033954083919525146,1.2564035654067993,1.08950936794281
1826,Philadelphia,Commute Time,tract,32012,1091,Feat\&PC-LightGCN,6,0.9276691675186157,-0.5943537950515747,-0.5577337741851807,0.05857495591044426,1.2948107719421387,1.3225016593933105
1827,Philadelphia,Commute Time,tract,32012,1091,Feat\&PC-LightGCN,7,0.9514118432998657,-0.6985868215560913,-0.5020166635513306,0.039347656071186066,1.3794606924057007,1.2751983404159546
1828,Philadelphia,Commute Time,tract,32012,1091,Feat\&PC-LightGCN,8,0.9757546186447144,-0.8000526428222656,-0.6954367160797119,0.0196344256401062,1.461863398551941,1.4394102096557617
1829,Philadelphia,Commute Time,tract,32012,1091,Feat\&PC-LightGCN,9,0.9682137370109558,-0.5083203315734863,-0.6558173894882202,0.025741180405020714,1.2249410152435303,1.4057737588882446
1830,Philadelphia,Commute Time,tract,32012,1091,NoPreTrain,0,0.9742947220802307,-1.286571979522705,-1.3758745193481445,0.020816637203097343,1.8569767475128174,2.0170958042144775
1831,Philadelphia,Commute Time,tract,32012,1091,NoPreTrain,1,0.949600875377655,-0.4380025863647461,-0.4606654644012451,0.04081420972943306,1.1678344011306763,1.2400915622711182
1832,Philadelphia,Commute Time,tract,32012,1091,NoPreTrain,2,0.9669926166534424,-0.9300640821456909,-1.0955021381378174,0.026730062440037727,1.567448616027832,1.779062032699585
1833,Philadelphia,Commute Time,tract,32012,1091,NoPreTrain,3,0.9614485502243042,-0.8392952680587769,-1.2491343021392822,0.031219733878970146,1.493733286857605,1.9094942808151245
1834,Philadelphia,Commute Time,tract,32012,1091,NoPreTrain,4,0.9558717608451843,-0.7580091953277588,-0.9730398654937744,0.035735923796892166,1.427718997001648,1.6750926971435547
1835,Philadelphia,Commute Time,tract,32012,1091,NoPreTrain,5,0.9492044448852539,-0.678606390953064,-0.5198051929473877,0.041135258972644806,1.3632341623306274,1.2903006076812744
1836,Philadelphia,Commute Time,tract,32012,1091,NoPreTrain,6,0.9889271855354309,-0.5789647102355957,-0.5807689428329468,0.00896699819713831,1.2823129892349243,1.3420583009719849
1837,Philadelphia,Commute Time,tract,32012,1091,NoPreTrain,7,0.9646393656730652,-1.171729326248169,-1.4547436237335205,0.028635753318667412,1.7637104988098145,2.084054708480835
1838,Philadelphia,Commute Time,tract,32012,1091,NoPreTrain,8,0.9950734376907349,-0.8435969352722168,-1.1528024673461914,0.003989646211266518,1.4972267150878906,1.827709436416626
1839,Philadelphia,Commute Time,tract,32012,1091,NoPreTrain,9,0.9882391095161438,-0.8050445318222046,-0.554800271987915,0.009524202905595303,1.4659174680709839,1.3200111389160156
1840,Philadelphia,Median Age,tract,34789,1322,Emb,0,0.9692457318305969,-0.5215483903884888,-0.40017950534820557,0.025402016937732697,1.0585501194000244,1.048561692237854
1841,Philadelphia,Median Age,tract,34789,1322,Emb,1,0.966228723526001,-0.2323061227798462,-0.33162927627563477,0.027893975377082825,0.8573225736618042,0.9972259998321533
1842,Philadelphia,Median Age,tract,34789,1322,Emb,2,0.9665416479110718,-0.26241016387939453,-0.2843499183654785,0.027635542675852776,0.8782662153244019,0.9618196487426758
1843,Philadelphia,Median Age,tract,34789,1322,Emb,3,0.9581937789916992,-0.2950328588485718,-0.33973610401153564,0.03453061729669571,0.9009619355201721,1.0032970905303955
1844,Philadelphia,Median Age,tract,34789,1322,Emb,4,0.9760145545005798,-0.2591601610183716,-0.28210699558258057,0.019811198115348816,0.8760051131248474,0.9601398706436157
1845,Philadelphia,Median Age,tract,34789,1322,Emb,5,0.9792237877845764,-0.3531118631362915,-0.2807009220123291,0.01716049574315548,0.9413678646087646,0.9590869545936584
1846,Philadelphia,Median Age,tract,34789,1322,Emb,6,0.9737991094589233,-0.40455925464630127,-0.34779930114746094,0.021641073748469353,0.9771601557731628,1.0093353986740112
1847,Philadelphia,Median Age,tract,34789,1322,Emb,7,0.9530144929885864,-0.20019757747650146,-0.27146708965301514,0.038808539509773254,0.834984540939331,0.9521719217300415
1848,Philadelphia,Median Age,tract,34789,1322,Emb,8,0.9603193402290344,-0.28424882888793945,-0.20756185054779053,0.03277495503425598,0.8934594392776489,0.9043147563934326
1849,Philadelphia,Median Age,tract,34789,1322,Emb,9,0.9757139086723328,-0.32342350482940674,-0.266801118850708,0.02005954273045063,0.920713484287262,0.9486777186393738
1850,Philadelphia,Median Age,tract,34789,1322,RGNN,0,0.6036081314086914,0.17108362913131714,0.10300630331039429,0.32740697264671326,0.5766820311546326,0.6717376112937927
1851,Philadelphia,Median Age,tract,34789,1322,RGNN,1,0.6149399876594543,0.09017294645309448,-0.03137505054473877,0.3180472254753113,0.632972002029419,0.7723726630210876
1852,Philadelphia,Median Age,tract,34789,1322,RGNN,2,0.5809535980224609,0.07707774639129639,-0.03801608085632324,0.34611889719963074,0.6420824527740479,0.7773460149765015
1853,Philadelphia,Median Age,tract,34789,1322,RGNN,3,0.5514194369316101,0.09518241882324219,0.003466367721557617,0.3705131411552429,0.6294869184494019,0.7462807297706604
1854,Philadelphia,Median Age,tract,34789,1322,RGNN,4,0.5203886032104492,0.17789226770401,0.1900629997253418,0.3961436450481415,0.5719451904296875,0.6065428256988525
1855,Philadelphia,Median Age,tract,34789,1322,RGNN,5,0.6500320434570312,0.04154413938522339,-0.08677828311920166,0.2890622615814209,0.6668033599853516,0.8138628005981445
1856,Philadelphia,Median Age,tract,34789,1322,RGNN,6,0.6046090126037598,0.042185425758361816,-0.06476080417633057,0.3265802562236786,0.6663572192192078,0.797374427318573
1857,Philadelphia,Median Age,tract,34789,1322,RGNN,7,0.6985379457473755,0.004174947738647461,0.11570942401885986,0.2489979863166809,0.6928013563156128,0.662224531173706
1858,Philadelphia,Median Age,tract,34789,1322,RGNN,8,0.6061736345291138,0.08065593242645264,0.06003105640411377,0.32528790831565857,0.6395930647850037,0.7039207816123962
1859,Philadelphia,Median Age,tract,34789,1322,RGNN,9,0.4520183205604553,0.2526361346244812,0.18480581045150757,0.45261529088020325,0.5199454426765442,0.6104798316955566
1860,Philadelphia,Median Age,tract,34789,1322,Feat-RGNN,0,0.6658765077590942,0.08766067028045654,0.19097936153411865,0.2759753167629242,0.6347198486328125,0.6058565974235535
1861,Philadelphia,Median Age,tract,34789,1322,Feat-RGNN,1,0.5941813588142395,0.028167128562927246,0.0851593017578125,0.3351931869983673,0.6761098504066467,0.6851028203964233
1862,Philadelphia,Median Age,tract,34789,1322,Feat-RGNN,2,0.4765191674232483,0.12560999393463135,0.21294069290161133,0.432378351688385,0.6083182692527771,0.5894103050231934
1863,Philadelphia,Median Age,tract,34789,1322,Feat-RGNN,3,0.5266637206077576,0.16448533535003662,0.21132373809814453,0.39096057415008545,0.5812724828720093,0.5906211733818054
1864,Philadelphia,Median Age,tract,34789,1322,Feat-RGNN,4,0.6102626323699951,-0.0024355649948120117,0.15780901908874512,0.3219105303287506,0.6974002718925476,0.6306971311569214
1865,Philadelphia,Median Age,tract,34789,1322,Feat-RGNN,5,0.5712472796440125,0.05481618642807007,0.09885084629058838,0.35413599014282227,0.657569944858551,0.6748495697975159
1866,Philadelphia,Median Age,tract,34789,1322,Feat-RGNN,6,0.6563810110092163,-0.057669639587402344,0.11622995138168335,0.2838182747364044,0.7358270287513733,0.661834716796875
1867,Philadelphia,Median Age,tract,34789,1322,Feat-RGNN,7,0.7242416143417358,-0.02344036102294922,0.072054922580719,0.22776760160923004,0.7120134830474854,0.6949163675308228
1868,Philadelphia,Median Age,tract,34789,1322,Feat-RGNN,8,0.6434265375137329,-0.009334444999694824,0.03342914581298828,0.29451826214790344,0.7021999359130859,0.7238422632217407
1869,Philadelphia,Median Age,tract,34789,1322,Feat-RGNN,9,0.6149333119392395,-0.06262385845184326,0.01753312349319458,0.3180527091026306,0.7392736673355103,0.735746443271637
1870,Philadelphia,Median Age,tract,34789,1322,Feat\&PC-RGNN,0,0.5393099784851074,0.1361180543899536,0.053393661975860596,0.38051512837409973,0.6010077595710754,0.7088913321495056
1871,Philadelphia,Median Age,tract,34789,1322,Feat\&PC-RGNN,1,0.6816462874412537,0.11914247274398804,-0.053787946701049805,0.26294997334480286,0.6128177642822266,0.7891571521759033
1872,Philadelphia,Median Age,tract,34789,1322,Feat\&PC-RGNN,2,0.5920418500900269,0.07846039533615112,-0.09949302673339844,0.3369603157043457,0.6411204934120178,0.8233845829963684
1873,Philadelphia,Median Age,tract,34789,1322,Feat\&PC-RGNN,3,0.6964696049690247,0.08666461706161499,-0.07008492946624756,0.25070637464523315,0.6354128122329712,0.8013615608215332
1874,Philadelphia,Median Age,tract,34789,1322,Feat\&PC-RGNN,4,0.6793308258056641,0.15994608402252197,-0.08167099952697754,0.2648624777793884,0.584430456161499,0.810038149356842
1875,Philadelphia,Median Age,tract,34789,1322,Feat\&PC-RGNN,5,0.7049490213394165,0.16236555576324463,-0.10806524753570557,0.24370262026786804,0.582747220993042,0.8298041820526123
1876,Philadelphia,Median Age,tract,34789,1322,Feat\&PC-RGNN,6,0.5809006690979004,0.17750263214111328,-0.08569276332855225,0.3461625874042511,0.572216272354126,0.8130499720573425
1877,Philadelphia,Median Age,tract,34789,1322,Feat\&PC-RGNN,7,0.5844367742538452,0.0983932614326477,-0.02389848232269287,0.3432418704032898,0.6272531151771545,0.7667736411094666
1878,Philadelphia,Median Age,tract,34789,1322,Feat\&PC-RGNN,8,0.717025876045227,-0.01914823055267334,-0.26050376892089844,0.23372751474380493,0.7090273499488831,0.9439617991447449
1879,Philadelphia,Median Age,tract,34789,1322,Feat\&PC-RGNN,9,0.6029274463653564,0.15465956926345825,0.08475399017333984,0.32796919345855713,0.5881083011627197,0.6854063272476196
1880,Philadelphia,Median Age,tract,34789,1322,LightGCN,0,0.8856831192970276,-0.07175350189208984,-0.16530275344848633,0.09442205727100372,0.7456252574920654,0.8726679682731628
1881,Philadelphia,Median Age,tract,34789,1322,LightGCN,1,0.8581365346908569,0.03825247287750244,-0.061575889587402344,0.11717468500137329,0.6690933704376221,0.7949893474578857
1882,Philadelphia,Median Age,tract,34789,1322,LightGCN,2,0.857628345489502,-0.011165022850036621,-0.06449401378631592,0.11759442836046219,0.7034734487533569,0.7971746325492859
1883,Philadelphia,Median Age,tract,34789,1322,LightGCN,3,0.8506761193275452,-0.04153001308441162,-0.16600513458251953,0.12333673238754272,0.7245985269546509,0.8731939792633057
1884,Philadelphia,Median Age,tract,34789,1322,LightGCN,4,0.7510808706283569,-0.17486846446990967,-0.22179031372070312,0.20559921860694885,0.817362904548645,0.9149702191352844
1885,Philadelphia,Median Age,tract,34789,1322,LightGCN,5,0.8664534091949463,0.12262153625488281,-0.08191347122192383,0.11030522733926773,0.6103973388671875,0.8102197051048279
1886,Philadelphia,Median Age,tract,34789,1322,LightGCN,6,0.8891497850418091,0.0067307353019714355,-0.13298308849334717,0.09155870229005814,0.6910232901573181,0.8484644889831543
1887,Philadelphia,Median Age,tract,34789,1322,LightGCN,7,0.8524930477142334,0.022787868976593018,-0.12206506729125977,0.12183600664138794,0.6798522472381592,0.8402882814407349
1888,Philadelphia,Median Age,tract,34789,1322,LightGCN,8,0.8588380813598633,0.08863049745559692,-0.08089637756347656,0.11659524589776993,0.6340451240539551,0.8094580173492432
1889,Philadelphia,Median Age,tract,34789,1322,LightGCN,9,0.8815977573394775,-0.014883279800415039,-0.21618056297302246,0.09779642522335052,0.7060602903366089,0.9107691645622253
1890,Philadelphia,Median Age,tract,34789,1322,Feat-LightGCN,0,0.8939348459243774,-0.18683743476867676,-0.258109450340271,0.08760642260313034,0.8256897926330566,0.9421687126159668
1891,Philadelphia,Median Age,tract,34789,1322,Feat-LightGCN,1,0.914782702922821,-0.08911430835723877,-0.07936310768127441,0.07038675993680954,0.7577031850814819,0.80830979347229
1892,Philadelphia,Median Age,tract,34789,1322,Feat-LightGCN,2,0.91446453332901,-0.11024260520935059,-0.08459758758544922,0.07064954191446304,0.772402286529541,0.8122296929359436
1893,Philadelphia,Median Age,tract,34789,1322,Feat-LightGCN,3,0.8681008815765381,-0.17839932441711426,-0.15229284763336182,0.10894442349672318,0.8198193311691284,0.862925112247467
1894,Philadelphia,Median Age,tract,34789,1322,Feat-LightGCN,4,0.8858814835548401,-0.07613480091094971,-0.10826385021209717,0.09425824135541916,0.7486733198165894,0.8299528360366821
1895,Philadelphia,Median Age,tract,34789,1322,Feat-LightGCN,5,0.9243069291114807,-0.13579201698303223,-0.09713184833526611,0.06252005696296692,0.7901772260665894,0.8216163516044617
1896,Philadelphia,Median Age,tract,34789,1322,Feat-LightGCN,6,0.9009707570075989,-0.12947916984558105,-0.05975830554962158,0.08179497718811035,0.7857853174209595,0.7936282157897949
1897,Philadelphia,Median Age,tract,34789,1322,Feat-LightGCN,7,0.9148052334785461,-0.09229838848114014,-0.0993344783782959,0.07036815583705902,0.7599183917045593,0.8232659101486206
1898,Philadelphia,Median Age,tract,34789,1322,Feat-LightGCN,8,0.9126572608947754,-0.1598268747329712,-0.0631554126739502,0.07214231789112091,0.8068984150886536,0.7961722016334534
1899,Philadelphia,Median Age,tract,34789,1322,Feat-LightGCN,9,0.9343481063842773,-0.11539053916931152,-0.17141222953796387,0.0542263388633728,0.7759837508201599,0.8772432208061218
1900,Philadelphia,Median Age,tract,34789,1322,Feat\&PC-LightGCN,0,0.9740182757377625,-0.23069000244140625,-0.20854592323303223,0.021460048854351044,0.8561983108520508,0.9050517678260803
1901,Philadelphia,Median Age,tract,34789,1322,Feat\&PC-LightGCN,1,0.9703121185302734,-0.09589743614196777,-0.11673784255981445,0.02452121488749981,0.7624222636222839,0.8362988829612732
1902,Philadelphia,Median Age,tract,34789,1322,Feat\&PC-LightGCN,2,0.9670999646186829,-0.19674670696258545,-0.34054362773895264,0.027174364775419235,0.8325836658477783,1.003901720046997
1903,Philadelphia,Median Age,tract,34789,1322,Feat\&PC-LightGCN,3,0.9618033170700073,-0.04197227954864502,-0.30955588817596436,0.03154924511909485,0.7249062061309814,0.9806957244873047
1904,Philadelphia,Median Age,tract,34789,1322,Feat\&PC-LightGCN,4,0.9579458832740784,-0.36337900161743164,-0.26558220386505127,0.03473536670207977,0.9485107660293579,0.9477649331092834
1905,Philadelphia,Median Age,tract,34789,1322,Feat\&PC-LightGCN,5,0.9656152129173279,-0.03380692005157471,-0.19762146472930908,0.028400715440511703,0.7192255854606628,0.8968707323074341
1906,Philadelphia,Median Age,tract,34789,1322,Feat\&PC-LightGCN,6,0.9519701600074768,-0.03893327713012695,-0.26333796977996826,0.039671096950769424,0.7227919697761536,0.9460842609405518
1907,Philadelphia,Median Age,tract,34789,1322,Feat\&PC-LightGCN,7,0.9727790951728821,-0.08261823654174805,-0.239296555519104,0.022483613342046738,0.753183901309967,0.9280802011489868
1908,Philadelphia,Median Age,tract,34789,1322,Feat\&PC-LightGCN,8,0.9564132690429688,-0.05292987823486328,-0.25660836696624756,0.03600123152136803,0.7325295209884644,0.9410446286201477
1909,Philadelphia,Median Age,tract,34789,1322,Feat\&PC-LightGCN,9,0.9745258092880249,-0.10737788677215576,-0.24811244010925293,0.02104087918996811,0.7704092860221863,0.9346822500228882
1910,Philadelphia,Median Age,tract,34789,1322,NoPreTrain,0,0.9820083975791931,-0.44155383110046387,-0.450603723526001,0.014860494993627071,1.0028973817825317,1.0863231420516968
1911,Philadelphia,Median Age,tract,34789,1322,NoPreTrain,1,0.9950116276741028,-0.2637072801589966,-0.15748238563537598,0.004120254889130592,0.8791685104370117,0.8668115139007568
1912,Philadelphia,Median Age,tract,34789,1322,NoPreTrain,2,0.9933239221572876,-0.494287371635437,-0.38856983184814453,0.005514222662895918,1.0395845174789429,1.0398675203323364
1913,Philadelphia,Median Age,tract,34789,1322,NoPreTrain,3,0.9552217125892639,-0.5729132890701294,-0.596481204032898,0.036985449492931366,1.094285011291504,1.1955674886703491
1914,Philadelphia,Median Age,tract,34789,1322,NoPreTrain,4,0.9895853996276855,-0.4408818483352661,-0.5401179790496826,0.008602135814726353,1.0024299621582031,1.1533583402633667
1915,Philadelphia,Median Age,tract,34789,1322,NoPreTrain,5,0.9941676259040833,-0.27940070629119873,-0.3977004289627075,0.004817331675440073,0.8900865316390991,1.0467051267623901
1916,Philadelphia,Median Age,tract,34789,1322,NoPreTrain,6,0.9496434330940247,-0.6484317779541016,-0.5017589330673218,0.04159291833639145,1.1468236446380615,1.1246321201324463
1917,Philadelphia,Median Age,tract,34789,1322,NoPreTrain,7,0.9910860061645508,-0.4410834312438965,-0.439284086227417,0.007362680044025183,1.0025701522827148,1.0778461694717407
1918,Philadelphia,Median Age,tract,34789,1322,NoPreTrain,8,0.9896813035011292,-0.6544300317764282,-0.6302229166030884,0.008522925898432732,1.1509966850280762,1.22083580493927
1919,Philadelphia,Median Age,tract,34789,1322,NoPreTrain,9,0.9832068085670471,-0.5133816003799438,-0.38207948207855225,0.013870645314455032,1.0528684854507446,1.0350069999694824
1920,St. Louis,Median Income,tract,9832,365,Emb,0,0.9966484904289246,-0.19602906703948975,0.46873247623443604,0.0026553738862276077,0.6621232032775879,0.8086046576499939
1921,St. Louis,Median Income,tract,9832,365,Emb,1,0.9987162947654724,-0.13355553150177002,0.3857114911079407,0.0010170519817620516,0.6275378465652466,0.9349650740623474
1922,St. Louis,Median Income,tract,9832,365,Emb,2,0.9898372888565063,0.13315999507904053,0.4408666491508484,0.008051855489611626,0.47988373041152954,0.8510172367095947
1923,St. Louis,Median Income,tract,9832,365,Emb,3,0.9945800304412842,0.11819237470626831,0.509871244430542,0.004294230602681637,0.4881698489189148,0.7459902763366699
1924,St. Louis,Median Income,tract,9832,365,Emb,4,0.937285840511322,0.01413583755493164,0.5282243490219116,0.049688078463077545,0.5457757115364075,0.7180562615394592
1925,St. Louis,Median Income,tract,9832,365,Emb,5,0.9403123259544373,0.039025962352752686,0.3024134635925293,0.04729018360376358,0.531996488571167,1.0617470741271973
1926,St. Louis,Median Income,tract,9832,365,Emb,6,0.9966781139373779,-0.06626510620117188,0.4498668313026428,0.002631918527185917,0.5902857184410095,0.8373187780380249
1927,St. Louis,Median Income,tract,9832,365,Emb,7,0.9909239411354065,-0.20875442028045654,0.5040996074676514,0.007190891541540623,0.6691680550575256,0.7547749280929565
1928,St. Louis,Median Income,tract,9832,365,Emb,8,0.9921356439590454,-0.012990713119506836,0.43160414695739746,0.0062308781780302525,0.5607929229736328,0.8651150465011597
1929,St. Louis,Median Income,tract,9832,365,Emb,9,0.9683160781860352,-0.13799357414245605,0.4220748543739319,0.02510298602283001,0.6299947500228882,0.8796189427375793
1930,St. Louis,Median Income,tract,9832,365,RGNN,0,0.8427996039390564,0.015156328678131104,0.42318135499954224,0.12454897910356522,0.5452107191085815,0.8779348134994507
1931,St. Louis,Median Income,tract,9832,365,RGNN,1,0.73887038230896,0.03566479682922363,0.41919779777526855,0.2068915218114853,0.5338572263717651,0.8839978575706482
1932,St. Louis,Median Income,tract,9832,365,RGNN,2,0.7829885482788086,0.00322037935256958,0.4074869751930237,0.17193694412708282,0.5518184900283813,0.9018221497535706
1933,St. Louis,Median Income,tract,9832,365,RGNN,3,0.8420612215995789,-0.03891336917877197,0.3945070505142212,0.12513399124145508,0.5751438140869141,0.9215779900550842
1934,St. Louis,Median Income,tract,9832,365,RGNN,4,0.9170271754264832,0.05489194393157959,0.38052570819854736,0.06573890894651413,0.5232130885124207,0.9428579211235046
1935,St. Louis,Median Income,tract,9832,365,RGNN,5,0.7590232491493225,0.08316141366958618,0.4228375554084778,0.1909244954586029,0.507563054561615,0.8784580826759338
1936,St. Louis,Median Income,tract,9832,365,RGNN,6,0.7918870449066162,0.0854448676109314,0.4346392750740051,0.1648866981267929,0.5062988996505737,0.8604955077171326
1937,St. Louis,Median Income,tract,9832,365,RGNN,7,0.8246235251426697,-0.008568882942199707,0.2729730010032654,0.13894979655742645,0.5583450794219971,1.1065562963485718
1938,St. Louis,Median Income,tract,9832,365,RGNN,8,0.8898311257362366,-0.07990050315856934,0.4664584994316101,0.08728618174791336,0.5978343486785889,0.8120657801628113
1939,St. Louis,Median Income,tract,9832,365,RGNN,9,0.9604948163032532,0.13696974515914917,0.455657958984375,0.031299713999032974,0.4777746796607971,0.8285045027732849
1940,St. Louis,Median Income,tract,9832,365,Feat-RGNN,0,0.9746429324150085,0.264596164226532,0.30522316694259644,0.02009028196334839,0.4071204960346222,1.057470679283142
1941,St. Louis,Median Income,tract,9832,365,Feat-RGNN,1,0.7643650770187378,0.15493178367614746,0.3301463723182678,0.18669219315052032,0.4678308665752411,1.0195367336273193
1942,St. Louis,Median Income,tract,9832,365,Feat-RGNN,2,0.8474966287612915,0.21317386627197266,0.43786782026290894,0.1208275780081749,0.43558797240257263,0.8555816411972046
1943,St. Louis,Median Income,tract,9832,365,Feat-RGNN,3,0.7988907098770142,0.13586825132369995,0.2792167067527771,0.15933774411678314,0.47838446497917175,1.0970531702041626
1944,St. Louis,Median Income,tract,9832,365,Feat-RGNN,4,0.9294436573982239,0.1731325387954712,0.11979943513870239,0.05590137466788292,0.45775488018989563,1.339690923690796
1945,St. Louis,Median Income,tract,9832,365,Feat-RGNN,5,0.8956303596496582,0.1313367486000061,0.25892412662506104,0.082691490650177,0.4808931350708008,1.1279391050338745
1946,St. Louis,Median Income,tract,9832,365,Feat-RGNN,6,0.9127068519592285,-0.1673065423965454,0.3370503783226013,0.06916185468435287,0.6462224125862122,1.009028673171997
1947,St. Louis,Median Income,tract,9832,365,Feat-RGNN,7,0.9401618838310242,0.027534186840057373,0.42855459451675415,0.04740938916802406,0.5383583307266235,0.8697565793991089
1948,St. Louis,Median Income,tract,9832,365,Feat-RGNN,8,0.8949865102767944,0.14123570919036865,0.19055956602096558,0.08320160210132599,0.4754130244255066,1.2319920063018799
1949,St. Louis,Median Income,tract,9832,365,Feat-RGNN,9,0.8574029207229614,0.09908139705657959,0.3244292736053467,0.11297887563705444,0.4987497329711914,1.0282384157180786
1950,St. Louis,Median Income,tract,9832,365,Feat\&PC-RGNN,0,0.9669614434242249,0.21447068452835083,0.2844996452331543,0.026176264509558678,0.43487006425857544,1.0890125036239624
1951,St. Louis,Median Income,tract,9832,365,Feat\&PC-RGNN,1,0.9131066799163818,0.16366511583328247,0.30310773849487305,0.06884506344795227,0.46299606561660767,1.0606904029846191
1952,St. Louis,Median Income,tract,9832,365,Feat\&PC-RGNN,2,0.867112398147583,0.10720711946487427,0.4255608320236206,0.1052861139178276,0.4942513108253479,0.8743131160736084
1953,St. Louis,Median Income,tract,9832,365,Feat\&PC-RGNN,3,0.8870460987091064,-0.01790595054626465,0.3193279504776001,0.08949271589517593,0.5635140538215637,1.0360026359558105
1954,St. Louis,Median Income,tract,9832,365,Feat\&PC-RGNN,4,0.9070877432823181,0.049873530864715576,0.3325839042663574,0.07361385226249695,0.5259912610054016,1.0158268213272095
1955,St. Louis,Median Income,tract,9832,365,Feat\&PC-RGNN,5,0.9604974389076233,-0.03556489944458008,0.15348458290100098,0.03129765763878822,0.5732901096343994,1.2884211540222168
1956,St. Louis,Median Income,tract,9832,365,Feat\&PC-RGNN,6,0.9185391664505005,0.14377659559249878,0.3995118737220764,0.06454095989465714,0.47400638461112976,0.9139605164527893
1957,St. Louis,Median Income,tract,9832,365,Feat\&PC-RGNN,7,0.9185054898262024,-0.08302175998687744,0.378106951713562,0.06456762552261353,0.5995622277259827,0.9465393424034119
1958,St. Louis,Median Income,tract,9832,365,Feat\&PC-RGNN,8,0.9343750476837158,0.0610809326171875,0.2879394292831421,0.051994290202856064,0.5197868347167969,1.0837770700454712
1959,St. Louis,Median Income,tract,9832,365,Feat\&PC-RGNN,9,0.8862191438674927,0.13572543859481812,0.3905755281448364,0.09014789760112762,0.4784635305404663,0.9275618195533752
1960,St. Louis,Median Income,tract,9832,365,LightGCN,0,0.8465900421142578,0.32314634323120117,0.4842379093170166,0.12154583632946014,0.37470704317092896,0.7850049138069153
1961,St. Louis,Median Income,tract,9832,365,LightGCN,1,0.9317178726196289,0.08886712789535522,0.48450326919555664,0.054099515080451965,0.5044043660163879,0.784601092338562
1962,St. Louis,Median Income,tract,9832,365,LightGCN,2,0.9271732568740845,0.25788986682891846,0.41447561979293823,0.05770021304488182,0.41083312034606934,0.8911851644515991
1963,St. Louis,Median Income,tract,9832,365,LightGCN,3,0.9781778454780579,0.28113114833831787,0.5330495834350586,0.01728959009051323,0.3979667127132416,0.710712194442749
1964,St. Louis,Median Income,tract,9832,365,LightGCN,4,0.9065819382667542,0.229864239692688,0.4473654627799988,0.07401461154222488,0.42634817957878113,0.8411259055137634
1965,St. Louis,Median Income,tract,9832,365,LightGCN,5,0.9378817081451416,0.17581617832183838,0.4475754499435425,0.04921596497297287,0.4562692642211914,0.840806245803833
1966,St. Louis,Median Income,tract,9832,365,LightGCN,6,0.9074028134346008,0.2600802183151245,0.4794524312019348,0.07336422055959702,0.4096205532550812,0.7922886610031128
1967,St. Louis,Median Income,tract,9832,365,LightGCN,7,0.7898812294006348,0.032404959201812744,0.5102204084396362,0.16647589206695557,0.5356618762016296,0.7454588413238525
1968,St. Louis,Median Income,tract,9832,365,LightGCN,8,0.9444474577903748,0.2254895567893982,0.5015920996665955,0.04401394724845886,0.42876997590065,0.75859135389328
1969,St. Louis,Median Income,tract,9832,365,LightGCN,9,0.9679609537124634,0.1441807746887207,0.48109185695648193,0.02538434788584709,0.47378262877464294,0.7897933125495911
1970,St. Louis,Median Income,tract,9832,365,Feat-LightGCN,0,0.9470914006233215,0.2767656445503235,0.4540169835090637,0.04191918671131134,0.40038350224494934,0.8310020565986633
1971,St. Louis,Median Income,tract,9832,365,Feat-LightGCN,1,0.973194420337677,0.22434645891189575,0.512748122215271,0.021237900480628014,0.42940279841423035,0.7416115999221802
1972,St. Louis,Median Income,tract,9832,365,Feat-LightGCN,2,0.9719203114509583,0.24114489555358887,0.5225356817245483,0.022247394546866417,0.42010319232940674,0.726714551448822
1973,St. Louis,Median Income,tract,9832,365,Feat-LightGCN,3,0.9815291166305542,0.14841574430465698,0.5392642021179199,0.014634375460445881,0.4714381694793701,0.7012532949447632
1974,St. Louis,Median Income,tract,9832,365,Feat-LightGCN,4,0.9780986905097961,0.22267186641693115,0.4849153757095337,0.01735227182507515,0.4303298890590668,0.7839738130569458
1975,St. Louis,Median Income,tract,9832,365,Feat-LightGCN,5,0.9290676712989807,0.10469228029251099,0.5371116399765015,0.05619928240776062,0.4956434965133667,0.7045295238494873
1976,St. Louis,Median Income,tract,9832,365,Feat-LightGCN,6,0.9686099290847778,0.19946980476379395,0.4911721348762512,0.02487015910446644,0.4431745409965515,0.7744508385658264
1977,St. Louis,Median Income,tract,9832,365,Feat-LightGCN,7,0.9802064299583435,0.16132426261901855,0.4839448928833008,0.01568232662975788,0.4642919898033142,0.7854509353637695
1978,St. Louis,Median Income,tract,9832,365,Feat-LightGCN,8,0.9923378825187683,0.2642781734466553,0.5188698768615723,0.0060706608928740025,0.4072965681552887,0.7322940826416016
1979,St. Louis,Median Income,tract,9832,365,Feat-LightGCN,9,0.9713209867477417,0.260440468788147,0.5420904159545898,0.022722208872437477,0.4094211459159851,0.6969517469406128
1980,St. Louis,Median Income,tract,9832,365,Feat\&PC-LightGCN,0,0.9883615970611572,-0.05894029140472412,0.5228421092033386,0.009221027605235577,0.5862306952476501,0.7262482047080994
1981,St. Louis,Median Income,tract,9832,365,Feat\&PC-LightGCN,1,0.9549984931945801,-0.09567403793334961,0.4555918574333191,0.0356544554233551,0.6065665483474731,0.8286051154136658
1982,St. Louis,Median Income,tract,9832,365,Feat\&PC-LightGCN,2,0.9837632775306702,-0.14738786220550537,0.41357237100601196,0.012864252552390099,0.6351954340934753,0.8925599455833435
1983,St. Louis,Median Income,tract,9832,365,Feat\&PC-LightGCN,3,0.9938393831253052,-0.021359682083129883,0.5436778664588928,0.004881034139543772,0.5654260516166687,0.6945356130599976
1984,St. Louis,Median Income,tract,9832,365,Feat\&PC-LightGCN,4,0.9885263442993164,-0.3904370069503784,0.4509888291358948,0.009090518578886986,0.7697477340698242,0.8356109857559204
1985,St. Louis,Median Income,tract,9832,365,Feat\&PC-LightGCN,5,0.9786866903305054,0.14976263046264648,0.5231809020042419,0.01688641868531704,0.47069251537323,0.7257325649261475
1986,St. Louis,Median Income,tract,9832,365,Feat\&PC-LightGCN,6,0.9920650124549866,-0.2566392421722412,0.4518868923187256,0.006286852993071079,0.6956771612167358,0.8342441916465759
1987,St. Louis,Median Income,tract,9832,365,Feat\&PC-LightGCN,7,0.9851152896881104,-0.13890087604522705,0.4454497694969177,0.01179305836558342,0.6304969787597656,0.844041645526886
1988,St. Louis,Median Income,tract,9832,365,Feat\&PC-LightGCN,8,0.984751284122467,-0.12558293342590332,0.4978564977645874,0.012081479653716087,0.6231241822242737,0.7642771005630493
1989,St. Louis,Median Income,tract,9832,365,Feat\&PC-LightGCN,9,0.9699534773826599,-0.01774585247039795,0.4863385558128357,0.02380567416548729,0.5634254813194275,0.7818076610565186
1990,St. Louis,Median Income,tract,9832,365,NoPreTrain,0,0.991252601146698,-0.3283679485321045,0.16169732809066772,0.006930497009307146,0.7353862524032593,1.275921106338501
1991,St. Louis,Median Income,tract,9832,365,NoPreTrain,1,0.9993915557861328,-0.18095147609710693,-0.09186685085296631,0.0004820606263820082,0.653776228427887,1.6618531942367554
1992,St. Louis,Median Income,tract,9832,365,NoPreTrain,2,0.998926043510437,-0.4192725419998169,0.2311914563179016,0.0008508840692229569,0.7857111692428589,1.1701490879058838
1993,St. Louis,Median Income,tract,9832,365,NoPreTrain,3,0.9941505789756775,-0.14668679237365723,-0.22328150272369385,0.004634483251720667,0.6348073482513428,1.8618701696395874
1994,St. Louis,Median Income,tract,9832,365,NoPreTrain,4,0.9970040321350098,-1.1796412467956543,-0.38949334621429443,0.0023736886214464903,1.206652283668518,2.114849328994751
1995,St. Louis,Median Income,tract,9832,365,NoPreTrain,5,0.9970227479934692,-0.6255221366882324,0.17104756832122803,0.002358880592510104,0.8998911380767822,1.2616897821426392
1996,St. Louis,Median Income,tract,9832,365,NoPreTrain,6,0.945656418800354,-0.46389567852020264,0.020289242267608643,0.043056096881628036,0.8104145526885986,1.4911483526229858
1997,St. Louis,Median Income,tract,9832,365,NoPreTrain,7,0.9928573369979858,-0.4444311857223511,-0.04769599437713623,0.005659088026732206,0.7996389865875244,1.5946238040924072
1998,St. Louis,Median Income,tract,9832,365,NoPreTrain,8,0.9823060631752014,-1.2181925773620605,0.007586181163787842,0.01401880569756031,1.2279943227767944,1.5104827880859375
1999,St. Louis,Median Income,tract,9832,365,NoPreTrain,9,0.9943428039550781,-0.5413756370544434,-0.29102277755737305,0.004482147749513388,0.8533075451850891,1.9649744033813477
2000,St. Louis,Median Home Value,tract,9817,364,Emb,0,0.9882990121841431,0.28401392698287964,0.11994600296020508,0.010733932256698608,0.5855097770690918,0.9823147654533386
2001,St. Louis,Median Home Value,tract,9817,364,Emb,1,0.9983024597167969,0.3459579348564148,-0.060616135597229004,0.0015572714619338512,0.534853994846344,1.183857798576355
2002,St. Louis,Median Home Value,tract,9817,364,Emb,2,0.9945936799049377,0.2524772882461548,-0.021828651428222656,0.00495948689058423,0.6112993955612183,1.1405633687973022
2003,St. Louis,Median Home Value,tract,9817,364,Emb,3,0.9969963431358337,0.25653553009033203,0.1503523588180542,0.002755414927378297,0.6079807281494141,0.9483752250671387
2004,St. Louis,Median Home Value,tract,9817,364,Emb,4,0.9969688057899475,0.26090264320373535,-0.0795670747756958,0.0027806595899164677,0.604409396648407,1.2050108909606934
2005,St. Louis,Median Home Value,tract,9817,364,Emb,5,0.9992287755012512,0.4985572099685669,0.20589977502822876,0.0007075043977238238,0.41006335616111755,0.8863733410835266
2006,St. Louis,Median Home Value,tract,9817,364,Emb,6,0.9939640760421753,0.2590731382369995,-0.019741177558898926,0.005537079181522131,0.6059055328369141,1.1382333040237427
2007,St. Louis,Median Home Value,tract,9817,364,Emb,7,0.9979726076126099,0.3622472882270813,0.0030191540718078613,0.0018598346505314112,0.5215331315994263,1.112828254699707
2008,St. Louis,Median Home Value,tract,9817,364,Emb,8,0.9962825179100037,0.2306259274482727,0.21467339992523193,0.0034102285280823708,0.6291687488555908,0.8765802383422852
2009,St. Louis,Median Home Value,tract,9817,364,Emb,9,0.991623044013977,0.2843402028083801,-0.04432797431945801,0.007684654556214809,0.5852429866790771,1.1656770706176758
2010,St. Louis,Median Home Value,tract,9817,364,RGNN,0,0.9633086323738098,0.16009891033172607,0.2504878044128418,0.03365897387266159,0.6868433952331543,0.8366042375564575
2011,St. Louis,Median Home Value,tract,9817,364,RGNN,1,0.9556356072425842,0.444352388381958,0.21042221784591675,0.040697820484638214,0.454390287399292,0.8813254237174988
2012,St. Louis,Median Home Value,tract,9817,364,RGNN,2,0.9437294602394104,0.24030715227127075,0.2905290722846985,0.05161997675895691,0.6212517023086548,0.7919102311134338
2013,St. Louis,Median Home Value,tract,9817,364,RGNN,3,0.960845947265625,0.4292004704475403,0.33941125869750977,0.03591812029480934,0.46678104996681213,0.7373480200767517
2014,St. Louis,Median Home Value,tract,9817,364,RGNN,4,0.8961327075958252,0.25272518396377563,0.23336458206176758,0.09528303891420364,0.6110966801643372,0.855717122554779
2015,St. Louis,Median Home Value,tract,9817,364,RGNN,5,0.9077515006065369,0.22302097082138062,0.37503302097320557,0.0846245214343071,0.6353877782821655,0.6975871324539185
2016,St. Louis,Median Home Value,tract,9817,364,RGNN,6,0.9073478579521179,0.12142735719680786,0.24323272705078125,0.08499477058649063,0.7184677124023438,0.8447023034095764
2017,St. Louis,Median Home Value,tract,9817,364,RGNN,7,0.9160274863243103,0.2565153241157532,0.161407470703125,0.07703249156475067,0.6079972386360168,0.9360355734825134
2018,St. Louis,Median Home Value,tract,9817,364,RGNN,8,0.9415537118911743,0.13185471296310425,0.3341410160064697,0.053615931421518326,0.7099405527114868,0.7432306408882141
2019,St. Louis,Median Home Value,tract,9817,364,RGNN,9,0.9357253909111023,0.26225483417510986,0.3370472192764282,0.058962561190128326,0.6033036708831787,0.7399867177009583
2020,St. Louis,Median Home Value,tract,9817,364,Feat-RGNN,0,0.9459927678108215,0.40862083435058594,0.23345547914505005,0.04954373836517334,0.4836103916168213,0.8556156754493713
2021,St. Louis,Median Home Value,tract,9817,364,Feat-RGNN,1,0.941402792930603,0.47478675842285156,0.15630149841308594,0.053754352033138275,0.42950204014778137,0.9417348504066467
2022,St. Louis,Median Home Value,tract,9817,364,Feat-RGNN,2,0.9440407156944275,0.4036809802055359,0.07542973756790161,0.05133445933461189,0.4876500070095062,1.0320037603378296
2023,St. Louis,Median Home Value,tract,9817,364,Feat-RGNN,3,0.9300065040588379,0.508552074432373,0.31267356872558594,0.06420882046222687,0.4018899202346802,0.7671926021575928
2024,St. Louis,Median Home Value,tract,9817,364,Feat-RGNN,4,0.9480478763580322,0.4874785542488098,0.2750190496444702,0.047658491879701614,0.419123113155365,0.8092225193977356
2025,St. Louis,Median Home Value,tract,9817,364,Feat-RGNN,5,0.9158515930175781,0.31664395332336426,0.21837776899337769,0.07719385623931885,0.5588260293006897,0.8724454045295715
2026,St. Louis,Median Home Value,tract,9817,364,Feat-RGNN,6,0.9032188653945923,0.2964829206466675,0.14122462272644043,0.08878254890441895,0.5753130316734314,0.9585636258125305
2027,St. Louis,Median Home Value,tract,9817,364,Feat-RGNN,7,0.9566685557365417,0.48701542615890503,0.2185724973678589,0.03975023329257965,0.4195018708705902,0.8722280263900757
2028,St. Louis,Median Home Value,tract,9817,364,Feat-RGNN,8,0.9495992660522461,0.46313488483428955,0.20527589321136475,0.04623526707291603,0.43903058767318726,0.8870697021484375
2029,St. Louis,Median Home Value,tract,9817,364,Feat-RGNN,9,0.9227145910263062,0.3765130639076233,0.09833157062530518,0.07089804857969284,0.5098670721054077,1.0064407587051392
2030,St. Louis,Median Home Value,tract,9817,364,Feat\&PC-RGNN,0,0.9301311373710632,0.3294678330421448,0.38095521926879883,0.0640944391489029,0.5483390688896179,0.6909767389297485
2031,St. Louis,Median Home Value,tract,9817,364,Feat\&PC-RGNN,1,0.9256864190101624,0.36089879274368286,0.40986162424087524,0.06817183643579483,0.5226358771324158,0.6587114930152893
2032,St. Louis,Median Home Value,tract,9817,364,Feat\&PC-RGNN,2,0.9741828441619873,0.456529438495636,0.38460230827331543,0.0236834567040205,0.4444322884082794,0.6869058609008789
2033,St. Louis,Median Home Value,tract,9817,364,Feat\&PC-RGNN,3,0.9169490337371826,0.3364127278327942,0.36687684059143066,0.07618708908557892,0.5426597595214844,0.7066909670829773
2034,St. Louis,Median Home Value,tract,9817,364,Feat\&PC-RGNN,4,0.9788190126419067,0.4688851833343506,0.3354136347770691,0.019430432468652725,0.4343281686306,0.741810142993927
2035,St. Louis,Median Home Value,tract,9817,364,Feat\&PC-RGNN,5,0.8770154118537903,0.2679244875907898,0.4077444076538086,0.11282037198543549,0.5986672043800354,0.661074697971344
2036,St. Louis,Median Home Value,tract,9817,364,Feat\&PC-RGNN,6,0.8535912036895752,0.2842560410499573,0.2934579849243164,0.13430865108966827,0.585311770439148,0.7886409759521484
2037,St. Louis,Median Home Value,tract,9817,364,Feat\&PC-RGNN,7,0.9523156881332397,0.36723846197128296,0.39036864042282104,0.04374339431524277,0.5174515247344971,0.6804694533348083
2038,St. Louis,Median Home Value,tract,9817,364,Feat\&PC-RGNN,8,0.9730689525604248,0.3647459149360657,0.40122294425964355,0.024705316871404648,0.5194898247718811,0.6683539152145386
2039,St. Louis,Median Home Value,tract,9817,364,Feat\&PC-RGNN,9,0.9758634567260742,0.43422263860702515,0.40314579010009766,0.022141732275485992,0.462674081325531,0.6662076711654663
2040,St. Louis,Median Home Value,tract,9817,364,LightGCN,0,0.9819841980934143,0.6749392747879028,0.5220321416854858,0.016526885330677032,0.26582393050193787,0.5335068702697754
2041,St. Louis,Median Home Value,tract,9817,364,LightGCN,1,0.9802746772766113,0.6982212662696838,0.5446000099182129,0.018095102161169052,0.24678468704223633,0.508316695690155
2042,St. Louis,Median Home Value,tract,9817,364,LightGCN,2,0.9830642938613892,0.606639564037323,0.4823561906814575,0.015536019578576088,0.32167720794677734,0.5777931213378906
2043,St. Louis,Median Home Value,tract,9817,364,LightGCN,3,0.9795312285423279,0.625763475894928,0.5055990815162659,0.01877712272107601,0.3060382604598999,0.5518494844436646
2044,St. Louis,Median Home Value,tract,9817,364,LightGCN,4,0.9903322458267212,0.643958330154419,0.449870765209198,0.008868775330483913,0.29115915298461914,0.6140533089637756
2045,St. Louis,Median Home Value,tract,9817,364,LightGCN,5,0.9845943450927734,0.669015109539032,0.46408772468566895,0.014132418669760227,0.27066853642463684,0.59818434715271
2046,St. Louis,Median Home Value,tract,9817,364,LightGCN,6,0.9816873073577881,0.6793079376220703,0.450130820274353,0.016799194738268852,0.2622513771057129,0.6137630343437195
2047,St. Louis,Median Home Value,tract,9817,364,LightGCN,7,0.9746970534324646,0.6106183528900146,0.47119951248168945,0.023211728781461716,0.31842347979545593,0.5902462005615234
2048,St. Louis,Median Home Value,tract,9817,364,LightGCN,8,0.9688661098480225,0.6856906414031982,0.5254019498825073,0.028560783714056015,0.2570318579673767,0.5297455191612244
2049,St. Louis,Median Home Value,tract,9817,364,LightGCN,9,0.9864230155944824,0.6771678924560547,0.526108980178833,0.01245488878339529,0.26400142908096313,0.5289562940597534
2050,St. Louis,Median Home Value,tract,9817,364,Feat-LightGCN,0,0.979586124420166,0.6072207689285278,0.48354005813598633,0.01872672513127327,0.321201890707016,0.576471745967865
2051,St. Louis,Median Home Value,tract,9817,364,Feat-LightGCN,1,0.9944487810134888,0.6924834251403809,0.5770623683929443,0.005092427134513855,0.251476913690567,0.4720822274684906
2052,St. Louis,Median Home Value,tract,9817,364,Feat-LightGCN,2,0.992071807384491,0.6181331872940063,0.43501192331314087,0.007272960618138313,0.31227806210517883,0.6306387186050415
2053,St. Louis,Median Home Value,tract,9817,364,Feat-LightGCN,3,0.9913934469223022,0.646605372428894,0.5150973796844482,0.007895233109593391,0.2889944612979889,0.5412474274635315
2054,St. Louis,Median Home Value,tract,9817,364,Feat-LightGCN,4,0.9897938370704651,0.5980414748191833,0.5317889451980591,0.009362639859318733,0.3287084102630615,0.5226163864135742
2055,St. Louis,Median Home Value,tract,9817,364,Feat-LightGCN,5,0.9933804273605347,0.6226086020469666,0.5526115298271179,0.006072481628507376,0.3086182177066803,0.49937424063682556
2056,St. Louis,Median Home Value,tract,9817,364,Feat-LightGCN,6,0.9870933890342712,0.5724611282348633,0.5520626306533813,0.011839918792247772,0.34962719678878784,0.4999868869781494
2057,St. Louis,Median Home Value,tract,9817,364,Feat-LightGCN,7,0.990343451499939,0.6136597394943237,0.5898332595825195,0.00885847583413124,0.3159363269805908,0.4578273594379425
2058,St. Louis,Median Home Value,tract,9817,364,Feat-LightGCN,8,0.9973852634429932,0.6528204083442688,0.49051183462142944,0.002398664830252528,0.2839120030403137,0.56868976354599
2059,St. Louis,Median Home Value,tract,9817,364,Feat-LightGCN,9,0.994095504283905,0.6131921410560608,0.48530715703964233,0.005416487343609333,0.31631869077682495,0.574499249458313
2060,St. Louis,Median Home Value,tract,9817,364,Feat\&PC-LightGCN,0,0.9936444163322449,0.6773806810379028,0.6081591248512268,0.005830316338688135,0.26382744312286377,0.4373721182346344
2061,St. Louis,Median Home Value,tract,9817,364,Feat\&PC-LightGCN,1,0.9909194111824036,0.5957925319671631,0.5860497951507568,0.008330091834068298,0.3305475115776062,0.46205049753189087
2062,St. Louis,Median Home Value,tract,9817,364,Feat\&PC-LightGCN,2,0.9957893490791321,0.690973162651062,0.5930994749069214,0.003862630343064666,0.2527119219303131,0.4541816711425781
2063,St. Louis,Median Home Value,tract,9817,364,Feat\&PC-LightGCN,3,0.9903448820114136,0.6699879765510559,0.6853474378585815,0.00885714404284954,0.2698729634284973,0.35121461749076843
2064,St. Louis,Median Home Value,tract,9817,364,Feat\&PC-LightGCN,4,0.9893494248390198,0.5191476345062256,0.5813636779785156,0.009770363569259644,0.39322516322135925,0.46728119254112244
2065,St. Louis,Median Home Value,tract,9817,364,Feat\&PC-LightGCN,5,0.9908344745635986,0.6940900683403015,0.6376427412033081,0.008408023975789547,0.2501630485057831,0.4044625163078308
2066,St. Louis,Median Home Value,tract,9817,364,Feat\&PC-LightGCN,6,0.9785741567611694,0.5681688785552979,0.6140298843383789,0.019655069336295128,0.35313722491264343,0.43081918358802795
2067,St. Louis,Median Home Value,tract,9817,364,Feat\&PC-LightGCN,7,0.9873951077461243,0.5995827913284302,0.5998066663742065,0.01156315766274929,0.3274479806423187,0.44669508934020996
2068,St. Louis,Median Home Value,tract,9817,364,Feat\&PC-LightGCN,8,0.9950610995292664,0.6868462562561035,0.5704134702682495,0.004530699923634529,0.2560867965221405,0.4795037508010864
2069,St. Louis,Median Home Value,tract,9817,364,Feat\&PC-LightGCN,9,0.9883026480674744,0.6185307502746582,0.5379015207290649,0.010730612091720104,0.31195297837257385,0.51579350233078
2070,St. Louis,Median Home Value,tract,9817,364,NoPreTrain,0,0.991782546043396,-0.00972127914428711,-0.19858038425445557,0.007538327947258949,0.8257167339324951,1.3378534317016602
2071,St. Louis,Median Home Value,tract,9817,364,NoPreTrain,1,0.9964678287506104,0.005218565464019775,-0.010870814323425293,0.0032402623910456896,0.8134994506835938,1.128332257270813
2072,St. Louis,Median Home Value,tract,9817,364,NoPreTrain,2,0.9961068034172058,-0.024320483207702637,0.06412619352340698,0.0035714555997401476,0.8376555442810059,1.0446207523345947
2073,St. Louis,Median Home Value,tract,9817,364,NoPreTrain,3,0.9911831021308899,-0.15509331226348877,-0.2832512855529785,0.008088218979537487,0.9445972442626953,1.4323629140853882
2074,St. Louis,Median Home Value,tract,9817,364,NoPreTrain,4,0.9969164133071899,-0.5749561786651611,-0.2763272523880005,0.002828739583492279,1.287947177886963,1.424634337425232
2075,St. Louis,Median Home Value,tract,9817,364,NoPreTrain,5,0.9990943670272827,-0.39775800704956055,0.1711178421974182,0.0008308107499033213,1.143040418624878,0.9251968264579773
2076,St. Louis,Median Home Value,tract,9817,364,NoPreTrain,6,0.996081531047821,-0.606257438659668,-0.2584972381591797,0.003594618756324053,1.3135442733764648,1.4047324657440186
2077,St. Louis,Median Home Value,tract,9817,364,NoPreTrain,7,0.9971712231636047,-0.22239446640014648,0.07943028211593628,0.0025949841365218163,0.9996339082717896,1.0275382995605469
2078,St. Louis,Median Home Value,tract,9817,364,NoPreTrain,8,0.9828006625175476,-0.06782257556915283,0.18692785501480103,0.015777885913848877,0.8732300400733948,0.9075497388839722
2079,St. Louis,Median Home Value,tract,9817,364,NoPreTrain,9,0.9785298705101013,-0.33629679679870605,-0.017282605171203613,0.0196957066655159,1.0927793979644775,1.1354891061782837
2080,St. Louis,Commute Time,tract,6714,241,Emb,0,0.9977274537086487,-0.845072865486145,-0.6235241889953613,0.002133241156116128,2.3841617107391357,1.1348499059677124
2081,St. Louis,Commute Time,tract,6714,241,Emb,1,0.9970840811729431,-0.801832914352417,-0.48224055767059326,0.002737182192504406,2.3282878398895264,1.0360920429229736
2082,St. Louis,Commute Time,tract,6714,241,Emb,2,0.9922010898590088,-0.8833878040313721,-0.7373496294021606,0.007320821285247803,2.433671236038208,1.214414358139038
2083,St. Louis,Commute Time,tract,6714,241,Emb,3,0.9872574806213379,-1.0189604759216309,-1.1001002788543701,0.011961405165493488,2.6088552474975586,1.467978596687317
2084,St. Louis,Commute Time,tract,6714,241,Emb,4,0.9888877272605896,-0.7532893419265747,-0.6804362535476685,0.010431086644530296,2.265561103820801,1.1746317148208618
2085,St. Louis,Commute Time,tract,6714,241,Emb,5,0.9984880685806274,-0.7013012170791626,-0.8724755048751831,0.001419265870936215,2.198383092880249,1.3088679313659668
2086,St. Louis,Commute Time,tract,6714,241,Emb,6,0.9953256249427795,-0.9668567180633545,-0.6158323287963867,0.004387820605188608,2.5415279865264893,1.129473328590393
2087,St. Louis,Commute Time,tract,6714,241,Emb,7,0.992520809173584,-0.8763061761856079,-0.642997145652771,0.00702071376144886,2.42452073097229,1.1484615802764893
2088,St. Louis,Commute Time,tract,6714,241,Emb,8,0.9973615407943726,-0.6767101287841797,-0.5399444103240967,0.002476709196344018,2.166607141494751,1.0764273405075073
2089,St. Louis,Commute Time,tract,6714,241,Emb,9,0.9887315630912781,-0.8057259321212769,-0.7435283660888672,0.010577697306871414,2.3333184719085693,1.218733310699463
2090,St. Louis,Commute Time,tract,6714,241,RGNN,0,0.9312308430671692,-0.5095491409301758,-0.3195000886917114,0.06455356627702713,1.9506053924560547,0.9223358631134033
2091,St. Louis,Commute Time,tract,6714,241,RGNN,1,0.8257973194122314,-0.35018467903137207,-0.37260568141937256,0.16352397203445435,1.7446783781051636,0.9594569206237793
2092,St. Louis,Commute Time,tract,6714,241,RGNN,2,0.8175181150436401,-0.42989468574523926,-0.4100971221923828,0.1712956428527832,1.8476777076721191,0.9856635928153992
2093,St. Louis,Commute Time,tract,6714,241,RGNN,3,0.8838143348693848,-0.399225115776062,-0.38272368907928467,0.10906342417001724,1.8080472946166992,0.9665294289588928
2094,St. Louis,Commute Time,tract,6714,241,RGNN,4,0.7664533257484436,-0.46456289291381836,-0.43846797943115234,0.21923010051250458,1.8924752473831177,1.0054949522018433
2095,St. Louis,Commute Time,tract,6714,241,RGNN,5,0.8043482303619385,-0.3463857173919678,-0.42414820194244385,0.1836581826210022,1.7397693395614624,0.9954853653907776
2096,St. Louis,Commute Time,tract,6714,241,RGNN,6,0.9306449890136719,-0.31017422676086426,-0.22319304943084717,0.06510353088378906,1.692977786064148,0.8550168871879578
2097,St. Louis,Commute Time,tract,6714,241,RGNN,7,0.9151476621627808,-0.23038530349731445,-0.5476350784301758,0.07965080440044403,1.5898761749267578,1.0818032026290894
2098,St. Louis,Commute Time,tract,6714,241,RGNN,8,0.7769181132316589,-0.3520709276199341,-0.43302929401397705,0.20940682291984558,1.7471156120300293,1.0016932487487793
2099,St. Louis,Commute Time,tract,6714,241,RGNN,9,0.8918596506118774,-0.40347230434417725,-0.37696707248687744,0.10151126235723495,1.8135353326797485,0.962505578994751
2100,St. Louis,Commute Time,tract,6714,241,Feat-RGNN,0,0.6394414901733398,-0.37559962272644043,0.01833552122116089,0.33845600485801697,1.77751886844635,0.6861874461174011
2101,St. Louis,Commute Time,tract,6714,241,Feat-RGNN,1,0.8811517953872681,-0.49182820320129395,-0.178244948387146,0.11156272888183594,1.9277068376541138,0.8235979676246643
2102,St. Louis,Commute Time,tract,6714,241,Feat-RGNN,2,0.8319520950317383,-0.2507573366165161,-0.19960737228393555,0.15774646401405334,1.6162004470825195,0.838530421257019
2103,St. Louis,Commute Time,tract,6714,241,Feat-RGNN,3,0.6777313947677612,-0.0607304573059082,0.16802483797073364,0.3025132715702057,1.3706520795822144,0.5815539956092834
2104,St. Louis,Commute Time,tract,6714,241,Feat-RGNN,4,0.8876487612724304,-0.23403728008270264,-0.09590768814086914,0.10546401888132095,1.5945953130722046,0.7660439014434814
2105,St. Louis,Commute Time,tract,6714,241,Feat-RGNN,5,0.7773165702819824,-0.6705963611602783,-0.08620345592498779,0.20903274416923523,2.1587069034576416,0.7592605948448181
2106,St. Louis,Commute Time,tract,6714,241,Feat-RGNN,6,0.8415419459342957,-0.37585389614105225,-0.031884193420410156,0.14874447882175446,1.777847409248352,0.721291184425354
2107,St. Louis,Commute Time,tract,6714,241,Feat-RGNN,7,0.8197944760322571,-0.32535815238952637,-0.12914776802062988,0.16915881633758545,1.7125979661941528,0.7892788648605347
2108,St. Louis,Commute Time,tract,6714,241,Feat-RGNN,8,0.8808320164680481,-0.44229447841644287,-0.16635501384735107,0.1118628978729248,1.86370050907135,0.8152868151664734
2109,St. Louis,Commute Time,tract,6714,241,Feat-RGNN,9,0.8219041228294373,-0.32373857498168945,-0.03070509433746338,0.1671784669160843,1.7105051279067993,0.7204670310020447
2110,St. Louis,Commute Time,tract,6714,241,Feat\&PC-RGNN,0,0.9823442697525024,-0.34947264194488525,-0.23064541816711426,0.016573399305343628,1.743758201599121,0.8602261543273926
2111,St. Louis,Commute Time,tract,6714,241,Feat\&PC-RGNN,1,0.86734938621521,-0.17163491249084473,-0.2350221872329712,0.12451900541782379,1.513960361480713,0.863285481929779
2112,St. Louis,Commute Time,tract,6714,241,Feat\&PC-RGNN,2,0.8422327041625977,-0.09276211261749268,-0.15883207321166992,0.1480960249900818,1.4120426177978516,0.8100283145904541
2113,St. Louis,Commute Time,tract,6714,241,Feat\&PC-RGNN,3,0.9803714156150818,-0.2334139347076416,-0.32770466804504395,0.018425321206450462,1.5937896966934204,0.9280709028244019
2114,St. Louis,Commute Time,tract,6714,241,Feat\&PC-RGNN,4,0.7587366104125977,-0.22264528274536133,-0.22284317016601562,0.22647374868392944,1.5798746347427368,0.8547722697257996
2115,St. Louis,Commute Time,tract,6714,241,Feat\&PC-RGNN,5,0.9222909212112427,-0.3361431360244751,-0.20505404472351074,0.0729454904794693,1.7265340089797974,0.8423376083374023
2116,St. Louis,Commute Time,tract,6714,241,Feat\&PC-RGNN,6,0.9627135396003723,-0.2716646194458008,-0.36315083503723145,0.03500077500939369,1.6432164907455444,0.952847957611084
2117,St. Louis,Commute Time,tract,6714,241,Feat\&PC-RGNN,7,0.8789058327674866,-0.24899804592132568,-0.16677749156951904,0.11367099732160568,1.6139272451400757,0.8155822157859802
2118,St. Louis,Commute Time,tract,6714,241,Feat\&PC-RGNN,8,0.9189035892486572,-0.3138437271118164,-0.09750521183013916,0.0761251300573349,1.6977192163467407,0.7671605348587036
2119,St. Louis,Commute Time,tract,6714,241,Feat\&PC-RGNN,9,0.9925639033317566,-0.0633537769317627,-0.1884077787399292,0.006980281788855791,1.3740419149398804,0.8307018876075745
2120,St. Louis,Commute Time,tract,6714,241,LightGCN,0,0.9722994565963745,-0.33667922019958496,0.0162850022315979,0.026002483442425728,1.7272268533706665,0.6876207590103149
2121,St. Louis,Commute Time,tract,6714,241,LightGCN,1,0.9897465109825134,-0.2774529457092285,0.16133248805999756,0.009624961763620377,1.6506959199905396,0.5862319469451904
2122,St. Louis,Commute Time,tract,6714,241,LightGCN,2,0.9634000658988953,-0.4140433073043823,-0.1311401128768921,0.03435632213950157,1.8271950483322144,0.7906715273857117
2123,St. Louis,Commute Time,tract,6714,241,LightGCN,3,0.9532281756401062,-0.36130011081695557,-0.10579407215118408,0.043904658406972885,1.759041428565979,0.772954523563385
2124,St. Louis,Commute Time,tract,6714,241,LightGCN,4,0.9504320025444031,-0.211883544921875,0.07308387756347656,0.04652942717075348,1.565968632698059,0.6479181051254272
2125,St. Louis,Commute Time,tract,6714,241,LightGCN,5,0.9732540845870972,-0.06425178050994873,0.04859209060668945,0.025106362998485565,1.3752021789550781,0.665037989616394
2126,St. Louis,Commute Time,tract,6714,241,LightGCN,6,0.9179455041885376,-0.0021772384643554688,0.19839775562286377,0.07702452689409256,1.29499089717865,0.5603232383728027
2127,St. Louis,Commute Time,tract,6714,241,LightGCN,7,0.9882215857505798,-0.2670590877532959,0.13217145204544067,0.011056376621127129,1.6372652053833008,0.6066156625747681
2128,St. Louis,Commute Time,tract,6714,241,LightGCN,8,0.983942449092865,-0.2251678705215454,0.03315150737762451,0.01507320161908865,1.5831342935562134,0.6758310198783875
2129,St. Louis,Commute Time,tract,6714,241,LightGCN,9,0.9684445261955261,-0.1634432077407837,0.09151089191436768,0.02962109073996544,1.5033751726150513,0.6350375413894653
2130,St. Louis,Commute Time,tract,6714,241,Feat-LightGCN,0,0.9968081116676331,-0.07631194591522217,-0.507301926612854,0.002996209543198347,1.3907861709594727,1.05361008644104
2131,St. Louis,Commute Time,tract,6714,241,Feat-LightGCN,1,0.9938898086547852,-0.24663114547729492,-0.45040369033813477,0.005735611543059349,1.6108688116073608,1.0138380527496338
2132,St. Louis,Commute Time,tract,6714,241,Feat-LightGCN,2,0.9957259893417358,-0.1549360752105713,-0.4077514410018921,0.004012012854218483,1.4923824071884155,0.9840239882469177
2133,St. Louis,Commute Time,tract,6714,241,Feat-LightGCN,3,0.9602333307266235,-0.2499997615814209,-0.31134796142578125,0.037328965961933136,1.615221619606018,0.9166374802589417
2134,St. Louis,Commute Time,tract,6714,241,Feat-LightGCN,4,0.957726001739502,-0.22204434871673584,-0.45231902599334717,0.039682552218437195,1.5790982246398926,1.0151768922805786
2135,St. Louis,Commute Time,tract,6714,241,Feat-LightGCN,5,0.99457848072052,-0.21320533752441406,-0.4224104881286621,0.005089178681373596,1.5676766633987427,0.9942707419395447
2136,St. Louis,Commute Time,tract,6714,241,Feat-LightGCN,6,0.9936855435371399,-0.2697545289993286,-0.49246418476104736,0.005927355028688908,1.640748143196106,1.0432385206222534
2137,St. Louis,Commute Time,tract,6714,241,Feat-LightGCN,7,0.9987576007843018,-0.1700073480606079,-0.5483642816543579,0.0011662268079817295,1.5118571519851685,1.0823129415512085
2138,St. Louis,Commute Time,tract,6714,241,Feat-LightGCN,8,0.9994537234306335,-0.003518223762512207,-0.48436546325683594,0.0005128124612383544,1.29672372341156,1.0375773906707764
2139,St. Louis,Commute Time,tract,6714,241,Feat-LightGCN,9,0.9985727667808533,-0.08577704429626465,-0.35079336166381836,0.0013397292932495475,1.4030166864395142,0.9442099928855896
2140,St. Louis,Commute Time,tract,6714,241,Feat\&PC-LightGCN,0,0.9953315258026123,-0.2961421012878418,-0.6266783475875854,0.004382309969514608,1.6748456954956055,1.1370548009872437
2141,St. Louis,Commute Time,tract,6714,241,Feat\&PC-LightGCN,1,0.9937509894371033,-0.23995709419250488,-0.6207884550094604,0.005865925922989845,1.6022447347640991,1.1329376697540283
2142,St. Louis,Commute Time,tract,6714,241,Feat\&PC-LightGCN,2,0.9987950325012207,-0.4910430908203125,-0.4601517915725708,0.0011311114067211747,1.9266923666000366,1.020651936531067
2143,St. Louis,Commute Time,tract,6714,241,Feat\&PC-LightGCN,3,0.9683754444122314,-0.2156054973602295,-0.37795400619506836,0.02968592755496502,1.5707780122756958,0.9631953835487366
2144,St. Louis,Commute Time,tract,6714,241,Feat\&PC-LightGCN,4,0.9978207349777222,-0.32090187072753906,-0.3207428455352783,0.0020456896163523197,1.706839680671692,0.9232046008110046
2145,St. Louis,Commute Time,tract,6714,241,Feat\&PC-LightGCN,5,0.9873082637786865,-0.4850057363510132,-0.575114369392395,0.01191371027380228,1.9188909530639648,1.1010112762451172
2146,St. Louis,Commute Time,tract,6714,241,Feat\&PC-LightGCN,6,0.9982455968856812,-0.48177361488342285,-0.36503875255584717,0.0016468388494104147,1.9147144556045532,0.9541676044464111
2147,St. Louis,Commute Time,tract,6714,241,Feat\&PC-LightGCN,7,0.9895907640457153,-0.2888535261154175,-0.5976619720458984,0.009771149605512619,1.665427565574646,1.116772174835205
2148,St. Louis,Commute Time,tract,6714,241,Feat\&PC-LightGCN,8,0.9898256659507751,-0.5840094089508057,-0.5878537893295288,0.009550631046295166,2.046821355819702,1.1099162101745605
2149,St. Louis,Commute Time,tract,6714,241,Feat\&PC-LightGCN,9,0.9909535646438599,-0.25435972213745117,-0.4019594192504883,0.008491897024214268,1.620855450630188,0.9799753427505493
2150,St. Louis,Commute Time,tract,6714,241,NoPreTrain,0,0.997481107711792,-0.6542447805404663,-0.4999074935913086,0.002364477375522256,2.137577772140503,1.0484414100646973
2151,St. Louis,Commute Time,tract,6714,241,NoPreTrain,1,0.9988382458686829,-0.655307412147522,-0.6866419315338135,0.0010905559174716473,2.138951063156128,1.1789695024490356
2152,St. Louis,Commute Time,tract,6714,241,NoPreTrain,2,0.9968618154525757,-0.3987993001937866,-0.5197153091430664,0.002945807296782732,1.8074970245361328,1.0622872114181519
2153,St. Louis,Commute Time,tract,6714,241,NoPreTrain,3,0.999017596244812,-0.9589520692825317,-0.557425856590271,0.0009221615619026124,2.531313896179199,1.0886468887329102
2154,St. Louis,Commute Time,tract,6714,241,NoPreTrain,4,0.9929283857345581,-0.35664868354797363,-0.6756465435028076,0.006638118531554937,1.7530308961868286,1.1712837219238281
2155,St. Louis,Commute Time,tract,6714,241,NoPreTrain,5,0.9971803426742554,-0.9379616975784302,-1.1415011882781982,0.002646820852532983,2.504190683364868,1.4969180822372437
2156,St. Louis,Commute Time,tract,6714,241,NoPreTrain,6,0.9975448846817017,-0.6042962074279785,-1.3447113037109375,0.0023046424612402916,2.073035478591919,1.638962745666504
2157,St. Louis,Commute Time,tract,6714,241,NoPreTrain,7,0.9958797693252563,-0.5890260934829712,-0.09149909019470215,0.003867662511765957,2.0533037185668945,0.762962281703949
2158,St. Louis,Commute Time,tract,6714,241,NoPreTrain,8,0.9982067346572876,-1.1594021320343018,-0.4652869701385498,0.0016833157278597355,2.7903308868408203,1.0242414474487305
2159,St. Louis,Commute Time,tract,6714,241,NoPreTrain,9,0.9914576411247253,-0.8109718561172485,-0.33472490310668945,0.008018695749342442,2.340097188949585,0.932978093624115
2160,St. Louis,Median Age,tract,9835,366,Emb,0,0.9390448331832886,-0.7143458127975464,-0.5742095708847046,0.06054873391985893,1.4384595155715942,1.2848414182662964
2161,St. Louis,Median Age,tract,9835,366,Emb,1,0.9974075555801392,-0.4207977056503296,-0.5897676944732666,0.0025751313660293818,1.1921515464782715,1.2975395917892456
2162,St. Louis,Median Age,tract,9835,366,Emb,2,0.9961041212081909,-0.28093230724334717,-0.40663981437683105,0.0038698960561305285,1.0747944116592407,1.1480739116668701
2163,St. Louis,Median Age,tract,9835,366,Emb,3,0.9982136487960815,-0.4465932846069336,-0.6815958023071289,0.0017744321376085281,1.2137959003448486,1.372488021850586
2164,St. Louis,Median Age,tract,9835,366,Emb,4,0.9887524247169495,-0.584322452545166,-0.4922904968261719,0.011172575876116753,1.3293604850769043,1.2179805040359497
2165,St. Louis,Median Age,tract,9835,366,Emb,5,0.9909217953681946,-0.7131773233413696,-0.5360966920852661,0.00901770405471325,1.4374791383743286,1.2537342309951782
2166,St. Louis,Median Age,tract,9835,366,Emb,6,0.9990203976631165,-0.3583207130432129,-0.2640160322189331,0.0009730878518894315,1.1397287845611572,1.0316669940948486
2167,St. Louis,Median Age,tract,9835,366,Emb,7,0.9916623830795288,-0.32008206844329834,-0.31465744972229004,0.008282049559056759,1.1076438426971436,1.0729995965957642
2168,St. Louis,Median Age,tract,9835,366,Emb,8,0.9740762114524841,-0.2640955448150635,-0.7961276769638062,0.02575095184147358,1.0606671571731567,1.4659669399261475
2169,St. Louis,Median Age,tract,9835,366,Emb,9,0.9695295691490173,-0.6164562702178955,-0.4631582498550415,0.030267272144556046,1.3563231229782104,1.19420325756073
2170,St. Louis,Median Age,tract,9835,366,RGNN,0,0.7806121110916138,-0.43742072582244873,-0.013583540916442871,0.21792511641979218,1.2060993909835815,0.8272684812545776
2171,St. Louis,Median Age,tract,9835,366,RGNN,1,0.6670368909835815,-0.9246813058853149,-0.4705047607421875,0.33074310421943665,1.6149461269378662,1.2001993656158447
2172,St. Louis,Median Age,tract,9835,366,RGNN,2,0.8777823448181152,-0.8449761867523193,-0.06677889823913574,0.12140275537967682,1.5480678081512451,0.8706856966018677
2173,St. Louis,Median Age,tract,9835,366,RGNN,3,0.9146292805671692,-0.6443561315536499,-0.21605777740478516,0.08480150252580643,1.3797332048416138,0.9925243258476257
2174,St. Louis,Median Age,tract,9835,366,RGNN,4,0.6476370096206665,-0.5862290859222412,-0.03384232521057129,0.3500135838985443,1.3309603929519653,0.843803346157074
2175,St. Louis,Median Age,tract,9835,366,RGNN,5,0.8839888572692871,-0.441089391708374,-0.39242351055145264,0.11523762345314026,1.2091777324676514,1.136470913887024
2176,St. Louis,Median Age,tract,9835,366,RGNN,6,0.824097216129303,-0.36938416957855225,-0.2029411792755127,0.17472995817661285,1.1490118503570557,0.9818188548088074
2177,St. Louis,Median Age,tract,9835,366,RGNN,7,0.873710572719574,-0.7759580612182617,-0.4179443120956421,0.12544739246368408,1.490156650543213,1.1573004722595215
2178,St. Louis,Median Age,tract,9835,366,RGNN,8,0.8478600382804871,-0.43364453315734863,-0.44295668601989746,0.15112555027008057,1.2029309272766113,1.1777150630950928
2179,St. Louis,Median Age,tract,9835,366,RGNN,9,0.6757808923721313,-0.6657989025115967,-0.5847383737564087,0.3220573663711548,1.3977251052856445,1.293434739112854
2180,St. Louis,Median Age,tract,9835,366,Feat-RGNN,0,0.8116284608840942,-0.37547922134399414,-0.18332529067993164,0.18711553514003754,1.1541260480880737,0.9658086895942688
2181,St. Louis,Median Age,tract,9835,366,Feat-RGNN,1,0.813845157623291,-0.3796367645263672,-0.13929033279418945,0.18491366505622864,1.1576144695281982,0.9298681020736694
2182,St. Louis,Median Age,tract,9835,366,Feat-RGNN,2,0.793769359588623,-0.42410218715667725,-0.8293378353118896,0.20485557615756989,1.194924235343933,1.4930723905563354
2183,St. Louis,Median Age,tract,9835,366,Feat-RGNN,3,0.9016159772872925,-0.4125020503997803,-0.2683243751525879,0.09772802889347076,1.1851909160614014,1.035183310508728
2184,St. Louis,Median Age,tract,9835,366,Feat-RGNN,4,0.891922116279602,-0.8495999574661255,-0.3363605737686157,0.10735729336738586,1.5519474744796753,1.0907132625579834
2185,St. Louis,Median Age,tract,9835,366,Feat-RGNN,5,0.7431768178939819,-0.2150592803955078,-0.08223319053649902,0.2551107704639435,1.0195221900939941,0.8832991123199463
2186,St. Louis,Median Age,tract,9835,366,Feat-RGNN,6,0.7705916166305542,-0.31145524978637695,-0.38793396949768066,0.22787877917289734,1.1004053354263306,1.132806658744812
2187,St. Louis,Median Age,tract,9835,366,Feat-RGNN,7,0.9176502227783203,-1.0100953578948975,-0.7277157306671143,0.08180072158575058,1.686614751815796,1.410130262374878
2188,St. Louis,Median Age,tract,9835,366,Feat-RGNN,8,0.9512180089950562,-0.7013449668884277,-0.7081396579742432,0.04845675453543663,1.4275507926940918,1.3941526412963867
2189,St. Louis,Median Age,tract,9835,366,Feat-RGNN,9,0.9588911533355713,-0.5128387212753296,-0.41834235191345215,0.04083472117781639,1.2693805694580078,1.1576253175735474
2190,St. Louis,Median Age,tract,9835,366,Feat\&PC-RGNN,0,0.7231318950653076,-0.8607748746871948,-0.29068827629089355,0.27502208948135376,1.5613240003585815,1.0534363985061646
2191,St. Louis,Median Age,tract,9835,366,Feat\&PC-RGNN,1,0.6709410548210144,-1.0187020301818848,-0.022446632385253906,0.32686492800712585,1.6938363313674927,0.8345024585723877
2192,St. Louis,Median Age,tract,9835,366,Feat\&PC-RGNN,2,0.7675256729125977,-1.2367229461669922,-0.0783916711807251,0.2309243232011795,1.8767714500427246,0.8801637887954712
2193,St. Louis,Median Age,tract,9835,366,Feat\&PC-RGNN,3,0.7365862131118774,-0.830265998840332,0.12137758731842041,0.2616574764251709,1.5357248783111572,0.7171157002449036
2194,St. Louis,Median Age,tract,9835,366,Feat\&PC-RGNN,4,0.8058714866638184,-1.1459155082702637,-0.12437605857849121,0.19283416867256165,1.8005776405334473,0.9176954030990601
2195,St. Louis,Median Age,tract,9835,366,Feat\&PC-RGNN,5,0.8230527639389038,-0.37800121307373047,-0.016077041625976562,0.1757674515247345,1.1562421321868896,0.8293036818504333
2196,St. Louis,Median Age,tract,9835,366,Feat\&PC-RGNN,6,0.7957079410552979,-1.4755380153656006,-0.2350301742553711,0.20292994379997253,2.0771543979644775,1.0080093145370483
2197,St. Louis,Median Age,tract,9835,366,Feat\&PC-RGNN,7,0.8145508170127869,-1.519153356552124,-0.12439441680908203,0.18421269953250885,2.11375093460083,0.9177103638648987
2198,St. Louis,Median Age,tract,9835,366,Feat\&PC-RGNN,8,0.8110644817352295,-1.7360198497772217,-0.2050487995147705,0.18767575919628143,2.295717716217041,0.9835390448570251
2199,St. Louis,Median Age,tract,9835,366,Feat\&PC-RGNN,9,0.8298153877258301,-1.1299331188201904,-0.10962975025177002,0.1690499186515808,1.7871673107147217,0.9056597352027893
2200,St. Louis,Median Age,tract,9835,366,LightGCN,0,0.9348750710487366,-0.5921967029571533,-0.22140812873840332,0.0646907240152359,1.3359675407409668,0.99689120054245
2201,St. Louis,Median Age,tract,9835,366,LightGCN,1,0.853030264377594,-1.089505910873413,-0.137642502784729,0.145989790558815,1.7532458305358887,0.9285231828689575
2202,St. Louis,Median Age,tract,9835,366,LightGCN,2,0.9312755465507507,-0.49500572681427,-0.0012412071228027344,0.06826625764369965,1.2544174194335938,0.817194938659668
2203,St. Louis,Median Age,tract,9835,366,LightGCN,3,0.8986104130744934,-0.6186754703521729,-0.3509589433670044,0.1007135659456253,1.3581852912902832,1.102628231048584
2204,St. Louis,Median Age,tract,9835,366,LightGCN,4,0.9453647136688232,-0.7782808542251587,-0.11680114269256592,0.05427100136876106,1.4921057224273682,0.9115128517150879
2205,St. Louis,Median Age,tract,9835,366,LightGCN,5,0.8510345816612244,-0.8899478912353516,-0.03550302982330322,0.14797218143939972,1.5858023166656494,0.8451588153839111
2206,St. Louis,Median Age,tract,9835,366,LightGCN,6,0.8520026803016663,-0.38837695121765137,-0.2196059226989746,0.14701053500175476,1.1649482250213623,0.9954202771186829
2207,St. Louis,Median Age,tract,9835,366,LightGCN,7,0.8812149167060852,-0.5090638399124146,-0.08788371086120605,0.11799308657646179,1.2662131786346436,0.8879110217094421
2208,St. Louis,Median Age,tract,9835,366,LightGCN,8,0.8500370979309082,-0.7855501174926758,-0.14019691944122314,0.14896298944950104,1.4982050657272339,0.9306080937385559
2209,St. Louis,Median Age,tract,9835,366,LightGCN,9,0.9376017451286316,-0.5159211158752441,-0.3089529275894165,0.061982203274965286,1.2719669342041016,1.0683437585830688
2210,St. Louis,Median Age,tract,9835,366,Feat-LightGCN,0,0.9850882291793823,-0.7095005512237549,0.12333846092224121,0.014812357723712921,1.4343940019607544,0.7155153155326843
2211,St. Louis,Median Age,tract,9835,366,Feat-LightGCN,1,0.9796890616416931,-1.0350635051727295,-0.19221127033233643,0.020175524055957794,1.7075647115707397,0.973061203956604
2212,St. Louis,Median Age,tract,9835,366,Feat-LightGCN,2,0.9794974327087402,-0.7928647994995117,-0.04749190807342529,0.020365867763757706,1.5043425559997559,0.8549439907073975
2213,St. Louis,Median Age,tract,9835,366,Feat-LightGCN,3,0.9677954912185669,-0.933111310005188,-0.07055461406707764,0.031989794224500656,1.6220195293426514,0.8737673163414001
2214,St. Louis,Median Age,tract,9835,366,Feat-LightGCN,4,0.9973289370536804,-0.8227705955505371,0.04515022039413452,0.002653261413797736,1.5294357538223267,0.7793310880661011
2215,St. Louis,Median Age,tract,9835,366,Feat-LightGCN,5,0.9837701916694641,-1.2107641696929932,-0.1493237018585205,0.01612159237265587,1.8549902439117432,0.9380572438240051
2216,St. Louis,Median Age,tract,9835,366,Feat-LightGCN,6,0.9833483099937439,-0.9580047130584717,-0.06611073017120361,0.016540683805942535,1.642906904220581,0.8701402544975281
2217,St. Louis,Median Age,tract,9835,366,Feat-LightGCN,7,0.9962329268455505,-0.500619649887085,-0.1215815544128418,0.0037419628351926804,1.2591278553009033,0.915414571762085
2218,St. Louis,Median Age,tract,9835,366,Feat-LightGCN,8,0.9841867685317993,-0.88410484790802,-0.1384575366973877,0.015707794576883316,1.5808995962142944,0.9291883707046509
2219,St. Louis,Median Age,tract,9835,366,Feat-LightGCN,9,0.9946122765541077,-0.4533287286758423,0.10519766807556152,0.0053518000058829784,1.219447374343872,0.73032146692276
2220,St. Louis,Median Age,tract,9835,366,Feat\&PC-LightGCN,0,0.9913344383239746,-0.5475442409515381,-0.23047196865081787,0.008607807569205761,1.2985010147094727,1.004288911819458
2221,St. Louis,Median Age,tract,9835,366,Feat\&PC-LightGCN,1,0.9850926995277405,-0.5762991905212402,-0.7120953798294067,0.014807933941483498,1.3226284980773926,1.3973811864852905
2222,St. Louis,Median Age,tract,9835,366,Feat\&PC-LightGCN,2,0.9958770275115967,-0.7192373275756836,-0.539661169052124,0.0040955008007586,1.442563772201538,1.256643533706665
2223,St. Louis,Median Age,tract,9835,366,Feat\&PC-LightGCN,3,0.990786612033844,-0.9061251878738403,-0.42585277557373047,0.009151937440037727,1.5993762016296387,1.1637552976608276
2224,St. Louis,Median Age,tract,9835,366,Feat\&PC-LightGCN,4,0.9854280352592468,-0.48122596740722656,-0.47032737731933594,0.014474829658865929,1.242855191230774,1.2000545263290405
2225,St. Louis,Median Age,tract,9835,366,Feat\&PC-LightGCN,5,0.9946075081825256,-0.8512530326843262,-0.3382917642593384,0.005356559995561838,1.5533345937728882,1.0922894477844238
2226,St. Louis,Median Age,tract,9835,366,Feat\&PC-LightGCN,6,0.9691399931907654,-0.8525686264038086,-0.6254439353942871,0.030654245987534523,1.5544384717941284,1.3266578912734985
2227,St. Louis,Median Age,tract,9835,366,Feat\&PC-LightGCN,7,0.9924525022506714,-0.6752517223358154,-0.5196194648742676,0.007497195154428482,1.4056568145751953,1.240285873413086
2228,St. Louis,Median Age,tract,9835,366,Feat\&PC-LightGCN,8,0.9889095425605774,-0.9611520767211914,-0.6200470924377441,0.011016503907740116,1.6455477476119995,1.3222531080245972
2229,St. Louis,Median Age,tract,9835,366,Feat\&PC-LightGCN,9,0.9917423725128174,-0.852098822593689,-0.48261570930480957,0.008202574215829372,1.554044246673584,1.2100841999053955
2230,St. Louis,Median Age,tract,9835,366,NoPreTrain,0,0.9982283115386963,-0.6515871286392212,-0.758337140083313,0.0017598631093278527,1.3858004808425903,1.4351229667663574
2231,St. Louis,Median Age,tract,9835,366,NoPreTrain,1,0.9951657056808472,-0.69945228099823,-0.6580356359481812,0.004802064970135689,1.4259628057479858,1.353258728981018
2232,St. Louis,Median Age,tract,9835,366,NoPreTrain,2,0.9582522511482239,-1.4956355094909668,-0.960752010345459,0.04146938771009445,2.094017744064331,1.6003303527832031
2233,St. Louis,Median Age,tract,9835,366,NoPreTrain,3,0.9763435125350952,-1.119194507598877,-0.793677806854248,0.0234987810254097,1.7781566381454468,1.4639674425125122
2234,St. Louis,Median Age,tract,9835,366,NoPreTrain,4,0.9803029298782349,-0.634577751159668,-0.8106671571731567,0.01956573873758316,1.3715283870697021,1.4778337478637695
2235,St. Louis,Median Age,tract,9835,366,NoPreTrain,5,0.9939936399459839,-1.057140827178955,-0.47590839862823486,0.00596632482483983,1.7260891199111938,1.204609751701355
2236,St. Louis,Median Age,tract,9835,366,NoPreTrain,6,0.9985003471374512,-1.1651813983917236,-0.4653254747390747,0.001489673857577145,1.816743016242981,1.1959720849990845
2237,St. Louis,Median Age,tract,9835,366,NoPreTrain,7,0.9983565807342529,-2.023991584777832,-1.1495587825775146,0.001632486004382372,2.537346601486206,1.7544310092926025
2238,St. Louis,Median Age,tract,9835,366,NoPreTrain,8,0.999457836151123,-1.3471570014953613,-1.1030313968658447,0.000538556429091841,1.9694336652755737,1.7164561748504639
2239,St. Louis,Median Age,tract,9835,366,NoPreTrain,9,0.9668580293655396,-1.0137357711791992,-1.1462013721466064,0.03292100876569748,1.6896692514419556,1.7516906261444092
2240,Indianapolis,Median Income,tract,6800,231,Emb,0,0.9998888373374939,-0.15192008018493652,0.017313063144683838,0.00011629195796558633,0.7579489350318909,1.5406466722488403
2241,Indianapolis,Median Income,tract,6800,231,Emb,1,0.9901132583618164,-0.02870762348175049,-0.021288275718688965,0.010343632660806179,0.6768766641616821,1.6011654138565063
2242,Indianapolis,Median Income,tract,6800,231,Emb,2,0.9980074763298035,-0.1267627477645874,0.015266239643096924,0.002084607258439064,0.7413957118988037,1.5438556671142578
2243,Indianapolis,Median Income,tract,6800,231,Emb,3,0.9978621006011963,-0.10718095302581787,-0.14571189880371094,0.002236714819446206,0.7285111546516418,1.7962355613708496
2244,Indianapolis,Median Income,tract,6800,231,Emb,4,0.992185115814209,-0.17873573303222656,-0.1292109489440918,0.008176016621291637,0.7755932807922363,1.770365595817566
2245,Indianapolis,Median Income,tract,6800,231,Emb,5,0.992323100566864,-0.1406465768814087,-0.04961669445037842,0.008031656965613365,0.7505310773849487,1.645578384399414
2246,Indianapolis,Median Income,tract,6800,231,Emb,6,0.9984562993049622,-0.06853389739990234,-0.06096625328063965,0.0016150299925357103,0.7030819058418274,1.6633721590042114
2247,Indianapolis,Median Income,tract,6800,231,Emb,7,0.9998335838317871,-0.002268671989440918,0.09593111276626587,0.00017411677981726825,0.6594802141189575,1.4173901081085205
2248,Indianapolis,Median Income,tract,6800,231,Emb,8,0.9981290698051453,0.05667775869369507,-0.0731273889541626,0.001957399072125554,0.6206941604614258,1.6824382543563843
2249,Indianapolis,Median Income,tract,6800,231,Emb,9,0.9988564848899841,-0.24802279472351074,-0.001054525375366211,0.0011963520664721727,0.8211833238601685,1.5694432258605957
2250,Indianapolis,Median Income,tract,6800,231,RGNN,0,0.9163395166397095,-0.24252891540527344,0.10324770212173462,0.08752680569887161,0.8175684213638306,1.4059191942214966
2251,Indianapolis,Median Income,tract,6800,231,RGNN,1,0.8766089677810669,0.15325385332107544,-0.03621697425842285,0.1290934979915619,0.5571483373641968,1.6245704889297485
2252,Indianapolis,Median Income,tract,6800,231,RGNN,2,0.8948737978935242,-0.08808493614196777,0.12002766132354736,0.10998457670211792,0.7159461975097656,1.3796117305755615
2253,Indianapolis,Median Income,tract,6800,231,RGNN,3,0.9243395924568176,-0.12099754810333252,0.10105156898498535,0.0791570246219635,0.7376022934913635,1.4093623161315918
2254,Indianapolis,Median Income,tract,6800,231,RGNN,4,0.9510596990585327,-0.2776193618774414,0.10201549530029297,0.05120206996798515,0.8406574130058289,1.407850980758667
2255,Indianapolis,Median Income,tract,6800,231,RGNN,5,0.8119498491287231,-0.6696091890335083,0.1212841272354126,0.19674085080623627,1.0985819101333618,1.3776419162750244
2256,Indianapolis,Median Income,tract,6800,231,RGNN,6,0.8914062976837158,-0.13635790348052979,0.11456018686294556,0.11361232399940491,0.7477092146873474,1.38818359375
2257,Indianapolis,Median Income,tract,6800,231,RGNN,7,0.9258082509040833,0.21417611837387085,0.09277784824371338,0.0776204764842987,0.517062246799469,1.4223337173461914
2258,Indianapolis,Median Income,tract,6800,231,RGNN,8,0.8163989782333374,0.18329304456710815,0.1598615050315857,0.1920861005783081,0.5373829007148743,1.317160725593567
2259,Indianapolis,Median Income,tract,6800,231,RGNN,9,0.8779084086418152,0.007779240608215332,0.10936617851257324,0.12773403525352478,0.6528687477111816,1.3963267803192139
2260,Indianapolis,Median Income,tract,6800,231,Feat-RGNN,0,0.8347159028053284,-0.10931897163391113,0.22953671216964722,0.17292264103889465,0.7299179434776306,1.2079246044158936
2261,Indianapolis,Median Income,tract,6800,231,Feat-RGNN,1,0.863420844078064,0.00508040189743042,0.20260781049728394,0.14289109408855438,0.6546446084976196,1.2501434087753296
2262,Indianapolis,Median Income,tract,6800,231,Feat-RGNN,2,0.869398295879364,-0.12261772155761719,0.25435972213745117,0.13663743436336517,0.7386683821678162,1.1690073013305664
2263,Indianapolis,Median Income,tract,6800,231,Feat-RGNN,3,0.8075904846191406,-0.3743690252304077,0.22703766822814941,0.20130164921283722,0.9043174982070923,1.2118425369262695
2264,Indianapolis,Median Income,tract,6800,231,Feat-RGNN,4,0.9346851706504822,0.01686161756515503,0.23827040195465088,0.06833333522081375,0.6468927264213562,1.1942319869995117
2265,Indianapolis,Median Income,tract,6800,231,Feat-RGNN,5,0.9381305575370789,-0.20854783058166504,0.31469619274139404,0.06472872197628021,0.7952092885971069,1.07441246509552
2266,Indianapolis,Median Income,tract,6800,231,Feat-RGNN,6,0.8526477217674255,-0.12270915508270264,0.2213626503944397,0.15416212379932404,0.7387284636497498,1.2207398414611816
2267,Indianapolis,Median Income,tract,6800,231,Feat-RGNN,7,0.9688757658004761,-0.03509092330932617,0.23203372955322266,0.03256262466311455,0.6810768246650696,1.204009771347046
2268,Indianapolis,Median Income,tract,6800,231,Feat-RGNN,8,0.9034303426742554,-0.16731226444244385,0.2700135111808777,0.10103260725736618,0.7680767774581909,1.1444655656814575
2269,Indianapolis,Median Income,tract,6800,231,Feat-RGNN,9,0.8871750831604004,-0.06889963150024414,0.2903020977973938,0.11803906410932541,0.7033225297927856,1.1126573085784912
2270,Indianapolis,Median Income,tract,6800,231,Feat\&PC-RGNN,0,0.965958833694458,-0.3551771640777588,0.057203471660614014,0.03561437129974365,0.8916895389556885,1.4781068563461304
2271,Indianapolis,Median Income,tract,6800,231,Feat\&PC-RGNN,1,0.8711830377578735,-0.378320574760437,0.1103408932685852,0.13477016985416412,0.9069175720214844,1.3947986364364624
2272,Indianapolis,Median Income,tract,6800,231,Feat\&PC-RGNN,2,0.9167196750640869,-0.3014923334121704,0.033452630043029785,0.08712909370660782,0.8563656210899353,1.515343189239502
2273,Indianapolis,Median Income,tract,6800,231,Feat\&PC-RGNN,3,0.9376125335693359,-0.14485585689544678,0.04085499048233032,0.06527066975831985,0.7533007860183716,1.5037379264831543
2274,Indianapolis,Median Income,tract,6800,231,Feat\&PC-RGNN,4,0.8656474947929382,-0.1629260778427124,0.12702029943466187,0.1405615657567978,0.7651907205581665,1.3686487674713135
2275,Indianapolis,Median Income,tract,6800,231,Feat\&PC-RGNN,5,0.9453955888748169,-0.5550825595855713,0.17458617687225342,0.05712796747684479,1.0232248306274414,1.2940754890441895
2276,Indianapolis,Median Income,tract,6800,231,Feat\&PC-RGNN,6,0.8046048879623413,-0.29754793643951416,-0.0028761625289916992,0.20442520081996918,0.8537701964378357,1.5722992420196533
2277,Indianapolis,Median Income,tract,6800,231,Feat\&PC-RGNN,7,0.9050794839859009,-0.716415524482727,0.04244202375411987,0.09930720925331116,1.1293798685073853,1.5012497901916504
2278,Indianapolis,Median Income,tract,6800,231,Feat\&PC-RGNN,8,0.9581307172775269,-0.314905047416687,0.14361578226089478,0.043804243206977844,0.8651909828186035,1.3426306247711182
2279,Indianapolis,Median Income,tract,6800,231,Feat\&PC-RGNN,9,0.9224485754966736,-0.4269777536392212,0.05939227342605591,0.08113541454076767,0.9389334321022034,1.4746752977371216
2280,Indianapolis,Median Income,tract,6800,231,LightGCN,0,0.9391591548919678,0.06318455934524536,0.3013639450073242,0.06365260481834412,0.6164127588272095,1.095314621925354
2281,Indianapolis,Median Income,tract,6800,231,LightGCN,1,0.9923616647720337,0.15903258323669434,0.3039582371711731,0.007991328835487366,0.5533459782600403,1.0912472009658813
2282,Indianapolis,Median Income,tract,6800,231,LightGCN,2,0.9275244474411011,0.021110594272613525,0.31134724617004395,0.07582496106624603,0.6440969109535217,1.0796629190444946
2283,Indianapolis,Median Income,tract,6800,231,LightGCN,3,0.9326122403144836,-0.012892723083496094,0.15763342380523682,0.07050208747386932,0.6664706468582153,1.3206539154052734
2284,Indianapolis,Median Income,tract,6800,231,LightGCN,4,0.9137199521064758,0.14688867330551147,0.2602216601371765,0.09026744216680527,0.5613365173339844,1.1598169803619385
2285,Indianapolis,Median Income,tract,6800,231,LightGCN,5,0.8955872058868408,0.11524879932403564,0.307007372379303,0.10923819243907928,0.582155168056488,1.086466908454895
2286,Indianapolis,Median Income,tract,6800,231,LightGCN,6,0.8453762531280518,0.08684825897216797,0.2535492181777954,0.16176961362361908,0.6008423566818237,1.1702780723571777
2287,Indianapolis,Median Income,tract,6800,231,LightGCN,7,0.9477576017379761,0.09847813844680786,0.2909255027770996,0.05465675890445709,0.59319007396698,1.1116799116134644
2288,Indianapolis,Median Income,tract,6800,231,LightGCN,8,0.9337000250816345,0.06418198347091675,0.3691306710243225,0.06936399638652802,0.6157565116882324,0.9890705943107605
2289,Indianapolis,Median Income,tract,6800,231,LightGCN,9,0.9257920384407043,0.13693344593048096,0.30150628089904785,0.07763747870922089,0.5678869485855103,1.0950913429260254
2290,Indianapolis,Median Income,tract,6800,231,Feat-LightGCN,0,0.9888916015625,0.1262628436088562,0.3465867042541504,0.011621741577982903,0.5749080777168274,1.0244147777557373
2291,Indianapolis,Median Income,tract,6800,231,Feat-LightGCN,1,0.986504316329956,-0.03608572483062744,0.2739517092704773,0.014119384810328484,0.6817313432693481,1.1382912397384644
2292,Indianapolis,Median Income,tract,6800,231,Feat-LightGCN,2,0.996624231338501,0.09859448671340942,0.3107319474220276,0.0035317486617714167,0.5931134819984436,1.0806275606155396
2293,Indianapolis,Median Income,tract,6800,231,Feat-LightGCN,3,0.9969677329063416,0.2830253839492798,0.35255783796310425,0.0031724197324365377,0.4717603027820587,1.0150532722473145
2294,Indianapolis,Median Income,tract,6800,231,Feat-LightGCN,4,0.9960419535636902,0.017903923988342285,0.3872741460800171,0.004140987992286682,0.6462068557739258,0.960625410079956
2295,Indianapolis,Median Income,tract,6800,231,Feat-LightGCN,5,0.9962865710258484,0.11872988939285278,0.3483254909515381,0.003885027254000306,0.5798646807670593,1.02168869972229
2296,Indianapolis,Median Income,tract,6800,231,Feat-LightGCN,6,0.9876419901847839,0.1293100118637085,0.2571142911911011,0.012929102405905724,0.572903037071228,1.1646887063980103
2297,Indianapolis,Median Income,tract,6800,231,Feat-LightGCN,7,0.9952359199523926,0.18165242671966553,0.3233862519264221,0.004984250757843256,0.5384624600410461,1.0607882738113403
2298,Indianapolis,Median Income,tract,6800,231,Feat-LightGCN,8,0.9898955821990967,0.016661763191223145,0.20296615362167358,0.010571373626589775,0.6470242142677307,1.2495815753936768
2299,Indianapolis,Median Income,tract,6800,231,Feat-LightGCN,9,0.989840567111969,0.2266184687614441,0.23714864253997803,0.0106289591640234,0.50887531042099,1.1959906816482544
2300,Indianapolis,Median Income,tract,6800,231,Feat\&PC-LightGCN,0,0.9722154140472412,-0.3223109245300293,0.2972283959388733,0.029068632051348686,0.8700639605522156,1.1017982959747314
2301,Indianapolis,Median Income,tract,6800,231,Feat\&PC-LightGCN,1,0.9722200632095337,-0.23642981052398682,0.26718026399612427,0.029063774272799492,0.8135552406311035,1.1489074230194092
2302,Indianapolis,Median Income,tract,6800,231,Feat\&PC-LightGCN,2,0.9913132190704346,-0.14996671676635742,0.2846236824989319,0.00908823125064373,0.7566636204719543,1.121559739112854
2303,Indianapolis,Median Income,tract,6800,231,Feat\&PC-LightGCN,3,0.9851213097572327,-0.4447050094604492,0.2576190233230591,0.015566318295896053,0.9505977630615234,1.1638973951339722
2304,Indianapolis,Median Income,tract,6800,231,Feat\&PC-LightGCN,4,0.9928690195083618,-0.33569371700286865,0.3035414218902588,0.007460566703230143,0.8788696527481079,1.0919007062911987
2305,Indianapolis,Median Income,tract,6800,231,Feat\&PC-LightGCN,5,0.9861548542976379,-0.6038422584533691,0.2792742848396301,0.014484968967735767,1.0553081035614014,1.1299464702606201
2306,Indianapolis,Median Income,tract,6800,231,Feat\&PC-LightGCN,6,0.9842525720596313,-0.18722927570343018,0.32907742261886597,0.016475165262818336,0.7811819314956665,1.0518656969070435
2307,Indianapolis,Median Income,tract,6800,231,Feat\&PC-LightGCN,7,0.9907589554786682,-0.14460062980651855,0.2895413637161255,0.009668136015534401,0.7531328797340393,1.1138498783111572
2308,Indianapolis,Median Income,tract,6800,231,Feat\&PC-LightGCN,8,0.9863266944885254,-0.08876276016235352,0.3461848497390747,0.014305190183222294,0.7163921594619751,1.0250447988510132
2309,Indianapolis,Median Income,tract,6800,231,Feat\&PC-LightGCN,9,0.9973714351654053,-0.32975637912750244,0.30210381746292114,0.002750065177679062,0.8749629855155945,1.0941545963287354
2310,Indianapolis,Median Income,tract,6800,231,NoPreTrain,0,0.9992780685424805,-2.002051830291748,-0.5081218481063843,0.0007552904426120222,1.9753124713897705,2.3644182682037354
2311,Indianapolis,Median Income,tract,6800,231,NoPreTrain,1,0.9842302799224854,-1.0179555416107178,-0.44685280323028564,0.01649848371744156,1.327789306640625,2.2683610916137695
2312,Indianapolis,Median Income,tract,6800,231,NoPreTrain,2,0.9947200417518616,-0.7880375385284424,0.1452016830444336,0.00552397733554244,1.1765061616897583,1.3401442766189575
2313,Indianapolis,Median Income,tract,6800,231,NoPreTrain,3,0.998102605342865,-0.6314369440078735,-0.16512274742126465,0.001985101494938135,1.0734649896621704,1.8266676664352417
2314,Indianapolis,Median Income,tract,6800,231,NoPreTrain,4,0.9974309206008911,-1.3247790336608887,-0.5049227476119995,0.0026878213975578547,1.5296753644943237,2.359402656555176
2315,Indianapolis,Median Income,tract,6800,231,NoPreTrain,5,0.997245728969574,-0.3801666498184204,-0.14208197593688965,0.0028815388213843107,0.9081323146820068,1.7905447483062744
2316,Indianapolis,Median Income,tract,6800,231,NoPreTrain,6,0.9986845850944519,-0.7956352233886719,-0.41939449310302734,0.001376186148263514,1.1815053224563599,2.2253124713897705
2317,Indianapolis,Median Income,tract,6800,231,NoPreTrain,7,0.9870485067367554,-0.3345050811767578,0.08065766096115112,0.013550033792853355,0.87808758020401,1.441335678100586
2318,Indianapolis,Median Income,tract,6800,231,NoPreTrain,8,0.9974431395530701,-3.8101062774658203,-0.5559996366500854,0.0026749984826892614,3.1649892330169678,2.4394805431365967
2319,Indianapolis,Median Income,tract,6800,231,NoPreTrain,9,0.9965670704841614,-0.14955627918243408,-0.14236080646514893,0.0035915859043598175,0.7563936114311218,1.7909818887710571
2320,Indianapolis,Median Home Value,tract,6727,229,Emb,0,0.9946978092193604,0.3868260383605957,0.09323698282241821,0.0048496597446501255,0.9642422795295715,0.8240471482276917
2321,Indianapolis,Median Home Value,tract,6727,229,Emb,1,0.9999799132347107,0.4155656099319458,-0.047031521797180176,1.835608964029234e-05,0.9190480709075928,0.9515202641487122
2322,Indianapolis,Median Home Value,tract,6727,229,Emb,2,0.9999685287475586,0.3732296824455261,0.11708414554595947,2.8772752557415515e-05,0.9856231808662415,0.8023753762245178
2323,Indianapolis,Median Home Value,tract,6727,229,Emb,3,0.9979380965232849,0.3674018979072571,-0.037682294845581055,0.0018859022529795766,0.9947875738143921,0.9430238604545593
2324,Indianapolis,Median Home Value,tract,6727,229,Emb,4,0.9999737739562988,0.4086553454399109,0.1403731107711792,2.4001783458516002e-05,0.9299147129058838,0.7812108397483826
2325,Indianapolis,Median Home Value,tract,6727,229,Emb,5,0.9999752640724182,0.3413041830062866,0.1935408115386963,2.2625914425589144e-05,1.0358272790908813,0.732893168926239
2326,Indianapolis,Median Home Value,tract,6727,229,Emb,6,0.99777752161026,0.29903364181518555,0.031296372413635254,0.0020328054670244455,1.1022995710372925,0.8803375363349915
2327,Indianapolis,Median Home Value,tract,6727,229,Emb,7,0.9999392032623291,0.4302624464035034,0.1323695182800293,5.5611868447158486e-05,0.8959367275238037,0.7884843349456787
2328,Indianapolis,Median Home Value,tract,6727,229,Emb,8,0.9999837875366211,0.41059327125549316,0.0668797492980957,1.482670268160291e-05,0.9268673062324524,0.8480000495910645
2329,Indianapolis,Median Home Value,tract,6727,229,Emb,9,0.9996333718299866,0.31592512130737305,0.09098935127258301,0.00033531663939356804,1.0757369995117188,0.8260897994041443
2330,Indianapolis,Median Home Value,tract,6727,229,RGNN,0,0.9264546036720276,0.3009566068649292,0.09345889091491699,0.06726851314306259,1.0992755889892578,0.8238455057144165
2331,Indianapolis,Median Home Value,tract,6727,229,RGNN,1,0.9774103760719299,0.39301246404647827,0.0918460488319397,0.02066163904964924,0.9545139074325562,0.8253112435340881
2332,Indianapolis,Median Home Value,tract,6727,229,RGNN,2,0.9852256774902344,0.38549989461898804,0.23218107223510742,0.013513384386897087,0.9663276672363281,0.6977776885032654
2333,Indianapolis,Median Home Value,tract,6727,229,RGNN,3,0.9754183888435364,0.3554704785346985,0.26686185598373413,0.022483626380562782,1.0135501623153687,0.6662605404853821
2334,Indianapolis,Median Home Value,tract,6727,229,RGNN,4,0.9322265386581421,0.3183521032333374,0.11028969287872314,0.06198917701840401,1.0719205141067505,0.8085500597953796
2335,Indianapolis,Median Home Value,tract,6727,229,RGNN,5,0.9324450492858887,0.28401392698287964,0.17583119869232178,0.06178932636976242,1.1259186267852783,0.7489872574806213
2336,Indianapolis,Median Home Value,tract,6727,229,RGNN,6,0.9951684474945068,0.35219550132751465,-0.02558577060699463,0.004419203381985426,1.018700361251831,0.9320307970046997
2337,Indianapolis,Median Home Value,tract,6727,229,RGNN,7,0.8155406713485718,0.2920582890510559,0.26530754566192627,0.16871623694896698,1.1132686138153076,0.6676730513572693
2338,Indianapolis,Median Home Value,tract,6727,229,RGNN,8,0.9194146394729614,0.28256434202194214,0.2780528664588928,0.07370762526988983,1.128198266029358,0.6560903787612915
2339,Indianapolis,Median Home Value,tract,6727,229,RGNN,9,0.9781463742256165,0.29131054878234863,0.10551619529724121,0.019988473504781723,1.1144444942474365,0.8128880858421326
2340,Indianapolis,Median Home Value,tract,6727,229,Feat-RGNN,0,0.9688491821289062,0.12875491380691528,0.20020276308059692,0.028492165729403496,1.370070219039917,0.7268388867378235
2341,Indianapolis,Median Home Value,tract,6727,229,Feat-RGNN,1,0.9691047072410583,0.3178647756576538,-0.5266741514205933,0.028258467093110085,1.072686791419983,1.3874093294143677
2342,Indianapolis,Median Home Value,tract,6727,229,Feat-RGNN,2,0.8846550583839417,0.2573259472846985,0.37576645612716675,0.10550056397914886,1.167886734008789,0.5672903060913086
2343,Indianapolis,Median Home Value,tract,6727,229,Feat-RGNN,3,0.9394937753677368,0.2961980700492859,0.4195629358291626,0.05534220114350319,1.1067585945129395,0.5274890065193176
2344,Indianapolis,Median Home Value,tract,6727,229,Feat-RGNN,4,0.9679381847381592,0.37470316886901855,0.3538804054260254,0.029325421899557114,0.9833060503005981,0.587179958820343
2345,Indianapolis,Median Home Value,tract,6727,229,Feat-RGNN,5,0.9694832563400269,0.2249782681465149,0.3438682556152344,0.027912219986319542,1.218754768371582,0.596278727054596
2346,Indianapolis,Median Home Value,tract,6727,229,Feat-RGNN,6,0.9566041231155396,0.11609631776809692,0.24824899435043335,0.03969214856624603,1.3899763822555542,0.6831755042076111
2347,Indianapolis,Median Home Value,tract,6727,229,Feat-RGNN,7,0.9948194026947021,0.3951075077056885,0.3444201350212097,0.004738420248031616,0.9512193202972412,0.595777153968811
2348,Indianapolis,Median Home Value,tract,6727,229,Feat-RGNN,8,0.9829456806182861,0.25234687328338623,0.3189782500267029,0.015598763711750507,1.175716519355774,0.6188982129096985
2349,Indianapolis,Median Home Value,tract,6727,229,Feat-RGNN,9,0.9493268132209778,0.2279873490333557,0.39709872007369995,0.04634838551282883,1.2140228748321533,0.5479040145874023
2350,Indianapolis,Median Home Value,tract,6727,229,Feat\&PC-RGNN,0,0.9993140697479248,0.5941919684410095,0.17361074686050415,0.0006274058832786977,0.6381505131721497,0.7510051727294922
2351,Indianapolis,Median Home Value,tract,6727,229,Feat\&PC-RGNN,1,0.9880164861679077,0.5714176893234253,0.2259424924850464,0.010960754938423634,0.6739640235900879,0.703447163105011
2352,Indianapolis,Median Home Value,tract,6727,229,Feat\&PC-RGNN,2,0.9440552592277527,0.415890634059906,0.3895801305770874,0.05117001011967659,0.9185369610786438,0.5547367334365845
2353,Indianapolis,Median Home Value,tract,6727,229,Feat\&PC-RGNN,3,0.8809394836425781,0.37410789728164673,0.38776636123657227,0.10889901220798492,0.9842420816421509,0.5563850402832031
2354,Indianapolis,Median Home Value,tract,6727,229,Feat\&PC-RGNN,4,0.9397717714309692,0.35931509733200073,0.14367789030075073,0.05508792772889137,1.0075044631958008,0.778207540512085
2355,Indianapolis,Median Home Value,tract,6727,229,Feat\&PC-RGNN,5,0.8879892230033875,0.49949073791503906,0.519294261932373,0.10245095938444138,0.7870722413063049,0.4368552267551422
2356,Indianapolis,Median Home Value,tract,6727,229,Feat\&PC-RGNN,6,0.9965072274208069,0.5095422267913818,0.14417850971221924,0.003194690216332674,0.7712658047676086,0.7777525782585144
2357,Indianapolis,Median Home Value,tract,6727,229,Feat\&PC-RGNN,7,0.8951336145401001,0.4877060055732727,0.45278728008270264,0.09591634571552277,0.8056041598320007,0.49729540944099426
2358,Indianapolis,Median Home Value,tract,6727,229,Feat\&PC-RGNN,8,0.9707162976264954,0.44658786058425903,0.35093140602111816,0.02678443118929863,0.8702642321586609,0.5898599028587341
2359,Indianapolis,Median Home Value,tract,6727,229,Feat\&PC-RGNN,9,0.863123893737793,0.35787057876586914,0.47565269470214844,0.12519410252571106,1.009775996208191,0.4765157997608185
2360,Indianapolis,Median Home Value,tract,6727,229,LightGCN,0,0.9946608543395996,0.46573662757873535,0.3839099407196045,0.004883479792624712,0.8401519656181335,0.5598896741867065
2361,Indianapolis,Median Home Value,tract,6727,229,LightGCN,1,0.9719947576522827,0.37362414598464966,0.4017719030380249,0.025615056976675987,0.985002875328064,0.543657124042511
2362,Indianapolis,Median Home Value,tract,6727,229,LightGCN,2,0.9473645091056824,0.31057417392730713,0.43044185638427734,0.04814320430159569,1.0841515064239502,0.5176024436950684
2363,Indianapolis,Median Home Value,tract,6727,229,LightGCN,3,0.9757859706878662,0.3716138005256653,0.3462187647819519,0.02214740216732025,0.9881641268730164,0.5941426157951355
2364,Indianapolis,Median Home Value,tract,6727,229,LightGCN,4,0.9468218088150024,0.2640400528907776,0.2824621796607971,0.04863956570625305,1.157328486442566,0.6520833373069763
2365,Indianapolis,Median Home Value,tract,6727,229,LightGCN,5,0.9518640637397766,0.33902519941329956,0.3120620846748352,0.044027671217918396,1.039411187171936,0.6251835227012634
2366,Indianapolis,Median Home Value,tract,6727,229,LightGCN,6,0.9320905208587646,0.32142823934555054,0.4039437174797058,0.06211358681321144,1.0670831203460693,0.5416834354400635
2367,Indianapolis,Median Home Value,tract,6727,229,LightGCN,7,0.9981045722961426,0.47843343019485474,0.46713531017303467,0.0017336539458483458,0.8201857805252075,0.48425620794296265
2368,Indianapolis,Median Home Value,tract,6727,229,LightGCN,8,0.9751666784286499,0.2231329083442688,0.40239280462265015,0.022713862359523773,1.2216566801071167,0.5430928468704224
2369,Indianapolis,Median Home Value,tract,6727,229,LightGCN,9,0.95344477891922,0.4514812231063843,0.4153177738189697,0.04258187115192413,0.8625692129135132,0.5313469171524048
2370,Indianapolis,Median Home Value,tract,6727,229,Feat-LightGCN,0,0.9975078105926514,0.438931405544281,0.5411939024925232,0.002279477659612894,0.882304310798645,0.41695332527160645
2371,Indianapolis,Median Home Value,tract,6727,229,Feat-LightGCN,1,0.9950644373893738,0.4796125292778015,0.46240270137786865,0.004514319822192192,0.8183315396308899,0.4885571002960205
2372,Indianapolis,Median Home Value,tract,6727,229,Feat-LightGCN,2,0.9972043037414551,0.4039904475212097,0.3582603335380554,0.0025570786092430353,0.937250554561615,0.5831995606422424
2373,Indianapolis,Median Home Value,tract,6727,229,Feat-LightGCN,3,0.9906142950057983,0.46174103021621704,0.4921523928642273,0.008584661409258842,0.8464353084564209,0.4615212380886078
2374,Indianapolis,Median Home Value,tract,6727,229,Feat-LightGCN,4,0.9849627017974854,0.528803825378418,0.401314377784729,0.013753917068243027,0.740976095199585,0.5440729260444641
2375,Indianapolis,Median Home Value,tract,6727,229,Feat-LightGCN,5,0.9973281621932983,0.5110998153686523,0.44559890031814575,0.0024438186082988977,0.7688164114952087,0.5038280487060547
2376,Indianapolis,Median Home Value,tract,6727,229,Feat-LightGCN,6,0.9956589937210083,0.42805421352386475,0.4917154908180237,0.0039705028757452965,0.8994092345237732,0.46191829442977905
2377,Indianapolis,Median Home Value,tract,6727,229,Feat-LightGCN,7,0.9938749074935913,0.42780131101608276,0.5163830518722534,0.005602317862212658,0.8998069167137146,0.43950092792510986
2378,Indianapolis,Median Home Value,tract,6727,229,Feat-LightGCN,8,0.9854286909103394,0.42540401220321655,0.5323028564453125,0.013327667489647865,0.9035767316818237,0.4250333309173584
2379,Indianapolis,Median Home Value,tract,6727,229,Feat-LightGCN,9,0.9686979055404663,0.43035048246383667,0.5388517379760742,0.0286305733025074,0.8957982063293457,0.41908180713653564
2380,Indianapolis,Median Home Value,tract,6727,229,Feat\&PC-LightGCN,0,0.9957972168922424,0.4639925956726074,0.37143784761428833,0.00384408887475729,0.8428946137428284,0.5712240934371948
2381,Indianapolis,Median Home Value,tract,6727,229,Feat\&PC-LightGCN,1,0.993211567401886,0.4401637315750122,0.30524885654449463,0.006209056358784437,0.8803664445877075,0.631375253200531
2382,Indianapolis,Median Home Value,tract,6727,229,Feat\&PC-LightGCN,2,0.9927210807800293,0.44500672817230225,0.25034791231155396,0.006657660473138094,0.8727506399154663,0.6812680959701538
2383,Indianapolis,Median Home Value,tract,6727,229,Feat\&PC-LightGCN,3,0.9971153140068054,0.5167176127433777,0.39920830726623535,0.0026384927332401276,0.7599822282791138,0.5459868907928467
2384,Indianapolis,Median Home Value,tract,6727,229,Feat\&PC-LightGCN,4,0.9857164621353149,0.33781230449676514,0.30031776428222656,0.013064490631222725,1.0413185358047485,0.6358565092086792
2385,Indianapolis,Median Home Value,tract,6727,229,Feat\&PC-LightGCN,5,0.9963791370391846,0.3815418481826782,0.3427669405937195,0.0033118424471467733,0.9725519418716431,0.5972796082496643
2386,Indianapolis,Median Home Value,tract,6727,229,Feat\&PC-LightGCN,6,0.9968686103820801,0.3805364966392517,0.31464076042175293,0.002864120528101921,0.9741328954696655,0.6228400468826294
2387,Indianapolis,Median Home Value,tract,6727,229,Feat\&PC-LightGCN,7,0.9992441534996033,0.45798546075820923,0.38751959800720215,0.0006913432735018432,0.8523410558700562,0.5566093325614929
2388,Indianapolis,Median Home Value,tract,6727,229,Feat\&PC-LightGCN,8,0.997508704662323,0.4480816125869751,0.2906067967414856,0.002278662519529462,0.8679152727127075,0.6446816325187683
2389,Indianapolis,Median Home Value,tract,6727,229,Feat\&PC-LightGCN,9,0.9985025525093079,0.45614516735076904,0.4168679714202881,0.0013696436071768403,0.8552349805831909,0.5299381017684937
2390,Indianapolis,Median Home Value,tract,6727,229,NoPreTrain,0,0.9991267323493958,0.18182361125946045,-0.11032402515411377,0.0007987351273186505,1.286617398262024,1.009039044380188
2391,Indianapolis,Median Home Value,tract,6727,229,NoPreTrain,1,0.999717116355896,0.12065589427947998,-0.49053382873535156,0.00025872403057292104,1.3828061819076538,1.3545658588409424
2392,Indianapolis,Median Home Value,tract,6727,229,NoPreTrain,2,0.9994127154350281,0.09876537322998047,-0.6462587118148804,0.0005371530423872173,1.4172300100326538,1.496085286140442
2393,Indianapolis,Median Home Value,tract,6727,229,NoPreTrain,3,0.9992597103118896,0.33666926622390747,0.24174195528030396,0.0006771212792955339,1.0431159734725952,0.6890889406204224
2394,Indianapolis,Median Home Value,tract,6727,229,NoPreTrain,4,0.9978491067886353,0.16527587175369263,-0.16805040836334229,0.0019673272036015987,1.3126393556594849,1.0614995956420898
2395,Indianapolis,Median Home Value,tract,6727,229,NoPreTrain,5,0.9985516667366028,-0.08329224586486816,0.17735928297042847,0.0013247369788587093,1.7035233974456787,0.7475985884666443
2396,Indianapolis,Median Home Value,tract,6727,229,NoPreTrain,6,0.9987175464630127,0.2568241357803345,-0.0393296480178833,0.001173022435978055,1.1686758995056152,0.9445209503173828
2397,Indianapolis,Median Home Value,tract,6727,229,NoPreTrain,7,0.996900737285614,-0.015207290649414062,-0.19984221458435059,0.002834736369550228,1.5964568853378296,1.0903913974761963
2398,Indianapolis,Median Home Value,tract,6727,229,NoPreTrain,8,0.9242883920669556,0.025832831859588623,-0.17161667346954346,0.06924983859062195,1.5319195985794067,1.0647406578063965
2399,Indianapolis,Median Home Value,tract,6727,229,NoPreTrain,9,0.9811683893203735,-0.07021284103393555,-0.2621852159500122,0.01722438633441925,1.6829555034637451,1.1470474004745483
2400,Indianapolis,Commute Time,tract,4716,141,Emb,0,0.9967275261878967,-2.1916866302490234,-0.813992977142334,0.0038495841436088085,3.0553882122039795,2.831080913543701
2401,Indianapolis,Commute Time,tract,4716,141,Emb,1,0.9997318387031555,-2.447310209274292,-0.799157977104187,0.00031543144723400474,3.300095796585083,2.8079280853271484
2402,Indianapolis,Commute Time,tract,4716,141,Emb,2,0.9998502731323242,-1.7966294288635254,-0.9092245101928711,0.00017609892529435456,2.677201747894287,2.979707956314087
2403,Indianapolis,Commute Time,tract,4716,141,Emb,3,0.9974278807640076,-1.962031364440918,-0.8437942266464233,0.0030257266480475664,2.835540294647217,2.877591371536255
2404,Indianapolis,Commute Time,tract,4716,141,Emb,4,0.9959926605224609,-1.9181702136993408,-1.0721654891967773,0.0047140056267380714,2.7935521602630615,3.234008312225342
2405,Indianapolis,Commute Time,tract,4716,141,Emb,5,0.9980576038360596,-2.0038504600524902,-0.9462677240371704,0.002284934278577566,2.8755736351013184,3.0375208854675293
2406,Indianapolis,Commute Time,tract,4716,141,Emb,6,0.9990109205245972,-1.6552443504333496,-0.6819634437561035,0.001163494773209095,2.5418543815612793,2.625023603439331
2407,Indianapolis,Commute Time,tract,4716,141,Emb,7,0.9971581101417542,-1.8108446598052979,-0.43148672580718994,0.003343048971146345,2.690809726715088,2.234107255935669
2408,Indianapolis,Commute Time,tract,4716,141,Emb,8,0.9989451766014099,-2.131114959716797,-0.7407494783401489,0.00124084809795022,2.997403383255005,2.716770648956299
2409,Indianapolis,Commute Time,tract,4716,141,Emb,9,0.9994706511497498,-1.8393468856811523,-0.785001277923584,0.0006226836703717709,2.718095064163208,2.7858338356018066
2410,Indianapolis,Commute Time,tract,4716,141,RGNN,0,0.9925024509429932,-1.3225667476654053,0.07784485816955566,0.008819732815027237,2.2233834266662598,1.4391984939575195
2411,Indianapolis,Commute Time,tract,4716,141,RGNN,1,0.995988667011261,-5.476648807525635,-0.008903741836547852,0.004718700889497995,6.200068950653076,1.574586033821106
2412,Indianapolis,Commute Time,tract,4716,141,RGNN,2,0.8715593218803406,-1.2162175178527832,-0.12453091144561768,0.15109063684940338,2.1215758323669434,1.7550443410873413
2413,Indianapolis,Commute Time,tract,4716,141,RGNN,3,0.7922751307487488,-3.0688114166259766,-0.4447665214538574,0.24435627460479736,3.8950560092926025,2.2548327445983887
2414,Indianapolis,Commute Time,tract,4716,141,RGNN,4,0.9718985557556152,-2.8458707332611084,-0.41137218475341797,0.03305701166391373,3.681636095046997,2.202714681625366
2415,Indianapolis,Commute Time,tract,4716,141,RGNN,5,0.8914963603019714,-0.7188644409179688,0.11678838729858398,0.12763778865337372,1.6454617977142334,1.3784196376800537
2416,Indianapolis,Commute Time,tract,4716,141,RGNN,6,0.9434173703193665,-1.0128252506256104,-0.026688218116760254,0.06656070798635483,1.92686927318573,1.602342128753662
2417,Indianapolis,Commute Time,tract,4716,141,RGNN,7,0.9586566090583801,-3.6625261306762695,-0.2682676315307617,0.04863409325480461,4.463416576385498,1.9793727397918701
2418,Indianapolis,Commute Time,tract,4716,141,RGNN,8,0.9088049530982971,-2.050344228744507,0.04657632112503052,0.10727687925100327,2.920081853866577,1.4879989624023438
2419,Indianapolis,Commute Time,tract,4716,141,RGNN,9,0.9676786065101624,-2.7523062229156494,-0.15451765060424805,0.038021162152290344,3.592067241668701,1.8018443584442139
2420,Indianapolis,Commute Time,tract,4716,141,Feat-RGNN,0,0.9345408082008362,-0.86518394947052,-0.7493619918823242,0.07700265944004059,1.785532832145691,2.7302119731903076
2421,Indianapolis,Commute Time,tract,4716,141,Feat-RGNN,1,0.8045146465301514,0.03035491704940796,0.07748454809188843,0.22995831072330475,0.9282371401786804,1.4397608041763306
2422,Indianapolis,Commute Time,tract,4716,141,Feat-RGNN,2,0.8920426368713379,-0.956928014755249,-0.6453794240951538,0.12699520587921143,1.873358964920044,2.567927360534668
2423,Indianapolis,Commute Time,tract,4716,141,Feat-RGNN,3,0.9011518955230713,-0.7521770000457764,-0.35845160484313965,0.11627954244613647,1.677351713180542,2.120121955871582
2424,Indianapolis,Commute Time,tract,4716,141,Feat-RGNN,4,0.8270435929298401,-0.7432663440704346,-0.6512542963027954,0.20345649123191833,1.6688215732574463,2.577096462249756
2425,Indianapolis,Commute Time,tract,4716,141,Feat-RGNN,5,0.9856089949607849,-0.8836431503295898,-0.5353398323059082,0.016928788274526596,1.8032037019729614,2.3961896896362305
2426,Indianapolis,Commute Time,tract,4716,141,Feat-RGNN,6,0.9355226159095764,-0.5938835144042969,-0.3360912799835205,0.07584769278764725,1.5258179903030396,2.0852246284484863
2427,Indianapolis,Commute Time,tract,4716,141,Feat-RGNN,7,0.9268325567245483,-1.1469995975494385,-0.04074656963348389,0.08607020229101181,2.0553138256073,1.6242828369140625
2428,Indianapolis,Commute Time,tract,4716,141,Feat-RGNN,8,0.8328710794448853,-0.8887251615524292,-0.3331805467605591,0.19660134613513947,1.8080686330795288,2.080681562423706
2429,Indianapolis,Commute Time,tract,4716,141,Feat-RGNN,9,0.9667805433273315,-0.8008333444595337,-0.9141794443130493,0.039077550172805786,1.7239302396774292,2.987441062927246
2430,Indianapolis,Commute Time,tract,4716,141,Feat\&PC-RGNN,0,0.8999106884002686,-0.7341355085372925,-0.3793903589248657,0.11773965507745743,1.6600806713104248,2.1528007984161377
2431,Indianapolis,Commute Time,tract,4716,141,Feat\&PC-RGNN,1,0.7843582630157471,-0.2904893159866333,-0.10631036758422852,0.25366923213005066,1.2353800535202026,1.7266075611114502
2432,Indianapolis,Commute Time,tract,4716,141,Feat\&PC-RGNN,2,0.8645686507225037,-0.6589499711990356,-0.25405919551849365,0.15931405127048492,1.5881059169769287,1.9571977853775024
2433,Indianapolis,Commute Time,tract,4716,141,Feat\&PC-RGNN,3,0.9385700225830078,-0.7481967210769653,-0.1571049690246582,0.07226284593343735,1.6735414266586304,1.8058823347091675
2434,Indianapolis,Commute Time,tract,4716,141,Feat\&PC-RGNN,4,0.887639582157135,-1.0292150974273682,-0.1252213716506958,0.13217465579509735,1.9425592422485352,1.7561217546463013
2435,Indianapolis,Commute Time,tract,4716,141,Feat\&PC-RGNN,5,0.9754759073257446,-0.7378281354904175,-0.33885014057159424,0.02884882688522339,1.6636155843734741,2.0895302295684814
2436,Indianapolis,Commute Time,tract,4716,141,Feat\&PC-RGNN,6,0.7533281445503235,-1.1651012897491455,-0.7262229919433594,0.290171355009079,2.0726425647735596,2.694099187850952
2437,Indianapolis,Commute Time,tract,4716,141,Feat\&PC-RGNN,7,0.937870442867279,-1.2272255420684814,-0.2149571180343628,0.07308585941791534,2.1321136951446533,1.8961715698242188
2438,Indianapolis,Commute Time,tract,4716,141,Feat\&PC-RGNN,8,0.8769590258598328,-0.460857629776001,-0.12259161472320557,0.14473868906497955,1.3984729051589966,1.7520177364349365
2439,Indianapolis,Commute Time,tract,4716,141,Feat\&PC-RGNN,9,0.9085975885391235,-1.5261352062225342,-0.26012301445007324,0.10752085596323013,2.4182586669921875,1.9666615724563599
2440,Indianapolis,Commute Time,tract,4716,141,LightGCN,0,0.9390674829483032,-1.3266046047210693,-0.6630415916442871,0.07167773693799973,2.2272489070892334,2.5954926013946533
2441,Indianapolis,Commute Time,tract,4716,141,LightGCN,1,0.8647228479385376,-0.7627725601196289,-0.47051525115966797,0.1591326892375946,1.6874948740005493,2.2950186729431152
2442,Indianapolis,Commute Time,tract,4716,141,LightGCN,2,0.9390438795089722,-1.4947733879089355,-0.8257623910903931,0.07170545309782028,2.3882362842559814,2.849449396133423
2443,Indianapolis,Commute Time,tract,4716,141,LightGCN,3,0.9228811860084534,-1.4646286964416504,-1.1741101741790771,0.09071840345859528,2.3593788146972656,3.3931124210357666
2444,Indianapolis,Commute Time,tract,4716,141,LightGCN,4,0.9239594340324402,-1.1008479595184326,-0.6969380378723145,0.08944999426603317,2.0111329555511475,2.6483943462371826
2445,Indianapolis,Commute Time,tract,4716,141,LightGCN,5,0.9610913991928101,-0.8149704933166504,-0.400998592376709,0.045769937336444855,1.7374637126922607,2.1865248680114746
2446,Indianapolis,Commute Time,tract,4716,141,LightGCN,6,0.8594059944152832,-1.8856604099273682,-1.0641930103302002,0.1653871387243271,2.7624306678771973,3.2215657234191895
2447,Indianapolis,Commute Time,tract,4716,141,LightGCN,7,0.9569981098175049,-1.10965895652771,-0.834030032157898,0.05058510601520538,2.0195677280426025,2.8623526096343994
2448,Indianapolis,Commute Time,tract,4716,141,LightGCN,8,0.9557431936264038,-0.8968435525894165,-0.28505265712738037,0.05206133797764778,1.815840482711792,2.0055689811706543
2449,Indianapolis,Commute Time,tract,4716,141,LightGCN,9,0.9058452844619751,-1.5284850597381592,-0.8635704517364502,0.1107584610581398,2.4205081462860107,2.9084558486938477
2450,Indianapolis,Commute Time,tract,4716,141,Feat-LightGCN,0,0.9953946471214294,-1.232140064239502,-1.1458806991577148,0.005417514592409134,2.1368184089660645,3.3490548133850098
2451,Indianapolis,Commute Time,tract,4716,141,Feat-LightGCN,1,0.9977067112922668,-0.4879341125488281,-0.2570621967315674,0.0026976896915584803,1.4243930578231812,1.9618844985961914
2452,Indianapolis,Commute Time,tract,4716,141,Feat-LightGCN,2,0.9979242086410522,-0.45807695388793945,-0.6643221378326416,0.0024418304674327374,1.3958109617233276,2.5974910259246826
2453,Indianapolis,Commute Time,tract,4716,141,Feat-LightGCN,3,0.9976758360862732,-0.44351959228515625,-0.6879763603210449,0.002734003821387887,1.3818752765655518,2.6344079971313477
2454,Indianapolis,Commute Time,tract,4716,141,Feat-LightGCN,4,0.9952031970024109,-0.8376317024230957,-0.6736843585968018,0.00564271816983819,1.7591571807861328,2.612102746963501
2455,Indianapolis,Commute Time,tract,4716,141,Feat-LightGCN,5,0.9891756772994995,-0.7597740888595581,-0.5840425491333008,0.012733139097690582,1.684624433517456,2.4721994400024414
2456,Indianapolis,Commute Time,tract,4716,141,Feat-LightGCN,6,0.9914371371269226,-0.6781165599822998,-1.0061609745025635,0.010072877630591393,1.6064540147781372,3.130995750427246
2457,Indianapolis,Commute Time,tract,4716,141,Feat-LightGCN,7,0.9965587854385376,-0.6364709138870239,-0.4315241575241089,0.004048031289130449,1.5665867328643799,2.234165668487549
2458,Indianapolis,Commute Time,tract,4716,141,Feat-LightGCN,8,0.9979088306427002,-0.6518678665161133,-0.557105541229248,0.0024599668104201555,1.5813262462615967,2.430159091949463
2459,Indianapolis,Commute Time,tract,4716,141,Feat-LightGCN,9,0.9980016350746155,-0.7618941068649292,-0.4199262857437134,0.002350772498175502,1.6866538524627686,2.216064929962158
2460,Indianapolis,Commute Time,tract,4716,141,Feat\&PC-LightGCN,0,0.9989047050476074,-0.7025653123855591,0.04936373233795166,0.0012884289026260376,1.6298587322235107,1.483648657798767
2461,Indianapolis,Commute Time,tract,4716,141,Feat\&PC-LightGCN,1,0.9989477396011353,-0.5753318071365356,-0.05125582218170166,0.0012378341052681208,1.5080585479736328,1.6406846046447754
2462,Indianapolis,Commute Time,tract,4716,141,Feat\&PC-LightGCN,2,0.9994887709617615,-0.03436708450317383,0.023159503936767578,0.0006013904931023717,0.9901953339576721,1.5245453119277954
2463,Indianapolis,Commute Time,tract,4716,141,Feat\&PC-LightGCN,3,0.9980753064155579,-0.5070477724075317,0.001858353614807129,0.002264071721583605,1.4426906108856201,1.5577898025512695
2464,Indianapolis,Commute Time,tract,4716,141,Feat\&PC-LightGCN,4,0.9967951774597168,-0.251788854598999,-0.011106491088867188,0.003769956063479185,1.1983321905136108,1.5780237913131714
2465,Indianapolis,Commute Time,tract,4716,141,Feat\&PC-LightGCN,5,0.9291207790374756,0.11223965883255005,0.1330496072769165,0.08337844908237457,0.849849283695221,1.3530409336090088
2466,Indianapolis,Commute Time,tract,4716,141,Feat\&PC-LightGCN,6,0.9992415308952332,-0.15919816493988037,0.05387985706329346,0.0008922332199290395,1.109695553779602,1.4766004085540771
2467,Indianapolis,Commute Time,tract,4716,141,Feat\&PC-LightGCN,7,0.9963472485542297,-0.2346738576889038,0.02805495262145996,0.004296871367841959,1.1819480657577515,1.5169050693511963
2468,Indianapolis,Commute Time,tract,4716,141,Feat\&PC-LightGCN,8,0.9998071789741516,-0.3155103921890259,0.06642478704452515,0.00022679558605886996,1.2593326568603516,1.4570215940475464
2469,Indianapolis,Commute Time,tract,4716,141,Feat\&PC-LightGCN,9,0.9989272952079773,-0.24263417720794678,0.1308801770210266,0.001261853612959385,1.1895685195922852,1.35642671585083
2470,Indianapolis,Commute Time,tract,4716,141,NoPreTrain,0,0.999125599861145,-0.29618358612060547,-0.2540210485458374,0.0010286157485097647,1.2408311367034912,1.957138180732727
2471,Indianapolis,Commute Time,tract,4716,141,NoPreTrain,1,0.9933251738548279,-0.5796469449996948,-0.5394020080566406,0.007851919159293175,1.512189507484436,2.40252947807312
2472,Indianapolis,Commute Time,tract,4716,141,NoPreTrain,2,0.994303822517395,-0.64146888256073,0.005141139030456543,0.006700670346617699,1.57137131690979,1.552666425704956
2473,Indianapolis,Commute Time,tract,4716,141,NoPreTrain,3,0.9848076105117798,-0.3896315097808838,-0.2082221508026123,0.017871493473649025,1.3302885293960571,1.8856604099273682
2474,Indianapolis,Commute Time,tract,4716,141,NoPreTrain,4,0.9965307712554932,-0.9262676239013672,-0.11294841766357422,0.004081019200384617,1.8440078496932983,1.7369675636291504
2475,Indianapolis,Commute Time,tract,4716,141,NoPreTrain,5,0.999131441116333,-1.0438201427459717,-0.9159618616104126,0.001021759700961411,1.9565403461456299,2.990222692489624
2476,Indianapolis,Commute Time,tract,4716,141,NoPreTrain,6,0.9956814050674438,-2.208897113800049,-1.4904956817626953,0.005080129951238632,3.0718636512756348,3.886892080307007
2477,Indianapolis,Commute Time,tract,4716,141,NoPreTrain,7,0.9890795350074768,-8.649748802185059,-2.37511944770813,0.01284622959792614,9.237664222717285,5.267515659332275
2478,Indianapolis,Commute Time,tract,4716,141,NoPreTrain,8,0.9961895942687988,-0.4125124216079712,-0.1550745964050293,0.004482323303818703,1.3521921634674072,1.8027135133743286
2479,Indianapolis,Commute Time,tract,4716,141,NoPreTrain,9,0.9990351796150208,-0.37463176250457764,0.017026245594024658,0.001134935300797224,1.3159292936325073,1.5341174602508545
2480,Indianapolis,Median Age,tract,6800,231,Emb,0,0.9989866614341736,-0.3136017322540283,-0.26318442821502686,0.0009689335129223764,1.6458117961883545,0.9759032130241394
2481,Indianapolis,Median Age,tract,6800,231,Emb,1,0.9997079968452454,-0.3092644214630127,-0.4432551860809326,0.00027918932028114796,1.6403775215148926,1.1150211095809937
2482,Indianapolis,Median Age,tract,6800,231,Emb,2,0.9983209371566772,-0.09766125679016113,-0.2784562110900879,0.001605478348210454,1.3752599954605103,0.9877018332481384
2483,Indianapolis,Median Age,tract,6800,231,Emb,3,0.9987253546714783,-0.34616827964782715,-0.18431508541107178,0.0012187908869236708,1.6866145133972168,0.914970874786377
2484,Indianapolis,Median Age,tract,6800,231,Emb,4,0.9984762668609619,-0.3357030153274536,-0.3429601192474365,0.001456933794543147,1.6735025644302368,1.0375357866287231
2485,Indianapolis,Median Age,tract,6800,231,Emb,5,0.9970526695251465,-0.12755084037780762,-0.39534735679626465,0.002818140434101224,1.4127086400985718,1.0780088901519775
2486,Indianapolis,Median Age,tract,6800,231,Emb,6,0.9795541763305664,-0.21932315826416016,-0.6622467041015625,0.019549768418073654,1.5276901721954346,1.2842082977294922
2487,Indianapolis,Median Age,tract,6800,231,Emb,7,0.9994078874588013,-0.11916577816009521,-0.2543696165084839,0.0005661884788423777,1.4022029638290405,0.9690931439399719
2488,Indianapolis,Median Age,tract,6800,231,Emb,8,0.9933967590332031,-0.27645623683929443,-0.2584272623062134,0.006313882302492857,1.5992721319198608,0.972227931022644
2489,Indianapolis,Median Age,tract,6800,231,Emb,9,0.9991054534912109,-0.04072892665863037,-0.4385051727294922,0.0008553612278774381,1.303929328918457,1.1113513708114624
2490,Indianapolis,Median Age,tract,6800,231,RGNN,0,0.9193655252456665,-0.387356162071228,-0.7712942361831665,0.07710070163011551,1.7382186651229858,1.3684556484222412
2491,Indianapolis,Median Age,tract,6800,231,RGNN,1,0.6625528931617737,-0.33500349521636963,-0.8735319375991821,0.3226584792137146,1.6726261377334595,1.4474416971206665
2492,Indianapolis,Median Age,tract,6800,231,RGNN,2,0.854989767074585,-0.44789958000183105,-0.4623830318450928,0.1386551856994629,1.8140736818313599,1.1297988891601562
2493,Indianapolis,Median Age,tract,6800,231,RGNN,3,0.8179681897163391,-0.21785271167755127,-0.9433043003082275,0.17405426502227783,1.5258479118347168,1.5013459920883179
2494,Indianapolis,Median Age,tract,6800,231,RGNN,4,0.9535980224609375,-0.5862342119216919,-0.5648238658905029,0.0443684384226799,1.9873931407928467,1.2089420557022095
2495,Indianapolis,Median Age,tract,6800,231,RGNN,5,0.8425770998001099,-0.5407878160476685,-1.0283820629119873,0.1505238115787506,1.9304533004760742,1.5670748949050903
2496,Indianapolis,Median Age,tract,6800,231,RGNN,6,0.7622320652008057,-0.3702869415283203,-0.6359257698059082,0.22734777629375458,1.7168327569961548,1.2638734579086304
2497,Indianapolis,Median Age,tract,6800,231,RGNN,7,0.961322009563446,-0.5197591781616211,-0.7252662181854248,0.03698290139436722,1.9041064977645874,1.3328955173492432
2498,Indianapolis,Median Age,tract,6800,231,RGNN,8,0.9538152813911438,-0.24333727359771729,-0.569939136505127,0.04416065290570259,1.5577774047851562,1.2128938436508179
2499,Indianapolis,Median Age,tract,6800,231,RGNN,9,0.9649630784988403,-0.4690049886703491,-0.987983226776123,0.033501431345939636,1.8405166864395142,1.5358638763427734
2500,Indianapolis,Median Age,tract,6800,231,Feat-RGNN,0,0.9559944868087769,-0.29441261291503906,-0.5359616279602051,0.0420769527554512,1.6217697858810425,1.1866437196731567
2501,Indianapolis,Median Age,tract,6800,231,Feat-RGNN,1,0.8929277658462524,-0.6530494689941406,-0.9848054647445679,0.10237978398799896,2.07110595703125,1.533408761024475
2502,Indianapolis,Median Age,tract,6800,231,Feat-RGNN,2,0.8886016607284546,-0.37439894676208496,-0.544615626335144,0.10651630163192749,1.7219847440719604,1.1933295726776123
2503,Indianapolis,Median Age,tract,6800,231,Feat-RGNN,3,0.9377231597900391,-0.11268448829650879,-0.743112325668335,0.059547554701566696,1.3940826654434204,1.3466830253601074
2504,Indianapolis,Median Age,tract,6800,231,Feat-RGNN,4,0.8249425888061523,-0.5510181188583374,-1.2469711303710938,0.1673855185508728,1.9432708024978638,1.7359510660171509
2505,Indianapolis,Median Age,tract,6800,231,Feat-RGNN,5,0.8605806827545166,-0.36149144172668457,-1.1186974048614502,0.1333092898130417,1.7058128118515015,1.6368502378463745
2506,Indianapolis,Median Age,tract,6800,231,Feat-RGNN,6,0.8606160283088684,-0.7749776840209961,-1.5881495475769043,0.13327549397945404,2.223869800567627,1.9995365142822266
2507,Indianapolis,Median Age,tract,6800,231,Feat-RGNN,7,0.9407815933227539,-0.1525254249572754,-0.35753655433654785,0.05662316456437111,1.4439992904663086,1.0487972497940063
2508,Indianapolis,Median Age,tract,6800,231,Feat-RGNN,8,0.846453070640564,-0.762513279914856,-1.8921425342559814,0.14681771397590637,2.2082531452178955,2.23439359664917
2509,Indianapolis,Median Age,tract,6800,231,Feat-RGNN,9,0.905705988407135,-0.5315005779266357,-0.9196161031723022,0.09016156196594238,1.9188172817230225,1.483045220375061
2510,Indianapolis,Median Age,tract,6800,231,Feat\&PC-RGNN,0,0.9414917826652527,0.011827290058135986,-0.6926474571228027,0.05594409629702568,1.238081693649292,1.3076951503753662
2511,Indianapolis,Median Age,tract,6800,231,Feat\&PC-RGNN,1,0.7146471738815308,0.15313994884490967,-0.3348740339279175,0.2728472352027893,1.0610311031341553,1.031288743019104
2512,Indianapolis,Median Age,tract,6800,231,Feat\&PC-RGNN,2,0.9420251846313477,-0.05067896842956543,-0.7674010992050171,0.055434077978134155,1.316395878791809,1.3654478788375854
2513,Indianapolis,Median Age,tract,6800,231,Feat\&PC-RGNN,3,0.8068786263465881,0.0500565767288208,-0.15242397785186768,0.18465781211853027,1.1901843547821045,0.8903326392173767
2514,Indianapolis,Median Age,tract,6800,231,Feat\&PC-RGNN,4,0.8501794338226318,-0.02079784870147705,-0.6200393438339233,0.14325465261936188,1.278957724571228,1.2516000270843506
2515,Indianapolis,Median Age,tract,6800,231,Feat\&PC-RGNN,5,0.9692674875259399,0.0475955605506897,-0.45147550106048584,0.029385635629296303,1.1932677030563354,1.1213719844818115
2516,Indianapolis,Median Age,tract,6800,231,Feat\&PC-RGNN,6,0.9486150145530701,0.13111060857772827,-1.1510305404663086,0.049133025109767914,1.0886316299438477,1.6618298292160034
2517,Indianapolis,Median Age,tract,6800,231,Feat\&PC-RGNN,7,0.9453297257423401,-0.1807917356491089,-0.4564673900604248,0.05227436497807503,1.4794142246246338,1.1252285242080688
2518,Indianapolis,Median Age,tract,6800,231,Feat\&PC-RGNN,8,0.9284006357192993,-0.24911248683929443,-0.985626220703125,0.06846151500940323,1.5650131702423096,1.5340428352355957
2519,Indianapolis,Median Age,tract,6800,231,Feat\&PC-RGNN,9,0.9489295482635498,-0.250590443611145,-0.3445169925689697,0.048832278698682785,1.5668649673461914,1.0387386083602905
2520,Indianapolis,Median Age,tract,6800,231,LightGCN,0,0.9712774157524109,0.09380239248275757,-0.1911928653717041,0.027463804930448532,1.1353751420974731,0.9202844500541687
2521,Indianapolis,Median Age,tract,6800,231,LightGCN,1,0.9512938261032104,-0.07771682739257812,-0.30399954319000244,0.046571627259254456,1.3502715826034546,1.007435917854309
2522,Indianapolis,Median Age,tract,6800,231,LightGCN,2,0.9008283615112305,-0.1311401128768921,-0.237679123878479,0.09482541680335999,1.4172056913375854,0.956198513507843
2523,Indianapolis,Median Age,tract,6800,231,LightGCN,3,0.9275438189506531,-0.0076677799224853516,-0.03634464740753174,0.06928078830242157,1.2625070810317993,0.8006527423858643
2524,Indianapolis,Median Age,tract,6800,231,LightGCN,4,0.9756221175193787,-0.05405473709106445,-0.4356822967529297,0.023309549316763878,1.3206253051757812,1.1091705560684204
2525,Indianapolis,Median Age,tract,6800,231,LightGCN,5,0.9348675608634949,0.1700999140739441,-0.38267040252685547,0.06227800250053406,1.039781928062439,1.068215012550354
2526,Indianapolis,Median Age,tract,6800,231,LightGCN,6,0.7770574688911438,0.1726890206336975,0.029777884483337402,0.213172048330307,1.0365381240844727,0.7495682239532471
2527,Indianapolis,Median Age,tract,6800,231,LightGCN,7,0.9320696592330933,0.09920394420623779,-0.3513166904449463,0.06495331972837448,1.1286075115203857,1.0439919233322144
2528,Indianapolis,Median Age,tract,6800,231,LightGCN,8,0.8636893630027771,-0.0363236665725708,-0.2713935375213623,0.13033683598041534,1.298410177230835,0.9822453260421753
2529,Indianapolis,Median Age,tract,6800,231,LightGCN,9,0.9716907739639282,0.03182798624038696,-0.3080143928527832,0.027068553492426872,1.2130229473114014,1.0105376243591309
2530,Indianapolis,Median Age,tract,6800,231,Feat-LightGCN,0,0.9930285811424255,-0.15643441677093506,-0.08207762241363525,0.006665924098342657,1.4488967657089233,0.8359848856925964
2531,Indianapolis,Median Age,tract,6800,231,Feat-LightGCN,1,0.9909733533859253,-0.15419936180114746,-0.1981412172317505,0.00863103661686182,1.4460965394973755,0.9256525039672852
2532,Indianapolis,Median Age,tract,6800,231,Feat-LightGCN,2,0.9987650513648987,-0.13163089752197266,-0.3858656883239746,0.0011808167910203338,1.4178204536437988,1.0706835985183716
2533,Indianapolis,Median Age,tract,6800,231,Feat-LightGCN,3,0.99331134557724,-0.554721474647522,-0.1764686107635498,0.006395517848432064,1.9479107856750488,0.9089088439941406
2534,Indianapolis,Median Age,tract,6800,231,Feat-LightGCN,4,0.9954245090484619,-0.20989418029785156,-0.1651158332824707,0.004374961368739605,1.5158766508102417,0.9001380205154419
2535,Indianapolis,Median Age,tract,6800,231,Feat-LightGCN,5,0.9794623851776123,0.05976760387420654,-0.21785640716552734,0.019637566059827805,1.1780173778533936,0.9408839344978333
2536,Indianapolis,Median Age,tract,6800,231,Feat-LightGCN,6,0.9894524812698364,-0.6998109817504883,-0.2734084129333496,0.01008526235818863,2.1296935081481934,0.9838019609451294
2537,Indianapolis,Median Age,tract,6800,231,Feat-LightGCN,7,0.989463746547699,-0.09340906143188477,-0.11204254627227783,0.010074486024677753,1.3699322938919067,0.8591349720954895
2538,Indianapolis,Median Age,tract,6800,231,Feat-LightGCN,8,0.9864300489425659,-0.3462493419647217,-0.16876757144927979,0.012975258752703667,1.6867159605026245,0.9029592275619507
2539,Indianapolis,Median Age,tract,6800,231,Feat-LightGCN,9,0.9985803961753845,-0.06298065185546875,-0.24857163429260254,0.0013574016047641635,1.3318086862564087,0.9646137356758118
2540,Indianapolis,Median Age,tract,6800,231,Feat\&PC-LightGCN,0,0.9888120293617249,-1.202948808670044,-1.1319382190704346,0.010697639547288418,2.7600748538970947,1.647079586982727
2541,Indianapolis,Median Age,tract,6800,231,Feat\&PC-LightGCN,1,0.9972427487373352,-1.0940241813659668,-1.0170578956604004,0.0026364275254309177,2.623603343963623,1.558326244354248
2542,Indianapolis,Median Age,tract,6800,231,Feat\&PC-LightGCN,2,0.984477698802948,-1.1350500583648682,-0.5683020353317261,0.014842037111520767,2.675004482269287,1.2116291522979736
2543,Indianapolis,Median Age,tract,6800,231,Feat\&PC-LightGCN,3,0.9924002289772034,-0.8645914793014526,-0.9317945241928101,0.007266716565936804,2.3361470699310303,1.492453932762146
2544,Indianapolis,Median Age,tract,6800,231,Feat\&PC-LightGCN,4,0.9897957444190979,-1.2366130352020264,-1.0879251956939697,0.009757059626281261,2.802252769470215,1.6130764484405518
2545,Indianapolis,Median Age,tract,6800,231,Feat\&PC-LightGCN,5,0.992558479309082,-0.8911466598510742,-0.8856834173202515,0.007115371059626341,2.369417905807495,1.4568296670913696
2546,Indianapolis,Median Age,tract,6800,231,Feat\&PC-LightGCN,6,0.9741215109825134,-1.3958332538604736,-1.0002427101135254,0.02474435791373253,3.001739740371704,1.5453351736068726
2547,Indianapolis,Median Age,tract,6800,231,Feat\&PC-LightGCN,7,0.9923692941665649,-1.249574899673462,-0.9429227113723755,0.007296302355825901,2.8184926509857178,1.5010511875152588
2548,Indianapolis,Median Age,tract,6800,231,Feat\&PC-LightGCN,8,0.9845846891403198,-0.8568707704544067,-1.044513463973999,0.01473976019769907,2.3264737129211426,1.5795376300811768
2549,Indianapolis,Median Age,tract,6800,231,Feat\&PC-LightGCN,9,0.995995044708252,-1.2941854000091553,-0.6899887323379517,0.0038294135592877865,2.874385356903076,1.3056410551071167
2550,Indianapolis,Median Age,tract,6800,231,NoPreTrain,0,0.996620774269104,-2.0400426387786865,-3.0266942977905273,0.003231128677725792,3.8088700771331787,3.1109187602996826
2551,Indianapolis,Median Age,tract,6800,231,NoPreTrain,1,0.9771715402603149,-0.5593690872192383,-0.665459156036377,0.02182801067829132,1.9537338018417358,1.28669011592865
2552,Indianapolis,Median Age,tract,6800,231,NoPreTrain,2,0.9968117475509644,-0.18092024326324463,-0.6640318632125854,0.003048551268875599,1.4795751571655273,1.2855874300003052
2553,Indianapolis,Median Age,tract,6800,231,NoPreTrain,3,0.997760534286499,-0.2712053060531616,-1.393765926361084,0.0021412991918623447,1.5926933288574219,1.8493608236312866
2554,Indianapolis,Median Age,tract,6800,231,NoPreTrain,4,0.9848584532737732,-2.2238762378692627,-2.5874786376953125,0.014477960765361786,4.0391950607299805,2.771592140197754
2555,Indianapolis,Median Age,tract,6800,231,NoPreTrain,5,0.9957630038261414,-0.5373331308364868,-0.7892557382583618,0.004051319323480129,1.926124930381775,1.3823322057724
2556,Indianapolis,Median Age,tract,6800,231,NoPreTrain,6,0.9787437319755554,-0.644298791885376,-0.8947429656982422,0.02032473310828209,2.0601422786712646,1.4638289213180542
2557,Indianapolis,Median Age,tract,6800,231,NoPreTrain,7,0.9993956685066223,0.00016695261001586914,-0.8416485786437988,0.0005778321647085249,1.2526910305023193,1.4228094816207886
2558,Indianapolis,Median Age,tract,6800,231,NoPreTrain,8,0.9989665746688843,-0.18237745761871338,-0.6541709899902344,0.0009881589794531465,1.4814008474349976,1.277969241142273
2559,Indianapolis,Median Age,tract,6800,231,NoPreTrain,9,0.9973026514053345,-1.890820026397705,-1.3044064044952393,0.0025791465304791927,3.621908664703369,1.780324101448059
2560,Nashville,Median Income,tract,7663,216,Emb,0,0.9988470673561096,-0.025269269943237305,8.177757263183594e-05,0.001301661948673427,1.1738566160202026,0.9643511176109314
2561,Nashville,Median Income,tract,7663,216,Emb,1,0.9978373050689697,0.007015228271484375,0.10185974836349487,0.002441721735522151,1.136893391609192,0.866193413734436
2562,Nashville,Median Income,tract,7663,216,Emb,2,0.9986822605133057,-0.26271307468414307,0.058289527893066406,0.0014877131907269359,1.4457120895385742,0.9082138538360596
2563,Nashville,Median Income,tract,7663,216,Emb,3,0.9993059635162354,-0.2803744077682495,-0.09149515628814697,0.0007835449650883675,1.4659329652786255,1.0526707172393799
2564,Nashville,Median Income,tract,7663,216,Emb,4,0.9986743330955505,-0.26498985290527344,-0.08446168899536133,0.001496706041507423,1.4483187198638916,1.0458874702453613
2565,Nashville,Median Income,tract,7663,216,Emb,5,0.9990970492362976,-0.12141704559326172,-0.10344600677490234,0.00101947330404073,1.2839386463165283,1.0641964673995972
2566,Nashville,Median Income,tract,7663,216,Emb,6,0.998797595500946,-0.08315491676330566,-0.35667622089385986,0.0013575504999607801,1.2401313781738281,1.3084193468093872
2567,Nashville,Median Income,tract,7663,216,Emb,7,0.9985668063163757,-0.3435654640197754,-0.05075860023498535,0.001618123147636652,1.538282036781311,1.013383150100708
2568,Nashville,Median Income,tract,7663,216,Emb,8,0.9989091157913208,-0.315479040145874,-0.18698275089263916,0.0012315879575908184,1.5061252117156982,1.1447619199752808
2569,Nashville,Median Income,tract,7663,216,Emb,9,0.9976825714111328,-0.6540257930755615,-0.22169220447540283,0.0026163861621171236,1.8937358856201172,1.1782366037368774
2570,Nashville,Median Income,tract,7663,216,RGNN,0,0.7810759544372559,-0.02418982982635498,-0.687333345413208,0.24716779589653015,1.1726207733154297,1.6273150444030762
2571,Nashville,Median Income,tract,7663,216,RGNN,1,0.8689413666725159,0.09389448165893555,-0.03885030746459961,0.14796675741672516,1.037423014640808,1.0018984079360962
2572,Nashville,Median Income,tract,7663,216,RGNN,2,0.7583132386207581,0.24268335103988647,-0.5234693288803101,0.27286720275878906,0.8670709133148193,1.4692795276641846
2573,Nashville,Median Income,tract,7663,216,RGNN,3,0.8351595401763916,0.20442867279052734,-0.16084825992584229,0.18610677123069763,0.9108696579933167,1.1195569038391113
2574,Nashville,Median Income,tract,7663,216,RGNN,4,0.7949647307395935,0.1101955771446228,-0.1878601312637329,0.2314872145652771,1.0187594890594482,1.1456079483032227
2575,Nashville,Median Income,tract,7663,216,RGNN,5,0.7756963968276978,0.05682951211929321,-0.31729745864868164,0.2532414197921753,1.079859733581543,1.2704411745071411
2576,Nashville,Median Income,tract,7663,216,RGNN,6,0.98473060131073,0.33841419219970703,-0.11925935745239258,0.01723930425941944,0.7574662566184998,1.0794472694396973
2577,Nashville,Median Income,tract,7663,216,RGNN,7,0.9584283828735352,-0.4835547208786011,-0.12390077114105225,0.04693484678864479,1.698559284210205,1.083923578262329
2578,Nashville,Median Income,tract,7663,216,RGNN,8,0.930893063545227,0.3079606890678406,-0.03894364833831787,0.0780225470662117,0.7923333048820496,1.001988410949707
2579,Nashville,Median Income,tract,7663,216,RGNN,9,0.696953296661377,0.15880829095840454,-0.4133622646331787,0.3421432673931122,0.9631015658378601,1.3630889654159546
2580,Nashville,Median Income,tract,7663,216,Feat-RGNN,0,0.780407190322876,-0.03938114643096924,-0.9057538509368896,0.2479228675365448,1.1900137662887573,1.8379662036895752
2581,Nashville,Median Income,tract,7663,216,Feat-RGNN,1,0.8130661249160767,-0.0711294412612915,-0.5949162244796753,0.21105055510997772,1.2263630628585815,1.5381851196289062
2582,Nashville,Median Income,tract,7663,216,Feat-RGNN,2,0.9500887393951416,-0.2907370328903198,-0.474734902381897,0.05635039880871773,1.4777973890304565,1.422278642654419
2583,Nashville,Median Income,tract,7663,216,Feat-RGNN,3,0.8040276765823364,0.06013453006744385,-0.7510827779769897,0.2212550938129425,1.0760756731033325,1.688796877861023
2584,Nashville,Median Income,tract,7663,216,Feat-RGNN,4,0.6437798142433167,0.14141273498535156,-0.5341317653656006,0.40217679738998413,0.9830182194709778,1.479562759399414
2585,Nashville,Median Income,tract,7663,216,Feat-RGNN,5,0.6983556747436523,0.06353777647018433,-0.35365474224090576,0.34056001901626587,1.0721791982650757,1.3055052757263184
2586,Nashville,Median Income,tract,7663,216,Feat-RGNN,6,0.8549672365188599,0.11330163478851318,-1.0903921127319336,0.16374371945858002,1.0152033567428589,2.0160369873046875
2587,Nashville,Median Income,tract,7663,216,Feat-RGNN,7,0.7659664154052734,0.10233527421951294,-0.24455726146697998,0.26422667503356934,1.027759075164795,1.2002882957458496
2588,Nashville,Median Income,tract,7663,216,Feat-RGNN,8,0.733199417591095,0.12406522035598755,-0.3362300395965576,0.30122101306915283,1.0028798580169678,1.2887003421783447
2589,Nashville,Median Income,tract,7663,216,Feat-RGNN,9,0.5308041572570801,-0.24081969261169434,-1.0992507934570312,0.5297276973724365,1.420645833015442,2.024580478668213
2590,Nashville,Median Income,tract,7663,216,Feat\&PC-RGNN,0,0.930901050567627,0.2055918574333191,0.24961501359939575,0.07801351696252823,0.9095379114151001,0.7236937880516052
2591,Nashville,Median Income,tract,7663,216,Feat\&PC-RGNN,1,0.860602855682373,0.23626065254211426,0.02359217405319214,0.15738099813461304,0.874424397945404,0.9416770339012146
2592,Nashville,Median Income,tract,7663,216,Feat\&PC-RGNN,2,0.9145521521568298,0.3458377718925476,0.1798526644706726,0.0964716225862503,0.7489668130874634,0.7909746766090393
2593,Nashville,Median Income,tract,7663,216,Feat\&PC-RGNN,3,0.7982946038246155,0.18315428495407104,0.2086685299873352,0.22772778570652008,0.9352272152900696,0.7631838321685791
2594,Nashville,Median Income,tract,7663,216,Feat\&PC-RGNN,4,0.869871973991394,0.28821510076522827,0.11152935028076172,0.14691606163978577,0.8149405121803284,0.856867790222168
2595,Nashville,Median Income,tract,7663,216,Feat\&PC-RGNN,5,0.7761435508728027,0.13144290447235107,0.04991865158081055,0.2527365982532501,0.9944329261779785,0.9162870049476624
2596,Nashville,Median Income,tract,7663,216,Feat\&PC-RGNN,6,0.96188884973526,0.19154775142669678,0.07194477319717407,0.043027907609939575,0.9256173968315125,0.8950443267822266
2597,Nashville,Median Income,tract,7663,216,Feat\&PC-RGNN,7,0.9160771369934082,0.23985522985458374,0.12488847970962524,0.09474992752075195,0.8703088760375977,0.8439838290214539
2598,Nashville,Median Income,tract,7663,216,Feat\&PC-RGNN,8,0.7851072549819946,0.1968807578086853,0.19408994913101196,0.2426164597272873,0.9195114970207214,0.7772438526153564
2599,Nashville,Median Income,tract,7663,216,Feat\&PC-RGNN,9,0.9212071299552917,0.18515676259994507,-0.021347522735595703,0.08895810693502426,0.932934582233429,0.9850181937217712
2600,Nashville,Median Income,tract,7663,216,LightGCN,0,0.9470809102058411,0.03531324863433838,0.1891801953315735,0.059746261686086655,1.1044942140579224,0.781978964805603
2601,Nashville,Median Income,tract,7663,216,LightGCN,1,0.9774916768074036,0.1403091549873352,0.1506296992301941,0.025412175804376602,0.9842817783355713,0.8191581964492798
2602,Nashville,Median Income,tract,7663,216,LightGCN,2,0.9699704051017761,0.3253469467163086,0.3344234228134155,0.033903755247592926,0.7724273204803467,0.6419020295143127
2603,Nashville,Median Income,tract,7663,216,LightGCN,3,0.9706787467002869,0.03774505853652954,0.23907727003097534,0.0331040695309639,1.1017099618911743,0.733856737613678
2604,Nashville,Median Income,tract,7663,216,LightGCN,4,0.9478176236152649,0.03336602449417114,0.11229711771011353,0.058914508670568466,1.106723666191101,0.8561273217201233
2605,Nashville,Median Income,tract,7663,216,LightGCN,5,0.9717851281166077,0.209136962890625,0.3564494848251343,0.03185489401221275,0.9054790735244751,0.6206594109535217
2606,Nashville,Median Income,tract,7663,216,LightGCN,6,0.9660993814468384,0.03010272979736328,0.22164082527160645,0.038274165242910385,1.1104599237442017,0.7506729364395142
2607,Nashville,Median Income,tract,7663,216,LightGCN,7,0.9531104564666748,0.24718278646469116,0.2625753879547119,0.052938830107450485,0.8619194030761719,0.7111944556236267
2608,Nashville,Median Income,tract,7663,216,LightGCN,8,0.9698906540870667,0.3760581612586975,0.24468648433685303,0.03399381786584854,0.7143667936325073,0.7284470200538635
2609,Nashville,Median Income,tract,7663,216,LightGCN,9,0.9772934317588806,0.22835177183151245,0.22563356161117554,0.025635967031121254,0.8834795355796814,0.7468222975730896
2610,Nashville,Median Income,tract,7663,216,Feat-LightGCN,0,0.9969251155853271,-0.12706971168518066,0.2532464861869812,0.0034715922083705664,1.2904105186462402,0.7201915383338928
2611,Nashville,Median Income,tract,7663,216,Feat-LightGCN,1,0.9845442771911621,-0.07247054576873779,0.04279965162277222,0.01744968071579933,1.2278985977172852,0.92315274477005
2612,Nashville,Median Income,tract,7663,216,Feat-LightGCN,2,0.989296555519104,-0.626406192779541,0.11663717031478882,0.01208428107202053,1.8621134757995605,0.8519416451454163
2613,Nashville,Median Income,tract,7663,216,Feat-LightGCN,3,0.9927447438240051,-0.34365224838256836,0.02004098892211914,0.008191286586225033,1.5383813381195068,0.9451019167900085
2614,Nashville,Median Income,tract,7663,216,Feat-LightGCN,4,0.9885944128036499,-0.207375168800354,-0.09262251853942871,0.012877046130597591,1.3823542594909668,1.053757905960083
2615,Nashville,Median Income,tract,7663,216,Feat-LightGCN,5,0.9889762997627258,-0.04474818706512451,0.08657830953598022,0.012445896863937378,1.196158528327942,0.8809313178062439
2616,Nashville,Median Income,tract,7663,216,Feat-LightGCN,6,0.9924414157867432,-0.050934791564941406,0.1665867567062378,0.008533724583685398,1.2032417058944702,0.8037687540054321
2617,Nashville,Median Income,tract,7663,216,Feat-LightGCN,7,0.995966374874115,-0.2665358781814575,0.04407930374145508,0.004554039798676968,1.4500888586044312,0.9219186305999756
2618,Nashville,Median Income,tract,7663,216,Feat-LightGCN,8,0.9881129264831543,-0.040936827659606934,0.10002481937408447,0.01342067588120699,1.1917948722839355,0.8679630756378174
2619,Nashville,Median Income,tract,7663,216,Feat-LightGCN,9,0.9784496426582336,-0.01336658000946045,0.12012708187103271,0.02433060109615326,1.1602288484573364,0.8485758304595947
2620,Nashville,Median Income,tract,7663,216,Feat\&PC-LightGCN,0,0.9985978007316589,0.4678810238838196,0.1592768430709839,0.0015831268392503262,0.609236478805542,0.8108186721801758
2621,Nashville,Median Income,tract,7663,216,Feat\&PC-LightGCN,1,0.9936590790748596,0.4898756742477417,0.08274811506271362,0.007158991415053606,0.584054172039032,0.884625256061554
2622,Nashville,Median Income,tract,7663,216,Feat\&PC-LightGCN,2,0.9854773879051208,0.5227522253990173,-0.033640146255493164,0.01639617420732975,0.546413004398346,0.9968736171722412
2623,Nashville,Median Income,tract,7663,216,Feat\&PC-LightGCN,3,0.9935081005096436,0.535047173500061,0.08649146556854248,0.007329437881708145,0.5323362350463867,0.8810150623321533
2624,Nashville,Median Income,tract,7663,216,Feat\&PC-LightGCN,4,0.9769548773765564,0.5056920051574707,0.06821250915527344,0.026018228381872177,0.5659456253051758,0.8986438512802124
2625,Nashville,Median Income,tract,7663,216,Feat\&PC-LightGCN,5,0.9789969325065613,0.5677995681762695,0.08762878179550171,0.02371273934841156,0.4948371946811676,0.8799181580543518
2626,Nashville,Median Income,tract,7663,216,Feat\&PC-LightGCN,6,0.9928876161575317,0.48159366846084595,0.1932695508003235,0.008029967546463013,0.5935364961624146,0.7780351042747498
2627,Nashville,Median Income,tract,7663,216,Feat\&PC-LightGCN,7,0.9348108768463135,0.30059725046157837,0.03751093149185181,0.07359927147626877,0.8007638454437256,0.9282533526420593
2628,Nashville,Median Income,tract,7663,216,Feat\&PC-LightGCN,8,0.9895260334014893,0.4599480628967285,0.028909027576446533,0.011825235560536385,0.6183190941810608,0.9365492463111877
2629,Nashville,Median Income,tract,7663,216,Feat\&PC-LightGCN,9,0.9953097105026245,0.4441094994544983,-0.024945497512817383,0.005295375362038612,0.6364530324935913,0.9884881973266602
2630,Nashville,Median Income,tract,7663,216,NoPreTrain,0,0.9940659999847412,-0.24381351470947266,-0.37409937381744385,0.006699548102915287,1.4240734577178955,1.3252227306365967
2631,Nashville,Median Income,tract,7663,216,NoPreTrain,1,0.997646152973175,-1.4266619682312012,-0.7043753862380981,0.002657552482560277,2.778346300125122,1.643750786781311
2632,Nashville,Median Income,tract,7663,216,NoPreTrain,2,0.9974810481071472,-0.44671881198883057,-0.21970808506011963,0.002843933878466487,1.656384825706482,1.1763230562210083
2633,Nashville,Median Income,tract,7663,216,NoPreTrain,3,0.997845470905304,-0.8305460214614868,-0.6061916351318359,0.002432513516396284,2.0958383083343506,1.5490593910217285
2634,Nashville,Median Income,tract,7663,216,NoPreTrain,4,0.9992296695709229,-0.5377846956253052,-0.5722463130950928,0.0008697170414961874,1.760648488998413,1.5163215398788452
2635,Nashville,Median Income,tract,7663,216,NoPreTrain,5,0.9974923133850098,-0.6940724849700928,-0.7190828323364258,0.0028311850037425756,1.9395864009857178,1.6579350233078003
2636,Nashville,Median Income,tract,7663,216,NoPreTrain,6,0.9990366101264954,0.03051358461380005,-0.4631807804107666,0.0010876944288611412,1.1099894046783447,1.4111355543136597
2637,Nashville,Median Income,tract,7663,216,NoPreTrain,7,0.9447895288467407,-3.463062286376953,-4.876377105712891,0.06233324110507965,5.109872341156006,5.667354583740234
2638,Nashville,Median Income,tract,7663,216,NoPreTrain,8,0.9980472326278687,-0.4683985710144043,-1.0879755020141602,0.0022047054953873158,1.6812065839767456,2.0137064456939697
2639,Nashville,Median Income,tract,7663,216,NoPreTrain,9,0.9976794123649597,-5.924265384674072,-1.0381343364715576,0.0026199573185294867,7.9277663230896,1.9656379222869873
2640,Nashville,Median Home Value,tract,7508,215,Emb,0,0.993847131729126,-0.09206247329711914,-0.045798540115356445,0.006243596319109201,0.8078591823577881,1.4123406410217285
2641,Nashville,Median Home Value,tract,7508,215,Emb,1,0.9906755685806274,-0.23697197437286377,0.05834704637527466,0.009461930021643639,0.9150568246841431,1.2716931104660034
2642,Nashville,Median Home Value,tract,7508,215,Emb,2,0.9757247567176819,-0.09252381324768066,-0.0030573606491088867,0.024633245542645454,0.808200478553772,1.3546192646026611
2643,Nashville,Median Home Value,tract,7508,215,Emb,3,0.997801661491394,-0.1886523962020874,-0.18539226055145264,0.002230739453807473,0.8793120980262756,1.600860595703125
2644,Nashville,Median Home Value,tract,7508,215,Emb,4,0.9993274807929993,0.03844493627548218,-0.23040258884429932,0.0006824483280070126,0.7113155722618103,1.6616466045379639
2645,Nashville,Median Home Value,tract,7508,215,Emb,5,0.9966344833374023,-0.018815994262695312,-0.3565332889556885,0.0034151349682360888,0.7536746859550476,1.8319849967956543
2646,Nashville,Median Home Value,tract,7508,215,Emb,6,0.9949917197227478,-0.1186220645904541,-0.25708746910095215,0.005082122515887022,0.8275067806243896,1.697684407234192
2647,Nashville,Median Home Value,tract,7508,215,Emb,7,0.9979103803634644,-0.27799439430236816,-0.25581681728363037,0.0021204527001827955,0.9454033374786377,1.6959682703018188
2648,Nashville,Median Home Value,tract,7508,215,Emb,8,0.9985576272010803,-0.1912555694580078,-0.4491703510284424,0.0014636281412094831,0.881237804889679,1.9570903778076172
2649,Nashville,Median Home Value,tract,7508,215,Emb,9,0.9969953894615173,0.036639392375946045,-0.07497298717498779,0.003048906335607171,0.712651252746582,1.4517405033111572
2650,Nashville,Median Home Value,tract,7508,215,RGNN,0,0.9435428380966187,0.269758403301239,-0.25708842277526855,0.05728974565863609,0.5402002334594727,1.6976855993270874
2651,Nashville,Median Home Value,tract,7508,215,RGNN,1,0.9601482152938843,0.1334570050239563,-0.06121337413787842,0.040439486503601074,0.6410298943519592,1.433158278465271
2652,Nashville,Median Home Value,tract,7508,215,RGNN,2,0.8364343047142029,0.3312256336212158,0.16281026601791382,0.16597776114940643,0.4947294592857361,1.130616545677185
2653,Nashville,Median Home Value,tract,7508,215,RGNN,3,0.9090500473976135,0.006585419178009033,-0.033121705055236816,0.0922911986708641,0.7348838448524475,1.3952207565307617
2654,Nashville,Median Home Value,tract,7508,215,RGNN,4,0.8356257677078247,0.363470196723938,0.024547278881072998,0.16679821908473969,0.47087639570236206,1.317339301109314
2655,Nashville,Median Home Value,tract,7508,215,RGNN,5,0.9002537131309509,0.1266089677810669,-0.33476686477661133,0.10121721029281616,0.6460957527160645,1.8025895357131958
2656,Nashville,Median Home Value,tract,7508,215,RGNN,6,0.8599144220352173,0.15062475204467773,-0.35127246379852295,0.14215140044689178,0.6283299922943115,1.8248802423477173
2657,Nashville,Median Home Value,tract,7508,215,RGNN,7,0.9611808061599731,0.05981040000915527,-0.4090622663497925,0.03939162939786911,0.6955103874206543,1.9029247760772705
2658,Nashville,Median Home Value,tract,7508,215,RGNN,8,0.9442344307899475,0.31484466791152954,-0.16563355922698975,0.056587934494018555,0.5068473815917969,1.5741766691207886
2659,Nashville,Median Home Value,tract,7508,215,RGNN,9,0.96329665184021,0.14050734043121338,-0.17536163330078125,0.03724458068609238,0.6358144283294678,1.5873143672943115
2660,Nashville,Median Home Value,tract,7508,215,Feat-RGNN,0,0.9082825779914856,0.2138885259628296,-0.17248749732971191,0.09306994825601578,0.5815302133560181,1.583432912826538
2661,Nashville,Median Home Value,tract,7508,215,Feat-RGNN,1,0.866680920124054,0.2516464591026306,0.1094927191734314,0.1352851390838623,0.5535986423492432,1.202621340751648
2662,Nashville,Median Home Value,tract,7508,215,Feat-RGNN,2,0.9539502859115601,0.0007920265197753906,-0.20336389541625977,0.046728793531656265,0.7391695380210876,1.6251311302185059
2663,Nashville,Median Home Value,tract,7508,215,Feat-RGNN,3,0.8794147372245789,0.348341166973114,-0.1467578411102295,0.12236353009939194,0.48206818103790283,1.5486853122711182
2664,Nashville,Median Home Value,tract,7508,215,Feat-RGNN,4,0.7655764818191528,0.3469202518463135,-0.06037795543670654,0.23788052797317505,0.48311930894851685,1.4320300817489624
2665,Nashville,Median Home Value,tract,7508,215,Feat-RGNN,5,0.9578213691711426,0.27713245153427124,-0.2249281406402588,0.0428006574511528,0.5347452163696289,1.654253363609314
2666,Nashville,Median Home Value,tract,7508,215,Feat-RGNN,6,0.9844474196434021,0.10313373804092407,-0.26378941535949707,0.015781935304403305,0.6634617447853088,1.7067352533340454
2667,Nashville,Median Home Value,tract,7508,215,Feat-RGNN,7,0.9339177012443542,0.3501707911491394,-0.12478375434875488,0.067056804895401,0.48071470856666565,1.5190094709396362
2668,Nashville,Median Home Value,tract,7508,215,Feat-RGNN,8,0.07858055830001831,-0.19430172443389893,0.010613322257995605,0.9350075125694275,0.8834912776947021,1.3361570835113525
2669,Nashville,Median Home Value,tract,7508,215,Feat-RGNN,9,0.9324164986610413,0.2727234959602356,-0.0579451322555542,0.06858015060424805,0.5380067825317383,1.4287445545196533
2670,Nashville,Median Home Value,tract,7508,215,Feat\&PC-RGNN,0,0.9478378295898438,0.2164376974105835,0.06625133752822876,0.05293140932917595,0.579644501209259,1.2610183954238892
2671,Nashville,Median Home Value,tract,7508,215,Feat\&PC-RGNN,1,0.9633097648620605,0.06139904260635376,0.043234825134277344,0.03723132610321045,0.6943351626396179,1.2921019792556763
2672,Nashville,Median Home Value,tract,7508,215,Feat\&PC-RGNN,2,0.9395390748977661,0.222029447555542,0.13782548904418945,0.061352528631687164,0.5755079388618469,1.1643582582473755
2673,Nashville,Median Home Value,tract,7508,215,Feat\&PC-RGNN,3,0.983361542224884,0.2676297426223755,-0.10554754734039307,0.01688380353152752,0.5417748689651489,1.4930311441421509
2674,Nashville,Median Home Value,tract,7508,215,Feat\&PC-RGNN,4,0.9453290700912476,0.09724205732345581,-0.018417000770568848,0.055477142333984375,0.6678200960159302,1.3753621578216553
2675,Nashville,Median Home Value,tract,7508,215,Feat\&PC-RGNN,5,0.8880330324172974,-0.272355318069458,-0.25979340076446533,0.1136181503534317,0.9412317276000977,1.7013386487960815
2676,Nashville,Median Home Value,tract,7508,215,Feat\&PC-RGNN,6,0.9001590013504028,-0.3187311887741089,-0.13306856155395508,0.10131333023309708,0.9755385518074036,1.5301979780197144
2677,Nashville,Median Home Value,tract,7508,215,Feat\&PC-RGNN,7,0.9633852243423462,0.27315062284469604,0.12106442451477051,0.03715475648641586,0.5376908183097839,1.1869938373565674
2678,Nashville,Median Home Value,tract,7508,215,Feat\&PC-RGNN,8,0.9704335331916809,0.15852797031402588,-0.03538095951080322,0.03000246174633503,0.6224835515022278,1.398271918296814
2679,Nashville,Median Home Value,tract,7508,215,Feat\&PC-RGNN,9,0.8885337114334106,0.2836505174636841,0.17246949672698975,0.11311005055904388,0.5299234390258789,1.1175718307495117
2680,Nashville,Median Home Value,tract,7508,215,LightGCN,0,0.9930678606033325,0.5845951437950134,0.202711284160614,0.007034373935312033,0.3072980046272278,1.0767306089401245
2681,Nashville,Median Home Value,tract,7508,215,LightGCN,1,0.9509323835372925,0.47280895709991455,0.24502676725387573,0.049791187047958374,0.38999247550964355,1.0195839405059814
2682,Nashville,Median Home Value,tract,7508,215,LightGCN,2,0.9569238424301147,0.5133631825447083,0.16416937112808228,0.04371142387390137,0.35999223589897156,1.1287810802459717
2683,Nashville,Median Home Value,tract,7508,215,LightGCN,3,0.9916434288024902,0.46692097187042236,0.18795621395111084,0.008479800075292587,0.3943481147289276,1.096657156944275
2684,Nashville,Median Home Value,tract,7508,215,LightGCN,4,0.9580442905426025,0.541406512260437,0.2233431339263916,0.042574431747198105,0.33924704790115356,1.0488674640655518
2685,Nashville,Median Home Value,tract,7508,215,LightGCN,5,0.9770723581314087,0.4392346143722534,0.1370033621788025,0.023265767842531204,0.4148292541503906,1.1654685735702515
2686,Nashville,Median Home Value,tract,7508,215,LightGCN,6,0.9502118229866028,0.4919867515563965,0.19754678010940552,0.050522420555353165,0.3758055567741394,1.083705186843872
2687,Nashville,Median Home Value,tract,7508,215,LightGCN,7,0.9611291885375977,0.5027862787246704,0.25488847494125366,0.039444006979465485,0.36781659722328186,1.0062658786773682
2688,Nashville,Median Home Value,tract,7508,215,LightGCN,8,0.9673877358436584,0.5649397373199463,0.26885074377059937,0.033093176782131195,0.32183822989463806,0.9874098896980286
2689,Nashville,Median Home Value,tract,7508,215,LightGCN,9,0.9063634276390076,0.49226027727127075,0.00555264949798584,0.09501742571592331,0.37560319900512695,1.3429913520812988
2690,Nashville,Median Home Value,tract,7508,215,Feat-LightGCN,0,0.9959577322006226,0.3424842953681946,-0.11806964874267578,0.004101872444152832,0.4864008128643036,1.5099421739578247
2691,Nashville,Median Home Value,tract,7508,215,Feat-LightGCN,1,0.9902176856994629,0.31685131788253784,-0.11447513103485107,0.0099265705794096,0.5053629875183105,1.5050877332687378
2692,Nashville,Median Home Value,tract,7508,215,Feat-LightGCN,2,0.9953209161758423,0.2634781002998352,-0.25959253311157227,0.004748109728097916,0.5448461174964905,1.701067328453064
2693,Nashville,Median Home Value,tract,7508,215,Feat-LightGCN,3,0.9923531413078308,0.32778871059417725,-0.1424332857131958,0.007759619038552046,0.49727195501327515,1.5428448915481567
2694,Nashville,Median Home Value,tract,7508,215,Feat-LightGCN,4,0.9788431525230408,0.29596275091171265,0.0012507438659667969,0.02146885171532631,0.520815372467041,1.3488011360168457
2695,Nashville,Median Home Value,tract,7508,215,Feat-LightGCN,5,0.9975067377090454,0.3795235753059387,-0.08961069583892822,0.002530002733692527,0.459000825881958,1.471508502960205
2696,Nashville,Median Home Value,tract,7508,215,Feat-LightGCN,6,0.9867490530014038,0.17873692512512207,-0.25700533390045166,0.013446381315588951,0.6075338125228882,1.6975734233856201
2697,Nashville,Median Home Value,tract,7508,215,Feat-LightGCN,7,0.9954513311386108,0.16219627857208252,-0.10204863548278809,0.004615718964487314,0.6197698712348938,1.488305926322937
2698,Nashville,Median Home Value,tract,7508,215,Feat-LightGCN,8,0.9689472913742065,0.22844535112380981,-0.11013662815093994,0.031510643661022186,0.5707617402076721,1.4992287158966064
2699,Nashville,Median Home Value,tract,7508,215,Feat-LightGCN,9,0.9888389110565186,0.2891809344291687,0.036614835262298584,0.011325669474899769,0.5258322954177856,1.3010421991348267
2700,Nashville,Median Home Value,tract,7508,215,Feat\&PC-LightGCN,0,0.985980212688446,0.2787783741950989,0.024091660976409912,0.014226517640054226,0.5335276126861572,1.317954659461975
2701,Nashville,Median Home Value,tract,7508,215,Feat\&PC-LightGCN,1,0.9944772720336914,0.22065502405166626,0.06515049934387207,0.005604200530797243,0.5765246748924255,1.262505054473877
2702,Nashville,Median Home Value,tract,7508,215,Feat\&PC-LightGCN,2,0.9924173355102539,0.30335843563079834,0.09450757503509521,0.007694493513554335,0.5153443813323975,1.2228586673736572
2703,Nashville,Median Home Value,tract,7508,215,Feat\&PC-LightGCN,3,0.9912170171737671,0.2679329514503479,-0.0026886463165283203,0.008912486955523491,0.5415505766868591,1.3541213274002075
2704,Nashville,Median Home Value,tract,7508,215,Feat\&PC-LightGCN,4,0.9907019138336182,0.17258739471435547,-0.09670257568359375,0.009435219690203667,0.6120830178260803,1.4810861349105835
2705,Nashville,Median Home Value,tract,7508,215,Feat\&PC-LightGCN,5,0.9884219169616699,0.23847931623458862,0.0338212251663208,0.011748816817998886,0.563339114189148,1.3048149347305298
2706,Nashville,Median Home Value,tract,7508,215,Feat\&PC-LightGCN,6,0.9921916723251343,0.17169594764709473,0.05283743143081665,0.007923487573862076,0.6127424240112305,1.2791337966918945
2707,Nashville,Median Home Value,tract,7508,215,Feat\&PC-LightGCN,7,0.9916084408760071,0.23655229806900024,-0.06217813491821289,0.008515323512256145,0.5647646188735962,1.4344611167907715
2708,Nashville,Median Home Value,tract,7508,215,Feat\&PC-LightGCN,8,0.9861418604850769,0.2506226897239685,0.04856044054031372,0.014062526635825634,0.5543559193611145,1.2849098443984985
2709,Nashville,Median Home Value,tract,7508,215,Feat\&PC-LightGCN,9,0.983405590057373,0.11600565910339355,-0.054395079612731934,0.016839096322655678,0.6539396047592163,1.4239503145217896
2710,Nashville,Median Home Value,tract,7508,215,NoPreTrain,0,0.9955570101737976,-1.8857495784759521,-1.180100440979004,0.004508525598794222,2.134748935699463,2.944204330444336
2711,Nashville,Median Home Value,tract,7508,215,NoPreTrain,1,0.998329758644104,-1.0277414321899414,-0.5938026905059814,0.0016949003329500556,1.5000327825546265,2.1524147987365723
2712,Nashville,Median Home Value,tract,7508,215,NoPreTrain,2,0.9975089430809021,-0.18921852111816406,-0.1848067045211792,0.00252779689617455,0.8797308206558228,1.6000697612762451
2713,Nashville,Median Home Value,tract,7508,215,NoPreTrain,3,0.999350905418396,-0.4275696277618408,-0.42077553272247314,0.0006586562958545983,1.0560524463653564,1.918743371963501
2714,Nashville,Median Home Value,tract,7508,215,NoPreTrain,4,0.9936017394065857,-0.23819267749786377,-0.07019305229187012,0.006492625921964645,0.9159598350524902,1.4452852010726929
2715,Nashville,Median Home Value,tract,7508,215,NoPreTrain,5,0.9988923668861389,0.18722569942474365,-0.18778514862060547,0.0011239746818318963,0.6012542247772217,1.6040922403335571
2716,Nashville,Median Home Value,tract,7508,215,NoPreTrain,6,0.9963738322257996,-1.0062808990478516,-0.8140159845352173,0.0036796419881284237,1.4841572046279907,2.449810743331909
2717,Nashville,Median Home Value,tract,7508,215,NoPreTrain,7,0.9986873865127563,-0.4381016492843628,-0.4580625295639038,0.0013319748686626554,1.0638436079025269,1.9690991640090942
2718,Nashville,Median Home Value,tract,7508,215,NoPreTrain,8,0.9987071752548218,0.05113738775253296,-0.6467480659484863,0.001311897300183773,0.7019262909889221,2.223917245864868
2719,Nashville,Median Home Value,tract,7508,215,NoPreTrain,9,0.9994930624961853,-0.004697680473327637,0.10853105783462524,0.0005143921007402241,0.7432305812835693,1.2039200067520142
2720,Nashville,Commute Time,tract,5198,168,Emb,0,0.9990745186805725,-0.12475371360778809,-0.43061530590057373,0.000961769837886095,1.8702020645141602,0.9931168556213379
2721,Nashville,Commute Time,tract,5198,168,Emb,1,0.9998728036880493,-0.2090897560119629,-0.49981558322906494,0.00013221116387285292,2.0104331970214844,1.0411548614501953
2722,Nashville,Commute Time,tract,5198,168,Emb,2,0.9997621774673462,-0.22399389743804932,-0.531065821647644,0.000247133313678205,2.035215377807617,1.0628483295440674
2723,Nashville,Commute Time,tract,5198,168,Emb,3,0.9965795874595642,-0.18366777896881104,-0.7337642908096313,0.003554611001163721,1.9681622982025146,1.2035592794418335
2724,Nashville,Commute Time,tract,5198,168,Emb,4,0.9998712539672852,-0.05270075798034668,-0.3384561538696289,0.0001337688008788973,1.7503949403762817,0.9291409254074097
2725,Nashville,Commute Time,tract,5198,168,Emb,5,0.9653271436691284,-0.34370195865631104,-1.1118426322937012,0.036033134907484055,2.2342617511749268,1.4660170078277588
2726,Nashville,Commute Time,tract,5198,168,Emb,6,0.9996613264083862,-0.11699330806732178,-0.5175917148590088,0.00035193320945836604,1.8572982549667358,1.0534948110580444
2727,Nashville,Commute Time,tract,5198,168,Emb,7,0.9997844696044922,-0.2784680128097534,-0.5217341184616089,0.00022397773864213377,2.125792980194092,1.056370496749878
2728,Nashville,Commute Time,tract,5198,168,Emb,8,0.9966384768486023,-0.22164130210876465,-0.6615302562713623,0.0034933937713503838,2.0313034057617188,1.153415322303772
2729,Nashville,Commute Time,tract,5198,168,Emb,9,0.9997568130493164,-0.11236512660980225,-0.7019249200820923,0.0002527187461964786,1.8496026992797852,1.1814568042755127
2730,Nashville,Commute Time,tract,5198,168,RGNN,0,0.8694811463356018,-0.27770912647247314,-0.14230835437774658,0.13563944399356842,2.1245310306549072,0.7929773926734924
2731,Nashville,Commute Time,tract,5198,168,RGNN,1,0.6803611516952515,-0.6927555799484253,-0.2529345750808716,0.33217909932136536,2.8146562576293945,0.8697728514671326
2732,Nashville,Commute Time,tract,5198,168,RGNN,2,0.938309371471405,-0.9386996030807495,-0.74854576587677,0.06411093473434448,3.2236034870147705,1.213820457458496
2733,Nashville,Commute Time,tract,5198,168,RGNN,3,0.9007033109664917,-0.6797745227813721,-0.44186902046203613,0.10319230705499649,2.793071746826172,1.0009289979934692
2734,Nashville,Commute Time,tract,5198,168,RGNN,4,0.7538465857505798,-0.6372071504592896,-0.38296961784362793,0.25581061840057373,2.722291946411133,0.9600417017936707
2735,Nashville,Commute Time,tract,5198,168,RGNN,5,0.764890193939209,-0.6072335243225098,-0.3140987157821655,0.24433378875255585,2.672452926635742,0.9122322797775269
2736,Nashville,Commute Time,tract,5198,168,RGNN,6,0.9634619951248169,-0.9605566263198853,-0.19823122024536133,0.037971485406160355,3.259946584701538,0.8317984342575073
2737,Nashville,Commute Time,tract,5198,168,RGNN,7,0.7368206977844238,-0.5811805725097656,-0.3790675401687622,0.27350446581840515,2.6291332244873047,0.957332968711853
2738,Nashville,Commute Time,tract,5198,168,RGNN,8,0.7613753080368042,-0.4821040630340576,-0.39441096782684326,0.24798652529716492,2.4643919467926025,0.967984139919281
2739,Nashville,Commute Time,tract,5198,168,RGNN,9,0.9258415102958679,0.006582438945770264,-0.20440173149108887,0.07706792652606964,1.6518207788467407,0.8360819220542908
2740,Nashville,Commute Time,tract,5198,168,Feat-RGNN,0,0.851004421710968,-0.2190014123916626,-0.6507844924926758,0.15484103560447693,2.02691388130188,1.1459556818008423
2741,Nashville,Commute Time,tract,5198,168,Feat-RGNN,1,0.7542064189910889,-0.0763784646987915,-0.5030875205993652,0.2554367184638977,1.7897653579711914,1.0434261560440063
2742,Nashville,Commute Time,tract,5198,168,Feat-RGNN,2,0.8111603856086731,-0.11489427089691162,-0.41413605213165283,0.19624826312065125,1.853808045387268,0.9816771149635315
2743,Nashville,Commute Time,tract,5198,168,Feat-RGNN,3,0.5423563718795776,-0.26353931427001953,-0.5221155881881714,0.47559815645217896,2.1009700298309326,1.0566352605819702
2744,Nashville,Commute Time,tract,5198,168,Feat-RGNN,4,0.9288421869277954,-0.15940380096435547,-0.4114772081375122,0.07394950091838837,1.9278169870376587,0.979831337928772
2745,Nashville,Commute Time,tract,5198,168,Feat-RGNN,5,0.8988274931907654,-0.12541735172271729,-0.433718204498291,0.10514174401760101,1.8713055849075317,0.9952707886695862
2746,Nashville,Commute Time,tract,5198,168,Feat-RGNN,6,0.9281136989593506,-0.13664650917053223,-0.5030769109725952,0.07470660656690598,1.889976978302002,1.0434187650680542
2747,Nashville,Commute Time,tract,5198,168,Feat-RGNN,7,0.8159598112106323,-0.13935935497283936,-0.6333556175231934,0.19126056134700775,1.894487738609314,1.1338567733764648
2748,Nashville,Commute Time,tract,5198,168,Feat-RGNN,8,0.7755167484283447,0.02951890230178833,-0.3967028856277466,0.23329031467437744,1.613682746887207,0.9695752263069153
2749,Nashville,Commute Time,tract,5198,168,Feat-RGNN,9,0.9192532896995544,-0.1349257230758667,-0.5237166881561279,0.08391459286212921,1.887115716934204,1.0577466487884521
2750,Nashville,Commute Time,tract,5198,168,Feat\&PC-RGNN,0,0.8582528829574585,-1.071528673171997,-0.9773329496383667,0.14730823040008545,3.444467067718506,1.372641921043396
2751,Nashville,Commute Time,tract,5198,168,Feat\&PC-RGNN,1,0.8719397187232971,0.015500009059906006,-0.29911816120147705,0.13308440148830414,1.6369929313659668,0.9018329977989197
2752,Nashville,Commute Time,tract,5198,168,Feat\&PC-RGNN,2,0.7065801620483398,0.2588203549385071,-0.7317538261413574,0.3049314618110657,1.2324081659317017,1.2021636962890625
2753,Nashville,Commute Time,tract,5198,168,Feat\&PC-RGNN,3,0.8898859620094299,0.10297387838363647,0.0162045955657959,0.11443407088518143,1.4915443658828735,0.6829395294189453
2754,Nashville,Commute Time,tract,5198,168,Feat\&PC-RGNN,4,0.7737230062484741,0.2548140287399292,-1.0465750694274902,0.2351544201374054,1.2390698194503784,1.4207090139389038
2755,Nashville,Commute Time,tract,5198,168,Feat\&PC-RGNN,5,0.9906628131866455,0.04719644784927368,-0.9828044176101685,0.00970352254807949,1.5842891931533813,1.376440167427063
2756,Nashville,Commute Time,tract,5198,168,Feat\&PC-RGNN,6,0.938758373260498,-0.605411171913147,-0.5445256233215332,0.06364428251981735,2.6694228649139404,1.0721920728683472
2757,Nashville,Commute Time,tract,5198,168,Feat\&PC-RGNN,7,0.9614517092704773,0.00014531612396240234,-1.061056137084961,0.04006063565611839,1.6625242233276367,1.430761694908142
2758,Nashville,Commute Time,tract,5198,168,Feat\&PC-RGNN,8,0.9054014086723328,0.05389869213104248,-0.9815934896469116,0.0983099490404129,1.5731449127197266,1.3755996227264404
2759,Nashville,Commute Time,tract,5198,168,Feat\&PC-RGNN,9,0.9737263917922974,-0.37900638580322266,-1.2726235389709473,0.02730441652238369,2.2929646968841553,1.5776292085647583
2760,Nashville,Commute Time,tract,5198,168,LightGCN,0,0.9979575276374817,-0.29988181591033936,-0.383461594581604,0.002122598234564066,2.1613991260528564,0.9603832364082336
2761,Nashville,Commute Time,tract,5198,168,LightGCN,1,0.9552266001701355,-0.1994156837463379,-0.3348180055618286,0.046529997140169144,1.9943475723266602,0.9266153573989868
2762,Nashville,Commute Time,tract,5198,168,LightGCN,2,0.9937626123428345,0.06464928388595581,-0.32077884674072266,0.006482094060629606,1.5552692413330078,0.9168696403503418
2763,Nashville,Commute Time,tract,5198,168,LightGCN,3,0.9818488955497742,-0.13466596603393555,-0.6325491666793823,0.01886320859193802,1.886683702468872,1.1332969665527344
2764,Nashville,Commute Time,tract,5198,168,LightGCN,4,0.9845608472824097,-0.2435828447341919,-0.13657140731811523,0.01604488305747509,2.0677871704101562,0.7889948487281799
2765,Nashville,Commute Time,tract,5198,168,LightGCN,5,0.9731475710868835,-0.13507318496704102,-0.34808826446533203,0.027905898168683052,1.88736093044281,0.9358274936676025
2766,Nashville,Commute Time,tract,5198,168,LightGCN,6,0.9685992002487183,0.056498169898986816,-0.1690065860748291,0.0326327309012413,1.5688226222991943,0.8115109801292419
2767,Nashville,Commute Time,tract,5198,168,LightGCN,7,0.9786694645881653,-0.1473771333694458,-0.3610881567001343,0.022167373448610306,1.907819390296936,0.944851815700531
2768,Nashville,Commute Time,tract,5198,168,LightGCN,8,0.9937052130699158,-0.05798757076263428,-0.25269508361816406,0.006541737820953131,1.7591856718063354,0.869606614112854
2769,Nashville,Commute Time,tract,5198,168,LightGCN,9,0.998970091342926,0.006564438343048096,-0.27580225467681885,0.0010703345760703087,1.651850700378418,0.8856472969055176
2770,Nashville,Commute Time,tract,5198,168,Feat-LightGCN,0,0.9987403750419617,-0.16725504398345947,-0.6391282081604004,0.001309031154960394,1.9408717155456543,1.137864112854004
2771,Nashville,Commute Time,tract,5198,168,Feat-LightGCN,1,0.9946473240852356,0.11301648616790771,-0.7109278440475464,0.005562694277614355,1.4748458862304688,1.1877065896987915
2772,Nashville,Commute Time,tract,5198,168,Feat-LightGCN,2,0.999886155128479,0.12842828035354614,-0.7794911861419678,0.00011832114978460595,1.4492197036743164,1.235302448272705
2773,Nashville,Commute Time,tract,5198,168,Feat-LightGCN,3,0.9956278800964355,-0.047414422035217285,-0.6620025634765625,0.00454364251345396,1.7416049242019653,1.1537431478500366
2774,Nashville,Commute Time,tract,5198,168,Feat-LightGCN,4,0.9987514615058899,0.04831486940383911,-0.8648781776428223,0.0012975081335753202,1.5824295282363892,1.2945771217346191
2775,Nashville,Commute Time,tract,5198,168,Feat-LightGCN,5,0.9995765686035156,-0.021953105926513672,-0.8747129440307617,0.0004400424368213862,1.6992686986923218,1.3014042377471924
2776,Nashville,Commute Time,tract,5198,168,Feat-LightGCN,6,0.988595724105835,-0.14399290084838867,-0.6381347179412842,0.011851711198687553,1.902192234992981,1.137174367904663
2777,Nashville,Commute Time,tract,5198,168,Feat-LightGCN,7,0.998546302318573,-0.0062901973724365234,-0.4583101272583008,0.001510699512436986,1.673224925994873,1.0123422145843506
2778,Nashville,Commute Time,tract,5198,168,Feat-LightGCN,8,0.998775064945221,-0.09224820137023926,-0.608453631401062,0.001273000962100923,1.8161530494689941,1.1165701150894165
2779,Nashville,Commute Time,tract,5198,168,Feat-LightGCN,9,0.9972230792045593,-0.0031795501708984375,-0.7925326824188232,0.0028858929872512817,1.6680526733398438,1.2443556785583496
2780,Nashville,Commute Time,tract,5198,168,Feat\&PC-LightGCN,0,0.9994971752166748,0.09308761358261108,-0.36563682556152344,0.0005225480999797583,1.5079829692840576,0.9480094909667969
2781,Nashville,Commute Time,tract,5198,168,Feat\&PC-LightGCN,1,0.9985184669494629,0.0017291903495788574,-0.6255550384521484,0.001539628952741623,1.6598905324935913,1.1284418106079102
2782,Nashville,Commute Time,tract,5198,168,Feat\&PC-LightGCN,2,0.999043881893158,-0.02830362319946289,-0.33417749404907227,0.0009936414426192641,1.70982825756073,0.926170825958252
2783,Nashville,Commute Time,tract,5198,168,Feat\&PC-LightGCN,3,0.9990984201431274,-0.09998774528503418,-0.5084649324417114,0.000936979369726032,1.8290220499038696,1.0471590757369995
2784,Nashville,Commute Time,tract,5198,168,Feat\&PC-LightGCN,4,0.9997866749763489,0.05671125650405884,-0.22790122032165527,0.00022171989257913083,1.5684683322906494,0.8523949980735779
2785,Nashville,Commute Time,tract,5198,168,Feat\&PC-LightGCN,5,0.9879289865493774,-0.07861840724945068,-0.19336628913879395,0.012544607743620872,1.7934898138046265,0.8284212350845337
2786,Nashville,Commute Time,tract,5198,168,Feat\&PC-LightGCN,6,0.9933388233184814,0.07672762870788574,-0.4971543550491333,0.006922482047230005,1.5351858139038086,1.0393074750900269
2787,Nashville,Commute Time,tract,5198,168,Feat\&PC-LightGCN,7,0.9979878067970276,0.07407277822494507,-0.40734386444091797,0.002091164467856288,1.539600133895874,0.9769620299339294
2788,Nashville,Commute Time,tract,5198,168,Feat\&PC-LightGCN,8,0.9990825057029724,0.061873435974121094,-0.3830876350402832,0.0009535192511975765,1.559884786605835,0.960123598575592
2789,Nashville,Commute Time,tract,5198,168,Feat\&PC-LightGCN,9,0.9971045255661011,0.14903318881988525,-0.25656604766845703,0.0030090692453086376,1.4149584770202637,0.8722937703132629
2790,Nashville,Commute Time,tract,5198,168,NoPreTrain,0,0.9981233477592468,-0.22171998023986816,-1.6073331832885742,0.001950308564119041,2.0314342975616455,1.8099809885025024
2791,Nashville,Commute Time,tract,5198,168,NoPreTrain,1,0.9987749457359314,-0.15291190147399902,-1.2003026008605957,0.0012731297174468637,1.917022466659546,1.527424931526184
2792,Nashville,Commute Time,tract,5198,168,NoPreTrain,2,0.9946739077568054,-0.39164137840270996,-1.1855645179748535,0.005535065662115812,2.313973903656006,1.5171939134597778
2793,Nashville,Commute Time,tract,5198,168,NoPreTrain,3,0.9982938766479492,-0.8038275241851807,-0.424629807472229,0.001773079507984221,2.999342679977417,0.9889616966247559
2794,Nashville,Commute Time,tract,5198,168,NoPreTrain,4,0.9974040389060974,-0.7669640779495239,-1.1522152423858643,0.0026978133246302605,2.938047409057617,1.494043231010437
2795,Nashville,Commute Time,tract,5198,168,NoPreTrain,5,0.9972591996192932,-0.21469879150390625,-0.5234487056732178,0.002848315518349409,2.0197596549987793,1.057560682296753
2796,Nashville,Commute Time,tract,5198,168,NoPreTrain,6,0.9983184337615967,-2.0262842178344727,-0.6564136743545532,0.001747531583532691,5.032001972198486,1.149863362312317
2797,Nashville,Commute Time,tract,5198,168,NoPreTrain,7,0.9995344877243042,0.09376859664916992,-0.14033186435699463,0.0004838023742195219,1.5068506002426147,0.7916053533554077
2798,Nashville,Commute Time,tract,5198,168,NoPreTrain,8,0.9992033243179321,-0.4551243782043457,-0.5417248010635376,0.0008279021712951362,2.4195311069488525,1.070247769355774
2799,Nashville,Commute Time,tract,5198,168,NoPreTrain,9,0.9867408275604248,-0.14122390747070312,-1.0668752193450928,0.013779392465949059,1.8975881338119507,1.4348012208938599
2800,Nashville,Median Age,tract,7663,216,Emb,0,0.9930174350738525,-1.2429537773132324,-0.6732980012893677,0.008476181887090206,1.7316970825195312,1.423614501953125
2801,Nashville,Median Age,tract,7663,216,Emb,1,0.9982439875602722,-1.3130676746368408,-0.35675811767578125,0.002131608547642827,1.7858294248580933,1.15430748462677
2802,Nashville,Median Age,tract,7663,216,Emb,2,0.9975439310073853,-1.0483856201171875,-0.3141361474990845,0.0029814632143825293,1.5814787149429321,1.118045449256897
2803,Nashville,Median Age,tract,7663,216,Emb,3,0.9996834993362427,-0.9450504779815674,-1.3380722999572754,0.0003841911966446787,1.5016976594924927,1.9891936779022217
2804,Nashville,Median Age,tract,7663,216,Emb,4,0.9548766016960144,-1.3797669410705566,-0.8543004989624023,0.05477570369839668,1.8373253345489502,1.5776084661483765
2805,Nashville,Median Age,tract,7663,216,Emb,5,0.9995802640914917,-1.135117530822754,-0.6154615879058838,0.0005095414817333221,1.6484410762786865,1.37440824508667
2806,Nashville,Median Age,tract,7663,216,Emb,6,0.9915842413902283,-1.3402338027954102,-0.5010933876037598,0.010215967893600464,1.8068033456802368,1.277105689048767
2807,Nashville,Median Age,tract,7663,216,Emb,7,0.9971809387207031,-1.394343376159668,-0.6432371139526367,0.0034220819361507893,1.8485792875289917,1.3980392217636108
2808,Nashville,Median Age,tract,7663,216,Emb,8,0.9908495545387268,-1.2998299598693848,-0.4495267868041992,0.011107821948826313,1.775609016418457,1.2332335710525513
2809,Nashville,Median Age,tract,7663,216,Emb,9,0.9982391595840454,-1.060811996459961,-0.18019700050354004,0.002137505216524005,1.5910725593566895,1.0040923357009888
2810,Nashville,Median Age,tract,7663,216,RGNN,0,0.7798028588294983,-1.1383025646209717,-0.2172926664352417,0.2672994136810303,1.6509000062942505,1.0356526374816895
2811,Nashville,Median Age,tract,7663,216,RGNN,1,0.8334901332855225,-0.32933878898620605,0.2003803849220276,0.20212794840335846,1.026330590248108,0.6803032755851746
2812,Nashville,Median Age,tract,7663,216,RGNN,2,0.9260934591293335,-0.41793179512023926,0.20020008087158203,0.0897158533334732,1.0947299003601074,0.6804566979408264
2813,Nashville,Median Age,tract,7663,216,RGNN,3,0.9221441149711609,-1.0988585948944092,-0.6063681840896606,0.09450998157262802,1.620446801185608,1.3666716814041138
2814,Nashville,Median Age,tract,7663,216,RGNN,4,0.8249788284301758,-0.1394578218460083,0.08069264888763428,0.21245986223220825,0.8797309398651123,0.7821316123008728
2815,Nashville,Median Age,tract,7663,216,RGNN,5,0.7926700115203857,-0.5642668008804321,0.007397353649139404,0.25167983770370483,1.2077094316482544,0.8444900512695312
2816,Nashville,Median Age,tract,7663,216,RGNN,6,0.9362779855728149,-0.5112878084182739,-0.5954357385635376,0.07735273987054825,1.1668064594268799,1.3573704957962036
2817,Nashville,Median Age,tract,7663,216,RGNN,7,0.9434480667114258,-0.09253668785095215,-0.29985928535461426,0.06864896416664124,0.8435049653053284,1.1058989763259888
2818,Nashville,Median Age,tract,7663,216,RGNN,8,0.9362865686416626,-0.3775371313095093,0.1878502368927002,0.07734236866235733,1.0635427236557007,0.6909636855125427
2819,Nashville,Median Age,tract,7663,216,RGNN,9,0.9637592434883118,-0.36296141147613525,-0.5793025493621826,0.043992988765239716,1.052289366722107,1.3436447381973267
2820,Nashville,Median Age,tract,7663,216,Feat-RGNN,0,0.6643016338348389,-0.5763111114501953,-0.07924699783325195,0.4075074791908264,1.217008352279663,0.9182056784629822
2821,Nashville,Median Age,tract,7663,216,Feat-RGNN,1,0.802419126033783,-0.5982251167297363,-0.158805251121521,0.23984530568122864,1.2339272499084473,0.9858924746513367
2822,Nashville,Median Age,tract,7663,216,Feat-RGNN,2,0.8328627943992615,-0.7065492868423462,-0.0372699499130249,0.20288945734500885,1.3175601959228516,0.8824922442436218
2823,Nashville,Median Age,tract,7663,216,Feat-RGNN,3,0.7984471321105957,-0.7978515625,-0.34966766834259033,0.2446669638156891,1.388051152229309,1.1482751369476318
2824,Nashville,Median Age,tract,7663,216,Feat-RGNN,4,0.7081851959228516,-0.28927528858184814,0.04552507400512695,0.35423681139945984,0.9953992366790771,0.8120515942573547
2825,Nashville,Median Age,tract,7663,216,Feat-RGNN,5,0.7796034216880798,-0.4422624111175537,-0.4019479751586914,0.2675415277481079,1.1135145425796509,1.1927543878555298
2826,Nashville,Median Age,tract,7663,216,Feat-RGNN,6,0.7866219282150269,-0.3377406597137451,0.1466209888458252,0.25902169942855835,1.0328173637390137,0.7260408997535706
2827,Nashville,Median Age,tract,7663,216,Feat-RGNN,7,0.8277602195739746,-1.0243821144104004,-0.43186211585998535,0.20908349752426147,1.5629465579986572,1.2182048559188843
2828,Nashville,Median Age,tract,7663,216,Feat-RGNN,8,0.7263416647911072,-0.9526034593582153,-0.739912748336792,0.3321964740753174,1.5075290203094482,1.480289340019226
2829,Nashville,Median Age,tract,7663,216,Feat-RGNN,9,0.7665878534317017,-0.6273989677429199,-0.3660576343536377,0.2833412289619446,1.2564512491226196,1.1622194051742554
2830,Nashville,Median Age,tract,7663,216,Feat\&PC-RGNN,0,0.8905811905860901,-0.1276841163635254,-0.6208666563034058,0.13282454013824463,0.8706409335136414,1.3790067434310913
2831,Nashville,Median Age,tract,7663,216,Feat\&PC-RGNN,1,0.9237132668495178,-0.34719228744506836,-0.41271793842315674,0.09260521829128265,1.0401146411895752,1.2019171714782715
2832,Nashville,Median Age,tract,7663,216,Feat\&PC-RGNN,2,0.9511362910270691,-0.4328649044036865,-0.5448856353759766,0.059316109865903854,1.1062591075897217,1.3143633604049683
2833,Nashville,Median Age,tract,7663,216,Feat\&PC-RGNN,3,0.8491556644439697,-0.15905511379241943,-0.12481808662414551,0.18311135470867157,0.8948612809181213,0.9569768309593201
2834,Nashville,Median Age,tract,7663,216,Feat\&PC-RGNN,4,0.9375907182693481,-0.7759479284286499,-0.5956939458847046,0.07575920969247818,1.3711401224136353,1.3575901985168457
2835,Nashville,Median Age,tract,7663,216,Feat\&PC-RGNN,5,0.8879285454750061,-0.3048659563064575,-0.4432027339935303,0.13604457676410675,1.0074361562728882,1.2278532981872559
2836,Nashville,Median Age,tract,7663,216,Feat\&PC-RGNN,6,0.9590255618095398,-0.34696173667907715,-0.2603379487991333,0.04973927512764931,1.0399366617202759,1.072274923324585
2837,Nashville,Median Age,tract,7663,216,Feat\&PC-RGNN,7,0.9565216302871704,-0.13828730583190918,-0.7366312742233276,0.05277879163622856,0.8788272738456726,1.4774974584579468
2838,Nashville,Median Age,tract,7663,216,Feat\&PC-RGNN,8,0.9414340257644653,-0.16748583316802979,-0.6032967567443848,0.07109380513429642,0.9013702869415283,1.3640586137771606
2839,Nashville,Median Age,tract,7663,216,Feat\&PC-RGNN,9,0.9221248626708984,-0.22094511985778809,-0.4897589683532715,0.09453340619802475,0.9426441788673401,1.2674626111984253
2840,Nashville,Median Age,tract,7663,216,LightGCN,0,0.9265434145927429,-0.969215989112854,-0.4600330591201782,0.08916964381933212,1.5203548669815063,1.2421722412109375
2841,Nashville,Median Age,tract,7663,216,LightGCN,1,0.9147701263427734,-0.5605095624923706,-0.20142722129821777,0.10346133261919022,1.2048085927963257,1.0221545696258545
2842,Nashville,Median Age,tract,7663,216,LightGCN,2,0.9092791676521301,-0.25776660442352295,0.18633335828781128,0.11012690514326096,0.9710725545883179,0.6922542452812195
2843,Nashville,Median Age,tract,7663,216,LightGCN,3,0.9263666868209839,-1.0454375743865967,-0.2638833522796631,0.08938414603471756,1.579202651977539,1.0752912759780884
2844,Nashville,Median Age,tract,7663,216,LightGCN,4,0.8893026113510132,-0.6372048854827881,-0.040056586265563965,0.13437658548355103,1.2640219926834106,0.8848630785942078
2845,Nashville,Median Age,tract,7663,216,LightGCN,5,0.8895401954650879,-0.4492861032485962,-0.06523740291595459,0.13408824801445007,1.1189372539520264,0.9062864780426025
2846,Nashville,Median Age,tract,7663,216,LightGCN,6,0.909013569355011,-0.4768803119659424,0.045166015625,0.11044932156801224,1.1402417421340942,0.8123571276664734
2847,Nashville,Median Age,tract,7663,216,LightGCN,7,0.9343850016593933,-0.6469436883926392,-0.1008450984954834,0.07965070009231567,1.2715409994125366,0.9365808963775635
2848,Nashville,Median Age,tract,7663,216,LightGCN,8,0.9046833515167236,-0.6452932357788086,-0.07694351673126221,0.11570577323436737,1.2702667713165283,0.9162458777427673
2849,Nashville,Median Age,tract,7663,216,LightGCN,9,0.9430587291717529,-0.7747215032577515,-0.2599390745162964,0.06912152469158173,1.370193362236023,1.0719355344772339
2850,Nashville,Median Age,tract,7663,216,Feat-LightGCN,0,0.9954838752746582,-1.2139458656311035,-0.20466268062591553,0.005482132080942392,1.709301233291626,1.0249072313308716
2851,Nashville,Median Age,tract,7663,216,Feat-LightGCN,1,0.9967430233955383,-0.9548842906951904,-0.16093111038208008,0.0039536794647574425,1.5092899799346924,0.9877011775970459
2852,Nashville,Median Age,tract,7663,216,Feat-LightGCN,2,0.9942408800125122,-1.073883295059204,-0.06159651279449463,0.006991025526076555,1.6011643409729004,0.9031888842582703
2853,Nashville,Median Age,tract,7663,216,Feat-LightGCN,3,0.9832506775856018,-1.0217866897583008,-0.053314208984375,0.02033214084804058,1.5609427690505981,0.8961424231529236
2854,Nashville,Median Age,tract,7663,216,Feat-LightGCN,4,0.992361843585968,-0.9404208660125732,-0.25795841217041016,0.00927202869206667,1.498123288154602,1.070250391960144
2855,Nashville,Median Age,tract,7663,216,Feat-LightGCN,5,0.9907453656196594,-1.1656064987182617,-0.04809403419494629,0.011234279721975327,1.671980381011963,0.8917011618614197
2856,Nashville,Median Age,tract,7663,216,Feat-LightGCN,6,0.9897030591964722,-0.6867172718048096,-0.07249414920806885,0.012499544769525528,1.3022487163543701,0.9124603867530823
2857,Nashville,Median Age,tract,7663,216,Feat-LightGCN,7,0.9908514022827148,-0.8260530233383179,-0.021292805671691895,0.011105559766292572,1.4098243713378906,0.8688991665840149
2858,Nashville,Median Age,tract,7663,216,Feat-LightGCN,8,0.9890415668487549,-0.6954389810562134,-0.0033756494522094727,0.01330257486552,1.3089823722839355,0.8536555767059326
2859,Nashville,Median Age,tract,7663,216,Feat-LightGCN,9,0.9955933690071106,-1.1996324062347412,-0.21472275257110596,0.005349285434931517,1.6982502937316895,1.0334662199020386
2860,Nashville,Median Age,tract,7663,216,Feat\&PC-LightGCN,0,0.9852345585823059,-0.37095391750335693,-0.8790303468704224,0.017923902720212936,1.0584601163864136,1.598648190498352
2861,Nashville,Median Age,tract,7663,216,Feat\&PC-LightGCN,1,0.9825807213783264,-0.33850347995758057,-0.5396428108215332,0.021145449951291084,1.033406376838684,1.3099029064178467
2862,Nashville,Median Age,tract,7663,216,Feat\&PC-LightGCN,2,0.9668020009994507,-0.49776768684387207,-1.0165619850158691,0.04029937833547592,1.1563681364059448,1.7156578302383423
2863,Nashville,Median Age,tract,7663,216,Feat\&PC-LightGCN,3,0.994723916053772,-0.6643209457397461,-0.7942415475845337,0.006404687184840441,1.2849574089050293,1.526511311531067
2864,Nashville,Median Age,tract,7663,216,Feat\&PC-LightGCN,4,0.9959969520568848,-0.4953041076660156,-0.8542118072509766,0.0048593697138130665,1.154465913772583,1.5775330066680908
2865,Nashville,Median Age,tract,7663,216,Feat\&PC-LightGCN,5,0.9974481463432312,-0.48067569732666016,-1.2580318450927734,0.0030977176502346992,1.143172025680542,1.9210964441299438
2866,Nashville,Median Age,tract,7663,216,Feat\&PC-LightGCN,6,0.9957119822502136,-0.3212500810623169,-0.8381928205490112,0.005205267108976841,1.0200856924057007,1.5639042854309082
2867,Nashville,Median Age,tract,7663,216,Feat\&PC-LightGCN,7,0.9854568839073181,-0.5582246780395508,-0.8256986141204834,0.01765400357544422,1.2030445337295532,1.5532745122909546
2868,Nashville,Median Age,tract,7663,216,Feat\&PC-LightGCN,8,0.9637278318405151,-0.5115687847137451,-1.1435139179229736,0.04403112083673477,1.1670233011245728,1.8236664533615112
2869,Nashville,Median Age,tract,7663,216,Feat\&PC-LightGCN,9,0.9912232756614685,-0.500876784324646,-0.715912938117981,0.01065417192876339,1.1587684154510498,1.4598705768585205
2870,Nashville,Median Age,tract,7663,216,NoPreTrain,0,0.9739408493041992,-1.2634828090667725,-2.615724563598633,0.031633470207452774,1.747546911239624,3.0761992931365967
2871,Nashville,Median Age,tract,7663,216,NoPreTrain,1,0.9964986443519592,-0.8609591722488403,-0.10773110389709473,0.0042503527365624905,1.4367740154266357,0.9424394965171814
2872,Nashville,Median Age,tract,7663,216,NoPreTrain,2,0.9921714663505554,-1.9380502700805664,-2.604158639907837,0.009503096342086792,2.2683539390563965,3.066359043121338
2873,Nashville,Median Age,tract,7663,216,NoPreTrain,3,0.9959789514541626,-0.8144704103469849,-0.8755342960357666,0.004881194792687893,1.4008818864822388,1.5956737995147705
2874,Nashville,Median Age,tract,7663,216,NoPreTrain,4,0.9989911913871765,-4.309844493865967,-3.6367201805114746,0.001224616658873856,4.099524021148682,3.944845676422119
2875,Nashville,Median Age,tract,7663,216,NoPreTrain,5,0.997760534286499,-1.8412351608276367,-1.2429912090301514,0.002718500327318907,2.1936068534851074,1.9083002805709839
2876,Nashville,Median Age,tract,7663,216,NoPreTrain,6,0.997628927230835,-0.501789927482605,-0.6477147340774536,0.0028782342560589314,1.1594734191894531,1.4018486738204956
2877,Nashville,Median Age,tract,7663,216,NoPreTrain,7,0.9929631352424622,-1.4150848388671875,-0.7083268165588379,0.00854211300611496,1.8645927906036377,1.4534164667129517
2878,Nashville,Median Age,tract,7663,216,NoPreTrain,8,0.9983590841293335,-0.38996124267578125,-1.443556308746338,0.0019919294863939285,1.0731348991394043,2.0789377689361572
2879,Nashville,Median Age,tract,7663,216,NoPreTrain,9,0.9964967370033264,-0.8917357921600342,-0.5418221950531006,0.0042526633478701115,1.4605354070663452,1.3117570877075195
2880,Tampa,Median Income,tract,18213,600,Emb,0,0.9886454939842224,0.01636183261871338,-0.20214545726776123,0.008858246728777885,0.980615496635437,1.1159306764602661
2881,Tampa,Median Income,tract,18213,600,Emb,1,0.9941391944885254,0.1070970892906189,-0.18267428874969482,0.004572352860122919,0.8901590704917908,1.0978559255599976
2882,Tampa,Median Income,tract,18213,600,Emb,2,0.9958140254020691,0.1277409791946411,-0.21473181247711182,0.003265725914388895,0.8695785999298096,1.1276143789291382
2883,Tampa,Median Income,tract,18213,600,Emb,3,0.9796333312988281,0.1764698028564453,-0.3052816390991211,0.015889137983322144,0.8209995031356812,1.211670160293579
2884,Tampa,Median Income,tract,18213,600,Emb,4,0.9978316426277161,0.12592363357543945,-0.2277284860610962,0.0016916519962251186,0.8713904023170471,1.139678955078125
2885,Tampa,Median Income,tract,18213,600,Emb,5,0.9957144260406494,0.07788681983947754,-0.10495519638061523,0.0033433863427489996,0.9192796349525452,1.0257107019424438
2886,Tampa,Median Income,tract,18213,600,Emb,6,0.9932160973548889,0.14100611209869385,-0.18224716186523438,0.005292469635605812,0.856354296207428,1.0974594354629517
2887,Tampa,Median Income,tract,18213,600,Emb,7,0.9866243600845337,0.0947108268737793,-0.30134904384613037,0.010435082949697971,0.9025072455406189,1.2080196142196655
2888,Tampa,Median Income,tract,18213,600,Emb,8,0.974100649356842,0.033859312534332275,-0.17934000492095947,0.02020549774169922,0.9631718397140503,1.094760775566101
2889,Tampa,Median Income,tract,18213,600,Emb,9,0.994331955909729,0.12266230583190918,-0.33858954906463623,0.004421969875693321,0.8746416568756104,1.2425893545150757
2890,Tampa,Median Income,tract,18213,600,RGNN,0,0.8081190586090088,0.06584763526916504,0.09406250715255737,0.14969667792320251,0.9312818050384521,0.840965986251831
2891,Tampa,Median Income,tract,18213,600,RGNN,1,0.7877913117408752,0.11042815446853638,0.01345890760421753,0.1655554622411728,0.8868382573127747,0.9157888889312744
2892,Tampa,Median Income,tract,18213,600,RGNN,2,0.832575261592865,0.18102216720581055,-0.0008902549743652344,0.13061708211898804,0.8164612054824829,0.9291089177131653
2893,Tampa,Median Income,tract,18213,600,RGNN,3,0.8231897354125977,0.09761172533035278,0.016336679458618164,0.13793925940990448,0.8996152877807617,0.9131174683570862
2894,Tampa,Median Income,tract,18213,600,RGNN,4,0.7843151688575745,-0.10544371604919434,-0.12145376205444336,0.1682674139738083,1.1020467281341553,1.0410258769989014
2895,Tampa,Median Income,tract,18213,600,RGNN,5,0.8990148305892944,-0.01008915901184082,-0.18366873264312744,0.07878398150205612,1.0069853067398071,1.0987790822982788
2896,Tampa,Median Income,tract,18213,600,RGNN,6,0.7452648878097534,-0.27559006214141846,-0.19799494743347168,0.19873261451721191,1.2716702222824097,1.1120778322219849
2897,Tampa,Median Income,tract,18213,600,RGNN,7,0.9019924402236938,0.11460673809051514,0.06943702697753906,0.07646101713180542,0.8826724886894226,0.8638253808021545
2898,Tampa,Median Income,tract,18213,600,RGNN,8,0.8502752184867859,-0.05907273292541504,0.005373239517211914,0.11680840700864792,1.0558183193206787,0.9232946634292603
2899,Tampa,Median Income,tract,18213,600,RGNN,9,0.7182959318161011,-0.07847738265991211,-0.06802928447723389,0.2197725474834442,1.0751632452011108,0.9914329648017883
2900,Tampa,Median Income,tract,18213,600,Feat-RGNN,0,0.8694040775299072,0.21232664585113525,-0.14211642742156982,0.10188491642475128,0.7852528691291809,1.0602067708969116
2901,Tampa,Median Income,tract,18213,600,Feat-RGNN,1,0.7865884900093079,0.28996020555496216,0.10986047983169556,0.16649386286735535,0.7078579068183899,0.8263009786605835
2902,Tampa,Median Income,tract,18213,600,Feat-RGNN,2,0.7630839943885803,0.24326515197753906,0.0839393138885498,0.18483097851276398,0.7544094920158386,0.8503631353378296
2903,Tampa,Median Income,tract,18213,600,Feat-RGNN,3,0.7445294260978699,0.1852198839187622,-0.09893739223480225,0.1993063986301422,0.812276303768158,1.0201243162155151
2904,Tampa,Median Income,tract,18213,600,Feat-RGNN,4,0.804344892501831,0.11643385887145996,0.15087974071502686,0.152641162276268,0.8808509707450867,0.7882235050201416
2905,Tampa,Median Income,tract,18213,600,Feat-RGNN,5,0.7997183203697205,0.1469314694404602,0.07799220085144043,0.15625056624412537,0.8504470586776733,0.8558837175369263
2906,Tampa,Median Income,tract,18213,600,Feat-RGNN,6,0.8346788883209229,0.24907976388931274,0.034682273864746094,0.12897595763206482,0.7486127018928528,0.8960875868797302
2907,Tampa,Median Income,tract,18213,600,Feat-RGNN,7,0.8356881141662598,0.26407408714294434,0.09996634721755981,0.1281885951757431,0.7336644530296326,0.8354855179786682
2908,Tampa,Median Income,tract,18213,600,Feat-RGNN,8,0.8688722848892212,0.2247864007949829,0.17810368537902832,0.10229979455471039,0.772831380367279,0.7629519701004028
2909,Tampa,Median Income,tract,18213,600,Feat-RGNN,9,0.7279763221740723,0.1613905429840088,-0.049991488456726074,0.21222040057182312,0.836032509803772,0.974688708782196
2910,Tampa,Median Income,tract,18213,600,Feat\&PC-RGNN,0,0.868298351764679,0.31870007514953613,0.020936548709869385,0.10274757444858551,0.6792063117027283,0.9088475108146667
2911,Tampa,Median Income,tract,18213,600,Feat\&PC-RGNN,1,0.839789628982544,0.1868228316307068,0.06099808216094971,0.12498878687620163,0.8106783628463745,0.8716591000556946
2912,Tampa,Median Income,tract,18213,600,Feat\&PC-RGNN,2,0.8092690110206604,0.18756550550460815,0.14937931299209595,0.14879955351352692,0.8099378943443298,0.7896163463592529
2913,Tampa,Median Income,tract,18213,600,Feat\&PC-RGNN,3,0.8129029870033264,0.13989394903182983,0.24326950311660767,0.14596448838710785,0.857463002204895,0.7024596929550171
2914,Tampa,Median Income,tract,18213,600,Feat\&PC-RGNN,4,0.8175586462020874,0.2695690393447876,-0.006332993507385254,0.14233237504959106,0.7281864285469055,0.9341613054275513
2915,Tampa,Median Income,tract,18213,600,Feat\&PC-RGNN,5,0.8210412859916687,0.05289560556411743,-0.0068045854568481445,0.13961538672447205,0.9441940188407898,0.9345991611480713
2916,Tampa,Median Income,tract,18213,600,Feat\&PC-RGNN,6,0.8647491931915283,0.10919654369354248,0.2045220136642456,0.1055164784193039,0.8880661129951477,0.7384282946586609
2917,Tampa,Median Income,tract,18213,600,Feat\&PC-RGNN,7,0.7081054449081421,0.3353915214538574,0.3268588185310364,0.22772271931171417,0.6625661849975586,0.6248652338981628
2918,Tampa,Median Income,tract,18213,600,Feat\&PC-RGNN,8,0.9087008833885193,0.2546592354774475,-0.0966881513595581,0.07122737914323807,0.7430503964424133,1.0180364847183228
2919,Tampa,Median Income,tract,18213,600,Feat\&PC-RGNN,9,0.7958354353904724,0.21426409482955933,0.10690778493881226,0.15927980840206146,0.7833213806152344,0.8290418982505798
2920,Tampa,Median Income,tract,18213,600,LightGCN,0,0.9318955540657043,0.2469683289527893,0.07149887084960938,0.053131960332393646,0.7507176995277405,0.861911416053772
2921,Tampa,Median Income,tract,18213,600,LightGCN,1,0.9503144025802612,0.15873384475708008,0.15595954656600952,0.03876243159174919,0.8386810421943665,0.7835080623626709
2922,Tampa,Median Income,tract,18213,600,LightGCN,2,0.9151766896247864,0.390697181224823,0.06989264488220215,0.06617522984743118,0.6074304580688477,0.8634024262428284
2923,Tampa,Median Income,tract,18213,600,LightGCN,3,0.9399932026863098,0.1352049708366394,0.11521744728088379,0.046814557164907455,0.8621376156806946,0.8213282227516174
2924,Tampa,Median Income,tract,18213,600,LightGCN,4,0.9347517490386963,0.352932333946228,8.791685104370117e-05,0.050903670489788055,0.6450793147087097,0.928200900554657
2925,Tampa,Median Income,tract,18213,600,LightGCN,5,0.938682496547699,0.35270601511001587,0.026400089263916016,0.04783710464835167,0.6453048586845398,0.9037758111953735
2926,Tampa,Median Income,tract,18213,600,LightGCN,6,0.9563168883323669,0.3140016794204712,0.04175502061843872,0.03407955542206764,0.6838902831077576,0.889522135257721
2927,Tampa,Median Income,tract,18213,600,LightGCN,7,0.9686685800552368,0.2579039931297302,0.10774362087249756,0.024443350732326508,0.7398155927658081,0.8282660245895386
2928,Tampa,Median Income,tract,18213,600,LightGCN,8,0.8978368043899536,0.17453080415725708,0.17696219682693481,0.07970304787158966,0.8229325413703918,0.7640116214752197
2929,Tampa,Median Income,tract,18213,600,LightGCN,9,0.929773211479187,0.22450268268585205,0.1849900484085083,0.05478772521018982,0.7731142640113831,0.7565594911575317
2930,Tampa,Median Income,tract,18213,600,Feat-LightGCN,0,0.9506524205207825,0.22807997465133667,0.16388219594955444,0.03849872946739197,0.7695479989051819,0.776153564453125
2931,Tampa,Median Income,tract,18213,600,Feat-LightGCN,1,0.9449362754821777,0.3394480347633362,0.003237128257751465,0.04295816645026207,0.6585221886634827,0.925277590751648
2932,Tampa,Median Income,tract,18213,600,Feat-LightGCN,2,0.9696332812309265,0.2875630855560303,-0.05913114547729492,0.02369070053100586,0.7102476954460144,0.9831730127334595
2933,Tampa,Median Income,tract,18213,600,Feat-LightGCN,3,0.9720585346221924,0.21109187602996826,-0.06509363651275635,0.021798670291900635,0.786483883857727,0.9887078404426575
2934,Tampa,Median Income,tract,18213,600,Feat-LightGCN,4,0.9465242028236389,0.23910915851593018,0.08633428812026978,0.04171935096383095,0.7585526704788208,0.8481399416923523
2935,Tampa,Median Income,tract,18213,600,Feat-LightGCN,5,0.940963089466095,0.23039352893829346,-0.05206656455993652,0.04605787247419357,0.7672415375709534,0.9766150116920471
2936,Tampa,Median Income,tract,18213,600,Feat-LightGCN,6,0.9696779847145081,0.25042039155960083,0.03466689586639404,0.02365584298968315,0.7472761869430542,0.8961018919944763
2937,Tampa,Median Income,tract,18213,600,Feat-LightGCN,7,0.9495474100112915,0.23327213525772095,-0.02447223663330078,0.03936077281832695,0.7643717527389526,0.9509996771812439
2938,Tampa,Median Income,tract,18213,600,Feat-LightGCN,8,0.971473753452301,0.2607366442680359,0.0120774507522583,0.022254886105656624,0.7369916439056396,0.9170712828636169
2939,Tampa,Median Income,tract,18213,600,Feat-LightGCN,9,0.9372468590736389,0.2513352036476135,0.011242270469665527,0.04895712435245514,0.7463642358779907,0.9178465604782104
2940,Tampa,Median Income,tract,18213,600,Feat\&PC-LightGCN,0,0.9890438318252563,0.31168973445892334,0.22456032037734985,0.008547513745725155,0.6861951351165771,0.7198271155357361
2941,Tampa,Median Income,tract,18213,600,Feat\&PC-LightGCN,1,0.9819225668907166,0.42482811212539673,0.33673936128616333,0.01410316489636898,0.5734044313430786,0.6156932711601257
2942,Tampa,Median Income,tract,18213,600,Feat\&PC-LightGCN,2,0.9866598844528198,0.37826383113861084,0.26345330476760864,0.010407334193587303,0.6198256015777588,0.6837234497070312
2943,Tampa,Median Income,tract,18213,600,Feat\&PC-LightGCN,3,0.9867237210273743,0.3165360689163208,0.26741915941238403,0.010357553139328957,0.6813637018203735,0.680042028427124
2944,Tampa,Median Income,tract,18213,600,Feat\&PC-LightGCN,4,0.9828248023986816,0.4301588535308838,0.22761577367782593,0.013399324379861355,0.5680900812149048,0.7169907689094543
2945,Tampa,Median Income,tract,18213,600,Feat\&PC-LightGCN,5,0.9795835614204407,0.40970468521118164,0.25245803594589233,0.015927959233522415,0.5884813666343689,0.6939302086830139
2946,Tampa,Median Income,tract,18213,600,Feat\&PC-LightGCN,6,0.9659988284111023,0.32833725214004517,0.2718971371650696,0.026526160538196564,0.6695987582206726,0.6758852005004883
2947,Tampa,Median Income,tract,18213,600,Feat\&PC-LightGCN,7,0.9851939082145691,0.45551371574401855,0.2994069457054138,0.011551051400601864,0.5428131222724915,0.6503483057022095
2948,Tampa,Median Income,tract,18213,600,Feat\&PC-LightGCN,8,0.9875404834747314,0.4545034170150757,0.2441539764404297,0.009720319882035255,0.543820321559906,0.7016386389732361
2949,Tampa,Median Income,tract,18213,600,Feat\&PC-LightGCN,9,0.9850970506668091,0.40684056282043457,0.21389752626419067,0.011626582592725754,0.5913366675376892,0.729725182056427
2950,Tampa,Median Income,tract,18213,600,NoPreTrain,0,0.998669445514679,0.023034632205963135,-0.3512141704559326,0.0010380588937550783,0.97396320104599,1.2543085813522339
2951,Tampa,Median Income,tract,18213,600,NoPreTrain,1,0.9790319800376892,-0.3492007255554199,-0.2602449655532837,0.016358302906155586,1.3450547456741333,1.1698633432388306
2952,Tampa,Median Income,tract,18213,600,NoPreTrain,2,0.9909713268280029,-0.8522399663925171,-0.8645424842834473,0.007043748628348112,1.8465481996536255,1.730822205543518
2953,Tampa,Median Income,tract,18213,600,NoPreTrain,3,0.9962160587310791,-0.36657488346099854,-0.5222533941268921,0.002952066482976079,1.3623754978179932,1.4130812883377075
2954,Tampa,Median Income,tract,18213,600,NoPreTrain,4,0.9907633066177368,-0.017810821533203125,-0.1876899003982544,0.007206049282103777,1.0146831274032593,1.1025118827819824
2955,Tampa,Median Income,tract,18213,600,NoPreTrain,5,0.9961703419685364,-0.5002385377883911,-0.357649564743042,0.0029877086635679007,1.4956283569335938,1.2602823972702026
2956,Tampa,Median Income,tract,18213,600,NoPreTrain,6,0.9989902973175049,-0.12542998790740967,-0.05119442939758301,0.0007877465104684234,1.121971607208252,0.975805401802063
2957,Tampa,Median Income,tract,18213,600,NoPreTrain,7,0.9856711626052856,-0.39055442810058594,-0.5770481824874878,0.011178716085851192,1.3862813711166382,1.4639462232589722
2958,Tampa,Median Income,tract,18213,600,NoPreTrain,8,0.9973841309547424,-0.4380209445953369,-0.3235471248626709,0.002040803199633956,1.433601975440979,1.228625774383545
2959,Tampa,Median Income,tract,18213,600,NoPreTrain,9,0.9929737448692322,-0.1478060483932495,-0.2718806266784668,0.005481543950736523,1.1442790031433105,1.1806645393371582
2960,Tampa,Median Home Value,tract,17823,592,Emb,0,0.9974899888038635,0.1298670768737793,0.12087047100067139,0.002148955361917615,0.7223724722862244,0.8489480018615723
2961,Tampa,Median Home Value,tract,17823,592,Emb,1,0.997515857219696,0.09017539024353027,0.13382595777511597,0.002126815030351281,0.7553239464759827,0.8364372849464417
2962,Tampa,Median Home Value,tract,17823,592,Emb,2,0.9645127654075623,0.015564024448394775,0.049672842025756836,0.03038260154426098,0.8172653317451477,0.917701244354248
2963,Tampa,Median Home Value,tract,17823,592,Emb,3,0.9788429737091064,-0.15938150882720947,-0.011407732963562012,0.018113696947693825,0.9625027775764465,0.9766849279403687
2964,Tampa,Median Home Value,tract,17823,592,Emb,4,0.9956291913986206,0.030036747455596924,0.14481818675994873,0.0037420950829982758,0.8052502870559692,0.8258224129676819
2965,Tampa,Median Home Value,tract,17823,592,Emb,5,0.9973769783973694,-0.014924883842468262,-0.035048723220825195,0.002245729323476553,0.8425767421722412,0.9995142817497253
2966,Tampa,Median Home Value,tract,17823,592,Emb,6,0.9883374571800232,-0.1345614194869995,0.042217791080474854,0.009984971024096012,0.941897451877594,0.9249004125595093
2967,Tampa,Median Home Value,tract,17823,592,Emb,7,0.9950544834136963,0.07315933704376221,0.026439905166625977,0.0042341239750385284,0.7694504857063293,0.9401366114616394
2968,Tampa,Median Home Value,tract,17823,592,Emb,8,0.9982914328575134,-0.0207521915435791,0.0029321908950805664,0.0014627857599407434,0.8474145531654358,0.962837278842926
2969,Tampa,Median Home Value,tract,17823,592,Emb,9,0.9801850318908691,0.1408623456954956,0.06547945737838745,0.016964687034487724,0.7132443785667419,0.9024373292922974
2970,Tampa,Median Home Value,tract,17823,592,RGNN,0,0.7797526121139526,0.23560881614685059,0.3874186873435974,0.18856596946716309,0.6345871090888977,0.5915507078170776
2971,Tampa,Median Home Value,tract,17823,592,RGNN,1,0.8457801342010498,0.1487385630607605,0.21588611602783203,0.13203613460063934,0.706705629825592,0.7571943402290344
2972,Tampa,Median Home Value,tract,17823,592,RGNN,2,0.8297445774078369,0.14239108562469482,0.27220016717910767,0.14576506614685059,0.7119752168655396,0.7028136253356934
2973,Tampa,Median Home Value,tract,17823,592,RGNN,3,0.8372002243995667,0.23136842250823975,0.2355625033378601,0.13938187062740326,0.638107419013977,0.7381934523582458
2974,Tampa,Median Home Value,tract,17823,592,RGNN,4,0.6562020778656006,-0.005573272705078125,0.23801785707473755,0.29434433579444885,0.8348131775856018,0.7358223795890808
2975,Tampa,Median Home Value,tract,17823,592,RGNN,5,0.7975172400474548,0.19431143999099731,0.3463701605796814,0.17335666716098785,0.6688716411590576,0.6311899423599243
2976,Tampa,Median Home Value,tract,17823,592,RGNN,6,0.8401713967323303,0.26253557205200195,0.18059790134429932,0.13683810830116272,0.6122329235076904,0.7912710309028625
2977,Tampa,Median Home Value,tract,17823,592,RGNN,7,0.7898120284080505,0.2859863042831421,0.21395379304885864,0.17995350062847137,0.5927644371986389,0.7590603232383728
2978,Tampa,Median Home Value,tract,17823,592,RGNN,8,0.851514995098114,0.22438913583755493,0.27878081798553467,0.12712618708610535,0.6439015865325928,0.6964588761329651
2979,Tampa,Median Home Value,tract,17823,592,RGNN,9,0.8260055184364319,0.19024783372879028,0.13051211833953857,0.1489662528038025,0.6722452044487,0.839637279510498
2980,Tampa,Median Home Value,tract,17823,592,Feat-RGNN,0,0.8219461441040039,0.05959784984588623,0.1839817762374878,0.15244175493717194,0.7807090282440186,0.7880033850669861
2981,Tampa,Median Home Value,tract,17823,592,Feat-RGNN,1,0.6351081132888794,0.21649765968322754,0.3292401432991028,0.312404066324234,0.6504529714584351,0.6477319002151489
2982,Tampa,Median Home Value,tract,17823,592,Feat-RGNN,2,0.7489522695541382,0.1829189658164978,0.16880542039871216,0.21493582427501678,0.6783295273780823,0.8026586771011353
2983,Tampa,Median Home Value,tract,17823,592,Feat-RGNN,3,0.7264089584350586,0.1543012261390686,-0.02366793155670166,0.23423640429973602,0.7020875811576843,0.9885242581367493
2984,Tampa,Median Home Value,tract,17823,592,Feat-RGNN,4,0.6750303506851196,0.19215714931488037,0.34556257724761963,0.27822446823120117,0.670660138130188,0.6319698095321655
2985,Tampa,Median Home Value,tract,17823,592,Feat-RGNN,5,0.8065096735954285,0.08024811744689941,0.20400375127792358,0.16565774381160736,0.7635654807090759,0.7686687707901001
2986,Tampa,Median Home Value,tract,17823,592,Feat-RGNN,6,0.8540498614311218,-0.035622358322143555,-0.06715571880340576,0.12495598942041397,0.8597595691680908,1.0305190086364746
2987,Tampa,Median Home Value,tract,17823,592,Feat-RGNN,7,0.7609748244285583,0.21341276168823242,0.16294288635253906,0.2046426236629486,0.6530139446258545,0.8083199262619019
2988,Tampa,Median Home Value,tract,17823,592,Feat-RGNN,8,0.8775292038917542,0.20145481824874878,0.059918999671936035,0.1048540249466896,0.6629412770271301,0.907806932926178
2989,Tampa,Median Home Value,tract,17823,592,Feat-RGNN,9,0.7538285851478577,0.24288338422775269,0.2027500867843628,0.2107609212398529,0.6285478472709656,0.7698794007301331
2990,Tampa,Median Home Value,tract,17823,592,Feat\&PC-RGNN,0,0.8991948366165161,0.020402967929840088,-0.03766608238220215,0.08630486577749252,0.8132480978965759,1.0020418167114258
2991,Tampa,Median Home Value,tract,17823,592,Feat\&PC-RGNN,1,0.8416622281074524,-0.020013809204101562,0.0814257264137268,0.13556170463562012,0.8468015789985657,0.88703852891922
2992,Tampa,Median Home Value,tract,17823,592,Feat\&PC-RGNN,2,0.7298752069473267,0.0825546383857727,0.3046749234199524,0.2312687337398529,0.7616506218910217,0.6714537143707275
2993,Tampa,Median Home Value,tract,17823,592,Feat\&PC-RGNN,3,0.771355390548706,0.23741453886032104,0.2187231183052063,0.1957552582025528,0.6330880522727966,0.7544547319412231
2994,Tampa,Median Home Value,tract,17823,592,Feat\&PC-RGNN,4,0.8794040083885193,0.23299473524093628,0.3200303912162781,0.10324887186288834,0.6367573142051697,0.6566254496574402
2995,Tampa,Median Home Value,tract,17823,592,Feat\&PC-RGNN,5,0.7746749520301819,0.018949270248413086,0.2876408100128174,0.192913219332695,0.8144549131393433,0.6879030466079712
2996,Tampa,Median Home Value,tract,17823,592,Feat\&PC-RGNN,6,0.8006954193115234,0.056057631969451904,0.20417028665542603,0.1706356555223465,0.7836480736732483,0.7685079574584961
2997,Tampa,Median Home Value,tract,17823,592,Feat\&PC-RGNN,7,0.8957178592681885,0.26995134353637695,0.22867149114608765,0.08928172290325165,0.6060764789581299,0.7448478937149048
2998,Tampa,Median Home Value,tract,17823,592,Feat\&PC-RGNN,8,0.7195656299591064,0.011271178722381592,0.3036488890647888,0.2400953322649002,0.8208291530609131,0.6724445819854736
2999,Tampa,Median Home Value,tract,17823,592,Feat\&PC-RGNN,9,0.7243759632110596,-0.10620927810668945,0.05098867416381836,0.2359769344329834,0.9183598756790161,0.916430652141571
3000,Tampa,Median Home Value,tract,17823,592,LightGCN,0,0.918147087097168,0.20453399419784546,0.24141943454742432,0.0700787901878357,0.660385012626648,0.7325376272201538
3001,Tampa,Median Home Value,tract,17823,592,LightGCN,1,0.9312266111373901,0.238885760307312,0.22714954614639282,0.05888070538640022,0.6318666338920593,0.7463175654411316
3002,Tampa,Median Home Value,tract,17823,592,LightGCN,2,0.9297239780426025,0.12740200757980347,0.2579669952392578,0.06016716733574867,0.7244189381599426,0.7165580987930298
3003,Tampa,Median Home Value,tract,17823,592,LightGCN,3,0.9348431825637817,0.14226961135864258,0.29268819093704224,0.05578433349728584,0.7120760679244995,0.6830289959907532
3004,Tampa,Median Home Value,tract,17823,592,LightGCN,4,0.8770068883895874,-0.019786596298217773,0.208135187625885,0.10530120134353638,0.8466129899024963,0.7646791338920593
3005,Tampa,Median Home Value,tract,17823,592,LightGCN,5,0.9524737596511841,0.215714693069458,0.32594627141952515,0.04068984463810921,0.6511029601097107,0.6509127020835876
3006,Tampa,Median Home Value,tract,17823,592,LightGCN,6,0.9419780373573303,0.07907205820083618,0.30100560188293457,0.049675825983285904,0.7645418047904968,0.674997091293335
3007,Tampa,Median Home Value,tract,17823,592,LightGCN,7,0.8842313289642334,0.12536990642547607,0.19712603092193604,0.09911596029996872,0.7261059880256653,0.7753103375434875
3008,Tampa,Median Home Value,tract,17823,592,LightGCN,8,0.691275417804718,-0.2979623079299927,0.028686106204986572,0.2643161416053772,1.0775506496429443,0.9379674792289734
3009,Tampa,Median Home Value,tract,17823,592,LightGCN,9,0.8558845520019531,0.18677407503128052,0.35084354877471924,0.12338521331548691,0.6751290559768677,0.6268701553344727
3010,Tampa,Median Home Value,tract,17823,592,Feat-LightGCN,0,0.9541277289390564,0.18637460470199585,0.195264995098114,0.03927376866340637,0.675460696220398,0.7771074771881104
3011,Tampa,Median Home Value,tract,17823,592,Feat-LightGCN,1,0.9779199361801147,0.01933079957962036,0.20235854387283325,0.01890397258102894,0.8141381740570068,0.7702574729919434
3012,Tampa,Median Home Value,tract,17823,592,Feat-LightGCN,2,0.9696265459060669,0.1585652232170105,0.2619633078575134,0.026004407554864883,0.6985476613044739,0.7126989960670471
3013,Tampa,Median Home Value,tract,17823,592,Feat-LightGCN,3,0.9764450192451477,0.11884480714797974,0.22228455543518066,0.020166734233498573,0.7315230369567871,0.7510155439376831
3014,Tampa,Median Home Value,tract,17823,592,Feat-LightGCN,4,0.8755172491073608,0.325092613697052,0.28279203176498413,0.10657654702663422,0.5602989196777344,0.6925853490829468
3015,Tampa,Median Home Value,tract,17823,592,Feat-LightGCN,5,0.9847553968429565,0.11595165729522705,0.12642627954483032,0.013051720336079597,0.7339248657226562,0.8435829281806946
3016,Tampa,Median Home Value,tract,17823,592,Feat-LightGCN,6,0.9618634581565857,0.056601524353027344,0.18921524286270142,0.03265080228447914,0.7831965088844299,0.7829495668411255
3017,Tampa,Median Home Value,tract,17823,592,Feat-LightGCN,7,0.968085527420044,0.05194002389907837,0.31424981355667114,0.027323715388774872,0.7870664596557617,0.6622076034545898
3018,Tampa,Median Home Value,tract,17823,592,Feat-LightGCN,8,0.9796997904777527,0.007758975028991699,0.16072654724121094,0.017380107194185257,0.8237449526786804,0.8104602098464966
3019,Tampa,Median Home Value,tract,17823,592,Feat-LightGCN,9,0.9741672277450562,0.18729090690612793,0.1824513077735901,0.022116875275969505,0.6747000217437744,0.7894812822341919
3020,Tampa,Median Home Value,tract,17823,592,Feat\&PC-LightGCN,0,0.9899901747703552,0.14595568180084229,0.3436589241027832,0.008569959551095963,0.7090159058570862,0.6338080763816833
3021,Tampa,Median Home Value,tract,17823,592,Feat\&PC-LightGCN,1,0.9859277606010437,0.08340728282928467,0.4004061818122864,0.012048022821545601,0.7609427571296692,0.5790090560913086
3022,Tampa,Median Home Value,tract,17823,592,Feat\&PC-LightGCN,2,0.981012225151062,0.13809865713119507,0.4254463315010071,0.016256460919976234,0.715538740158081,0.5548285245895386
3023,Tampa,Median Home Value,tract,17823,592,Feat\&PC-LightGCN,3,0.9910396337509155,0.04220837354660034,0.41334134340286255,0.007671477273106575,0.7951455116271973,0.5665180087089539
3024,Tampa,Median Home Value,tract,17823,592,Feat\&PC-LightGCN,4,0.9897586703300476,0.14451271295547485,0.33674460649490356,0.008768158964812756,0.7102138996124268,0.6404850482940674
3025,Tampa,Median Home Value,tract,17823,592,Feat\&PC-LightGCN,5,0.9889240860939026,0.09475570917129517,0.2801080346107483,0.00948269572108984,0.7515214681625366,0.6951771974563599
3026,Tampa,Median Home Value,tract,17823,592,Feat\&PC-LightGCN,6,0.9872844815254211,0.11249357461929321,0.30299443006515503,0.010886448435485363,0.7367957234382629,0.6730765104293823
3027,Tampa,Median Home Value,tract,17823,592,Feat\&PC-LightGCN,7,0.9823276400566101,-0.005745887756347656,0.3407701253890991,0.015130292624235153,0.8349565267562866,0.6365976929664612
3028,Tampa,Median Home Value,tract,17823,592,Feat\&PC-LightGCN,8,0.9918955564498901,0.0992923378944397,0.4055192470550537,0.00693866889923811,0.747755229473114,0.5740715265274048
3029,Tampa,Median Home Value,tract,17823,592,Feat\&PC-LightGCN,9,0.963387668132782,0.10307866334915161,0.38590604066848755,0.031345825642347336,0.7446118593215942,0.5930113792419434
3030,Tampa,Median Home Value,tract,17823,592,NoPreTrain,0,0.9838123321533203,-0.5242092609405518,-0.21622049808502197,0.013859155587852001,1.2653777599334717,1.1744661331176758
3031,Tampa,Median Home Value,tract,17823,592,NoPreTrain,1,0.9992921948432922,-0.3754093647003174,-0.48596465587615967,0.0006059863371774554,1.1418460607528687,1.4349497556686401
3032,Tampa,Median Home Value,tract,17823,592,NoPreTrain,2,0.9916480183601379,-0.3753678798675537,-0.19916939735412598,0.007150584366172552,1.141811728477478,1.1580005884170532
3033,Tampa,Median Home Value,tract,17823,592,NoPreTrain,3,0.9983591437339783,-0.2930264472961426,-0.08845973014831543,0.0014048320008441806,1.0734529495239258,1.0510916709899902
3034,Tampa,Median Home Value,tract,17823,592,NoPreTrain,4,0.996404767036438,-0.4907642602920532,-0.20440685749053955,0.0030780741944909096,1.237612247467041,1.1630581617355347
3035,Tampa,Median Home Value,tract,17823,592,NoPreTrain,5,0.9923629760742188,-0.2663766145706177,-0.16826164722442627,0.006538465153425932,1.0513285398483276,1.1281538009643555
3036,Tampa,Median Home Value,tract,17823,592,NoPreTrain,6,0.9955717325210571,-0.30264580249786377,-0.5091738700866699,0.0037912819534540176,1.0814387798309326,1.457362174987793
3037,Tampa,Median Home Value,tract,17823,592,NoPreTrain,7,0.9893120527267456,-0.287380576133728,-0.3282703161239624,0.009150522761046886,1.0687657594680786,1.282669186592102
3038,Tampa,Median Home Value,tract,17823,592,NoPreTrain,8,0.9943086504936218,-0.26495361328125,-0.09780025482177734,0.004872691351920366,1.0501471757888794,1.060111403465271
3039,Tampa,Median Home Value,tract,17823,592,NoPreTrain,9,0.9971528053283691,-0.8457016944885254,-0.7168426513671875,0.002437619026750326,1.5322763919830322,1.657901406288147
3040,Tampa,Commute Time,tract,14212,463,Emb,0,0.979093611240387,-0.546819806098938,-0.362373948097229,0.019044574350118637,1.0553467273712158,1.0835033655166626
3041,Tampa,Commute Time,tract,14212,463,Emb,1,0.993565022945404,-0.475044846534729,-0.2529817819595337,0.0058619375340640545,1.0063769817352295,0.9965031743049622
3042,Tampa,Commute Time,tract,14212,463,Emb,2,0.980696439743042,-0.7976542711257935,-0.5132967233657837,0.017584502696990967,1.2264832258224487,1.2035330533981323
3043,Tampa,Commute Time,tract,14212,463,Emb,3,0.9912527203559875,-0.44345366954803467,-0.43966519832611084,0.007968316785991192,0.9848232269287109,1.1449735164642334
3044,Tampa,Commute Time,tract,14212,463,Emb,4,0.989402711391449,-0.6013673543930054,-0.14599084854125977,0.00965353474020958,1.0925627946853638,0.9114127159118652
3045,Tampa,Commute Time,tract,14212,463,Emb,5,0.9881911873817444,-0.8481225967407227,-0.13094913959503174,0.010757162235677242,1.2609162330627441,0.8994500041007996
3046,Tampa,Commute Time,tract,14212,463,Emb,6,0.9970012903213501,-0.39345061779022217,-0.09512591361999512,0.002731672255322337,0.950707733631134,0.8709595203399658
3047,Tampa,Commute Time,tract,14212,463,Emb,7,0.9898362755775452,-0.6704725027084351,-0.4411487579345703,0.009258588775992393,1.1397111415863037,1.1461533308029175
3048,Tampa,Commute Time,tract,14212,463,Emb,8,0.9620450139045715,-0.5424319505691528,-0.374680757522583,0.03457490727305412,1.052353024482727,1.0932910442352295
3049,Tampa,Commute Time,tract,14212,463,Emb,9,0.9915737509727478,-0.35004568099975586,-0.4661062955856323,0.007675830274820328,0.9210939407348633,1.1660022735595703
3050,Tampa,Commute Time,tract,14212,463,RGNN,0,0.7116216421127319,-0.5460987091064453,0.1057923436164856,0.2626969814300537,1.0548547506332397,0.7111681699752808
3051,Tampa,Commute Time,tract,14212,463,RGNN,1,0.6460673809051514,-0.34590768814086914,0.05742371082305908,0.3224134147167206,0.9182706475257874,0.7496359944343567
3052,Tampa,Commute Time,tract,14212,463,RGNN,2,0.5558785796165466,-0.33898210525512695,0.09721314907073975,0.40457049012184143,0.9135456085205078,0.7179912328720093
3053,Tampa,Commute Time,tract,14212,463,RGNN,3,0.6791598200798035,-0.6644191741943359,0.013504326343536377,0.29226797819137573,1.1355810165405273,0.7845653295516968
3054,Tampa,Commute Time,tract,14212,463,RGNN,4,0.7539226412773132,-0.5670666694641113,-0.03956103324890137,0.22416311502456665,1.0691605806350708,0.8267685174942017
3055,Tampa,Commute Time,tract,14212,463,RGNN,5,0.7489477396011353,-0.4140903949737549,0.00575631856918335,0.22869494557380676,0.964789628982544,0.7907273769378662
3056,Tampa,Commute Time,tract,14212,463,RGNN,6,0.620372474193573,-0.7838633060455322,-0.030951619148254395,0.34582003951072693,1.2170740365982056,0.8199214339256287
3057,Tampa,Commute Time,tract,14212,463,RGNN,7,0.7502400875091553,-0.834867000579834,-0.15968561172485352,0.2275177389383316,1.2518723011016846,0.9223042130470276
3058,Tampa,Commute Time,tract,14212,463,RGNN,8,0.7572473883628845,-0.8190591335296631,-0.30708420276641846,0.22113445401191711,1.2410871982574463,1.0395311117172241
3059,Tampa,Commute Time,tract,14212,463,RGNN,9,0.5198180079460144,-0.38978350162506104,0.03861576318740845,0.43741971254348755,0.9482057690620422,0.7645940184593201
3060,Tampa,Commute Time,tract,14212,463,Feat-RGNN,0,0.5334725379943848,-0.8172881603240967,0.04030579328536987,0.42498114705085754,1.23987877368927,0.763249933719635
3061,Tampa,Commute Time,tract,14212,463,Feat-RGNN,1,0.6870357990264893,-0.9009312391281128,-0.045130014419555664,0.28509339690208435,1.2969459295272827,0.8311975002288818
3062,Tampa,Commute Time,tract,14212,463,Feat-RGNN,2,0.54131019115448,-0.6835576295852661,0.0005022287368774414,0.41784152388572693,1.1486386060714722,0.794905960559845
3063,Tampa,Commute Time,tract,14212,463,Feat-RGNN,3,0.5764297246932983,-0.6345999240875244,-0.06356227397918701,0.3858495056629181,1.1152364015579224,0.8458568453788757
3064,Tampa,Commute Time,tract,14212,463,Feat-RGNN,4,0.4898529648780823,-0.7395360469818115,-0.02972722053527832,0.46471622586250305,1.186830997467041,0.8189476728439331
3065,Tampa,Commute Time,tract,14212,463,Feat-RGNN,5,0.6354612112045288,-0.7303342819213867,-0.05943107604980469,0.3320750296115875,1.1805529594421387,0.8425711989402771
3066,Tampa,Commute Time,tract,14212,463,Feat-RGNN,6,0.6167129278182983,-0.7412440776824951,0.09023129940032959,0.34915369749069214,1.1879962682724,0.7235439419746399
3067,Tampa,Commute Time,tract,14212,463,Feat-RGNN,7,0.6205214858055115,-0.7744356393814087,-0.21669530868530273,0.34568431973457336,1.2106419801712036,0.9676443338394165
3068,Tampa,Commute Time,tract,14212,463,Feat-RGNN,8,0.5444903373718262,-0.6488019227981567,0.17603158950805664,0.414944589138031,1.124925971031189,0.6553065180778503
3069,Tampa,Commute Time,tract,14212,463,Feat-RGNN,9,0.49591511487960815,-0.4753751754760742,-0.01936185359954834,0.45919397473335266,1.0066022872924805,0.8107039928436279
3070,Tampa,Commute Time,tract,14212,463,Feat\&PC-RGNN,0,0.9067776799201965,-0.30535972118377686,-0.0753638744354248,0.0849204733967781,0.8906060457229614,0.8552426695823669
3071,Tampa,Commute Time,tract,14212,463,Feat\&PC-RGNN,1,0.6218517422676086,-0.17670631408691406,0.09439551830291748,0.3444725275039673,0.8028298616409302,0.7202321290969849
3072,Tampa,Commute Time,tract,14212,463,Feat\&PC-RGNN,2,0.7315348386764526,-0.10133993625640869,-0.10240828990936279,0.244557186961174,0.7514097690582275,0.8767512440681458
3073,Tampa,Commute Time,tract,14212,463,Feat\&PC-RGNN,3,0.9573810696601868,-0.2847106456756592,-0.4207693338394165,0.038823552429676056,0.8765178322792053,1.1299455165863037
3074,Tampa,Commute Time,tract,14212,463,Feat\&PC-RGNN,4,0.7955293655395508,-0.15920805931091309,-0.6005816459655762,0.1862616091966629,0.7908913493156433,1.2729512453079224
3075,Tampa,Commute Time,tract,14212,463,Feat\&PC-RGNN,5,0.8543444871902466,-0.5028010606765747,-0.3757821321487427,0.13268423080444336,1.0253140926361084,1.094166874885559
3076,Tampa,Commute Time,tract,14212,463,Feat\&PC-RGNN,6,0.9471039175987244,-0.10673332214355469,-0.25395333766937256,0.04818548262119293,0.7550894618034363,0.9972758293151855
3077,Tampa,Commute Time,tract,14212,463,Feat\&PC-RGNN,7,0.7786270976066589,-0.21718096733093262,-0.21018767356872559,0.2016587108373642,0.8304445147514343,0.9624688029289246
3078,Tampa,Commute Time,tract,14212,463,Feat\&PC-RGNN,8,0.5593298673629761,-0.2969379425048828,0.005747556686401367,0.4014265835285187,0.8848601579666138,0.7907343506813049
3079,Tampa,Commute Time,tract,14212,463,Feat\&PC-RGNN,9,0.8216822147369385,-0.0326840877532959,-0.25175368785858154,0.1624378263950348,0.7045680284500122,0.9955264925956726
3080,Tampa,Commute Time,tract,14212,463,LightGCN,0,0.9222825169563293,-0.5752843618392944,-0.22764170169830322,0.0707964226603508,1.0747672319412231,0.9763500094413757
3081,Tampa,Commute Time,tract,14212,463,LightGCN,1,0.9031146764755249,-0.6968299150466919,-0.4711951017379761,0.08825724571943283,1.1576939821243286,1.1700493097305298
3082,Tampa,Commute Time,tract,14212,463,LightGCN,2,0.8835636377334595,-0.7626076936721802,-0.08751988410949707,0.10606720298528671,1.2025721073150635,0.8649104237556458
3083,Tampa,Commute Time,tract,14212,463,LightGCN,3,0.8655707240104675,-0.37898337841033936,-0.20867764949798584,0.12245778739452362,0.9408371448516846,0.96126788854599
3084,Tampa,Commute Time,tract,14212,463,LightGCN,4,0.9162284731864929,-0.5960596799850464,-0.24377000331878662,0.07631133496761322,1.0889415740966797,0.9891769886016846
3085,Tampa,Commute Time,tract,14212,463,LightGCN,5,0.8376713991165161,-0.5837671756744385,-0.2751699686050415,0.14787250757217407,1.080554723739624,1.01414954662323
3086,Tampa,Commute Time,tract,14212,463,LightGCN,6,0.8939932584762573,-0.9870778322219849,0.007802009582519531,0.09656637907028198,1.3557209968566895,0.7891004085540771
3087,Tampa,Commute Time,tract,14212,463,LightGCN,7,0.8340635895729065,-0.6434835195541382,-0.21746826171875,0.15115904808044434,1.1212973594665527,0.9682590961456299
3088,Tampa,Commute Time,tract,14212,463,LightGCN,8,0.85490882396698,-0.483329176902771,-0.1487724781036377,0.132170170545578,1.0120290517807007,0.9136249423027039
3089,Tampa,Commute Time,tract,14212,463,LightGCN,9,0.8826350569725037,-0.42308974266052246,-0.06947040557861328,0.10691308975219727,0.9709295630455017,0.8505555987358093
3090,Tampa,Commute Time,tract,14212,463,Feat-LightGCN,0,0.9781986474990845,-0.9422479867935181,-0.3653336763381958,0.019859861582517624,1.3251349925994873,1.0858572721481323
3091,Tampa,Commute Time,tract,14212,463,Feat-LightGCN,1,0.954334557056427,-0.7554960250854492,-0.0909881591796875,0.04159875214099884,1.1977200508117676,0.8676687479019165
3092,Tampa,Commute Time,tract,14212,463,Feat-LightGCN,2,0.9635884761810303,-0.819017767906189,-0.14158141613006592,0.033168938010931015,1.2410588264465332,0.9079058170318604
3093,Tampa,Commute Time,tract,14212,463,Feat-LightGCN,3,0.9465480446815491,-0.46241235733032227,-0.046082496643066406,0.04869180545210838,0.9977582097053528,0.8319550156593323
3094,Tampa,Commute Time,tract,14212,463,Feat-LightGCN,4,0.9663985371589661,-1.022029161453247,-0.044011831283569336,0.030609093606472015,1.3795671463012695,0.8303082585334778
3095,Tampa,Commute Time,tract,14212,463,Feat-LightGCN,5,0.9487348794937134,-0.7218328714370728,-0.18677937984466553,0.046699751168489456,1.1747527122497559,0.9438520073890686
3096,Tampa,Commute Time,tract,14212,463,Feat-LightGCN,6,0.97512286901474,-0.9749265909194946,-0.04085111618041992,0.022661715745925903,1.3474305868148804,0.8277944922447205
3097,Tampa,Commute Time,tract,14212,463,Feat-LightGCN,7,0.9741048216819763,-0.6658369302749634,0.05156677961349487,0.023589100688695908,1.136548399925232,0.7542940378189087
3098,Tampa,Commute Time,tract,14212,463,Feat-LightGCN,8,0.9721551537513733,-0.6387691497802734,-0.21554028987884521,0.02536514215171337,1.1180808544158936,0.966725766658783
3099,Tampa,Commute Time,tract,14212,463,Feat-LightGCN,9,0.9840981364250183,-0.5514360666275024,-0.07283484935760498,0.01448571402579546,1.0584962368011475,0.8532313704490662
3100,Tampa,Commute Time,tract,14212,463,Feat\&PC-LightGCN,0,0.9936509132385254,-0.6550840139389038,-0.7660540342330933,0.005783697124570608,1.1292120218276978,1.4045523405075073
3101,Tampa,Commute Time,tract,14212,463,Feat\&PC-LightGCN,1,0.9889557361602783,-0.7328672409057617,-0.9914867877960205,0.010060714557766914,1.1822811365127563,1.5838401317596436
3102,Tampa,Commute Time,tract,14212,463,Feat\&PC-LightGCN,2,0.9851888418197632,-0.2789574861526489,-0.48839879035949707,0.013492155820131302,0.8725926280021667,1.1837315559387207
3103,Tampa,Commute Time,tract,14212,463,Feat\&PC-LightGCN,3,0.9841675758361816,-0.49736011028289795,-1.1311731338500977,0.01442249771207571,1.021601915359497,1.694933533668518
3104,Tampa,Commute Time,tract,14212,463,Feat\&PC-LightGCN,4,0.9959864616394043,-0.2318871021270752,-0.8577271699905396,0.00365611189045012,0.8404780030250549,1.477460503578186
3105,Tampa,Commute Time,tract,14212,463,Feat\&PC-LightGCN,5,0.9876061081886292,-0.47863054275512695,-0.46905767917633057,0.011290181428194046,1.0088233947753906,1.1683495044708252
3106,Tampa,Commute Time,tract,14212,463,Feat\&PC-LightGCN,6,0.9331134557723999,-0.2079465389251709,-0.5593808889389038,0.06092998385429382,0.8241441249847412,1.24018394947052
3107,Tampa,Commute Time,tract,14212,463,Feat\&PC-LightGCN,7,0.9822571277618408,-0.6243851184844971,-0.9210866689682007,0.01616278663277626,1.108267068862915,1.52785062789917
3108,Tampa,Commute Time,tract,14212,463,Feat\&PC-LightGCN,8,0.9920346140861511,-0.6413253545761108,-1.0965392589569092,0.007256038021296263,1.1198248863220215,1.667388916015625
3109,Tampa,Commute Time,tract,14212,463,Feat\&PC-LightGCN,9,0.9759824275970459,-0.3384741544723511,-0.4530676603317261,0.021878693252801895,0.9131990075111389,1.155632495880127
3110,Tampa,Commute Time,tract,14212,463,NoPreTrain,0,0.9610462784767151,-2.4307408332824707,-2.902488946914673,0.03548472747206688,2.3406870365142822,3.103670597076416
3111,Tampa,Commute Time,tract,14212,463,NoPreTrain,1,0.9744457602500916,-2.33553409576416,-2.530311346054077,0.023278536275029182,2.2757303714752197,2.80767560005188
3112,Tampa,Commute Time,tract,14212,463,NoPreTrain,2,0.9813369512557983,-0.7007739543914795,-0.4612382650375366,0.017001042142510414,1.1603847742080688,1.1621307134628296
3113,Tampa,Commute Time,tract,14212,463,NoPreTrain,3,0.996092677116394,-1.038874626159668,-1.3514392375946045,0.0035593626089394093,1.39106023311615,1.8701122999191284
3114,Tampa,Commute Time,tract,14212,463,NoPreTrain,4,0.9944108724594116,-1.5056254863739014,-2.213968276977539,0.005091379396617413,1.7095098495483398,2.556086301803589
3115,Tampa,Commute Time,tract,14212,463,NoPreTrain,5,0.9906835556030273,-1.3854880332946777,-1.118194580078125,0.008486774750053883,1.6275438070297241,1.6846116781234741
3116,Tampa,Commute Time,tract,14212,463,NoPreTrain,6,0.9966381192207336,-0.9960933923721313,-1.1268181800842285,0.0030624819919466972,1.3618720769882202,1.6914699077606201
3117,Tampa,Commute Time,tract,14212,463,NoPreTrain,7,0.9769068360328674,-0.961039662361145,-0.7392364740371704,0.021036628633737564,1.3379559516906738,1.3832241296768188
3118,Tampa,Commute Time,tract,14212,463,NoPreTrain,8,0.9973013997077942,-1.0479497909545898,-1.3475141525268555,0.0024582978803664446,1.397252082824707,1.866990566253662
3119,Tampa,Commute Time,tract,14212,463,NoPreTrain,9,0.9620027542114258,-1.8116977214813232,-0.8254997730255127,0.03461342304944992,1.9183332920074463,1.4518297910690308
3120,Tampa,Median Age,tract,18240,603,Emb,0,0.9902298450469971,0.055892348289489746,-0.04428696632385254,0.00789179652929306,0.7131773233413696,1.021061658859253
3121,Tampa,Median Age,tract,18240,603,Emb,1,0.9923940300941467,-0.04616963863372803,-0.11313879489898682,0.006143669132143259,0.7902747988700867,1.0883820056915283
3122,Tampa,Median Age,tract,18240,603,Emb,2,0.9940083622932434,-0.2358112335205078,-0.19648528099060059,0.004839726723730564,0.9335297346115112,1.169874906539917
3123,Tampa,Median Age,tract,18240,603,Emb,3,0.9950956106185913,0.11290383338928223,-0.255049467086792,0.003961495589464903,0.6701109409332275,1.2271366119384766
3124,Tampa,Median Age,tract,18240,603,Emb,4,0.9874425530433655,-0.01714169979095459,0.0679742693901062,0.010143201798200607,0.7683471441268921,0.911297082901001
3125,Tampa,Median Age,tract,18240,603,Emb,5,0.9943833351135254,0.10491102933883667,0.04724597930908203,0.004536828491836786,0.6761487126350403,0.9315643310546875
3126,Tampa,Median Age,tract,18240,603,Emb,6,0.9873639941215515,0.0026302337646484375,-0.10952997207641602,0.010206637904047966,0.7534114718437195,1.0848535299301147
3127,Tampa,Median Age,tract,18240,603,Emb,7,0.9917407631874084,0.00029158592224121094,-0.0017764568328857422,0.006671356037259102,0.7551780939102173,0.9794965386390686
3128,Tampa,Median Age,tract,18240,603,Emb,8,0.9881913661956787,0.0844847559928894,0.005900025367736816,0.009538332000374794,0.6915786862373352,0.971990704536438
3129,Tampa,Median Age,tract,18240,603,Emb,9,0.9798418283462524,0.04876875877380371,-0.11006379127502441,0.016282623633742332,0.7185584902763367,1.085375428199768
3130,Tampa,Median Age,tract,18240,603,RGNN,0,0.6856008172035217,0.17254406213760376,0.21281462907791138,0.25395405292510986,0.6250588297843933,0.7696780562400818
3131,Tampa,Median Age,tract,18240,603,RGNN,1,0.736629843711853,0.04885762929916382,0.172832190990448,0.2127356231212616,0.7184913754463196,0.8087712526321411
3132,Tampa,Median Age,tract,18240,603,RGNN,2,0.7538434863090515,0.07365912199020386,0.2954583764076233,0.1988314539194107,0.6997563242912292,0.6888722777366638
3133,Tampa,Median Age,tract,18240,603,RGNN,3,0.7898816466331482,0.27687889337539673,0.23070508241653442,0.1697218269109726,0.5462444424629211,0.7521854639053345
3134,Tampa,Median Age,tract,18240,603,RGNN,4,0.7845085859298706,0.014528155326843262,0.11211198568344116,0.17406192421913147,0.7444238066673279,0.8681409955024719
3135,Tampa,Median Age,tract,18240,603,RGNN,5,0.7627144455909729,0.10134559869766235,0.21269667148590088,0.19166599214076996,0.6788420081138611,0.7697933316230774
3136,Tampa,Median Age,tract,18240,603,RGNN,6,0.7901381254196167,0.026627182960510254,0.18188166618347168,0.16951464116573334,0.7352842092514038,0.7999230623245239
3137,Tampa,Median Age,tract,18240,603,RGNN,7,0.7541999816894531,0.1916026473045349,0.25053250789642334,0.198543518781662,0.610662043094635,0.7327989935874939
3138,Tampa,Median Age,tract,18240,603,RGNN,8,0.7429938912391663,0.1723422408103943,0.13780975341796875,0.20759515464305878,0.6252112984657288,0.8430147171020508
3139,Tampa,Median Age,tract,18240,603,RGNN,9,0.6026747226715088,0.13499176502227783,0.28369539976119995,0.3209370970726013,0.6534258127212524,0.7003737092018127
3140,Tampa,Median Age,tract,18240,603,Feat-RGNN,0,0.626297116279602,0.07392609119415283,0.1884031891822815,0.30185627937316895,0.6995546817779541,0.7935465574264526
3141,Tampa,Median Age,tract,18240,603,Feat-RGNN,1,0.6925755739212036,0.05138266086578369,0.20632880926132202,0.24832026660442352,0.7165839672088623,0.7760195732116699
3142,Tampa,Median Age,tract,18240,603,Feat-RGNN,2,0.5947238802909851,0.08176720142364502,0.10884130001068115,0.3273593485355377,0.6936315298080444,0.871338963508606
3143,Tampa,Median Age,tract,18240,603,Feat-RGNN,3,0.6714220643043518,0.02448582649230957,0.16914808750152588,0.26540684700012207,0.7369017601013184,0.8123733997344971
3144,Tampa,Median Age,tract,18240,603,Feat-RGNN,4,0.6720758676528931,0.10424560308456421,0.2183781862258911,0.2648787200450897,0.6766513586044312,0.7642382383346558
3145,Tampa,Median Age,tract,18240,603,Feat-RGNN,5,0.695315957069397,0.1038358211517334,0.18118935823440552,0.24610669910907745,0.6769608855247498,0.8005999326705933
3146,Tampa,Median Age,tract,18240,603,Feat-RGNN,6,0.7590327858924866,0.06793045997619629,0.19316768646240234,0.19463980197906494,0.7040838003158569,0.7888880372047424
3147,Tampa,Median Age,tract,18240,603,Feat-RGNN,7,0.6629757881164551,0.15751004219055176,0.08490985631942749,0.27222931385040283,0.6364155411720276,0.8947381377220154
3148,Tampa,Median Age,tract,18240,603,Feat-RGNN,8,0.8044673204421997,-0.008828163146972656,0.14712202548980713,0.15794037282466888,0.7620671391487122,0.8339095711708069
3149,Tampa,Median Age,tract,18240,603,Feat-RGNN,9,0.6230751872062683,0.053411126136779785,0.1585766077041626,0.30445873737335205,0.7150516510009766,0.8227097988128662
3150,Tampa,Median Age,tract,18240,603,Feat\&PC-RGNN,0,0.7542751431465149,0.2371913194656372,0.1748490333557129,0.19848278164863586,0.5762243866920471,0.8067992925643921
3151,Tampa,Median Age,tract,18240,603,Feat\&PC-RGNN,1,0.7766836285591125,0.07293581962585449,0.009427964687347412,0.18038244545459747,0.70030277967453,0.9685413241386414
3152,Tampa,Median Age,tract,18240,603,Feat\&PC-RGNN,2,0.7352196574211121,0.2516045570373535,0.1766817569732666,0.2138747274875641,0.5653367042541504,0.80500727891922
3153,Tampa,Median Age,tract,18240,603,Feat\&PC-RGNN,3,0.6958490014076233,0.23552638292312622,0.14879322052001953,0.24567614495754242,0.5774821043014526,0.8322755694389343
3154,Tampa,Median Age,tract,18240,603,Feat\&PC-RGNN,4,0.7683559060096741,0.22468340396881104,0.1656346321105957,0.18710912764072418,0.5856728553771973,0.8158087134361267
3155,Tampa,Median Age,tract,18240,603,Feat\&PC-RGNN,5,0.7582010626792908,0.11193346977233887,0.08728641271591187,0.19531165063381195,0.6708439588546753,0.8924144506454468
3156,Tampa,Median Age,tract,18240,603,Feat\&PC-RGNN,6,0.7356151938438416,0.17822951078414917,0.18256407976150513,0.213555246591568,0.6207640171051025,0.7992557883262634
3157,Tampa,Median Age,tract,18240,603,Feat\&PC-RGNN,7,0.7810665369033813,0.1851050853729248,0.11237263679504395,0.17684218287467957,0.6155702471733093,0.8678861260414124
3158,Tampa,Median Age,tract,18240,603,Feat\&PC-RGNN,8,0.7681735157966614,0.2733680009841919,0.12543106079101562,0.18725645542144775,0.5488966107368469,0.8551180958747864
3159,Tampa,Median Age,tract,18240,603,Feat\&PC-RGNN,9,0.7884458303451538,0.23600882291793823,0.06107383966445923,0.17088161408901215,0.5771176815032959,0.9180440306663513
3160,Tampa,Median Age,tract,18240,603,LightGCN,0,0.8560585975646973,0.15038937330245972,0.32366031408309937,0.11626783013343811,0.6417944431304932,0.6612975597381592
3161,Tampa,Median Age,tract,18240,603,LightGCN,1,0.9472880363464355,-0.019906997680664062,0.20560699701309204,0.042577773332595825,0.7704360485076904,0.7767253518104553
3162,Tampa,Median Age,tract,18240,603,LightGCN,2,0.8713966608047485,0.10742461681365967,0.11344188451766968,0.10387858003377914,0.6742499470710754,0.866840660572052
3163,Tampa,Median Age,tract,18240,603,LightGCN,3,0.8574397563934326,-0.07012832164764404,0.15128850936889648,0.11515218764543533,0.8083731532096863,0.8298357725143433
3164,Tampa,Median Age,tract,18240,603,LightGCN,4,0.9376586675643921,0.027543246746063232,0.1610667109489441,0.050355833023786545,0.7345921993255615,0.820275068283081
3165,Tampa,Median Age,tract,18240,603,LightGCN,5,0.9276384115219116,0.02244943380355835,0.3124663233757019,0.058449648320674896,0.7384400963783264,0.6722425818443298
3166,Tampa,Median Age,tract,18240,603,LightGCN,6,0.9060545563697815,0.187818706035614,0.24551552534103394,0.07588387280702591,0.6135203838348389,0.7377043962478638
3167,Tampa,Median Age,tract,18240,603,LightGCN,7,0.8894522190093994,0.2083113193511963,0.17246848344802856,0.08929430693387985,0.5980402827262878,0.8091268539428711
3168,Tampa,Median Age,tract,18240,603,LightGCN,8,0.8620154857635498,0.10487288236618042,0.1617271900177002,0.11145617812871933,0.6761775612831116,0.8196292519569397
3169,Tampa,Median Age,tract,18240,603,LightGCN,9,0.8749940395355225,0.0535547137260437,0.1557999849319458,0.10097278654575348,0.7149431705474854,0.8254246115684509
3170,Tampa,Median Age,tract,18240,603,Feat-LightGCN,0,0.9725197553634644,0.1255701780319214,0.2128416895866394,0.022196996957063675,0.6605428457260132,0.7696515321731567
3171,Tampa,Median Age,tract,18240,603,Feat-LightGCN,1,0.9326351881027222,0.004955410957336426,0.20914119482040405,0.05441351234912872,0.7516549825668335,0.773269772529602
3172,Tampa,Median Age,tract,18240,603,Feat-LightGCN,2,0.9710509181022644,0.07818394899368286,0.07771122455596924,0.02338344417512417,0.6963382959365845,0.9017766714096069
3173,Tampa,Median Age,tract,18240,603,Feat-LightGCN,3,0.9682748317718506,-0.005172252655029297,0.20964837074279785,0.025625811889767647,0.759305477142334,0.7727738618850708
3174,Tampa,Median Age,tract,18240,603,Feat-LightGCN,4,0.976283073425293,0.13040947914123535,0.21681755781173706,0.01915721222758293,0.6568872332572937,0.7657641172409058
3175,Tampa,Median Age,tract,18240,603,Feat-LightGCN,5,0.9761275053024292,0.0638880729675293,0.15989094972610474,0.01928287371993065,0.7071373462677002,0.8214246034622192
3176,Tampa,Median Age,tract,18240,603,Feat-LightGCN,6,0.9858893752098083,0.1899814009666443,0.22803223133087158,0.011397765949368477,0.611886739730835,0.7547988891601562
3177,Tampa,Median Age,tract,18240,603,Feat-LightGCN,7,0.9783191680908203,0.08513748645782471,0.22356361150741577,0.017512550577521324,0.6910856366157532,0.7591680884361267
3178,Tampa,Median Age,tract,18240,603,Feat-LightGCN,8,0.9518106579780579,-0.11959266662597656,0.19904106855392456,0.03892463818192482,0.845738410949707,0.7831452488899231
3179,Tampa,Median Age,tract,18240,603,Feat-LightGCN,9,0.9599278569221497,0.07959598302841187,0.23282480239868164,0.03236803784966469,0.6952716708183289,0.7501128911972046
3180,Tampa,Median Age,tract,18240,603,Feat\&PC-LightGCN,0,0.9781782627105713,0.3133062720298767,0.03195929527282715,0.017626365646719933,0.5187273025512695,0.9465110898017883
3181,Tampa,Median Age,tract,18240,603,Feat\&PC-LightGCN,1,0.9884523153305054,0.28846848011016846,-0.17719650268554688,0.00932758767157793,0.5374897122383118,1.151015043258667
3182,Tampa,Median Age,tract,18240,603,Feat\&PC-LightGCN,2,0.9937171936035156,0.3111187815666199,-0.30909645557403564,0.005074911750853062,0.5203797221183777,1.2799816131591797
3183,Tampa,Median Age,tract,18240,603,Feat\&PC-LightGCN,3,0.9837348461151123,0.2855439782142639,-0.3020954132080078,0.013138088397681713,0.5396988987922668,1.2731362581253052
3184,Tampa,Median Age,tract,18240,603,Feat\&PC-LightGCN,4,0.9875837564468384,0.2586659789085388,-0.13454949855804443,0.010029138065874577,0.5600025057792664,1.1093165874481201
3185,Tampa,Median Age,tract,18240,603,Feat\&PC-LightGCN,5,0.9902898669242859,0.3369567394256592,-0.1541738510131836,0.00784328579902649,0.5008617639541626,1.1285045146942139
3186,Tampa,Median Age,tract,18240,603,Feat\&PC-LightGCN,6,0.9889417290687561,0.16990816593170166,-0.09823596477508545,0.008932246826589108,0.62704998254776,1.0738106966018677
3187,Tampa,Median Age,tract,18240,603,Feat\&PC-LightGCN,7,0.9862840175628662,0.19600296020507812,-0.31298959255218506,0.011078988201916218,0.607338011264801,1.2837880849838257
3188,Tampa,Median Age,tract,18240,603,Feat\&PC-LightGCN,8,0.9759493470191956,0.24588602781295776,-0.22805464267730713,0.019426770508289337,0.5696564316749573,1.2007421255111694
3189,Tampa,Median Age,tract,18240,603,Feat\&PC-LightGCN,9,0.9868706464767456,0.21318978071212769,-0.18766212463378906,0.01060517504811287,0.5943551063537598,1.161247968673706
3190,Tampa,Median Age,tract,18240,603,NoPreTrain,0,0.9896820783615112,-0.4128013849258423,-0.551733136177063,0.008334233425557613,1.067227840423584,1.5172219276428223
3191,Tampa,Median Age,tract,18240,603,NoPreTrain,1,0.949816107749939,-0.4758380651473999,-0.6113622188568115,0.04053574427962303,1.114845633506775,1.5755248069763184
3192,Tampa,Median Age,tract,18240,603,NoPreTrain,2,0.9993035197257996,-0.4265812635421753,-0.6496789455413818,0.0005625635967589915,1.0776370763778687,1.6129893064498901
3193,Tampa,Median Age,tract,18240,603,NoPreTrain,3,0.9946465492248535,-0.9327703714370728,-0.3393709659576416,0.004324201960116625,1.4600114822387695,1.3095828294754028
3194,Tampa,Median Age,tract,18240,603,NoPreTrain,4,0.9920317530632019,-0.2564876079559326,-0.3381770849227905,0.0064362878911197186,0.9491486549377441,1.308415412902832
3195,Tampa,Median Age,tract,18240,603,NoPreTrain,5,0.9983411431312561,-0.12647461891174316,-0.24626553058624268,0.001339939539320767,0.850937008857727,1.2185479402542114
3196,Tampa,Median Age,tract,18240,603,NoPreTrain,6,0.9952028393745422,-0.3519937992095947,-0.6047823429107666,0.0038748697843402624,1.0212938785552979,1.5690913200378418
3197,Tampa,Median Age,tract,18240,603,NoPreTrain,7,0.9970290660858154,-0.428799033164978,0.008195340633392334,0.0023997400421649218,1.0793124437332153,0.969746470451355
3198,Tampa,Median Age,tract,18240,603,NoPreTrain,8,0.983333945274353,-0.5636409521102905,-0.7376766204833984,0.013461886905133724,1.1811717748641968,1.6990299224853516
3199,Tampa,Median Age,tract,18240,603,NoPreTrain,9,0.9729982018470764,-0.774235725402832,-0.7728989124298096,0.021810539066791534,1.340254783630371,1.733468770980835
3200,Philadelphia,Median Income,zip,16983,199,Emb,0,0.999198317527771,-0.6805227994918823,0.34844523668289185,0.001053083105944097,1.2090297937393188,0.4977378845214844
3201,Philadelphia,Median Income,zip,16983,199,Emb,1,0.9999318718910217,-0.6921330690383911,0.343475878238678,8.94611221156083e-05,1.2173826694488525,0.501534104347229
3202,Philadelphia,Median Income,zip,16983,199,Emb,2,0.9999179840087891,-0.5741952657699585,0.40908294916152954,0.00010771030792966485,1.1325337886810303,0.45141535997390747
3203,Philadelphia,Median Income,zip,16983,199,Emb,3,0.9986014366149902,-0.7494747638702393,0.31746959686279297,0.0018371414626017213,1.2586363554000854,0.5214009284973145
3204,Philadelphia,Median Income,zip,16983,199,Emb,4,0.9997220635414124,-0.6241296529769897,0.4659618139266968,0.000365073123248294,1.1684584617614746,0.40796422958374023
3205,Philadelphia,Median Income,zip,16983,199,Emb,5,0.9997197389602661,-0.5782617330551147,0.4735932946205139,0.0003681184316519648,1.1354594230651855,0.40213435888290405
3206,Philadelphia,Median Income,zip,16983,199,Emb,6,0.9996801018714905,-0.5061423778533936,0.3605532646179199,0.0004201826814096421,1.0835740566253662,0.4884882867336273
3207,Philadelphia,Median Income,zip,16983,199,Emb,7,0.9988804459571838,-0.5010027885437012,0.3532899022102356,0.0014706397196277976,1.0798765420913696,0.4940369725227356
3208,Philadelphia,Median Income,zip,16983,199,Emb,8,0.9999297857284546,-0.5988483428955078,0.41414880752563477,9.222057997249067e-05,1.1502702236175537,0.44754543900489807
3209,Philadelphia,Median Income,zip,16983,199,Emb,9,0.9999303221702576,-0.5527539253234863,0.4724791646003723,9.15383207029663e-05,1.1171081066131592,0.40298548340797424
3210,Philadelphia,Median Income,zip,16983,199,RGNN,0,0.9473004937171936,0.47032028436660767,0.3657899498939514,0.06922488659620285,0.3810710310935974,0.4844878613948822
3211,Philadelphia,Median Income,zip,16983,199,RGNN,1,0.9185701608657837,0.43371641635894775,0.2998729348182678,0.10696443170309067,0.40740519762039185,0.534843385219574
3212,Philadelphia,Median Income,zip,16983,199,RGNN,2,0.9619970917701721,0.3748100996017456,0.057946622371673584,0.04991976544260979,0.4497845768928528,0.7196565866470337
3213,Philadelphia,Median Income,zip,16983,199,RGNN,3,0.9682390689849854,0.28409290313720703,0.1365939974784851,0.041720401495695114,0.5150498151779175,0.6595760583877563
3214,Philadelphia,Median Income,zip,16983,199,RGNN,4,0.9760043621063232,0.4542672038078308,0.36240309476852417,0.031520094722509384,0.39262017607688904,0.48707517981529236
3215,Philadelphia,Median Income,zip,16983,199,RGNN,5,0.9608858823776245,0.3301175832748413,0.218655526638031,0.05137938633561134,0.481937974691391,0.5968872904777527
3216,Philadelphia,Median Income,zip,16983,199,RGNN,6,0.9680561423301697,0.3910393714904785,0.22532200813293457,0.0419606976211071,0.4381086230278015,0.5917946100234985
3217,Philadelphia,Median Income,zip,16983,199,RGNN,7,0.9451276063919067,0.38420796394348145,0.1674390435218811,0.0720791146159172,0.4430233836174011,0.6360127329826355
3218,Philadelphia,Median Income,zip,16983,199,RGNN,8,0.9581243395805359,0.4055253267288208,0.25200873613357544,0.05500692129135132,0.427686870098114,0.5714079737663269
3219,Philadelphia,Median Income,zip,16983,199,RGNN,9,0.962562620639801,0.41221821308135986,0.3073868751525879,0.04917685687541962,0.42287176847457886,0.5291033387184143
3220,Philadelphia,Median Income,zip,16983,199,Feat-RGNN,0,0.9389305114746094,0.3704065680503845,0.46792036294937134,0.08021946996450424,0.45295262336730957,0.40646806359291077
3221,Philadelphia,Median Income,zip,16983,199,Feat-RGNN,1,0.9478074908256531,0.373878538608551,0.39175868034362793,0.06855892390012741,0.4504547715187073,0.4646497666835785
3222,Philadelphia,Median Income,zip,16983,199,Feat-RGNN,2,0.9573636054992676,0.4150179624557495,0.37011009454727173,0.05600622296333313,0.4208575189113617,0.481187641620636
3223,Philadelphia,Median Income,zip,16983,199,Feat-RGNN,3,0.9679815769195557,0.3309922218322754,0.44346147775650024,0.042058657854795456,0.4813087582588196,0.4251527786254883
3224,Philadelphia,Median Income,zip,16983,199,Feat-RGNN,4,0.9658105969429016,0.37953734397888184,0.4885298013687134,0.044910408556461334,0.44638362526893616,0.3907240331172943
3225,Philadelphia,Median Income,zip,16983,199,Feat-RGNN,5,0.9137136340141296,0.3030194640159607,0.41943633556365967,0.11334379762411118,0.5014333724975586,0.4435061514377594
3226,Philadelphia,Median Income,zip,16983,199,Feat-RGNN,6,0.9420738220214844,0.2447528839111328,0.3914048671722412,0.07609051465988159,0.543352484703064,0.4649200439453125
3227,Philadelphia,Median Income,zip,16983,199,Feat-RGNN,7,0.9550493955612183,0.34749728441238403,0.28634220361709595,0.05904605984687805,0.4694344103336334,0.5451798439025879
3228,Philadelphia,Median Income,zip,16983,199,Feat-RGNN,8,0.9585443139076233,0.3406991958618164,0.5634499788284302,0.05445528402924538,0.47432518005371094,0.3334907591342926
3229,Philadelphia,Median Income,zip,16983,199,Feat-RGNN,9,0.9961068630218506,0.39300239086151123,0.3743361234664917,0.005113975610584021,0.4366963505744934,0.4779592454433441
3230,Philadelphia,Median Income,zip,16983,199,Feat\&PC-RGNN,0,0.966924250125885,0.06440365314483643,0.01703059673309326,0.0434475839138031,0.6731023192405701,0.7509132623672485
3231,Philadelphia,Median Income,zip,16983,199,Feat\&PC-RGNN,1,0.9574345946311951,-0.38556861877441406,-0.13823163509368896,0.05591295287013054,0.9968289136886597,0.8695217370986938
3232,Philadelphia,Median Income,zip,16983,199,Feat\&PC-RGNN,2,0.9931171536445618,-0.1463301181793213,0.0341951847076416,0.009041188284754753,0.8247119784355164,0.7378008365631104
3233,Philadelphia,Median Income,zip,16983,199,Feat\&PC-RGNN,3,0.9716631174087524,-0.011445760726928711,-0.06735777854919434,0.03722270950675011,0.727671205997467,0.8153795003890991
3234,Philadelphia,Median Income,zip,16983,199,Feat\&PC-RGNN,4,0.988951563835144,-0.3243143558502197,-0.1381523609161377,0.014512937515974045,0.9527603387832642,0.869461178779602
3235,Philadelphia,Median Income,zip,16983,199,Feat\&PC-RGNN,5,0.9568520188331604,-0.050954341888427734,-0.04960131645202637,0.056678228080272675,0.7560951113700867,0.8018149137496948
3236,Philadelphia,Median Income,zip,16983,199,Feat\&PC-RGNN,6,0.9629436135292053,0.16998934745788574,0.06174588203430176,0.04867643862962723,0.5971401333808899,0.7167542576789856
3237,Philadelphia,Median Income,zip,16983,199,Feat\&PC-RGNN,7,0.9273900389671326,-0.2462608814239502,-0.013277769088745117,0.09537878632545471,0.8966057896614075,0.7740665674209595
3238,Philadelphia,Median Income,zip,16983,199,Feat\&PC-RGNN,8,0.9233912229537964,-0.15932774543762207,0.04426091909408569,0.10063158720731735,0.834062933921814,0.7301114201545715
3239,Philadelphia,Median Income,zip,16983,199,Feat\&PC-RGNN,9,0.9641370177268982,-0.13987529277801514,0.12291920185089111,0.04710880666971207,0.8200680613517761,0.6700224876403809
3240,Philadelphia,Median Income,zip,16983,199,LightGCN,0,0.9984902143478394,0.43721985816955566,0.36248326301574707,0.001983196474611759,0.4048846662044525,0.48701390624046326
3241,Philadelphia,Median Income,zip,16983,199,LightGCN,1,0.99723219871521,0.31342899799346924,0.32959693670272827,0.0036356826312839985,0.49394434690475464,0.5121365785598755
3242,Philadelphia,Median Income,zip,16983,199,LightGCN,2,0.9971241354942322,0.3947809338569641,0.49429893493652344,0.0037776771932840347,0.4354167878627777,0.38631686568260193
3243,Philadelphia,Median Income,zip,16983,199,LightGCN,3,0.9957268238067627,0.42325907945632935,0.3834995627403259,0.005613143090158701,0.4149285852909088,0.4709590971469879
3244,Philadelphia,Median Income,zip,16983,199,LightGCN,4,0.9944941997528076,0.5042403936386108,0.4111683964729309,0.007232263684272766,0.3566676676273346,0.44982224702835083
3245,Philadelphia,Median Income,zip,16983,199,LightGCN,5,0.9948374032974243,0.5093483924865723,0.3169342875480652,0.006781494710594416,0.3529927730560303,0.5218098759651184
3246,Philadelphia,Median Income,zip,16983,199,LightGCN,6,0.9933906197547913,0.5104767084121704,0.4482753276824951,0.008681928738951683,0.35218101739883423,0.421475350856781
3247,Philadelphia,Median Income,zip,16983,199,LightGCN,7,0.9795786738395691,0.431287944316864,0.2510952949523926,0.02682502567768097,0.4091523289680481,0.5721057653427124
3248,Philadelphia,Median Income,zip,16983,199,LightGCN,8,0.9938178062438965,0.5127652883529663,0.32771289348602295,0.008120805956423283,0.3505345582962036,0.5135758519172668
3249,Philadelphia,Median Income,zip,16983,199,LightGCN,9,0.9985775947570801,0.34585392475128174,0.3731290102005005,0.001868436112999916,0.4706166684627533,0.4788814187049866
3250,Philadelphia,Median Income,zip,16983,199,Feat-LightGCN,0,0.9978306889533997,0.34614866971969604,0.3670032024383545,0.0028495306614786386,0.47040462493896484,0.48356103897094727
3251,Philadelphia,Median Income,zip,16983,199,Feat-LightGCN,1,0.9994772672653198,0.6080924272537231,0.3210700750350952,0.0006866586627438664,0.2819526791572571,0.5186504125595093
3252,Philadelphia,Median Income,zip,16983,199,Feat-LightGCN,2,0.9866618514060974,0.5604916214942932,0.2812567949295044,0.01752067729830742,0.3161984384059906,0.5490647554397583
3253,Philadelphia,Median Income,zip,16983,199,Feat-LightGCN,3,0.9979318976402283,0.4624861478805542,0.15339893102645874,0.002716581802815199,0.3867071866989136,0.6467383503913879
3254,Philadelphia,Median Income,zip,16983,199,Feat-LightGCN,4,0.9991255402565002,0.5504026412963867,0.23822951316833496,0.0011486971052363515,0.32345685362815857,0.5819342732429504
3255,Philadelphia,Median Income,zip,16983,199,Feat-LightGCN,5,0.9953498244285583,0.5220974683761597,0.39983755350112915,0.006108386907726526,0.34382063150405884,0.4584781229496002
3256,Philadelphia,Median Income,zip,16983,199,Feat-LightGCN,6,0.999100923538208,0.5663275122642517,0.3800204396247864,0.001181041356176138,0.3119998872280121,0.47361689805984497
3257,Philadelphia,Median Income,zip,16983,199,Feat-LightGCN,7,0.9995102882385254,0.4997101426124573,0.3322722315788269,0.0006432695663534105,0.35992687940597534,0.5100928544998169
3258,Philadelphia,Median Income,zip,16983,199,Feat-LightGCN,8,0.9969444870948792,0.5030906200408936,0.1825522780418396,0.004013622645288706,0.3574948310852051,0.6244674324989319
3259,Philadelphia,Median Income,zip,16983,199,Feat-LightGCN,9,0.9908629655838013,0.5020885467529297,0.10793823003768921,0.012002178467810154,0.3582157790660858,0.681466817855835
3260,Philadelphia,Median Income,zip,16983,199,Feat\&PC-LightGCN,0,0.9999921917915344,0.05443429946899414,-0.047405242919921875,1.0226432095805649e-05,0.6802746653556824,0.8001373410224915
3261,Philadelphia,Median Income,zip,16983,199,Feat\&PC-LightGCN,1,0.9999921917915344,0.17839235067367554,0.054172635078430176,1.0230076441075653e-05,0.5910946726799011,0.7225396037101746
3262,Philadelphia,Median Income,zip,16983,199,Feat\&PC-LightGCN,2,0.9999961853027344,0.1285988688468933,-0.047562479972839355,5.042235898145009e-06,0.6269179582595825,0.8002575039863586
3263,Philadelphia,Median Income,zip,16983,199,Feat\&PC-LightGCN,3,0.999942421913147,0.14050686359405518,-0.014707207679748535,7.561555685242638e-05,0.6183508634567261,0.7751585245132446
3264,Philadelphia,Median Income,zip,16983,199,Feat\&PC-LightGCN,4,0.999993085861206,0.11409670114517212,0.12842237949371338,9.063202924153302e-06,0.6373513340950012,0.6658185124397278
3265,Philadelphia,Median Income,zip,16983,199,Feat\&PC-LightGCN,5,0.9999942183494568,0.051054298877716064,0.013220429420471191,7.567591637780424e-06,0.682706356048584,0.7538239359855652
3266,Philadelphia,Median Income,zip,16983,199,Feat\&PC-LightGCN,6,0.9999954104423523,0.00634312629699707,-0.1346958875656128,6.032325472915545e-06,0.714873194694519,0.8668206930160522
3267,Philadelphia,Median Income,zip,16983,199,Feat\&PC-LightGCN,7,0.9999935626983643,0.07776129245758057,-0.013104915618896484,8.444642844551709e-06,0.6634923219680786,0.773934543132782
3268,Philadelphia,Median Income,zip,16983,199,Feat\&PC-LightGCN,8,0.9999953508377075,0.028072476387023926,0.03488790988922119,6.117344128142577e-06,0.6992403268814087,0.7372716665267944
3269,Philadelphia,Median Income,zip,16983,199,Feat\&PC-LightGCN,9,0.9999854564666748,0.1100320816040039,0.06698369979858398,1.9101504221907817e-05,0.6402755975723267,0.7127529382705688
3270,Philadelphia,Median Income,zip,16983,199,NoPreTrain,0,0.9981637001037598,-1.2362055778503418,-0.753024697303772,0.002412097528576851,1.6088082790374756,1.3391765356063843
3271,Philadelphia,Median Income,zip,16983,199,NoPreTrain,1,0.9948514103889465,-0.8667846918106079,-0.4185178279876709,0.0067630731500685215,1.3430334329605103,1.0836389064788818
3272,Philadelphia,Median Income,zip,16983,199,NoPreTrain,2,0.9995027184486389,-1.6091556549072266,-1.8246333599090576,0.0006532175466418266,1.8771222829818726,2.1578032970428467
3273,Philadelphia,Median Income,zip,16983,199,NoPreTrain,3,0.990906834602356,-2.196042537689209,-1.3010780811309814,0.011944548226892948,2.2993502616882324,1.7578471899032593
3274,Philadelphia,Median Income,zip,16983,199,NoPreTrain,4,0.9959907531738281,-0.9667435884475708,-0.4090275764465332,0.005266435910016298,1.414947509765625,1.0763890743255615
3275,Philadelphia,Median Income,zip,16983,199,NoPreTrain,5,0.9953942894935608,-0.8103535175323486,-0.27593064308166504,0.0060499305836856365,1.3024346828460693,0.9747132062911987
3276,Philadelphia,Median Income,zip,16983,199,NoPreTrain,6,0.982165515422821,-1.3384699821472168,-0.7632033824920654,0.023427003994584084,1.6823810338974,1.346952199935913
3277,Philadelphia,Median Income,zip,16983,199,NoPreTrain,7,0.9985005855560303,-1.2328526973724365,-0.7272579669952393,0.0019696098752319813,1.6063960790634155,1.3194926977157593
3278,Philadelphia,Median Income,zip,16983,199,NoPreTrain,8,0.9983001947402954,-1.2890467643737793,-0.5341864824295044,0.0022328097838908434,1.6468242406845093,1.1720008850097656
3279,Philadelphia,Median Income,zip,16983,199,NoPreTrain,9,0.9979025721549988,-1.3691065311431885,-1.4782605171203613,0.002755121560767293,1.7044222354888916,1.8932011127471924
3280,Philadelphia,Median Home Value,zip,16994,200,Emb,0,0.9998844861984253,0.16170674562454224,-0.10731697082519531,0.00014273234410211444,0.6822241544723511,0.6310308575630188
3281,Philadelphia,Median Home Value,zip,16994,200,Emb,1,0.9994564056396484,0.19901496171951294,-0.2598896026611328,0.0006716020288877189,0.6518617868423462,0.7179780006408691
3282,Philadelphia,Median Home Value,zip,16994,200,Emb,2,0.9992035031318665,0.1134757399559021,-0.3286198377609253,0.0009839895647019148,0.7214757800102234,0.7571455240249634
3283,Philadelphia,Median Home Value,zip,16994,200,Emb,3,0.9993378520011902,0.19051271677017212,-0.3546416759490967,0.0008180368458852172,0.6587811708450317,0.7719746828079224
3284,Philadelphia,Median Home Value,zip,16994,200,Emb,4,0.998615562915802,0.2020617127418518,-0.06705451011657715,0.0017103546997532248,0.6493822932243347,0.6080862879753113
3285,Philadelphia,Median Home Value,zip,16994,200,Emb,5,0.9999201893806458,0.20967882871627808,-0.2361891269683838,9.859474084805697e-05,0.6431833505630493,0.7044717073440552
3286,Philadelphia,Median Home Value,zip,16994,200,Emb,6,0.9961632490158081,0.20270997285842896,-0.07803976535797119,0.0047400644980371,0.6488547325134277,0.6143465042114258
3287,Philadelphia,Median Home Value,zip,16994,200,Emb,7,0.999982476234436,0.14418762922286987,-0.4105485677719116,2.1626347006531432e-05,0.6964817047119141,0.8038345575332642
3288,Philadelphia,Median Home Value,zip,16994,200,Emb,8,0.999866247177124,0.1336635947227478,-0.3190804719924927,0.00016522075748071074,0.7050464153289795,0.7517092823982239
3289,Philadelphia,Median Home Value,zip,16994,200,Emb,9,0.9999540448188782,0.12256264686584473,-0.3446974754333496,5.679125024471432e-05,0.7140806913375854,0.7663077116012573
3290,Philadelphia,Median Home Value,zip,16994,200,RGNN,0,0.9829198122024536,0.4442822337150574,0.3059457540512085,0.02110140398144722,0.4522571563720703,0.3955232501029968
3291,Philadelphia,Median Home Value,zip,16994,200,RGNN,1,0.9872549176216125,0.5139422416687012,0.2354711890220642,0.01574566960334778,0.39556604623794556,0.43568485975265503
3292,Philadelphia,Median Home Value,zip,16994,200,RGNN,2,0.9815883040428162,0.488067090511322,0.16384589672088623,0.02274634875357151,0.41662392020225525,0.4765022397041321
3293,Philadelphia,Median Home Value,zip,16994,200,RGNN,3,0.9681789875030518,0.5369220972061157,-0.10983920097351074,0.03931260108947754,0.376864492893219,0.6324681639671326
3294,Philadelphia,Median Home Value,zip,16994,200,RGNN,4,0.9728216528892517,0.5726296305656433,-0.10962700843811035,0.03357691690325737,0.3478047847747803,0.6323472857475281
3295,Philadelphia,Median Home Value,zip,16994,200,RGNN,5,0.9487149715423584,0.5919463634490967,-0.028530001640319824,0.06335903704166412,0.3320843279361725,0.5861322283744812
3296,Philadelphia,Median Home Value,zip,16994,200,RGNN,6,0.967941403388977,0.5600413084030151,-0.12583589553833008,0.039606135338544846,0.3580494821071625,0.6415842771530151
3297,Philadelphia,Median Home Value,zip,16994,200,RGNN,7,0.9500651359558105,0.6065076589584351,0.1619967222213745,0.06169099733233452,0.3202340006828308,0.477556049823761
3298,Philadelphia,Median Home Value,zip,16994,200,RGNN,8,0.9765766263008118,0.5149442553520203,0.21825724840164185,0.028937922790646553,0.39475059509277344,0.4454946517944336
3299,Philadelphia,Median Home Value,zip,16994,200,RGNN,9,0.9630922675132751,0.5156534314155579,0.1995900273323059,0.0455969013273716,0.39417344331741333,0.45613259077072144
3300,Philadelphia,Median Home Value,zip,16994,200,Feat-RGNN,0,0.9737873077392578,0.22270262241363525,0.22516602277755737,0.03238396719098091,0.6325842142105103,0.44155749678611755
3301,Philadelphia,Median Home Value,zip,16994,200,Feat-RGNN,1,0.9568127989768982,0.37126004695892334,0.31516915559768677,0.05335475876927376,0.5116844177246094,0.3902670741081238
3302,Philadelphia,Median Home Value,zip,16994,200,Feat-RGNN,2,0.9802629351615906,0.3787979483604431,0.44022488594055176,0.0243837870657444,0.5055499076843262,0.31900113821029663
3303,Philadelphia,Median Home Value,zip,16994,200,Feat-RGNN,3,0.9473681449890137,0.23037415742874146,0.25487738847732544,0.06502298265695572,0.626340925693512,0.42462578415870667
3304,Philadelphia,Median Home Value,zip,16994,200,Feat-RGNN,4,0.949195921421051,0.3319491744041443,0.4394693374633789,0.06276485323905945,0.5436766147613525,0.31943169236183167
3305,Philadelphia,Median Home Value,zip,16994,200,Feat-RGNN,5,0.9871936440467834,0.33123087882995605,0.2676057815551758,0.01582135446369648,0.5442611575126648,0.4173722267150879
3306,Philadelphia,Median Home Value,zip,16994,200,Feat-RGNN,6,0.9704200029373169,0.3314334750175476,0.3355393409729004,0.03654402866959572,0.5440962910652161,0.378658652305603
3307,Philadelphia,Median Home Value,zip,16994,200,Feat-RGNN,7,0.9765211343765259,0.21984553337097168,0.2547082304954529,0.029006455093622208,0.6349093914031982,0.42472219467163086
3308,Philadelphia,Median Home Value,zip,16994,200,Feat-RGNN,8,0.9510068893432617,0.33824414014816284,0.44934308528900146,0.06052757427096367,0.5385535955429077,0.3138049244880676
3309,Philadelphia,Median Home Value,zip,16994,200,Feat-RGNN,9,0.9744600653648376,0.29825782775878906,0.0829741358757019,0.03155283257365227,0.5710954666137695,0.5225889086723328
3310,Philadelphia,Median Home Value,zip,16994,200,Feat\&PC-RGNN,0,0.9864622950553894,0.43979358673095703,0.266179621219635,0.01672489568591118,0.4559101164340973,0.41818493604660034
3311,Philadelphia,Median Home Value,zip,16994,200,Feat\&PC-RGNN,1,0.9629961252212524,0.07750236988067627,0.2731732726097107,0.04571567475795746,0.7507518529891968,0.41419944167137146
3312,Philadelphia,Median Home Value,zip,16994,200,Feat\&PC-RGNN,2,0.9868583679199219,0.3609977960586548,0.3150888681411743,0.016235556453466415,0.5200361013412476,0.3903128504753113
3313,Philadelphia,Median Home Value,zip,16994,200,Feat\&PC-RGNN,3,0.9835673570632935,0.5029688477516174,0.4202268123626709,0.020301369950175285,0.4044964909553528,0.33039751648902893
3314,Philadelphia,Median Home Value,zip,16994,200,Feat\&PC-RGNN,4,0.981888473033905,0.2347087860107422,0.3938499093055725,0.022375501692295074,0.6228132843971252,0.345429003238678
3315,Philadelphia,Median Home Value,zip,16994,200,Feat\&PC-RGNN,5,0.9987806677818298,0.5148262977600098,0.2193048596382141,0.001506369560956955,0.3948466181755066,0.4448976516723633
3316,Philadelphia,Median Home Value,zip,16994,200,Feat\&PC-RGNN,6,0.9739768505096436,0.40739309787750244,0.41553056240081787,0.03214976564049721,0.482278436422348,0.33307376503944397
3317,Philadelphia,Median Home Value,zip,16994,200,Feat\&PC-RGNN,7,0.9761280417442322,0.3576796054840088,0.31828248500823975,0.02949213609099388,0.5227365493774414,0.3884928822517395
3318,Philadelphia,Median Home Value,zip,16994,200,Feat\&PC-RGNN,8,0.9398660063743591,0.4378640651702881,0.3095753788948059,0.07429135590791702,0.45748037099838257,0.3934548497200012
3319,Philadelphia,Median Home Value,zip,16994,200,Feat\&PC-RGNN,9,0.987806499004364,0.24990934133529663,0.12790805101394653,0.01506422646343708,0.6104426980018616,0.49698227643966675
3320,Philadelphia,Median Home Value,zip,16994,200,LightGCN,0,0.9911704659461975,0.06306737661361694,0.5219504833221436,0.010908235795795918,0.7624993920326233,0.27242785692214966
3321,Philadelphia,Median Home Value,zip,16994,200,LightGCN,1,0.9931843280792236,0.2752898931503296,0.5487693548202515,0.008420282043516636,0.5897873640060425,0.2571445107460022
3322,Philadelphia,Median Home Value,zip,16994,200,LightGCN,2,0.9966063499450684,0.18396848440170288,0.543569803237915,0.004192625638097525,0.6641070246696472,0.2601075768470764
3323,Philadelphia,Median Home Value,zip,16994,200,LightGCN,3,0.9934736490249634,0.15176981687545776,0.45926833152770996,0.008062813431024551,0.690311074256897,0.3081487715244293
3324,Philadelphia,Median Home Value,zip,16994,200,LightGCN,4,0.9949508905410767,0.20466268062591553,0.494054913520813,0.006237824913114309,0.6472655534744263,0.2883248031139374
3325,Philadelphia,Median Home Value,zip,16994,200,LightGCN,5,0.9954120516777039,0.22577154636383057,0.5254217982292175,0.005668083671480417,0.6300866603851318,0.2704496383666992
3326,Philadelphia,Median Home Value,zip,16994,200,LightGCN,6,0.9955021739006042,0.34580183029174805,0.5654070377349854,0.005556771066039801,0.5324029922485352,0.24766311049461365
3327,Philadelphia,Median Home Value,zip,16994,200,LightGCN,7,0.9885638952255249,0.3586857318878174,0.4838293194770813,0.014128530398011208,0.5219177007675171,0.2941521108150482
3328,Philadelphia,Median Home Value,zip,16994,200,LightGCN,8,0.9988610744476318,0.27193760871887207,0.45790427923202515,0.0014070314355194569,0.5925155282020569,0.3089261054992676
3329,Philadelphia,Median Home Value,zip,16994,200,LightGCN,9,0.9929460287094116,0.3473605513572693,0.510873556137085,0.008714651688933372,0.5311344861984253,0.2787403166294098
3330,Philadelphia,Median Home Value,zip,16994,200,Feat-LightGCN,0,0.9993139505386353,0.33727091550827026,0.2411186695098877,0.0008475743816234171,0.5393456220626831,0.4324665069580078
3331,Philadelphia,Median Home Value,zip,16994,200,Feat-LightGCN,1,0.9988752603530884,0.3734942078590393,0.19915056228637695,0.001389534561894834,0.5098662376403809,0.4563830494880676
3332,Philadelphia,Median Home Value,zip,16994,200,Feat-LightGCN,2,0.9958305358886719,0.48558515310287476,0.33088386058807373,0.005151091609150171,0.4186437726020813,0.38131171464920044
3333,Philadelphia,Median Home Value,zip,16994,200,Feat-LightGCN,3,0.997692883014679,0.3282386064529419,0.24954819679260254,0.002850300632417202,0.5466963648796082,0.42766276001930237
3334,Philadelphia,Median Home Value,zip,16994,200,Feat-LightGCN,4,0.9964337944984436,0.36754047870635986,0.33076632022857666,0.004405826795846224,0.5147114992141724,0.381378710269928
3335,Philadelphia,Median Home Value,zip,16994,200,Feat-LightGCN,5,0.9968206286430359,0.3151437044143677,0.3969571590423584,0.003927856218069792,0.5573533773422241,0.3436582684516907
3336,Philadelphia,Median Home Value,zip,16994,200,Feat-LightGCN,6,0.9978542327880859,0.39521777629852295,0.11138582229614258,0.00265095685608685,0.4921870231628418,0.5063978433609009
3337,Philadelphia,Median Home Value,zip,16994,200,Feat-LightGCN,7,0.9910334348678589,0.3266645669937134,0.3112441301345825,0.011077567003667355,0.5479773283004761,0.39250388741493225
3338,Philadelphia,Median Home Value,zip,16994,200,Feat-LightGCN,8,0.9991953372955322,0.3465447425842285,0.22925835847854614,0.0009940910385921597,0.5317983627319336,0.43922537565231323
3339,Philadelphia,Median Home Value,zip,16994,200,Feat-LightGCN,9,0.997902512550354,0.33942222595214844,0.2655673027038574,0.0025912695564329624,0.5375948548316956,0.41853389143943787
3340,Philadelphia,Median Home Value,zip,16994,200,Feat\&PC-LightGCN,0,0.9999250769615173,0.11321437358856201,0.08286470174789429,9.253324969904497e-05,0.7216885089874268,0.5226513147354126
3341,Philadelphia,Median Home Value,zip,16994,200,Feat\&PC-LightGCN,1,0.9999870657920837,0.009439051151275635,0.24194473028182983,1.5978674127836712e-05,0.8061434626579285,0.43199577927589417
3342,Philadelphia,Median Home Value,zip,16994,200,Feat\&PC-LightGCN,2,0.9999943375587463,-0.0648874044418335,0.25873613357543945,7.0068699642433785e-06,0.8666322827339172,0.4224267899990082
3343,Philadelphia,Median Home Value,zip,16994,200,Feat\&PC-LightGCN,3,0.9995790123939514,-0.05313718318939209,0.26109063625335693,0.0005201117601245642,0.8570696115493774,0.42108502984046936
3344,Philadelphia,Median Home Value,zip,16994,200,Feat\&PC-LightGCN,4,0.999992847442627,-0.11450505256652832,0.18476951122283936,8.833830179355573e-06,0.9070123434066772,0.46457844972610474
3345,Philadelphia,Median Home Value,zip,16994,200,Feat\&PC-LightGCN,5,0.9999914765357971,-0.17318248748779297,0.1924380660057068,1.0510995707591064e-05,0.9547654986381531,0.46020832657814026
3346,Philadelphia,Median Home Value,zip,16994,200,Feat\&PC-LightGCN,6,0.9999803304672241,-0.05656766891479492,0.3275607228279114,2.431151551718358e-05,0.8598614931106567,0.38320547342300415
3347,Philadelphia,Median Home Value,zip,16994,200,Feat\&PC-LightGCN,7,0.9999944567680359,-0.08005630970001221,0.017695605754852295,6.871176992717665e-06,0.8789771199226379,0.5597894787788391
3348,Philadelphia,Median Home Value,zip,16994,200,Feat\&PC-LightGCN,8,0.9999933838844299,0.059204936027526855,0.08507293462753296,8.201262062357273e-06,0.7656427621841431,0.5213928818702698
3349,Philadelphia,Median Home Value,zip,16994,200,Feat\&PC-LightGCN,9,0.9999943375587463,-0.01894557476043701,0.15333694219589233,6.963258329051314e-06,0.8292436599731445,0.48249101638793945
3350,Philadelphia,Median Home Value,zip,16994,200,NoPreTrain,0,0.9932213425636292,-0.8997777700424194,-1.290421962738037,0.008374575525522232,1.5460870265960693,1.3052513599395752
3351,Philadelphia,Median Home Value,zip,16994,200,NoPreTrain,1,0.9991200566291809,-0.8718281984329224,-1.5487861633300781,0.0010871265549212694,1.5233409404754639,1.452486276626587
3352,Philadelphia,Median Home Value,zip,16994,200,NoPreTrain,2,0.9990190267562866,-1.2094638347625732,-1.368987798690796,0.001211910741403699,1.7981173992156982,1.3500239849090576
3353,Philadelphia,Median Home Value,zip,16994,200,NoPreTrain,3,0.9992340803146362,-0.7776310443878174,-1.6710007190704346,0.0009462577872909606,1.446681022644043,1.5221331119537354
3354,Philadelphia,Median Home Value,zip,16994,200,NoPreTrain,4,0.9951539635658264,-0.6729542016983032,-1.6658616065979004,0.005986971780657768,1.361492395401001,1.5192044973373413
3355,Philadelphia,Median Home Value,zip,16994,200,NoPreTrain,5,0.999089777469635,-0.5495518445968628,-0.8268693685531616,0.0011245203204452991,1.2610642910003662,1.041084885597229
3356,Philadelphia,Median Home Value,zip,16994,200,NoPreTrain,6,0.998504102230072,-0.6976619958877563,-1.544353723526001,0.00184810278005898,1.3816001415252686,1.4499603509902954
3357,Philadelphia,Median Home Value,zip,16994,200,NoPreTrain,7,0.9969683885574341,-1.21852707862854,-2.28843355178833,0.003745366120710969,1.8054933547973633,1.8739917278289795
3358,Philadelphia,Median Home Value,zip,16994,200,NoPreTrain,8,0.9978805184364319,-0.28824400901794434,-1.196730375289917,0.0026184720918536186,1.048405408859253,1.2518589496612549
3359,Philadelphia,Median Home Value,zip,16994,200,NoPreTrain,9,0.9988458156585693,-0.8115620613098145,-0.7137961387634277,0.0014258990995585918,1.474294900894165,0.9766473770141602
3360,Philadelphia,Commute Time,zip,16983,199,Emb,0,0.9997336268424988,-0.6890377998352051,-0.6763573884963989,0.00034287848393432796,1.1366071701049805,1.0947731733322144
3361,Philadelphia,Commute Time,zip,16983,199,Emb,1,0.9997536540031433,-0.5138012170791626,-0.18995249271392822,0.0003170686832163483,1.018684983253479,0.7771183252334595
3362,Philadelphia,Commute Time,zip,16983,199,Emb,2,0.9991682767868042,-1.264350175857544,-0.7019563913345337,0.001070515951141715,1.5237531661987305,1.1114909648895264
3363,Philadelphia,Commute Time,zip,16983,199,Emb,3,0.9995260834693909,-0.7122467756271362,-0.2784463167190552,0.0006099519087001681,1.1522252559661865,0.8349106907844543
3364,Philadelphia,Commute Time,zip,16983,199,Emb,4,0.9965190887451172,-0.8122763633728027,-0.7513264417648315,0.004480375908315182,1.2195383310317993,1.1437329053878784
3365,Philadelphia,Commute Time,zip,16983,199,Emb,5,0.9997684955596924,-0.5863481760025024,-0.5252916812896729,0.0002979770943056792,1.0675041675567627,0.9961172342300415
3366,Philadelphia,Commute Time,zip,16983,199,Emb,6,0.9994245767593384,-0.6255208253860474,-0.27819859981536865,0.0007406569784507155,1.0938646793365479,0.8347489237785339
3367,Philadelphia,Commute Time,zip,16983,199,Emb,7,0.998456597328186,-0.9497215747833252,-0.5291604995727539,0.0019865180365741253,1.3120296001434326,0.9986437559127808
3368,Philadelphia,Commute Time,zip,16983,199,Emb,8,0.997595489025116,-0.5654902458190918,-0.2284715175628662,0.0030949146021157503,1.053468108177185,0.8022738695144653
3369,Philadelphia,Commute Time,zip,16983,199,Emb,9,0.9996698498725891,-0.9074006080627441,-0.46596431732177734,0.0004249136836733669,1.283550500869751,0.9573724865913391
3370,Philadelphia,Commute Time,zip,16983,199,RGNN,0,0.8522067070007324,-0.19017302989959717,-0.4641585350036621,0.1902284324169159,0.8009052276611328,0.9561931490898132
3371,Philadelphia,Commute Time,zip,16983,199,RGNN,1,0.8171243667602539,-0.28518903255462646,-0.3630521297454834,0.2353837937116623,0.8648445010185242,0.8901638984680176
3372,Philadelphia,Commute Time,zip,16983,199,RGNN,2,0.8340631127357483,-0.506385326385498,-0.5284086465835571,0.21358154714107513,1.0136945247650146,0.9981527328491211
3373,Philadelphia,Commute Time,zip,16983,199,RGNN,3,0.9325838685035706,-0.7886579036712646,-0.4446202516555786,0.08677303045988083,1.2036447525024414,0.943433403968811
3374,Philadelphia,Commute Time,zip,16983,199,RGNN,4,0.909942626953125,-0.08544456958770752,-0.08226287364959717,0.11591507494449615,0.7304301261901855,0.7067898511886597
3375,Philadelphia,Commute Time,zip,16983,199,RGNN,5,0.7563229203224182,-0.37104082107543945,-0.5128653049468994,0.3136428892612457,0.9226169586181641,0.9880019426345825
3376,Philadelphia,Commute Time,zip,16983,199,RGNN,6,0.9141098260879517,-0.6273051500320435,-0.35760533809661865,0.11055142432451248,1.0950653553009033,0.8866068124771118
3377,Philadelphia,Commute Time,zip,16983,199,RGNN,7,0.8241672515869141,-0.18558800220489502,-0.12530577182769775,0.22631873190402985,0.7978197932243347,0.7348996996879578
3378,Philadelphia,Commute Time,zip,16983,199,RGNN,8,0.9079890251159668,-0.6680092811584473,-0.5431079864501953,0.11842961609363556,1.122456431388855,1.0077524185180664
3379,Philadelphia,Commute Time,zip,16983,199,RGNN,9,0.8694387674331665,-0.18841516971588135,-0.20524561405181885,0.1680486649274826,0.7997223138809204,0.7871057391166687
3380,Philadelphia,Commute Time,zip,16983,199,Feat-RGNN,0,0.6849123239517212,-0.23433876037597656,-0.08232593536376953,0.405557245016098,0.8306257128715515,0.7068310379981995
3381,Philadelphia,Commute Time,zip,16983,199,Feat-RGNN,1,0.9479811787605286,-0.41795623302459717,0.0836746096611023,0.06695474684238434,0.9541877508163452,0.598421573638916
3382,Philadelphia,Commute Time,zip,16983,199,Feat-RGNN,2,0.7769319415092468,-0.7194620370864868,0.005592465400695801,0.28711652755737305,1.1570806503295898,0.6494144201278687
3383,Philadelphia,Commute Time,zip,16983,199,Feat-RGNN,3,0.9065802097320557,-0.5379034280776978,0.19525599479675293,0.12024299055337906,1.0349041223526,0.5255514979362488
3384,Philadelphia,Commute Time,zip,16983,199,Feat-RGNN,4,0.877754271030426,-1.2375514507293701,-0.07080602645874023,0.15734557807445526,1.5057194232940674,0.6993077397346497
3385,Philadelphia,Commute Time,zip,16983,199,Feat-RGNN,5,0.9559545516967773,-0.9057295322418213,0.0869607925415039,0.05669201537966728,1.2824259996414185,0.5962754487991333
3386,Philadelphia,Commute Time,zip,16983,199,Feat-RGNN,6,0.9083850383758545,-0.6393685340881348,0.08591139316558838,0.11791989952325821,1.1031831502914429,0.5969608426094055
3387,Philadelphia,Commute Time,zip,16983,199,Feat-RGNN,7,0.9656175374984741,-0.5053021907806396,0.10015648603439331,0.04425453394651413,1.0129656791687012,0.5876578092575073
3388,Philadelphia,Commute Time,zip,16983,199,Feat-RGNN,8,0.7012215852737427,-0.16495919227600098,0.10704910755157471,0.38456523418426514,0.7839380502700806,0.5831564664840698
3389,Philadelphia,Commute Time,zip,16983,199,Feat-RGNN,9,0.9254732131958008,-0.8547290563583374,0.12444812059402466,0.09592526406049728,1.2481061220169067,0.5717937350273132
3390,Philadelphia,Commute Time,zip,16983,199,Feat\&PC-RGNN,0,0.9898210763931274,-0.08607733249664307,-0.2874455451965332,0.013101561926305294,0.7308559417724609,0.8407877683639526
3391,Philadelphia,Commute Time,zip,16983,199,Feat\&PC-RGNN,1,0.9744389057159424,-1.2640995979309082,-0.6283782720565796,0.03290032222867012,1.5235846042633057,1.0634396076202393
3392,Philadelphia,Commute Time,zip,16983,199,Feat\&PC-RGNN,2,0.9130698442459106,-0.24123775959014893,-0.6256951093673706,0.11188997328281403,0.8352683186531067,1.0616872310638428
3393,Philadelphia,Commute Time,zip,16983,199,Feat\&PC-RGNN,3,0.9967014789581299,0.08578264713287354,-0.10619902610778809,0.0042456043884158134,0.6152058839797974,0.7224217653274536
3394,Philadelphia,Commute Time,zip,16983,199,Feat\&PC-RGNN,4,0.9631022214889526,0.003357112407684326,-0.1775221824645996,0.047492045909166336,0.6706726551055908,0.7690005302429199
3395,Philadelphia,Commute Time,zip,16983,199,Feat\&PC-RGNN,5,0.857629656791687,-0.43530142307281494,-0.18954825401306152,0.1832484006881714,0.9658598899841309,0.7768543362617493
3396,Philadelphia,Commute Time,zip,16983,199,Feat\&PC-RGNN,6,0.9788069725036621,-0.43058061599731445,-0.3397502899169922,0.027278069406747818,0.9626830816268921,0.8749462962150574
3397,Philadelphia,Commute Time,zip,16983,199,Feat\&PC-RGNN,7,0.9976986646652222,0.13283520936965942,0.011773943901062012,0.0029621419962495565,0.5835427045822144,0.645377516746521
3398,Philadelphia,Commute Time,zip,16983,199,Feat\&PC-RGNN,8,0.9313662648200989,-0.45183253288269043,-0.24281132221221924,0.08834019303321838,0.9769842028617859,0.8116386532783508
3399,Philadelphia,Commute Time,zip,16983,199,Feat\&PC-RGNN,9,0.8658327460289001,-0.11523914337158203,-0.1609668731689453,0.17269006371498108,0.7504798173904419,0.7581888437271118
3400,Philadelphia,Commute Time,zip,16983,199,LightGCN,0,0.9930106401443481,-0.5829720497131348,0.03956884145736694,0.008996187709271908,1.0652321577072144,0.6272255778312683
3401,Philadelphia,Commute Time,zip,16983,199,LightGCN,1,0.998478889465332,-0.36977243423461914,0.20351874828338623,0.001957876142114401,0.9217634201049805,0.5201553702354431
3402,Philadelphia,Commute Time,zip,16983,199,LightGCN,2,0.999038815498352,-0.5625520944595337,-0.09811234474182129,0.0012371815973892808,1.0514910221099854,0.7171405553817749
3403,Philadelphia,Commute Time,zip,16983,199,LightGCN,3,0.9971059560775757,-0.43618202209472656,-0.21290075778961182,0.0037250258028507233,0.9664524793624878,0.7921050786972046
3404,Philadelphia,Commute Time,zip,16983,199,LightGCN,4,0.9933371543884277,-0.6224417686462402,-0.18693768978118896,0.008575912564992905,1.0917925834655762,0.7751494646072388
3405,Philadelphia,Commute Time,zip,16983,199,LightGCN,5,0.9947888851165771,-0.8309931755065918,-0.3675804138183594,0.006707323715090752,1.2321335077285767,0.8931212425231934
3406,Philadelphia,Commute Time,zip,16983,199,LightGCN,6,0.9978767037391663,-0.4389479160308838,0.024443447589874268,0.00273291883058846,0.9683138132095337,0.6371034383773804
3407,Philadelphia,Commute Time,zip,16983,199,LightGCN,7,0.9844298362731934,-0.8468852043151855,-0.1532343626022339,0.02004077099263668,1.2428276538848877,0.7531388998031616
3408,Philadelphia,Commute Time,zip,16983,199,LightGCN,8,0.9962181448936462,-0.6657613515853882,-0.03195750713348389,0.004867710173130035,1.1209437847137451,0.6739370822906494
3409,Philadelphia,Commute Time,zip,16983,199,LightGCN,9,0.9924549460411072,-0.7628858089447021,-0.17306053638458252,0.009711399674415588,1.1863019466400146,0.766086757183075
3410,Philadelphia,Commute Time,zip,16983,199,Feat-LightGCN,0,0.9936992526054382,0.05392301082611084,-0.39248812198638916,0.008109879679977894,0.6366452574729919,0.9093875885009766
3411,Philadelphia,Commute Time,zip,16983,199,Feat-LightGCN,1,0.9990413188934326,-0.14777743816375732,-0.6102386713027954,0.001233970862813294,0.7723758816719055,1.0515931844711304
3412,Philadelphia,Commute Time,zip,16983,199,Feat-LightGCN,2,0.9998582005500793,-0.42280685901641846,-0.7521764039993286,0.00018250914581585675,0.9574519395828247,1.1442880630493164
3413,Philadelphia,Commute Time,zip,16983,199,Feat-LightGCN,3,0.9997596740722656,-0.1272890567779541,-0.503516435623169,0.0003093340201303363,0.7585886120796204,0.9818965196609497
3414,Philadelphia,Commute Time,zip,16983,199,Feat-LightGCN,4,0.9992735385894775,-0.024576663970947266,-0.43533337116241455,0.0009350084001198411,0.6894701719284058,0.9373683929443359
3415,Philadelphia,Commute Time,zip,16983,199,Feat-LightGCN,5,0.9993084073066711,-0.1661766767501831,-0.46516990661621094,0.000890183262526989,0.7847573161125183,0.9568536877632141
3416,Philadelphia,Commute Time,zip,16983,199,Feat-LightGCN,6,0.9995535016059875,0.024182140827178955,-0.49714207649230957,0.0005746677634306252,0.6566588282585144,0.9777336120605469
3417,Philadelphia,Commute Time,zip,16983,199,Feat-LightGCN,7,0.9991918206214905,-0.09853696823120117,-0.8636776208877563,0.0010402415646240115,0.7392404675483704,1.217105746269226
3418,Philadelphia,Commute Time,zip,16983,199,Feat-LightGCN,8,0.997146725654602,-0.19949746131896973,-0.6061445474624634,0.003672495251521468,0.8071799278259277,1.048919439315796
3419,Philadelphia,Commute Time,zip,16983,199,Feat-LightGCN,9,0.9994092583656311,-0.31210267543792725,-0.7180641889572144,0.0007603596895933151,0.8829555511474609,1.1220104694366455
3420,Philadelphia,Commute Time,zip,16983,199,Feat\&PC-LightGCN,0,0.9999933242797852,-0.2501373291015625,0.06580507755279541,8.60487580212066e-06,0.8412570953369141,0.6100915670394897
3421,Philadelphia,Commute Time,zip,16983,199,Feat\&PC-LightGCN,1,0.9999940395355225,-0.24299156665802002,-0.06603789329528809,7.672785613976885e-06,0.8364484906196594,0.6961938142776489
3422,Philadelphia,Commute Time,zip,16983,199,Feat\&PC-LightGCN,2,0.9999914169311523,-0.20536386966705322,-0.13497686386108398,1.1027935215679463e-05,0.8111276626586914,0.7412155866622925
3423,Philadelphia,Commute Time,zip,16983,199,Feat\&PC-LightGCN,3,0.9999924898147583,-0.061594605445861816,-0.2730201482772827,9.68952736002393e-06,0.7143807411193848,0.831367015838623
3424,Philadelphia,Commute Time,zip,16983,199,Feat\&PC-LightGCN,4,0.9999907612800598,-0.10526752471923828,-0.1289839744567871,1.1910023204109166e-05,0.743769645690918,0.7373018264770508
3425,Philadelphia,Commute Time,zip,16983,199,Feat\&PC-LightGCN,5,0.9999938607215881,-0.010278582572937012,0.1925666332244873,7.936020665511023e-06,0.6798485517501831,0.5273078680038452
3426,Philadelphia,Commute Time,zip,16983,199,Feat\&PC-LightGCN,6,0.9999935626983643,-0.06705975532531738,-0.027574539184570312,8.253007763414644e-06,0.7180584073066711,0.6710746884346008
3427,Philadelphia,Commute Time,zip,16983,199,Feat\&PC-LightGCN,7,0.9999925494194031,-0.1857515573501587,-0.4756406545639038,9.613067959435284e-06,0.7979298830032349,0.9636917114257812
3428,Philadelphia,Commute Time,zip,16983,199,Feat\&PC-LightGCN,8,0.9999885559082031,0.00103837251663208,0.029934048652648926,1.471997984481277e-05,0.672232985496521,0.6335177421569824
3429,Philadelphia,Commute Time,zip,16983,199,Feat\&PC-LightGCN,9,0.9999949336051941,-0.21126866340637207,0.07682865858078003,6.523036972794216e-06,0.815101146697998,0.6028924584388733
3430,Philadelphia,Commute Time,zip,16983,199,NoPreTrain,0,0.9983470439910889,-1.5522260665893555,-1.4054937362670898,0.0021275924518704414,1.7174739837646484,1.5709477663040161
3431,Philadelphia,Commute Time,zip,16983,199,NoPreTrain,1,0.9913967847824097,-0.9162012338638306,-1.4930946826934814,0.01107338909059763,1.2894726991653442,1.6281570196151733
3432,Philadelphia,Commute Time,zip,16983,199,NoPreTrain,2,0.9989309310913086,-0.9691159725189209,-0.7337541580200195,0.0013760357396677136,1.3250806331634521,1.132257103919983
3433,Philadelphia,Commute Time,zip,16983,199,NoPreTrain,3,0.9936482310295105,-1.543386697769165,-0.8303475379943848,0.008175483904778957,1.7115256786346436,1.1953389644622803
3434,Philadelphia,Commute Time,zip,16983,199,NoPreTrain,4,0.9974387884140015,-5.581583023071289,-4.0252838134765625,0.0032965943682938814,4.428956031799316,3.2818455696105957
3435,Philadelphia,Commute Time,zip,16983,199,NoPreTrain,5,0.9985739588737488,-1.3037574291229248,-1.6318910121917725,0.0018355268985033035,1.5502716302871704,1.7188003063201904
3436,Philadelphia,Commute Time,zip,16983,199,NoPreTrain,6,0.9939093589782715,-9.291193962097168,-9.57986831665039,0.00783942174166441,6.925271511077881,6.909359931945801
3437,Philadelphia,Commute Time,zip,16983,199,NoPreTrain,7,0.9605772495269775,-0.41351282596588135,-0.29496991634368896,0.05074204504489899,0.9511977434158325,0.8457016944885254
3438,Philadelphia,Commute Time,zip,16983,199,NoPreTrain,8,0.9937116503715515,-5.066154479980469,-7.727658271789551,0.00809389166533947,4.082108020782471,5.699742794036865
3439,Philadelphia,Commute Time,zip,16983,199,NoPreTrain,9,0.9990771412849426,-2.0991361141204834,-0.8210804462432861,0.0011878539808094501,2.0855071544647217,1.1892869472503662
3440,Philadelphia,Median Age,zip,16994,200,Emb,0,0.9985560178756714,-0.5055609941482544,-0.23009634017944336,0.001646226504817605,1.0837125778198242,0.7454031109809875
3441,Philadelphia,Median Age,zip,16994,200,Emb,1,0.9990031123161316,-0.2475043535232544,-0.29069793224334717,0.0011365197133272886,0.8979617357254028,0.7821258306503296
3442,Philadelphia,Median Age,zip,16994,200,Emb,2,0.9999412894248962,-0.30577588081359863,-0.2868969440460205,6.693016621284187e-05,0.9399059414863586,0.779822587966919
3443,Philadelphia,Median Age,zip,16994,200,Emb,3,0.9996283054351807,-0.23428547382354736,-0.16134822368621826,0.0004237612010911107,0.8884466886520386,0.7037436366081238
3444,Philadelphia,Median Age,zip,16994,200,Emb,4,0.9997374415397644,-0.28101515769958496,-0.23062372207641602,0.00029933935729786754,0.9220830202102661,0.7457226514816284
3445,Philadelphia,Median Age,zip,16994,200,Emb,5,0.9971389174461365,-0.22800588607788086,-0.2228994369506836,0.003261759178712964,0.8839265704154968,0.7410419583320618
3446,Philadelphia,Median Age,zip,16994,200,Emb,6,0.9970889687538147,-0.552833080291748,-0.3149503469467163,0.003318712580949068,1.1177393198013306,0.796822190284729
3447,Philadelphia,Median Age,zip,16994,200,Emb,7,0.997256338596344,-0.3305011987686157,-0.12264764308929443,0.00312789436429739,0.9577034115791321,0.6802922487258911
3448,Philadelphia,Median Age,zip,16994,200,Emb,8,0.9998104572296143,-0.5555256605148315,-0.23874080181121826,0.00021611116244457662,1.1196774244308472,0.7506413459777832
3449,Philadelphia,Median Age,zip,16994,200,Emb,9,0.994236171245575,-0.41398370265960693,-0.3088456392288208,0.006571018137037754,1.0177946090698242,0.7931228876113892
3450,Philadelphia,Median Age,zip,16994,200,RGNN,0,0.9642155170440674,-0.3799840211868286,-0.23062407970428467,0.040795858949422836,0.993321418762207,0.7457228899002075
3451,Philadelphia,Median Age,zip,16994,200,RGNN,1,0.9505184888839722,-0.19417297840118408,-0.38804543018341064,0.05641106888651848,0.859573483467102,0.8411156535148621
3452,Philadelphia,Median Age,zip,16994,200,RGNN,2,0.9451550245285034,-0.0520780086517334,-0.3500899076461792,0.06252562254667282,0.757292628288269,0.8181157112121582
3453,Philadelphia,Median Age,zip,16994,200,RGNN,3,0.9445351362228394,-0.25572681427001953,-0.21567070484161377,0.06323229521512985,0.9038802981376648,0.7366615533828735
3454,Philadelphia,Median Age,zip,16994,200,RGNN,4,0.8948711156845093,0.041683733463287354,-0.25184357166290283,0.11985146999359131,0.6898022890090942,0.758581280708313
3455,Philadelphia,Median Age,zip,16994,200,RGNN,5,0.9240413904190063,-0.24296164512634277,-0.12061142921447754,0.08659611642360687,0.8946918249130249,0.6790583729743958
3456,Philadelphia,Median Age,zip,16994,200,RGNN,6,0.9474356770515442,-0.11848771572113037,-0.38103151321411133,0.05992555990815163,0.8050947189331055,0.8368654251098633
3457,Philadelphia,Median Age,zip,16994,200,RGNN,7,0.9748565554618835,-0.04043006896972656,-0.22360491752624512,0.028664605692029,0.7489083409309387,0.7414695024490356
3458,Philadelphia,Median Age,zip,16994,200,RGNN,8,0.989983081817627,-0.05467569828033447,-0.140921950340271,0.011419725604355335,0.759162425994873,0.6913658976554871
3459,Philadelphia,Median Age,zip,16994,200,RGNN,9,0.9858915209770203,-0.024633288383483887,-0.20164549350738525,0.016084246337413788,0.7375377416610718,0.7281626462936401
3460,Philadelphia,Median Age,zip,16994,200,Feat-RGNN,0,0.988683819770813,-0.28747236728668213,-0.08158159255981445,0.012900958769023418,0.9267309308052063,0.6554073691368103
3461,Philadelphia,Median Age,zip,16994,200,Feat-RGNN,1,0.8009726405143738,-0.19623017311096191,-0.32338643074035645,0.22689972817897797,0.8610542416572571,0.8019341230392456
3462,Philadelphia,Median Age,zip,16994,200,Feat-RGNN,2,0.926984965801239,-0.31785404682159424,-0.21824586391448975,0.08324027061462402,0.9485999345779419,0.7382220029830933
3463,Philadelphia,Median Age,zip,16994,200,Feat-RGNN,3,0.9444386959075928,-0.22355687618255615,-0.1008751392364502,0.06334228813648224,0.8807241320610046,0.6670987606048584
3464,Philadelphia,Median Age,zip,16994,200,Feat-RGNN,4,0.8681831955909729,-0.21703112125396729,0.0490836501121521,0.15027683973312378,0.8760269284248352,0.5762280225753784
3465,Philadelphia,Median Age,zip,16994,200,Feat-RGNN,5,0.9239246249198914,-0.38935863971710205,-0.3058583736419678,0.08672922104597092,1.0000693798065186,0.7913126945495605
3466,Philadelphia,Median Age,zip,16994,200,Feat-RGNN,6,0.9185335040092468,-0.3539097309112549,-0.21126031875610352,0.09287530928850174,0.9745529890060425,0.7339889407157898
3467,Philadelphia,Median Age,zip,16994,200,Feat-RGNN,7,0.7867514491081238,-0.27332234382629395,-0.26476550102233887,0.2431125044822693,0.9165456891059875,0.7664116024971008
3468,Philadelphia,Median Age,zip,16994,200,Feat-RGNN,8,0.7748444676399231,-0.18792009353637695,0.11292833089828491,0.2566870152950287,0.8550726175308228,0.5375399589538574
3469,Philadelphia,Median Age,zip,16994,200,Feat-RGNN,9,0.9545495510101318,-0.43596088886260986,-0.35475385189056396,0.051815468817949295,1.033613920211792,0.8209419250488281
3470,Philadelphia,Median Age,zip,16994,200,Feat\&PC-RGNN,0,0.8685671091079712,-0.3823542594909668,0.055026471614837646,0.1498391181230545,0.9950275421142578,0.5726268291473389
3471,Philadelphia,Median Age,zip,16994,200,Feat\&PC-RGNN,1,0.9914881587028503,-0.018882036209106445,-0.36747467517852783,0.009703846648335457,0.733397901058197,0.8286503553390503
3472,Philadelphia,Median Age,zip,16994,200,Feat\&PC-RGNN,2,0.9783298373222351,-0.25807929039001465,-0.2749584913253784,0.02470489591360092,0.9055736660957336,0.7725882530212402
3473,Philadelphia,Median Age,zip,16994,200,Feat\&PC-RGNN,3,0.8579114079475403,-0.15059995651245117,-0.04855906963348389,0.16198711097240448,0.8282092809677124,0.6353966593742371
3474,Philadelphia,Median Age,zip,16994,200,Feat\&PC-RGNN,4,0.8912405967712402,-0.13506829738616943,-0.15534424781799316,0.12399039417505264,0.8170294761657715,0.7001054883003235
3475,Philadelphia,Median Age,zip,16994,200,Feat\&PC-RGNN,5,0.9921717643737793,-0.329517126083374,-0.18076574802398682,0.008924531750380993,0.9569950103759766,0.7155101299285889
3476,Philadelphia,Median Age,zip,16994,200,Feat\&PC-RGNN,6,0.9120938777923584,-0.1781531572341919,-0.3198951482772827,0.10021678358316422,0.8480423092842102,0.7998185753822327
3477,Philadelphia,Median Age,zip,16994,200,Feat\&PC-RGNN,7,0.9840441942214966,-0.07547175884246826,-0.038887619972229004,0.018190274015069008,0.7741315364837646,0.6295360922813416
3478,Philadelphia,Median Age,zip,16994,200,Feat\&PC-RGNN,8,0.980479896068573,-0.38818514347076416,-0.5220651626586914,0.0222537349909544,0.9992246627807617,0.9223278164863586
3479,Philadelphia,Median Age,zip,16994,200,Feat\&PC-RGNN,9,0.9574347138404846,-0.5005134344100952,-0.3454219102859497,0.04852624982595444,1.0800793170928955,0.8152869939804077
3480,Philadelphia,Median Age,zip,16994,200,LightGCN,0,0.9905171394348145,-0.05200040340423584,-0.49826502799987793,0.010810863226652145,0.757236659526825,0.9079055786132812
3481,Philadelphia,Median Age,zip,16994,200,LightGCN,1,0.9965287446975708,-0.05679440498352051,-0.1259324550628662,0.003957401029765606,0.7606874704360962,0.6822827458381653
3482,Philadelphia,Median Age,zip,16994,200,LightGCN,2,0.992466926574707,0.0013672113418579102,-0.49368560314178467,0.008588051423430443,0.7188223600387573,0.9051305651664734
3483,Philadelphia,Median Age,zip,16994,200,LightGCN,3,0.993752121925354,-0.24620842933654785,-0.28136277198791504,0.007122822571545839,0.897028923034668,0.7764690518379211
3484,Philadelphia,Median Age,zip,16994,200,LightGCN,4,0.9916730523109436,-0.17787063121795654,-0.7403411865234375,0.009493108838796616,0.8478388786315918,1.0545967817306519
3485,Philadelphia,Median Age,zip,16994,200,LightGCN,5,0.9922477006912231,-0.03999829292297363,-0.1406998634338379,0.008837934583425522,0.7485975027084351,0.691231369972229
3486,Philadelphia,Median Age,zip,16994,200,LightGCN,6,0.9888272881507874,-0.12817096710205078,-0.6840975284576416,0.012737367302179337,0.8120647668838501,1.020514726638794
3487,Philadelphia,Median Age,zip,16994,200,LightGCN,7,0.9972361922264099,-0.12742137908935547,-0.4067049026489258,0.0031508777756243944,0.8115252256393433,0.852422833442688
3488,Philadelphia,Median Age,zip,16994,200,LightGCN,8,0.9966920614242554,-0.09372520446777344,-0.5508710145950317,0.003771210787817836,0.7872704267501831,0.9397832751274109
3489,Philadelphia,Median Age,zip,16994,200,LightGCN,9,0.993553102016449,-0.2503739595413208,-0.4792656898498535,0.007349709514528513,0.9000272750854492,0.8963925242424011
3490,Philadelphia,Median Age,zip,16994,200,Feat-LightGCN,0,0.9964666366577148,-0.10753273963928223,-0.08382582664489746,0.00402816804125905,0.7972092628479004,0.6567673683166504
3491,Philadelphia,Median Age,zip,16994,200,Feat-LightGCN,1,0.9772610068321228,0.04181438684463501,-0.37993323802948,0.02592339925467968,0.6897082328796387,0.836199939250946
3492,Philadelphia,Median Age,zip,16994,200,Feat-LightGCN,2,0.9981910586357117,-0.01565229892730713,-0.37069642543792725,0.002062294166535139,0.7310730814933777,0.8306026458740234
3493,Philadelphia,Median Age,zip,16994,200,Feat-LightGCN,3,0.9988642334938049,-0.1385723352432251,-0.14266955852508545,0.0012948379153385758,0.8195517659187317,0.6924249529838562
3494,Philadelphia,Median Age,zip,16994,200,Feat-LightGCN,4,0.9988281726837158,0.007505893707275391,-0.3586491346359253,0.0013359436998143792,0.7144036889076233,0.8233023881912231
3495,Philadelphia,Median Age,zip,16994,200,Feat-LightGCN,5,0.9980742931365967,-0.0878899097442627,-0.05455887317657471,0.0021954113617539406,0.7830702066421509,0.6390323638916016
3496,Philadelphia,Median Age,zip,16994,200,Feat-LightGCN,6,0.9941610097885132,-0.15451502799987793,-0.15094983577728271,0.00665671844035387,0.8310273885726929,0.6974425315856934
3497,Philadelphia,Median Age,zip,16994,200,Feat-LightGCN,7,0.9979630708694458,-0.08421039581298828,-0.37358808517456055,0.0023221620358526707,0.7804216146469116,0.8323549032211304
3498,Philadelphia,Median Age,zip,16994,200,Feat-LightGCN,8,0.9967056512832642,-0.07572996616363525,-0.3690783977508545,0.0037556742317974567,0.7743173837661743,0.8296221494674683
3499,Philadelphia,Median Age,zip,16994,200,Feat-LightGCN,9,0.9973481297492981,0.042379021644592285,-0.38558804988861084,0.003023228608071804,0.6893017888069153,0.8396266102790833
3500,Philadelphia,Median Age,zip,16994,200,Feat\&PC-LightGCN,0,0.9999732375144958,0.07927602529525757,-0.0559157133102417,3.0493121812469326e-05,0.662743091583252,0.6398546099662781
3501,Philadelphia,Median Age,zip,16994,200,Feat\&PC-LightGCN,1,0.9999940395355225,-0.036047935485839844,0.061158180236816406,6.780237526982091e-06,0.7457540035247803,0.5689111948013306
3502,Philadelphia,Median Age,zip,16994,200,Feat\&PC-LightGCN,2,0.9999924302101135,-0.05760645866394043,-0.08439505100250244,8.622128916613292e-06,0.7612720131874084,0.6571122407913208
3503,Philadelphia,Median Age,zip,16994,200,Feat\&PC-LightGCN,3,0.9999886751174927,-0.05227863788604736,-0.15506207942962646,1.2902396520075854e-05,0.7574369311332703,0.6999344825744629
3504,Philadelphia,Median Age,zip,16994,200,Feat\&PC-LightGCN,4,0.9999921321868896,-0.08287334442138672,-0.14293551445007324,8.956954843597487e-06,0.7794592380523682,0.6925861239433289
3505,Philadelphia,Median Age,zip,16994,200,Feat\&PC-LightGCN,5,0.9999943971633911,-0.012418508529663086,0.024245381355285645,6.399096491804812e-06,0.7287453413009644,0.5912792682647705
3506,Philadelphia,Median Age,zip,16994,200,Feat\&PC-LightGCN,6,0.9999914169311523,-0.0471186637878418,-0.058586835861206055,9.793594472284894e-06,0.7537227869033813,0.6414731740951538
3507,Philadelphia,Median Age,zip,16994,200,Feat\&PC-LightGCN,7,0.9999662041664124,-0.029624462127685547,-0.06810057163238525,3.852104055113159e-05,0.7411303520202637,0.6472382545471191
3508,Philadelphia,Median Age,zip,16994,200,Feat\&PC-LightGCN,8,0.999995768070221,0.0004935264587402344,-0.14767718315124512,4.837007054447895e-06,0.7194512486457825,0.6954594254493713
3509,Philadelphia,Median Age,zip,16994,200,Feat\&PC-LightGCN,9,0.9987318515777588,-0.01470804214477539,-0.07125020027160645,0.0014457290526479483,0.7303934097290039,0.6491469144821167
3510,Philadelphia,Median Age,zip,16994,200,NoPreTrain,0,0.9954828023910522,-0.508653998374939,-0.8094501495361328,0.0051498087123036385,1.0859389305114746,1.0964748859405518
3511,Philadelphia,Median Age,zip,16994,200,NoPreTrain,1,0.9987187385559082,-1.1466739177703857,-1.8307971954345703,0.0014606629265472293,1.5451898574829102,1.7153818607330322
3512,Philadelphia,Median Age,zip,16994,200,NoPreTrain,2,0.9940541386604309,-0.8057222366333008,-0.919792652130127,0.00677854847162962,1.2997705936431885,1.1633392572402954
3513,Philadelphia,Median Age,zip,16994,200,NoPreTrain,3,0.9934223890304565,-2.099536895751953,-1.9459199905395508,0.007498776074498892,2.2310667037963867,1.7851428985595703
3514,Philadelphia,Median Age,zip,16994,200,NoPreTrain,4,0.9985550045967102,-1.133561134338379,-1.3511147499084473,0.0016473825089633465,1.5357511043548584,1.4247080087661743
3515,Philadelphia,Median Age,zip,16994,200,NoPreTrain,5,0.9983404278755188,-0.7562524080276489,-0.8851844072341919,0.0018920140573754907,1.2641618251800537,1.1423676013946533
3516,Philadelphia,Median Age,zip,16994,200,NoPreTrain,6,0.9960832595825195,-2.9107744693756104,-2.3289740085601807,0.004465249367058277,2.8150007724761963,2.0172626972198486
3517,Philadelphia,Median Age,zip,16994,200,NoPreTrain,7,0.9940456748008728,-1.647204875946045,-3.342665672302246,0.006788160186260939,1.9054752588272095,2.631530523300171
3518,Philadelphia,Median Age,zip,16994,200,NoPreTrain,8,0.9158984422683716,-3.3896231651306152,-3.802218437194824,0.09587941318750381,3.1596791744232178,2.910006523132324
3519,Philadelphia,Median Age,zip,16994,200,NoPreTrain,9,0.9801527857780457,-1.7702577114105225,-1.6350584030151367,0.02262667380273342,1.9940494298934937,1.5967696905136108
3520,St. Louis,Median Income,zip,2670,54,Emb,0,0.9998849630355835,-0.04781210422515869,0.10821950435638428,0.00018635313608683646,0.963201105594635,2.086474895477295
3521,St. Louis,Median Income,zip,2670,54,Emb,1,0.9999361038208008,-0.2785540819168091,0.010291635990142822,0.00010356251732446253,1.1753106117248535,2.315593957901001
3522,St. Louis,Median Income,zip,2670,54,Emb,2,0.9999945163726807,-0.25450003147125244,-0.09199631214141846,8.884699127520435e-06,1.1531988382339478,2.5549142360687256
3523,St. Louis,Median Income,zip,2670,54,Emb,3,0.9996190071105957,-0.07048332691192627,0.013740897178649902,0.0006173361325636506,0.9840415716171265,2.3075239658355713
3524,St. Louis,Median Income,zip,2670,54,Emb,4,0.9999405741691589,-0.27138519287109375,0.013728141784667969,9.632472938392311e-05,1.1687206029891968,2.307553768157959
3525,St. Louis,Median Income,zip,2670,54,Emb,5,0.9999871253967285,-0.12196171283721924,0.07793909311294556,2.0886185666313395e-05,1.0313630104064941,2.157320976257324
3526,St. Louis,Median Income,zip,2670,54,Emb,6,0.9999963641166687,-0.15816879272460938,0.12810999155044556,5.84458393859677e-06,1.0646464824676514,2.039937734603882
3527,St. Louis,Median Income,zip,2670,54,Emb,7,0.9993085861206055,-0.05033910274505615,-0.01449429988861084,0.0011203058529645205,0.9655239582061768,2.3735849857330322
3528,St. Louis,Median Income,zip,2670,54,Emb,8,0.9999968409538269,-0.09677886962890625,0.030583202838897705,5.144269380252808e-06,1.008213758468628,2.268118381500244
3529,St. Louis,Median Income,zip,2670,54,Emb,9,0.9989945292472839,-0.2348407506942749,0.12330669164657593,0.001629103790037334,1.1351271867752075,2.051175832748413
3530,St. Louis,Median Income,zip,2670,54,RGNN,0,0.9999690651893616,0.4843353033065796,-0.8743027448654175,5.013280679122545e-05,0.4740246534347534,4.385255813598633
3531,St. Louis,Median Income,zip,2670,54,RGNN,1,0.9614272117614746,0.5589302778244019,-0.16654622554779053,0.06249800696969032,0.40545323491096497,2.729336738586426
3532,St. Louis,Median Income,zip,2670,54,RGNN,2,0.9489408731460571,0.4053775668144226,-0.5570433139801025,0.08272916078567505,0.5466065406799316,3.642972469329834
3533,St. Louis,Median Income,zip,2670,54,RGNN,3,0.999598503112793,0.44820427894592285,-0.25998640060424805,0.0006505734636448324,0.5072381496429443,2.9479563236236572
3534,St. Louis,Median Income,zip,2670,54,RGNN,4,0.9999905228614807,0.5535968542098999,-0.6952979564666748,1.540306220704224e-05,0.4103560149669647,3.9664430618286133
3535,St. Louis,Median Income,zip,2670,54,RGNN,5,0.9994320869445801,0.6086648106575012,-0.4051467180252075,0.0009201469365507364,0.35973480343818665,3.287584066390991
3536,St. Louis,Median Income,zip,2670,54,RGNN,6,0.9957794547080994,0.23596590757369995,-0.2135915756225586,0.00683843158185482,0.7023381590843201,2.8394076824188232
3537,St. Louis,Median Income,zip,2670,54,RGNN,7,0.9910569787025452,0.47909480333328247,-0.6780434846878052,0.014490022324025631,0.47884199023246765,3.9260733127593994
3538,St. Louis,Median Income,zip,2670,54,RGNN,8,0.9997583031654358,0.6318056583404541,-0.4195394515991211,0.000391599751310423,0.33846262097358704,3.321258306503296
3539,St. Louis,Median Income,zip,2670,54,RGNN,9,0.9998361468315125,0.48175138235092163,-0.32942306995391846,0.0002655303687788546,0.4763999283313751,3.110415458679199
3540,St. Louis,Median Income,zip,2670,54,Feat-RGNN,0,0.9999903440475464,0.7599193453788757,-0.9660401344299316,1.5640880519640632e-05,0.22069410979747772,4.599891185760498
3541,St. Louis,Median Income,zip,2670,54,Feat-RGNN,1,0.9838226437568665,0.4276203513145447,-0.6159149408340454,0.02621152065694332,0.5261598825454712,3.780712842941284
3542,St. Louis,Median Income,zip,2670,54,Feat-RGNN,2,0.9998495578765869,0.7678411602973938,-0.7101476192474365,0.00024373357882723212,0.21341195702552795,4.001186370849609
3543,St. Louis,Median Income,zip,2670,54,Feat-RGNN,3,0.9995229244232178,0.7553614377975464,-0.9555199146270752,0.0007729774806648493,0.22488392889499664,4.575277328491211
3544,St. Louis,Median Income,zip,2670,54,Feat-RGNN,4,0.9999565482139587,0.697623610496521,-0.31872522830963135,7.036390888970345e-05,0.2779594659805298,3.085386037826538
3545,St. Louis,Median Income,zip,2670,54,Feat-RGNN,5,0.9877824783325195,0.5831640362739563,-0.4862633943557739,0.019795551896095276,0.38317635655403137,3.477370500564575
3546,St. Louis,Median Income,zip,2670,54,Feat-RGNN,6,0.9985790848731995,0.7337446212768555,-0.48714423179626465,0.002302208449691534,0.24475520849227905,3.479431390762329
3547,St. Louis,Median Income,zip,2670,54,Feat-RGNN,7,0.9973812103271484,0.8028312921524048,-0.5826162099838257,0.004243082832545042,0.181247279047966,3.7028045654296875
3548,St. Louis,Median Income,zip,2670,54,Feat-RGNN,8,0.9947102069854736,0.7170475721359253,-0.48962175846099854,0.008570858277380466,0.2601039409637451,3.4852280616760254
3549,St. Louis,Median Income,zip,2670,54,Feat-RGNN,9,0.9891477227210999,0.5862205624580383,-1.0195732116699219,0.01758352853357792,0.3803666830062866,4.725141525268555
3550,St. Louis,Median Income,zip,2670,54,Feat\&PC-RGNN,0,0.9999428391456604,0.6252015829086304,-0.7441873550415039,9.265672997571528e-05,0.34453338384628296,4.0808281898498535
3551,St. Louis,Median Income,zip,2670,54,Feat\&PC-RGNN,1,0.9999775290489197,0.6142657399177551,-0.7068170309066772,3.640127761173062e-05,0.3545861542224884,3.993393898010254
3552,St. Louis,Median Income,zip,2670,54,Feat\&PC-RGNN,2,0.9999386072158813,0.5256122350692749,-0.9200023412704468,9.94975634966977e-05,0.4360809028148651,4.492177963256836
3553,St. Louis,Median Income,zip,2670,54,Feat\&PC-RGNN,3,0.999991238117218,0.6620832681655884,-0.4683036804199219,1.4239409210858867e-05,0.3106299042701721,3.4353506565093994
3554,St. Louis,Median Income,zip,2670,54,Feat\&PC-RGNN,4,0.9938066601753235,0.5098300576210022,-0.38020849227905273,0.010034849867224693,0.4505886137485504,3.229236602783203
3555,St. Louis,Median Income,zip,2670,54,Feat\&PC-RGNN,5,0.9972922801971436,0.5718774795532227,-0.668612003326416,0.004387238994240761,0.3935515284538269,3.9040067195892334
3556,St. Louis,Median Income,zip,2670,54,Feat\&PC-RGNN,6,0.9999985098838806,0.7603174448013306,-0.7416137456893921,2.385503194091143e-06,0.22032815217971802,4.0748066902160645
3557,St. Louis,Median Income,zip,2670,54,Feat\&PC-RGNN,7,0.9998281002044678,0.6651273369789124,-0.4312220811843872,0.00027850340120494366,0.30783164501190186,3.3485918045043945
3558,St. Louis,Median Income,zip,2670,54,Feat\&PC-RGNN,8,0.9999911189079285,0.5246365070343018,-0.5696829557418823,1.436554521205835e-05,0.4369778335094452,3.6725449562072754
3559,St. Louis,Median Income,zip,2670,54,Feat\&PC-RGNN,9,0.9996781349182129,0.6309827566146851,-0.4462447166442871,0.000521491514518857,0.33921897411346436,3.383739709854126
3560,St. Louis,Median Income,zip,2670,54,LightGCN,0,0.9999897480010986,0.8193626403808594,-0.1508934497833252,1.660074121900834e-05,0.16605088114738464,2.6927144527435303
3561,St. Louis,Median Income,zip,2670,54,LightGCN,1,0.9997564554214478,0.8366358876228333,-0.09405946731567383,0.0003946375800296664,0.15017244219779968,2.559741497039795
3562,St. Louis,Median Income,zip,2670,54,LightGCN,2,0.996129035949707,0.7430691719055176,-0.31335020065307617,0.006271990016102791,0.23618358373641968,3.072810173034668
3563,St. Louis,Median Income,zip,2670,54,LightGCN,3,0.9987998008728027,0.8903917074203491,0.053684890270233154,0.0019446214428171515,0.1007574051618576,2.2140679359436035
3564,St. Louis,Median Income,zip,2670,54,LightGCN,4,0.9999357461929321,0.7406335473060608,-0.1400851011276245,0.00010408667731098831,0.23842254281044006,2.667426586151123
3565,St. Louis,Median Income,zip,2670,54,LightGCN,5,0.9802521467208862,0.8214215040206909,-0.3837246894836426,0.03199666738510132,0.16415823996067047,3.2374634742736816
3566,St. Louis,Median Income,zip,2670,54,LightGCN,6,0.9990751147270203,0.9429433941841125,-0.060909152030944824,0.0014985717134550214,0.052449289709329605,2.482180595397949
3567,St. Louis,Median Income,zip,2670,54,LightGCN,7,0.9999013543128967,0.8798868060112,-0.23319435119628906,0.00015984206402208656,0.11041400581598282,2.8852715492248535
3568,St. Louis,Median Income,zip,2670,54,LightGCN,8,0.9979472756385803,0.8133413791656494,-0.14200246334075928,0.0033259596675634384,0.17158591747283936,2.671912431716919
3569,St. Louis,Median Income,zip,2670,54,LightGCN,9,0.9994763135910034,0.7665422558784485,-0.25594615936279297,0.0008484669378958642,0.21460598707199097,2.9385035037994385
3570,St. Louis,Median Income,zip,2670,54,Feat-LightGCN,0,0.9997052550315857,0.7305065989494324,-0.4794631004333496,0.00047755090054124594,0.2477317452430725,3.4614601135253906
3571,St. Louis,Median Income,zip,2670,54,Feat-LightGCN,1,0.9997282028198242,0.6927874684333801,-0.2121291160583496,0.00044039427302777767,0.2824050486087799,2.8359861373901367
3572,St. Louis,Median Income,zip,2670,54,Feat-LightGCN,2,0.999481201171875,0.6834366321563721,-0.37166476249694824,0.0008405723492614925,0.2910008132457733,3.209247350692749
3573,St. Louis,Median Income,zip,2670,54,Feat-LightGCN,3,0.9998013973236084,0.7805293798446655,-0.17708313465118408,0.0003218161000404507,0.20174835622310638,2.7539899349212646
3574,St. Louis,Median Income,zip,2670,54,Feat-LightGCN,4,0.9999697804450989,0.6691943407058716,-0.16225242614746094,4.9003348976839334e-05,0.30409306287765503,2.7192907333374023
3575,St. Louis,Median Income,zip,2670,54,Feat-LightGCN,5,0.9981980323791504,0.6298331022262573,-0.15912485122680664,0.002919706515967846,0.3402758240699768,2.711973190307617
3576,St. Louis,Median Income,zip,2670,54,Feat-LightGCN,6,0.99998939037323,0.6973776817321777,-0.15602517127990723,1.723757668514736e-05,0.27818548679351807,2.704720973968506
3577,St. Louis,Median Income,zip,2670,54,Feat-LightGCN,7,0.9999469518661499,0.6792635917663574,0.04843723773956299,8.594636165071279e-05,0.2948368489742279,2.2263457775115967
3578,St. Louis,Median Income,zip,2670,54,Feat-LightGCN,8,0.9994949102401733,0.6922184228897095,-0.2801389694213867,0.0008183803292922676,0.2829281985759735,2.9951066970825195
3579,St. Louis,Median Income,zip,2670,54,Feat-LightGCN,9,0.9998844265937805,0.7569825649261475,-0.1455439329147339,0.0001872503780759871,0.2233937382698059,2.6801984310150146
3580,St. Louis,Median Income,zip,2670,54,Feat\&PC-LightGCN,0,0.9999988079071045,0.5157837867736816,0.08803850412368774,1.9543372218322475e-06,0.4451156556606293,2.1336917877197266
3581,St. Louis,Median Income,zip,2670,54,Feat\&PC-LightGCN,1,0.999995768070221,0.41689610481262207,0.012134671211242676,6.895068509038538e-06,0.5360181331634521,2.31128191947937
3582,St. Louis,Median Income,zip,2670,54,Feat\&PC-LightGCN,2,0.9999970197677612,0.5769323706626892,0.1661476492881775,4.85767805002979e-06,0.3889048397541046,1.9509419202804565
3583,St. Louis,Median Income,zip,2670,54,Feat\&PC-LightGCN,3,0.9999903440475464,0.5119869709014893,0.1493552327156067,1.5635869203833863e-05,0.44860583543777466,1.990230679512024
3584,St. Louis,Median Income,zip,2670,54,Feat\&PC-LightGCN,4,0.9999977350234985,0.5103087425231934,0.15248823165893555,3.6691612876893487e-06,0.4501486122608185,1.9829005002975464
3585,St. Louis,Median Income,zip,2670,54,Feat\&PC-LightGCN,5,0.9999911189079285,0.5458331108093262,0.07229733467102051,1.4417178135772701e-05,0.4174928367137909,2.1705210208892822
3586,St. Louis,Median Income,zip,2670,54,Feat\&PC-LightGCN,6,0.9999967813491821,0.37591421604156494,0.10209548473358154,5.20195590070216e-06,0.5736907124519348,2.1008031368255615
3587,St. Louis,Median Income,zip,2670,54,Feat\&PC-LightGCN,7,0.9999991059303284,0.6453176736831665,0.1262904405593872,1.4057388852961594e-06,0.32604166865348816,2.0441949367523193
3588,St. Louis,Median Income,zip,2670,54,Feat\&PC-LightGCN,8,0.9999989867210388,0.5439044237136841,0.1550983190536499,1.6669882825226523e-06,0.4192657768726349,1.9767937660217285
3589,St. Louis,Median Income,zip,2670,54,Feat\&PC-LightGCN,9,0.9999758005142212,0.4442671537399292,0.09086775779724121,3.923350232071243e-05,0.5108572840690613,2.127072334289551
3590,St. Louis,Median Income,zip,2670,54,NoPreTrain,0,0.9998253583908081,-0.923647403717041,0.10272544622421265,0.0002829880977515131,1.7683124542236328,2.0993292331695557
3591,St. Louis,Median Income,zip,2670,54,NoPreTrain,1,0.9990831017494202,-2.5079166889190674,-0.7109992504119873,0.0014856032794341445,3.224651575088501,4.00317907333374
3592,St. Louis,Median Income,zip,2670,54,NoPreTrain,2,0.9997448921203613,-2.789797067642212,0.24838268756866455,0.00041336490539833903,3.4837701320648193,1.758538842201233
3593,St. Louis,Median Income,zip,2670,54,NoPreTrain,3,0.9969499707221985,-1.0490634441375732,0.04540449380874634,0.004941874649375677,1.8836010694503784,2.2334413528442383
3594,St. Louis,Median Income,zip,2670,54,NoPreTrain,4,0.9997639656066895,-0.8565146923065186,0.07126963138580322,0.0003824100422207266,1.7066006660461426,2.1729254722595215
3595,St. Louis,Median Income,zip,2670,54,NoPreTrain,5,0.9998326301574707,0.6661866903305054,0.25333958864212036,0.0002711430424824357,0.30685779452323914,1.746941328048706
3596,St. Louis,Median Income,zip,2670,54,NoPreTrain,6,0.9998531341552734,-2.030165195465088,-1.023895025253296,0.00023794650041963905,2.7854788303375244,4.735252857208252
3597,St. Louis,Median Income,zip,2670,54,NoPreTrain,7,0.9997684359550476,-2.4650511741638184,0.08680707216262817,0.00037518428871408105,3.1852476596832275,2.13657283782959
3598,St. Louis,Median Income,zip,2670,54,NoPreTrain,8,0.999113142490387,-1.6158161163330078,-2.6226837635040283,0.0014369876589626074,2.404588460922241,8.475895881652832
3599,St. Louis,Median Income,zip,2670,54,NoPreTrain,9,0.9999240636825562,0.034222960472106934,0.2984299063682556,0.00012300966773182154,0.887790322303772,1.6414446830749512
3600,St. Louis,Median Home Value,zip,2670,54,Emb,0,0.9999865293502808,-0.43557119369506836,-1.354372501373291,2.204886004619766e-05,2.4657809734344482,6.095649242401123
3601,St. Louis,Median Home Value,zip,2670,54,Emb,1,0.9999890923500061,-0.3153594732284546,-1.3605082035064697,1.7795922758523375e-05,2.2593016624450684,6.111534595489502
3602,St. Louis,Median Home Value,zip,2670,54,Emb,2,0.9999721050262451,-0.7440533638000488,-1.8579685688018799,4.558442742563784e-05,2.9956395626068115,7.399497985839844
3603,St. Louis,Median Home Value,zip,2670,54,Emb,3,0.999988853931427,-0.48592066764831543,-0.7395398616790771,1.8213671864941716e-05,2.552262783050537,4.503800868988037
3604,St. Louis,Median Home Value,zip,2670,54,Emb,4,0.9999866485595703,-0.2972515821456909,-1.1466286182403564,2.1838761313119903e-05,2.228199005126953,5.557784557342529
3605,St. Louis,Median Home Value,zip,2670,54,Emb,5,0.9999880790710449,-0.24608397483825684,-2.2042829990386963,1.9430628526606597e-05,2.1403119564056396,8.29613208770752
3606,St. Louis,Median Home Value,zip,2670,54,Emb,6,0.999991774559021,-0.6022875308990479,-1.4544575214385986,1.3439886970445514e-05,2.7521378993988037,6.3547773361206055
3607,St. Louis,Median Home Value,zip,2670,54,Emb,7,0.9999884963035583,-0.3814181089401245,-1.4048540592193604,1.878489274531603e-05,2.3727660179138184,6.226349353790283
3608,St. Louis,Median Home Value,zip,2670,54,Emb,8,0.999984085559845,-0.5655754804611206,-0.9988428354263306,2.6002591766882688e-05,2.689080238342285,5.175156116485596
3609,St. Louis,Median Home Value,zip,2670,54,Emb,9,0.999991774559021,-0.4363809823989868,-1.7581377029418945,1.3453393876261543e-05,2.4671719074249268,7.141027927398682
3610,St. Louis,Median Home Value,zip,2670,54,RGNN,0,0.9955066442489624,0.18615365028381348,-0.305977463722229,0.007342202123254538,1.3978873491287231,3.381274938583374
3611,St. Louis,Median Home Value,zip,2670,54,RGNN,1,0.8440839648246765,0.07222229242324829,-0.03520655632019043,0.2547702193260193,1.5935794115066528,2.6802282333374023
3612,St. Louis,Median Home Value,zip,2670,54,RGNN,2,0.9999874234199524,0.3955230712890625,-0.49704039096832275,2.0583795048878528e-05,1.0382680892944336,3.8759512901306152
3613,St. Louis,Median Home Value,zip,2670,54,RGNN,3,0.9807752370834351,0.29349249601364136,-0.22697341442108154,0.03141370043158531,1.2135188579559326,3.176727294921875
3614,St. Louis,Median Home Value,zip,2670,54,RGNN,4,0.9997107982635498,0.3697510361671448,-0.3803825378417969,0.00047260383144021034,1.082534909248352,3.5739152431488037
3615,St. Louis,Median Home Value,zip,2670,54,RGNN,5,0.9991155862808228,0.30540788173675537,-0.06132686138153076,0.0014451416209340096,1.1930526494979858,2.7478559017181396
3616,St. Louis,Median Home Value,zip,2670,54,RGNN,6,0.9987547397613525,0.33341556787490845,-0.32951176166534424,0.0020347393583506346,1.144945740699768,3.442207098007202
3617,St. Louis,Median Home Value,zip,2670,54,RGNN,7,0.9990150332450867,0.336279034614563,-0.47257542610168457,0.0016094769816845655,1.140027403831482,3.8126096725463867
3618,St. Louis,Median Home Value,zip,2670,54,RGNN,8,0.9814338088035583,0.2472219467163086,-0.14845430850982666,0.030337609350681305,1.2929946184158325,2.973435401916504
3619,St. Louis,Median Home Value,zip,2670,54,RGNN,9,0.9985105395317078,0.3309350609779358,-0.026327133178710938,0.0024337859358638525,1.1492063999176025,2.6572389602661133
3620,St. Louis,Median Home Value,zip,2670,54,Feat-RGNN,0,0.9987844228744507,0.31151503324508667,0.15971940755844116,0.001986282877624035,1.1825628280639648,2.1755502223968506
3621,St. Louis,Median Home Value,zip,2670,54,Feat-RGNN,1,0.9865315556526184,0.3418862223625183,0.02683079242706299,0.022007767111063004,1.1303963661193848,2.519608974456787
3622,St. Louis,Median Home Value,zip,2670,54,Feat-RGNN,2,0.9948622584342957,0.26436853408813477,-0.010294079780578613,0.00839519314467907,1.2635430097579956,2.6157281398773193
3623,St. Louis,Median Home Value,zip,2670,54,Feat-RGNN,3,0.9989295601844788,0.4351719617843628,0.07841724157333374,0.0017490866594016552,0.9701659679412842,2.386047601699829
3624,St. Louis,Median Home Value,zip,2670,54,Feat-RGNN,4,0.9956809878349304,0.3896719813346863,0.3038750886917114,0.0070573715493083,1.0483180284500122,1.8023203611373901
3625,St. Louis,Median Home Value,zip,2670,54,Feat-RGNN,5,0.9990792274475098,0.4832632541656494,0.18500369787216187,0.001504601095803082,0.8875628113746643,2.1100873947143555
3626,St. Louis,Median Home Value,zip,2670,54,Feat-RGNN,6,0.9975808262825012,0.4381510019302368,0.13500869274139404,0.003953001461923122,0.9650489687919617,2.239528179168701
3627,St. Louis,Median Home Value,zip,2670,54,Feat-RGNN,7,0.9971745014190674,0.09220284223556519,0.1404750943183899,0.004616963677108288,1.5592601299285889,2.225375175476074
3628,St. Louis,Median Home Value,zip,2670,54,Feat-RGNN,8,0.998481035232544,0.3482014536857605,0.10683786869049072,0.002482021227478981,1.119549036026001,2.312464714050293
3629,St. Louis,Median Home Value,zip,2670,54,Feat-RGNN,9,0.9955384731292725,0.3738445043563843,-0.2086557149887085,0.00729022454470396,1.0755038261413574,3.1293015480041504
3630,St. Louis,Median Home Value,zip,2670,54,Feat\&PC-RGNN,0,0.9999483823776245,0.260878324508667,-0.049292564392089844,8.434460323769599e-05,1.2695380449295044,2.716697931289673
3631,St. Louis,Median Home Value,zip,2670,54,Feat\&PC-RGNN,1,0.9968676567077637,0.20913678407669067,-0.016446948051452637,0.005118296016007662,1.3584108352661133,2.6316583156585693
3632,St. Louis,Median Home Value,zip,2670,54,Feat\&PC-RGNN,2,0.9983035326004028,0.2502397298812866,0.012372434139251709,0.002772103762254119,1.2878111600875854,2.5570428371429443
3633,St. Louis,Median Home Value,zip,2670,54,Feat\&PC-RGNN,3,0.9999791979789734,0.30690616369247437,0.13842839002609253,3.401761205168441e-05,1.1904791593551636,2.2306745052337646
3634,St. Louis,Median Home Value,zip,2670,54,Feat\&PC-RGNN,4,0.9999960660934448,0.2248736023902893,-0.30907368659973145,6.427205335057806e-06,1.3313807249069214,3.389291286468506
3635,St. Louis,Median Home Value,zip,2670,54,Feat\&PC-RGNN,5,0.9969981908798218,0.3424683213233948,0.06676006317138672,0.004905068781226873,1.1293965578079224,2.416229009628296
3636,St. Louis,Median Home Value,zip,2670,54,Feat\&PC-RGNN,6,0.9998659491539001,0.2530747056007385,-0.133453369140625,0.00021902821026742458,1.2829416990280151,2.9345970153808594
3637,St. Louis,Median Home Value,zip,2670,54,Feat\&PC-RGNN,7,0.9999955296516418,0.31750887632369995,0.14836764335632324,7.2746106525301e-06,1.1722675561904907,2.2049407958984375
3638,St. Louis,Median Home Value,zip,2670,54,Feat\&PC-RGNN,8,0.9995308518409729,0.16145050525665283,-0.047216176986694336,0.0007665575249120593,1.44031822681427,2.71132230758667
3639,St. Louis,Median Home Value,zip,2670,54,Feat\&PC-RGNN,9,0.9984555840492249,-0.06738877296447754,0.02208799123764038,0.002523654606193304,1.8333796262741089,2.531888484954834
3640,St. Louis,Median Home Value,zip,2670,54,LightGCN,0,0.9996703863143921,0.435269296169281,0.08080178499221802,0.0005385726690292358,0.9699987173080444,2.3798739910125732
3641,St. Louis,Median Home Value,zip,2670,54,LightGCN,1,0.9997450113296509,0.5213251113891602,0.20701617002487183,0.0004166313447058201,0.8221865296363831,2.0530953407287598
3642,St. Louis,Median Home Value,zip,2670,54,LightGCN,2,0.9995031952857971,0.5483867526054382,0.2750985026359558,0.0008117729448713362,0.7757047414779663,1.876824975013733
3643,St. Louis,Median Home Value,zip,2670,54,LightGCN,3,0.9998096227645874,0.5097229480743408,0.02298581600189209,0.0003110412508249283,0.8421148061752319,2.5295639038085938
3644,St. Louis,Median Home Value,zip,2670,54,LightGCN,4,0.9998889565467834,0.6027871370315552,0.13662981986999512,0.00018146632646676153,0.6822649240493774,2.235330820083618
3645,St. Louis,Median Home Value,zip,2670,54,LightGCN,5,0.9993219971656799,0.520500659942627,0.20021122694015503,0.0011078746756538749,0.8236026763916016,2.070713996887207
3646,St. Louis,Median Home Value,zip,2670,54,LightGCN,6,0.9997500777244568,0.5203068256378174,0.055502474308013916,0.00040833273669704795,0.8239356875419617,2.445375680923462
3647,St. Louis,Median Home Value,zip,2670,54,LightGCN,7,0.9990344047546387,0.45371198654174805,0.2053990364074707,0.0015778157394379377,0.938321053981781,2.0572822093963623
3648,St. Louis,Median Home Value,zip,2670,54,LightGCN,8,0.9996700882911682,0.42194581031799316,0.18949174880981445,0.0005390942096710205,0.9928835034370422,2.0984673500061035
3649,St. Louis,Median Home Value,zip,2670,54,LightGCN,9,0.9977145195007324,0.5437374711036682,0.18448573350906372,0.0037345713935792446,0.7836904525756836,2.1114282608032227
3650,St. Louis,Median Home Value,zip,2670,54,Feat-LightGCN,0,0.9999898076057434,0.3570558428764343,0.28675252199172974,1.6611953469691798e-05,1.1043405532836914,1.8466519117355347
3651,St. Louis,Median Home Value,zip,2670,54,Feat-LightGCN,1,0.9999377727508545,0.3533259630203247,0.3769742250442505,0.00010164031846215948,1.1107470989227295,1.6130610704421997
3652,St. Louis,Median Home Value,zip,2670,54,Feat-LightGCN,2,0.9997363686561584,0.4169926047325134,0.32701098918914795,0.00043073680717498064,1.0013912916183472,1.742419719696045
3653,St. Louis,Median Home Value,zip,2670,54,Feat-LightGCN,3,0.9999704957008362,0.3646114468574524,0.40786629915237427,4.8210975364781916e-05,1.0913628339767456,1.5330791473388672
3654,St. Louis,Median Home Value,zip,2670,54,Feat-LightGCN,4,0.999755859375,0.3800855875015259,0.36533188819885254,0.00039893994107842445,1.0647839307785034,1.643203854560852
3655,St. Louis,Median Home Value,zip,2670,54,Feat-LightGCN,5,0.9999536275863647,0.3839886784553528,0.3188551068305969,7.574688788736239e-05,1.0580798387527466,1.763535976409912
3656,St. Louis,Median Home Value,zip,2670,54,Feat-LightGCN,6,0.9998754858970642,0.39172786474227905,0.30540549755096436,0.00020345792290754616,1.044786810874939,1.7983578443527222
3657,St. Louis,Median Home Value,zip,2670,54,Feat-LightGCN,7,0.9999383091926575,0.3870704770088196,0.4406883716583252,0.00010079664934892207,1.0527864694595337,1.4481003284454346
3658,St. Louis,Median Home Value,zip,2670,54,Feat-LightGCN,8,0.9982896447181702,0.3191413879394531,0.37300294637680054,0.0027947842609137297,1.1694636344909668,1.6233429908752441
3659,St. Louis,Median Home Value,zip,2670,54,Feat-LightGCN,9,0.9997766613960266,0.34496623277664185,0.3662729859352112,0.0003649411373771727,1.1251059770584106,1.6407673358917236
3660,St. Louis,Median Home Value,zip,2670,54,Feat\&PC-LightGCN,0,0.9999936819076538,-0.17614030838012695,0.10018432140350342,1.0280416972818784e-05,2.020174503326416,2.329691171646118
3661,St. Louis,Median Home Value,zip,2670,54,Feat\&PC-LightGCN,1,0.9999964237213135,-0.0959920883178711,0.17587780952453613,5.882384357391857e-06,1.8825095891952515,2.1337149143218994
3662,St. Louis,Median Home Value,zip,2670,54,Feat\&PC-LightGCN,2,0.999997079372406,0.09940880537033081,0.17945796251296997,4.796687790076248e-06,1.5468829870224,2.124445676803589
3663,St. Louis,Median Home Value,zip,2670,54,Feat\&PC-LightGCN,3,0.9999970197677612,0.05383223295211792,0.16265869140625,4.862685273110401e-06,1.625166654586792,2.167940378189087
3664,St. Louis,Median Home Value,zip,2670,54,Feat\&PC-LightGCN,4,0.9999973773956299,-0.08313131332397461,0.19945818185806274,4.258853550709318e-06,1.860419511795044,2.0726635456085205
3665,St. Louis,Median Home Value,zip,2670,54,Feat\&PC-LightGCN,5,0.9999954700469971,0.09349226951599121,0.21540284156799316,7.412125341943465e-06,1.557045340538025,2.031381607055664
3666,St. Louis,Median Home Value,zip,2670,54,Feat\&PC-LightGCN,6,0.9999958872795105,-0.1526719331741333,0.19774162769317627,6.733117970725289e-06,1.979864478111267,2.0771079063415527
3667,St. Louis,Median Home Value,zip,2670,54,Feat\&PC-LightGCN,7,0.9999974966049194,0.007621824741363525,0.14383339881896973,4.093975348951062e-06,1.7045390605926514,2.2166802883148193
3668,St. Louis,Median Home Value,zip,2670,54,Feat\&PC-LightGCN,8,0.9999918937683105,-0.06157064437866211,0.17289167642593384,1.3202425179770216e-05,1.823386311531067,2.141446113586426
3669,St. Louis,Median Home Value,zip,2670,54,Feat\&PC-LightGCN,9,0.9999911189079285,-0.10945379734039307,0.15235739946365356,1.447313479729928e-05,1.9056316614151,2.194611072540283
3670,St. Louis,Median Home Value,zip,2670,54,NoPreTrain,0,0.9999071359634399,0.2789158821105957,0.20608389377593994,0.0001517432538093999,1.2385560274124146,2.055509090423584
3671,St. Louis,Median Home Value,zip,2670,54,NoPreTrain,1,0.9997267127037048,-0.9717328548431396,0.2723563313484192,0.000446566438768059,3.3867087364196777,1.8839246034622192
3672,St. Louis,Median Home Value,zip,2670,54,NoPreTrain,2,0.9939598441123962,-2.6621694564819336,0.11135232448577881,0.009869730100035667,6.29025411605835,2.300776481628418
3673,St. Louis,Median Home Value,zip,2670,54,NoPreTrain,3,0.9999158382415771,-0.46384263038635254,-0.28638625144958496,0.00013750014477409422,2.514340877532959,3.330551862716675
3674,St. Louis,Median Home Value,zip,2670,54,NoPreTrain,4,0.9998399019241333,-0.10619139671325684,-0.09910404682159424,0.00026155656087212265,1.900028109550476,2.8456637859344482
3675,St. Louis,Median Home Value,zip,2670,54,NoPreTrain,5,0.9999518394470215,0.25601595640182495,0.39391422271728516,7.865781662985682e-05,1.2778897285461426,1.5692020654678345
3676,St. Louis,Median Home Value,zip,2670,54,NoPreTrain,6,0.9992303848266602,-0.5480573177337646,-0.9830315113067627,0.0012575977016240358,2.6589906215667725,5.134219169616699
3677,St. Louis,Median Home Value,zip,2670,54,NoPreTrain,7,0.9998056888580322,-5.156704902648926,-1.315141201019287,0.0003175185702275485,10.574944496154785,5.994076251983643
3678,St. Louis,Median Home Value,zip,2670,54,NoPreTrain,8,0.9934347867965698,-1.3915491104125977,-7.949063301086426,0.01072775200009346,4.107797622680664,23.169803619384766
3679,St. Louis,Median Home Value,zip,2670,54,NoPreTrain,9,0.9999898076057434,0.36137545108795166,0.35615789890289307,1.6695019439794123e-05,1.0969210863113403,1.6669560670852661
3680,St. Louis,Commute Time,zip,2670,54,Emb,0,0.9993401169776917,-0.7882158756256104,-0.009586215019226074,0.0010702251456677914,1.466783046722412,3.380706787109375
3681,St. Louis,Commute Time,zip,2670,54,Emb,1,0.9999803900718689,-1.4323573112487793,0.029142558574676514,3.183227818226442e-05,1.9951395988464355,3.2510194778442383
3682,St. Louis,Commute Time,zip,2670,54,Emb,2,0.9999781250953674,-1.5087106227874756,-0.06796503067016602,3.551478584995493e-05,2.0577683448791504,3.5761945247650146
3683,St. Louis,Commute Time,zip,2670,54,Emb,3,0.9999209642410278,-0.4346569776535034,-0.36558711528778076,0.000128199317259714,1.1767765283584595,4.572813987731934
3684,St. Louis,Commute Time,zip,2670,54,Emb,4,0.999923050403595,-0.6541002988815308,-0.12796592712402344,0.00012475709081627429,1.3567748069763184,3.777113914489746
3685,St. Louis,Commute Time,zip,2670,54,Emb,5,0.9999774098396301,-1.459242820739746,-0.024123430252075195,3.6656329029938206e-05,2.0171926021575928,3.4293863773345947
3686,St. Louis,Commute Time,zip,2670,54,Emb,6,0.999984860420227,-1.0872724056243896,-0.05457019805908203,2.4521905288565904e-05,1.7120839357376099,3.5313405990600586
3687,St. Louis,Commute Time,zip,2670,54,Emb,7,0.9999929666519165,-0.7288632392883301,-0.06029713153839111,1.1399395589251071e-05,1.4180989265441895,3.5505177974700928
3688,St. Louis,Commute Time,zip,2670,54,Emb,8,0.9999861717224121,-1.4223670959472656,0.027534127235412598,2.2470041585620493e-05,1.9869450330734253,3.2564055919647217
3689,St. Louis,Commute Time,zip,2670,54,Emb,9,0.9999668002128601,-1.9178338050842285,0.02637392282485962,5.3879895858699456e-05,2.3933515548706055,3.2602906227111816
3690,St. Louis,Commute Time,zip,2670,54,RGNN,0,0.9968019723892212,-0.8295327425003052,-0.0371319055557251,0.005186478607356548,1.5006731748580933,3.4729464054107666
3691,St. Louis,Commute Time,zip,2670,54,RGNN,1,0.9842731356620789,-1.0583841800689697,0.07118719816207886,0.025505589321255684,1.6883883476257324,3.1102285385131836
3692,St. Louis,Commute Time,zip,2670,54,RGNN,2,0.994016706943512,-0.8963847160339355,0.1385849118232727,0.009703660383820534,1.5555083751678467,2.88454008102417
3693,St. Louis,Commute Time,zip,2670,54,RGNN,3,0.998925507068634,-1.0191853046417236,0.013746678829193115,0.001742619089782238,1.6562354564666748,3.3025741577148438
3694,St. Louis,Commute Time,zip,2670,54,RGNN,4,0.9901530146598816,-1.8066909313201904,-0.05241990089416504,0.01596965454518795,2.3021864891052246,3.5241401195526123
3695,St. Louis,Commute Time,zip,2670,54,RGNN,5,0.9976906776428223,-0.880685567855835,-0.05943441390991211,0.003745202673599124,1.5426311492919922,3.547628879547119
3696,St. Louis,Commute Time,zip,2670,54,RGNN,6,0.9956142902374268,-0.7179273366928101,-0.15745937824249268,0.007112635765224695,1.4091289043426514,3.875875949859619
3697,St. Louis,Commute Time,zip,2670,54,RGNN,7,0.9939302802085876,-0.7816708087921143,0.12386119365692139,0.009843757376074791,1.4614143371582031,2.9338440895080566
3698,St. Louis,Commute Time,zip,2670,54,RGNN,8,0.9896093606948853,-0.9593364000320435,-0.03709566593170166,0.016851376742124557,1.6071444749832153,3.472825050354004
3699,St. Louis,Commute Time,zip,2670,54,RGNN,9,0.9891629219055176,-1.0445208549499512,-0.09143197536468506,0.017575394362211227,1.677017092704773,3.654776096343994
3700,St. Louis,Commute Time,zip,2670,54,Feat-RGNN,0,0.9830337166786194,-1.1819877624511719,-0.00923764705657959,0.027515694499015808,1.7897740602493286,3.379539728164673
3701,St. Louis,Commute Time,zip,2670,54,Feat-RGNN,1,0.9900959730148315,-0.9985382556915283,-0.047714829444885254,0.01606224663555622,1.639299750328064,3.5083847045898438
3702,St. Louis,Commute Time,zip,2670,54,Feat-RGNN,2,0.9963867664337158,-1.5900919437408447,-0.12203407287597656,0.005859874188899994,2.124521255493164,3.7572503089904785
3703,St. Louis,Commute Time,zip,2670,54,Feat-RGNN,3,0.9879544973373413,-1.0873916149139404,0.02810227870941162,0.019535232335329056,1.712181568145752,3.254503011703491
3704,St. Louis,Commute Time,zip,2670,54,Feat-RGNN,4,0.9908066987991333,-0.9990254640579224,0.053075969219207764,0.014909576624631882,1.6396994590759277,3.1708757877349854
3705,St. Louis,Commute Time,zip,2670,54,Feat-RGNN,5,0.9937019944190979,-1.6888396739959717,0.05635249614715576,0.010213974863290787,2.205518960952759,3.1599042415618896
3706,St. Louis,Commute Time,zip,2670,54,Feat-RGNN,6,0.9854539036750793,-0.803779125213623,-0.10795700550079346,0.02359064295887947,1.479548692703247,3.7101120948791504
3707,St. Louis,Commute Time,zip,2670,54,Feat-RGNN,7,0.9850435853004456,-0.7931019067764282,0.11862069368362427,0.024256117641925812,1.4707907438278198,2.951392412185669
3708,St. Louis,Commute Time,zip,2670,54,Feat-RGNN,8,0.971351683139801,-0.4833080768585205,-0.04083108901977539,0.04646138846874237,1.2166825532913208,3.4853334426879883
3709,St. Louis,Commute Time,zip,2670,54,Feat-RGNN,9,0.9795766472816467,-0.9454913139343262,0.1324065923690796,0.033122312277555466,1.5957881212234497,2.905228853225708
3710,St. Louis,Commute Time,zip,2670,54,Feat\&PC-RGNN,0,0.9996036887168884,-1.328390121459961,-0.5043420791625977,0.0006427656626328826,1.909860610961914,5.037449359893799
3711,St. Louis,Commute Time,zip,2670,54,Feat\&PC-RGNN,1,0.9939855337142944,-0.710391640663147,-0.7301226854324341,0.009754212573170662,1.4029476642608643,5.793499946594238
3712,St. Louis,Commute Time,zip,2670,54,Feat\&PC-RGNN,2,0.9877934455871582,-1.1094038486480713,-0.6192480325698853,0.019796419888734818,1.7302372455596924,5.422224521636963
3713,St. Louis,Commute Time,zip,2670,54,Feat\&PC-RGNN,3,0.9979701638221741,-0.49897563457489014,-0.9739229679107666,0.003292003646492958,1.2295337915420532,6.609890937805176
3714,St. Louis,Commute Time,zip,2670,54,Feat\&PC-RGNN,4,0.9933873414993286,-0.6132053136825562,-0.7189626693725586,0.010724322870373726,1.3232306241989136,5.756129741668701
3715,St. Louis,Commute Time,zip,2670,54,Feat\&PC-RGNN,5,0.9985162615776062,-0.7717430591583252,-0.5178775787353516,0.002406281651929021,1.4532711505889893,5.082774639129639
3716,St. Louis,Commute Time,zip,2670,54,Feat\&PC-RGNN,6,0.9976056218147278,-1.416534185409546,-0.9064035415649414,0.003883160650730133,1.9821606874465942,6.383795261383057
3717,St. Louis,Commute Time,zip,2670,54,Feat\&PC-RGNN,7,0.9983062744140625,-0.6081191301345825,-0.8450862169265747,0.0027468830812722445,1.3190586566925049,6.178467273712158
3718,St. Louis,Commute Time,zip,2670,54,Feat\&PC-RGNN,8,0.9986293315887451,-1.0888166427612305,-0.7391811609268188,0.0022229161113500595,1.7133504152297974,5.823832988739014
3719,St. Louis,Commute Time,zip,2670,54,Feat\&PC-RGNN,9,0.9995999932289124,-0.9720693826675415,-0.8237556219100952,0.0006486939964815974,1.617588758468628,6.107039928436279
3720,St. Louis,Commute Time,zip,2670,54,LightGCN,0,0.9879252910614014,-1.1223223209381104,-0.39626622200012207,0.019582588225603104,1.7408336400985718,4.675546169281006
3721,St. Louis,Commute Time,zip,2670,54,LightGCN,1,0.9910861253738403,-1.4092216491699219,-0.24569940567016602,0.014456380158662796,1.9761624336242676,4.171357154846191
3722,St. Louis,Commute Time,zip,2670,54,LightGCN,2,0.9999949932098389,-0.8710838556289673,-0.48788368701934814,8.122920917230658e-06,1.5347553491592407,4.98233699798584
3723,St. Louis,Commute Time,zip,2670,54,LightGCN,3,0.9925709366798401,-0.7659410238265991,-0.48905324935913086,0.012048393487930298,1.4485119581222534,4.986253261566162
3724,St. Louis,Commute Time,zip,2670,54,LightGCN,4,0.998445987701416,-0.5561853647232056,-0.3618067502975464,0.0025202282704412937,1.2764601707458496,4.560154914855957
3725,St. Louis,Commute Time,zip,2670,54,LightGCN,5,0.9995040893554688,-0.9656063318252563,-0.19904029369354248,0.0008042871486395597,1.6122874021530151,4.0151143074035645
3726,St. Louis,Commute Time,zip,2670,54,LightGCN,6,0.9999940991401672,-0.9426734447479248,-0.36346912384033203,9.61450223257998e-06,1.5934767723083496,4.56572151184082
3727,St. Louis,Commute Time,zip,2670,54,LightGCN,7,0.9974766373634338,-0.9842054843902588,-0.4438410997390747,0.0040923915803432465,1.627543330192566,4.834855556488037
3728,St. Louis,Commute Time,zip,2670,54,LightGCN,8,0.9973147511482239,-0.8312782049179077,-0.5040007829666138,0.004354916978627443,1.5021048784255981,5.036306858062744
3729,St. Louis,Commute Time,zip,2670,54,LightGCN,9,0.9937514662742615,-1.1901447772979736,-0.5463054180145264,0.010133789852261543,1.7964649200439453,5.177968502044678
3730,St. Louis,Commute Time,zip,2670,54,Feat-LightGCN,0,0.9995144009590149,-0.47659122943878174,-0.3759193420410156,0.0007875681621953845,1.2111730575561523,4.607412338256836
3731,St. Louis,Commute Time,zip,2670,54,Feat-LightGCN,1,0.9976879358291626,-0.5350472927093506,-0.015961527824401855,0.0037496783770620823,1.2591215372085571,3.402055263519287
3732,St. Louis,Commute Time,zip,2670,54,Feat-LightGCN,2,0.9914354681968689,-0.18118762969970703,-0.17295730113983154,0.013889851979911327,0.9688684344291687,3.9277725219726562
3733,St. Louis,Commute Time,zip,2670,54,Feat-LightGCN,3,0.9997557401657104,-0.09417915344238281,-0.4830513000488281,0.00039613532135263085,0.8974997997283936,4.966155052185059
3734,St. Louis,Commute Time,zip,2670,54,Feat-LightGCN,4,0.9999907612800598,-0.17985045909881592,-0.3476243019104004,1.5007994079496711e-05,0.967771589756012,4.5126633644104
3735,St. Louis,Commute Time,zip,2670,54,Feat-LightGCN,5,0.9862411618232727,-0.3103848695755005,0.041422247886657715,0.022313876077532768,1.0748423337936401,3.209899663925171
3736,St. Louis,Commute Time,zip,2670,54,Feat-LightGCN,6,0.9999160766601562,-0.473905086517334,-0.3199036121368408,0.00013613907503895462,1.2089697122573853,4.419837474822998
3737,St. Louis,Commute Time,zip,2670,54,Feat-LightGCN,7,0.9896160364151001,-0.4141044616699219,-0.27532994747161865,0.016840586438775063,1.1599183082580566,4.270578384399414
3738,St. Louis,Commute Time,zip,2670,54,Feat-LightGCN,8,0.9999691247940063,-0.5039538145065308,-0.21979737281799316,5.0094684411305934e-05,1.2336171865463257,4.084621429443359
3739,St. Louis,Commute Time,zip,2670,54,Feat-LightGCN,9,0.9999163150787354,-0.34373295307159424,-0.36839497089385986,0.00013570167357102036,1.102196216583252,4.582216262817383
3740,St. Louis,Commute Time,zip,2670,54,Feat\&PC-LightGCN,0,0.9999906420707703,-0.029076576232910156,-0.271744966506958,1.5192478713288438e-05,0.8440994024276733,4.258573532104492
3741,St. Louis,Commute Time,zip,2670,54,Feat\&PC-LightGCN,1,0.9999952912330627,-0.3261209726333618,-0.2871013879776001,7.628300863871118e-06,1.08774995803833,4.309996128082275
3742,St. Louis,Commute Time,zip,2670,54,Feat\&PC-LightGCN,2,0.9999988079071045,-0.2910575866699219,-0.35880279541015625,1.925087417475879e-06,1.05898916721344,4.550096035003662
3743,St. Louis,Commute Time,zip,2670,54,Feat\&PC-LightGCN,3,0.9995313882827759,-0.030713438987731934,-0.32003211975097656,0.0007600127137266099,0.8454420566558838,4.4202680587768555
3744,St. Louis,Commute Time,zip,2670,54,Feat\&PC-LightGCN,4,0.9999964237213135,-0.31390154361724854,-0.28788912296295166,5.778011654911097e-06,1.07772696018219,4.312633991241455
3745,St. Louis,Commute Time,zip,2670,54,Feat\&PC-LightGCN,5,0.9999801516532898,-0.27305102348327637,-0.39271366596221924,3.2185896998271346e-05,1.0442193746566772,4.663650035858154
3746,St. Louis,Commute Time,zip,2670,54,Feat\&PC-LightGCN,6,0.9999977946281433,-0.21911108493804932,-0.144700288772583,3.610480007409933e-06,0.9999751448631287,3.833150625228882
3747,St. Louis,Commute Time,zip,2670,54,Feat\&PC-LightGCN,7,0.9999943971633911,-0.24448060989379883,-0.3183995485305786,9.106509423872922e-06,1.0207844972610474,4.414801120758057
3748,St. Louis,Commute Time,zip,2670,54,Feat\&PC-LightGCN,8,0.9999961853027344,-0.4262040853500366,-0.2592275142669678,6.230632607184816e-06,1.1698429584503174,4.216657638549805
3749,St. Louis,Commute Time,zip,2670,54,Feat\&PC-LightGCN,9,0.9999982118606567,-0.029030680656433105,-0.19825363159179688,2.876145799746155e-06,0.8440617918968201,4.012479782104492
3750,St. Louis,Commute Time,zip,2670,54,NoPreTrain,0,0.9997247457504272,0.3119197487831116,0.0463983416557312,0.00044639850966632366,0.564397394657135,3.1932365894317627
3751,St. Louis,Commute Time,zip,2670,54,NoPreTrain,1,0.9998815059661865,-2.0121657848358154,-0.18435239791870117,0.00019214385247323662,2.47072696685791,3.965930223464966
3752,St. Louis,Commute Time,zip,2670,54,NoPreTrain,2,0.9997828006744385,-6.465024948120117,0.24522894620895386,0.0003522903425619006,6.12318229675293,2.5274312496185303
3753,St. Louis,Commute Time,zip,2670,54,NoPreTrain,3,0.9998812675476074,-0.562089204788208,-0.20948994159698486,0.00019256433006376028,1.2813026905059814,4.050105571746826
3754,St. Louis,Commute Time,zip,2670,54,NoPreTrain,4,0.9993010759353638,-1.3713889122009277,-0.3679555654525757,0.0011334975715726614,1.9451302289962769,4.580744743347168
3755,St. Louis,Commute Time,zip,2670,54,NoPreTrain,5,0.9995859265327454,-1.0463190078735352,-1.0577764511108398,0.0006715464405715466,1.6784919500350952,6.890683174133301
3756,St. Louis,Commute Time,zip,2670,54,NoPreTrain,6,0.9998601078987122,0.05895763635635376,-1.1070396900177002,0.00022690992045681924,0.7718894481658936,7.055646896362305
3757,St. Louis,Commute Time,zip,2670,54,NoPreTrain,7,0.9992397427558899,-1.841644287109375,-0.16758620738983154,0.0012329574674367905,2.330857038497925,3.9097864627838135
3758,St. Louis,Commute Time,zip,2670,54,NoPreTrain,8,0.9655107259750366,-7.722896575927734,-4.683143615722656,0.055934250354766846,7.154950141906738,19.030611038208008
3759,St. Louis,Commute Time,zip,2670,54,NoPreTrain,9,0.9999911189079285,0.08050906658172607,-0.5369634628295898,1.4414764336834196e-05,0.7542118430137634,5.14668607711792
3760,St. Louis,Median Age,zip,2670,54,Emb,0,0.9999581575393677,-0.4881941080093384,-0.5010232925415039,7.312303205253556e-05,1.5810389518737793,3.3577375411987305
3761,St. Louis,Median Age,zip,2670,54,Emb,1,0.999936580657959,-0.8163429498672485,-0.9683200120925903,0.00011091216583736241,1.9296600818634033,4.403064250946045
3762,St. Louis,Median Age,zip,2670,54,Emb,2,0.9996652007102966,-0.7805410623550415,-0.9589940309524536,0.0005854510818608105,1.8916245698928833,4.3822021484375
3763,St. Louis,Median Age,zip,2670,54,Emb,3,0.9999891519546509,-0.6081254482269287,-0.7646182775497437,1.892242653411813e-05,1.7084523439407349,3.947390079498291
3764,St. Louis,Median Age,zip,2670,54,Emb,4,0.9999313950538635,-0.6040259599685669,-0.8507410287857056,0.00012001278810203075,1.7040972709655762,4.14004373550415
3765,St. Louis,Median Age,zip,2670,54,Emb,5,0.9999671578407288,-0.7592836618423462,-0.9046698808670044,5.7469056628178805e-05,1.869041085243225,4.260680675506592
3766,St. Louis,Median Age,zip,2670,54,Emb,6,0.9999764561653137,-0.7231062650680542,-0.6506204605102539,4.120192170375958e-05,1.8306065797805786,3.6923811435699463
3767,St. Louis,Median Age,zip,2670,54,Emb,7,0.9999152421951294,-0.5352864265441895,-0.7356187105178833,0.00014820315118413419,1.6310691833496094,3.882519006729126
3768,St. Louis,Median Age,zip,2670,54,Emb,8,0.9989522099494934,-0.7564287185668945,-0.7507872581481934,0.001832340843975544,1.8660080432891846,3.9164507389068604
3769,St. Louis,Median Age,zip,2670,54,Emb,9,0.9999560713768005,-0.4267435073852539,-0.6822067499160767,7.687025936320424e-05,1.5157545804977417,3.7630386352539062
3770,St. Louis,Median Age,zip,2670,54,RGNN,0,0.9943267703056335,-0.17334628105163574,-0.6915702819824219,0.00992102175951004,1.2465485334396362,3.783984422683716
3771,St. Louis,Median Age,zip,2670,54,RGNN,1,0.9931042790412903,-0.06976723670959473,-0.718367338180542,0.012058855965733528,1.1365073919296265,3.843928575515747
3772,St. Louis,Median Age,zip,2670,54,RGNN,2,0.9973071813583374,-0.03308725357055664,-0.989082932472229,0.004709098022431135,1.0975390672683716,4.449510097503662
3773,St. Louis,Median Age,zip,2670,54,RGNN,3,0.9953538179397583,0.001331329345703125,-0.5554958581924438,0.00812502857297659,1.0609731674194336,3.479590654373169
3774,St. Louis,Median Age,zip,2670,54,RGNN,4,0.9868925213813782,-0.045736074447631836,-0.6695908308029175,0.02292163483798504,1.110977053642273,3.7348172664642334
3775,St. Louis,Median Age,zip,2670,54,RGNN,5,0.9927392601966858,0.03810757398605347,-0.5730299949645996,0.012697191908955574,1.0219025611877441,3.5188138484954834
3776,St. Louis,Median Age,zip,2670,54,RGNN,6,0.986458420753479,0.17921459674835205,-0.8388152122497559,0.02368081733584404,0.8719921708106995,4.11336612701416
3777,St. Louis,Median Age,zip,2670,54,RGNN,7,0.9888005256652832,-0.020690321922302246,-0.8523813486099243,0.019585004076361656,1.0843687057495117,4.143712997436523
3778,St. Louis,Median Age,zip,2670,54,RGNN,8,0.9920271039009094,0.03735804557800293,-0.8303502798080444,0.013942564837634563,1.0226988792419434,4.094430446624756
3779,St. Louis,Median Age,zip,2670,54,RGNN,9,0.9948770999908447,0.008642911911010742,-0.5755336284637451,0.00895865447819233,1.0532053709030151,3.524414300918579
3780,St. Louis,Median Age,zip,2670,54,Feat-RGNN,0,0.9793754816055298,-0.8195346593856812,-1.774857997894287,0.036067064851522446,1.9330509901046753,6.207261562347412
3781,St. Louis,Median Age,zip,2670,54,Feat-RGNN,1,0.9345411658287048,-2.5013036727905273,-2.826256036758423,0.11447080969810486,3.7197415828704834,8.559203147888184
3782,St. Louis,Median Age,zip,2670,54,Feat-RGNN,2,0.9839755892753601,-0.6827423572540283,-1.712862253189087,0.028022561222314835,1.7877246141433716,6.068579196929932
3783,St. Louis,Median Age,zip,2670,54,Feat-RGNN,3,0.9775657057762146,-1.6140291690826416,-2.9833858013153076,0.03923182934522629,2.7771120071411133,8.910696983337402
3784,St. Louis,Median Age,zip,2670,54,Feat-RGNN,4,0.9476390480995178,-0.9400832653045654,-2.1732864379882812,0.09156595170497894,2.0611202716827393,7.098532199859619
3785,St. Louis,Median Age,zip,2670,54,Feat-RGNN,5,0.9288323521614075,-1.6516046524047852,-2.3412535190582275,0.12445404380559921,2.8170316219329834,7.474268913269043
3786,St. Louis,Median Age,zip,2670,54,Feat-RGNN,6,0.9915742874145508,-1.3291361331939697,-3.0791945457458496,0.014734454452991486,2.474445343017578,9.125018119812012
3787,St. Louis,Median Age,zip,2670,54,Feat-RGNN,7,0.9676586389541626,-1.586442470550537,-2.7661051750183105,0.05655685439705849,2.7478044033050537,8.424647331237793
3788,St. Louis,Median Age,zip,2670,54,Feat-RGNN,8,0.9799465537071228,-2.0709779262542725,-2.2727952003479004,0.03506839647889137,3.262568712234497,7.321130275726318
3789,St. Louis,Median Age,zip,2670,54,Feat-RGNN,9,0.9819220900535583,-1.077653169631958,-2.7565951347351074,0.031613659113645554,2.207273006439209,8.403373718261719
3790,St. Louis,Median Age,zip,2670,54,Feat\&PC-RGNN,0,0.9964401721954346,0.06087309122085571,-1.3758153915405273,0.00622521061450243,0.9977167248725891,5.314617156982422
3791,St. Louis,Median Age,zip,2670,54,Feat\&PC-RGNN,1,0.9978389143943787,-0.03518807888031006,-1.108565092086792,0.003779181046411395,1.0997710227966309,4.716787338256836
3792,St. Louis,Median Age,zip,2670,54,Feat\&PC-RGNN,2,0.9971157312393188,0.04817253351211548,-0.8742660284042358,0.005043839104473591,1.0112096071243286,4.192668437957764
3793,St. Louis,Median Age,zip,2670,54,Feat\&PC-RGNN,3,0.999997079372406,0.25193488597869873,-0.5398805141448975,5.078396497992799e-06,0.7947350144386292,3.444659471511841
3794,St. Louis,Median Age,zip,2670,54,Feat\&PC-RGNN,4,0.9999492168426514,0.06984692811965942,-0.8626904487609863,8.878136577550322e-05,0.9881830215454102,4.166774272918701
3795,St. Louis,Median Age,zip,2670,54,Feat\&PC-RGNN,5,0.9998211860656738,0.023137927055358887,-0.8954687118530273,0.00031268212478607893,1.0378060340881348,4.240097999572754
3796,St. Louis,Median Age,zip,2670,54,Feat\&PC-RGNN,6,0.9980860352516174,-0.03370022773742676,-1.1029245853424072,0.003347085788846016,1.0981903076171875,4.704169750213623
3797,St. Louis,Median Age,zip,2670,54,Feat\&PC-RGNN,7,0.9991609454154968,0.22439461946487427,-0.9989815950393677,0.0014672958059236407,0.8239935040473938,4.471652984619141
3798,St. Louis,Median Age,zip,2670,54,Feat\&PC-RGNN,8,0.9942517876625061,0.22661513090133667,-1.3545238971710205,0.010052192024886608,0.8216344714164734,5.266988754272461
3799,St. Louis,Median Age,zip,2670,54,Feat\&PC-RGNN,9,0.9920575618743896,-0.04990112781524658,-1.4110476970672607,0.013889294117689133,1.1154018640518188,5.393430709838867
3800,St. Louis,Median Age,zip,2670,54,LightGCN,0,0.9997966885566711,-0.9178016185760498,-1.4544739723205566,0.0003555690054781735,2.0374486446380615,5.490573883056641
3801,St. Louis,Median Age,zip,2670,54,LightGCN,1,0.9958703517913818,-1.5540134906768799,-1.6957683563232422,0.007221674080938101,2.7133522033691406,6.030340671539307
3802,St. Louis,Median Age,zip,2670,54,LightGCN,2,0.9991844892501831,-0.9202831983566284,-1.3743727207183838,0.0014261535834521055,2.0400850772857666,5.311389923095703
3803,St. Louis,Median Age,zip,2670,54,LightGCN,3,0.9994646906852722,-1.8024682998657227,-1.705282211303711,0.0009360826225019991,2.9773073196411133,6.051623344421387
3804,St. Louis,Median Age,zip,2670,54,LightGCN,4,0.9993451237678528,-0.9405825138092041,-1.5071330070495605,0.0011451859027147293,2.0616507530212402,5.608370304107666
3805,St. Louis,Median Age,zip,2670,54,LightGCN,5,0.9995765089988708,-0.6782752275466919,-1.5756199359893799,0.0007406097138300538,1.7829787731170654,5.76157283782959
3806,St. Louis,Median Age,zip,2670,54,LightGCN,6,0.995710015296936,-0.7206449508666992,-1.5767130851745605,0.007502064108848572,1.8279918432235718,5.764018535614014
3807,St. Louis,Median Age,zip,2670,54,LightGCN,7,0.9995181560516357,-0.8640800714492798,-1.6374444961547852,0.0008425791747868061,1.9803754091262817,5.899872303009033
3808,St. Louis,Median Age,zip,2670,54,LightGCN,8,0.9986845850944519,-0.9418898820877075,-1.7755224704742432,0.0023003423120826483,2.063039541244507,6.208747863769531
3809,St. Louis,Median Age,zip,2670,54,LightGCN,9,0.9952535629272461,-1.9629645347595215,-1.591545581817627,0.008300310000777245,3.1478166580200195,5.7971978187561035
3810,St. Louis,Median Age,zip,2670,54,Feat-LightGCN,0,0.9999155402183533,-1.3359589576721191,-0.7135587930679321,0.00014771221322007477,2.4816935062408447,3.833171844482422
3811,St. Louis,Median Age,zip,2670,54,Feat-LightGCN,1,0.9996252655982971,-1.512587070465088,-0.644585371017456,0.0006552826380357146,2.6693413257598877,3.6788809299468994
3812,St. Louis,Median Age,zip,2670,54,Feat-LightGCN,2,0.9998147487640381,-1.1821300983428955,-0.7870787382125854,0.00032397377071902156,2.318267822265625,3.997633457183838
3813,St. Louis,Median Age,zip,2670,54,Feat-LightGCN,3,0.9999630451202393,-1.3330919742584229,-0.5544978380203247,6.466782360803336e-05,2.4786477088928223,3.477358102798462
3814,St. Louis,Median Age,zip,2670,54,Feat-LightGCN,4,0.9999024868011475,-1.5201210975646973,-0.5681265592575073,0.00017048526206053793,2.6773452758789062,3.507845163345337
3815,St. Louis,Median Age,zip,2670,54,Feat-LightGCN,5,0.9991247057914734,-1.145831823348999,-0.796588659286499,0.0015306586865335703,2.279705047607422,4.018907070159912
3816,St. Louis,Median Age,zip,2670,54,Feat-LightGCN,6,0.9999657869338989,-1.4288549423217773,-0.8468493223190308,5.981689173495397e-05,2.580385446548462,4.131338119506836
3817,St. Louis,Median Age,zip,2670,54,Feat-LightGCN,7,0.999462902545929,-1.40791654586792,-0.3339560031890869,0.0009392558131366968,2.558140516281128,2.984013557434082
3818,St. Louis,Median Age,zip,2670,54,Feat-LightGCN,8,0.9996145963668823,-1.3571674823760986,-0.4455043077468872,0.0006739684613421559,2.504225492477417,3.2335433959960938
3819,St. Louis,Median Age,zip,2670,54,Feat-LightGCN,9,0.9998469352722168,-1.0936057567596436,-0.58648681640625,0.0002676696458365768,2.2242205142974854,3.5489161014556885
3820,St. Louis,Median Age,zip,2670,54,Feat\&PC-LightGCN,0,0.9999979734420776,0.1884394884109497,-1.0645005702972412,3.5213574847148266e-06,0.8621917963027954,4.618216514587402
3821,St. Louis,Median Age,zip,2670,54,Feat\&PC-LightGCN,1,0.9999849796295166,0.22200161218643188,-0.7377079725265503,2.6236020858050324e-05,0.8265358209609985,3.887192726135254
3822,St. Louis,Median Age,zip,2670,54,Feat\&PC-LightGCN,2,0.9999985694885254,0.1352052092552185,-0.8637630939483643,2.477734142303234e-06,0.9187471866607666,4.169173717498779
3823,St. Louis,Median Age,zip,2670,54,Feat\&PC-LightGCN,3,0.999995768070221,0.2147265076637268,-0.9000948667526245,7.432677648466779e-06,0.8342647552490234,4.250446796417236
3824,St. Louis,Median Age,zip,2670,54,Feat\&PC-LightGCN,4,0.9999988675117493,0.1366601586341858,-0.8439218997955322,2.00021781893156e-06,0.9172014594078064,4.124789714813232
3825,St. Louis,Median Age,zip,2670,54,Feat\&PC-LightGCN,5,0.999983012676239,0.23672044277191162,-0.7438851594924927,2.975161260110326e-05,0.8108987212181091,3.9010109901428223
3826,St. Louis,Median Age,zip,2670,54,Feat\&PC-LightGCN,6,0.9999989867210388,0.16030532121658325,-0.969912052154541,1.8148136859963415e-06,0.8920812010765076,4.406625270843506
3827,St. Louis,Median Age,zip,2670,54,Feat\&PC-LightGCN,7,0.9999991059303284,0.3162221908569336,-0.6161215305328369,1.563504156365525e-06,0.7264370322227478,3.6152079105377197
3828,St. Louis,Median Age,zip,2670,54,Feat\&PC-LightGCN,8,0.9999986886978149,0.2744317054748535,-0.619125485420227,2.2840852125227684e-06,0.770834743976593,3.6219277381896973
3829,St. Louis,Median Age,zip,2670,54,Feat\&PC-LightGCN,9,0.9999972581863403,0.08406001329421997,-1.0642573833465576,4.840162546315696e-06,0.9730832576751709,4.617672443389893
3830,St. Louis,Median Age,zip,2670,54,NoPreTrain,0,0.9968747496604919,-1.1528737545013428,-1.2657980918884277,0.005465220659971237,2.28718638420105,5.068512439727783
3831,St. Louis,Median Age,zip,2670,54,NoPreTrain,1,0.9997540712356567,-0.6113299131393433,-1.7935352325439453,0.0004301154986023903,1.7118568420410156,6.24904203414917
3832,St. Louis,Median Age,zip,2670,54,NoPreTrain,2,0.9998070001602173,-3.2655234336853027,-1.3008432388305664,0.0003375298692844808,4.531639099121094,5.146906852722168
3833,St. Louis,Median Age,zip,2670,54,NoPreTrain,3,0.9998820424079895,-2.6081931591033936,-2.2298619747161865,0.00020630445214919746,3.833299398422241,7.225090026855469
3834,St. Louis,Median Age,zip,2670,54,NoPreTrain,4,0.992561399936676,-0.8531172275543213,-0.8306787014007568,0.01300821639597416,1.9687286615371704,4.095165252685547
3835,St. Louis,Median Age,zip,2670,54,NoPreTrain,5,0.9972147941589355,-0.40595340728759766,-0.6449744701385498,0.004870637785643339,1.493667483329773,3.679751396179199
3836,St. Louis,Median Age,zip,2670,54,NoPreTrain,6,0.9996563196182251,-3.6375136375427246,-1.5727035999298096,0.0006010252982378006,4.9268364906311035,5.755049228668213
3837,St. Louis,Median Age,zip,2670,54,NoPreTrain,7,0.9934465289115906,-6.1149187088012695,-3.9570393562316895,0.0114603191614151,7.558801174163818,11.088726043701172
3838,St. Louis,Median Age,zip,2670,54,NoPreTrain,8,0.9998764991760254,-1.2491440773010254,-3.4785218238830566,0.00021602222113870084,2.389462471008301,10.018299102783203
3839,St. Louis,Median Age,zip,2670,54,NoPreTrain,9,0.9995552897453308,-1.5001628398895264,-0.8937913179397583,0.0007776814745739102,2.656141996383667,4.2363457679748535
3840,Indianapolis,Median Income,zip,2745,31,Emb,0,0.999993085861206,0.2694130539894104,-0.5540181398391724,1.4012980500410777e-05,3.5540339946746826,0.8394843935966492
3841,Indianapolis,Median Income,zip,2745,31,Emb,1,0.999998927116394,0.20448815822601318,-0.7267546653747559,2.211621449532686e-06,3.8698692321777344,0.9327970743179321
3842,Indianapolis,Median Income,zip,2745,31,Emb,2,0.9997701644897461,0.2803025245666504,-0.7597055435180664,0.00046646760893054307,3.5010604858398438,0.9505972266197205
3843,Indianapolis,Median Income,zip,2745,31,Emb,3,0.9999954104423523,0.23854130506515503,-0.8584936857223511,9.31856357055949e-06,3.7042133808135986,1.0039628744125366
3844,Indianapolis,Median Income,zip,2745,31,Emb,4,0.9999954700469971,0.329076886177063,-0.6411640644073486,9.167606549453922e-06,3.26379132270813,0.88656085729599
3845,Indianapolis,Median Income,zip,2745,31,Emb,5,0.9999547004699707,0.22438371181488037,-0.5774487257003784,9.200155909638852e-05,3.773084878921509,0.8521416783332825
3846,Indianapolis,Median Income,zip,2745,31,Emb,6,0.9999878406524658,0.2656448483467102,-0.48707497119903564,2.4683211449882947e-05,3.5723648071289062,0.8033215403556824
3847,Indianapolis,Median Income,zip,2745,31,Emb,7,0.9998358488082886,0.34441834688186646,-0.27604639530181885,0.0003331603656988591,3.1891610622406006,0.689323365688324
3848,Indianapolis,Median Income,zip,2745,31,Emb,8,0.9999990463256836,0.374792218208313,-0.22171592712402344,1.9429728581599193e-06,3.0414035320281982,0.6599739789962769
3849,Indianapolis,Median Income,zip,2745,31,Emb,9,0.9999885559082031,0.3081110715866089,-0.925984263420105,2.317665348527953e-05,3.3657824993133545,1.0404213666915894
3850,Indianapolis,Median Income,zip,2745,31,RGNN,0,0.999945878982544,0.5030882358551025,-1.357189416885376,0.0001099104483728297,2.4172909259796143,1.2733594179153442
3851,Indianapolis,Median Income,zip,2745,31,RGNN,1,0.9996742010116577,0.39818882942199707,-5.675358772277832,0.000661275873426348,2.9275875091552734,3.6060450077056885
3852,Indianapolis,Median Income,zip,2745,31,RGNN,2,0.9987319111824036,0.41092002391815186,-3.7128005027770996,0.002573988866060972,2.865654945373535,2.5458662509918213
3853,Indianapolis,Median Income,zip,2745,31,RGNN,3,0.9966613054275513,0.40272796154022217,-2.7195980548858643,0.0067769004963338375,2.9055063724517822,2.009335994720459
3854,Indianapolis,Median Income,zip,2745,31,RGNN,4,0.9983159303665161,0.3863455057144165,-3.8666539192199707,0.003418319160118699,2.985200881958008,2.6289784908294678
3855,Indianapolis,Median Income,zip,2745,31,RGNN,5,0.9988136887550354,0.42346417903900146,-5.898526668548584,0.0024079408030956984,2.8046324253082275,3.7266008853912354
3856,Indianapolis,Median Income,zip,2745,31,RGNN,6,0.9680091142654419,0.42106103897094727,-4.352293968200684,0.06493470817804337,2.8163225650787354,2.891322374343872
3857,Indianapolis,Median Income,zip,2745,31,RGNN,7,0.9901183843612671,0.49049144983291626,-1.458070993423462,0.020057592540979385,2.478569746017456,1.3278559446334839
3858,Indianapolis,Median Income,zip,2745,31,RGNN,8,0.997506320476532,0.434908390045166,-6.130719184875488,0.005061585456132889,2.748960494995117,3.852031946182251
3859,Indianapolis,Median Income,zip,2745,31,RGNN,9,0.9999934434890747,0.43614399433135986,-3.2347517013549805,1.3324254723556805e-05,2.7429497241973877,2.287623167037964
3860,Indianapolis,Median Income,zip,2745,31,Feat-RGNN,0,0.9973832368850708,0.4214370846748352,0.3031191825866699,0.005311458371579647,2.814493417739868,0.37645673751831055
3861,Indianapolis,Median Income,zip,2745,31,Feat-RGNN,1,0.9998828172683716,0.5086545944213867,-0.15845906734466553,0.0002378926146775484,2.3902127742767334,0.6258024573326111
3862,Indianapolis,Median Income,zip,2745,31,Feat-RGNN,2,0.9995526671409607,0.37876176834106445,0.17929816246032715,0.000907980720512569,3.0220930576324463,0.4433451294898987
3863,Indianapolis,Median Income,zip,2745,31,Feat-RGNN,3,0.9960798025131226,0.4893023371696472,0.38953906297683716,0.007957232184708118,2.484354257583618,0.3297725021839142
3864,Indianapolis,Median Income,zip,2745,31,Feat-RGNN,4,0.9999913573265076,0.49179935455322266,-0.02242887020111084,1.7581658539711498e-05,2.4722073078155518,0.5523185729980469
3865,Indianapolis,Median Income,zip,2745,31,Feat-RGNN,5,0.9978658556938171,0.3941569924354553,0.647119402885437,0.004331810399889946,2.9472010135650635,0.19062697887420654
3866,Indianapolis,Median Income,zip,2745,31,Feat-RGNN,6,0.9997460246086121,0.43796491622924805,-0.35981833934783936,0.0005155272083356977,2.7340917587280273,0.7345771789550781
3867,Indianapolis,Median Income,zip,2745,31,Feat-RGNN,7,0.9996335506439209,0.43382227420806885,0.4171959161758423,0.0007438430329784751,2.754244089126587,0.3148321807384491
3868,Indianapolis,Median Income,zip,2745,31,Feat-RGNN,8,0.9999562501907349,0.38561195135116577,-0.28452324867248535,8.884675480658188e-05,2.98876953125,0.6939026117324829
3869,Indianapolis,Median Income,zip,2745,31,Feat-RGNN,9,0.9999949932098389,0.46036356687545776,0.638293981552124,1.0207968443864956e-05,2.6251304149627686,0.19539450109004974
3870,Indianapolis,Median Income,zip,2745,31,Feat\&PC-RGNN,0,0.9988042116165161,0.2772027254104614,0.08603495359420776,0.0024272585287690163,3.5161399841308594,0.4937261641025543
3871,Indianapolis,Median Income,zip,2745,31,Feat\&PC-RGNN,1,0.9999958872795105,0.14569348096847534,-0.0005539655685424805,8.320253073179629e-06,4.155883312225342,0.5405017137527466
3872,Indianapolis,Median Income,zip,2745,31,Feat\&PC-RGNN,2,0.9960113763809204,0.13250970840454102,0.3423730134963989,0.008096066303551197,4.220017910003662,0.3552517294883728
3873,Indianapolis,Median Income,zip,2745,31,Feat\&PC-RGNN,3,0.999998152256012,0.06555932760238647,0.29515528678894043,3.6946855743735796e-06,4.545706272125244,0.3807588219642639
3874,Indianapolis,Median Income,zip,2745,31,Feat\&PC-RGNN,4,0.9995715022087097,-0.017835497856140137,-0.26312828063964844,0.0008697009761817753,4.951391220092773,0.6823449730873108
3875,Indianapolis,Median Income,zip,2745,31,Feat\&PC-RGNN,5,0.9994058609008789,0.07065486907958984,-0.46976423263549805,0.0012059910222887993,4.520918369293213,0.7939702272415161
3876,Indianapolis,Median Income,zip,2745,31,Feat\&PC-RGNN,6,0.9924232959747314,0.1854691505432129,0.15269619226455688,0.015379066579043865,3.9623897075653076,0.45771557092666626
3877,Indianapolis,Median Income,zip,2745,31,Feat\&PC-RGNN,7,0.9999947547912598,0.27148115634918213,-0.08109080791473389,1.0609935088723432e-05,3.543973207473755,0.5840078592300415
3878,Indianapolis,Median Income,zip,2745,31,Feat\&PC-RGNN,8,0.9997621178627014,0.39594894647598267,-0.18417346477508545,0.00048279191832989454,2.938483953475952,0.6396933794021606
3879,Indianapolis,Median Income,zip,2745,31,Feat\&PC-RGNN,9,0.9999688863754272,0.03369349241256714,-0.2664456367492676,6.319146632449701e-05,4.700721740722656,0.6841369867324829
3880,Indianapolis,Median Income,zip,2745,31,LightGCN,0,0.9999240040779114,0.47333741188049316,0.9256662130355835,0.00015421869466081262,2.5620176792144775,0.04015529528260231
3881,Indianapolis,Median Income,zip,2745,31,LightGCN,1,0.9993935227394104,0.48885995149612427,0.7586278915405273,0.0012309662997722626,2.486506223678589,0.13038979470729828
3882,Indianapolis,Median Income,zip,2745,31,LightGCN,2,0.9999825954437256,0.4502854347229004,0.7921508550643921,3.526930959196761e-05,2.674156904220581,0.11228062212467194
3883,Indianapolis,Median Income,zip,2745,31,LightGCN,3,0.9999939799308777,0.5395033359527588,0.7660120129585266,1.2189531844342127e-05,2.240145206451416,0.1264008730649948
3884,Indianapolis,Median Income,zip,2745,31,LightGCN,4,0.9999774098396301,0.46293073892593384,0.7106871604919434,4.5883523853262886e-05,2.612642288208008,0.15628750622272491
3885,Indianapolis,Median Income,zip,2745,31,LightGCN,5,0.9998887777328491,0.4892551302909851,0.7430127263069153,0.0002257885498693213,2.484584093093872,0.1388251632452011
3886,Indianapolis,Median Income,zip,2745,31,LightGCN,6,0.9987285137176514,0.46199196577072144,0.9065189957618713,0.002580885309726,2.6172091960906982,0.05049866437911987
3887,Indianapolis,Median Income,zip,2745,31,LightGCN,7,0.9999936819076538,0.44966012239456177,0.652073860168457,1.2767931366397534e-05,2.677198648452759,0.18795053660869598
3888,Indianapolis,Median Income,zip,2745,31,LightGCN,8,0.9999405145645142,0.4464768171310425,0.8901097774505615,0.00012070193042745814,2.6926844120025635,0.059362951666116714
3889,Indianapolis,Median Income,zip,2745,31,LightGCN,9,0.9999961853027344,0.5265448093414307,0.7525937557220459,7.731138794042636e-06,2.3031833171844482,0.13364943861961365
3890,Indianapolis,Median Income,zip,2745,31,Feat-LightGCN,0,0.9999883770942688,0.38424772024154663,-0.3988170623779297,2.3613240045960993e-05,2.995405912399292,0.7556443810462952
3891,Indianapolis,Median Income,zip,2745,31,Feat-LightGCN,1,0.9999921917915344,0.40372902154922485,-0.33931100368499756,1.5888743291725405e-05,2.900636672973633,0.7234991192817688
3892,Indianapolis,Median Income,zip,2745,31,Feat-LightGCN,2,0.9999963045120239,0.38550102710723877,-0.34220921993255615,7.448476935678627e-06,2.989309072494507,0.7250646948814392
3893,Indianapolis,Median Income,zip,2745,31,Feat-LightGCN,3,0.9999440908432007,0.4043664336204529,-0.2153245210647583,0.00011353215086273849,2.897536039352417,0.6565212607383728
3894,Indianapolis,Median Income,zip,2745,31,Feat-LightGCN,4,0.9999640583992004,0.4303191900253296,-0.19620168209075928,7.295477553270757e-05,2.77128529548645,0.6461910605430603
3895,Indianapolis,Median Income,zip,2745,31,Feat-LightGCN,5,0.9999896883964539,0.34642523527145386,-0.4511117935180664,2.094096998916939e-05,3.17939829826355,0.7838941216468811
3896,Indianapolis,Median Income,zip,2745,31,Feat-LightGCN,6,0.9999931454658508,0.34058278799057007,-0.17106354236602783,1.3921037862019148e-05,3.207819700241089,0.6326113939285278
3897,Indianapolis,Median Income,zip,2745,31,Feat-LightGCN,7,0.9999837279319763,0.3139941692352295,-0.2327578067779541,3.3013780921464786e-05,3.337163209915161,0.6659387946128845
3898,Indianapolis,Median Income,zip,2745,31,Feat-LightGCN,8,0.9999744296073914,0.37162351608276367,0.034570395946502686,5.190166484680958e-05,3.0568180084228516,0.5215274095535278
3899,Indianapolis,Median Income,zip,2745,31,Feat-LightGCN,9,0.9999918937683105,0.2758631110191345,-0.7607705593109131,1.65051496878732e-05,3.5226566791534424,0.9511725306510925
3900,Indianapolis,Median Income,zip,2745,31,Feat\&PC-LightGCN,0,0.9999995827674866,0.20720285177230835,0.03398323059082031,9.061810146704374e-07,3.856663465499878,0.5218446254730225
3901,Indianapolis,Median Income,zip,2745,31,Feat\&PC-LightGCN,1,0.9999995827674866,0.23214620351791382,-0.42494523525238037,8.825320492178435e-07,3.735323190689087,0.7697588801383972
3902,Indianapolis,Median Income,zip,2745,31,Feat\&PC-LightGCN,2,0.9999979138374329,0.3394657373428345,0.04224753379821777,4.21442427978036e-06,3.2132537364959717,0.5173802375793457
3903,Indianapolis,Median Income,zip,2745,31,Feat\&PC-LightGCN,3,0.9999974966049194,0.2087726593017578,0.33869004249572754,5.052994765719632e-06,3.849026679992676,0.3572412431240082
3904,Indianapolis,Median Income,zip,2745,31,Feat\&PC-LightGCN,4,0.9997708797454834,0.1571454405784607,-0.03972733020782471,0.00046500671305693686,4.1001739501953125,0.5616632699966431
3905,Indianapolis,Median Income,zip,2745,31,Feat\&PC-LightGCN,5,0.9999998211860657,0.20482760667800903,-0.21091079711914062,4.07147894065929e-07,3.868218183517456,0.6541370153427124
3906,Indianapolis,Median Income,zip,2745,31,Feat\&PC-LightGCN,6,0.999996542930603,0.2080981731414795,-0.2268770933151245,7.044379344733898e-06,3.8523080348968506,0.6627620458602905
3907,Indianapolis,Median Income,zip,2745,31,Feat\&PC-LightGCN,7,0.9999997615814209,0.158799946308136,-0.28889477252960205,4.564121240946406e-07,4.092125415802002,0.6962641477584839
3908,Indianapolis,Median Income,zip,2745,31,Feat\&PC-LightGCN,8,0.9999996423721313,0.2397097945213318,-0.18686294555664062,7.117444056348177e-07,3.6985292434692383,0.6411462426185608
3909,Indianapolis,Median Income,zip,2745,31,Feat\&PC-LightGCN,9,0.9999479055404663,0.1633167266845703,-0.00019562244415283203,0.00010576326167210937,4.070152759552002,0.5403081178665161
3910,Indianapolis,Median Income,zip,2745,31,NoPreTrain,0,0.9999557137489319,0.0174788236618042,-2.489943504333496,8.987413457361981e-05,4.779600143432617,1.885275959968567
3911,Indianapolis,Median Income,zip,2745,31,NoPreTrain,1,0.9999672174453735,-0.7481131553649902,-2.4862475395202637,6.659405335085467e-05,8.503920555114746,1.8832794427871704
3912,Indianapolis,Median Income,zip,2745,31,NoPreTrain,2,0.9994649887084961,0.04713749885559082,-1.7908282279968262,0.001085994765162468,4.635321617126465,1.5076122283935547
3913,Indianapolis,Median Income,zip,2745,31,NoPreTrain,3,0.9972181916236877,-0.00564265251159668,-1.1328389644622803,0.005646458826959133,4.892077922821045,1.1521648168563843
3914,Indianapolis,Median Income,zip,2745,31,NoPreTrain,4,0.9998928308486938,0.1919960379600525,-0.30617284774780273,0.00021752662723883986,3.9306390285491943,0.7055977582931519
3915,Indianapolis,Median Income,zip,2745,31,NoPreTrain,5,0.9998765587806702,-0.07087862491607666,-0.7945373058319092,0.0002505170414224267,5.209426403045654,0.9694133996963501
3916,Indianapolis,Median Income,zip,2745,31,NoPreTrain,6,0.9936873912811279,-0.45480501651763916,-0.8443917036056519,0.012813258916139603,7.077085494995117,0.9963449239730835
3917,Indianapolis,Median Income,zip,2745,31,NoPreTrain,7,0.9991832375526428,0.13848739862442017,-1.1565437316894531,0.0016578531358391047,4.190938472747803,1.1649702787399292
3918,Indianapolis,Median Income,zip,2745,31,NoPreTrain,8,0.9999629855155945,-0.1528010368347168,-1.7744359970092773,7.51362822484225e-05,5.607948303222656,1.4987571239471436
3919,Indianapolis,Median Income,zip,2745,31,NoPreTrain,9,0.9987583756446838,-0.8573702573776245,-1.2344458103179932,0.002520245499908924,9.035415649414062,1.2070530652999878
3920,Indianapolis,Median Home Value,zip,2745,31,Emb,0,0.9999859929084778,0.4021531343460083,-0.6773653030395508,2.994512760778889e-05,3.2794158458709717,0.9637070298194885
3921,Indianapolis,Median Home Value,zip,2745,31,Emb,1,0.9999975562095642,0.37046194076538086,-0.7069249153137207,5.222017989581218e-06,3.453253984451294,0.9806901216506958
3922,Indianapolis,Median Home Value,zip,2745,31,Emb,2,0.999994695186615,0.3707081079483032,-0.6586199998855591,1.1407450074329972e-05,3.4519035816192627,0.9529371857643127
3923,Indianapolis,Median Home Value,zip,2745,31,Emb,3,0.9999984502792358,0.3898041844367981,-0.46113836765289307,3.3792975955293514e-06,3.3471546173095703,0.8394768834114075
3924,Indianapolis,Median Home Value,zip,2745,31,Emb,4,0.9999958276748657,0.456804096698761,-0.2414950132369995,8.985707609099336e-06,2.9796345233917236,0.7132838368415833
3925,Indianapolis,Median Home Value,zip,2745,31,Emb,5,0.9999984502792358,0.4070422649383545,-0.5347945690155029,3.303551238786895e-06,3.2525970935821533,0.8817949891090393
3926,Indianapolis,Median Home Value,zip,2745,31,Emb,6,0.999998152256012,0.5217248201370239,-0.16103756427764893,3.914985427400097e-06,2.6235201358795166,0.6670581102371216
3927,Indianapolis,Median Home Value,zip,2745,31,Emb,7,0.999998927116394,0.49739909172058105,0.07718312740325928,2.3260899979504757e-06,2.756955862045288,0.5301917195320129
3928,Indianapolis,Median Home Value,zip,2745,31,Emb,8,0.9999992847442627,0.46518194675445557,-0.4974639415740967,1.555298922539805e-06,2.9336788654327393,0.8603472113609314
3929,Indianapolis,Median Home Value,zip,2745,31,Emb,9,0.9999985694885254,0.4453568458557129,-0.6017653942108154,3.043168362637516e-06,3.0424270629882812,0.9202722311019897
3930,Indianapolis,Median Home Value,zip,2745,31,RGNN,0,0.9986205101013184,0.6835290193557739,-1.879120111465454,0.0029545235447585583,1.7359628677368164,1.6541587114334106
3931,Indianapolis,Median Home Value,zip,2745,31,RGNN,1,0.9999756217002869,0.6081085205078125,-2.5978667736053467,5.216917270445265e-05,2.149672746658325,2.0671045780181885
3932,Indianapolis,Median Home Value,zip,2745,31,RGNN,2,0.9998912811279297,0.6630294322967529,-2.6063263416290283,0.00023282013717107475,1.848410725593567,2.071964979171753
3933,Indianapolis,Median Home Value,zip,2745,31,RGNN,3,0.9801927208900452,0.6484220027923584,-4.12993860244751,0.042422931641340256,1.928538203239441,2.9473354816436768
3934,Indianapolis,Median Home Value,zip,2745,31,RGNN,4,0.9992027878761292,0.6616876125335693,-3.9184699058532715,0.0017074852949008346,1.8557714223861694,2.825838804244995
3935,Indianapolis,Median Home Value,zip,2745,31,RGNN,5,0.9988470077514648,0.6583573222160339,-2.7163913249969482,0.002469440456479788,1.8740391731262207,2.1352012157440186
3936,Indianapolis,Median Home Value,zip,2745,31,RGNN,6,0.999669075012207,0.6705465316772461,-2.3441195487976074,0.0007088070269674063,1.8071765899658203,1.92131769657135
3937,Indianapolis,Median Home Value,zip,2745,31,RGNN,7,0.9995517730712891,0.6968063116073608,-2.6103172302246094,0.0009600331541150808,1.663131833076477,2.0742578506469727
3938,Indianapolis,Median Home Value,zip,2745,31,RGNN,8,0.9973543286323547,0.6614725589752197,-5.589310646057129,0.005666407756507397,1.8569507598876953,3.785797357559204
3939,Indianapolis,Median Home Value,zip,2745,31,RGNN,9,0.9999630451202393,0.6864043474197388,-2.1733577251434326,7.914886373328045e-05,1.7201906442642212,1.8232088088989258
3940,Indianapolis,Median Home Value,zip,2745,31,Feat-RGNN,0,0.9980568289756775,0.5407754182815552,-1.5339367389678955,0.0041618021205067635,2.5190203189849854,1.4558383226394653
3941,Indianapolis,Median Home Value,zip,2745,31,Feat-RGNN,1,0.9990614056587219,0.5365439653396606,-1.8291575908660889,0.002010209020227194,2.542231559753418,1.6254533529281616
3942,Indianapolis,Median Home Value,zip,2745,31,Feat-RGNN,2,0.9991028904914856,0.5318049192428589,-2.648960590362549,0.0019214513013139367,2.5682268142700195,2.0964598655700684
3943,Indianapolis,Median Home Value,zip,2745,31,Feat-RGNN,3,0.9999867081642151,0.628836452960968,-1.092895746231079,2.844164009729866e-05,2.0359723567962646,1.202444314956665
3944,Indianapolis,Median Home Value,zip,2745,31,Feat-RGNN,4,0.9954335689544678,0.5975815653800964,-1.1380853652954102,0.009780379943549633,2.2074170112609863,1.2284075021743774
3945,Indianapolis,Median Home Value,zip,2745,31,Feat-RGNN,5,0.9966682195663452,0.5422670841217041,-1.0819334983825684,0.007135947700589895,2.510838031768799,1.1961461305618286
3946,Indianapolis,Median Home Value,zip,2745,31,Feat-RGNN,6,0.9992138743400574,0.5650693774223328,-2.0314548015594482,0.0016836965223774314,2.385758638381958,1.741680383682251
3947,Indianapolis,Median Home Value,zip,2745,31,Feat-RGNN,7,0.9993777871131897,0.5289804339408875,-1.3455712795257568,0.0013326985063031316,2.5837202072143555,1.3476154804229736
3948,Indianapolis,Median Home Value,zip,2745,31,Feat-RGNN,8,0.9998600482940674,0.4736528992652893,-1.8731658458709717,0.00029968455783091486,2.8872127532958984,1.6507377624511719
3949,Indianapolis,Median Home Value,zip,2745,31,Feat-RGNN,9,0.9855176210403442,0.5524237751960754,-1.176734209060669,0.031018201261758804,2.455124616622925,1.250612497329712
3950,Indianapolis,Median Home Value,zip,2745,31,Feat\&PC-RGNN,0,0.9999963045120239,0.41529977321624756,-1.6432445049285889,7.885491868364625e-06,3.207301378250122,1.5186395645141602
3951,Indianapolis,Median Home Value,zip,2745,31,Feat\&PC-RGNN,1,0.9999931454658508,0.47192996740341187,-1.3034706115722656,1.4694214769406244e-05,2.8966636657714844,1.3234272003173828
3952,Indianapolis,Median Home Value,zip,2745,31,Feat\&PC-RGNN,2,0.9992551803588867,0.33418023586273193,-1.038597583770752,0.0015952647663652897,3.652272939682007,1.1712480783462524
3953,Indianapolis,Median Home Value,zip,2745,31,Feat\&PC-RGNN,3,0.9641197919845581,0.13940131664276123,-1.3955843448638916,0.07684770971536636,4.720708847045898,1.3763498067855835
3954,Indianapolis,Median Home Value,zip,2745,31,Feat\&PC-RGNN,4,0.9998177289962769,0.2778736352920532,-1.0562598705291748,0.0003903814358636737,3.9611358642578125,1.1813956499099731
3955,Indianapolis,Median Home Value,zip,2745,31,Feat\&PC-RGNN,5,0.9998971819877625,0.4006884694099426,-1.3060612678527832,0.0002202233299612999,3.287450075149536,1.3249156475067139
3956,Indianapolis,Median Home Value,zip,2745,31,Feat\&PC-RGNN,6,0.9999870657920837,0.37278175354003906,-1.6759576797485352,2.7686499379342422e-05,3.4405288696289062,1.5374345779418945
3957,Indianapolis,Median Home Value,zip,2745,31,Feat\&PC-RGNN,7,0.9999988079071045,0.41246360540390015,-1.9500725269317627,2.514662810426671e-06,3.2228591442108154,1.6949234008789062
3958,Indianapolis,Median Home Value,zip,2745,31,Feat\&PC-RGNN,8,0.9996371269226074,0.45634734630584717,-0.9272502660751343,0.0007772250100970268,2.982140302658081,1.1072750091552734
3959,Indianapolis,Median Home Value,zip,2745,31,Feat\&PC-RGNN,9,0.9998652338981628,0.2877539396286011,-1.28340744972229,0.00028861325699836016,3.9069385528564453,1.31190025806427
3960,Indianapolis,Median Home Value,zip,2745,31,LightGCN,0,0.9999568462371826,0.6623882055282593,-1.154844045639038,9.238829807145521e-05,1.8519281148910522,1.2380359172821045
3961,Indianapolis,Median Home Value,zip,2745,31,LightGCN,1,0.9999954700469971,0.6677883863449097,-1.4559268951416016,9.733792467159219e-06,1.8223061561584473,1.411018967628479
3962,Indianapolis,Median Home Value,zip,2745,31,LightGCN,2,0.9999868273735046,0.619986891746521,-1.4097418785095215,2.8173872124170884e-05,2.084515333175659,1.3844839334487915
3963,Indianapolis,Median Home Value,zip,2745,31,LightGCN,3,0.9991729259490967,0.659011721611023,-0.9827398061752319,0.0017714514397084713,1.870449423789978,1.1391557455062866
3964,Indianapolis,Median Home Value,zip,2745,31,LightGCN,4,0.9999980926513672,0.6553748846054077,-1.0797765254974365,4.0984241422847845e-06,1.8903990983963013,1.1949069499969482
3965,Indianapolis,Median Home Value,zip,2745,31,LightGCN,5,0.9998695254325867,0.6602784395217896,-1.0866212844848633,0.0002794770698528737,1.863500952720642,1.1988394260406494
3966,Indianapolis,Median Home Value,zip,2745,31,LightGCN,6,0.9978762865066528,0.6731230020523071,-1.5529351234436035,0.004548564553260803,1.7930439710617065,1.466753602027893
3967,Indianapolis,Median Home Value,zip,2745,31,LightGCN,7,0.9997391700744629,0.648189902305603,-1.3358218669891357,0.0005586512270383537,1.9298114776611328,1.342014193534851
3968,Indianapolis,Median Home Value,zip,2745,31,LightGCN,8,0.9999982714653015,0.6565650701522827,-1.0052776336669922,3.711474846568308e-06,1.8838704824447632,1.1521044969558716
3969,Indianapolis,Median Home Value,zip,2745,31,LightGCN,9,0.999997079372406,0.6468141674995422,-1.049180030822754,6.244154974410776e-06,1.9373575448989868,1.177328109741211
3970,Indianapolis,Median Home Value,zip,2745,31,Feat-LightGCN,0,0.9999918937683105,0.4326055645942688,-1.6956298351287842,1.7352889699395746e-05,3.112372636795044,1.548736810684204
3971,Indianapolis,Median Home Value,zip,2745,31,Feat-LightGCN,1,0.9999868273735046,0.4309486746788025,-1.7434651851654053,2.8188611395307817e-05,3.1214616298675537,1.576219916343689
3972,Indianapolis,Median Home Value,zip,2745,31,Feat-LightGCN,2,0.9999887347221375,0.37927526235580444,-1.9911110401153564,2.4083668904495426e-05,3.404909372329712,1.7185014486312866
3973,Indianapolis,Median Home Value,zip,2745,31,Feat-LightGCN,3,0.9999974370002747,0.5752904415130615,-1.258948564529419,5.451915058074519e-06,2.3296921253204346,1.2978477478027344
3974,Indianapolis,Median Home Value,zip,2745,31,Feat-LightGCN,4,0.9999915361404419,0.4773826003074646,-1.7535169124603271,1.8065444237436168e-05,2.8667538166046143,1.5819951295852661
3975,Indianapolis,Median Home Value,zip,2745,31,Feat-LightGCN,5,0.999981164932251,0.5059539079666138,-2.4052035808563232,4.028596595162526e-05,2.7100296020507812,1.956412672996521
3976,Indianapolis,Median Home Value,zip,2745,31,Feat-LightGCN,6,0.9999849796295166,0.36049240827560425,-1.9404966831207275,3.215982724213973e-05,3.5079405307769775,1.6894217729568481
3977,Indianapolis,Median Home Value,zip,2745,31,Feat-LightGCN,7,0.9999971389770508,0.238508403301239,-2.055734634399414,6.090458100516116e-06,4.177069187164307,1.7556301355361938
3978,Indianapolis,Median Home Value,zip,2745,31,Feat-LightGCN,8,0.9999954104423523,0.40435320138931274,-1.408440351486206,9.854295058175921e-06,3.267347574234009,1.383736252784729
3979,Indianapolis,Median Home Value,zip,2745,31,Feat-LightGCN,9,0.9999663233757019,0.33884918689727783,-2.0292227268218994,7.208980241557583e-05,3.626662015914917,1.7403981685638428
3980,Indianapolis,Median Home Value,zip,2745,31,Feat\&PC-LightGCN,0,0.9999996423721313,0.44095468521118164,0.0685960054397583,8.077788606897229e-07,3.066574811935425,0.5351253151893616
3981,Indianapolis,Median Home Value,zip,2745,31,Feat\&PC-LightGCN,1,0.999999463558197,0.4788106083869934,-0.02632308006286621,1.1666492127915262e-06,2.8589208126068115,0.5896597504615784
3982,Indianapolis,Median Home Value,zip,2745,31,Feat\&PC-LightGCN,2,0.9999996423721313,0.5698739290237427,0.1903182864189148,7.463975180144189e-07,2.3594038486480713,0.46519142389297485
3983,Indianapolis,Median Home Value,zip,2745,31,Feat\&PC-LightGCN,3,0.999999463558197,0.43853098154067993,0.21496188640594482,1.1109842716905405e-06,3.079869508743286,0.451032817363739
3984,Indianapolis,Median Home Value,zip,2745,31,Feat\&PC-LightGCN,4,0.9999992847442627,0.40206700563430786,-0.2084951400756836,1.485694383518421e-06,3.279888153076172,0.6943241953849792
3985,Indianapolis,Median Home Value,zip,2745,31,Feat\&PC-LightGCN,5,0.9999995231628418,0.45301443338394165,-0.04172098636627197,1.0640865184541326e-06,3.000422477722168,0.5985063910484314
3986,Indianapolis,Median Home Value,zip,2745,31,Feat\&PC-LightGCN,6,0.9999992251396179,0.3765662908554077,-0.26245081424713135,1.643361883907346e-06,3.419769287109375,0.7253236770629883
3987,Indianapolis,Median Home Value,zip,2745,31,Feat\&PC-LightGCN,7,0.9999995231628418,0.42424899339675903,-0.18045926094055176,1.0736868034655345e-06,3.1582117080688477,0.6782165765762329
3988,Indianapolis,Median Home Value,zip,2745,31,Feat\&PC-LightGCN,8,0.9999997019767761,0.48472732305526733,-0.2879457473754883,5.899016741750529e-07,2.826465368270874,0.7399714589118958
3989,Indianapolis,Median Home Value,zip,2745,31,Feat\&PC-LightGCN,9,0.9999982714653015,0.3821675777435303,-0.5329198837280273,3.6611559153243434e-06,3.3890440464019775,0.880717933177948
3990,Indianapolis,Median Home Value,zip,2745,31,NoPreTrain,0,0.9997516870498657,-0.17001652717590332,-3.552135944366455,0.0005318131879903376,6.417982578277588,2.6153666973114014
3991,Indianapolis,Median Home Value,zip,2745,31,NoPreTrain,1,0.9981467723846436,-0.21798622608184814,-3.5934906005859375,0.003969252575188875,6.681114196777344,2.6391265392303467
3992,Indianapolis,Median Home Value,zip,2745,31,NoPreTrain,2,0.9993711113929749,0.07580047845840454,-0.6415284872055054,0.0013468932593241334,5.069583415985107,0.9431175589561462
3993,Indianapolis,Median Home Value,zip,2745,31,NoPreTrain,3,0.9998986124992371,-0.01906585693359375,-2.5188355445861816,0.00021717973868362606,5.589961528778076,2.021698474884033
3994,Indianapolis,Median Home Value,zip,2745,31,NoPreTrain,4,0.9972307085990906,-0.27720022201538086,-1.7960424423217773,0.0059312134981155396,7.00592565536499,1.606427550315857
3995,Indianapolis,Median Home Value,zip,2745,31,NoPreTrain,5,0.9998427629470825,0.10488277673721313,-0.3938262462615967,0.00033672276185825467,4.910056114196777,0.8008036017417908
3996,Indianapolis,Median Home Value,zip,2745,31,NoPreTrain,6,0.9999138712882996,-0.48647451400756836,-1.2863290309906006,0.00018446071771904826,8.153874397277832,1.313578724861145
3997,Indianapolis,Median Home Value,zip,2745,31,NoPreTrain,7,0.9745969772338867,0.010337233543395996,-2.6277387142181396,0.054407790303230286,5.428674221038818,2.0842671394348145
3998,Indianapolis,Median Home Value,zip,2745,31,NoPreTrain,8,0.9997038841247559,-0.2594270706176758,-0.30375051498413086,0.0006342318374663591,6.908433437347412,0.7490518689155579
3999,Indianapolis,Median Home Value,zip,2745,31,NoPreTrain,9,0.9990591406822205,-0.5398799180984497,-2.1900947093963623,0.002015060745179653,8.446823120117188,1.8328248262405396
4000,Indianapolis,Commute Time,zip,2745,31,Emb,0,0.999993622303009,0.15158486366271973,-0.14615631103515625,1.2363580935925711e-05,3.8037033081054688,0.9695353507995605
4001,Indianapolis,Commute Time,zip,2745,31,Emb,1,0.999999463558197,0.021213412284851074,-0.40634608268737793,1.006597699415579e-06,4.388198375701904,1.1896302700042725
4002,Indianapolis,Commute Time,zip,2745,31,Emb,2,0.9999867677688599,-0.027909517288208008,-0.9064191579818726,2.5753384761628695e-05,4.608431339263916,1.6126428842544556
4003,Indianapolis,Commute Time,zip,2745,31,Emb,3,0.9999933242797852,0.0028001070022583008,-0.5647706985473633,1.3031118214712478e-05,4.470750331878662,1.3236418962478638
4004,Indianapolis,Commute Time,zip,2745,31,Emb,4,0.9999982118606567,0.1119455099105835,-0.538820743560791,3.4544307254691375e-06,3.9814186096191406,1.3016908168792725
4005,Indianapolis,Commute Time,zip,2745,31,Emb,5,0.9999971985816956,-0.08096349239349365,-0.40638959407806396,5.428270924312528e-06,4.846288204193115,1.189666986465454
4006,Indianapolis,Commute Time,zip,2745,31,Emb,6,0.9999980330467224,0.11033666133880615,-0.5285663604736328,3.85800376534462e-06,3.9886314868927,1.2930165529251099
4007,Indianapolis,Commute Time,zip,2745,31,Emb,7,0.9999979138374329,0.027832388877868652,-0.5620691776275635,4.086442004336277e-06,4.358523368835449,1.3213566541671753
4008,Indianapolis,Commute Time,zip,2745,31,Emb,8,0.9999960064888,0.08531719446182251,-0.7121142148971558,7.72631392464973e-06,4.100801467895508,1.4482799768447876
4009,Indianapolis,Commute Time,zip,2745,31,Emb,9,0.9999973773956299,0.02573835849761963,-0.5866384506225586,5.064006472821347e-06,4.367911338806152,1.3421398401260376
4010,Indianapolis,Commute Time,zip,2745,31,RGNN,0,0.9999333024024963,0.2955855131149292,0.18552672863006592,0.00012965808855369687,3.158104658126831,0.6889641880989075
4011,Indianapolis,Commute Time,zip,2745,31,RGNN,1,0.9923195838928223,0.2612681984901428,0.567762017250061,0.014928726479411125,3.3119595050811768,0.36563077569007874
4012,Indianapolis,Commute Time,zip,2745,31,RGNN,2,0.9997866153717041,0.3019278645515442,-0.14201760292053223,0.0004147101135458797,3.1296699047088623,0.9660344123840332
4013,Indianapolis,Commute Time,zip,2745,31,RGNN,3,0.9976897239685059,0.2762705087661743,0.4089518189430237,0.004490549676120281,3.244699478149414,0.4999685287475586
4014,Indianapolis,Commute Time,zip,2745,31,RGNN,4,0.9981104135513306,0.18656408786773682,0.5476536750793457,0.00367289362475276,3.646880865097046,0.38264039158821106
4015,Indianapolis,Commute Time,zip,2745,31,RGNN,5,0.9992222785949707,-0.06449520587921143,0.293645441532135,0.0015116624999791384,4.772456169128418,0.5975064039230347
4016,Indianapolis,Commute Time,zip,2745,31,RGNN,6,0.9958053231239319,0.24244576692581177,0.4713274836540222,0.00815332680940628,3.396346092224121,0.4472048580646515
4017,Indianapolis,Commute Time,zip,2745,31,RGNN,7,0.9997733235359192,0.12376677989959717,0.2780718207359314,0.0004406532971188426,3.928420066833496,0.610680103302002
4018,Indianapolis,Commute Time,zip,2745,31,RGNN,8,0.9997209906578064,0.19531714916229248,0.4591849446296692,0.0005423032562248409,3.607638120651245,0.4574762284755707
4019,Indianapolis,Commute Time,zip,2745,31,RGNN,9,0.9884839653968811,0.21126216650009155,0.3339897394180298,0.022384168580174446,3.536151885986328,0.5633790493011475
4020,Indianapolis,Commute Time,zip,2745,31,Feat-RGNN,0,0.9995313286781311,0.21513837575912476,-0.5626214742660522,0.0009110282408073545,3.518773317337036,1.3218238353729248
4021,Indianapolis,Commute Time,zip,2745,31,Feat-RGNN,1,0.9991411566734314,0.35355013608932495,-1.4040217399597168,0.001669386401772499,2.8982315063476562,2.0335655212402344
4022,Indianapolis,Commute Time,zip,2745,31,Feat-RGNN,2,0.9940732717514038,0.17332136631011963,-1.0608720779418945,0.01152002066373825,3.706251859664917,1.7432948350906372
4023,Indianapolis,Commute Time,zip,2745,31,Feat-RGNN,3,0.9682196974754333,0.3659127354621887,-0.771127462387085,0.06177254393696785,2.842806100845337,1.4981993436813354
4024,Indianapolis,Commute Time,zip,2745,31,Feat-RGNN,4,0.9998494982719421,0.21872323751449585,-0.25232410430908203,0.000292513141175732,3.5027015209198,1.0593427419662476
4025,Indianapolis,Commute Time,zip,2745,31,Feat-RGNN,5,0.9982649683952332,0.37293392419815063,-2.122605323791504,0.0033724575769156218,2.8113279342651367,2.641416549682617
4026,Indianapolis,Commute Time,zip,2745,31,Feat-RGNN,6,0.9962320327758789,0.25614482164382935,-2.212510824203491,0.007323978468775749,3.3349292278289795,2.717467784881592
4027,Indianapolis,Commute Time,zip,2745,31,Feat-RGNN,7,0.9922410845756531,0.20995140075683594,-0.9240550994873047,0.015081342309713364,3.5420284271240234,1.6275609731674194
4028,Indianapolis,Commute Time,zip,2745,31,Feat-RGNN,8,0.9992824196815491,0.3053860664367676,-1.3866417407989502,0.0013948245905339718,3.1141655445098877,2.0188639163970947
4029,Indianapolis,Commute Time,zip,2745,31,Feat-RGNN,9,0.9954380989074707,0.3188675045967102,-1.5204291343688965,0.0088671138510108,3.0537242889404297,2.1320347785949707
4030,Indianapolis,Commute Time,zip,2745,31,Feat\&PC-RGNN,0,0.9999522566795349,0.12344610691070557,-0.8519885540008545,9.284332918468863e-05,3.9298579692840576,1.5665998458862305
4031,Indianapolis,Commute Time,zip,2745,31,Feat\&PC-RGNN,1,0.9628402590751648,0.24469733238220215,-1.5922796726226807,0.07222878932952881,3.38625168800354,2.1928133964538574
4032,Indianapolis,Commute Time,zip,2745,31,Feat\&PC-RGNN,2,0.9999842047691345,0.11038464307785034,-0.7993910312652588,3.072418985539116e-05,3.9884164333343506,1.522107481956482
4033,Indianapolis,Commute Time,zip,2745,31,Feat\&PC-RGNN,3,0.9999341368675232,0.047470927238464355,-1.1946730613708496,0.00012803971185348928,4.270477771759033,1.85647714138031
4034,Indianapolis,Commute Time,zip,2745,31,Feat\&PC-RGNN,4,0.9996401071548462,0.07772529125213623,-1.3829505443572998,0.0006995790172368288,4.134838104248047,2.0157413482666016
4035,Indianapolis,Commute Time,zip,2745,31,Feat\&PC-RGNN,5,0.998539924621582,-0.0001704692840576172,-1.3405327796936035,0.002837968058884144,4.484068870544434,1.9798601865768433
4036,Indianapolis,Commute Time,zip,2745,31,Feat\&PC-RGNN,6,0.9797067046165466,0.17409145832061768,-1.0309796333312988,0.03944483771920204,3.7027995586395264,1.7180087566375732
4037,Indianapolis,Commute Time,zip,2745,31,Feat\&PC-RGNN,7,0.9999987483024597,-0.017501115798950195,-1.0036163330078125,2.4380362901865738e-06,4.561767101287842,1.6948620080947876
4038,Indianapolis,Commute Time,zip,2745,31,Feat\&PC-RGNN,8,0.9999957084655762,0.0078965425491333,-0.9957631826400757,8.384548891626764e-06,4.447901725769043,1.6882190704345703
4039,Indianapolis,Commute Time,zip,2745,31,Feat\&PC-RGNN,9,0.9985455274581909,-0.08677458763122559,-1.2053947448730469,0.002827119780704379,4.872341156005859,1.8655468225479126
4040,Indianapolis,Commute Time,zip,2745,31,LightGCN,0,0.9991447329521179,0.19722318649291992,-0.9056177139282227,0.0016624563140794635,3.599092721939087,1.6119649410247803
4041,Indianapolis,Commute Time,zip,2745,31,LightGCN,1,0.994845449924469,0.0732431411743164,-1.7752835750579834,0.010019137524068356,4.154932975769043,2.34761643409729
4042,Indianapolis,Commute Time,zip,2745,31,LightGCN,2,0.9991269111633301,0.10835188627243042,-1.622899055480957,0.0016970833530649543,3.997529983520508,2.2187142372131348
4043,Indianapolis,Commute Time,zip,2745,31,LightGCN,3,0.999323844909668,0.12871325016021729,-1.1926076412200928,0.001314250286668539,3.9062435626983643,1.8547300100326538
4044,Indianapolis,Commute Time,zip,2745,31,LightGCN,4,0.9978247284889221,0.08940368890762329,-1.3264422416687012,0.0042281136848032475,4.082480430603027,1.9679410457611084
4045,Indianapolis,Commute Time,zip,2745,31,LightGCN,5,0.9963722825050354,0.1195608377456665,-1.0634567737579346,0.00705132307484746,3.9472768306732178,1.7454811334609985
4046,Indianapolis,Commute Time,zip,2745,31,LightGCN,6,0.9997358918190002,0.19040268659591675,-1.0636687278747559,0.0005133842932991683,3.629671096801758,1.7456605434417725
4047,Indianapolis,Commute Time,zip,2745,31,LightGCN,7,0.9994005560874939,0.10225647687911987,-1.3903121948242188,0.0011651114327833056,4.024857521057129,2.0219686031341553
4048,Indianapolis,Commute Time,zip,2745,31,LightGCN,8,0.9877217411994934,0.18438684940338135,-1.0036859512329102,0.023865701630711555,3.656641960144043,1.6949208974838257
4049,Indianapolis,Commute Time,zip,2745,31,LightGCN,9,0.9983603954315186,0.22328275442123413,-1.3782391548156738,0.0031870086677372456,3.482259750366211,2.011756181716919
4050,Indianapolis,Commute Time,zip,2745,31,Feat-LightGCN,0,0.9999226331710815,0.12474370002746582,-0.21510708332061768,0.0001504073734395206,3.9240405559539795,1.0278608798980713
4051,Indianapolis,Commute Time,zip,2745,31,Feat-LightGCN,1,0.9999946355819702,0.16542893648147583,-0.3226902484893799,1.0468868822499644e-05,3.741636037826538,1.118865728378296
4052,Indianapolis,Commute Time,zip,2745,31,Feat-LightGCN,2,0.9999467730522156,0.06847798824310303,-0.5901322364807129,0.0001034387678373605,4.176296710968018,1.3450952768325806
4053,Indianapolis,Commute Time,zip,2745,31,Feat-LightGCN,3,0.9999712109565735,0.10494422912597656,-0.3323923349380493,5.598412826657295e-05,4.012807369232178,1.1270726919174194
4054,Indianapolis,Commute Time,zip,2745,31,Feat-LightGCN,4,0.9999939203262329,0.12229275703430176,-0.4688209295272827,1.1869326954183634e-05,3.9350287914276123,1.2424777746200562
4055,Indianapolis,Commute Time,zip,2745,31,Feat-LightGCN,5,0.9999741911888123,0.12004929780960083,-0.32049548625946045,5.0172213377663866e-05,3.945086717605591,1.1170090436935425
4056,Indianapolis,Commute Time,zip,2745,31,Feat-LightGCN,6,0.9997477531433105,0.1727670431137085,-0.3949164152145386,0.0004902941291220486,3.7087371349334717,1.179961919784546
4057,Indianapolis,Commute Time,zip,2745,31,Feat-LightGCN,7,0.999951958656311,0.07376432418823242,-0.4148956537246704,9.338396193925291e-05,4.152596473693848,1.1968623399734497
4058,Indianapolis,Commute Time,zip,2745,31,Feat-LightGCN,8,0.9999855160713196,0.12277871370315552,-0.4052008390426636,2.810686237353366e-05,3.932849884033203,1.1886614561080933
4059,Indianapolis,Commute Time,zip,2745,31,Feat-LightGCN,9,0.9999755024909973,0.21421551704406738,-0.3609102964401245,4.764588811667636e-05,3.5229110717773438,1.1511961221694946
4060,Indianapolis,Commute Time,zip,2745,31,Feat\&PC-LightGCN,0,0.9999948143959045,0.03958427906036377,-0.8261401653289795,1.0040275810752064e-05,4.305836200714111,1.5447347164154053
4061,Indianapolis,Commute Time,zip,2745,31,Feat\&PC-LightGCN,1,0.9999968409538269,0.028618276119232178,-1.395601511001587,6.1572300182888284e-06,4.355000019073486,2.0264430046081543
4062,Indianapolis,Commute Time,zip,2745,31,Feat\&PC-LightGCN,2,0.999152660369873,0.05569499731063843,-0.7964394092559814,0.0016469592228531837,4.233606815338135,1.5196107625961304
4063,Indianapolis,Commute Time,zip,2745,31,Feat\&PC-LightGCN,3,0.9999985098838806,0.041698336601257324,-0.7720037698745728,2.8462932277761865e-06,4.296358108520508,1.4989405870437622
4064,Indianapolis,Commute Time,zip,2745,31,Feat\&PC-LightGCN,4,0.9996406435966492,-0.04049229621887207,-1.381955623626709,0.00069854233879596,4.664843559265137,2.014899730682373
4065,Indianapolis,Commute Time,zip,2745,31,Feat\&PC-LightGCN,5,0.9999976754188538,-0.042508721351623535,-0.9677243232727051,4.509327936830232e-06,4.67388391494751,1.6645009517669678
4066,Indianapolis,Commute Time,zip,2745,31,Feat\&PC-LightGCN,6,0.9999954104423523,-0.05146503448486328,-1.3793959617614746,8.939891813497525e-06,4.7140374183654785,2.0127346515655518
4067,Indianapolis,Commute Time,zip,2745,31,Feat\&PC-LightGCN,7,0.9999991059303284,0.08054459095001221,-1.1478638648986816,1.7514325918455143e-06,4.122198581695557,1.8168811798095703
4068,Indianapolis,Commute Time,zip,2745,31,Feat\&PC-LightGCN,8,0.9999983906745911,0.045938193798065186,-0.8396918773651123,3.0899486773705576e-06,4.277349472045898,1.5561981201171875
4069,Indianapolis,Commute Time,zip,2745,31,Feat\&PC-LightGCN,9,0.9999935030937195,0.0004410743713378906,-0.876028299331665,1.2686153240792919e-05,4.481326580047607,1.5869351625442505
4070,Indianapolis,Commute Time,zip,2745,31,NoPreTrain,0,0.9988486766815186,-0.8381854295730591,-2.2289745807647705,0.0022379038855433464,8.241145133972168,2.7313942909240723
4071,Indianapolis,Commute Time,zip,2745,31,NoPreTrain,1,0.9997062683105469,-0.548539400100708,-1.4406182765960693,0.0005709852557629347,6.942573547363281,2.0645225048065186
4072,Indianapolis,Commute Time,zip,2745,31,NoPreTrain,2,0.9999586343765259,-0.04167747497558594,-3.0949440002441406,8.041017281357199e-05,4.670156955718994,3.463919162750244
4073,Indianapolis,Commute Time,zip,2745,31,NoPreTrain,3,0.9998265504837036,-0.010621428489685059,-1.6969666481018066,0.00033715640893206,4.530923366546631,2.2813680171966553
4074,Indianapolis,Commute Time,zip,2745,31,NoPreTrain,4,0.9975504875183105,-0.27663636207580566,-1.6511225700378418,0.004761211574077606,5.7235493659973145,2.242588520050049
4075,Indianapolis,Commute Time,zip,2745,31,NoPreTrain,5,0.9998135566711426,-0.02361452579498291,-2.3801097869873047,0.00036244504735805094,4.589175701141357,2.8592398166656494
4076,Indianapolis,Commute Time,zip,2745,31,NoPreTrain,6,0.9998583197593689,-0.2251434326171875,-2.0550320148468018,0.00027542037423700094,5.4926910400390625,2.5842559337615967
4077,Indianapolis,Commute Time,zip,2745,31,NoPreTrain,7,0.999782383441925,-0.5391771793365479,-0.6256049871444702,0.0004229848855175078,6.900599956512451,1.3751016855239868
4078,Indianapolis,Commute Time,zip,2745,31,NoPreTrain,8,0.9998602271080017,0.11075460910797119,-2.353863000869751,0.00027164380298927426,3.986757516860962,2.8370378017425537
4079,Indianapolis,Commute Time,zip,2745,31,NoPreTrain,9,0.9976813793182373,-0.3766700029373169,-0.8566628694534302,0.004506787285208702,6.172030925750732,1.5705538988113403
4080,Indianapolis,Median Age,zip,2745,31,Emb,0,0.999975323677063,0.07977145910263062,0.2941266894340515,1.0398703125247266e-05,4.514782428741455,3.592797040939331
4081,Indianapolis,Median Age,zip,2745,31,Emb,1,0.9999777674674988,0.06816226243972778,0.31539344787597656,9.361934644402936e-06,4.571739196777344,3.4845523834228516
4082,Indianapolis,Median Age,zip,2745,31,Emb,2,0.9999898672103882,0.04512989521026611,0.2996560335159302,4.254407940607052e-06,4.684739589691162,3.5646536350250244
4083,Indianapolis,Median Age,zip,2745,31,Emb,3,0.9999921917915344,0.08437615633010864,0.3273977041244507,3.280151759099681e-06,4.492191314697266,3.423452377319336
4084,Indianapolis,Median Age,zip,2745,31,Emb,4,0.9999712109565735,0.07110315561294556,0.3241308331489563,1.2129212336731143e-05,4.557310581207275,3.440080404281616
4085,Indianapolis,Median Age,zip,2745,31,Emb,5,0.9999833703041077,0.09530586004257202,0.34220755100250244,7.0105629674799275e-06,4.438568592071533,3.3480722904205322
4086,Indianapolis,Median Age,zip,2745,31,Emb,6,0.9999847412109375,0.055329084396362305,0.3336060047149658,6.411734830180649e-06,4.634700775146484,3.391853094100952
4087,Indianapolis,Median Age,zip,2745,31,Emb,7,0.9999938011169434,0.043107450008392334,0.31137120723724365,2.6086972866323777e-06,4.694661617279053,3.5050251483917236
4088,Indianapolis,Median Age,zip,2745,31,Emb,8,0.9999881386756897,0.07743030786514282,0.281785249710083,4.999101747671375e-06,4.526268482208252,3.655613422393799
4089,Indianapolis,Median Age,zip,2745,31,Emb,9,0.9999899864196777,0.08724075555801392,0.3375471234321594,4.2194369598291814e-06,4.478137016296387,3.371793270111084
4090,Indianapolis,Median Age,zip,2745,31,RGNN,0,0.9982496500015259,0.11553490161895752,0.4050309658050537,0.0007368535734713078,4.339321613311768,3.0283095836639404
4091,Indianapolis,Median Age,zip,2745,31,RGNN,1,0.9933289289474487,0.11874908208847046,0.5122122764587402,0.002808328252285719,4.32355260848999,2.482771635055542
4092,Indianapolis,Median Age,zip,2745,31,RGNN,2,0.9946602582931519,0.10077953338623047,0.41826581954956055,0.002247884636744857,4.41171407699585,2.9609463214874268
4093,Indianapolis,Median Age,zip,2745,31,RGNN,3,0.9998875856399536,0.10753041505813599,0.5004960298538208,4.731195804197341e-05,4.3785929679870605,2.5424060821533203
4094,Indianapolis,Median Age,zip,2745,31,RGNN,4,0.9905346035957336,0.13296788930892944,0.5387378931045532,0.003984667826443911,4.253792762756348,2.347759962081909
4095,Indianapolis,Median Age,zip,2745,31,RGNN,5,0.9903228282928467,0.0658215880393982,0.5330557823181152,0.004073803313076496,4.58322286605835,2.376681089401245
4096,Indianapolis,Median Age,zip,2745,31,RGNN,6,0.99238520860672,0.10501772165298462,0.5121270418167114,0.00320560485124588,4.390920639038086,2.483205556869507
4097,Indianapolis,Median Age,zip,2745,31,RGNN,7,0.9950337409973145,0.10479438304901123,0.42535948753356934,0.0020906429272145033,4.392016410827637,2.9248404502868652
4098,Indianapolis,Median Age,zip,2745,31,RGNN,8,0.9917970895767212,0.11878710985183716,0.4902096390724182,0.0034531813580542803,4.323365688323975,2.5947623252868652
4099,Indianapolis,Median Age,zip,2745,31,RGNN,9,0.9910937547683716,0.11425989866256714,0.5084071159362793,0.0037492765113711357,4.345576763153076,2.5021395683288574
4100,Indianapolis,Median Age,zip,2745,31,Feat-RGNN,0,0.9691351056098938,0.12681365013122559,0.35871994495391846,0.012993247248232365,4.283986568450928,3.264026403427124
4101,Indianapolis,Median Age,zip,2745,31,Feat-RGNN,1,0.9978802800178528,0.0428280234336853,0.41563206911087036,0.0008923487039282918,4.696033000946045,2.974351644515991
4102,Indianapolis,Median Age,zip,2745,31,Feat-RGNN,2,0.9928145408630371,-0.0008486509323120117,0.3438328504562378,0.0030248737893998623,4.910317420959473,3.339799642562866
4103,Indianapolis,Median Age,zip,2745,31,Feat-RGNN,3,0.9437879920005798,-0.004422903060913086,0.2620292901992798,0.02366364747285843,4.927853107452393,3.7561683654785156
4104,Indianapolis,Median Age,zip,2745,31,Feat-RGNN,4,0.9964467287063599,0.07311016321182251,0.33027809858322144,0.0014958224492147565,4.547463893890381,3.4087913036346436
4105,Indianapolis,Median Age,zip,2745,31,Feat-RGNN,5,0.9970259666442871,0.013697803020477295,0.34111958742141724,0.0012519930023699999,4.838950157165527,3.353609800338745
4106,Indianapolis,Median Age,zip,2745,31,Feat-RGNN,6,0.993384599685669,0.01075655221939087,0.33671724796295166,0.002784896641969681,4.8533806800842285,3.3760170936584473
4107,Indianapolis,Median Age,zip,2745,31,Feat-RGNN,7,0.9955677390098572,0.06757110357284546,0.2789623737335205,0.0018658505287021399,4.574639320373535,3.6699814796447754
4108,Indianapolis,Median Age,zip,2745,31,Feat-RGNN,8,0.9846720695495605,0.08308488130569458,0.35159218311309814,0.006452612578868866,4.498526573181152,3.3003058433532715
4109,Indianapolis,Median Age,zip,2745,31,Feat-RGNN,9,0.9963104128837585,0.021888911724090576,0.33993422985076904,0.0015532212564721704,4.798763275146484,3.3596432209014893
4110,Indianapolis,Median Age,zip,2745,31,Feat\&PC-RGNN,0,0.9990735054016113,0.12277418375015259,0.09370791912078857,0.00039003242272883654,4.303804874420166,4.612900733947754
4111,Indianapolis,Median Age,zip,2745,31,Feat\&PC-RGNN,1,0.9999838471412659,0.1189914345741272,0.08949720859527588,6.810610102547798e-06,4.322363376617432,4.63433313369751
4112,Indianapolis,Median Age,zip,2745,31,Feat\&PC-RGNN,2,0.9999566078186035,0.12759679555892944,0.15526539087295532,1.8263011952512898e-05,4.280144214630127,4.299582004547119
4113,Indianapolis,Median Age,zip,2745,31,Feat\&PC-RGNN,3,0.999981701374054,0.1247817873954773,0.1398983597755432,7.704838026256766e-06,4.293955326080322,4.377798080444336
4114,Indianapolis,Median Age,zip,2745,31,Feat\&PC-RGNN,4,0.9999954104423523,0.15860873460769653,0.09332549571990967,1.924263415276073e-06,4.127995014190674,4.614847660064697
4115,Indianapolis,Median Age,zip,2745,31,Feat\&PC-RGNN,5,0.9999829530715942,0.11437922716140747,0.05943852663040161,7.187282335507916e-06,4.344991683959961,4.787327289581299
4116,Indianapolis,Median Age,zip,2745,31,Feat\&PC-RGNN,6,0.973876416683197,0.14181965589523315,0.18556338548660278,0.010997272096574306,4.210364818572998,4.145369529724121
4117,Indianapolis,Median Age,zip,2745,31,Feat\&PC-RGNN,7,0.9998551607131958,0.11748981475830078,0.10692816972732544,6.09732887824066e-05,4.32973051071167,4.545611381530762
4118,Indianapolis,Median Age,zip,2745,31,Feat\&PC-RGNN,8,0.999862015247345,0.14327889680862427,0.084342360496521,5.8099147281609476e-05,4.203205585479736,4.6605706214904785
4119,Indianapolis,Median Age,zip,2745,31,Feat\&PC-RGNN,9,0.9990187883377075,0.0675363540649414,0.09546530246734619,0.0004130738088861108,4.574810028076172,4.6039557456970215
4120,Indianapolis,Median Age,zip,2745,31,LightGCN,0,0.998647928237915,0.19316184520721436,0.2819979786872864,0.0005691840196959674,3.9584720134735107,3.6545307636260986
4121,Indianapolis,Median Age,zip,2745,31,LightGCN,1,0.9995401501655579,0.19559913873672485,0.31254249811172485,0.00019358798454049975,3.946514129638672,3.49906325340271
4122,Indianapolis,Median Age,zip,2745,31,LightGCN,2,0.9998470544815063,0.16707468032836914,0.2848988175392151,6.438933633035049e-05,4.086459636688232,3.639765977859497
4123,Indianapolis,Median Age,zip,2745,31,LightGCN,3,0.7992083430290222,0.025817573070526123,0.21677041053771973,0.08452756702899933,4.779488563537598,3.986530065536499
4124,Indianapolis,Median Age,zip,2745,31,LightGCN,4,0.9944747090339661,0.15790235996246338,0.3195466995239258,0.002325988607481122,4.131460666656494,3.4634130001068115
4125,Indianapolis,Median Age,zip,2745,31,LightGCN,5,0.9999620318412781,0.16964572668075562,0.3223985433578491,1.597998198121786e-05,4.073845386505127,3.44889760017395
4126,Indianapolis,Median Age,zip,2745,31,LightGCN,6,0.9999545216560364,0.15810465812683105,0.25188928842544556,1.9140377844450995e-05,4.130467891693115,3.807779550552368
4127,Indianapolis,Median Age,zip,2745,31,LightGCN,7,0.9994705319404602,0.15702396631240845,0.26613765954971313,0.00022288797481451184,4.135769844055176,3.735257625579834
4128,Indianapolis,Median Age,zip,2745,31,LightGCN,8,0.9717000722885132,0.11870437860488892,0.2824193835258484,0.011913464404642582,4.323771953582764,3.652385711669922
4129,Indianapolis,Median Age,zip,2745,31,LightGCN,9,0.9998969435691833,0.16504013538360596,0.27507317066192627,4.338345752330497e-05,4.096441268920898,3.68977689743042
4130,Indianapolis,Median Age,zip,2745,31,Feat-LightGCN,0,0.9999568462371826,0.1859855055809021,-0.09043347835540771,1.8178972823079675e-05,3.993680238723755,5.550155162811279
4131,Indianapolis,Median Age,zip,2745,31,Feat-LightGCN,1,0.9999616742134094,0.20556437969207764,-0.0070896148681640625,1.6131696611410007e-05,3.897623300552368,5.125946521759033
4132,Indianapolis,Median Age,zip,2745,31,Feat-LightGCN,2,0.9999558925628662,0.19123440980911255,0.0467110276222229,1.8567383449408226e-05,3.967928171157837,4.852108478546143
4133,Indianapolis,Median Age,zip,2745,31,Feat-LightGCN,3,0.999963641166687,0.18535375595092773,-0.041391968727111816,1.529780274722725e-05,3.996779680252075,5.300540447235107
4134,Indianapolis,Median Age,zip,2745,31,Feat-LightGCN,4,0.9999902844429016,0.21727943420410156,0.05818593502044678,4.097963937965687e-06,3.8401472568511963,4.793702602386475
4135,Indianapolis,Median Age,zip,2745,31,Feat-LightGCN,5,0.9998757839202881,0.16653263568878174,-0.1238715648651123,5.229796806816012e-05,4.089118957519531,5.720350742340088
4136,Indianapolis,Median Age,zip,2745,31,Feat-LightGCN,6,0.9999462962150574,0.18685108423233032,-0.1607809066772461,2.2613316104980186e-05,3.989433526992798,5.9082136154174805
4137,Indianapolis,Median Age,zip,2745,31,Feat-LightGCN,7,0.9999762773513794,0.21874135732650757,0.15552645921707153,9.984213647840079e-06,3.832975149154663,4.298253059387207
4138,Indianapolis,Median Age,zip,2745,31,Feat-LightGCN,8,0.9999760985374451,0.17498129606246948,-0.06870436668395996,1.0073021257994696e-05,4.04766845703125,5.43955659866333
4139,Indianapolis,Median Age,zip,2745,31,Feat-LightGCN,9,0.9999775290489197,0.17846477031707764,-0.04738771915435791,9.467656127526425e-06,4.030578136444092,5.331058025360107
4140,Indianapolis,Median Age,zip,2745,31,Feat\&PC-LightGCN,0,0.9999945759773254,0.1549559235572815,-0.03440654277801514,2.2749150048184674e-06,4.145915985107422,5.26498556137085
4141,Indianapolis,Median Age,zip,2745,31,Feat\&PC-LightGCN,1,0.9999894499778748,0.17374271154403687,-0.050145745277404785,4.439114945853362e-06,4.053745269775391,5.345096111297607
4142,Indianapolis,Median Age,zip,2745,31,Feat\&PC-LightGCN,2,0.9999942183494568,0.20505821704864502,0.014882206916809082,2.4330365704372525e-06,3.900106430053711,5.014112949371338
4143,Indianapolis,Median Age,zip,2745,31,Feat\&PC-LightGCN,3,0.9999904036521912,0.18265646696090698,-0.03744065761566162,4.041998636239441e-06,4.010013103485107,5.280428886413574
4144,Indianapolis,Median Age,zip,2745,31,Feat\&PC-LightGCN,4,0.9999914169311523,0.1663377285003662,-0.11998021602630615,3.6110197925154353e-06,4.0900750160217285,5.7005438804626465
4145,Indianapolis,Median Age,zip,2745,31,Feat\&PC-LightGCN,5,0.9999959468841553,0.12870311737060547,0.04040038585662842,1.7071565707738046e-06,4.274716377258301,4.884228706359863
4146,Indianapolis,Median Age,zip,2745,31,Feat\&PC-LightGCN,6,0.9999978542327881,0.1464775800704956,0.04547131061553955,9.135219443123788e-07,4.187511920928955,4.8584184646606445
4147,Indianapolis,Median Age,zip,2745,31,Feat\&PC-LightGCN,7,0.9999909996986389,0.18689316511154175,-0.03301501274108887,3.7902218537055887e-06,3.989227056503296,5.257903099060059
4148,Indianapolis,Median Age,zip,2745,31,Feat\&PC-LightGCN,8,0.999988853931427,0.19188016653060913,-0.007038712501525879,4.680871825257782e-06,3.9647600650787354,5.125687122344971
4149,Indianapolis,Median Age,zip,2745,31,Feat\&PC-LightGCN,9,0.9999892115592957,0.18620842695236206,-0.0014786720275878906,4.5341748773353174e-06,3.992586374282837,5.097387790679932
4150,Indianapolis,Median Age,zip,2745,31,NoPreTrain,0,0.9958364963531494,-0.18032300472259521,-0.1882396936416626,0.0017527200980111957,5.79084587097168,6.047975063323975
4151,Indianapolis,Median Age,zip,2745,31,NoPreTrain,1,0.9926789402961731,0.0022965669631958008,-0.16089081764221191,0.0030819689854979515,4.894886493682861,5.908772945404053
4152,Indianapolis,Median Age,zip,2745,31,NoPreTrain,2,0.986169695854187,0.029385805130004883,0.049818336963653564,0.005822162609547377,4.761982440948486,4.836292743682861
4153,Indianapolis,Median Age,zip,2745,31,NoPreTrain,3,0.9888490438461304,-0.4047565460205078,-0.027698040008544922,0.004694242961704731,6.891951084136963,5.23084020614624
4154,Indianapolis,Median Age,zip,2745,31,NoPreTrain,4,0.9989219307899475,-0.022038817405700684,0.1519474983215332,0.0004538288339972496,5.014279365539551,4.316469669342041
4155,Indianapolis,Median Age,zip,2745,31,NoPreTrain,5,0.9977354407310486,-0.0873112678527832,0.06606864929199219,0.0009533080155961215,5.3345160484313965,4.7535810470581055
4156,Indianapolis,Median Age,zip,2745,31,NoPreTrain,6,0.9622767567634583,-0.2109510898590088,0.18846404552459717,0.015880411490797997,5.941112041473389,4.130605220794678
4157,Indianapolis,Median Age,zip,2745,31,NoPreTrain,7,0.9991459846496582,0.02600198984146118,-0.04195582866668701,0.00035952459438703954,4.778584003448486,5.303410530090332
4158,Indianapolis,Median Age,zip,2745,31,NoPreTrain,8,0.999539315700531,-0.0017124414443969727,-0.027907729148864746,0.0001939355570357293,4.914555072784424,5.231907367706299
4159,Indianapolis,Median Age,zip,2745,31,NoPreTrain,9,0.9963474869728088,-0.0916285514831543,-0.04232466220855713,0.0015375983202829957,5.3556976318359375,5.305287837982178
4160,Nashville,Median Income,zip,2678,20,Emb,0,0.999977171421051,-16.258686065673828,-1.9252045154571533,0.00011371057917131111,9.37984848022461,4.558954238891602
4161,Nashville,Median Income,zip,2678,20,Emb,1,0.9999843239784241,-17.846172332763672,-0.9580143690109253,7.81208582338877e-05,10.242624282836914,3.0515809059143066
4162,Nashville,Median Income,zip,2678,20,Emb,2,0.9999794960021973,-15.170106887817383,-2.86361026763916,0.00010208841558778659,8.78822135925293,6.021467208862305
4163,Nashville,Median Income,zip,2678,20,Emb,3,0.9999546408653259,-16.24860382080078,-2.237959623336792,0.00022573821479454637,9.374368667602539,5.046385765075684
4164,Nashville,Median Income,zip,2678,20,Emb,4,0.9999815821647644,-15.38711929321289,-0.6030440330505371,9.182912617688999e-05,8.906164169311523,2.498356819152832
4165,Nashville,Median Income,zip,2678,20,Emb,5,0.9999870657920837,-17.264890670776367,-1.989490032196045,6.446980842156336e-05,9.926706314086914,4.659143924713135
4166,Nashville,Median Income,zip,2678,20,Emb,6,0.9999723434448242,-17.335922241210938,-2.6906776428222656,0.00013768103963229805,9.965310096740723,5.751950263977051
4167,Nashville,Median Income,zip,2678,20,Emb,7,0.9999920129776001,-14.750204086303711,-2.2950186729431152,3.9719659980619326e-05,8.560009956359863,5.135312557220459
4168,Nashville,Median Income,zip,2678,20,Emb,8,0.9999896287918091,-16.774063110351562,-1.0198047161102295,5.163740206626244e-05,9.659948348999023,3.1478817462921143
4169,Nashville,Median Income,zip,2678,20,Emb,9,0.9999778866767883,-21.327600479125977,-1.5908868312835693,0.00011003843246726319,12.134730339050293,4.037917613983154
4170,Nashville,Median Income,zip,2678,20,RGNN,0,0.9986573457717896,-5.743576526641846,-3.4954466819763184,0.006683724001049995,3.665036916732788,7.006189346313477
4171,Nashville,Median Income,zip,2678,20,RGNN,1,0.9987351894378662,-10.901580810546875,-1.2836871147155762,0.0062962849624454975,6.468338489532471,3.5591444969177246
4172,Nashville,Median Income,zip,2678,20,RGNN,2,0.9995446801185608,-5.434291362762451,-1.7064435482025146,0.0022666777949780226,3.4969449043273926,4.218013763427734
4173,Nashville,Median Income,zip,2678,20,RGNN,3,0.9988915324211121,-6.244580268859863,-0.6839057207107544,0.00551811046898365,3.9373254776000977,2.624380350112915
4174,Nashville,Median Income,zip,2678,20,RGNN,4,0.9971002340316772,-8.29228687286377,-1.3569097518920898,0.014435245655477047,5.050224304199219,3.673262357711792
4175,Nashville,Median Income,zip,2678,20,RGNN,5,0.9996443390846252,-9.388002395629883,-1.6281492710113525,0.0017703516641631722,5.645730018615723,4.095991611480713
4176,Nashville,Median Income,zip,2678,20,RGNN,6,0.9976446628570557,-6.427405834197998,-2.837907075881958,0.011725100688636303,4.036688327789307,5.981408596038818
4177,Nashville,Median Income,zip,2678,20,RGNN,7,0.9996899366378784,-8.430885314941406,-2.3588356971740723,0.001543453079648316,5.125550746917725,5.234772205352783
4178,Nashville,Median Income,zip,2678,20,RGNN,8,0.997004508972168,-6.914305686950684,-2.8299813270568848,0.014911637641489506,4.301311492919922,5.969056129455566
4179,Nashville,Median Income,zip,2678,20,RGNN,9,0.9999741911888123,-5.356068134307861,-0.7407444715499878,0.0001284085592487827,3.4544317722320557,2.7129640579223633
4180,Nashville,Median Income,zip,2678,20,Feat-RGNN,0,0.9949474930763245,-8.815455436706543,-5.164144992828369,0.02515171654522419,5.334558963775635,9.606868743896484
4181,Nashville,Median Income,zip,2678,20,Feat-RGNN,1,0.9997445940971375,-11.661672592163086,-5.990230560302734,0.001271333429031074,6.881437301635742,10.894330024719238
4182,Nashville,Median Income,zip,2678,20,Feat-RGNN,2,0.9960933923721313,-4.509090423583984,-4.983465671539307,0.01944713108241558,2.9941115379333496,9.325278282165527
4183,Nashville,Median Income,zip,2678,20,Feat-RGNN,3,0.977601945400238,-18.52332878112793,-5.076169967651367,0.11149862408638,10.610649108886719,9.469758987426758
4184,Nashville,Median Income,zip,2678,20,Feat-RGNN,4,0.9998879432678223,-14.953364372253418,-6.842817783355713,0.000557812221813947,8.670424461364746,12.22309398651123
4185,Nashville,Median Income,zip,2678,20,Feat-RGNN,5,0.9996920824050903,-6.915304183959961,-6.098942756652832,0.0015327561413869262,4.301854133605957,11.063758850097656
4186,Nashville,Median Income,zip,2678,20,Feat-RGNN,6,0.9996342658996582,-8.51546859741211,-6.773239612579346,0.0018204948864877224,5.171520709991455,12.114655494689941
4187,Nashville,Median Income,zip,2678,20,Feat-RGNN,7,0.9998273849487305,-9.445737838745117,-4.753215312957764,0.0008592113736085594,5.6771087646484375,8.966431617736816
4188,Nashville,Median Income,zip,2678,20,Feat-RGNN,8,0.9999139904975891,-9.573528289794922,-5.9510416984558105,0.0004281543369870633,5.746560573577881,10.833253860473633
4189,Nashville,Median Income,zip,2678,20,Feat-RGNN,9,0.9996321201324463,-9.40300178527832,-5.02496862411499,0.0018314640037715435,5.653882026672363,9.389961242675781
4190,Nashville,Median Income,zip,2678,20,Feat\&PC-RGNN,0,0.9999098777770996,-2.147944450378418,-0.05742979049682617,0.00044856974272988737,1.710862636566162,1.648012638092041
4191,Nashville,Median Income,zip,2678,20,Feat\&PC-RGNN,1,0.9999412894248962,-3.3808999061584473,-0.041803956031799316,0.000292330514639616,2.3809561729431152,1.6236597299575806
4192,Nashville,Median Income,zip,2678,20,Feat\&PC-RGNN,2,0.9999114871025085,-4.326650619506836,-0.9478808641433716,0.00044064479880034924,2.894958257675171,3.03578782081604
4193,Nashville,Median Income,zip,2678,20,Feat\&PC-RGNN,3,0.9999614357948303,-3.9337077140808105,-0.11855649948120117,0.00019200185488443822,2.681399345397949,1.743279218673706
4194,Nashville,Median Income,zip,2678,20,Feat\&PC-RGNN,4,0.9999487400054932,-3.9980735778808594,-0.8253860473632812,0.0002551251382101327,2.716381311416626,2.844878673553467
4195,Nashville,Median Income,zip,2678,20,Feat\&PC-RGNN,5,0.9999219179153442,-2.1690597534179688,-0.2667354345321655,0.0003887903003487736,1.7223384380340576,1.974217176437378
4196,Nashville,Median Income,zip,2678,20,Feat\&PC-RGNN,6,0.9997429847717285,-2.7895004749298096,0.047108590602874756,0.0012792955385521054,2.0595390796661377,1.48508882522583
4197,Nashville,Median Income,zip,2678,20,Feat\&PC-RGNN,7,0.9999853372573853,-4.902789115905762,-0.2738889455795288,7.311358785955235e-05,3.2080812454223633,1.9853659868240356
4198,Nashville,Median Income,zip,2678,20,Feat\&PC-RGNN,8,0.9999635219573975,-5.933146953582764,-1.0102953910827637,0.0001815018040360883,3.7680656909942627,3.133061408996582
4199,Nashville,Median Income,zip,2678,20,Feat\&PC-RGNN,9,0.9999805092811584,-3.588912010192871,0.008620202541351318,9.703129035187885e-05,2.4940078258514404,1.5450732707977295
4200,Nashville,Median Income,zip,2678,20,LightGCN,0,0.9999240040779114,-13.267131805419922,-6.017354965209961,0.0003783919382840395,7.753981113433838,10.936603546142578
4201,Nashville,Median Income,zip,2678,20,LightGCN,1,0.9999160170555115,-17.348388671875,-8.543486595153809,0.00041800597682595253,9.972085952758789,14.873600006103516
4202,Nashville,Median Income,zip,2678,20,LightGCN,2,0.999944269657135,-13.134790420532227,-6.891122817993164,0.0002774620952550322,7.682055473327637,12.29837703704834
4203,Nashville,Median Income,zip,2678,20,LightGCN,3,0.999862551689148,-15.941511154174805,-5.550149917602539,0.0006841297727078199,9.207468032836914,10.208460807800293
4204,Nashville,Median Income,zip,2678,20,LightGCN,4,0.9999047517776489,-17.34093475341797,-7.9107513427734375,0.00047425131197087467,9.968034744262695,13.887475967407227
4205,Nashville,Median Income,zip,2678,20,LightGCN,5,0.99993896484375,-13.193343162536621,-7.5142621994018555,0.0003038120048586279,7.713878154754639,13.269545555114746
4206,Nashville,Median Income,zip,2678,20,LightGCN,6,0.99997878074646,-14.007472038269043,-8.14622974395752,0.00010571574239293113,8.15634536743164,14.254471778869629
4207,Nashville,Median Income,zip,2678,20,LightGCN,7,0.9998283386230469,-15.16476058959961,-9.534931182861328,0.0008545866585336626,8.78531551361084,16.418773651123047
4208,Nashville,Median Income,zip,2678,20,LightGCN,8,0.9999644160270691,-13.575511932373047,-7.080523490905762,0.0001771734532667324,7.921581268310547,12.593560218811035
4209,Nashville,Median Income,zip,2678,20,LightGCN,9,0.9998236298561096,-17.495895385742188,-7.06974983215332,0.0008778371848165989,10.052253723144531,12.57676887512207
4210,Nashville,Median Income,zip,2678,20,Feat-LightGCN,0,0.9999894499778748,-6.682613849639893,0.3787304759025574,5.262231934466399e-05,4.175390243530273,0.9682534337043762
4211,Nashville,Median Income,zip,2678,20,Feat-LightGCN,1,0.9999910593032837,-6.548460483551025,0.37128371000289917,4.4482192606665194e-05,4.102479934692383,0.9798592925071716
4212,Nashville,Median Income,zip,2678,20,Feat-LightGCN,2,0.9999845027923584,-6.846506118774414,0.5596318244934082,7.729033677605912e-05,4.264463424682617,0.6863172650337219
4213,Nashville,Median Income,zip,2678,20,Feat-LightGCN,3,0.9999915957450867,-6.576058864593506,0.1896744966506958,4.184805948170833e-05,4.11747932434082,1.2628986835479736
4214,Nashville,Median Income,zip,2678,20,Feat-LightGCN,4,0.9999898076057434,-6.862710475921631,0.37973254919052124,5.0810685934266075e-05,4.273270130157471,0.9666917324066162
4215,Nashville,Median Income,zip,2678,20,Feat-LightGCN,5,0.9999936819076538,-5.7635369300842285,0.5976396799087524,3.139847103739157e-05,3.6758852005004883,0.6270818114280701
4216,Nashville,Median Income,zip,2678,20,Feat-LightGCN,6,0.9999659657478333,-4.9939284324646,0.6787928342819214,0.0001695724349701777,3.2576141357421875,0.5006038546562195
4217,Nashville,Median Income,zip,2678,20,Feat-LightGCN,7,0.9999949932098389,-5.190207004547119,0.7013866901397705,2.4938746719271876e-05,3.364288568496704,0.4653911590576172
4218,Nashville,Median Income,zip,2678,20,Feat-LightGCN,8,0.9997095465660095,-6.0464067459106445,0.15668213367462158,0.001446038600988686,3.829620838165283,1.3143175840377808
4219,Nashville,Median Income,zip,2678,20,Feat-LightGCN,9,0.9999949336051941,-7.19066047668457,0.6110489368438721,2.524341289245058e-05,4.451506614685059,0.6061833500862122
4220,Nashville,Median Income,zip,2678,20,Feat\&PC-LightGCN,0,0.9999988675117493,-0.817999005317688,0.3687071204185486,5.71870123167173e-06,0.9880563616752625,0.9838749170303345
4221,Nashville,Median Income,zip,2678,20,Feat\&PC-LightGCN,1,0.9999973177909851,-0.27899110317230225,0.42956286668777466,1.3280187886266503e-05,0.6951133012771606,0.8890307545661926
4222,Nashville,Median Income,zip,2678,20,Feat\&PC-LightGCN,2,0.9998648166656494,-0.6774694919586182,0.4319267272949219,0.0006730002351105213,0.9116805791854858,0.8853466510772705
4223,Nashville,Median Income,zip,2678,20,Feat\&PC-LightGCN,3,0.9999513030052185,-0.31790196895599365,0.6403833031654358,0.0002424788981443271,0.7162607908248901,0.5604654550552368
4224,Nashville,Median Income,zip,2678,20,Feat\&PC-LightGCN,4,0.9999998807907104,-0.22420597076416016,0.45464223623275757,5.77754349251336e-07,0.6653383374214172,0.8499443531036377
4225,Nashville,Median Income,zip,2678,20,Feat\&PC-LightGCN,5,0.9999999403953552,-0.3080404996871948,0.524397611618042,1.9130072814732557e-07,0.7109012007713318,0.7412301301956177
4226,Nashville,Median Income,zip,2678,20,Feat\&PC-LightGCN,6,0.9999743700027466,-0.07303738594055176,0.46259641647338867,0.000127486971905455,0.5831804275512695,0.837547779083252
4227,Nashville,Median Income,zip,2678,20,Feat\&PC-LightGCN,7,0.9999613761901855,-0.7679787874221802,0.2791455388069153,0.00019229955796618015,0.9608711004257202,1.123457431793213
4228,Nashville,Median Income,zip,2678,20,Feat\&PC-LightGCN,8,0.9999980926513672,-1.4833874702453613,0.524051308631897,9.43740269576665e-06,1.3496854305267334,0.7417697906494141
4229,Nashville,Median Income,zip,2678,20,Feat\&PC-LightGCN,9,0.9999852180480957,-0.7392456531524658,0.6269030570983887,7.359368464676663e-05,0.9452550411224365,0.5814745426177979
4230,Nashville,Median Income,zip,2678,20,NoPreTrain,0,0.9999985694885254,-1.1286253929138184,-3.1992712020874023,7.068277682265034e-06,1.1568772792816162,6.544597148895264
4231,Nashville,Median Income,zip,2678,20,NoPreTrain,1,0.999934196472168,-10.995573043823242,-0.051766157150268555,0.00032771777478046715,6.519421577453613,1.639185905456543
4232,Nashville,Median Income,zip,2678,20,NoPreTrain,2,0.9999402761459351,-1.1242024898529053,-1.4068355560302734,0.00029722764156758785,1.1544735431671143,3.7510721683502197
4233,Nashville,Median Income,zip,2678,20,NoPreTrain,3,0.9999585747718811,-43.94889831542969,-20.9091854095459,0.00020614235836546868,24.429080963134766,34.14563751220703
4234,Nashville,Median Income,zip,2678,20,NoPreTrain,4,0.999971330165863,-5.326661109924316,-0.2307415008544922,0.00014260841999202967,3.4384493827819824,1.9181203842163086
4235,Nashville,Median Income,zip,2678,20,NoPreTrain,5,0.9999992251396179,-3.5904135704040527,-1.417064905166626,3.7105482988408767e-06,2.494823932647705,3.767014980316162
4236,Nashville,Median Income,zip,2678,20,NoPreTrain,6,0.9906408786773682,-2.2676172256469727,-0.8216325044631958,0.046590182930231094,1.7759031057357788,2.8390285968780518
4237,Nashville,Median Income,zip,2678,20,NoPreTrain,7,0.9999988079071045,0.48193061351776123,-0.38427186012268066,5.8579444157658145e-06,0.28156328201293945,2.1573987007141113
4238,Nashville,Median Income,zip,2678,20,NoPreTrain,8,0.9999798536300659,-9.753231048583984,-0.4659585952758789,0.00010020720219472423,5.844226837158203,2.284708023071289
4239,Nashville,Median Income,zip,2678,20,NoPreTrain,9,0.9999692440032959,-5.314202308654785,-0.21135735511779785,0.00015320401871576905,3.431678295135498,1.887910008430481
4240,Nashville,Median Home Value,zip,2678,20,Emb,0,0.9999968409538269,-1.2831604480743408,0.20438021421432495,9.237600352207664e-06,0.7032769322395325,5.958725929260254
4241,Nashville,Median Home Value,zip,2678,20,Emb,1,0.9999974370002747,-0.6835112571716309,-0.023273110389709473,7.469990578101715e-06,0.5185683369636536,7.6637163162231445
4242,Nashville,Median Home Value,zip,2678,20,Emb,2,0.9999895691871643,-1.585606575012207,0.19618701934814453,3.057813228224404e-05,0.7964388132095337,6.020088195800781
4243,Nashville,Median Home Value,zip,2678,20,Emb,3,0.9995102882385254,-1.2402982711791992,0.17881745100021362,0.0014325263909995556,0.6900742053985596,6.150176048278809
4244,Nashville,Median Home Value,zip,2678,20,Emb,4,0.9999954700469971,-0.669123649597168,-0.041219234466552734,1.3303033483680338e-05,0.514136552810669,7.798122406005859
4245,Nashville,Median Home Value,zip,2678,20,Emb,5,0.9999971389770508,-1.4266445636749268,0.17751824855804443,8.363137567357626e-06,0.7474740743637085,6.159906387329102
4246,Nashville,Median Home Value,zip,2678,20,Emb,6,0.9999909400939941,-4.008969306945801,0.19191938638687134,2.6446892661624588e-05,1.5429019927978516,6.052050590515137
4247,Nashville,Median Home Value,zip,2678,20,Emb,7,0.9999915957450867,-2.7964746952056885,0.20436620712280273,2.4639606635901146e-05,1.1694198846817017,5.958830833435059
4248,Nashville,Median Home Value,zip,2678,20,Emb,8,0.9999966025352478,-1.4145536422729492,0.07197505235671997,9.948766091838479e-06,0.743749737739563,6.9503631591796875
4249,Nashville,Median Home Value,zip,2678,20,Emb,9,0.9999889135360718,-1.8285117149353027,0.19439566135406494,3.238644785596989e-05,0.8712603449821472,6.033504486083984
4250,Nashville,Median Home Value,zip,2678,20,RGNN,0,0.9999670386314392,-9.112177848815918,-0.07485008239746094,9.638992924010381e-05,3.1148321628570557,8.049997329711914
4251,Nashville,Median Home Value,zip,2678,20,RGNN,1,0.9996076822280884,-15.235038757324219,0.2578686475753784,0.001147676375694573,5.0008440017700195,5.55812931060791
4252,Nashville,Median Home Value,zip,2678,20,RGNN,2,0.9811864495277405,-8.57612419128418,0.2805217504501343,0.05503271520137787,2.9497127532958984,5.388470649719238
4253,Nashville,Median Home Value,zip,2678,20,RGNN,3,0.9030044674873352,-30.49282455444336,-0.03669416904449463,0.28372809290885925,9.700666427612305,7.7642316818237305
4254,Nashville,Median Home Value,zip,2678,20,RGNN,4,0.9999418258666992,-10.372100830078125,0.1352335810661316,0.00017023210239131004,3.5029234886169434,6.476593971252441
4255,Nashville,Median Home Value,zip,2678,20,RGNN,5,0.999928891658783,-9.814886093139648,-0.1409909725189209,0.00020794851297978312,3.3312859535217285,8.545353889465332
4256,Nashville,Median Home Value,zip,2678,20,RGNN,6,0.9999549984931946,-18.307571411132812,-0.10261499881744385,0.0001317184796789661,5.947269439697266,8.257940292358398
4257,Nashville,Median Home Value,zip,2678,20,RGNN,7,0.9990569353103638,-13.047845840454102,0.09365755319595337,0.0027585464995354414,4.327127456665039,6.787973880767822
4258,Nashville,Median Home Value,zip,2678,20,RGNN,8,0.9980905652046204,-17.942554473876953,-0.058745503425598145,0.005585493519902229,5.834834098815918,7.929383754730225
4259,Nashville,Median Home Value,zip,2678,20,RGNN,9,0.9898056387901306,-12.515986442565918,0.1519356369972229,0.029820239171385765,4.163300037384033,6.351505279541016
4260,Nashville,Median Home Value,zip,2678,20,Feat-RGNN,0,0.9999819993972778,0.48498785495758057,-0.09172976016998291,5.256927033769898e-05,0.15863807499408722,8.176416397094727
4261,Nashville,Median Home Value,zip,2678,20,Feat-RGNN,1,0.9886767864227295,0.3935977816581726,0.2306569218635559,0.03312228247523308,0.18678876757621765,5.761929035186768
4262,Nashville,Median Home Value,zip,2678,20,Feat-RGNN,2,0.9998139142990112,0.40596920251846313,-0.1431177854537964,0.0005443441332317889,0.18297801911830902,8.56128215789795
4263,Nashville,Median Home Value,zip,2678,20,Feat-RGNN,3,0.9999807476997375,0.6276071071624756,-0.23234033584594727,5.6287317420355976e-05,0.11470738053321838,9.229507446289062
4264,Nashville,Median Home Value,zip,2678,20,Feat-RGNN,4,0.9998697638511658,-0.059246063232421875,-0.1432267427444458,0.00038092563045211136,0.3262772560119629,8.562098503112793
4265,Nashville,Median Home Value,zip,2678,20,Feat-RGNN,5,0.998015284538269,0.6378333568572998,0.250762939453125,0.005805698689073324,0.11155740916728973,5.61134672164917
4266,Nashville,Median Home Value,zip,2678,20,Feat-RGNN,6,0.9919485449790955,-0.16876459121704102,-0.19364595413208008,0.02355184406042099,0.360012024641037,8.939708709716797
4267,Nashville,Median Home Value,zip,2678,20,Feat-RGNN,7,0.9999952912330627,0.16305774450302124,-0.11315631866455078,1.3692995707970113e-05,0.25780150294303894,8.336888313293457
4268,Nashville,Median Home Value,zip,2678,20,Feat-RGNN,8,0.9877554774284363,0.43876516819000244,-0.0618138313293457,0.03581732138991356,0.17287595570087433,7.95236349105835
4269,Nashville,Median Home Value,zip,2678,20,Feat-RGNN,9,0.9989829659461975,0.6164126992225647,-0.08484184741973877,0.002974954666569829,0.1181555688381195,8.12483024597168
4270,Nashville,Median Home Value,zip,2678,20,Feat\&PC-RGNN,0,0.9999973177909851,0.6793592572212219,0.28900521993637085,7.763882422295865e-06,0.0987662747502327,5.324934482574463
4271,Nashville,Median Home Value,zip,2678,20,Feat\&PC-RGNN,1,0.999992847442627,-0.36349308490753174,0.5012092590332031,2.0865531041636132e-05,0.4199938178062439,3.7356505393981934
4272,Nashville,Median Home Value,zip,2678,20,Feat\&PC-RGNN,2,0.9998905658721924,-0.7221952676773071,0.44098639488220215,0.0003200795326847583,0.5304840803146362,4.186684608459473
4273,Nashville,Median Home Value,zip,2678,20,Feat\&PC-RGNN,3,0.9999982118606567,0.6732032299041748,0.45977216958999634,5.180307198315859e-06,0.10066249221563339,4.045989990234375
4274,Nashville,Median Home Value,zip,2678,20,Feat\&PC-RGNN,4,0.999991774559021,0.6567238569259644,0.27484339475631714,2.4048158593359403e-05,0.10573859512805939,5.4309983253479
4275,Nashville,Median Home Value,zip,2678,20,Feat\&PC-RGNN,5,0.9999994039535522,0.7297601699829102,0.2217341661453247,1.7599427337700035e-06,0.08324139565229416,5.8287553787231445
4276,Nashville,Median Home Value,zip,2678,20,Feat\&PC-RGNN,6,0.9999786019325256,-1.3854777812957764,0.419619619846344,6.255275366129354e-05,0.7347935438156128,4.346709251403809
4277,Nashville,Median Home Value,zip,2678,20,Feat\&PC-RGNN,7,0.9999973177909851,0.06764417886734009,0.3780117630958557,7.891186214692425e-06,0.2871915400028229,4.658327579498291
4278,Nashville,Median Home Value,zip,2678,20,Feat\&PC-RGNN,8,0.9999989867210388,-0.9028127193450928,0.22114670276641846,2.987584821312339e-06,0.5861192941665649,5.833155155181885
4279,Nashville,Median Home Value,zip,2678,20,Feat\&PC-RGNN,9,0.9999991655349731,0.7074042558670044,0.4445221424102783,2.4697503704373958e-06,0.09012763947248459,4.16020393371582
4280,Nashville,Median Home Value,zip,2678,20,LightGCN,0,0.9999750852584839,-2.9442291259765625,0.30913132429122925,7.28528611944057e-05,1.2149323225021362,5.174201488494873
4281,Nashville,Median Home Value,zip,2678,20,LightGCN,1,0.998350977897644,-2.443708658218384,-0.06044936180114746,0.004823716823011637,1.060758113861084,7.942144870758057
4282,Nashville,Median Home Value,zip,2678,20,LightGCN,2,0.9999662041664124,-7.826969146728516,0.07452547550201416,9.892554226098582e-05,2.718952178955078,6.931262016296387
4283,Nashville,Median Home Value,zip,2678,20,LightGCN,3,0.9999926686286926,-4.81319522857666,0.28598928451538086,2.142149787687231e-05,1.7906259298324585,5.347521781921387
4284,Nashville,Median Home Value,zip,2678,20,LightGCN,4,0.9999145269393921,-4.928894996643066,0.005569279193878174,0.0002500489354133606,1.82626473903656,7.4477033615112305
4285,Nashville,Median Home Value,zip,2678,20,LightGCN,5,0.9999698996543884,-7.193597793579102,0.1765432357788086,8.808024722384289e-05,2.5238561630249023,6.167208671569824
4286,Nashville,Median Home Value,zip,2678,20,LightGCN,6,0.9999935030937195,-4.848377704620361,0.2665669918060303,1.9091499780188315e-05,1.8014631271362305,5.492983818054199
4287,Nashville,Median Home Value,zip,2678,20,LightGCN,7,0.9990017414093018,-6.874128818511963,0.29564815759658813,0.002920074388384819,2.4254508018493652,5.275182723999023
4288,Nashville,Median Home Value,zip,2678,20,LightGCN,8,0.9999967813491821,-3.810281276702881,0.3089849352836609,9.446690455661155e-06,1.4817005395889282,5.17529821395874
4289,Nashville,Median Home Value,zip,2678,20,LightGCN,9,0.9998265504837036,-5.383025646209717,0.39846372604370117,0.0005073607317171991,1.9661495685577393,4.505154132843018
4290,Nashville,Median Home Value,zip,2678,20,Feat-LightGCN,0,0.999434232711792,-4.404079914093018,0.5138301849365234,0.0016549803549423814,1.664607048034668,3.641127109527588
4291,Nashville,Median Home Value,zip,2678,20,Feat-LightGCN,1,0.9999879002571106,-3.0152359008789062,0.4738198518753052,3.544735227478668e-05,1.2368043661117554,3.9407808780670166
4292,Nashville,Median Home Value,zip,2678,20,Feat-LightGCN,2,0.9999534487724304,-2.5620856285095215,0.4881042242050171,0.00013623763516079634,1.0972214937210083,3.8337996006011963
4293,Nashville,Median Home Value,zip,2678,20,Feat-LightGCN,3,0.9999935030937195,-3.6205573081970215,0.49310654401779175,1.8944814655696973e-05,1.42326021194458,3.796335220336914
4294,Nashville,Median Home Value,zip,2678,20,Feat-LightGCN,4,0.999964714050293,-5.031023025512695,0.4383794069290161,0.00010320805449737236,1.8577229976654053,4.206209182739258
4295,Nashville,Median Home Value,zip,2678,20,Feat-LightGCN,5,0.9999939203262329,-2.404637098312378,0.46485787630081177,1.777159923221916e-05,1.0487229824066162,4.007901191711426
4296,Nashville,Median Home Value,zip,2678,20,Feat-LightGCN,6,0.999980628490448,-5.89662504196167,0.42353105545043945,5.6665503507247195e-05,2.12435245513916,4.3174147605896
4297,Nashville,Median Home Value,zip,2678,20,Feat-LightGCN,7,0.999996542930603,-4.472591876983643,0.4793502688407898,1.0165923413296696e-05,1.6857106685638428,3.8993616104125977
4298,Nashville,Median Home Value,zip,2678,20,Feat-LightGCN,8,0.9999273419380188,-2.6204280853271484,0.4768882989883423,0.00021251592261251062,1.1151926517486572,3.917800188064575
4299,Nashville,Median Home Value,zip,2678,20,Feat-LightGCN,9,0.9989731311798096,-5.510645389556885,0.4595451354980469,0.0030038447584956884,2.005460023880005,4.047690391540527
4300,Nashville,Median Home Value,zip,2678,20,Feat\&PC-LightGCN,0,0.9999998211860657,-0.8780162334442139,0.13468974828720093,5.665490903083992e-07,0.5784812569618225,6.4806671142578125
4301,Nashville,Median Home Value,zip,2678,20,Feat\&PC-LightGCN,1,0.9999991059303284,-0.6621568202972412,0.16149544715881348,2.5830702270468464e-06,0.5119905471801758,6.279907703399658
4302,Nashville,Median Home Value,zip,2678,20,Feat\&PC-LightGCN,2,0.9999964237213135,-2.5124757289886475,0.1196446418762207,1.0525122888793703e-05,1.0819402933120728,6.593346118927002
4303,Nashville,Median Home Value,zip,2678,20,Feat\&PC-LightGCN,3,0.9999990463256836,-1.4475092887878418,0.24682742357254028,2.756706408035825e-06,0.7539010047912598,5.64082145690918
4304,Nashville,Median Home Value,zip,2678,20,Feat\&PC-LightGCN,4,0.9999964237213135,-2.494523525238037,0.0018904805183410645,1.0538988135522231e-05,1.0764105319976807,7.475255489349365
4305,Nashville,Median Home Value,zip,2678,20,Feat\&PC-LightGCN,5,0.9999992251396179,-1.126894474029541,0.16098356246948242,2.323002490811632e-06,0.6551427245140076,6.283741474151611
4306,Nashville,Median Home Value,zip,2678,20,Feat\&PC-LightGCN,6,0.9999984502792358,-3.14169979095459,0.03465986251831055,4.55411600341904e-06,1.2757587432861328,7.229832172393799
4307,Nashville,Median Home Value,zip,2678,20,Feat\&PC-LightGCN,7,0.9999984502792358,-1.5383219718933105,0.12360864877700806,4.468194219953148e-06,0.7818738222122192,6.563657760620117
4308,Nashville,Median Home Value,zip,2678,20,Feat\&PC-LightGCN,8,0.999999463558197,-0.8912330865859985,0.18123561143875122,1.5013605434432975e-06,0.582552433013916,6.132065773010254
4309,Nashville,Median Home Value,zip,2678,20,Feat\&PC-LightGCN,9,0.9999991655349731,-0.9517054557800293,0.1349043846130371,2.5075253233808326e-06,0.6011795997619629,6.479059219360352
4310,Nashville,Median Home Value,zip,2678,20,NoPreTrain,0,0.9993659257888794,-6.217384338378906,-0.4471261501312256,0.001854729955084622,2.2231552600860596,10.838127136230469
4311,Nashville,Median Home Value,zip,2678,20,NoPreTrain,1,0.9999502897262573,-12.563711166381836,-0.23943305015563965,0.0001454113080399111,4.178000450134277,9.28262710571289
4312,Nashville,Median Home Value,zip,2678,20,NoPreTrain,2,0.9980949759483337,-1.6717238426208496,-0.0805351734161377,0.005572461988776922,0.8229653239250183,8.092575073242188
4313,Nashville,Median Home Value,zip,2678,20,NoPreTrain,3,0.9999925494194031,-1.3548221588134766,-0.16455519199371338,2.1817992092110217e-05,0.7253507971763611,8.72183609008789
4314,Nashville,Median Home Value,zip,2678,20,NoPreTrain,4,0.9999556541442871,-1.466801404953003,-0.584886908531189,0.00012971820251550525,0.7598434686660767,11.869874954223633
4315,Nashville,Median Home Value,zip,2678,20,NoPreTrain,5,0.9999526739120483,-7.76795768737793,0.4532583951950073,0.00013851099356543273,2.700774908065796,4.09477424621582
4316,Nashville,Median Home Value,zip,2678,20,NoPreTrain,6,0.9999647736549377,-3.2675490379333496,-0.01815617084503174,0.00010310274228686467,1.3145239353179932,7.625392913818359
4317,Nashville,Median Home Value,zip,2678,20,NoPreTrain,7,0.9999409317970276,-5.263739109039307,0.10226547718048096,0.00017282064072787762,1.9294060468673706,6.72350549697876
4318,Nashville,Median Home Value,zip,2678,20,NoPreTrain,8,0.9998044967651367,-0.911421537399292,0.1499868631362915,0.0005718847387470305,0.5887710452079773,6.366100311279297
4319,Nashville,Median Home Value,zip,2678,20,NoPreTrain,9,0.9999852776527405,-29.406110763549805,-0.8489947319030762,4.302118395571597e-05,9.365928649902344,13.84788703918457
4320,Nashville,Commute Time,zip,2678,20,Emb,0,0.999973714351654,-7.073575973510742,-0.5545263290405273,0.0001339365990133956,2.5617690086364746,1.8711957931518555
4321,Nashville,Commute Time,zip,2678,20,Emb,1,0.9999904632568359,-11.829750061035156,-0.7945650815963745,4.844705108553171e-05,4.070916652679443,2.16013240814209
4322,Nashville,Commute Time,zip,2678,20,Emb,2,0.9999852776527405,-1.7916736602783203,-0.41671860218048096,7.485604146495461e-05,0.8858060836791992,1.7053155899047852
4323,Nashville,Commute Time,zip,2678,20,Emb,3,0.9999895095825195,-6.874081134796143,-0.878136157989502,5.338234404916875e-05,2.4984686374664307,2.260727643966675
4324,Nashville,Commute Time,zip,2678,20,Emb,4,0.9999826550483704,-8.734851837158203,-0.9686124324798584,8.847102435538545e-05,3.0888965129852295,2.3696346282958984
4325,Nashville,Commute Time,zip,2678,20,Emb,5,0.9999859929084778,-7.221343040466309,-0.8994868993759155,7.136014755815268e-05,2.6086559295654297,2.2864277362823486
4326,Nashville,Commute Time,zip,2678,20,Emb,6,0.9999975562095642,-3.231339454650879,-0.10154712200164795,1.2350741599220783e-05,1.3426162004470825,1.3259410858154297
4327,Nashville,Commute Time,zip,2678,20,Emb,7,0.9999932050704956,-7.293399810791016,-0.5511904954910278,3.4578410122776404e-05,2.6315197944641113,1.8671804666519165
4328,Nashville,Commute Time,zip,2678,20,Emb,8,0.9999966621398926,-10.991917610168457,-0.8053064346313477,1.6934061932261102e-05,3.805069923400879,2.1730618476867676
4329,Nashville,Commute Time,zip,2678,20,Emb,9,0.9999886155128479,-10.395389556884766,-1.331667423248291,5.786280962638557e-05,3.6157898902893066,2.8066468238830566
4330,Nashville,Commute Time,zip,2678,20,RGNN,0,0.9992101192474365,-21.331632614135742,-6.3416428565979,0.004022684413939714,7.085891246795654,8.837194442749023
4331,Nashville,Commute Time,zip,2678,20,RGNN,1,0.9999850392341614,-18.188024520874023,-4.0010786056518555,7.634396752109751e-05,6.088415622711182,6.019838333129883
4332,Nashville,Commute Time,zip,2678,20,RGNN,2,0.9997614026069641,-22.953201293945312,-6.288656711578369,0.001215025200508535,7.600419521331787,8.773414611816406
4333,Nashville,Commute Time,zip,2678,20,RGNN,3,0.9999781847000122,-20.46992301940918,-4.290820121765137,0.00011119934060843661,6.812468528747559,6.368602752685547
4334,Nashville,Commute Time,zip,2678,20,RGNN,4,0.999911367893219,-22.70820426940918,-5.944385528564453,0.00045125558972358704,7.522681713104248,8.359012603759766
4335,Nashville,Commute Time,zip,2678,20,RGNN,5,0.9998457431793213,-19.40993881225586,-4.415463924407959,0.0007854921859689057,6.476132392883301,6.518637657165527
4336,Nashville,Commute Time,zip,2678,20,RGNN,6,0.9928180575370789,-9.038907051086426,-2.7516355514526367,0.03657679259777069,3.1853742599487305,4.515873908996582
4337,Nashville,Commute Time,zip,2678,20,RGNN,7,0.9970452189445496,-4.123791217803955,0.16484582424163818,0.01504852157086134,1.625793695449829,1.0052818059921265
4338,Nashville,Commute Time,zip,2678,20,RGNN,8,0.9998530149459839,-21.908723831176758,-6.407566547393799,0.0007486199028789997,7.2690043449401855,8.916547775268555
4339,Nashville,Commute Time,zip,2678,20,RGNN,9,0.9999745488166809,-18.002670288085938,-4.708148956298828,0.00012975379650015384,6.02960205078125,6.870944976806641
4340,Nashville,Commute Time,zip,2678,20,Feat-RGNN,0,0.9990947246551514,-26.863937377929688,-6.0821614265441895,0.004610525909811258,8.841307640075684,8.52485466003418
4341,Nashville,Commute Time,zip,2678,20,Feat-RGNN,1,0.9992499351501465,-29.305559158325195,-10.688704490661621,0.003820075886324048,9.61604118347168,14.069787979125977
4342,Nashville,Commute Time,zip,2678,20,Feat-RGNN,2,0.9998876452445984,-22.580049514770508,-5.853534698486328,0.0005721583729609847,7.482017517089844,8.249654769897461
4343,Nashville,Commute Time,zip,2678,20,Feat-RGNN,3,0.9989051222801208,-34.523033142089844,-9.142648696899414,0.005576187279075384,11.271560668945312,12.20878791809082
4344,Nashville,Commute Time,zip,2678,20,Feat-RGNN,4,0.998931884765625,-27.609418869018555,-6.6553215980529785,0.005439814180135727,9.077851295471191,9.21477222442627
4345,Nashville,Commute Time,zip,2678,20,Feat-RGNN,5,0.9993693232536316,-32.47471618652344,-7.212008476257324,0.003212099662050605,10.621623992919922,9.88486099243164
4346,Nashville,Commute Time,zip,2678,20,Feat-RGNN,6,0.9992151260375977,-30.768280029296875,-9.442124366760254,0.00399717828258872,10.080166816711426,12.569269180297852
4347,Nashville,Commute Time,zip,2678,20,Feat-RGNN,7,0.9996156096458435,-20.034564971923828,-3.9137825965881348,0.0019575932528823614,6.674327850341797,5.914759635925293
4348,Nashville,Commute Time,zip,2678,20,Feat-RGNN,8,0.9989182949066162,-26.978782653808594,-6.509162425994873,0.00550895044580102,8.877748489379883,9.038839340209961
4349,Nashville,Commute Time,zip,2678,20,Feat-RGNN,9,0.9997749328613281,-21.81240463256836,-5.815953731536865,0.0011461445828899741,7.238441467285156,8.204418182373047
4350,Nashville,Commute Time,zip,2678,20,Feat\&PC-RGNN,0,0.9950194954872131,-1.8482589721679688,-2.761780261993408,0.025365203619003296,0.9037607908248901,4.528085231781006
4351,Nashville,Commute Time,zip,2678,20,Feat\&PC-RGNN,1,0.9999333024024963,-2.685621976852417,-3.332733631134033,0.000339788239216432,1.1694585084915161,5.215346336364746
4352,Nashville,Commute Time,zip,2678,20,Feat\&PC-RGNN,2,0.9999880790710449,-2.1684110164642334,-3.6242871284484863,6.0744776419596747e-05,1.0053459405899048,5.566291809082031
4353,Nashville,Commute Time,zip,2678,20,Feat\&PC-RGNN,3,0.9993096590042114,-2.5536766052246094,-3.623757839202881,0.0035159047693014145,1.127591848373413,5.565654754638672
4354,Nashville,Commute Time,zip,2678,20,Feat\&PC-RGNN,4,0.9999827742576599,-2.618852376937866,-2.1552317142486572,8.78175487741828e-05,1.1482722759246826,3.7979776859283447
4355,Nashville,Commute Time,zip,2678,20,Feat\&PC-RGNN,5,0.9998791813850403,-4.236712455749512,-3.5455284118652344,0.0006152171408757567,1.6616239547729492,5.471488952636719
4356,Nashville,Commute Time,zip,2678,20,Feat\&PC-RGNN,6,0.9999879002571106,-3.5129051208496094,-4.191478252410889,6.16482793702744e-05,1.4319578409194946,6.249024391174316
4357,Nashville,Commute Time,zip,2678,20,Feat\&PC-RGNN,7,0.9999874830245972,-3.178536891937256,-2.343561887741089,6.381874845828861e-05,1.3258618116378784,4.024672508239746
4358,Nashville,Commute Time,zip,2678,20,Feat\&PC-RGNN,8,0.9304794669151306,-4.950131893157959,-3.707148551940918,0.35406145453453064,1.8879940509796143,5.666032791137695
4359,Nashville,Commute Time,zip,2678,20,Feat\&PC-RGNN,9,0.9999153017997742,-3.4389610290527344,-3.2119479179382324,0.0004314034304115921,1.4084950685501099,5.069955825805664
4360,Nashville,Commute Time,zip,2678,20,LightGCN,0,0.9999706745147705,-35.25702667236328,-5.69028902053833,0.00014926759467925876,11.504459381103516,8.053154945373535
4361,Nashville,Commute Time,zip,2678,20,LightGCN,1,0.9998506903648376,-42.71837615966797,-7.666210174560547,0.0007603474077768624,13.871967315673828,10.431587219238281
4362,Nashville,Commute Time,zip,2678,20,LightGCN,2,0.999993085861206,-26.441682815551758,-4.734469413757324,3.5112043406115845e-05,8.707324981689453,6.902626991271973
4363,Nashville,Commute Time,zip,2678,20,LightGCN,3,0.999947726726532,-25.811725616455078,-5.274811744689941,0.0002661912003532052,8.507437705993652,7.553041458129883
4364,Nashville,Commute Time,zip,2678,20,LightGCN,4,0.9999677538871765,-37.422325134277344,-6.637208461761475,0.00016424391651526093,12.191514015197754,9.19296932220459
4365,Nashville,Commute Time,zip,2678,20,LightGCN,5,0.9999859929084778,-39.321598052978516,-5.807693004608154,7.145164272515103e-05,12.794158935546875,8.194475173950195
4366,Nashville,Commute Time,zip,2678,20,LightGCN,6,0.9999846816062927,-29.11142349243164,-5.0691752433776855,7.796025602146983e-05,9.554441452026367,7.305515289306641
4367,Nashville,Commute Time,zip,2678,20,LightGCN,7,0.9999909996986389,-31.209495544433594,-4.719691753387451,4.5776210754411295e-05,10.220165252685547,6.884839057922363
4368,Nashville,Commute Time,zip,2678,20,LightGCN,8,0.9980736374855042,-39.24202346801758,-5.8451995849609375,0.0098107336089015,12.76891040802002,8.239622116088867
4369,Nashville,Commute Time,zip,2678,20,LightGCN,9,0.9999213814735413,-43.76523971557617,-8.127854347229004,0.00040024708141572773,14.204139709472656,10.987272262573242
4370,Nashville,Commute Time,zip,2678,20,Feat-LightGCN,0,0.9999820590019226,-24.296253204345703,-3.8517489433288574,9.14046831894666e-05,8.02657413482666,5.840089321136475
4371,Nashville,Commute Time,zip,2678,20,Feat-LightGCN,1,0.9999846816062927,-37.17143249511719,-4.936565399169922,7.794141856720671e-05,12.111905097961426,7.1458916664123535
4372,Nashville,Commute Time,zip,2678,20,Feat-LightGCN,2,0.9993218779563904,-22.095857620239258,-3.3654212951660156,0.003453748533502221,7.3283820152282715,5.254692554473877
4373,Nashville,Commute Time,zip,2678,20,Feat-LightGCN,3,0.9999906420707703,-34.855438232421875,-4.4284868240356445,4.7688474296592176e-05,11.377034187316895,6.534313201904297
4374,Nashville,Commute Time,zip,2678,20,Feat-LightGCN,4,0.9998915791511536,-23.03364372253418,-4.495885372161865,0.0005522805149666965,7.625944137573242,6.61544132232666
4375,Nashville,Commute Time,zip,2678,20,Feat-LightGCN,5,0.9999811053276062,-30.04730796813965,-5.849278450012207,9.623479127185419e-05,9.851400375366211,8.244531631469727
4376,Nashville,Commute Time,zip,2678,20,Feat-LightGCN,6,0.9999881386756897,-25.63677215576172,-3.366283893585205,6.031064549461007e-05,8.451924324035645,5.255731105804443
4377,Nashville,Commute Time,zip,2678,20,Feat-LightGCN,7,0.9999948143959045,-30.101022720336914,-4.222984790802002,2.6491850803722627e-05,9.868444442749023,6.2869486808776855
4378,Nashville,Commute Time,zip,2678,20,Feat-LightGCN,8,0.9999938011169434,-36.08884048461914,-2.747927665710449,3.16639052471146e-05,11.768396377563477,4.511410713195801
4379,Nashville,Commute Time,zip,2678,20,Feat-LightGCN,9,0.9999874234199524,-41.49103927612305,-3.807544708251953,6.409802881535143e-05,13.482528686523438,5.7868804931640625
4380,Nashville,Commute Time,zip,2678,20,Feat\&PC-LightGCN,0,0.9999967813491821,-3.3369669914245605,0.06271302700042725,1.624089782126248e-05,1.3761321306228638,1.1282198429107666
4381,Nashville,Commute Time,zip,2678,20,Feat\&PC-LightGCN,1,0.9999983310699463,-3.587691307067871,-0.35552120208740234,8.515719855495263e-06,1.4556876420974731,1.631651759147644
4382,Nashville,Commute Time,zip,2678,20,Feat\&PC-LightGCN,2,0.9999980330467224,-5.551672458648682,-1.324883222579956,1.0153463335882407e-05,2.078864574432373,2.798480749130249
4383,Nashville,Commute Time,zip,2678,20,Feat\&PC-LightGCN,3,0.9999974966049194,-4.152717590332031,-0.28401434421539307,1.2872780644102022e-05,1.634972095489502,1.5455783605575562
4384,Nashville,Commute Time,zip,2678,20,Feat\&PC-LightGCN,4,0.9999966025352478,-3.37864351272583,-0.6268447637557983,1.7454729459132068e-05,1.3893561363220215,1.958246111869812
4385,Nashville,Commute Time,zip,2678,20,Feat\&PC-LightGCN,5,0.9999948740005493,-3.11270809173584,-0.17451536655426025,2.623177715577185e-05,1.3049741983413696,1.413773536682129
4386,Nashville,Commute Time,zip,2678,20,Feat\&PC-LightGCN,6,0.9999961256980896,-2.822770833969116,-0.3969029188156128,1.9689627151819877e-05,1.2129762172698975,1.681463360786438
4387,Nashville,Commute Time,zip,2678,20,Feat\&PC-LightGCN,7,0.9999971389770508,-3.933560371398926,-0.6473132371902466,1.4717919839313254e-05,1.5654329061508179,1.982884168624878
4388,Nashville,Commute Time,zip,2678,20,Feat\&PC-LightGCN,8,0.999997615814209,-6.327278137207031,-1.7698588371276855,1.221767615788849e-05,2.3249664306640625,3.334101438522339
4389,Nashville,Commute Time,zip,2678,20,Feat\&PC-LightGCN,9,0.9999995231628418,-4.584908485412598,-0.6407465934753418,2.417351652184152e-06,1.7721076011657715,1.9749798774719238
4390,Nashville,Commute Time,zip,2678,20,NoPreTrain,0,0.9998701214790344,-2.558790683746338,-2.894005537033081,0.0006613344303332269,1.1292145252227783,4.687245845794678
4391,Nashville,Commute Time,zip,2678,20,NoPreTrain,1,0.9999563694000244,-5.61884069442749,-0.7462842464447021,0.0002223303308710456,2.10017728805542,2.1020164489746094
4392,Nashville,Commute Time,zip,2678,20,NoPreTrain,2,0.9999889731407166,-0.7409235239028931,-0.9772439002990723,5.630455052596517e-05,0.5524000525474548,2.3800244331359863
4393,Nashville,Commute Time,zip,2678,20,NoPreTrain,3,0.9998473525047302,-4.293513774871826,0.2933885455131531,0.0007774958503432572,1.6796472072601318,0.8505538702011108
4394,Nashville,Commute Time,zip,2678,20,NoPreTrain,4,0.9999169111251831,-4.784582138061523,-1.895923137664795,0.0004231952189002186,1.835464596748352,3.4858460426330566
4395,Nashville,Commute Time,zip,2678,20,NoPreTrain,5,0.9999107718467712,-13.408319473266602,-4.8757243156433105,0.0004545569245237857,4.57180118560791,7.072656631469727
4396,Nashville,Commute Time,zip,2678,20,NoPreTrain,6,0.9999439716339111,-8.112712860107422,-2.212364435195923,0.00028526608366519213,2.8914899826049805,3.8667490482330322
4397,Nashville,Commute Time,zip,2678,20,NoPreTrain,7,0.9952306747436523,-7.55302619934082,-1.6459994316101074,0.024289757013320923,2.713899850845337,3.1850109100341797
4398,Nashville,Commute Time,zip,2678,20,NoPreTrain,8,0.9999768137931824,-24.70599365234375,-2.0677363872528076,0.00011806622933363542,8.156585693359375,3.6926589012145996
4399,Nashville,Commute Time,zip,2678,20,NoPreTrain,9,0.9999189972877502,-19.093067169189453,-4.7896294593811035,0.0004126324492972344,6.375588417053223,6.969023704528809
4400,Nashville,Median Age,zip,2678,20,Emb,0,0.9999978542327881,-0.9099479913711548,-1.5379431247711182,5.632189186144387e-06,1.2108583450317383,10.614242553710938
4401,Nashville,Median Age,zip,2678,20,Emb,1,0.9999984502792358,0.6835212111473083,-1.033919095993042,4.1203693399438635e-06,0.2006394863128662,8.506301879882812
4402,Nashville,Median Age,zip,2678,20,Emb,2,0.9999983310699463,-0.2130335569381714,-1.4742207527160645,4.37951484855148e-06,0.76903235912323,10.34774112701416
4403,Nashville,Median Age,zip,2678,20,Emb,3,0.9999995231628418,0.509405791759491,-1.4430840015411377,1.3240004363979097e-06,0.3110242187976837,10.217520713806152
4404,Nashville,Median Age,zip,2678,20,Emb,4,0.9999980926513672,0.4879627823829651,-1.1184296607971191,4.9858463171403855e-06,0.32461851835250854,8.85974407196045
4405,Nashville,Median Age,zip,2678,20,Emb,5,0.9999992847442627,0.43703508377075195,-1.175750732421875,1.9257099665992428e-06,0.35690540075302124,9.099472999572754
4406,Nashville,Median Age,zip,2678,20,Emb,6,0.9999968409538269,-0.7693936824798584,-1.606046199798584,8.33261674415553e-06,1.1217504739761353,10.899065017700195
4407,Nashville,Median Age,zip,2678,20,Emb,7,0.9999971985816956,0.11337107419967651,-1.4664182662963867,7.355385605478659e-06,0.5621001124382019,10.315109252929688
4408,Nashville,Median Age,zip,2678,20,Emb,8,0.9999968409538269,0.28366875648498535,-1.2275078296661377,8.28469364932971e-06,0.4541357457637787,9.315933227539062
4409,Nashville,Median Age,zip,2678,20,Emb,9,0.9999989867210388,-0.8656017780303955,-1.1218409538269043,2.616750862216577e-06,1.1827439069747925,8.874011039733887
4410,Nashville,Median Age,zip,2678,20,RGNN,0,0.9999828934669495,-2.3188765048980713,-4.932895660400391,4.5109667553333566e-05,2.1040830612182617,24.81268882751465
4411,Nashville,Median Age,zip,2678,20,RGNN,1,0.9996968507766724,-3.0080180168151855,-4.240951061248779,0.0007990959566086531,2.5409810543060303,21.9188232421875
4412,Nashville,Median Age,zip,2678,20,RGNN,2,0.9999704957008362,-2.926154613494873,-4.266833305358887,7.777466817060485e-05,2.489081859588623,22.027067184448242
4413,Nashville,Median Age,zip,2678,20,RGNN,3,0.999811053276062,-3.0085926055908203,-3.811061382293701,0.0004980983794666827,2.5413453578948975,20.120927810668945
4414,Nashville,Median Age,zip,2678,20,RGNN,4,0.991604208946228,-2.4119927883148193,-4.307281494140625,0.02213229238986969,2.163116455078125,22.196231842041016
4415,Nashville,Median Age,zip,2678,20,RGNN,5,0.9999778866767883,-1.3980822563171387,-3.220149040222168,5.83660694246646e-05,1.5203230381011963,17.649600982666016
4416,Nashville,Median Age,zip,2678,20,RGNN,6,0.9999958872795105,-2.4888830184936523,-3.8643617630004883,1.0858319910767023e-05,2.211862802505493,20.343843460083008
4417,Nashville,Median Age,zip,2678,20,RGNN,7,0.9996842741966248,-2.0758020877838135,-3.822378635406494,0.0008322256035171449,1.9499801397323608,20.16826057434082
4418,Nashville,Median Age,zip,2678,20,RGNN,8,0.9998687505722046,-1.9007728099822998,-4.471984386444092,0.0003460645966697484,1.8390159606933594,22.885055541992188
4419,Nashville,Median Age,zip,2678,20,RGNN,9,0.9994027018547058,-1.5677170753479004,-3.831660747528076,0.0015745266573503613,1.6278671026229858,20.20707893371582
4420,Nashville,Median Age,zip,2678,20,Feat-RGNN,0,0.9980761408805847,-3.363227367401123,-1.9304752349853516,0.005071456544101238,2.766174793243408,12.255899429321289
4421,Nashville,Median Age,zip,2678,20,Feat-RGNN,1,0.999922513961792,-3.8950185775756836,-3.720256805419922,0.00020422945090103894,3.1033170223236084,19.74116325378418
4422,Nashville,Median Age,zip,2678,20,Feat-RGNN,2,0.9957243800163269,-2.2785117626190186,-1.865480899810791,0.011271093040704727,2.0784928798675537,11.984078407287598
4423,Nashville,Median Age,zip,2678,20,Feat-RGNN,3,0.9982955455780029,-3.963043212890625,-3.0976357460021973,0.004493153188377619,3.1464426517486572,17.137224197387695
4424,Nashville,Median Age,zip,2678,20,Feat-RGNN,4,0.9997531175613403,-2.4125611782073975,-1.5369257926940918,0.0006508385413326323,2.1634767055511475,10.60998821258545
4425,Nashville,Median Age,zip,2678,20,Feat-RGNN,5,0.9994511008262634,-3.377501964569092,-1.9582479000091553,0.0014469962334260345,2.7752246856689453,12.372050285339355
4426,Nashville,Median Age,zip,2678,20,Feat-RGNN,6,0.9998441934585571,-3.3558053970336914,-1.9772820472717285,0.00041079509537667036,2.761469602584839,12.451655387878418
4427,Nashville,Median Age,zip,2678,20,Feat-RGNN,7,0.9989041686058044,-2.9198622703552246,-1.7262489795684814,0.002888670191168785,2.4850926399230957,11.401779174804688
4428,Nashville,Median Age,zip,2678,20,Feat-RGNN,8,0.9962602257728577,-2.1088449954986572,-2.129075050354004,0.009858453646302223,1.970928430557251,13.086487770080566
4429,Nashville,Median Age,zip,2678,20,Feat-RGNN,9,0.9998921155929565,-2.365093231201172,-2.501682996749878,0.0002843641850631684,2.133383274078369,14.644817352294922
4430,Nashville,Median Age,zip,2678,20,Feat\&PC-RGNN,0,0.9999982118606567,0.3211302161216736,-2.5717504024505615,4.644041837309487e-06,0.43038612604141235,14.937854766845703
4431,Nashville,Median Age,zip,2678,20,Feat\&PC-RGNN,1,0.9999901652336121,-0.22238290309906006,-2.982370615005493,2.5877097868942656e-05,0.7749595642089844,16.65515899658203
4432,Nashville,Median Age,zip,2678,20,Feat\&PC-RGNN,2,0.9999952912330627,-0.09241187572479248,-3.2527709007263184,1.2426956345734652e-05,0.6925612688064575,17.786033630371094
4433,Nashville,Median Age,zip,2678,20,Feat\&PC-RGNN,3,0.9998428225517273,0.4895479679107666,-3.087337017059326,0.0004143369442317635,0.32361355423927307,17.094152450561523
4434,Nashville,Median Age,zip,2678,20,Feat\&PC-RGNN,4,0.9999966621398926,-0.08562040328979492,-3.155627727508545,8.814464308670722e-06,0.6882556676864624,17.379758834838867
4435,Nashville,Median Age,zip,2678,20,Feat\&PC-RGNN,5,0.9999982714653015,0.5836049318313599,-2.578909397125244,4.629400336852996e-06,0.2639838457107544,14.967795372009277
4436,Nashville,Median Age,zip,2678,20,Feat\&PC-RGNN,6,0.9999865293502808,0.3788667917251587,-3.6086578369140625,3.548683525878005e-05,0.3937826156616211,19.274431228637695
4437,Nashville,Median Age,zip,2678,20,Feat\&PC-RGNN,7,0.9999959468841553,0.3205677270889282,-2.7005398273468018,1.0710406058933586e-05,0.4307427406311035,15.476480484008789
4438,Nashville,Median Age,zip,2678,20,Feat\&PC-RGNN,8,0.9999977350234985,0.42826908826828003,-2.8759756088256836,6.036592367308913e-06,0.3624628186225891,16.21019172668457
4439,Nashville,Median Age,zip,2678,20,Feat\&PC-RGNN,9,0.9999955296516418,0.19567656517028809,-2.415764331817627,1.183182484965073e-05,0.5099205374717712,14.285486221313477
4440,Nashville,Median Age,zip,2678,20,LightGCN,0,0.9999463558197021,-4.652460098266602,-5.057695388793945,0.00014142683357931674,3.5835156440734863,25.33462905883789
4441,Nashville,Median Age,zip,2678,20,LightGCN,1,0.999969482421875,-4.940646648406982,-5.177803993225098,8.049746975302696e-05,3.766218423843384,25.836950302124023
4442,Nashville,Median Age,zip,2678,20,LightGCN,2,0.9999827146530151,-3.9758448600769043,-4.852567195892334,4.559095759759657e-05,3.1545586585998535,24.47673797607422
4443,Nashville,Median Age,zip,2678,20,LightGCN,3,0.9999949336051941,-3.9989142417907715,-5.275251865386963,1.3354212569538504e-05,3.1691842079162598,26.24449920654297
4444,Nashville,Median Age,zip,2678,20,LightGCN,4,0.9999812245368958,-5.118849277496338,-5.77289342880249,4.952687959303148e-05,3.8791942596435547,28.325746536254883
4445,Nashville,Median Age,zip,2678,20,LightGCN,5,0.9999834895133972,-4.288710117340088,-5.4257283210754395,4.3529493268579245e-05,3.352907180786133,26.873825073242188
4446,Nashville,Median Age,zip,2678,20,LightGCN,6,0.9999896883964539,-5.969131946563721,-5.713444232940674,2.7111578674521297e-05,4.418251991271973,28.077116012573242
4447,Nashville,Median Age,zip,2678,20,LightGCN,7,0.9999882578849792,-5.92392635345459,-5.3310747146606445,3.095540523645468e-05,4.38959264755249,26.477962493896484
4448,Nashville,Median Age,zip,2678,20,LightGCN,8,0.9999938011169434,-4.687816143035889,-4.819747447967529,1.6381722161895595e-05,3.6059303283691406,24.3394775390625
4449,Nashville,Median Age,zip,2678,20,LightGCN,9,0.9999867081642151,-4.920107364654541,-5.142946243286133,3.4979246265720576e-05,3.753197193145752,25.6911678314209
4450,Nashville,Median Age,zip,2678,20,Feat-LightGCN,0,0.9999780654907227,-0.9264496564865112,-3.2216320037841797,5.7754888985073194e-05,1.2213199138641357,17.655803680419922
4451,Nashville,Median Age,zip,2678,20,Feat-LightGCN,1,0.9999946355819702,-0.10985815525054932,-1.667219638824463,1.4192475646268576e-05,0.7036217451095581,11.154905319213867
4452,Nashville,Median Age,zip,2678,20,Feat-LightGCN,2,0.9999682307243347,0.4653278589248657,-2.338982105255127,8.371242438443005e-05,0.3389684855937958,13.96436595916748
4453,Nashville,Median Age,zip,2678,20,Feat-LightGCN,3,0.9999109506607056,-0.8243019580841064,-3.419076919555664,0.00023475375201087445,1.1565608978271484,18.4815616607666
4454,Nashville,Median Age,zip,2678,20,Feat-LightGCN,4,0.9998263120651245,0.529693603515625,-2.2501981258392334,0.00045782243250869215,0.2981622517108917,13.593050956726074
4455,Nashville,Median Age,zip,2678,20,Feat-LightGCN,5,0.9999926090240479,0.24786365032196045,-2.592461347579956,1.9446357327979058e-05,0.4768352508544922,15.0244722366333
4456,Nashville,Median Age,zip,2678,20,Feat-LightGCN,6,0.9999367594718933,-0.4028596878051758,-3.029623031616211,0.0001666758762439713,0.889377236366272,16.852779388427734
4457,Nashville,Median Age,zip,2678,20,Feat-LightGCN,7,0.9999867081642151,0.28057044744491577,-2.685757875442505,3.509711314109154e-05,0.4560999870300293,15.414658546447754
4458,Nashville,Median Age,zip,2678,20,Feat-LightGCN,8,0.9999954104423523,-0.3715449571609497,-2.3247013092041016,1.2132745723647531e-05,0.8695245385169983,13.904640197753906
4459,Nashville,Median Age,zip,2678,20,Feat-LightGCN,9,0.9999906420707703,0.1948322057723999,-1.7599942684173584,2.4644265067763627e-05,0.510455846786499,11.542909622192383
4460,Nashville,Median Age,zip,2678,20,Feat\&PC-LightGCN,0,0.9999980330467224,0.33285772800445557,-1.6247186660766602,5.107795004732907e-06,0.42295119166374207,10.977156639099121
4461,Nashville,Median Age,zip,2678,20,Feat\&PC-LightGCN,1,0.999997079372406,0.48824769258499146,-1.6166601181030273,7.743266905890778e-06,0.3244379162788391,10.94345474243164
4462,Nashville,Median Age,zip,2678,20,Feat\&PC-LightGCN,2,0.9999984502792358,0.5349036455154419,-1.9210350513458252,4.0211375562648755e-06,0.29485923051834106,12.216418266296387
4463,Nashville,Median Age,zip,2678,20,Feat\&PC-LightGCN,3,0.9999985098838806,0.47596991062164307,-1.7914578914642334,3.898744125763187e-06,0.33222171664237976,11.674497604370117
4464,Nashville,Median Age,zip,2678,20,Feat\&PC-LightGCN,4,0.9999896883964539,0.4721403121948242,-1.8119723796844482,2.7106318157166243e-05,0.33464956283569336,11.760293960571289
4465,Nashville,Median Age,zip,2678,20,Feat\&PC-LightGCN,5,0.999998152256012,0.6222741603851318,-1.8077571392059326,4.8628708100295626e-06,0.23946857452392578,11.742664337158203
4466,Nashville,Median Age,zip,2678,20,Feat\&PC-LightGCN,6,0.9999985098838806,0.4541638493537903,-1.615748405456543,3.941855084121926e-06,0.34604620933532715,10.939641952514648
4467,Nashville,Median Age,zip,2678,20,Feat\&PC-LightGCN,7,0.999998927116394,0.5978073477745056,-1.6059505939483643,2.8851839033450233e-06,0.2549798786640167,10.898664474487305
4468,Nashville,Median Age,zip,2678,20,Feat\&PC-LightGCN,8,0.9999898076057434,0.46941977739334106,-1.7794573307037354,2.6847767003346235e-05,0.33637434244155884,11.624308586120605
4469,Nashville,Median Age,zip,2678,20,Feat\&PC-LightGCN,9,0.9999991655349731,0.3520391583442688,-1.4653213024139404,2.1279765860526823e-06,0.41079065203666687,10.310522079467773
4470,Nashville,Median Age,zip,2678,20,NoPreTrain,0,0.9999937415122986,-0.6927255392074585,-3.303565502166748,1.6472675270051695e-05,1.073144793510437,17.99846839904785
4471,Nashville,Median Age,zip,2678,20,NoPreTrain,1,0.9999469518661499,-1.438875436782837,-0.28061044216156006,0.0001399094908265397,1.546184778213501,5.35579776763916
4472,Nashville,Median Age,zip,2678,20,NoPreTrain,2,0.9999609589576721,-1.0591111183166504,-0.24058127403259277,0.00010298565757693723,1.3054239749908447,5.188386917114258
4473,Nashville,Median Age,zip,2678,20,NoPreTrain,3,0.9999432563781738,0.4017491936683655,-1.160384178161621,0.00014965097943786532,0.37927576899528503,9.03520679473877
4474,Nashville,Median Age,zip,2678,20,NoPreTrain,4,0.999841034412384,-1.1916136741638184,-0.8921934366226196,0.00041898770723491907,1.3894271850585938,7.913573741912842
4475,Nashville,Median Age,zip,2678,20,NoPreTrain,5,0.9998295903205872,-2.0303773880004883,-4.630778789520264,0.0004492928273975849,1.9211819171905518,23.549169540405273
4476,Nashville,Median Age,zip,2678,20,NoPreTrain,6,0.9998072385787964,-3.0160131454467773,-0.0608675479888916,0.0005081490962766111,2.5460498332977295,4.436783790588379
4477,Nashville,Median Age,zip,2678,20,NoPreTrain,7,0.9999198317527771,-0.42935287952423096,-1.1559648513793945,0.00021134332928340882,0.9061732292175293,9.016724586486816
4478,Nashville,Median Age,zip,2678,20,NoPreTrain,8,0.9997321963310242,-2.6830880641937256,-0.38672494888305664,0.0007060128846205771,2.3349838256835938,5.799592018127441
4479,Nashville,Median Age,zip,2678,20,NoPreTrain,9,0.9999049305915833,-9.350142478942871,-7.427038192749023,0.000250587792834267,6.5617265701293945,35.24374771118164
4480,Tampa,Median Income,zip,9509,106,Emb,0,0.9940287470817566,0.02041083574295044,-0.5257506370544434,0.007172038778662682,1.9744126796722412,0.8176772594451904
4481,Tampa,Median Income,zip,9509,106,Emb,1,0.9999722242355347,0.030348360538482666,-1.4058544635772705,3.33800635416992e-05,1.954383134841919,1.289340853691101
4482,Tampa,Median Income,zip,9509,106,Emb,2,0.9996880888938904,0.09855872392654419,-1.1811940670013428,0.00037466385401785374,1.8169015645980835,1.1689411401748657
4483,Tampa,Median Income,zip,9509,106,Emb,3,0.9998840689659119,0.23984581232070923,-0.7982012033462524,0.00013926935207564384,1.5321301221847534,0.9636884331703186
4484,Tampa,Median Income,zip,9509,106,Emb,4,0.9998040795326233,0.15569311380386353,-1.0432581901550293,0.00023534764477517456,1.7017443180084229,1.0950188636779785
4485,Tampa,Median Income,zip,9509,106,Emb,5,0.9998499751091003,0.257754385471344,-0.544441819190979,0.00018016698595602065,1.4960343837738037,0.8276941776275635
4486,Tampa,Median Income,zip,9509,106,Emb,6,0.9981846213340759,0.10975110530853271,-0.8503657579421997,0.002180475974455476,1.7943427562713623,0.9916443228721619
4487,Tampa,Median Income,zip,9509,106,Emb,7,0.9999578595161438,0.04033595323562622,-0.9494321346282959,5.062668424216099e-05,1.9342526197433472,1.0447357892990112
4488,Tampa,Median Income,zip,9509,106,Emb,8,0.9999914169311523,0.11040115356445312,-0.7333918809890747,1.0307944648957346e-05,1.7930325269699097,0.9289559721946716
4489,Tampa,Median Income,zip,9509,106,Emb,9,0.9995864629745483,0.0188748836517334,-0.30857884883880615,0.0004966728738509119,1.977508544921875,0.701291024684906
4490,Tampa,Median Income,zip,9509,106,RGNN,0,0.9645686745643616,-0.10353291034698486,-1.0029261112213135,0.042556360363960266,2.2242276668548584,1.0734041929244995
4491,Tampa,Median Income,zip,9509,106,RGNN,1,0.9624409079551697,-0.182489275932312,-1.8827979564666748,0.04511202871799469,2.3833682537078857,1.5449433326721191
4492,Tampa,Median Income,zip,9509,106,RGNN,2,0.9630571603775024,-0.2391049861907959,-0.7174673080444336,0.04437185078859329,2.4974803924560547,0.9204216599464417
4493,Tampa,Median Income,zip,9509,106,RGNN,3,0.9720706939697266,-0.2763615846633911,-0.38357746601104736,0.03354575112462044,2.572572708129883,0.7414841055870056
4494,Tampa,Median Income,zip,9509,106,RGNN,4,0.975399911403656,-0.13332676887512207,-0.2862720489501953,0.029547007754445076,2.284278631210327,0.689336359500885
4495,Tampa,Median Income,zip,9509,106,RGNN,5,0.9909907579421997,-0.00520479679107666,-0.7507014274597168,0.010820948518812656,2.0260424613952637,0.938232421875
4496,Tampa,Median Income,zip,9509,106,RGNN,6,0.985715389251709,-0.18018591403961182,-1.3414921760559082,0.01715715043246746,2.37872576713562,1.2548478841781616
4497,Tampa,Median Income,zip,9509,106,RGNN,7,0.9428138732910156,-0.12201404571533203,-1.3574802875518799,0.06868595629930496,2.26147723197937,1.2634161710739136
4498,Tampa,Median Income,zip,9509,106,RGNN,8,0.9995440244674683,0.06215745210647583,-0.9512220621109009,0.000547646137420088,1.8902702331542969,1.0456950664520264
4499,Tampa,Median Income,zip,9509,106,RGNN,9,0.9928032755851746,0.11239355802536011,-0.463161826133728,0.008643949404358864,1.7890167236328125,0.7841348052024841
4500,Tampa,Median Income,zip,9509,106,Feat-RGNN,0,0.9872088432312012,-0.12270891666412354,-0.36693787574768066,0.015363364480435848,2.262877941131592,0.7325666546821594
4501,Tampa,Median Income,zip,9509,106,Feat-RGNN,1,0.9397600889205933,-0.00845801830291748,-0.28180253505706787,0.07235385477542877,2.0325992107391357,0.6869410872459412
4502,Tampa,Median Income,zip,9509,106,Feat-RGNN,2,0.9749855399131775,0.027876734733581543,-0.7064789533615112,0.03004470281302929,1.9593647718429565,0.9145328402519226
4503,Tampa,Median Income,zip,9509,106,Feat-RGNN,3,0.9805908799171448,-0.06577789783477783,-1.002526044845581,0.02331218123435974,2.148130416870117,1.0731897354125977
4504,Tampa,Median Income,zip,9509,106,Feat-RGNN,4,0.9590287804603577,-0.0821542739868164,-0.5237594842910767,0.049210287630558014,2.181138038635254,0.8166101574897766
4505,Tampa,Median Income,zip,9509,106,Feat-RGNN,5,0.9741647243499756,-0.3478316068649292,-0.704734206199646,0.03103063814342022,2.7166242599487305,0.913597822189331
4506,Tampa,Median Income,zip,9509,106,Feat-RGNN,6,0.9740007519721985,-0.08623683452606201,-0.8413270711898804,0.03122752532362938,2.189366579055786,0.9868003726005554
4507,Tampa,Median Income,zip,9509,106,Feat-RGNN,7,0.9334796667098999,-0.09817087650299072,-0.8305025100708008,0.07989723235368729,2.2134203910827637,0.980999231338501
4508,Tampa,Median Income,zip,9509,106,Feat-RGNN,8,0.9826241731643677,-0.025633692741394043,-0.5627790689468384,0.02087000012397766,2.0672178268432617,0.837521493434906
4509,Tampa,Median Income,zip,9509,106,Feat-RGNN,9,0.9682543277740479,-0.10736823081970215,-0.4240846633911133,0.03812957555055618,2.2319581508636475,0.7631925940513611
4510,Tampa,Median Income,zip,9509,106,Feat\&PC-RGNN,0,0.9929214715957642,0.014706909656524658,-0.24708020687103271,0.008501993492245674,1.9859092235565186,0.6683327555656433
4511,Tampa,Median Income,zip,9509,106,Feat\&PC-RGNN,1,0.9728507399559021,-0.2623244524002075,-0.18091261386871338,0.03260881081223488,2.5442802906036377,0.6328723430633545
4512,Tampa,Median Income,zip,9509,106,Feat\&PC-RGNN,2,0.9920897483825684,0.005012869834899902,-0.2529855966567993,0.009500978514552116,2.00544810295105,0.6714975833892822
4513,Tampa,Median Income,zip,9509,106,Feat\&PC-RGNN,3,0.9945340156555176,-0.0027674436569213867,-0.41910505294799805,0.0065651522018015385,2.021129608154297,0.7605239748954773
4514,Tampa,Median Income,zip,9509,106,Feat\&PC-RGNN,4,0.9986932277679443,-0.040021657943725586,-0.14134609699249268,0.0015695499023422599,2.096217632293701,0.6116679310798645
4515,Tampa,Median Income,zip,9509,106,Feat\&PC-RGNN,5,0.996087908744812,-0.0724191665649414,-0.12347102165222168,0.0046988255344331264,2.1615161895751953,0.6020883917808533
4516,Tampa,Median Income,zip,9509,106,Feat\&PC-RGNN,6,0.9899635314941406,-0.008484840393066406,-0.2546766996383667,0.012054766528308392,2.032653331756592,0.672403872013092
4517,Tampa,Median Income,zip,9509,106,Feat\&PC-RGNN,7,0.9819939732551575,-0.2651404142379761,-0.6344507932662964,0.02162693254649639,2.5499560832977295,0.8759316802024841
4518,Tampa,Median Income,zip,9509,106,Feat\&PC-RGNN,8,0.9963269829750061,-0.01020669937133789,-0.1687915325164795,0.004411637783050537,2.0361239910125732,0.6263764500617981
4519,Tampa,Median Income,zip,9509,106,Feat\&PC-RGNN,9,0.9933282136917114,-0.1030879020690918,-0.44831526279449463,0.008013446815311909,2.2233307361602783,0.7761783003807068
4520,Tampa,Median Income,zip,9509,106,LightGCN,0,0.9906190037727356,0.26633161306381226,0.25030517578125,0.011267432011663914,1.4787466526031494,0.40177497267723083
4521,Tampa,Median Income,zip,9509,106,LightGCN,1,0.9823392629623413,-0.04780304431915283,-0.0223996639251709,0.021212220191955566,2.1119015216827393,0.5479223728179932
4522,Tampa,Median Income,zip,9509,106,LightGCN,2,0.9968360066413879,0.29953819513320923,0.28685253858566284,0.0038002512883394957,1.411816954612732,0.3821885883808136
4523,Tampa,Median Income,zip,9509,106,LightGCN,3,0.9958679676055908,0.16547119617462158,0.10634851455688477,0.004962985869497061,1.68203604221344,0.4789239168167114
4524,Tampa,Median Income,zip,9509,106,LightGCN,4,0.9969054460525513,0.056273698806762695,-0.35809874534606934,0.003716829000040889,1.9021291732788086,0.7278295755386353
4525,Tampa,Median Income,zip,9509,106,LightGCN,5,0.9939334392547607,0.08048778772354126,-0.07499158382415771,0.007286546286195517,1.85332453250885,0.576107382774353
4526,Tampa,Median Income,zip,9509,106,LightGCN,6,0.9898626804351807,0.18876755237579346,0.21719509363174438,0.012175885029137135,1.6350809335708618,0.41951924562454224
4527,Tampa,Median Income,zip,9509,106,LightGCN,7,0.9979015588760376,0.18895667791366577,0.06533443927764893,0.0025204396806657314,1.634699821472168,0.5009041428565979
4528,Tampa,Median Income,zip,9509,106,LightGCN,8,0.9834269285202026,0.16525954008102417,0.10539120435714722,0.019905857741832733,1.6824625730514526,0.4794369637966156
4529,Tampa,Median Income,zip,9509,106,LightGCN,9,0.9928848147392273,0.15603947639465332,-0.052895545959472656,0.008545985445380211,1.7010462284088135,0.5642656683921814
4530,Tampa,Median Income,zip,9509,106,Feat-LightGCN,0,0.9992614984512329,0.012970387935638428,-0.34083080291748047,0.0008870133315213025,1.989409327507019,0.7185754179954529
4531,Tampa,Median Income,zip,9509,106,Feat-LightGCN,1,0.994748592376709,0.11143046617507935,-0.43859219551086426,0.00630741473287344,1.7909578084945679,0.7709674835205078
4532,Tampa,Median Income,zip,9509,106,Feat-LightGCN,2,0.9939056634902954,-0.17947566509246826,-0.4283183813095093,0.007319905329495668,2.3772943019866943,0.7654615640640259
4533,Tampa,Median Income,zip,9509,106,Feat-LightGCN,3,0.9991846084594727,0.20691132545471191,-0.020937681198120117,0.0009793704375624657,1.5985113382339478,0.5471389293670654
4534,Tampa,Median Income,zip,9509,106,Feat-LightGCN,4,0.9995933175086975,-0.024068117141723633,-0.004446864128112793,0.000488464895170182,2.0640623569488525,0.5383011698722839
4535,Tampa,Median Income,zip,9509,106,Feat-LightGCN,5,0.9994497299194336,-0.04661667346954346,-0.36502158641815186,0.0006609232514165342,2.1095101833343506,0.7315396666526794
4536,Tampa,Median Income,zip,9509,106,Feat-LightGCN,6,0.9987785220146179,0.1401808261871338,-0.663470983505249,0.0014671224635094404,1.7330100536346436,0.8914840817451477
4537,Tampa,Median Income,zip,9509,106,Feat-LightGCN,7,0.9992380142211914,0.17401129007339478,-0.18175113201141357,0.0009151975973509252,1.664823055267334,0.6333217024803162
4538,Tampa,Median Income,zip,9509,106,Feat-LightGCN,8,0.9983447194099426,0.1062743067741394,-0.2586076259613037,0.00198815087787807,1.8013503551483154,0.6745105385780334
4539,Tampa,Median Income,zip,9509,106,Feat-LightGCN,9,0.982893705368042,-0.07663488388061523,-1.19879150390625,0.02054629847407341,2.170013427734375,1.1783720254898071
4540,Tampa,Median Income,zip,9509,106,Feat\&PC-LightGCN,0,0.9999898672103882,-0.01794111728668213,-0.11223399639129639,1.2183789294795133e-05,2.051713228225708,0.5960662364959717
4541,Tampa,Median Income,zip,9509,106,Feat\&PC-LightGCN,1,0.9999948143959045,-0.06563019752502441,-0.012791633605957031,6.204026703926502e-06,2.1478328704833984,0.5427733063697815
4542,Tampa,Median Income,zip,9509,106,Feat\&PC-LightGCN,2,0.9999955296516418,0.048266708850860596,0.09663432836532593,5.391817921918118e-06,1.9182677268981934,0.484129935503006
4543,Tampa,Median Income,zip,9509,106,Feat\&PC-LightGCN,3,0.9999964237213135,0.04388636350631714,0.2297016978263855,4.273993454262381e-06,1.9270966053009033,0.41281673312187195
4544,Tampa,Median Income,zip,9509,106,Feat\&PC-LightGCN,4,0.9999935626983643,-0.1837373971939087,-0.15419542789459229,7.709306373726577e-06,2.3858840465545654,0.6185541152954102
4545,Tampa,Median Income,zip,9509,106,Feat\&PC-LightGCN,5,0.9999935030937195,-0.0873105525970459,-0.0021191835403442383,7.799012564646546e-06,2.191530704498291,0.5370537042617798
4546,Tampa,Median Income,zip,9509,106,Feat\&PC-LightGCN,6,0.9999958276748657,0.03408104181289673,-0.07624995708465576,5.021322522225091e-06,1.94685959815979,0.5767817497253418
4547,Tampa,Median Income,zip,9509,106,Feat\&PC-LightGCN,7,0.9999960064888,0.017462491989135742,-0.20720994472503662,4.797937435796484e-06,1.9803552627563477,0.6469655632972717
4548,Tampa,Median Income,zip,9509,106,Feat\&PC-LightGCN,8,0.9999940395355225,0.037698984146118164,-0.012262463569641113,7.134330189728644e-06,1.9395675659179688,0.5424897074699402
4549,Tampa,Median Income,zip,9509,106,Feat\&PC-LightGCN,9,0.9999947547912598,-0.0032557249069213867,0.05405324697494507,6.306835075520212e-06,2.022113800048828,0.5069499015808105
4550,Tampa,Median Income,zip,9509,106,NoPreTrain,0,0.999158501625061,-0.2708916664123535,-1.0686750411987305,0.0010106859263032675,2.5615479946136475,1.108640193939209
4551,Tampa,Median Income,zip,9509,106,NoPreTrain,1,0.9989798069000244,-0.4502875804901123,-1.1008484363555908,0.0012253756867721677,2.9231295585632324,1.125882625579834
4552,Tampa,Median Income,zip,9509,106,NoPreTrain,2,0.9992015361785889,0.008362293243408203,-0.291634202003479,0.0009590546251274645,1.9986971616744995,0.6922100186347961
4553,Tampa,Median Income,zip,9509,106,NoPreTrain,3,0.9993347525596619,0.011871278285980225,-0.7961153984069824,0.0007990213925950229,1.9916245937347412,0.9625706076622009
4554,Tampa,Median Income,zip,9509,106,NoPreTrain,4,0.9984720945358276,-0.01691603660583496,-0.0912555456161499,0.0018351332983002067,2.049647092819214,0.5848235487937927
4555,Tampa,Median Income,zip,9509,106,NoPreTrain,5,0.999148964881897,-0.01747274398803711,-0.16333019733428955,0.0010221546981483698,2.0507688522338867,0.6234495639801025
4556,Tampa,Median Income,zip,9509,106,NoPreTrain,6,0.9992902278900146,-0.5662540197372437,-1.664546012878418,0.0008524699369445443,3.1568660736083984,1.4279781579971313
4557,Tampa,Median Income,zip,9509,106,NoPreTrain,7,0.999454140663147,-2.5433382987976074,-7.607874870300293,0.0006556592998094857,7.141781806945801,4.613115310668945
4558,Tampa,Median Income,zip,9509,106,NoPreTrain,8,0.9994258284568787,-0.061524271965026855,-0.7382001876831055,0.0006896412814967334,2.139557123184204,0.9315328001976013
4559,Tampa,Median Income,zip,9509,106,NoPreTrain,9,0.9993632435798645,-0.2195378541946411,-0.5145412683486938,0.000764771772082895,2.4580416679382324,0.8116699457168579
4560,Tampa,Median Home Value,zip,9498,105,Emb,0,0.999806821346283,0.1079411506652832,0.08786410093307495,0.00021444237791001797,1.5554709434509277,0.9967635273933411
4561,Tampa,Median Home Value,zip,9498,105,Emb,1,0.9997439980506897,0.10179919004440308,0.13853687047958374,0.00028421307797543705,1.5661805868148804,0.9413893818855286
4562,Tampa,Median Home Value,zip,9498,105,Emb,2,0.9937347173690796,-0.015606164932250977,0.06662148237228394,0.006955778691917658,1.770898699760437,1.0199769735336304
4563,Tampa,Median Home Value,zip,9498,105,Emb,3,0.9969040751457214,-0.008523821830749512,0.19923174381256104,0.0034371118526905775,1.7585493326187134,0.8750632405281067
4564,Tampa,Median Home Value,zip,9498,105,Emb,4,0.9988301396369934,0.049562036991119385,0.08379894495010376,0.0012987781083211303,1.6572657823562622,1.0012058019638062
4565,Tampa,Median Home Value,zip,9498,105,Emb,5,0.9918699860572815,-0.11367499828338623,0.09400629997253418,0.009026006795465946,1.9419000148773193,0.9900514483451843
4566,Tampa,Median Home Value,zip,9498,105,Emb,6,0.999366819858551,-0.05273330211639404,0.03997015953063965,0.0007029896951280534,1.835636854171753,1.0491011142730713
4567,Tampa,Median Home Value,zip,9498,105,Emb,7,0.9986608028411865,-0.07683467864990234,0.16062229871749878,0.0014867711579427123,1.8776620626449585,0.9172548651695251
4568,Tampa,Median Home Value,zip,9498,105,Emb,8,0.9995957612991333,-0.0344465970993042,0.08455973863601685,0.00044877221807837486,1.8037505149841309,1.000374436378479
4569,Tampa,Median Home Value,zip,9498,105,Emb,9,0.9997808933258057,0.07717388868331909,0.22633665800094604,0.00024327373830601573,1.6091194152832031,0.8454435467720032
4570,Tampa,Median Home Value,zip,9498,105,RGNN,0,0.9995033740997314,0.16991502046585083,0.24797314405441284,0.0005513314390555024,1.4474079608917236,0.8217995762825012
4571,Tampa,Median Home Value,zip,9498,105,RGNN,1,0.9932217597961426,0.22444480657577515,0.1090235710144043,0.007525297347456217,1.3523250818252563,0.9736409187316895
4572,Tampa,Median Home Value,zip,9498,105,RGNN,2,0.9413188695907593,0.14143508672714233,0.32223379611968994,0.06514836102724075,1.4970680475234985,0.7406491041183472
4573,Tampa,Median Home Value,zip,9498,105,RGNN,3,0.9589542746543884,0.12134414911270142,0.2996019721031189,0.045569371432065964,1.5321003198623657,0.7653806805610657
4574,Tampa,Median Home Value,zip,9498,105,RGNN,4,0.9993457794189453,0.15459412336349487,0.35130923986434937,0.000726345693692565,1.4741227626800537,0.7088760733604431
4575,Tampa,Median Home Value,zip,9498,105,RGNN,5,0.9705950021743774,-0.005052089691162109,0.022800207138061523,0.032645732164382935,1.7524957656860352,1.0678640604019165
4576,Tampa,Median Home Value,zip,9498,105,RGNN,6,0.9807223081588745,0.13830965757369995,0.24098151922225952,0.021402280777692795,1.502517819404602,0.8294398784637451
4577,Tampa,Median Home Value,zip,9498,105,RGNN,7,0.9216967821121216,0.12649273872375488,0.2012510895729065,0.0869329571723938,1.523122787475586,0.8728564977645874
4578,Tampa,Median Home Value,zip,9498,105,RGNN,8,0.8868070840835571,0.16462421417236328,0.16551142930984497,0.12566784024238586,1.456633448600769,0.9119120836257935
4579,Tampa,Median Home Value,zip,9498,105,RGNN,9,0.9897360801696777,0.13248437643051147,0.1263943910598755,0.011395091190934181,1.5126752853393555,0.9546583890914917
4580,Tampa,Median Home Value,zip,9498,105,Feat-RGNN,0,0.8872753381729126,-0.003415703773498535,0.2716944217681885,0.1251479685306549,1.7496423721313477,0.7958774566650391
4581,Tampa,Median Home Value,zip,9498,105,Feat-RGNN,1,0.9819563031196594,-0.13125717639923096,0.2717857360839844,0.020032281056046486,1.972557783126831,0.7957777380943298
4582,Tampa,Median Home Value,zip,9498,105,Feat-RGNN,2,0.9338651895523071,-0.18682599067687988,0.08870929479598999,0.07342351973056793,2.0694522857666016,0.9958398938179016
4583,Tampa,Median Home Value,zip,9498,105,Feat-RGNN,3,0.962949275970459,-0.1869215965270996,0.17513447999954224,0.04113408550620079,2.0696191787719727,0.9013962745666504
4584,Tampa,Median Home Value,zip,9498,105,Feat-RGNN,4,0.9014509916305542,-0.23502612113952637,0.26566845178604126,0.10941003262996674,2.153498411178589,0.8024625182151794
4585,Tampa,Median Home Value,zip,9498,105,Feat-RGNN,5,0.9303004741668701,-0.037892937660217285,0.35504740476608276,0.07738106697797775,1.8097599744796753,0.7047910094261169
4586,Tampa,Median Home Value,zip,9498,105,Feat-RGNN,6,0.7952919006347656,0.10797083377838135,0.2507019639015198,0.22726885974407196,1.5554192066192627,0.8188176155090332
4587,Tampa,Median Home Value,zip,9498,105,Feat-RGNN,7,0.9862635731697083,-0.026191115379333496,0.3174678087234497,0.015250294469296932,1.7893556356430054,0.7458572387695312
4588,Tampa,Median Home Value,zip,9498,105,Feat-RGNN,8,0.8939189910888672,-0.06305992603302002,0.2752000093460083,0.11777210980653763,1.8536432981491089,0.7920466661453247
4589,Tampa,Median Home Value,zip,9498,105,Feat-RGNN,9,0.917229175567627,-0.16237521171569824,0.22267109155654907,0.09189297258853912,2.026817798614502,0.8494491577148438
4590,Tampa,Median Home Value,zip,9498,105,Feat\&PC-RGNN,0,0.9559167623519897,-0.0025959014892578125,0.2713039517402649,0.048941630870103836,1.7482129335403442,0.7963041663169861
4591,Tampa,Median Home Value,zip,9498,105,Feat\&PC-RGNN,1,0.9723833203315735,-0.10199153423309326,0.08794242143630981,0.030660297721624374,1.921527624130249,0.9966779351234436
4592,Tampa,Median Home Value,zip,9498,105,Feat\&PC-RGNN,2,0.9890737533569336,0.25864583253860474,0.5869925618171692,0.0121304327622056,1.292689323425293,0.4513261020183563
4593,Tampa,Median Home Value,zip,9498,105,Feat\&PC-RGNN,3,0.9555051326751709,-0.18452680110931396,0.23002666234970093,0.04939861595630646,2.065443277359009,0.8414111137390137
4594,Tampa,Median Home Value,zip,9498,105,Feat\&PC-RGNN,4,0.9864972233772278,-0.24919164180755615,0.17408812046051025,0.014990909956395626,2.1781985759735107,0.9025396704673767
4595,Tampa,Median Home Value,zip,9498,105,Feat\&PC-RGNN,5,0.9250560402870178,-0.11455273628234863,0.1559509038925171,0.08320345729589462,1.9434305429458618,0.9223596453666687
4596,Tampa,Median Home Value,zip,9498,105,Feat\&PC-RGNN,6,0.9692436456680298,0.015372991561889648,0.16642749309539795,0.03414598107337952,1.7168807983398438,0.9109110236167908
4597,Tampa,Median Home Value,zip,9498,105,Feat\&PC-RGNN,7,0.9733285903930664,-0.10624194145202637,0.16912901401519775,0.02961086854338646,1.9289391040802002,0.9079588651657104
4598,Tampa,Median Home Value,zip,9498,105,Feat\&PC-RGNN,8,0.9572156071662903,-0.07111263275146484,0.02658236026763916,0.0474996343255043,1.8676847219467163,1.0637309551239014
4599,Tampa,Median Home Value,zip,9498,105,Feat\&PC-RGNN,9,0.9680220484733582,0.0085335373878479,0.3326224684715271,0.03550220653414726,1.7288066148757935,0.7292965650558472
4600,Tampa,Median Home Value,zip,9498,105,LightGCN,0,0.9946315288543701,0.17503905296325684,0.6737498044967651,0.005960115697234869,1.4384733438491821,0.35651952028274536
4601,Tampa,Median Home Value,zip,9498,105,LightGCN,1,0.9894312024116516,-0.05164945125579834,0.6604305505752563,0.011733573861420155,1.8337469100952148,0.37107452750205994
4602,Tampa,Median Home Value,zip,9498,105,LightGCN,2,0.9930858612060547,-0.01155853271484375,0.6278798580169678,0.007676172535866499,1.7638410329818726,0.406645268201828
4603,Tampa,Median Home Value,zip,9498,105,LightGCN,3,0.9963812828063965,0.22042644023895264,0.7088250517845154,0.00401755515486002,1.3593318462371826,0.3181900382041931
4604,Tampa,Median Home Value,zip,9498,105,LightGCN,4,0.992665708065033,-0.060896992683410645,0.667137861251831,0.008142628706991673,1.8498716354370117,0.36374497413635254
4605,Tampa,Median Home Value,zip,9498,105,LightGCN,5,0.9966822862625122,-0.01384878158569336,0.5354741811752319,0.0036833772901445627,1.7678344249725342,0.5076243281364441
4606,Tampa,Median Home Value,zip,9498,105,LightGCN,6,0.9957640171051025,-0.012216806411743164,0.7029407024383545,0.004702817182987928,1.764988660812378,0.3246203362941742
4607,Tampa,Median Home Value,zip,9498,105,LightGCN,7,0.9917027354240417,0.21520960330963135,0.7237678170204163,0.009211702272295952,1.368428349494934,0.30186089873313904
4608,Tampa,Median Home Value,zip,9498,105,LightGCN,8,0.9994500279426575,0.08026868104934692,0.69584059715271,0.0006105895736254752,1.6037230491638184,0.33237919211387634
4609,Tampa,Median Home Value,zip,9498,105,LightGCN,9,0.982944130897522,0.043267130851745605,0.6911970376968384,0.018935564905405045,1.66824209690094,0.33745354413986206
4610,Tampa,Median Home Value,zip,9498,105,Feat-LightGCN,0,0.9997921586036682,-0.16511404514312744,0.5854483842849731,0.0002307280374225229,2.0315937995910645,0.4530135691165924
4611,Tampa,Median Home Value,zip,9498,105,Feat-LightGCN,1,0.9999417066574097,-0.09096789360046387,0.6338392496109009,6.474040856119245e-05,1.9023059606552124,0.4001329839229584
4612,Tampa,Median Home Value,zip,9498,105,Feat-LightGCN,2,0.9992451071739197,-0.14494764804840088,0.5380101203918457,0.0008380724466405809,1.9964298009872437,0.5048531293869019
4613,Tampa,Median Home Value,zip,9498,105,Feat-LightGCN,3,0.9984180331230164,-0.16958916187286377,0.5859353542327881,0.0017563195433467627,2.0393970012664795,0.45248135924339294
4614,Tampa,Median Home Value,zip,9498,105,Feat-LightGCN,4,0.9994016885757446,-0.11675167083740234,0.5954942107200623,0.0006642465596087277,1.9472649097442627,0.4420356750488281
4615,Tampa,Median Home Value,zip,9498,105,Feat-LightGCN,5,0.9995929002761841,-0.09866416454315186,0.5927021503448486,0.00045196738210506737,1.9157259464263916,0.445086807012558
4616,Tampa,Median Home Value,zip,9498,105,Feat-LightGCN,6,0.9996196031570435,-0.16029715538024902,0.46711474657058716,0.0004222896241117269,2.0231945514678955,0.5823261141777039
4617,Tampa,Median Home Value,zip,9498,105,Feat-LightGCN,7,0.9993236064910889,-0.24249136447906494,0.6362123489379883,0.0007509137503802776,2.166515350341797,0.39753973484039307
4618,Tampa,Median Home Value,zip,9498,105,Feat-LightGCN,8,0.9998909831047058,-0.1565481424331665,0.5570063591003418,0.00012101285392418504,2.0166573524475098,0.48409444093704224
4619,Tampa,Median Home Value,zip,9498,105,Feat-LightGCN,9,0.9986992478370667,-0.22007620334625244,0.5989258289337158,0.0014441033126786351,2.1274304389953613,0.4382856786251068
4620,Tampa,Median Home Value,zip,9498,105,Feat\&PC-LightGCN,0,0.9999952912330627,-0.35895872116088867,0.07594543695449829,5.200073701416841e-06,2.369597911834717,1.009787917137146
4621,Tampa,Median Home Value,zip,9498,105,Feat\&PC-LightGCN,1,0.9999935626983643,-0.5157029628753662,0.16657096147537231,7.161185749282595e-06,2.6429107189178467,0.9107542634010315
4622,Tampa,Median Home Value,zip,9498,105,Feat\&PC-LightGCN,2,0.9999944567680359,-0.47964227199554443,0.08746397495269775,6.1702198763669e-06,2.5800323486328125,0.9972007274627686
4623,Tampa,Median Home Value,zip,9498,105,Feat\&PC-LightGCN,3,0.9999860525131226,-0.3747248649597168,-0.08024382591247559,1.5510819139308296e-05,2.3970890045166016,1.1804684400558472
4624,Tampa,Median Home Value,zip,9498,105,Feat\&PC-LightGCN,4,0.9999946355819702,-0.21307003498077393,0.23320573568344116,5.942813913861755e-06,2.1152138710021973,0.8379371166229248
4625,Tampa,Median Home Value,zip,9498,105,Feat\&PC-LightGCN,5,0.9999938011169434,-0.5370724201202393,-0.05921971797943115,6.9079387685633264e-06,2.6801724433898926,1.1574938297271729
4626,Tampa,Median Home Value,zip,9498,105,Feat\&PC-LightGCN,6,0.9999930262565613,-0.4113452434539795,0.03009849786758423,7.738964995951392e-06,2.4609436988830566,1.0598886013031006
4627,Tampa,Median Home Value,zip,9498,105,Feat\&PC-LightGCN,7,0.9999953508377075,-0.7027982473373413,0.04151123762130737,5.188183877180563e-06,2.969146251678467,1.0474169254302979
4628,Tampa,Median Home Value,zip,9498,105,Feat\&PC-LightGCN,8,0.9999931454658508,-0.45096075534820557,0.04543858766555786,7.587636446260149e-06,2.5300204753875732,1.0431252717971802
4629,Tampa,Median Home Value,zip,9498,105,Feat\&PC-LightGCN,9,0.999993622303009,-0.5830353498458862,0.01662510633468628,7.088354777806671e-06,2.760317325592041,1.074612021446228
4630,Tampa,Median Home Value,zip,9498,105,NoPreTrain,0,0.9996325373649597,-0.7336095571517944,-0.944988489151001,0.0004079696082044393,3.022871494293213,2.125443696975708
4631,Tampa,Median Home Value,zip,9498,105,NoPreTrain,1,0.9994927644729614,-0.29657483100891113,-0.0921856164932251,0.0005631059175357223,2.260819911956787,1.1935182809829712
4632,Tampa,Median Home Value,zip,9498,105,NoPreTrain,2,0.9882961511611938,-0.5219848155975342,-0.36512017250061035,0.01299370639026165,2.6538643836975098,1.4917755126953125
4633,Tampa,Median Home Value,zip,9498,105,NoPreTrain,3,0.9999111294746399,-0.645295262336731,-0.8956102132797241,9.864851017482579e-05,2.8688790798187256,2.071484088897705
4634,Tampa,Median Home Value,zip,9498,105,NoPreTrain,4,0.9994829297065735,-0.48744451999664307,0.05639314651489258,0.0005740420310758054,2.5936367511749268,1.0311543941497803
4635,Tampa,Median Home Value,zip,9498,105,NoPreTrain,5,0.9991022944450378,-0.37689316272735596,-0.6734628677368164,0.0009966230718418956,2.4008700847625732,1.828726053237915
4636,Tampa,Median Home Value,zip,9498,105,NoPreTrain,6,0.9965417385101318,-0.5562475919723511,0.11729079484939575,0.0038393971044570208,2.7136080265045166,0.9646065831184387
4637,Tampa,Median Home Value,zip,9498,105,NoPreTrain,7,0.9984732270240784,-0.18488669395446777,-0.3127729892730713,0.0016950323479250073,2.066071033477783,1.434571623802185
4638,Tampa,Median Home Value,zip,9498,105,NoPreTrain,8,0.9999067187309265,0.08209478855133057,-0.028268933296203613,0.0001035297682392411,1.6005388498306274,1.123671293258667
4639,Tampa,Median Home Value,zip,9498,105,NoPreTrain,9,0.9984411597251892,-0.3124699592590332,-0.03989064693450928,0.001730627380311489,2.2885360717773438,1.136371374130249
4640,Tampa,Commute Time,zip,9498,105,Emb,0,0.9990696907043457,-0.21141350269317627,0.25818872451782227,0.0010659750550985336,1.0967382192611694,1.5178513526916504
4641,Tampa,Commute Time,zip,9498,105,Emb,1,0.9999266862869263,-0.15893733501434326,0.33984875679016113,8.401337981922552e-05,1.0492295026779175,1.3507633209228516
4642,Tampa,Commute Time,zip,9498,105,Emb,2,0.9999222159385681,-0.25930941104888916,0.2613859176635742,8.914240606827661e-05,1.140100121498108,1.5113093852996826
4643,Tampa,Commute Time,zip,9498,105,Emb,3,0.9997801184654236,-0.2780870199203491,0.21422207355499268,0.0002519480185583234,1.1571000814437866,1.6078133583068848
4644,Tampa,Commute Time,zip,9498,105,Emb,4,0.9992638230323792,-0.23111391067504883,0.167630136013031,0.0008435644558630884,1.11457359790802,1.7031471729278564
4645,Tampa,Commute Time,zip,9498,105,Emb,5,0.9952147006988525,-0.10826289653778076,0.256197988986969,0.005483296699821949,1.0033520460128784,1.5219247341156006
4646,Tampa,Commute Time,zip,9498,105,Emb,6,0.9999069571495056,-0.13444292545318604,0.21879148483276367,0.00010662520071491599,1.027053713798523,1.5984636545181274
4647,Tampa,Commute Time,zip,9498,105,Emb,7,0.9995523691177368,-0.042354464530944824,0.24274957180023193,0.0005128954071551561,0.9436826109886169,1.5494420528411865
4648,Tampa,Commute Time,zip,9498,105,Emb,8,0.9998789429664612,-0.058014869689941406,0.14857786893844604,0.00013874298019800335,0.9578605890274048,1.7421308755874634
4649,Tampa,Commute Time,zip,9498,105,Emb,9,0.9972859621047974,-0.2635526657104492,0.33237749338150024,0.003109936136752367,1.1439416408538818,1.3660506010055542
4650,Tampa,Commute Time,zip,9498,105,RGNN,0,0.9588087797164917,-0.7365808486938477,0.1388220191001892,0.047199469059705734,1.572191834449768,1.7620925903320312
4651,Tampa,Commute Time,zip,9498,105,RGNN,1,0.9544160962104797,-0.7487345933914185,0.17455202341079712,0.05223284289240837,1.5831950902938843,1.6889839172363281
4652,Tampa,Commute Time,zip,9498,105,RGNN,2,0.9725964069366455,-0.7145941257476807,0.2147400975227356,0.03140069544315338,1.5522863864898682,1.6067533493041992
4653,Tampa,Commute Time,zip,9498,105,RGNN,3,0.9706275463104248,-0.5999406576156616,0.17576110363006592,0.0336567647755146,1.448486328125,1.6865099668502808
4654,Tampa,Commute Time,zip,9498,105,RGNN,4,0.9685669541358948,-0.6707903146743774,0.15724503993988037,0.03601794317364693,1.5126292705535889,1.7243964672088623
4655,Tampa,Commute Time,zip,9498,105,RGNN,5,0.9583287239074707,-0.7510594129562378,0.1921442747116089,0.047749489545822144,1.5852998495101929,1.6529877185821533
4656,Tampa,Commute Time,zip,9498,105,RGNN,6,0.9546040296554565,-0.5514559745788574,0.19631338119506836,0.052017487585544586,1.4045913219451904,1.6444571018218994
4657,Tampa,Commute Time,zip,9498,105,RGNN,7,0.9576545357704163,-0.7428265810012817,0.16328835487365723,0.04852203279733658,1.5778462886810303,1.7120310068130493
4658,Tampa,Commute Time,zip,9498,105,RGNN,8,0.9526829719543457,-0.6348165273666382,0.1870710849761963,0.05421873554587364,1.4800608158111572,1.6633682250976562
4659,Tampa,Commute Time,zip,9498,105,RGNN,9,0.8450546264648438,-0.47618603706359863,0.19098365306854248,0.17754597961902618,1.3364466428756714,1.6553624868392944
4660,Tampa,Commute Time,zip,9498,105,Feat-RGNN,0,0.9443686604499817,-0.5042279958724976,0.14196211099624634,0.06374581903219223,1.361834168434143,1.7556675672531128
4661,Tampa,Commute Time,zip,9498,105,Feat-RGNN,1,0.9753060340881348,-0.4481828212738037,0.19425064325332642,0.028295835480093956,1.3110942840576172,1.6486778259277344
4662,Tampa,Commute Time,zip,9498,105,Feat-RGNN,2,0.9518395662307739,-0.43821072578430176,0.20929688215255737,0.05518520995974541,1.3020662069320679,1.6178910732269287
4663,Tampa,Commute Time,zip,9498,105,Feat-RGNN,3,0.9275357723236084,-0.2416001558303833,0.3277251720428467,0.08303394913673401,1.1240671873092651,1.3755699396133423
4664,Tampa,Commute Time,zip,9498,105,Feat-RGNN,4,0.8866304755210876,-0.5311000347137451,0.11169689893722534,0.1299057900905609,1.3861624002456665,1.8175944089889526
4665,Tampa,Commute Time,zip,9498,105,Feat-RGNN,5,0.9346628189086914,-0.4352511167526245,0.1967676281929016,0.07486733794212341,1.299386739730835,1.643527626991272
4666,Tampa,Commute Time,zip,9498,105,Feat-RGNN,6,0.9272441864013672,-0.34943628311157227,0.2376418113708496,0.08336809277534485,1.2216954231262207,1.559893250465393
4667,Tampa,Commute Time,zip,9498,105,Feat-RGNN,7,0.9397175312042236,-0.3200019598007202,0.12806421518325806,0.06907536089420319,1.195047378540039,1.7841047048568726
4668,Tampa,Commute Time,zip,9498,105,Feat-RGNN,8,0.9311538934707642,-0.5503412485122681,0.12893784046173096,0.07888808101415634,1.403582215309143,1.782317042350769
4669,Tampa,Commute Time,zip,9498,105,Feat-RGNN,9,0.9450024962425232,-0.2869929075241089,0.24696701765060425,0.06301955133676529,1.1651630401611328,1.5408124923706055
4670,Tampa,Commute Time,zip,9498,105,Feat\&PC-RGNN,0,0.9680337309837341,-0.273356556892395,0.14857232570648193,0.03662891685962677,1.1528174877166748,1.7421420812606812
4671,Tampa,Commute Time,zip,9498,105,Feat\&PC-RGNN,1,0.9862539172172546,-0.5059211254119873,0.03392082452774048,0.015751106664538383,1.363366961479187,1.9767354726791382
4672,Tampa,Commute Time,zip,9498,105,Feat\&PC-RGNN,2,0.98637855052948,-0.2493835687637329,0.1908600926399231,0.015608291141688824,1.131113886833191,1.6556153297424316
4673,Tampa,Commute Time,zip,9498,105,Feat\&PC-RGNN,3,0.9796983003616333,-0.36081743240356445,0.007805824279785156,0.023262934759259224,1.231999158859253,2.030170440673828
4674,Tampa,Commute Time,zip,9498,105,Feat\&PC-RGNN,4,0.9743101596832275,-0.3589133024215698,0.177568256855011,0.029436971992254257,1.230275273323059,1.6828123331069946
4675,Tampa,Commute Time,zip,9498,105,Feat\&PC-RGNN,5,0.922779381275177,-0.46426403522491455,0.06253188848495483,0.08848416060209274,1.325653314590454,1.9181931018829346
4676,Tampa,Commute Time,zip,9498,105,Feat\&PC-RGNN,6,0.9721783399581909,-0.34244513511657715,0.1450735330581665,0.0318797342479229,1.215366005897522,1.7493011951446533
4677,Tampa,Commute Time,zip,9498,105,Feat\&PC-RGNN,7,0.9806409478187561,-0.30605995655059814,0.01951587200164795,0.02218279428780079,1.1824251413345337,2.0062098503112793
4678,Tampa,Commute Time,zip,9498,105,Feat\&PC-RGNN,8,0.9700838923454285,-0.42987310886383057,0.019955933094024658,0.034279707819223404,1.2945177555084229,2.005309581756592
4679,Tampa,Commute Time,zip,9498,105,Feat\&PC-RGNN,9,0.9779347777366638,-0.2395871877670288,0.11883121728897095,0.025283675640821457,1.1222448348999023,1.8029966354370117
4680,Tampa,Commute Time,zip,9498,105,LightGCN,0,0.9922183156013489,-0.11256957054138184,0.18786758184432983,0.008916758000850677,1.0072510242462158,1.661738395690918
4681,Tampa,Commute Time,zip,9498,105,LightGCN,1,0.9988167881965637,-0.23485291004180908,0.22488564252853394,0.001355797634460032,1.117958664894104,1.5859941244125366
4682,Tampa,Commute Time,zip,9498,105,LightGCN,2,0.9989445209503174,-0.04408144950866699,0.11755824089050293,0.0012094007106497884,0.9452462196350098,1.8056013584136963
4683,Tampa,Commute Time,zip,9498,105,LightGCN,3,0.9940010905265808,-0.03624105453491211,0.18809086084365845,0.006873946636915207,0.9381479620933533,1.6612815856933594
4684,Tampa,Commute Time,zip,9498,105,LightGCN,4,0.9987185597419739,0.09814983606338501,0.09744077920913696,0.0014683380722999573,0.8164788484573364,1.8467645645141602
4685,Tampa,Commute Time,zip,9498,105,LightGCN,5,0.9983639717102051,-0.16803491115570068,0.13801252841949463,0.001874677138403058,1.05746591091156,1.7637488842010498
4686,Tampa,Commute Time,zip,9498,105,LightGCN,6,0.9894754886627197,-0.18776285648345947,0.28131258487701416,0.012059640139341354,1.0753263235092163,1.4705365896224976
4687,Tampa,Commute Time,zip,9498,105,LightGCN,7,0.9948463439941406,-0.19446921348571777,0.2982058525085449,0.00590535206720233,1.0813977718353271,1.4359705448150635
4688,Tampa,Commute Time,zip,9498,105,LightGCN,8,0.9977161288261414,-0.06426310539245605,0.13197416067123413,0.0026170096825808287,0.963517427444458,1.7761043310165405
4689,Tampa,Commute Time,zip,9498,105,LightGCN,9,0.9601956605911255,-0.16406702995300293,0.044438838958740234,0.04561023786664009,1.0538736581802368,1.955214023590088
4690,Tampa,Commute Time,zip,9498,105,Feat-LightGCN,0,0.9996905326843262,0.4057580828666687,0.3987887501716614,0.0003545811923686415,0.5379894971847534,1.2301636934280396
4691,Tampa,Commute Time,zip,9498,105,Feat-LightGCN,1,0.9999832510948181,0.2791268825531006,0.29784512519836426,1.9162409444106743e-05,0.6526334881782532,1.436708688735962
4692,Tampa,Commute Time,zip,9498,105,Feat-LightGCN,2,0.9973390698432922,0.23801547288894653,0.2886664867401123,0.0030490714125335217,0.6898531913757324,1.4554895162582397
4693,Tampa,Commute Time,zip,9498,105,Feat-LightGCN,3,0.9975714683532715,0.20424789190292358,0.2773778438568115,0.0027827874291688204,0.7204242944717407,1.4785877466201782
4694,Tampa,Commute Time,zip,9498,105,Feat-LightGCN,4,0.9987099766731262,0.43024104833602905,0.32990217208862305,0.001478154445067048,0.5158241987228394,1.3711154460906982
4695,Tampa,Commute Time,zip,9498,105,Feat-LightGCN,5,0.997430682182312,0.2742130160331726,0.24963998794555664,0.002944052219390869,0.6570822596549988,1.5353434085845947
4696,Tampa,Commute Time,zip,9498,105,Feat-LightGCN,6,0.9998098611831665,0.32126307487487793,0.3544045686721802,0.00021787421428598464,0.614486038684845,1.3209800720214844
4697,Tampa,Commute Time,zip,9498,105,Feat-LightGCN,7,0.9998175501823425,0.384235143661499,0.29352742433547974,0.0002090864145429805,0.5574750304222107,1.4455434083938599
4698,Tampa,Commute Time,zip,9498,105,Feat-LightGCN,8,0.999687910079956,0.2622811794281006,0.3480634093284607,0.0003576004528440535,0.6678845286369324,1.3339550495147705
4699,Tampa,Commute Time,zip,9498,105,Feat-LightGCN,9,0.9994412064552307,0.3009481430053711,0.3031470775604248,0.000640302780084312,0.6328778862953186,1.4258601665496826
4700,Tampa,Commute Time,zip,9498,105,Feat\&PC-LightGCN,0,0.9999959468841553,-0.23929238319396973,-0.079345703125,4.641470695787575e-06,1.1219779253005981,2.2084949016571045
4701,Tampa,Commute Time,zip,9498,105,Feat\&PC-LightGCN,1,0.9999939799308777,-0.3824561834335327,-0.11274957656860352,6.897227649460547e-06,1.2515894174575806,2.276843786239624
4702,Tampa,Commute Time,zip,9498,105,Feat\&PC-LightGCN,2,0.9999948740005493,-0.1559305191040039,-0.04297316074371338,5.877283456356963e-06,1.0465073585510254,2.1340715885162354
4703,Tampa,Commute Time,zip,9498,105,Feat\&PC-LightGCN,3,0.9999961256980896,-0.14215314388275146,-0.10096371173858643,4.40978101323708e-06,1.0340341329574585,2.252728223800659
4704,Tampa,Commute Time,zip,9498,105,Feat\&PC-LightGCN,4,0.9999955296516418,-0.032958269119262695,-0.2154827117919922,5.150768629391678e-06,0.9351759552955627,2.4870505332946777
4705,Tampa,Commute Time,zip,9498,105,Feat\&PC-LightGCN,5,0.9999951124191284,-0.32496726512908936,-0.02707064151763916,5.568838787439745e-06,1.1995426416397095,2.101532459259033
4706,Tampa,Commute Time,zip,9498,105,Feat\&PC-LightGCN,6,0.9999957084655762,-0.8213412761688232,-0.16903209686279297,4.887915110884933e-06,1.6489286422729492,2.3920059204101562
4707,Tampa,Commute Time,zip,9498,105,Feat\&PC-LightGCN,7,0.9999938607215881,-0.3030616044998169,-0.17535603046417236,7.005090083112009e-06,1.1797106266021729,2.4049456119537354
4708,Tampa,Commute Time,zip,9498,105,Feat\&PC-LightGCN,8,0.9999799132347107,-0.17464137077331543,-0.0906519889831543,2.3031017917674035e-05,1.0634469985961914,2.2316291332244873
4709,Tampa,Commute Time,zip,9498,105,Feat\&PC-LightGCN,9,0.9999951720237732,-0.16498935222625732,-0.09129786491394043,5.556653377425391e-06,1.05470871925354,2.2329506874084473
4710,Tampa,Commute Time,zip,9498,105,NoPreTrain,0,0.9770167469978333,-0.7910490036010742,-0.3724018335342407,0.026335617527365685,1.6215039491653442,2.80812931060791
4711,Tampa,Commute Time,zip,9498,105,NoPreTrain,1,0.999251127243042,-0.4988611936569214,-0.358440637588501,0.0008581376168876886,1.3569753170013428,2.7795627117156982
4712,Tampa,Commute Time,zip,9498,105,NoPreTrain,2,0.9975501298904419,-0.851069450378418,0.026000022888183594,0.002807214856147766,1.6758426427841187,1.992942452430725
4713,Tampa,Commute Time,zip,9498,105,NoPreTrain,3,0.9905667901039124,-0.11849796772003174,-0.06455469131469727,0.010809165425598621,1.0126181840896606,2.1782302856445312
4714,Tampa,Commute Time,zip,9498,105,NoPreTrain,4,0.9987661242485046,-0.2928323745727539,-0.15601706504821777,0.0014138210099190474,1.1704497337341309,2.365375280380249
4715,Tampa,Commute Time,zip,9498,105,NoPreTrain,5,0.9959071278572083,-0.23052287101745605,-0.2604382038116455,0.0046898783184587955,1.1140385866165161,2.579035758972168
4716,Tampa,Commute Time,zip,9498,105,NoPreTrain,6,0.9945560097694397,-0.27012741565704346,-0.23955535888671875,0.006238029804080725,1.149894118309021,2.536306381225586
4717,Tampa,Commute Time,zip,9498,105,NoPreTrain,7,0.9994692206382751,-0.11152374744415283,0.047061026096343994,0.000608172791544348,1.006304144859314,1.9498487710952759
4718,Tampa,Commute Time,zip,9498,105,NoPreTrain,8,0.9988362789154053,-0.5051224231719971,0.028613507747650146,0.001333470456302166,1.362643837928772,1.9875949621200562
4719,Tampa,Commute Time,zip,9498,105,NoPreTrain,9,0.9994503855705261,-0.2912713289260864,-0.07719254493713379,0.0006298042717389762,1.1690363883972168,2.2040889263153076
4720,Tampa,Median Age,zip,9509,106,Emb,0,0.9999194741249084,-0.5940314531326294,0.46120089292526245,8.801763033261523e-05,0.979465126991272,1.1118649244308472
4721,Tampa,Median Age,zip,9509,106,Emb,1,0.9996011257171631,-0.9987854957580566,0.36421310901641846,0.00043605477549135685,1.2281694412231445,1.3120087385177612
4722,Tampa,Median Age,zip,9509,106,Emb,2,0.9980571866035461,-0.6376681327819824,0.4237557053565979,0.0021238739136606455,1.0062780380249023,1.1891366243362427
4723,Tampa,Median Age,zip,9509,106,Emb,3,0.9981877207756042,-0.7056188583374023,0.4050498604774475,0.001981180626899004,1.048030972480774,1.2277380228042603
4724,Tampa,Median Age,zip,9509,106,Emb,4,0.9975519776344299,-0.36571788787841797,0.52024906873703,0.0026761991903185844,0.8391760587692261,0.9900131821632385
4725,Tampa,Median Age,zip,9509,106,Emb,5,0.9999618530273438,-0.448794960975647,0.5437160730361938,4.167568476987071e-05,0.8902234435081482,0.9415867328643799
4726,Tampa,Median Age,zip,9509,106,Emb,6,0.9888386726379395,-0.23064076900482178,0.4569775462150574,0.012201488018035889,0.7561768889427185,1.1205801963806152
4727,Tampa,Median Age,zip,9509,106,Emb,7,0.9997284412384033,-1.4070887565612793,0.3317878842353821,0.0002968608750961721,1.479054570198059,1.378921389579773
4728,Tampa,Median Age,zip,9509,106,Emb,8,0.9999745488166809,-0.47497308254241943,0.4780116677284241,2.7792910259449854e-05,0.9063087701797485,1.077174186706543
4729,Tampa,Median Age,zip,9509,106,Emb,9,0.9997606873512268,-0.5165954828262329,0.5176720023155212,0.0002616423589643091,0.9318840503692627,0.9953312277793884
4730,Tampa,Median Age,zip,9509,106,RGNN,0,0.9981737732887268,0.345670223236084,0.5098061561584473,0.0019964464008808136,0.40205806493759155,1.0115631818771362
4731,Tampa,Median Age,zip,9509,106,RGNN,1,0.8940149545669556,0.20531052350997925,0.5421614050865173,0.11586247384548187,0.48830318450927734,0.9447948932647705
4732,Tampa,Median Age,zip,9509,106,RGNN,2,0.9596737027168274,0.05150902271270752,0.46025997400283813,0.04408454895019531,0.582807719707489,1.1138066053390503
4733,Tampa,Median Age,zip,9509,106,RGNN,3,0.8904100060462952,0.00933927297592163,0.531069815158844,0.11980339139699936,0.6087192893028259,0.9676835536956787
4734,Tampa,Median Age,zip,9509,106,RGNN,4,0.9971872568130493,0.24905180931091309,0.5337977409362793,0.003074873238801956,0.4614260196685791,0.9620542526245117
4735,Tampa,Median Age,zip,9509,106,RGNN,5,0.9389587044715881,-0.24370205402374268,0.4957510828971863,0.06673009693622589,0.7642024755477905,1.0405672788619995
4736,Tampa,Median Age,zip,9509,106,RGNN,6,0.9791706800460815,0.15691763162612915,0.5143945217132568,0.022770529612898827,0.5180385708808899,1.0020946264266968
4737,Tampa,Median Age,zip,9509,106,RGNN,7,0.9949870109558105,0.36476606130599976,0.12418204545974731,0.005480206571519375,0.39032450318336487,1.807336449623108
4738,Tampa,Median Age,zip,9509,106,RGNN,8,0.9980748295783997,0.29808342456817627,0.4632178544998169,0.00210461113601923,0.431298166513443,1.1077027320861816
4739,Tampa,Median Age,zip,9509,106,RGNN,9,0.9986550211906433,0.33922696113586426,0.42419207096099854,0.0014703525230288506,0.40601715445518494,1.1882362365722656
4740,Tampa,Median Age,zip,9509,106,Feat-RGNN,0,0.9483722448348999,0.049501121044158936,0.39301103353500366,0.05643923953175545,0.5840414762496948,1.2525813579559326
4741,Tampa,Median Age,zip,9509,106,Feat-RGNN,1,0.9245758056640625,-0.1331421136856079,0.4730722904205322,0.08245343714952469,0.6962680816650391,1.0873671770095825
4742,Tampa,Median Age,zip,9509,106,Feat-RGNN,2,0.9228812456130981,0.08341771364212036,0.43235546350479126,0.08430595695972443,0.5632011890411377,1.1713902950286865
4743,Tampa,Median Age,zip,9509,106,Feat-RGNN,3,0.9268093705177307,-0.2397174835205078,0.4784054160118103,0.080011747777462,0.7617541551589966,1.0763616561889648
4744,Tampa,Median Age,zip,9509,106,Feat-RGNN,4,0.9455666542053223,-0.10316085815429688,0.3792426586151123,0.05950631946325302,0.67784583568573,1.2809938192367554
4745,Tampa,Median Age,zip,9509,106,Feat-RGNN,5,0.9315738677978516,-0.0955435037612915,0.42009806632995605,0.07480320334434509,0.6731653213500977,1.196684718132019
4746,Tampa,Median Age,zip,9509,106,Feat-RGNN,6,0.9142509698867798,0.12246453762054443,0.3436211347579956,0.09374051541090012,0.5392085313796997,1.3545022010803223
4747,Tampa,Median Age,zip,9509,106,Feat-RGNN,7,0.9433287978172302,-0.025193333625793457,0.3859543800354004,0.061952732503414154,0.6299380660057068,1.2671434879302979
4748,Tampa,Median Age,zip,9509,106,Feat-RGNN,8,0.9164392352104187,-0.1238166093826294,0.452117383480072,0.0913483127951622,0.6905379295349121,1.1306096315383911
4749,Tampa,Median Age,zip,9509,106,Feat-RGNN,9,0.949826717376709,0.025336623191833496,0.3944767713546753,0.05484924465417862,0.5988895893096924,1.2495566606521606
4750,Tampa,Median Age,zip,9509,106,Feat\&PC-RGNN,0,0.9972392320632935,0.16919362545013428,0.33701449632644653,0.003018046496436,0.5104954838752747,1.3681358098983765
4751,Tampa,Median Age,zip,9509,106,Feat\&PC-RGNN,1,0.9849410653114319,-0.04630088806152344,0.4132322072982788,0.01646236516535282,0.6429077982902527,1.210853099822998
4752,Tampa,Median Age,zip,9509,106,Feat\&PC-RGNN,2,0.990149974822998,-0.00039756298065185547,0.40160465240478516,0.01076801959425211,0.6147021055221558,1.2348475456237793
4753,Tampa,Median Age,zip,9509,106,Feat\&PC-RGNN,3,0.9920898079872131,-0.14254140853881836,0.3786359429359436,0.008647381328046322,0.7020435333251953,1.2822457551956177
4754,Tampa,Median Age,zip,9509,106,Feat\&PC-RGNN,4,0.9967212080955505,0.15111476182937622,0.3727869391441345,0.0035843385849148035,0.5216042399406433,1.2943158149719238
4755,Tampa,Median Age,zip,9509,106,Feat\&PC-RGNN,5,0.9964272379875183,-0.011365532875061035,0.27424585819244385,0.0039057242684066296,0.6214415431022644,1.4976650476455688
4756,Tampa,Median Age,zip,9509,106,Feat\&PC-RGNN,6,0.9877957701683044,-0.02398860454559326,0.3960304260253906,0.01334161777049303,0.6291978359222412,1.246350646018982
4757,Tampa,Median Age,zip,9509,106,Feat\&PC-RGNN,7,0.997298002243042,-0.10441744327545166,0.42036986351013184,0.002953834133222699,0.6786179542541504,1.1961238384246826
4758,Tampa,Median Age,zip,9509,106,Feat\&PC-RGNN,8,0.9935911297798157,-0.1237032413482666,0.33682000637054443,0.007006143685430288,0.6904683113098145,1.3685370683670044
4759,Tampa,Median Age,zip,9509,106,Feat\&PC-RGNN,9,0.9917182922363281,0.14463001489639282,0.4441933035850525,0.009053505025804043,0.5255888104438782,1.1469616889953613
4760,Tampa,Median Age,zip,9509,106,LightGCN,0,0.9860522150993347,-0.22662711143493652,0.3565877676010132,0.015247638337314129,0.7537106871604919,1.3277443647384644
4761,Tampa,Median Age,zip,9509,106,LightGCN,1,0.9988890290260315,-0.13393747806549072,0.21753638982772827,0.0012145384680479765,0.6967567801475525,1.6146906614303589
4762,Tampa,Median Age,zip,9509,106,LightGCN,2,0.9877926111221313,0.016473591327667236,0.35850298404693604,0.013345060870051384,0.6043354868888855,1.3237922191619873
4763,Tampa,Median Age,zip,9509,106,LightGCN,3,0.9946586489677429,-0.29594552516937256,0.25824928283691406,0.005839166231453419,0.7963038682937622,1.5306755304336548
4764,Tampa,Median Age,zip,9509,106,LightGCN,4,0.9960138201713562,-0.16352224349975586,0.32783597707748413,0.004357663448899984,0.7149354219436646,1.387076497077942
4765,Tampa,Median Age,zip,9509,106,LightGCN,5,0.9881185293197632,-0.1912447214126587,0.19011300802230835,0.012988751754164696,0.7319696545600891,1.6712814569473267
4766,Tampa,Median Age,zip,9509,106,LightGCN,6,0.9883519411087036,0.022123098373413086,0.11636453866958618,0.01273363921791315,0.6008641123771667,1.8234686851501465
4767,Tampa,Median Age,zip,9509,106,LightGCN,7,0.985275387763977,0.1506834626197815,0.2808915376663208,0.016096871346235275,0.5218691825866699,1.4839510917663574
4768,Tampa,Median Age,zip,9509,106,LightGCN,8,0.990227222442627,-0.23209571838378906,0.32213979959487915,0.01068357564508915,0.7570708990097046,1.3988312482833862
4769,Tampa,Median Age,zip,9509,106,LightGCN,9,0.9853602051734924,0.11512184143066406,0.20432794094085693,0.01600414142012596,0.5437203645706177,1.6419475078582764
4770,Tampa,Median Age,zip,9509,106,Feat-LightGCN,0,0.9906144142150879,-0.0391080379486084,0.6803582906723022,0.010260269977152348,0.6384881138801575,0.6596120595932007
4771,Tampa,Median Age,zip,9509,106,Feat-LightGCN,1,0.9967966079711914,0.3555780053138733,0.5519241094589233,0.0035019507631659508,0.3959701657295227,0.924648642539978
4772,Tampa,Median Age,zip,9509,106,Feat-LightGCN,2,0.9993369579315186,0.29837566614151,0.5732206106185913,0.0007248257752507925,0.43111860752105713,0.8807011246681213
4773,Tampa,Median Age,zip,9509,106,Feat-LightGCN,3,0.9980714321136475,0.19749301671981812,0.584190845489502,0.0021082705352455378,0.4931066930294037,0.8580631017684937
4774,Tampa,Median Age,zip,9509,106,Feat-LightGCN,4,0.9995174407958984,0.15310299396514893,0.7073655724525452,0.0005275418516248465,0.5203825235366821,0.6038799285888672
4775,Tampa,Median Age,zip,9509,106,Feat-LightGCN,5,0.9982826113700867,0.17438822984695435,0.6413867473602295,0.0018774617929011583,0.5073036551475525,0.7400336861610413
4776,Tampa,Median Age,zip,9509,106,Feat-LightGCN,6,0.9959651827812195,0.12661713361740112,0.6498262286186218,0.00441087456420064,0.5366569757461548,0.7226179838180542
4777,Tampa,Median Age,zip,9509,106,Feat-LightGCN,7,0.9941326975822449,0.17483705282211304,0.6284905672073364,0.00641409307718277,0.5070278644561768,0.7666462063789368
4778,Tampa,Median Age,zip,9509,106,Feat-LightGCN,8,0.9963540434837341,0.24506235122680664,0.621635913848877,0.003985738847404718,0.4638773500919342,0.7807915210723877
4779,Tampa,Median Age,zip,9509,106,Feat-LightGCN,9,0.9966351389884949,-0.15192902088165283,0.5821059942245483,0.003678478766232729,0.7078118324279785,0.8623653650283813
4780,Tampa,Median Age,zip,9509,106,Feat\&PC-LightGCN,0,0.9999926686286926,-0.07185089588165283,0.3602672219276428,8.019869710551575e-06,0.6586071848869324,1.320151448249817
4781,Tampa,Median Age,zip,9509,106,Feat\&PC-LightGCN,1,0.9999843835830688,0.014397025108337402,0.2988581657409668,1.7063475752365775e-05,0.6056115031242371,1.4468750953674316
4782,Tampa,Median Age,zip,9509,106,Feat\&PC-LightGCN,2,0.9999454617500305,0.015181481838226318,0.19235950708389282,5.9637492086039856e-05,0.6051294803619385,1.6666455268859863
4783,Tampa,Median Age,zip,9509,106,Feat\&PC-LightGCN,3,0.9999868869781494,0.05003464221954346,0.24596327543258667,1.4311121049104258e-05,0.5837136507034302,1.5560288429260254
4784,Tampa,Median Age,zip,9509,106,Feat\&PC-LightGCN,4,0.9999897480010986,-0.24272871017456055,0.30839163064956665,1.1238255865464453e-05,0.7636044025421143,1.4272018671035767
4785,Tampa,Median Age,zip,9509,106,Feat\&PC-LightGCN,5,0.9999869465827942,-0.07638692855834961,0.3051520586013794,1.4283810742199421e-05,0.6613944172859192,1.433887004852295
4786,Tampa,Median Age,zip,9509,106,Feat\&PC-LightGCN,6,0.9999879002571106,-0.27661144733428955,0.2663424611091614,1.324337881669635e-05,0.7844239473342896,1.5139744281768799
4787,Tampa,Median Age,zip,9509,106,Feat\&PC-LightGCN,7,0.999989926815033,0.0801396369934082,0.2837257981300354,1.0998383004334755e-05,0.5652154088020325,1.478102207183838
4788,Tampa,Median Age,zip,9509,106,Feat\&PC-LightGCN,8,0.9999819993972778,-0.07686030864715576,0.3140517473220825,1.970579251064919e-05,0.6616852879524231,1.4155216217041016
4789,Tampa,Median Age,zip,9509,106,Feat\&PC-LightGCN,9,0.9999929666519165,-0.12957441806793213,0.3366394639015198,7.695182830502745e-06,0.694075882434845,1.3689097166061401
4790,Tampa,Median Age,zip,9509,106,NoPreTrain,0,0.9976133108139038,-1.1861598491668701,-0.5625807046890259,0.002609135117381811,1.3433030843734741,3.224539041519165
4791,Tampa,Median Age,zip,9509,106,NoPreTrain,1,0.9978559017181396,-0.8882620334625244,-0.29806196689605713,0.002343923319131136,1.1602574586868286,2.678678512573242
4792,Tampa,Median Age,zip,9509,106,NoPreTrain,2,0.9993618130683899,-1.5047991275787354,-0.5314129590988159,0.0006976408185437322,1.5390936136245728,3.1602210998535156
4793,Tampa,Median Age,zip,9509,106,NoPreTrain,3,0.9982333779335022,-6.696527481079102,-0.448905348777771,0.0019312554504722357,4.729191780090332,2.9899587631225586
4794,Tampa,Median Age,zip,9509,106,NoPreTrain,4,0.9984393119812012,-0.9520189762115479,-0.537842869758606,0.0017061135731637478,1.1994333267211914,3.173490047454834
4795,Tampa,Median Age,zip,9509,106,NoPreTrain,5,0.9996007084846497,-0.25516343116760254,-0.43626439571380615,0.000436473055742681,0.7712450623512268,2.9638726711273193
4796,Tampa,Median Age,zip,9509,106,NoPreTrain,6,0.9791710376739502,-2.757019519805908,-1.1910102367401123,0.02277013659477234,2.30853009223938,4.521365165710449
4797,Tampa,Median Age,zip,9509,106,NoPreTrain,7,0.9974806308746338,-1.2788012027740479,-0.5244712829589844,0.0027541921008378267,1.4002273082733154,3.1458961963653564
4798,Tampa,Median Age,zip,9509,106,NoPreTrain,8,0.9996397495269775,-0.3557915687561035,-0.4291510581970215,0.00039379438385367393,0.8330767750740051,2.9491937160491943
4799,Tampa,Median Age,zip,9509,106,NoPreTrain,9,0.9983920454978943,-2.660209894180298,-1.0017118453979492,0.0017578036058694124,2.24904465675354,4.1307291984558105
