,urban_area,target_variable,target_entity,num_datapoints,model_embeddings,trial,train_f1,val_f1,test_f1,train_score,val_score,test_score
0,Philadelphia,Median Income,bg,29555,Emb,0,0.9424673784104389,0.2831858407079646,0.2743362831858407,0.9945890364360496,0.6129082152087085,0.6046675542329079
1,Philadelphia,Median Income,bg,29555,Emb,1,0.9406880189798339,0.30442477876106194,0.3415929203539823,0.9947573036208949,0.6151460568564493,0.6420119038295873
2,Philadelphia,Median Income,bg,29555,Emb,2,0.9578884934756821,0.2884955752212389,0.3168141592920354,0.9972077388353346,0.5947685801550631,0.6106625420941343
3,Philadelphia,Median Income,bg,29555,Emb,3,0.970344009489917,0.30619469026548674,0.2513274336283186,0.9989485650302188,0.6263724645626125,0.6082661132430103
4,Philadelphia,Median Income,bg,29555,Emb,4,0.9608540925266904,0.30796460176991153,0.2831858407079646,0.9982578676678469,0.6332093351084658,0.614284595504738
5,Philadelphia,Median Income,bg,29555,Emb,5,0.8997627520759194,0.2902654867256637,0.27079646017699116,0.9973283892794595,0.5974919727464953,0.6007831466833738
6,Philadelphia,Median Income,bg,29555,Emb,6,0.9756820877817319,0.3433628318584071,0.2991150442477876,0.998362554212018,0.6556523611872505,0.6230323439580234
7,Philadelphia,Median Income,bg,29555,Emb,7,0.9727164887307236,0.3008849557522124,0.3008849557522124,0.9982717086879942,0.6103434098206594,0.6194279113477955
8,Philadelphia,Median Income,bg,29555,Emb,8,0.9501779359430605,0.3238938053097345,0.3168141592920354,0.9957642342572747,0.6301080742423055,0.6132332210823087
9,Philadelphia,Median Income,bg,29555,Emb,9,0.9442467378410438,0.3185840707964602,0.30265486725663715,0.9963706379326707,0.6309245046597227,0.6214934607251938
10,Philadelphia,Median Income,bg,29555,RGNN,0,0.5960854092526691,0.36460176991150445,0.4088495575221239,0.8649042715270262,0.6895763176442948,0.7029133056621505
11,Philadelphia,Median Income,bg,29555,RGNN,1,0.6162514827995255,0.34690265486725663,0.368141592920354,0.8738328160175044,0.6761453520244343,0.6820776881509907
12,Philadelphia,Median Income,bg,29555,RGNN,2,0.5438908659549229,0.368141592920354,0.3911504424778761,0.830091656930076,0.6939227817370193,0.7112264077061634
13,Philadelphia,Median Income,bg,29555,RGNN,3,0.6103202846975089,0.3663716814159292,0.336283185840708,0.8687151378654244,0.6873952541310987,0.6662424622131725
14,Philadelphia,Median Income,bg,29555,RGNN,4,0.5806642941874258,0.34690265486725663,0.368141592920354,0.8633196120370122,0.6757459472159135,0.6911504424778763
15,Philadelphia,Median Income,bg,29555,RGNN,5,0.5456702253855279,0.336283185840708,0.384070796460177,0.8589702637643668,0.6814511708042916,0.6970318740700133
16,Philadelphia,Median Income,bg,29555,RGNN,6,0.5421115065243179,0.36106194690265486,0.36460176991150445,0.8417262786761721,0.687594956535359,0.6928381235805466
17,Philadelphia,Median Income,bg,29555,RGNN,7,0.5427046263345195,0.34690265486725663,0.3415929203539823,0.8495733678649909,0.6873678439971808,0.6715052079254444
18,Philadelphia,Median Income,bg,29555,RGNN,8,0.6530249110320284,0.3752212389380531,0.31504424778761064,0.8998871375701736,0.6891612499021067,0.6586733495183648
19,Philadelphia,Median Income,bg,29555,RGNN,9,0.5379596678529063,0.3327433628318584,0.31327433628318585,0.8697482706436688,0.6840668807267601,0.6568662385464797
20,Philadelphia,Median Income,bg,29555,Feat-RGNN,0,0.6559905100830368,0.3398230088495575,0.3734513274336283,0.8966509023208855,0.6815412326728796,0.686224449839455
21,Philadelphia,Median Income,bg,29555,Feat-RGNN,1,0.5824436536180309,0.368141592920354,0.3752212389380531,0.8635535020442708,0.6697901166888558,0.6891338397681885
22,Philadelphia,Median Income,bg,29555,Feat-RGNN,2,0.5320284697508897,0.3663716814159292,0.3663716814159292,0.824502715730762,0.6992677578510456,0.6930143315843058
23,Philadelphia,Median Income,bg,29555,Feat-RGNN,3,0.66429418742586,0.35929203539823007,0.3504424778761062,0.9023944512555493,0.691514605685645,0.6667280131568643
24,Philadelphia,Median Income,bg,29555,Feat-RGNN,4,0.5806642941874258,0.3327433628318584,0.35221238938053095,0.8654364069487439,0.6722452815412326,0.6793914950270186
25,Philadelphia,Median Income,bg,29555,Feat-RGNN,5,0.5860023724792408,0.3663716814159292,0.3787610619469027,0.8608255188426929,0.6909585715404496,0.6942791134779546
26,Philadelphia,Median Income,bg,29555,Feat-RGNN,6,0.5581257413997628,0.3823008849557522,0.336283185840708,0.8347116980842681,0.6924113086381078,0.6680985198527684
27,Philadelphia,Median Income,bg,29555,Feat-RGNN,7,0.6221826809015422,0.3823008849557522,0.35575221238938054,0.8796542548570182,0.6924230558383585,0.6727230010180907
28,Philadelphia,Median Income,bg,29555,Feat-RGNN,8,0.5800711743772242,0.38761061946902653,0.35575221238938054,0.858144304075941,0.6829195708356176,0.6857584775628475
29,Philadelphia,Median Income,bg,29555,Feat-RGNN,9,0.5160142348754448,0.38761061946902653,0.368141592920354,0.8105383811267421,0.7082621975095936,0.6948234004228991
30,Philadelphia,Median Income,bg,29555,Feat\&PC-RGNN,0,0.6245551601423488,0.3769911504424779,0.38761061946902653,0.884612051589962,0.6826885425640222,0.7028349909938132
31,Philadelphia,Median Income,bg,29555,Feat\&PC-RGNN,1,0.6002372479240806,0.35752212389380533,0.36283185840707965,0.8710483002403357,0.6838084423212467,0.6776489936565118
32,Philadelphia,Median Income,bg,29555,Feat\&PC-RGNN,2,0.6103202846975089,0.368141592920354,0.3398230088495575,0.8815107727950207,0.695132743362832,0.6759143237528389
33,Philadelphia,Median Income,bg,29555,Feat\&PC-RGNN,3,0.5640569395017794,0.40707964601769914,0.39646017699115044,0.8598455566544232,0.7082073772417573,0.7083679223118491
34,Philadelphia,Median Income,bg,29555,Feat\&PC-RGNN,4,0.6785290628706999,0.36106194690265486,0.3823008849557522,0.9050581564940396,0.6815960529407157,0.6939462761375206
35,Philadelphia,Median Income,bg,29555,Feat\&PC-RGNN,5,0.5812574139976275,0.3415929203539823,0.3823008849557522,0.8611803498721985,0.6864241522437152,0.6972981439423604
36,Philadelphia,Median Income,bg,29555,Feat\&PC-RGNN,6,0.6103202846975089,0.3787610619469027,0.3663716814159292,0.8671416833671535,0.6966324692614926,0.6897133683138852
37,Philadelphia,Median Income,bg,29555,Feat\&PC-RGNN,7,0.5919335705812574,0.38761061946902653,0.3309734513274336,0.8727343236617525,0.705767875323048,0.6697744537551884
38,Philadelphia,Median Income,bg,29555,Feat\&PC-RGNN,8,0.5836298932384342,0.3663716814159292,0.34513274336283184,0.8858362959394412,0.69987469653066,0.6851672018169003
39,Philadelphia,Median Income,bg,29555,Feat\&PC-RGNN,9,0.6245551601423488,0.4088495575221239,0.3734513274336283,0.884386162731011,0.7165987939541075,0.6917299710235726
40,Philadelphia,Median Income,bg,29555,LightGCN,0,0.730723606168446,0.34690265486725663,0.3486725663716814,0.9313846472473364,0.6734278330331271,0.6819132273474822
41,Philadelphia,Median Income,bg,29555,LightGCN,1,0.6269276393831554,0.3734513274336283,0.34690265486725663,0.8880644086288779,0.696593311927324,0.693429399326494
42,Philadelphia,Median Income,bg,29555,LightGCN,2,0.6637010676156584,0.3238938053097345,0.3663716814159292,0.9097618063778208,0.6681298457201034,0.6940754953402772
43,Philadelphia,Median Income,bg,29555,LightGCN,3,0.6850533807829181,0.3787610619469027,0.36283185840707965,0.9189753738393293,0.7034419296734279,0.7014684000313258
44,Philadelphia,Median Income,bg,29555,LightGCN,4,0.7206405693950177,0.35221238938053095,0.36460176991150445,0.9215734351047031,0.6869801863889107,0.6920236510298379
45,Philadelphia,Median Income,bg,29555,LightGCN,5,0.7164887307236062,0.34513274336283184,0.3752212389380531,0.9300969188996268,0.6764155376301981,0.707561281227974
46,Philadelphia,Median Income,bg,29555,LightGCN,6,0.7093712930011863,0.4,0.35398230088495575,0.9211864188875024,0.6874853159996868,0.684607251938288
47,Philadelphia,Median Income,bg,29555,LightGCN,7,0.6986951364175563,0.3858407079646018,0.384070796460177,0.9183221177770854,0.7107800140966403,0.6900775315216541
48,Philadelphia,Median Income,bg,29555,LightGCN,8,0.7200474495848161,0.4,0.3734513274336283,0.9298837181848032,0.7164030072832641,0.6755305818779858
49,Philadelphia,Median Income,bg,29555,LightGCN,9,0.6957295373665481,0.3805309734513274,0.3504424778761062,0.9233543552232872,0.6968987391338398,0.6774884485864202
50,Philadelphia,Median Income,bg,29555,Feat-LightGCN,0,0.8214709371293001,0.36283185840707965,0.38761061946902653,0.9648759901083432,0.6901910877907432,0.7044717675620643
51,Philadelphia,Median Income,bg,29555,Feat-LightGCN,1,0.7793594306049823,0.35752212389380533,0.36991150442477877,0.9572162398561066,0.6720338319367217,0.6851045500822304
52,Philadelphia,Median Income,bg,29555,Feat-LightGCN,2,0.7888493475682088,0.36283185840707965,0.3345132743362832,0.9594597834477774,0.6801668102435586,0.668916908136894
53,Philadelphia,Median Income,bg,29555,Feat-LightGCN,3,0.8036773428232503,0.3893805309734513,0.3752212389380531,0.961145602520862,0.7097071031404182,0.6878768893413737
54,Philadelphia,Median Income,bg,29555,Feat-LightGCN,4,0.7870699881376038,0.3911504424778761,0.384070796460177,0.9599384853600105,0.69187093742658,0.704749784634662
55,Philadelphia,Median Income,bg,29555,Feat-LightGCN,5,0.7686832740213523,0.3327433628318584,0.35752212389380533,0.9582104950387805,0.6946315294854727,0.6889850418983474
56,Philadelphia,Median Income,bg,29555,Feat-LightGCN,6,0.765717674970344,0.3911504424778761,0.3752212389380531,0.9546535152331984,0.7034771712741797,0.6929242697157176
57,Philadelphia,Median Income,bg,29555,Feat-LightGCN,7,0.769276393831554,0.39823008849557523,0.36106194690265486,0.9539327871262946,0.7161445688777508,0.6837340433863262
58,Philadelphia,Median Income,bg,29555,Feat-LightGCN,8,0.7443653618030842,0.3787610619469027,0.3504424778761062,0.9394775518606455,0.7030072832641553,0.6911543582112929
59,Philadelphia,Median Income,bg,29555,Feat-LightGCN,9,0.791814946619217,0.3752212389380531,0.36991150442477877,0.9603288267931432,0.698743049573185,0.6888088338945885
60,Philadelphia,Median Income,bg,29555,Feat\&PC-LightGCN,0,0.9139976275207592,0.3734513274336283,0.35575221238938054,0.9912434204880706,0.7035868118098518,0.6907510376693554
61,Philadelphia,Median Income,bg,29555,Feat\&PC-LightGCN,1,0.8819691577698695,0.36283185840707965,0.3893805309734513,0.9869871759837554,0.6813513196021614,0.7181768345211058
62,Philadelphia,Median Income,bg,29555,Feat\&PC-LightGCN,2,0.9240806642941874,0.3858407079646018,0.3663716814159292,0.9935817062140778,0.6972629023416086,0.6891788707024825
63,Philadelphia,Median Income,bg,29555,Feat\&PC-LightGCN,3,0.895017793594306,0.38761061946902653,0.39646017699115044,0.9893347091225794,0.7092489623306445,0.7059147153261807
64,Philadelphia,Median Income,bg,29555,Feat\&PC-LightGCN,4,0.8772241992882562,0.415929203539823,0.3911504424778761,0.9866123012463544,0.7121544365259613,0.7058070326572168
65,Philadelphia,Median Income,bg,29555,Feat\&PC-LightGCN,5,0.8683274021352313,0.35752212389380533,0.38761061946902653,0.9822281197179781,0.6974939306132037,0.7037238624794424
66,Philadelphia,Median Income,bg,29555,Feat\&PC-LightGCN,6,0.9128113879003559,0.3858407079646018,0.39646017699115044,0.9902755734225706,0.7032383115357506,0.7076239329626438
67,Philadelphia,Median Income,bg,29555,Feat\&PC-LightGCN,7,0.9134045077105575,0.3734513274336283,0.3504424778761062,0.9914231272747663,0.7188816665361422,0.6858172135641005
68,Philadelphia,Median Income,bg,29555,Feat\&PC-LightGCN,8,0.8641755634638197,0.4,0.3769911504424779,0.9859033879222352,0.7044247787610619,0.6995418591902263
69,Philadelphia,Median Income,bg,29555,Feat\&PC-LightGCN,9,0.8896797153024911,0.3805309734513274,0.3769911504424779,0.9891297285471901,0.6940911582739447,0.698175268227739
70,Philadelphia,Median Income,bg,29555,NoPreTrain,0,0.9988137603795967,0.2672566371681416,0.24601769911504426,0.9999898902892852,0.5645077923094997,0.549477249588848
71,Philadelphia,Median Income,bg,29555,NoPreTrain,1,0.9810201660735468,0.19823008849557522,0.22300884955752212,0.9992817071525184,0.5232516250293681,0.525640222413658
72,Philadelphia,Median Income,bg,29555,NoPreTrain,2,0.9928825622775801,0.23716814159292035,0.2424778761061947,0.9996670612498463,0.5468634975330879,0.5686819641318819
73,Philadelphia,Median Income,bg,29555,NoPreTrain,3,0.9899169632265717,0.23008849557522124,0.24955752212389382,0.9996148281241147,0.569606077218263,0.6000978933354217
74,Philadelphia,Median Income,bg,29555,NoPreTrain,4,0.9887307236061684,0.26194690265486725,0.25309734513274335,0.9998321255674425,0.5619390711880335,0.553794345680946
75,Philadelphia,Median Income,bg,29555,NoPreTrain,5,0.9857651245551602,0.24955752212389382,0.2743362831858407,0.9995465201385867,0.5495653535907276,0.5932806014566528
76,Philadelphia,Median Income,bg,29555,NoPreTrain,6,0.9940688018979834,0.23893805309734514,0.21946902654867256,0.9997404551659954,0.525464014409899,0.5315764742736315
77,Philadelphia,Median Income,bg,29555,NoPreTrain,7,0.9922894424673784,0.23185840707964603,0.23893805309734514,0.999895409772877,0.5446941812201425,0.5522554624481165
78,Philadelphia,Median Income,bg,29555,NoPreTrain,8,0.9952550415183867,0.22831858407079647,0.20707964601769913,0.9999230670831191,0.523016681024356,0.5137363928263763
79,Philadelphia,Median Income,bg,29555,NoPreTrain,9,0.998220640569395,0.26017699115044246,0.3185840707964602,0.999997361368432,0.5813846033362049,0.6195120996162581
80,Philadelphia,Median Home Value,bg,29566,Emb,0,0.9540906415538553,0.4409171075837742,0.38596491228070173,0.995475653472017,0.7514848385416437,0.7081294244382887
81,Philadelphia,Median Home Value,bg,29566,Emb,1,0.9558563861094762,0.41622574955908287,0.3894736842105263,0.9952338234697073,0.7094872065023472,0.7156894429055094
82,Philadelphia,Median Home Value,bg,29566,Emb,2,0.9570335491465568,0.3880070546737213,0.4105263157894737,0.997125221353771,0.713153342203142,0.7246114188981225
83,Philadelphia,Median Home Value,bg,29566,Emb,3,0.8793407886992348,0.3968253968253968,0.3894736842105263,0.9919928406198102,0.7125115095360937,0.7241574330563251
84,Philadelphia,Median Home Value,bg,29566,Emb,4,0.9746909947027663,0.41975308641975306,0.45789473684210524,0.9983652121658124,0.7469025890394885,0.7481417359187443
85,Philadelphia,Median Home Value,bg,29566,Emb,5,0.9464390818128311,0.4074074074074074,0.4087719298245614,0.9954774363341553,0.7172658871019262,0.72072945521699
86,Philadelphia,Median Home Value,bg,29566,Emb,6,0.9941141848145968,0.42680776014109345,0.3543859649122807,0.9997523690560051,0.743656831957339,0.6906432748538011
87,Philadelphia,Median Home Value,bg,29566,Emb,7,0.9829311359623308,0.4038800705467372,0.4052631578947368,0.999078282126689,0.7114654729332364,0.7189404432132964
88,Philadelphia,Median Home Value,bg,29566,Emb,8,0.9599764567392584,0.3897707231040564,0.4192982456140351,0.9982636528681226,0.7022026235442607,0.7263446445060018
89,Philadelphia,Median Home Value,bg,29566,Emb,9,0.9776339022954679,0.41975308641975306,0.39824561403508774,0.9990781758673772,0.736335591387331,0.7159356725146199
90,Philadelphia,Median Home Value,bg,29566,RGNN,0,0.7057092407298411,0.4620811287477954,0.4631578947368421,0.9273074522827688,0.7838162537670487,0.774726839027393
91,Philadelphia,Median Home Value,bg,29566,RGNN,1,0.6321365509123014,0.43562610229276894,0.4473684210526316,0.8933163996372345,0.7814494005099124,0.7839912280701755
92,Philadelphia,Median Home Value,bg,29566,RGNN,2,0.607416127133608,0.4567901234567901,0.4543859649122807,0.9102278099556985,0.7733758981721486,0.7813827331486611
93,Philadelphia,Median Home Value,bg,29566,RGNN,3,0.6356680400235433,0.4514991181657848,0.4789473684210526,0.8823446950736678,0.762275392729786,0.8046475838719607
94,Philadelphia,Median Home Value,bg,29566,RGNN,4,0.6615656268393173,0.4638447971781305,0.443859649122807,0.9100338259997172,0.7784415994860698,0.7746460449369037
95,Philadelphia,Median Home Value,bg,29566,RGNN,5,0.6804002354326074,0.4603174603174603,0.49473684210526314,0.9145584359543587,0.7820364717209471,0.7801862111418898
96,Philadelphia,Median Home Value,bg,29566,RGNN,6,0.7139493819894055,0.48500881834215165,0.4543859649122807,0.9246775356798242,0.7923994337900013,0.763223299476762
97,Philadelphia,Median Home Value,bg,29566,RGNN,7,0.6492054149499705,0.42151675485008816,0.45614035087719296,0.896625981599237,0.7587597082803803,0.7700831024930747
98,Philadelphia,Median Home Value,bg,29566,RGNN,8,0.6274278987639789,0.42504409171075835,0.4368421052631579,0.8856863412774573,0.7756065007825933,0.7723991997537704
99,Philadelphia,Median Home Value,bg,29566,RGNN,9,0.6527369040612124,0.4620811287477954,0.4824561403508772,0.8958325865494474,0.7861102843007547,0.7873307171437366
100,Philadelphia,Median Home Value,bg,29566,Feat-RGNN,0,0.6397881106533255,0.4620811287477954,0.45964912280701753,0.8915124724951257,0.7883125027626715,0.7769467528470299
101,Philadelphia,Median Home Value,bg,29566,Feat-RGNN,1,0.6733372572101236,0.4691358024691358,0.4614035087719298,0.9152106053564879,0.7916459283907631,0.7867843951985226
102,Philadelphia,Median Home Value,bg,29566,Feat-RGNN,2,0.7121836374337845,0.4514991181657848,0.45087719298245615,0.9271053444049857,0.7924795108542675,0.7862380732533086
103,Philadelphia,Median Home Value,bg,29566,Feat-RGNN,3,0.6486168334314303,0.43562610229276894,0.4263157894736842,0.9049343414570007,0.766596803173181,0.7650392428439521
104,Philadelphia,Median Home Value,bg,29566,Feat-RGNN,4,0.6044732195409064,0.4444444444444444,0.45087719298245615,0.9027341485210394,0.773372464559526,0.7875384733764236
105,Philadelphia,Median Home Value,bg,29566,Feat-RGNN,5,0.6709829311359623,0.4479717813051146,0.49122807017543857,0.9058127322250998,0.7900120958674972,0.7817328408741151
106,Philadelphia,Median Home Value,bg,29566,Feat-RGNN,6,0.7227781047675103,0.4673721340388007,0.45789473684210524,0.9316728129320369,0.7786796725547447,0.7790897199138197
107,Philadelphia,Median Home Value,bg,29566,Feat-RGNN,7,0.6568569746909947,0.43738977072310403,0.45789473684210524,0.9129333571235809,0.7730588264973453,0.7661395814096645
108,Philadelphia,Median Home Value,bg,29566,Feat-RGNN,8,0.646262507357269,0.47442680776014107,0.46842105263157896,0.9015023499669029,0.7937236176252105,0.7923668821175747
109,Philadelphia,Median Home Value,bg,29566,Feat-RGNN,9,0.6556798116539141,0.4462081128747795,0.4543859649122807,0.9043313017313592,0.7888048891841535,0.7748807325330869
110,Philadelphia,Median Home Value,bg,29566,Feat\&PC-RGNN,0,0.6450853443201884,0.47442680776014107,0.4666666666666667,0.9021916289401263,0.7933623420001644,0.7822714681440444
111,Philadelphia,Median Home Value,bg,29566,Feat\&PC-RGNN,1,0.7127722189523249,0.4462081128747795,0.45964912280701753,0.9212107019421648,0.7941338907000659,0.7888350261618958
112,Philadelphia,Median Home Value,bg,29566,Feat\&PC-RGNN,2,0.6827545615067687,0.47795414462081126,0.49298245614035086,0.917620451532736,0.7885953178782991,0.793640350877193
113,Philadelphia,Median Home Value,bg,29566,Feat\&PC-RGNN,3,0.7327839905826957,0.42151675485008816,0.45263157894736844,0.9408130230820306,0.7745922561231151,0.7853262542320715
114,Philadelphia,Median Home Value,bg,29566,Feat\&PC-RGNN,4,0.707474985285462,0.48677248677248675,0.4982456140350877,0.9236847230071138,0.7977808663683458,0.8088065558633426
115,Philadelphia,Median Home Value,bg,29566,Feat\&PC-RGNN,5,0.6951147733961154,0.49206349206349204,0.49298245614035086,0.9208029912642471,0.7978781945353408,0.7903931979070482
116,Philadelphia,Median Home Value,bg,29566,Feat\&PC-RGNN,6,0.7492642731018246,0.5061728395061729,0.45614035087719296,0.937704056386518,0.8060217045535593,0.7746537396121884
117,Philadelphia,Median Home Value,bg,29566,Feat\&PC-RGNN,7,0.6127133608004709,0.47266313932980597,0.45789473684210524,0.8824255290604622,0.791122296728536,0.786361188057864
118,Philadelphia,Median Home Value,bg,29566,Feat\&PC-RGNN,8,0.681577398469688,0.4973544973544973,0.47017543859649125,0.9115222100569259,0.8038902747974292,0.7947099107417667
119,Philadelphia,Median Home Value,bg,29566,Feat\&PC-RGNN,9,0.6662742789876398,0.5167548500881834,0.4964912280701754,0.9136386503679557,0.8093312999256534,0.8048745767928593
120,Philadelphia,Median Home Value,bg,29566,LightGCN,0,0.773984696880518,0.5061728395061729,0.47192982456140353,0.9547371740056196,0.8084581739971071,0.7973645737149893
121,Philadelphia,Median Home Value,bg,29566,LightGCN,1,0.7934078869923484,0.4691358024691358,0.5157894736842106,0.9589597186120876,0.7876740753237951,0.8164281317328408
122,Philadelphia,Median Home Value,bg,29566,LightGCN,2,0.8104767510300177,0.47971781305114636,0.4789473684210526,0.9642365754880743,0.7930074059213507,0.794702216066482
123,Philadelphia,Median Home Value,bg,29566,LightGCN,3,0.7757504414361389,0.4673721340388007,0.5052631578947369,0.9566418257548005,0.7932432257477959,0.8025046168051707
124,Philadelphia,Median Home Value,bg,29566,LightGCN,4,0.7298410829899941,0.47971781305114636,0.5157894736842106,0.9448565232078192,0.8023973982474484,0.8093721144967683
125,Philadelphia,Median Home Value,bg,29566,LightGCN,5,0.7781047675103002,0.47971781305114636,0.5,0.955400100754084,0.8006975196373253,0.8132194521391197
126,Philadelphia,Median Home Value,bg,29566,LightGCN,6,0.8298999411418482,0.5114638447971781,0.47543859649122805,0.9635591557421639,0.807251848590559,0.7748191751308096
127,Philadelphia,Median Home Value,bg,29566,LightGCN,7,0.7580929958799294,0.4409171075837742,0.49473684210526314,0.9515036300867914,0.7907911111876887,0.7979763004001231
128,Philadelphia,Median Home Value,bg,29566,LightGCN,8,0.7816362566215421,0.49029982363315694,0.48596491228070177,0.9516394900973981,0.7849542658032667,0.7978724222837796
129,Philadelphia,Median Home Value,bg,29566,LightGCN,9,0.7145379635079459,0.49029982363315694,0.5035087719298246,0.9455654475410272,0.820972471022122,0.8065366266543551
130,Philadelphia,Median Home Value,bg,29566,Feat-LightGCN,0,0.8063566804002354,0.49206349206349204,0.47017543859649125,0.9668444865168769,0.7952290654671362,0.7969105878731918
131,Philadelphia,Median Home Value,bg,29566,Feat-LightGCN,1,0.8681577398469688,0.4638447971781305,0.49122807017543857,0.9834510173686501,0.8018404968386432,0.8041128039396737
132,Philadelphia,Median Home Value,bg,29566,Feat-LightGCN,2,0.8469688051795173,0.4656084656084656,0.47719298245614034,0.9793531733982082,0.7910705985284586,0.7967797783933518
133,Philadelphia,Median Home Value,bg,29566,Feat-LightGCN,3,0.8634490876986463,0.4708994708994709,0.47192982456140353,0.9804576431552559,0.7908616572668162,0.798368728839643
134,Philadelphia,Median Home Value,bg,29566,Feat-LightGCN,4,0.772218952324897,0.5079365079365079,0.5105263157894737,0.9576564649266386,0.7921992021762069,0.8175938750384735
135,Philadelphia,Median Home Value,bg,29566,Feat-LightGCN,5,0.8775750441436139,0.5079365079365079,0.5052631578947369,0.9823203349440526,0.7982787459359034,0.8198176361957525
136,Philadelphia,Median Home Value,bg,29566,Feat-LightGCN,6,0.8899352560329605,0.4973544973544973,0.45087719298245615,0.9821346367356346,0.7984451316591674,0.7740381655894121
137,Philadelphia,Median Home Value,bg,29566,Feat-LightGCN,7,0.8175397292525015,0.47619047619047616,0.48947368421052634,0.9698438375895743,0.7984311204602847,0.8029586026469684
138,Philadelphia,Median Home Value,bg,29566,Feat-LightGCN,8,0.8881695114773396,0.47619047619047616,0.4543859649122807,0.9868879767267918,0.7936707127840248,0.7747768544167437
139,Philadelphia,Median Home Value,bg,29566,Feat-LightGCN,9,0.835197174808711,0.48677248677248675,0.4824561403508772,0.9736370538314073,0.807133462331904,0.8086526623576485
140,Philadelphia,Median Home Value,bg,29566,Feat\&PC-LightGCN,0,0.8763978811065333,0.5061728395061729,0.5175438596491229,0.987064971066531,0.8136575985337776,0.8180209295167742
141,Philadelphia,Median Home Value,bg,29566,Feat\&PC-LightGCN,1,0.8528546203649205,0.49559082892416223,0.5,0.9912794903321084,0.8123370734240405,0.8216143428747307
142,Philadelphia,Median Home Value,bg,29566,Feat\&PC-LightGCN,2,0.9617422012948793,0.5114638447971781,0.5,0.9981794031851688,0.8198153259035192,0.8060576331178824
143,Philadelphia,Median Home Value,bg,29566,Feat\&PC-LightGCN,3,0.9493819894055326,0.544973544973545,0.5140350877192983,0.9966958082392923,0.8281572305482496,0.8083025546321945
144,Philadelphia,Median Home Value,bg,29566,Feat\&PC-LightGCN,4,0.9440847557386698,0.5167548500881834,0.5491228070175439,0.996717953319966,0.8161433424774897,0.835049245921822
145,Philadelphia,Median Home Value,bg,29566,Feat\&PC-LightGCN,5,0.9476162448499117,0.527336860670194,0.5561403508771929,0.9963194549008245,0.8209264195159184,0.8299361341951368
146,Philadelphia,Median Home Value,bg,29566,Feat\&PC-LightGCN,6,0.9570335491465568,0.5432098765432098,0.49473684210526314,0.9983282056009987,0.827462601897403,0.8055440135426284
147,Philadelphia,Median Home Value,bg,29566,Feat\&PC-LightGCN,7,0.9364331959976456,0.5097001763668431,0.5333333333333333,0.995876189910974,0.8081912645159608,0.8244517543859649
148,Philadelphia,Median Home Value,bg,29566,Feat\&PC-LightGCN,8,0.9317245438493231,0.5167548500881834,0.5140350877192983,0.9949479757081579,0.8196452985156497,0.8138927362265311
149,Philadelphia,Median Home Value,bg,29566,Feat\&PC-LightGCN,9,0.9446733372572101,0.5608465608465608,0.5350877192982456,0.9964252868420399,0.8256828200022825,0.8175323176361957
150,Philadelphia,Median Home Value,bg,29566,NoPreTrain,0,0.9799882283696292,0.27336860670194,0.2789473684210526,0.999516114242876,0.6104014602918048,0.6050477069867652
151,Philadelphia,Median Home Value,bg,29566,NoPreTrain,1,0.987051206592113,0.2857142857142857,0.312280701754386,0.9995467702080282,0.6182044647046612,0.6440827947060633
152,Philadelphia,Median Home Value,bg,29566,NoPreTrain,2,0.9788110653325486,0.3492063492063492,0.312280701754386,0.9986593250442846,0.6376015239889273,0.6293859649122806
153,Philadelphia,Median Home Value,bg,29566,NoPreTrain,3,0.9994114184814596,0.2239858906525573,0.24035087719298245,0.9999991323963213,0.5808897356181844,0.5560691751308094
154,Philadelphia,Median Home Value,bg,29566,NoPreTrain,4,0.9952913478516775,0.2857142857142857,0.30701754385964913,0.9998076744508092,0.5903706216734113,0.6139850723299476
155,Philadelphia,Median Home Value,bg,29566,NoPreTrain,5,0.9970570924072985,0.35802469135802467,0.3631578947368421,0.9999974029346838,0.6611049688217119,0.6765331640504773
156,Philadelphia,Median Home Value,bg,29566,NoPreTrain,6,0.9923484402589758,0.2345679012345679,0.21403508771929824,0.9999458312696623,0.5418071367449635,0.5368517236072637
157,Philadelphia,Median Home Value,bg,29566,NoPreTrain,7,0.9964685108887581,0.31393298059964725,0.28596491228070176,0.9999506822864082,0.6209526616953023,0.6069559864573715
158,Philadelphia,Median Home Value,bg,29566,NoPreTrain,8,0.9941141848145968,0.25573192239858905,0.312280701754386,0.9992130524815345,0.5903920849983966,0.6224357494613728
159,Philadelphia,Median Home Value,bg,29566,NoPreTrain,9,1.0,0.3386243386243386,0.30350877192982456,1.0,0.6626260891077795,0.647362650046168
160,Philadelphia,Commute Time,bg,9693,Emb,0,1.0,0.2129032258064516,0.19375,1.0,0.5208636836628512,0.4957275390625
161,Philadelphia,Commute Time,bg,9693,Emb,1,1.0,0.3032258064516129,0.175,1.0,0.5898022892819978,0.4783447265625
162,Philadelphia,Commute Time,bg,9693,Emb,2,1.0,0.21935483870967742,0.19375,1.0,0.49807492195629555,0.497998046875
163,Philadelphia,Commute Time,bg,9693,Emb,3,1.0,0.1870967741935484,0.24375,1.0,0.4831945889698231,0.51494140625
164,Philadelphia,Commute Time,bg,9693,Emb,4,1.0,0.21935483870967742,0.2125,1.0,0.510483870967742,0.49111328125
165,Philadelphia,Commute Time,bg,9693,Emb,5,1.0,0.2,0.1875,1.0,0.5218522372528616,0.476513671875
166,Philadelphia,Commute Time,bg,9693,Emb,6,1.0,0.2,0.19375,1.0,0.5004162330905307,0.5173828125
167,Philadelphia,Commute Time,bg,9693,Emb,7,1.0,0.25161290322580643,0.16875,1.0,0.5208636836628512,0.465283203125
168,Philadelphia,Commute Time,bg,9693,Emb,8,1.0,0.15483870967741936,0.25,1.0,0.4843392299687824,0.56005859375
169,Philadelphia,Commute Time,bg,9693,Emb,9,1.0,0.2129032258064516,0.16875,1.0,0.49344432882414146,0.49365234375
170,Philadelphia,Commute Time,bg,9693,RGNN,0,0.6937901498929336,0.2129032258064516,0.1875,0.9204924215487559,0.531789802289282,0.543310546875
171,Philadelphia,Commute Time,bg,9693,RGNN,1,0.8351177730192719,0.27741935483870966,0.225,0.9725747197467177,0.5604058272632675,0.502392578125
172,Philadelphia,Commute Time,bg,9693,RGNN,2,0.8179871520342612,0.2064516129032258,0.23125,0.9755297916104952,0.5053590010405827,0.518603515625
173,Philadelphia,Commute Time,bg,9693,RGNN,3,0.734475374732334,0.23225806451612904,0.19375,0.9450932898313343,0.5278355879292403,0.503857421875
174,Philadelphia,Commute Time,bg,9693,RGNN,4,0.7880085653104925,0.21935483870967742,0.23125,0.9624369810733852,0.5019250780437046,0.543603515625
175,Philadelphia,Commute Time,bg,9693,RGNN,5,0.7002141327623126,0.27741935483870966,0.1625,0.9477555408300586,0.5739854318418314,0.460986328125
176,Philadelphia,Commute Time,bg,9693,RGNN,6,0.6980728051391863,0.16774193548387098,0.1625,0.9298940705907622,0.5059313215400623,0.485107421875
177,Philadelphia,Commute Time,bg,9693,RGNN,7,0.7773019271948608,0.16774193548387098,0.20625,0.9555353453070232,0.4881893860561915,0.512109375
178,Philadelphia,Commute Time,bg,9693,RGNN,8,0.6937901498929336,0.24516129032258063,0.19375,0.9390982206828401,0.5401664932362122,0.53583984375
179,Philadelphia,Commute Time,bg,9693,RGNN,9,0.683083511777302,0.16774193548387098,0.225,0.9393393073700563,0.47185223725286163,0.543505859375
180,Philadelphia,Commute Time,bg,9693,Feat-RGNN,0,0.7002141327623126,0.16774193548387098,0.1625,0.9482253090618407,0.48917793964620193,0.50791015625
181,Philadelphia,Commute Time,bg,9693,Feat-RGNN,1,0.8115631691648822,0.23225806451612904,0.175,0.9780840200269074,0.5383454734651405,0.487451171875
182,Philadelphia,Commute Time,bg,9693,Feat-RGNN,2,0.721627408993576,0.23870967741935484,0.2375,0.9383728053584444,0.5162330905306971,0.5361328125
183,Philadelphia,Commute Time,bg,9693,Feat-RGNN,3,0.7665952890792291,0.25161290322580643,0.1875,0.9495242860178836,0.5219042663891779,0.475341796875
184,Philadelphia,Commute Time,bg,9693,Feat-RGNN,4,0.7944325481798715,0.22580645161290322,0.25625,0.9636152413398511,0.5167013527575441,0.533447265625
185,Philadelphia,Commute Time,bg,9693,Feat-RGNN,5,0.7237687366167024,0.25161290322580643,0.2,0.955699848171563,0.5470343392299688,0.4880859375
186,Philadelphia,Commute Time,bg,9693,Feat-RGNN,6,0.7366167023554604,0.23225806451612904,0.24375,0.9360768568597975,0.5396462018730489,0.531640625
187,Philadelphia,Commute Time,bg,9693,Feat-RGNN,7,0.7366167023554604,0.2064516129032258,0.19375,0.946512631865074,0.5106139438085328,0.53759765625
188,Philadelphia,Commute Time,bg,9693,Feat-RGNN,8,0.860813704496788,0.1870967741935484,0.24375,0.9826288085761654,0.5133194588969823,0.534375
189,Philadelphia,Commute Time,bg,9693,Feat-RGNN,9,0.7558886509635975,0.24516129032258063,0.2375,0.9572051648859476,0.5427159209157129,0.5189453125
190,Philadelphia,Commute Time,bg,9693,Feat\&PC-RGNN,0,0.6916488222698073,0.1870967741935484,0.21875,0.9380330797309687,0.5342872008324662,0.490576171875
191,Philadelphia,Commute Time,bg,9693,Feat\&PC-RGNN,1,0.7537473233404711,0.23225806451612904,0.175,0.9464004663633038,0.5422476586888657,0.463232421875
192,Philadelphia,Commute Time,bg,9693,Feat\&PC-RGNN,2,0.8436830835117773,0.16774193548387098,0.15,0.9770947475380944,0.47715920915712806,0.48447265625
193,Philadelphia,Commute Time,bg,9693,Feat\&PC-RGNN,3,0.7794432548179872,0.2129032258064516,0.1625,0.9618199497830668,0.5331425598335067,0.481640625
194,Philadelphia,Commute Time,bg,9693,Feat\&PC-RGNN,4,0.8843683083511777,0.2,0.1875,0.9872453433327817,0.5099375650364204,0.463623046875
195,Philadelphia,Commute Time,bg,9693,Feat\&PC-RGNN,5,0.8265524625267666,0.16129032258064516,0.1875,0.9742855913246407,0.48985431841831417,0.495947265625
196,Philadelphia,Commute Time,bg,9693,Feat\&PC-RGNN,6,0.6466809421841542,0.17419354838709677,0.23125,0.8922893626966122,0.5010926118626431,0.56357421875
197,Philadelphia,Commute Time,bg,9693,Feat\&PC-RGNN,7,0.6488222698072805,0.16129032258064516,0.18125,0.9080457037454547,0.4828303850156087,0.482958984375
198,Philadelphia,Commute Time,bg,9693,Feat\&PC-RGNN,8,0.9036402569593148,0.27741935483870966,0.19375,0.9936634146930097,0.5903225806451614,0.499560546875
199,Philadelphia,Commute Time,bg,9693,Feat\&PC-RGNN,9,0.8265524625267666,0.17419354838709677,0.2375,0.9726246692974648,0.5244016649323621,0.548779296875
200,Philadelphia,Commute Time,bg,9693,LightGCN,0,0.9314775160599572,0.21935483870967742,0.21875,0.9987266920231967,0.522372528616025,0.55234375
201,Philadelphia,Commute Time,bg,9693,LightGCN,1,0.9785867237687366,0.2,0.19375,0.9986533182989078,0.523933402705515,0.53017578125
202,Philadelphia,Commute Time,bg,9693,LightGCN,2,1.0,0.23870967741935484,0.23125,1.0,0.5491155046826222,0.556640625
203,Philadelphia,Commute Time,bg,9693,LightGCN,3,1.0,0.2,0.25,1.0,0.5418834547346514,0.556787109375
204,Philadelphia,Commute Time,bg,9693,LightGCN,4,0.9935760171306209,0.21935483870967742,0.21875,0.99995409103391,0.5157127991675339,0.547900390625
205,Philadelphia,Commute Time,bg,9693,LightGCN,5,0.987152034261242,0.25806451612903225,0.2375,0.9997872462768098,0.5671175858480748,0.549853515625
206,Philadelphia,Commute Time,bg,9693,LightGCN,6,0.9935760171306209,0.2064516129032258,0.225,0.9998285990482844,0.5307492195629553,0.5357421875
207,Philadelphia,Commute Time,bg,9693,LightGCN,7,0.9721627408993576,0.2064516129032258,0.18125,0.9981761058663488,0.5099375650364204,0.521875
208,Philadelphia,Commute Time,bg,9693,LightGCN,8,0.9914346895074947,0.21935483870967742,0.2375,0.9999023401282692,0.5626430801248701,0.514892578125
209,Philadelphia,Commute Time,bg,9693,LightGCN,9,0.9935760171306209,0.25161290322580643,0.2125,0.9999084116651297,0.5127471383975026,0.556689453125
210,Philadelphia,Commute Time,bg,9693,Feat-LightGCN,0,1.0,0.1870967741935484,0.23125,1.0,0.5031217481789803,0.566845703125
211,Philadelphia,Commute Time,bg,9693,Feat-LightGCN,1,1.0,0.27741935483870966,0.21875,1.0,0.5627471383975026,0.543212890625
212,Philadelphia,Commute Time,bg,9693,Feat-LightGCN,2,1.0,0.1870967741935484,0.1875,1.0,0.5437304890738813,0.5000732421875
213,Philadelphia,Commute Time,bg,9693,Feat-LightGCN,3,1.0,0.23870967741935484,0.15625,1.0,0.5439646201873048,0.5137451171875
214,Philadelphia,Commute Time,bg,9693,Feat-LightGCN,4,0.9978586723768736,0.2064516129032258,0.21875,0.9999597492956127,0.48413111342351717,0.537939453125
215,Philadelphia,Commute Time,bg,9693,Feat-LightGCN,5,1.0,0.2838709677419355,0.19375,1.0,0.5811134235171697,0.50263671875
216,Philadelphia,Commute Time,bg,9693,Feat-LightGCN,6,1.0,0.23225806451612904,0.20625,1.0,0.5452133194588968,0.5568603515625
217,Philadelphia,Commute Time,bg,9693,Feat-LightGCN,7,1.0,0.23225806451612904,0.225,1.0,0.5164412070759626,0.535791015625
218,Philadelphia,Commute Time,bg,9693,Feat-LightGCN,8,1.0,0.2,0.2,1.0,0.5486472424557752,0.49677734375
219,Philadelphia,Commute Time,bg,9693,Feat-LightGCN,9,1.0,0.2903225806451613,0.21875,1.0,0.5568678459937566,0.561279296875
220,Philadelphia,Commute Time,bg,9693,Feat\&PC-LightGCN,0,1.0,0.1870967741935484,0.19375,1.0,0.52159209157128,0.531884765625
221,Philadelphia,Commute Time,bg,9693,Feat\&PC-LightGCN,1,1.0,0.2064516129032258,0.25625,1.0,0.5281997918834547,0.556298828125
222,Philadelphia,Commute Time,bg,9693,Feat\&PC-LightGCN,2,1.0,0.22580645161290322,0.23125,1.0,0.544120707596254,0.488671875
223,Philadelphia,Commute Time,bg,9693,Feat\&PC-LightGCN,3,1.0,0.25161290322580643,0.225,1.0,0.5249219562955255,0.54228515625
224,Philadelphia,Commute Time,bg,9693,Feat\&PC-LightGCN,4,1.0,0.22580645161290322,0.21875,1.0,0.5078563995837669,0.5886474609375
225,Philadelphia,Commute Time,bg,9693,Feat\&PC-LightGCN,5,1.0,0.2129032258064516,0.1875,1.0,0.5347814776274713,0.5288818359375
226,Philadelphia,Commute Time,bg,9693,Feat\&PC-LightGCN,6,1.0,0.2709677419354839,0.225,1.0,0.5885015608740896,0.502734375
227,Philadelphia,Commute Time,bg,9693,Feat\&PC-LightGCN,7,1.0,0.2,0.2125,1.0,0.5176118626430801,0.508251953125
228,Philadelphia,Commute Time,bg,9693,Feat\&PC-LightGCN,8,1.0,0.23870967741935484,0.25625,1.0,0.5676638917793966,0.558740234375
229,Philadelphia,Commute Time,bg,9693,Feat\&PC-LightGCN,9,1.0,0.2129032258064516,0.2625,1.0,0.5138137356919875,0.5704833984375
230,Philadelphia,Commute Time,bg,9693,NoPreTrain,0,1.0,0.16774193548387098,0.19375,1.0,0.4862122788761706,0.5302734375
231,Philadelphia,Commute Time,bg,9693,NoPreTrain,1,1.0,0.2,0.1625,1.0,0.49695629552549425,0.453759765625
232,Philadelphia,Commute Time,bg,9693,NoPreTrain,2,1.0,0.22580645161290322,0.1875,1.0,0.5425078043704474,0.512890625
233,Philadelphia,Commute Time,bg,9693,NoPreTrain,3,1.0,0.1935483870967742,0.21875,1.0,0.5056191467221643,0.52646484375
234,Philadelphia,Commute Time,bg,9693,NoPreTrain,4,1.0,0.1935483870967742,0.25,1.0,0.5289542143600416,0.5141357421875
235,Philadelphia,Commute Time,bg,9693,NoPreTrain,5,1.0,0.2645161290322581,0.2125,1.0,0.5835587929240373,0.50048828125
236,Philadelphia,Commute Time,bg,9693,NoPreTrain,6,1.0,0.23225806451612904,0.175,1.0,0.549063475546306,0.502099609375
237,Philadelphia,Commute Time,bg,9693,NoPreTrain,7,1.0,0.16774193548387098,0.2125,1.0,0.5155567117585849,0.51025390625
238,Philadelphia,Commute Time,bg,9693,NoPreTrain,8,1.0,0.1870967741935484,0.25,1.0,0.4855879292403745,0.51279296875
239,Philadelphia,Commute Time,bg,9693,NoPreTrain,9,1.0,0.14838709677419354,0.20625,1.0,0.46311134235171697,0.506396484375
240,Philadelphia,Median Age,bg,30573,Emb,0,0.9462061155152888,0.2546689303904924,0.2677966101694915,0.9957006513464268,0.5626432770791603,0.5841826505181155
241,Philadelphia,Median Age,bg,30573,Emb,1,0.9416761041902605,0.25806451612903225,0.25254237288135595,0.9953200161089588,0.5751248829965807,0.5667449057710663
242,Philadelphia,Median Age,bg,30573,Emb,2,0.9490373725934315,0.22410865874363328,0.25084745762711863,0.9955487492571006,0.5343760801725976,0.5618278247653132
243,Philadelphia,Median Age,bg,30573,Emb,3,0.9445073612684032,0.27843803056027167,0.23728813559322035,0.9961478956757073,0.5725958890954235,0.5576150437874688
244,Philadelphia,Median Age,bg,30573,Emb,4,0.9269535673839184,0.23769100169779286,0.2796610169491525,0.9923270504073705,0.5643580099002881,0.5657321911211273
245,Philadelphia,Median Age,bg,30573,Emb,5,0.8108720271800679,0.23429541595925296,0.22542372881355932,0.9784324931027374,0.5325493883976335,0.5400315918167846
246,Philadelphia,Median Age,bg,30573,Emb,6,0.9479048697621744,0.2461799660441426,0.20677966101694914,0.9961025100548824,0.5544299567748332,0.5308486251228601
247,Philadelphia,Median Age,bg,30573,Emb,7,0.9218573046432617,0.23259762308998302,0.2711864406779661,0.9903837890727504,0.5295305647754969,0.5728271112528585
248,Philadelphia,Median Age,bg,30573,Emb,8,0.8708946772366931,0.24448217317487267,0.2542372881355932,0.9836712486034674,0.5607761449809628,0.5655462842675527
249,Philadelphia,Median Age,bg,30573,Emb,9,0.8584371460928653,0.2461799660441426,0.2457627118644068,0.9859800453476112,0.5521899749986258,0.5505131000231807
250,Philadelphia,Median Age,bg,30573,RGNN,0,0.5198187995469988,0.2614601018675722,0.2423728813559322,0.8272113839201298,0.5857200033339827,0.5720440008225344
251,Philadelphia,Median Age,bg,30573,RGNN,1,0.4869762174405436,0.29711375212224106,0.2711864406779661,0.8054777407497733,0.5962989973434183,0.5931057164928297
252,Philadelphia,Median Age,bg,30573,RGNN,2,0.4682899207248018,0.2801358234295416,0.2864406779661017,0.7902585427839484,0.5928462442646792,0.6040230855989657
253,Philadelphia,Median Age,bg,30573,RGNN,3,0.5520951302378256,0.26825127334465193,0.29491525423728815,0.8516720899356672,0.5777788392196083,0.6005524019829446
254,Philadelphia,Median Age,bg,30573,RGNN,4,0.46489241223103056,0.2563667232597623,0.28135593220338984,0.7772350597428296,0.5836370959752124,0.5909967746382192
255,Philadelphia,Median Age,bg,30573,RGNN,5,0.5022650056625142,0.2631578947368421,0.2830508474576271,0.8079207589819004,0.576388902099495,0.588202076482617
256,Philadelphia,Median Age,bg,30573,RGNN,6,0.5985277463193658,0.2597623089983022,0.23389830508474577,0.8722842909389821,0.5920369751878506,0.5482680283914432
257,Philadelphia,Median Age,bg,30573,RGNN,7,0.44903737259343146,0.2767402376910017,0.2559322033898305,0.7917834261382076,0.587273357735637,0.609684382973336
258,Philadelphia,Median Age,bg,30573,RGNN,8,0.522083805209513,0.30220713073005095,0.24745762711864408,0.8263362908009206,0.5940080830775759,0.57009990222326
259,Philadelphia,Median Age,bg,30573,RGNN,9,0.49263873159682897,0.23938879456706283,0.27288135593220336,0.804476846301865,0.5651869441843267,0.5952001174621759
260,Philadelphia,Median Age,bg,30573,Feat-RGNN,0,0.513590033975085,0.2563667232597623,0.2542372881355932,0.8115609411283617,0.5992583476205158,0.5899371689811548
261,Philadelphia,Median Age,bg,30573,Feat-RGNN,1,0.4801812004530011,0.2631578947368421,0.2711864406779661,0.8083286071325265,0.598996973481459,0.5788230830023667
262,Philadelphia,Median Age,bg,30573,Feat-RGNN,2,0.5056625141562854,0.2614601018675722,0.26610169491525426,0.8153020802983756,0.5848024383823676,0.6097635279619963
263,Philadelphia,Median Age,bg,30573,Feat-RGNN,3,0.45016987542468856,0.28183361629881154,0.26610169491525426,0.7722234468904283,0.586215682549382,0.608125662994585
264,Philadelphia,Median Age,bg,30573,Feat-RGNN,4,0.4733861834654587,0.2529711375212224,0.27288135593220336,0.7914570081183542,0.591052964487265,0.5973280836879737
265,Philadelphia,Median Age,bg,30573,Feat-RGNN,5,0.44110985277463194,0.2767402376910017,0.26101694915254237,0.7601700012307064,0.6105231288719014,0.586835115556404
266,Philadelphia,Median Age,bg,30573,Feat-RGNN,6,0.5203850509626274,0.28862478777589134,0.26440677966101694,0.8202682696720427,0.6155137883352501,0.5891021094422069
267,Philadelphia,Median Age,bg,30573,Feat-RGNN,7,0.4416761041902605,0.2546689303904924,0.23898305084745763,0.7914078697479885,0.5794819415301095,0.5803751891706339
268,Philadelphia,Median Age,bg,30573,Feat-RGNN,8,0.5373725934314836,0.27164685908319186,0.2593220338983051,0.8187044375532839,0.5839321494858953,0.5864950774071203
269,Philadelphia,Median Age,bg,30573,Feat-RGNN,9,0.48640996602491504,0.26825127334465193,0.2627118644067797,0.8187116068907621,0.5830752267806966,0.5942505437710696
270,Philadelphia,Median Age,bg,30573,Feat\&PC-RGNN,0,0.6070215175537939,0.3073005093378608,0.27288135593220336,0.8575522215922332,0.6030935761014031,0.5941107967629764
271,Philadelphia,Median Age,bg,30573,Feat\&PC-RGNN,1,0.6030577576443941,0.2767402376910017,0.26949152542372884,0.8628878154971774,0.591701515024548,0.5905256029095269
272,Philadelphia,Median Age,bg,30573,Feat\&PC-RGNN,2,0.5260475651189128,0.2546689303904924,0.3016949152542373,0.8426611356071941,0.5769888423371928,0.6159953402458448
273,Philadelphia,Median Age,bg,30573,Feat\&PC-RGNN,3,0.47281993204983014,0.2631578947368421,0.3152542372881356,0.8091547501818713,0.5862171515307535,0.6324199078690085
274,Philadelphia,Median Age,bg,30573,Feat\&PC-RGNN,4,0.5311438278595696,0.2733446519524618,0.30847457627118646,0.8266518386623511,0.5893543269705441,0.6155106835044665
275,Philadelphia,Median Age,bg,30573,Feat\&PC-RGNN,5,0.44620611551528877,0.2614601018675722,0.2847457627118644,0.7723939003694573,0.5791117348741922,0.6063474818176066
276,Philadelphia,Median Age,bg,30573,Feat\&PC-RGNN,6,0.5719139297848245,0.2699490662139219,0.27288135593220336,0.8492138735913676,0.5916279874300633,0.5877105499943875
277,Philadelphia,Median Age,bg,30573,Feat\&PC-RGNN,7,0.5169875424688561,0.24448217317487267,0.29322033898305083,0.819620384722836,0.5797350127824522,0.6045013361528391
278,Philadelphia,Median Age,bg,30573,Feat\&PC-RGNN,8,0.5362400906002265,0.3073005093378608,0.28983050847457625,0.826570476926291,0.6122325561302714,0.6104642863198085
279,Philadelphia,Median Age,bg,30573,Feat\&PC-RGNN,9,0.60079275198188,0.2937181663837012,0.26101694915254237,0.8684379058209938,0.6066697182916688,0.5912268804813039
280,Philadelphia,Median Age,bg,30573,LightGCN,0,0.6257078142695357,0.3174872665534805,0.2830508474576271,0.9087098741586115,0.6275047036181131,0.5979091280592496
281,Philadelphia,Median Age,bg,30573,LightGCN,1,0.6828992072480181,0.25806451612903225,0.3,0.9168627607099467,0.5785420242520909,0.5974499152975421
282,Philadelphia,Median Age,bg,30573,LightGCN,2,0.6789354473386183,0.23938879456706283,0.26949152542372884,0.9196135702315636,0.5797940922589463,0.5965724133592105
283,Philadelphia,Median Age,bg,30573,LightGCN,3,0.5781426953567383,0.25127334465195245,0.2593220338983051,0.8712468414079219,0.5813468571677974,0.6037058860564869
284,Philadelphia,Median Age,bg,30573,LightGCN,4,0.6534541336353341,0.28183361629881154,0.2576271186440678,0.893272113058768,0.6112279092252398,0.5876005605404229
285,Philadelphia,Median Age,bg,30573,LightGCN,5,0.6568516421291053,0.2937181663837012,0.26610169491525426,0.9074357954979118,0.6095491773019659,0.6124855292152596
286,Philadelphia,Median Age,bg,30573,LightGCN,6,0.5889014722536806,0.2920203735144312,0.28135593220338984,0.8887348115556051,0.6140236323695419,0.602707964371699
287,Philadelphia,Median Age,bg,30573,LightGCN,7,0.6415628539071347,0.25806451612903225,0.25254237288135595,0.9002187342693471,0.5917803430540587,0.5910706250990783
288,Philadelphia,Median Age,bg,30573,LightGCN,8,0.6347678369195923,0.28183361629881154,0.3050847457627119,0.8969077272397741,0.59560214241357,0.6155041819454412
289,Philadelphia,Median Age,bg,30573,LightGCN,9,0.6585503963759909,0.2733446519524618,0.2457627118644068,0.9080291659089779,0.5950380305204608,0.5800644517837599
290,Philadelphia,Median Age,bg,30573,Feat-LightGCN,0,0.7684031710079275,0.2920203735144312,0.2796610169491525,0.9452817865186247,0.6012941694531847,0.5817202070409984
291,Philadelphia,Median Age,bg,30573,Feat-LightGCN,1,0.7627406568516422,0.26485568760611206,0.2627118644067797,0.9542771565826875,0.578289496166241,0.5832033012999837
292,Philadelphia,Median Age,bg,30573,Feat-LightGCN,2,0.7672706681766704,0.2835314091680815,0.29491525423728815,0.9519350077561862,0.5866240396033303,0.6110703699893221
293,Philadelphia,Median Age,bg,30573,Feat-LightGCN,3,0.7214043035107588,0.266553480475382,0.2830508474576271,0.9371120279755619,0.5806442843190677,0.598472606503024
294,Philadelphia,Median Age,bg,30573,Feat-LightGCN,4,0.7853907134767837,0.26485568760611206,0.25254237288135595,0.954931657834079,0.595766975427122,0.5767720638866753
295,Philadelphia,Median Age,bg,30573,Feat-LightGCN,5,0.7265005662514157,0.3089983022071307,0.2559322033898305,0.9352140552663812,0.5956711018085341,0.5836185167385801
296,Philadelphia,Median Age,bg,30573,Feat-LightGCN,6,0.7185730464326161,0.2597623089983022,0.25084745762711863,0.9533911504294477,0.575844308924647,0.570776120587436
297,Philadelphia,Median Age,bg,30573,Feat-LightGCN,7,0.7650056625141562,0.25127334465195245,0.26949152542372884,0.9504850533921829,0.5744701306120423,0.5891533928128444
298,Philadelphia,Median Age,bg,30573,Feat-LightGCN,8,0.7208380520951302,0.23938879456706283,0.26101694915254237,0.9369240391147124,0.5574115080327562,0.5814078144854741
299,Philadelphia,Median Age,bg,30573,Feat-LightGCN,9,0.7412231030577576,0.2869269949066214,0.23898305084745763,0.9416760340045182,0.5947341329493046,0.5719691220209342
300,Philadelphia,Median Age,bg,30573,Feat\&PC-LightGCN,0,0.8629671574178935,0.2631578947368421,0.2830508474576271,0.9825876733043725,0.5856567266041627,0.6036684907827732
301,Philadelphia,Median Age,bg,30573,Feat\&PC-LightGCN,1,0.8499433748584372,0.2546689303904924,0.3135593220338983,0.9794884105790376,0.5740552129904609,0.6147441167150833
302,Philadelphia,Median Age,bg,30573,Feat\&PC-LightGCN,2,0.8380520951302378,0.2801358234295416,0.28135593220338984,0.9804778839419488,0.5748967104225527,0.6059230773760762
303,Philadelphia,Median Age,bg,30573,Feat\&PC-LightGCN,3,0.8822197055492639,0.298811544991511,0.29322033898305083,0.9847047544869383,0.5848435318180885,0.6074728496742767
304,Philadelphia,Median Age,bg,30573,Feat\&PC-LightGCN,4,0.8720271800679502,0.29541595925297115,0.2966101694915254,0.9844724286991525,0.5930515698039959,0.5960165656539602
305,Philadelphia,Median Age,bg,30573,Feat\&PC-LightGCN,5,0.7853907134767837,0.2920203735144312,0.2966101694915254,0.9666379510127943,0.6130949464435069,0.6039936752454594
306,Philadelphia,Median Age,bg,30573,Feat\&PC-LightGCN,6,0.8590033975084937,0.29541595925297115,0.3,0.9784041099312175,0.593633091978005,0.5946509348955493
307,Philadelphia,Median Age,bg,30573,Feat\&PC-LightGCN,7,0.8369195922989807,0.23769100169779286,0.2847457627118644,0.9770975130778169,0.5792911068693712,0.5983580348024672
308,Philadelphia,Median Age,bg,30573,Feat\&PC-LightGCN,8,0.8663646659116648,0.30560271646859083,0.2627118644067797,0.9816628084247757,0.6003322649339383,0.5870944270193753
309,Philadelphia,Median Age,bg,30573,Feat\&PC-LightGCN,9,0.8448471121177803,0.2546689303904924,0.28135593220338984,0.9758713294611623,0.5848002677101853,0.6170001189928513
310,Philadelphia,Median Age,bg,30573,NoPreTrain,0,0.9750849377123443,0.21731748726655348,0.1694915254237288,0.9985868423436776,0.5131066693588767,0.4834824374002859
311,Philadelphia,Median Age,bg,30573,NoPreTrain,1,0.9762174405436014,0.22920203735144312,0.2457627118644068,0.9983682931136268,0.5534815087423202,0.5642704335045711
312,Philadelphia,Median Age,bg,30573,NoPreTrain,2,0.9824462061155153,0.22580645161290322,0.23559322033898306,0.9990964880645123,0.5087397342701174,0.5247481292479605
313,Philadelphia,Median Age,bg,30573,NoPreTrain,3,0.9988674971687429,0.2461799660441426,0.21016949152542372,0.999848367911631,0.5553089662591371,0.5315605210493525
314,Philadelphia,Median Age,bg,30573,NoPreTrain,4,0.9903737259343148,0.19185059422750425,0.17966101694915254,0.9993659767177709,0.5046302130966314,0.5102456391421939
315,Philadelphia,Median Age,bg,30573,NoPreTrain,5,0.9586636466591166,0.21052631578947367,0.2305084745762712,0.9931794312631107,0.5162949291311136,0.5205953323500425
316,Philadelphia,Median Age,bg,30573,NoPreTrain,6,0.9750849377123443,0.2071307300509338,0.22372881355932203,0.9971955586090481,0.5232389801503705,0.5275626565567955
317,Philadelphia,Median Age,bg,30573,NoPreTrain,7,0.9886749716874292,0.21561969439728354,0.1847457627118644,0.9988032827398337,0.5087143552316851,0.4842479587113126
318,Philadelphia,Median Age,bg,30573,NoPreTrain,8,0.9518686296715742,0.200339558573854,0.19491525423728814,0.997098637139102,0.4939745783258475,0.4710477917823167
319,Philadelphia,Median Age,bg,30573,NoPreTrain,9,0.9790486976217441,0.23089983022071306,0.22033898305084745,0.9993024237037534,0.5430369795921345,0.5434710603532011
320,St. Louis,Median Income,bg,9177,Emb,0,1.0,0.29936305732484075,0.325,1.0,0.6002705325140809,0.6075927734375
321,St. Louis,Median Income,bg,9177,Emb,1,1.0,0.31210191082802546,0.25,1.0,0.6030405529953917,0.5710205078125
322,St. Louis,Median Income,bg,9177,Emb,2,1.0,0.29936305732484075,0.28125,1.0,0.6270961853558628,0.587255859375
323,St. Louis,Median Income,bg,9177,Emb,3,1.0,0.2229299363057325,0.35,1.0,0.5720860983102918,0.6099609375
324,St. Louis,Median Income,bg,9177,Emb,4,1.0,0.2802547770700637,0.2125,1.0,0.6098775729646697,0.558349609375
325,St. Louis,Median Income,bg,9177,Emb,5,1.0,0.2611464968152866,0.2125,1.0,0.5724112647209422,0.5451416015625
326,St. Louis,Median Income,bg,9177,Emb,6,1.0,0.2929936305732484,0.30625,1.0,0.6166612647209421,0.5962158203125
327,St. Louis,Median Income,bg,9177,Emb,7,1.0,0.20382165605095542,0.25,1.0,0.5220611879160266,0.5484375
328,St. Louis,Median Income,bg,9177,Emb,8,1.0,0.267515923566879,0.25,1.0,0.5812099334357399,0.558056640625
329,St. Louis,Median Income,bg,9177,Emb,9,1.0,0.2929936305732484,0.25625,1.0,0.6102361495135689,0.582958984375
330,St. Louis,Median Income,bg,9177,RGNN,0,0.7425531914893617,0.3184713375796178,0.3,0.9619058397464917,0.6205064516129032,0.625244140625
331,St. Louis,Median Income,bg,9177,RGNN,1,0.776595744680851,0.35668789808917195,0.3125,0.9561792666364871,0.6475388120839735,0.61845703125
332,St. Louis,Median Income,bg,9177,RGNN,2,0.8148936170212766,0.39490445859872614,0.30625,0.9634676324128565,0.64015770609319,0.62646484375
333,St. Louis,Median Income,bg,9177,RGNN,3,0.8148936170212766,0.2611464968152866,0.3375,0.9801833408782255,0.609113133640553,0.642236328125
334,St. Louis,Median Income,bg,9177,RGNN,4,0.774468085106383,0.29936305732484075,0.34375,0.9646389769126301,0.6013639272913467,0.67900390625
335,St. Louis,Median Income,bg,9177,RGNN,5,0.8212765957446808,0.3248407643312102,0.3125,0.9638524219103667,0.6349714285714285,0.6337890625
336,St. Louis,Median Income,bg,9177,RGNN,6,0.823404255319149,0.3248407643312102,0.34375,0.9711747397012223,0.6578746799795187,0.64208984375
337,St. Louis,Median Income,bg,9177,RGNN,7,0.6957446808510638,0.31210191082802546,0.35,0.936815301041195,0.6258671786994368,0.63427734375
338,St. Louis,Median Income,bg,9177,RGNN,8,0.825531914893617,0.3057324840764331,0.34375,0.973064735174287,0.6195365335381464,0.6419921875
339,St. Louis,Median Income,bg,9177,RGNN,9,0.8382978723404255,0.28662420382165604,0.2875,0.986968085106383,0.6193332053251408,0.623779296875
340,St. Louis,Median Income,bg,9177,Feat-RGNN,0,0.5617021276595745,0.3184713375796178,0.25625,0.900707333635129,0.6252615463389657,0.6087890625
341,St. Louis,Median Income,bg,9177,Feat-RGNN,1,0.8106382978723404,0.28662420382165604,0.35,0.9680115436849253,0.5852441116231438,0.6291015625
342,St. Louis,Median Income,bg,9177,Feat-RGNN,2,0.7404255319148936,0.29936305732484075,0.3625,0.9371265278406519,0.62076044546851,0.689111328125
343,St. Louis,Median Income,bg,9177,Feat-RGNN,3,0.8680851063829788,0.267515923566879,0.3375,0.978717745586238,0.6016357142857143,0.646826171875
344,St. Louis,Median Income,bg,9177,Feat-RGNN,4,0.874468085106383,0.2802547770700637,0.33125,0.9813377093707558,0.5855644649257552,0.63544921875
345,St. Louis,Median Income,bg,9177,Feat-RGNN,5,0.6680851063829787,0.21656050955414013,0.28125,0.9480024898143956,0.6110035074244753,0.624658203125
346,St. Louis,Median Income,bg,9177,Feat-RGNN,6,0.8638297872340426,0.3248407643312102,0.3625,0.9800135808057945,0.6381768049155145,0.65302734375
347,St. Louis,Median Income,bg,9177,Feat-RGNN,7,0.6170212765957447,0.25477707006369427,0.34375,0.8974479402444546,0.6029269073220684,0.6583984375
348,St. Louis,Median Income,bg,9177,Feat-RGNN,8,0.8191489361702128,0.2611464968152866,0.33125,0.9667609778180172,0.6207155401945725,0.626416015625
349,St. Louis,Median Income,bg,9177,Feat-RGNN,9,0.676595744680851,0.27388535031847133,0.2875,0.9470631507469444,0.6205335893497184,0.63271484375
350,St. Louis,Median Income,bg,9177,Feat\&PC-RGNN,0,0.9042553191489362,0.3375796178343949,0.35625,0.9868153010411952,0.6511503328213005,0.6638671875
351,St. Louis,Median Income,bg,9177,Feat\&PC-RGNN,1,0.8063829787234043,0.267515923566879,0.34375,0.9678134902670891,0.6097490783410139,0.675390625
352,St. Louis,Median Income,bg,9177,Feat\&PC-RGNN,2,0.7659574468085106,0.22929936305732485,0.39375,0.9495246717971935,0.5762069380440348,0.6740234375
353,St. Louis,Median Income,bg,9177,Feat\&PC-RGNN,3,0.8659574468085106,0.27388535031847133,0.375,0.9855307831598008,0.6130891961085508,0.6541015625
354,St. Louis,Median Income,bg,9177,Feat\&PC-RGNN,4,0.774468085106383,0.3184713375796178,0.30625,0.9840595291987325,0.6524496671786995,0.6220703125
355,St. Louis,Median Income,bg,9177,Feat\&PC-RGNN,5,0.776595744680851,0.2802547770700637,0.2875,0.9569488456315074,0.5967570916538658,0.618359375
356,St. Louis,Median Income,bg,9177,Feat\&PC-RGNN,6,0.7978723404255319,0.3057324840764331,0.33125,0.9604741964689903,0.631640015360983,0.639111328125
357,St. Louis,Median Income,bg,9177,Feat\&PC-RGNN,7,0.8127659574468085,0.28662420382165604,0.39375,0.9694601629696695,0.6005064516129032,0.671240234375
358,St. Louis,Median Income,bg,9177,Feat\&PC-RGNN,8,0.8127659574468085,0.28662420382165604,0.3,0.9762732005432323,0.6098480030721966,0.6220703125
359,St. Louis,Median Income,bg,9177,Feat\&PC-RGNN,9,0.8276595744680851,0.3375796178343949,0.3125,0.9731100045269352,0.671220942140297,0.616162109375
360,St. Louis,Median Income,bg,9177,LightGCN,0,0.7808510638297872,0.37579617834394907,0.4,0.9517202354006338,0.6748657194060421,0.71572265625
361,St. Louis,Median Income,bg,9177,LightGCN,1,0.8872340425531915,0.3375796178343949,0.3,0.9859382073336352,0.6570715821812596,0.621826171875
362,St. Louis,Median Income,bg,9177,LightGCN,2,0.8042553191489362,0.3375796178343949,0.41875,0.9703542326844726,0.6854657194060421,0.7033203125
363,St. Louis,Median Income,bg,9177,LightGCN,3,0.8042553191489362,0.35668789808917195,0.3875,0.9607005432322318,0.6669154377880184,0.7
364,St. Louis,Median Income,bg,9177,LightGCN,4,0.7872340425531915,0.34394904458598724,0.35625,0.9686396559529198,0.6897157194060419,0.669384765625
365,St. Louis,Median Income,bg,9177,LightGCN,5,0.7680851063829788,0.3184713375796178,0.3375,0.9603214124038025,0.6777409882232462,0.659423828125
366,St. Louis,Median Income,bg,9177,LightGCN,6,0.7957446808510639,0.3375796178343949,0.4,0.9514486192847442,0.6595599590373784,0.69609375
367,St. Louis,Median Income,bg,9177,LightGCN,7,0.8042553191489362,0.28662420382165604,0.4,0.9588048890900861,0.6166963133640554,0.70166015625
368,St. Louis,Median Income,bg,9177,LightGCN,8,0.8063829787234043,0.36942675159235666,0.36875,0.9700712992304211,0.6738054275473631,0.6572265625
369,St. Louis,Median Income,bg,9177,LightGCN,9,0.8042553191489362,0.3248407643312102,0.35625,0.968679266636487,0.6520348182283666,0.65400390625
370,St. Louis,Median Income,bg,9177,Feat-LightGCN,0,0.997872340425532,0.37579617834394907,0.40625,0.9999717066545948,0.6720850998463902,0.688623046875
371,St. Louis,Median Income,bg,9177,Feat-LightGCN,1,0.9893617021276596,0.3821656050955414,0.275,0.9988512901765503,0.6717720686123911,0.608349609375
372,St. Louis,Median Income,bg,9177,Feat-LightGCN,2,0.9361702127659575,0.3821656050955414,0.33125,0.9946808510638299,0.7210652329749104,0.660546875
373,St. Louis,Median Income,bg,9177,Feat-LightGCN,3,0.9659574468085106,0.2929936305732484,0.33125,0.9982005432322317,0.6614055555555556,0.6634765625
374,St. Louis,Median Income,bg,9177,Feat-LightGCN,4,0.9936170212765958,0.3503184713375796,0.30625,0.9996604798551381,0.6610082181259601,0.63935546875
375,St. Louis,Median Income,bg,9177,Feat-LightGCN,5,0.9765957446808511,0.3375796178343949,0.275,0.9982967406066094,0.641639093701997,0.636181640625
376,St. Louis,Median Income,bg,9177,Feat-LightGCN,6,0.9702127659574468,0.35668789808917195,0.3625,0.9978100950656407,0.6630754480286738,0.679052734375
377,St. Louis,Median Income,bg,9177,Feat-LightGCN,7,0.9,0.3184713375796178,0.35625,0.9895767315527386,0.640539093701997,0.697412109375
378,St. Louis,Median Income,bg,9177,Feat-LightGCN,8,0.9957446808510638,0.3057324840764331,0.375,0.9999490719782707,0.636664196108551,0.705859375
379,St. Louis,Median Income,bg,9177,Feat-LightGCN,9,0.9468085106382979,0.29936305732484075,0.30625,0.9945224083295608,0.6180591141833077,0.63837890625
380,St. Louis,Median Income,bg,9177,Feat\&PC-LightGCN,0,1.0,0.3248407643312102,0.3875,1.0,0.6433568612391193,0.67216796875
381,St. Louis,Median Income,bg,9177,Feat\&PC-LightGCN,1,0.9808510638297873,0.3821656050955414,0.35,0.9995586238116795,0.6682834101382489,0.6733642578125
382,St. Louis,Median Income,bg,9177,Feat\&PC-LightGCN,2,1.0,0.3503184713375796,0.35,1.0,0.6728305427547362,0.6748291015625
383,St. Louis,Median Income,bg,9177,Feat\&PC-LightGCN,3,1.0,0.3184713375796178,0.38125,1.0,0.6706893753200205,0.69443359375
384,St. Louis,Median Income,bg,9177,Feat\&PC-LightGCN,4,0.9914893617021276,0.3248407643312102,0.33125,0.9999377546401087,0.6533989759344598,0.675341796875
385,St. Louis,Median Income,bg,9177,Feat\&PC-LightGCN,5,0.9872340425531915,0.3503184713375796,0.325,0.9998132639203259,0.648876113671275,0.651708984375
386,St. Louis,Median Income,bg,9177,Feat\&PC-LightGCN,6,0.9957446808510638,0.3503184713375796,0.31875,0.9999830239927568,0.6818274833589351,0.668115234375
387,St. Louis,Median Income,bg,9177,Feat\&PC-LightGCN,7,0.9957446808510638,0.36942675159235666,0.34375,0.9998755092802172,0.6655351126472094,0.6441650390625
388,St. Louis,Median Income,bg,9177,Feat\&PC-LightGCN,8,0.9957446808510638,0.267515923566879,0.35,0.9999886826618379,0.618136405529954,0.6838134765625
389,St. Louis,Median Income,bg,9177,Feat\&PC-LightGCN,9,0.9914893617021276,0.33121019108280253,0.30625,0.9999377546401085,0.6240651561699948,0.623291015625
390,St. Louis,Median Income,bg,9177,NoPreTrain,0,1.0,0.24203821656050956,0.23125,1.0,0.5585909370199693,0.558056640625
391,St. Louis,Median Income,bg,9177,NoPreTrain,1,1.0,0.19745222929936307,0.25625,1.0,0.5495751920122889,0.5806640625
392,St. Louis,Median Income,bg,9177,NoPreTrain,2,1.0,0.2484076433121019,0.2375,1.0,0.5312684843830006,0.500537109375
393,St. Louis,Median Income,bg,9177,NoPreTrain,3,1.0,0.19745222929936307,0.24375,1.0,0.4974048643113159,0.5481689453125
394,St. Louis,Median Income,bg,9177,NoPreTrain,4,1.0,0.1910828025477707,0.225,1.0,0.49267790578597026,0.547119140625
395,St. Louis,Median Income,bg,9177,NoPreTrain,5,1.0,0.2356687898089172,0.23125,1.0,0.5333004096262159,0.525634765625
396,St. Louis,Median Income,bg,9177,NoPreTrain,6,1.0,0.24203821656050956,0.24375,1.0,0.5771536354326677,0.5531494140625
397,St. Louis,Median Income,bg,9177,NoPreTrain,7,1.0,0.2611464968152866,0.175,1.0,0.548229006656426,0.4775146484375
398,St. Louis,Median Income,bg,9177,NoPreTrain,8,1.0,0.2929936305732484,0.225,1.0,0.5845000256016386,0.5959716796875
399,St. Louis,Median Income,bg,9177,NoPreTrain,9,1.0,0.20382165605095542,0.24375,1.0,0.5290469278033794,0.55771484375
400,St. Louis,Median Home Value,bg,8938,Emb,0,1.0,0.32903225806451614,0.2903225806451613,1.0,0.6359001040582726,0.6311394380853278
401,St. Louis,Median Home Value,bg,8938,Emb,1,0.9978260869565218,0.33548387096774196,0.3225806451612903,1.0,0.6720083246618106,0.6584287200832466
402,St. Louis,Median Home Value,bg,8938,Emb,2,1.0,0.3032258064516129,0.3870967741935484,1.0,0.6459677419354838,0.6937565036420394
403,St. Louis,Median Home Value,bg,8938,Emb,3,1.0,0.34838709677419355,0.32903225806451614,1.0,0.6336628511966701,0.6764828303850157
404,St. Louis,Median Home Value,bg,8938,Emb,4,1.0,0.3225806451612903,0.3161290322580645,1.0,0.6563215400624348,0.6416493236212278
405,St. Louis,Median Home Value,bg,8938,Emb,5,1.0,0.3096774193548387,0.3096774193548387,1.0,0.664984391259105,0.6299687825182102
406,St. Louis,Median Home Value,bg,8938,Emb,6,1.0,0.3741935483870968,0.3225806451612903,1.0,0.6932882414151925,0.6455515088449533
407,St. Louis,Median Home Value,bg,8938,Emb,7,1.0,0.3032258064516129,0.3548387096774194,1.0,0.6352757544224765,0.6881113423517169
408,St. Louis,Median Home Value,bg,8938,Emb,8,1.0,0.4,0.36774193548387096,1.0,0.7049947970863684,0.6492715920915713
409,St. Louis,Median Home Value,bg,8938,Emb,9,1.0,0.3935483870967742,0.3419354838709677,1.0,0.6861602497398543,0.6800728407908428
410,St. Louis,Median Home Value,bg,8938,RGNN,0,0.8695652173913043,0.3935483870967742,0.3935483870967742,0.9813504253308128,0.7071800208116545,0.7124349635796046
411,St. Louis,Median Home Value,bg,8938,RGNN,1,0.9173913043478261,0.36774193548387096,0.36774193548387096,0.992710302457467,0.7096774193548387,0.668834547346514
412,St. Louis,Median Home Value,bg,8938,RGNN,2,0.8695652173913043,0.4064516129032258,0.32903225806451614,0.982898156899811,0.7058272632674297,0.6755983350676379
413,St. Louis,Median Home Value,bg,8938,RGNN,3,0.8456521739130435,0.38064516129032255,0.3935483870967742,0.9901169659735348,0.7053069719042663,0.7186264308012487
414,St. Louis,Median Home Value,bg,8938,RGNN,4,0.8391304347826087,0.44516129032258067,0.3935483870967742,0.9758565689981096,0.7287200832466181,0.6934963579604578
415,St. Louis,Median Home Value,bg,8938,RGNN,5,0.8826086956521739,0.4258064516129032,0.36774193548387096,0.9880493856332702,0.756763787721124,0.7026534859521332
416,St. Louis,Median Home Value,bg,8938,RGNN,6,0.8956521739130435,0.4967741935483871,0.32903225806451614,0.9853674385633271,0.7997918834547347,0.6784079084287201
417,St. Louis,Median Home Value,bg,8938,RGNN,7,0.7913043478260869,0.3032258064516129,0.3935483870967742,0.9760101606805293,0.6657127991675338,0.7429240374609781
418,St. Louis,Median Home Value,bg,8938,RGNN,8,0.941304347826087,0.38064516129032255,0.38064516129032255,0.9933305765595464,0.6907908428720083,0.7080645161290323
419,St. Louis,Median Home Value,bg,8938,RGNN,9,0.8173913043478261,0.3870967741935484,0.432258064516129,0.9688681474480152,0.7091571279916753,0.7239334027055151
420,St. Louis,Median Home Value,bg,8938,Feat-RGNN,0,0.6478260869565218,0.3870967741935484,0.33548387096774196,0.9390890831758034,0.7311134235171697,0.7068158168574401
421,St. Louis,Median Home Value,bg,8938,Feat-RGNN,1,0.7782608695652173,0.44516129032258067,0.43870967741935485,0.9602847353497165,0.7537460978147763,0.7639438085327783
422,St. Louis,Median Home Value,bg,8938,Feat-RGNN,2,0.7847826086956522,0.3161290322580645,0.3870967741935484,0.9659380907372401,0.7092091571279917,0.7136836628511967
423,St. Louis,Median Home Value,bg,8938,Feat-RGNN,3,0.8173913043478261,0.33548387096774196,0.4064516129032258,0.9742320415879018,0.6983350676378771,0.7407908428720082
424,St. Louis,Median Home Value,bg,8938,Feat-RGNN,4,0.7630434782608696,0.4258064516129032,0.432258064516129,0.9512759924385634,0.7290322580645161,0.7536940686784599
425,St. Louis,Median Home Value,bg,8938,Feat-RGNN,5,0.8347826086956521,0.49032258064516127,0.36129032258064514,0.9782490548204159,0.7766389177939647,0.6998959417273674
426,St. Louis,Median Home Value,bg,8938,Feat-RGNN,6,0.8239130434782609,0.45161290322580644,0.4129032258064516,0.9786684782608696,0.7508324661810614,0.7264828303850155
427,St. Louis,Median Home Value,bg,8938,Feat-RGNN,7,0.8347826086956521,0.4129032258064516,0.4645161290322581,0.9764118620037807,0.7393860561914674,0.741675338189386
428,St. Louis,Median Home Value,bg,8938,Feat-RGNN,8,0.8673913043478261,0.44516129032258067,0.4129032258064516,0.979359640831758,0.7588449531737773,0.6919875130072841
429,St. Louis,Median Home Value,bg,8938,Feat-RGNN,9,0.8043478260869565,0.45806451612903226,0.4064516129032258,0.9673026937618149,0.7362643080124871,0.7438085327783558
430,St. Louis,Median Home Value,bg,8938,Feat\&PC-RGNN,0,0.6760869565217391,0.47096774193548385,0.45806451612903226,0.942249527410208,0.7620187304890738,0.7520291363163372
431,St. Louis,Median Home Value,bg,8938,Feat\&PC-RGNN,1,0.8956521739130435,0.43870967741935485,0.41935483870967744,0.9875177221172022,0.7528616024973985,0.7357960457856401
432,St. Louis,Median Home Value,bg,8938,Feat\&PC-RGNN,2,0.8478260869565217,0.3935483870967742,0.3419354838709677,0.9834948015122873,0.7383975026014568,0.7009885535900103
433,St. Louis,Median Home Value,bg,8938,Feat\&PC-RGNN,3,0.8717391304347826,0.4129032258064516,0.3548387096774194,0.9799326559546314,0.7592091571279916,0.7215400624349637
434,St. Louis,Median Home Value,bg,8938,Feat\&PC-RGNN,4,0.9,0.3548387096774194,0.45161290322580644,0.9886342155009451,0.717117585848075,0.7508844953173778
435,St. Louis,Median Home Value,bg,8938,Feat\&PC-RGNN,5,0.8108695652173913,0.4645161290322581,0.41935483870967744,0.9643608223062381,0.795057232049948,0.7718522372528616
436,St. Louis,Median Home Value,bg,8938,Feat\&PC-RGNN,6,0.9434782608695652,0.5096774193548387,0.4258064516129032,0.9927280245746692,0.7936004162330905,0.73579604578564
437,St. Louis,Median Home Value,bg,8938,Feat\&PC-RGNN,7,0.7978260869565217,0.3741935483870968,0.44516129032258067,0.981976606805293,0.73579604578564,0.773933402705515
438,St. Louis,Median Home Value,bg,8938,Feat\&PC-RGNN,8,0.7739130434782608,0.4064516129032258,0.3870967741935484,0.9817107750472591,0.7528095733610822,0.7130593132154006
439,St. Louis,Median Home Value,bg,8938,Feat\&PC-RGNN,9,0.9369565217391305,0.3870967741935484,0.36774193548387096,0.992710302457467,0.7359001040582727,0.7160249739854319
440,St. Louis,Median Home Value,bg,8938,LightGCN,0,0.8913043478260869,0.47096774193548385,0.4129032258064516,0.985219754253308,0.7839229968782517,0.7405306971904267
441,St. Louis,Median Home Value,bg,8938,LightGCN,1,0.8630434782608696,0.43870967741935485,0.4645161290322581,0.9794364366729678,0.7655046826222685,0.7693028095733611
442,St. Louis,Median Home Value,bg,8938,LightGCN,2,0.8826086956521739,0.44516129032258067,0.432258064516129,0.9842568525519848,0.745057232049948,0.7594693028095735
443,St. Louis,Median Home Value,bg,8938,LightGCN,3,0.8760869565217392,0.49032258064516127,0.49032258064516127,0.9875354442344045,0.7871488033298647,0.7688865764828303
444,St. Louis,Median Home Value,bg,8938,LightGCN,4,0.7978260869565217,0.45161290322580644,0.45161290322580644,0.9620155954631379,0.7934443288241415,0.7873048907388138
445,St. Louis,Median Home Value,bg,8938,LightGCN,5,0.9130434782608695,0.5096774193548387,0.4838709677419355,0.9909499054820415,0.7993756503642039,0.7773673257023933
446,St. Louis,Median Home Value,bg,8938,LightGCN,6,0.9152173913043479,0.5225806451612903,0.45161290322580644,0.9859936200378072,0.8003121748178981,0.7387617065556712
447,St. Louis,Median Home Value,bg,8938,LightGCN,7,0.8956521739130435,0.4645161290322581,0.45806451612903226,0.9886224007561436,0.7852757544224767,0.7940686784599377
448,St. Louis,Median Home Value,bg,8938,LightGCN,8,0.9347826086956522,0.5096774193548387,0.3935483870967742,0.9931828922495274,0.79474505723205,0.7370447450572319
449,St. Louis,Median Home Value,bg,8938,LightGCN,9,0.8782608695652174,0.49032258064516127,0.4838709677419355,0.9880139413988658,0.7923517169614984,0.78366285119667
450,St. Louis,Median Home Value,bg,8938,Feat-LightGCN,0,0.991304347826087,0.4967741935483871,0.45806451612903226,0.9999291115311909,0.7738033298647243,0.7579604578563996
451,St. Louis,Median Home Value,bg,8938,Feat-LightGCN,1,1.0,0.43870967741935485,0.4129032258064516,1.0,0.7673257023933402,0.7499479708636836
452,St. Louis,Median Home Value,bg,8938,Feat-LightGCN,2,0.9891304347826086,0.44516129032258067,0.4838709677419355,0.9996750945179584,0.732258064516129,0.7791883454734652
453,St. Louis,Median Home Value,bg,8938,Feat-LightGCN,3,0.9956521739130435,0.4838709677419355,0.45806451612903226,0.9994624291115312,0.7808532778355879,0.787513007284079
454,St. Louis,Median Home Value,bg,8938,Feat-LightGCN,4,0.991304347826087,0.4967741935483871,0.5225806451612903,0.9995510396975427,0.7831945889698232,0.8046826222684704
455,St. Louis,Median Home Value,bg,8938,Feat-LightGCN,5,1.0,0.49032258064516127,0.4129032258064516,1.0,0.7945889698231008,0.7565036420395421
456,St. Louis,Median Home Value,bg,8938,Feat-LightGCN,6,0.9956521739130435,0.4129032258064516,0.38064516129032255,0.9996514650283554,0.7644640998959418,0.7350676378772112
457,St. Louis,Median Home Value,bg,8938,Feat-LightGCN,7,0.9934782608695653,0.44516129032258067,0.4129032258064516,0.9999291115311909,0.750468262226847,0.7684703433922997
458,St. Louis,Median Home Value,bg,8938,Feat-LightGCN,8,0.9978260869565218,0.4774193548387097,0.3935483870967742,1.0,0.7797866805411029,0.7474505723204994
459,St. Louis,Median Home Value,bg,8938,Feat-LightGCN,9,0.9978260869565218,0.38064516129032255,0.4838709677419355,0.999976370510397,0.7371488033298647,0.7771852237252862
460,St. Louis,Median Home Value,bg,8938,Feat\&PC-LightGCN,0,0.9978260869565218,0.4967741935483871,0.45161290322580644,0.9999822778827976,0.809417273673257,0.7840270551508846
461,St. Louis,Median Home Value,bg,8938,Feat\&PC-LightGCN,1,0.9847826086956522,0.535483870967742,0.4645161290322581,0.9998109640831758,0.8113423517169615,0.7595733610822061
462,St. Louis,Median Home Value,bg,8938,Feat\&PC-LightGCN,2,0.991304347826087,0.4967741935483871,0.5483870967741935,0.9999291115311909,0.8144901144641,0.8174817898022895
463,St. Louis,Median Home Value,bg,8938,Feat\&PC-LightGCN,3,0.9891304347826086,0.5225806451612903,0.43870967741935485,0.9999468336483932,0.810041623309053,0.7968262226847035
464,St. Louis,Median Home Value,bg,8938,Feat\&PC-LightGCN,4,0.9934782608695653,0.5032258064516129,0.49032258064516127,0.9999704631379963,0.7954734651404787,0.7988553590010407
465,St. Louis,Median Home Value,bg,8938,Feat\&PC-LightGCN,5,0.9956521739130435,0.5032258064516129,0.535483870967742,0.9999704631379963,0.8215920915712799,0.8031737773152965
466,St. Louis,Median Home Value,bg,8938,Feat\&PC-LightGCN,6,1.0,0.49032258064516127,0.44516129032258067,1.0,0.8069458896982308,0.7623829344432884
467,St. Louis,Median Home Value,bg,8938,Feat\&PC-LightGCN,7,0.9978260869565218,0.5741935483870968,0.535483870967742,1.0,0.83210197710718,0.8060613943808533
468,St. Louis,Median Home Value,bg,8938,Feat\&PC-LightGCN,8,1.0,0.535483870967742,0.4967741935483871,0.9999940926275993,0.8180801248699272,0.802627471383975
469,St. Louis,Median Home Value,bg,8938,Feat\&PC-LightGCN,9,1.0,0.5096774193548387,0.5483870967741935,1.0,0.7888917793964619,0.8209677419354839
470,St. Louis,Median Home Value,bg,8938,NoPreTrain,0,1.0,0.23870967741935484,0.21935483870967742,1.0,0.6016649323621228,0.5531737773152965
471,St. Louis,Median Home Value,bg,8938,NoPreTrain,1,1.0,0.3225806451612903,0.2903225806451613,1.0,0.6409469302809574,0.6178459937565036
472,St. Louis,Median Home Value,bg,8938,NoPreTrain,2,1.0,0.3225806451612903,0.34838709677419355,1.0,0.6839750260145682,0.6670655567117585
473,St. Louis,Median Home Value,bg,8938,NoPreTrain,3,1.0,0.3032258064516129,0.2645161290322581,1.0,0.6367845993756504,0.5827783558792923
474,St. Louis,Median Home Value,bg,8938,NoPreTrain,4,1.0,0.3096774193548387,0.27741935483870966,1.0,0.6005202913631635,0.5991675338189386
475,St. Louis,Median Home Value,bg,8938,NoPreTrain,5,0.9978260869565218,0.2838709677419355,0.2645161290322581,0.9999940926275993,0.5714360041623309,0.605879292403746
476,St. Louis,Median Home Value,bg,8938,NoPreTrain,6,1.0,0.2,0.2838709677419355,1.0,0.5252861602497398,0.6008844953173778
477,St. Louis,Median Home Value,bg,8938,NoPreTrain,7,1.0,0.24516129032258063,0.34838709677419355,1.0,0.5861602497398544,0.649219562955255
478,St. Louis,Median Home Value,bg,8938,NoPreTrain,8,1.0,0.2903225806451613,0.3225806451612903,1.0,0.6402185223725286,0.6703433922996878
479,St. Louis,Median Home Value,bg,8938,NoPreTrain,9,1.0,0.2903225806451613,0.34838709677419355,1.0,0.6407908428720084,0.6712278876170655
480,St. Louis,Commute Time,bg,1397,Emb,0,1.0,0.2,0.38461538461538464,1.0,0.518,0.6671428571428571
481,St. Louis,Commute Time,bg,1397,Emb,1,1.0,0.28,0.19230769230769232,1.0,0.6060000000000001,0.5311904761904762
482,St. Louis,Commute Time,bg,1397,Emb,2,1.0,0.4,0.23076923076923078,1.0,0.58,0.5630952380952381
483,St. Louis,Commute Time,bg,1397,Emb,3,1.0,0.2,0.3076923076923077,1.0,0.526,0.5842857142857143
484,St. Louis,Commute Time,bg,1397,Emb,4,1.0,0.36,0.23076923076923078,1.0,0.6220000000000001,0.5352380952380953
485,St. Louis,Commute Time,bg,1397,Emb,5,1.0,0.12,0.3076923076923077,1.0,0.512,0.5966666666666667
486,St. Louis,Commute Time,bg,1397,Emb,6,1.0,0.16,0.11538461538461539,1.0,0.5640000000000001,0.505952380952381
487,St. Louis,Commute Time,bg,1397,Emb,7,1.0,0.32,0.23076923076923078,1.0,0.6100000000000001,0.515
488,St. Louis,Commute Time,bg,1397,Emb,8,1.0,0.12,0.34615384615384615,1.0,0.502,0.6757142857142858
489,St. Louis,Commute Time,bg,1397,Emb,9,1.0,0.4,0.3076923076923077,1.0,0.648,0.5773809523809523
490,St. Louis,Commute Time,bg,1397,RGNN,0,1.0,0.16,0.34615384615384615,1.0,0.44800000000000006,0.6147619047619047
491,St. Louis,Commute Time,bg,1397,RGNN,1,1.0,0.2,0.19230769230769232,1.0,0.504,0.5399999999999999
492,St. Louis,Commute Time,bg,1397,RGNN,2,1.0,0.32,0.23076923076923078,1.0,0.5780000000000001,0.6019047619047619
493,St. Louis,Commute Time,bg,1397,RGNN,3,1.0,0.2,0.46153846153846156,1.0,0.49399999999999994,0.5952380952380952
494,St. Louis,Commute Time,bg,1397,RGNN,4,1.0,0.2,0.2692307692307692,1.0,0.5399999999999999,0.6388095238095239
495,St. Louis,Commute Time,bg,1397,RGNN,5,1.0,0.2,0.23076923076923078,1.0,0.502,0.6316666666666666
496,St. Louis,Commute Time,bg,1397,RGNN,6,1.0,0.36,0.3076923076923077,1.0,0.663,0.6447619047619048
497,St. Louis,Commute Time,bg,1397,RGNN,7,1.0,0.24,0.2692307692307692,1.0,0.5120000000000001,0.6254761904761905
498,St. Louis,Commute Time,bg,1397,RGNN,8,1.0,0.2,0.34615384615384615,1.0,0.51,0.7207142857142858
499,St. Louis,Commute Time,bg,1397,RGNN,9,1.0,0.2,0.3076923076923077,1.0,0.632,0.6430952380952382
500,St. Louis,Commute Time,bg,1397,Feat-RGNN,0,1.0,0.2,0.3076923076923077,1.0,0.656,0.6807142857142857
501,St. Louis,Commute Time,bg,1397,Feat-RGNN,1,1.0,0.36,0.23076923076923078,1.0,0.6460000000000001,0.5
502,St. Louis,Commute Time,bg,1397,Feat-RGNN,2,1.0,0.24,0.46153846153846156,1.0,0.5,0.6980952380952381
503,St. Louis,Commute Time,bg,1397,Feat-RGNN,3,1.0,0.08,0.38461538461538464,1.0,0.446,0.6671428571428571
504,St. Louis,Commute Time,bg,1397,Feat-RGNN,4,1.0,0.36,0.34615384615384615,1.0,0.7340000000000001,0.6547619047619048
505,St. Louis,Commute Time,bg,1397,Feat-RGNN,5,1.0,0.12,0.2692307692307692,1.0,0.5660000000000001,0.5897619047619047
506,St. Louis,Commute Time,bg,1397,Feat-RGNN,6,1.0,0.28,0.3076923076923077,1.0,0.5700000000000001,0.5569047619047619
507,St. Louis,Commute Time,bg,1397,Feat-RGNN,7,1.0,0.28,0.3076923076923077,1.0,0.55,0.599047619047619
508,St. Louis,Commute Time,bg,1397,Feat-RGNN,8,1.0,0.24,0.2692307692307692,1.0,0.514,0.5738095238095238
509,St. Louis,Commute Time,bg,1397,Feat-RGNN,9,1.0,0.28,0.3076923076923077,1.0,0.6260000000000001,0.5557142857142858
510,St. Louis,Commute Time,bg,1397,Feat\&PC-RGNN,0,1.0,0.28,0.15384615384615385,1.0,0.5960000000000001,0.6030952380952381
511,St. Louis,Commute Time,bg,1397,Feat\&PC-RGNN,1,1.0,0.32,0.07692307692307693,1.0,0.6700000000000002,0.4642857142857143
512,St. Louis,Commute Time,bg,1397,Feat\&PC-RGNN,2,1.0,0.36,0.2692307692307692,1.0,0.6360000000000001,0.6204761904761906
513,St. Louis,Commute Time,bg,1397,Feat\&PC-RGNN,3,1.0,0.24,0.38461538461538464,1.0,0.512,0.6876190476190476
514,St. Louis,Commute Time,bg,1397,Feat\&PC-RGNN,4,1.0,0.36,0.3076923076923077,1.0,0.6460000000000001,0.7059523809523809
515,St. Louis,Commute Time,bg,1397,Feat\&PC-RGNN,5,1.0,0.2,0.4230769230769231,1.0,0.578,0.700952380952381
516,St. Louis,Commute Time,bg,1397,Feat\&PC-RGNN,6,1.0,0.28,0.4230769230769231,1.0,0.6500000000000001,0.7138095238095239
517,St. Louis,Commute Time,bg,1397,Feat\&PC-RGNN,7,1.0,0.36,0.38461538461538464,1.0,0.692,0.6773809523809524
518,St. Louis,Commute Time,bg,1397,Feat\&PC-RGNN,8,1.0,0.32,0.4230769230769231,1.0,0.6980000000000001,0.7202380952380952
519,St. Louis,Commute Time,bg,1397,Feat\&PC-RGNN,9,1.0,0.24,0.38461538461538464,1.0,0.642,0.660952380952381
520,St. Louis,Commute Time,bg,1397,LightGCN,0,1.0,0.24,0.23076923076923078,1.0,0.52,0.6173809523809524
521,St. Louis,Commute Time,bg,1397,LightGCN,1,1.0,0.28,0.3076923076923077,1.0,0.6530000000000001,0.5809523809523809
522,St. Louis,Commute Time,bg,1397,LightGCN,2,1.0,0.32,0.2692307692307692,1.0,0.6,0.6416666666666666
523,St. Louis,Commute Time,bg,1397,LightGCN,3,1.0,0.12,0.2692307692307692,1.0,0.528,0.6545238095238096
524,St. Louis,Commute Time,bg,1397,LightGCN,4,1.0,0.28,0.3076923076923077,1.0,0.654,0.5240476190476191
525,St. Louis,Commute Time,bg,1397,LightGCN,5,1.0,0.24,0.34615384615384615,1.0,0.548,0.6428571428571429
526,St. Louis,Commute Time,bg,1397,LightGCN,6,1.0,0.28,0.3076923076923077,1.0,0.602,0.6002380952380953
527,St. Louis,Commute Time,bg,1397,LightGCN,7,1.0,0.16,0.4230769230769231,1.0,0.6079999999999999,0.6754761904761906
528,St. Louis,Commute Time,bg,1397,LightGCN,8,1.0,0.32,0.19230769230769232,1.0,0.5900000000000001,0.5645238095238095
529,St. Louis,Commute Time,bg,1397,LightGCN,9,1.0,0.32,0.23076923076923078,1.0,0.6220000000000001,0.5676190476190477
530,St. Louis,Commute Time,bg,1397,Feat-LightGCN,0,1.0,0.2,0.38461538461538464,1.0,0.562,0.652142857142857
531,St. Louis,Commute Time,bg,1397,Feat-LightGCN,1,1.0,0.12,0.15384615384615385,1.0,0.5539999999999999,0.6090476190476191
532,St. Louis,Commute Time,bg,1397,Feat-LightGCN,2,1.0,0.16,0.3076923076923077,1.0,0.4600000000000001,0.7076190476190476
533,St. Louis,Commute Time,bg,1397,Feat-LightGCN,3,1.0,0.08,0.19230769230769232,1.0,0.434,0.5511904761904762
534,St. Louis,Commute Time,bg,1397,Feat-LightGCN,4,1.0,0.36,0.15384615384615385,1.0,0.648,0.5473809523809523
535,St. Louis,Commute Time,bg,1397,Feat-LightGCN,5,1.0,0.24,0.2692307692307692,1.0,0.506,0.6361904761904762
536,St. Louis,Commute Time,bg,1397,Feat-LightGCN,6,1.0,0.32,0.3076923076923077,1.0,0.616,0.5452380952380953
537,St. Louis,Commute Time,bg,1397,Feat-LightGCN,7,1.0,0.16,0.07692307692307693,1.0,0.508,0.44904761904761903
538,St. Louis,Commute Time,bg,1397,Feat-LightGCN,8,1.0,0.32,0.2692307692307692,1.0,0.598,0.5697619047619048
539,St. Louis,Commute Time,bg,1397,Feat-LightGCN,9,1.0,0.28,0.2692307692307692,1.0,0.6160000000000001,0.608095238095238
540,St. Louis,Commute Time,bg,1397,Feat\&PC-LightGCN,0,1.0,0.2,0.19230769230769232,1.0,0.544,0.4764285714285714
541,St. Louis,Commute Time,bg,1397,Feat\&PC-LightGCN,1,1.0,0.2,0.23076923076923078,1.0,0.5850000000000001,0.5904761904761905
542,St. Louis,Commute Time,bg,1397,Feat\&PC-LightGCN,2,1.0,0.28,0.23076923076923078,1.0,0.626,0.5819047619047619
543,St. Louis,Commute Time,bg,1397,Feat\&PC-LightGCN,3,1.0,0.24,0.38461538461538464,1.0,0.564,0.6902380952380952
544,St. Louis,Commute Time,bg,1397,Feat\&PC-LightGCN,4,1.0,0.24,0.38461538461538464,1.0,0.583,0.625
545,St. Louis,Commute Time,bg,1397,Feat\&PC-LightGCN,5,1.0,0.32,0.4230769230769231,1.0,0.5820000000000001,0.6480952380952381
546,St. Louis,Commute Time,bg,1397,Feat\&PC-LightGCN,6,1.0,0.32,0.2692307692307692,1.0,0.652,0.5576190476190477
547,St. Louis,Commute Time,bg,1397,Feat\&PC-LightGCN,7,1.0,0.24,0.19230769230769232,1.0,0.516,0.5238095238095238
548,St. Louis,Commute Time,bg,1397,Feat\&PC-LightGCN,8,1.0,0.24,0.38461538461538464,1.0,0.6039999999999999,0.6976190476190476
549,St. Louis,Commute Time,bg,1397,Feat\&PC-LightGCN,9,1.0,0.28,0.3076923076923077,1.0,0.6140000000000001,0.6695238095238095
550,St. Louis,Commute Time,bg,1397,NoPreTrain,0,1.0,0.24,0.23076923076923078,1.0,0.506,0.5816666666666668
551,St. Louis,Commute Time,bg,1397,NoPreTrain,1,1.0,0.2,0.2692307692307692,1.0,0.41600000000000004,0.6088095238095238
552,St. Louis,Commute Time,bg,1397,NoPreTrain,2,1.0,0.2,0.07692307692307693,1.0,0.53,0.45166666666666666
553,St. Louis,Commute Time,bg,1397,NoPreTrain,3,1.0,0.16,0.3076923076923077,1.0,0.488,0.5633333333333332
554,St. Louis,Commute Time,bg,1397,NoPreTrain,4,1.0,0.2,0.19230769230769232,1.0,0.622,0.5502380952380952
555,St. Louis,Commute Time,bg,1397,NoPreTrain,5,1.0,0.08,0.19230769230769232,1.0,0.388,0.5573809523809523
556,St. Louis,Commute Time,bg,1397,NoPreTrain,6,1.0,0.24,0.2692307692307692,1.0,0.53,0.47928571428571437
557,St. Louis,Commute Time,bg,1397,NoPreTrain,7,1.0,0.2,0.11538461538461539,1.0,0.504,0.4797619047619047
558,St. Louis,Commute Time,bg,1397,NoPreTrain,8,1.0,0.24,0.38461538461538464,1.0,0.40199999999999997,0.63
559,St. Louis,Commute Time,bg,1397,NoPreTrain,9,1.0,0.32,0.15384615384615385,1.0,0.564,0.49285714285714277
560,St. Louis,Median Age,bg,9395,Emb,0,1.0,0.2682926829268293,0.17575757575757575,1.0,0.55369498901226,0.5194244992301227
561,St. Louis,Median Age,bg,9395,Emb,1,1.0,0.25,0.28484848484848485,1.0,0.5404056066389081,0.5882163736993302
562,St. Louis,Median Age,bg,9395,Emb,2,1.0,0.22560975609756098,0.2727272727272727,1.0,0.5411693268563498,0.5787737946827916
563,St. Louis,Median Age,bg,9395,Emb,3,1.0,0.24390243902439024,0.18787878787878787,1.0,0.5517070755262549,0.5093194570272994
564,St. Louis,Median Age,bg,9395,Emb,4,1.0,0.22560975609756098,0.18787878787878787,1.0,0.5152950063613232,0.507461497064695
565,St. Louis,Median Age,bg,9395,Emb,5,1.0,0.24390243902439024,0.20606060606060606,1.0,0.5444099872773538,0.5146819392948483
566,St. Louis,Median Age,bg,9395,Emb,6,1.0,0.25609756097560976,0.24242424242424243,1.0,0.5512747947027525,0.5313058625238903
567,St. Louis,Median Age,bg,9395,Emb,7,1.0,0.15853658536585366,0.2545454545454545,1.0,0.4878571015498497,0.546170657161235
568,St. Louis,Median Age,bg,9395,Emb,8,1.0,0.23780487804878048,0.24242424242424243,1.0,0.5197085357390702,0.5307454799908091
569,St. Louis,Median Age,bg,9395,Emb,9,1.0,0.1951219512195122,0.22424242424242424,1.0,0.531159278857275,0.5521888214797577
570,St. Louis,Median Age,bg,9395,RGNN,0,0.7612244897959184,0.2621951219512195,0.23636363636363636,0.9605094551463876,0.5334301989359241,0.5359918431322448
571,St. Louis,Median Age,bg,9395,RGNN,1,0.7775510204081633,0.24390243902439024,0.2545454545454545,0.9664295035216195,0.5280754828822577,0.5515814439852533
572,St. Louis,Median Age,bg,9395,RGNN,2,0.7653061224489796,0.22560975609756098,0.2727272727272727,0.9521449990096761,0.5405588566967384,0.5460320038390151
573,St. Louis,Median Age,bg,9395,RGNN,3,0.8081632653061225,0.21951219512195122,0.28484848484848485,0.9670697616611665,0.5327112971316216,0.575587630600919
574,St. Louis,Median Age,bg,9395,RGNN,4,0.8,0.2621951219512195,0.22424242424242424,0.9753135239694609,0.5466382575757576,0.5113334496998421
575,St. Louis,Median Age,bg,9395,RGNN,5,0.7857142857142857,0.2804878048780488,0.19393939393939394,0.9595291206931975,0.5587515180430257,0.5182417494489004
576,St. Louis,Median Age,bg,9395,RGNN,6,0.6938775510204082,0.22560975609756098,0.2545454545454545,0.9106996466406185,0.5157540336571825,0.5695660219540292
577,St. Louis,Median Age,bg,9395,RGNN,7,0.763265306122449,0.23170731707317074,0.26666666666666666,0.9445466790595688,0.5173450873236178,0.5379187707731429
578,St. Louis,Median Age,bg,9395,RGNN,8,0.7775510204081633,0.22560975609756098,0.2606060606060606,0.9608052894673621,0.5634917881101087,0.5522722826351172
579,St. Louis,Median Age,bg,9395,RGNN,9,0.7591836734693878,0.23780487804878048,0.22424242424242424,0.9475528343450872,0.5432877197547998,0.535038332726315
580,St. Louis,Median Age,bg,9395,Feat-RGNN,0,0.6632653061224489,0.23170731707317074,0.20606060606060606,0.9271074303455767,0.5161718569280591,0.5398031853074953
581,St. Louis,Median Age,bg,9395,Feat-RGNN,1,0.5877551020408164,0.23780487804878048,0.2727272727272727,0.8741482872004586,0.5268433379597501,0.5588587629168592
582,St. Louis,Median Age,bg,9395,Feat-RGNN,2,0.6448979591836734,0.27439024390243905,0.296969696969697,0.9124753650773272,0.5549105077492482,0.5988939045646715
583,St. Louis,Median Age,bg,9395,Feat-RGNN,3,0.7428571428571429,0.3048780487804878,0.2606060606060606,0.9576819249121231,0.5843215070552857,0.5445842922446126
584,St. Louis,Median Age,bg,9395,Feat-RGNN,4,0.8387755102040816,0.22560975609756098,0.24242424242424243,0.971498879255746,0.5046137664816099,0.5286252774471257
585,St. Louis,Median Age,bg,9395,Feat-RGNN,5,0.7775510204081633,0.25609756097560976,0.24242424242424243,0.948261836518489,0.5463266973166783,0.5340700447999703
586,St. Louis,Median Age,bg,9395,Feat-RGNN,6,0.5775510204081633,0.20121951219512196,0.24848484848484848,0.9317072909308133,0.5363003845708998,0.5492975680449899
587,St. Louis,Median Age,bg,9395,Feat-RGNN,7,0.6959183673469388,0.2073170731707317,0.24242424242424243,0.9275347275114004,0.5419258182974787,0.5362586293411873
588,St. Louis,Median Age,bg,9395,Feat-RGNN,8,0.789795918367347,0.27439024390243905,0.23030303030303031,0.9633927913082854,0.5549520732130465,0.5332510345099427
589,St. Louis,Median Age,bg,9395,Feat-RGNN,9,0.7122448979591837,0.27439024390243905,0.21818181818181817,0.9397626599321682,0.552828981609993,0.5631854507395256
590,St. Louis,Median Age,bg,9395,Feat\&PC-RGNN,0,0.7693877551020408,0.25,0.30303030303030304,0.9529518237066925,0.5747173548461716,0.5929555027149283
591,St. Louis,Median Age,bg,9395,Feat\&PC-RGNN,1,0.6591836734693878,0.21341463414634146,0.21212121212121213,0.9091213503711819,0.5398132084200787,0.5374546479519725
592,St. Louis,Median Age,bg,9395,Feat\&PC-RGNN,2,0.5836734693877551,0.2682926829268293,0.23030303030303031,0.9109531924393156,0.5644734559333796,0.5418344833099298
593,St. Louis,Median Age,bg,9395,Feat\&PC-RGNN,3,0.8204081632653061,0.3170731707317073,0.20606060606060606,0.9693593126229176,0.6035984848484849,0.5147732949912674
594,St. Louis,Median Age,bg,9395,Feat\&PC-RGNN,4,0.8489795918367347,0.20121951219512196,0.23636363636363636,0.9785128275880604,0.5271736930372427,0.5372095512109972
595,St. Louis,Median Age,bg,9395,Feat\&PC-RGNN,5,0.8183673469387756,0.27439024390243905,0.18787878787878787,0.961622258293457,0.5802972472819801,0.512904424249127
596,St. Louis,Median Age,bg,9395,Feat\&PC-RGNN,6,0.6979591836734694,0.27439024390243905,0.2787878787878788,0.9383096174783047,0.5377284293314828,0.5712261154092243
597,St. Louis,Median Age,bg,9395,Feat\&PC-RGNN,7,0.6346938775510204,0.22560975609756098,0.24242424242424243,0.9138944468423565,0.5048194251677076,0.5719437314857566
598,St. Louis,Median Age,bg,9395,Feat\&PC-RGNN,8,0.7755102040816326,0.2073170731707317,0.23636363636363636,0.9531458318162971,0.52551613462873,0.5336243580372292
599,St. Louis,Median Age,bg,9395,Feat\&PC-RGNN,9,0.6979591836734694,0.2682926829268293,0.21818181818181817,0.9420188755344541,0.5941880638445524,0.5281866751622581
600,St. Louis,Median Age,bg,9395,LightGCN,0,0.8428571428571429,0.25609756097560976,0.18787878787878787,0.9792467133696086,0.5669063006014341,0.552532477154947
601,St. Louis,Median Age,bg,9395,LightGCN,1,0.7428571428571429,0.2621951219512195,0.2909090909090909,0.9477055282898552,0.5484132835993523,0.5737057277546124
602,St. Louis,Median Age,bg,9395,LightGCN,2,0.7795918367346939,0.18902439024390244,0.23636363636363636,0.9600575527937945,0.5102272727272728,0.5692413979970405
603,St. Louis,Median Age,bg,9395,LightGCN,3,0.7122448979591837,0.29878048780487804,0.22424242424242424,0.9482456456986581,0.5962316389081657,0.5360128167466418
604,St. Louis,Median Age,bg,9395,LightGCN,4,0.7142857142857143,0.23780487804878048,0.22424242424242424,0.9420198818727032,0.5487935172334028,0.5017386939601636
605,St. Louis,Median Age,bg,9395,LightGCN,5,0.789795918367347,0.25609756097560976,0.21212121212121213,0.9636582591794565,0.5567032442748092,0.5376080187267728
606,St. Louis,Median Age,bg,9395,LightGCN,6,0.8040816326530612,0.23170731707317074,0.18787878787878787,0.9678576547106628,0.5308307309738607,0.5461911466482648
607,St. Louis,Median Age,bg,9395,LightGCN,7,0.7428571428571429,0.22560975609756098,0.2606060606060606,0.9435535761937848,0.5425731552162849,0.5497355028987124
608,St. Louis,Median Age,bg,9395,LightGCN,8,0.826530612244898,0.25609756097560976,0.24242424242424243,0.9754299093514284,0.5754485455702059,0.5827945011433645
609,St. Louis,Median Age,bg,9395,LightGCN,9,0.7428571428571429,0.2621951219512195,0.2545454545454545,0.9458295275011934,0.5483919587092296,0.5646265207497597
610,St. Louis,Median Age,bg,9395,Feat-LightGCN,0,1.0,0.25,0.22424242424242424,1.0,0.5634896194772149,0.5126845581493358
611,St. Louis,Median Age,bg,9395,Feat-LightGCN,1,0.9734693877551021,0.18902439024390244,0.23636363636363636,0.9985182998552101,0.529341603053435,0.5236411558016727
612,St. Louis,Median Age,bg,9395,Feat-LightGCN,2,0.9816326530612245,0.23780487804878048,0.28484848484848485,0.9990036882862903,0.5425370113347213,0.5671585592545034
613,St. Louis,Median Age,bg,9395,Feat-LightGCN,3,0.9877551020408163,0.27439024390243905,0.26666666666666666,0.9984333253154146,0.5726705268332177,0.5563250567740242
614,St. Louis,Median Age,bg,9395,Feat-LightGCN,4,0.9938775510204082,0.20121951219512196,0.17575757575757575,0.999732446638329,0.5439625260235947,0.4998021551751412
615,St. Louis,Median Age,bg,9395,Feat-LightGCN,5,1.0,0.3048780487804878,0.23030303030303031,1.0,0.5925286982419615,0.5390904223050559
616,St. Louis,Median Age,bg,9395,Feat-LightGCN,6,0.9836734693877551,0.23780487804878048,0.21212121212121213,0.9994725001076497,0.5407341545223224,0.5345106817955265
617,St. Louis,Median Age,bg,9395,Feat-LightGCN,7,0.9734693877551021,0.23170731707317074,0.2545454545454545,0.9980130746815942,0.5560902440434884,0.5527873533268662
618,St. Louis,Median Age,bg,9395,Feat-LightGCN,8,0.9979591836734694,0.2621951219512195,0.24848484848484848,0.9998802582257393,0.5521979094378903,0.5358235943106029
619,St. Louis,Median Age,bg,9395,Feat-LightGCN,9,0.9163265306122449,0.21341463414634146,0.24848484848484848,0.9990357667396663,0.5452105742539903,0.5482821421376464
620,St. Louis,Median Age,bg,9395,Feat\&PC-LightGCN,0,1.0,0.2865853658536585,0.23636363636363636,1.0,0.5819327579227388,0.5223617503064986
621,St. Louis,Median Age,bg,9395,Feat\&PC-LightGCN,1,0.9877551020408163,0.25,0.2787878787878788,0.999608466189201,0.5544861785796901,0.5849639522967272
622,St. Louis,Median Age,bg,9395,Feat\&PC-LightGCN,2,0.9959183673469387,0.24390243902439024,0.2787878787878788,0.9997533343599867,0.5507109501503585,0.5594893986573929
623,St. Louis,Median Age,bg,9395,Feat\&PC-LightGCN,3,1.0,0.2865853658536585,0.21212121212121213,1.0,0.575930704950266,0.5110482850200845
624,St. Louis,Median Age,bg,9395,Feat\&PC-LightGCN,4,0.9897959183673469,0.24390243902439024,0.22424242424242424,0.9999268130738708,0.5767880378209577,0.5304556436805713
625,St. Louis,Median Age,bg,9395,Feat\&PC-LightGCN,5,1.0,0.23780487804878048,0.22424242424242424,1.0,0.5990092962063382,0.5310399233876706
626,St. Louis,Median Age,bg,9395,Feat\&PC-LightGCN,6,0.9959183673469387,0.23170731707317074,0.22424242424242424,0.9999841370558376,0.5611424358084662,0.5328167059545956
627,St. Louis,Median Age,bg,9395,Feat\&PC-LightGCN,7,0.9979591836734694,0.22560975609756098,0.23030303030303031,0.9999790141916529,0.5474684825352765,0.554574142400525
628,St. Louis,Median Age,bg,9395,Feat\&PC-LightGCN,8,0.7836734693877551,0.22560975609756098,0.24848484848484848,0.9891077292932324,0.5416728111265325,0.564523928105465
629,St. Louis,Median Age,bg,9395,Feat\&PC-LightGCN,9,0.9979591836734694,0.25609756097560976,0.23030303030303031,0.9999333333333332,0.5527306702521397,0.5210177187973342
630,St. Louis,Median Age,bg,9395,NoPreTrain,0,1.0,0.20121951219512196,0.19393939393939394,1.0,0.4805636276891049,0.511370355764715
631,St. Louis,Median Age,bg,9395,NoPreTrain,1,1.0,0.12195121951219512,0.21818181818181817,1.0,0.4414299242424242,0.506962570010301
632,St. Louis,Median Age,bg,9395,NoPreTrain,2,1.0,0.23780487804878048,0.18181818181818182,1.0,0.5412636623872311,0.5088504810351523
633,St. Louis,Median Age,bg,9395,NoPreTrain,3,0.9938775510204082,0.1951219512195122,0.21212121212121213,0.999932713936856,0.5013568413139023,0.5322760389151239
634,St. Louis,Median Age,bg,9395,NoPreTrain,4,0.9979591836734694,0.1951219512195122,0.24242424242424243,1.0,0.48899960964607914,0.5300751124975976
635,St. Louis,Median Age,bg,9395,NoPreTrain,5,0.9979591836734694,0.16463414634146342,0.18181818181818182,1.0,0.4956276746472358,0.47383025969093434
636,St. Louis,Median Age,bg,9395,NoPreTrain,6,1.0,0.2073170731707317,0.20606060606060606,1.0,0.520644300832755,0.5236067085070213
637,St. Louis,Median Age,bg,9395,NoPreTrain,7,1.0,0.22560975609756098,0.2606060606060606,1.0,0.5214101896830904,0.5140825032136912
638,St. Louis,Median Age,bg,9395,NoPreTrain,8,1.0,0.18902439024390244,0.23636363636363636,1.0,0.48969068066157756,0.5327589431944585
639,St. Louis,Median Age,bg,9395,NoPreTrain,9,1.0,0.21341463414634146,0.23030303030303031,1.0,0.5104828099699283,0.49966401622734946
640,Indianapolis,Median Income,bg,6145,Emb,0,1.0,0.20202020202020202,0.34,1.0,0.5428947368421053,0.61275
641,Indianapolis,Median Income,bg,6145,Emb,1,1.0,0.32323232323232326,0.25,1.0,0.6552265156562291,0.60075
642,Indianapolis,Median Income,bg,6145,Emb,2,1.0,0.31313131313131315,0.32,1.0,0.6160309793471019,0.6279999999999999
643,Indianapolis,Median Income,bg,6145,Emb,3,1.0,0.25252525252525254,0.32,1.0,0.6218854097268488,0.637
644,Indianapolis,Median Income,bg,6145,Emb,4,1.0,0.32323232323232326,0.25,1.0,0.6168321119253831,0.5627500000000001
645,Indianapolis,Median Income,bg,6145,Emb,5,1.0,0.37373737373737376,0.26,1.0,0.6638874083944037,0.5504999999999999
646,Indianapolis,Median Income,bg,6145,Emb,6,1.0,0.3333333333333333,0.27,1.0,0.6367854763491005,0.5975625000000001
647,Indianapolis,Median Income,bg,6145,Emb,7,1.0,0.24242424242424243,0.34,1.0,0.5529147235176548,0.6295
648,Indianapolis,Median Income,bg,6145,Emb,8,1.0,0.20202020202020202,0.23,1.0,0.5640589606928714,0.550875
649,Indianapolis,Median Income,bg,6145,Emb,9,1.0,0.2727272727272727,0.35,1.0,0.5893237841439041,0.6300000000000001
650,Indianapolis,Median Income,bg,6145,RGNN,0,0.906896551724138,0.2727272727272727,0.31,0.9855380499405471,0.5768104596935376,0.601
651,Indianapolis,Median Income,bg,6145,RGNN,1,0.8827586206896552,0.30303030303030304,0.34,0.9854488703923898,0.6334193870752831,0.59425
652,Indianapolis,Median Income,bg,6145,RGNN,2,0.9655172413793104,0.3434343434343434,0.32,0.9962544589774078,0.627356762158561,0.653875
653,Indianapolis,Median Income,bg,6145,RGNN,3,0.9310344827586207,0.25252525252525254,0.36,0.9982312722948871,0.5811558960692871,0.6303750000000001
654,Indianapolis,Median Income,bg,6145,RGNN,4,0.9724137931034482,0.35353535353535354,0.26,0.9978596908442331,0.6494437041972019,0.579875
655,Indianapolis,Median Income,bg,6145,RGNN,5,0.9275862068965517,0.31313131313131315,0.22,0.9924048751486326,0.6267738174550299,0.522875
656,Indianapolis,Median Income,bg,6145,RGNN,6,0.9310344827586207,0.3333333333333333,0.32,0.9952437574316291,0.6286725516322452,0.6205
657,Indianapolis,Median Income,bg,6145,RGNN,7,0.6448275862068965,0.25252525252525254,0.28,0.9242122473246136,0.6257794803464358,0.61825
658,Indianapolis,Median Income,bg,6145,RGNN,8,0.9758620689655172,0.20202020202020202,0.22,0.9981420927467302,0.5162008660892738,0.59275
659,Indianapolis,Median Income,bg,6145,RGNN,9,0.9655172413793104,0.3434343434343434,0.34,0.9987812128418548,0.6303930712858096,0.629875
660,Indianapolis,Median Income,bg,6145,Feat-RGNN,0,0.903448275862069,0.1919191919191919,0.32,0.9914387633769323,0.5545802798134577,0.61375
661,Indianapolis,Median Income,bg,6145,Feat-RGNN,1,0.7275862068965517,0.3333333333333333,0.23,0.9688614744351962,0.6233161225849434,0.599125
662,Indianapolis,Median Income,bg,6145,Feat-RGNN,2,0.8206896551724138,0.37373737373737376,0.29,0.9711355529131985,0.6399850099933377,0.6198750000000001
663,Indianapolis,Median Income,bg,6145,Feat-RGNN,3,0.8689655172413793,0.30303030303030304,0.31,0.9860582639714626,0.6133927381745503,0.649875
664,Indianapolis,Median Income,bg,6145,Feat-RGNN,4,0.9206896551724137,0.41414141414141414,0.26,0.9922413793103448,0.7141522318454363,0.593
665,Indianapolis,Median Income,bg,6145,Feat-RGNN,5,0.9103448275862069,0.32323232323232326,0.21,0.9901753864447087,0.6467288474350432,0.572125
666,Indianapolis,Median Income,bg,6145,Feat-RGNN,6,0.9344827586206896,0.40404040404040403,0.22,0.9928507728894174,0.6596269153897402,0.575125
667,Indianapolis,Median Income,bg,6145,Feat-RGNN,7,0.9655172413793104,0.30303030303030304,0.35,0.9986474435196195,0.6431279147235176,0.6651875
668,Indianapolis,Median Income,bg,6145,Feat-RGNN,8,0.8482758620689655,0.3434343434343434,0.32,0.9799494649227111,0.6406678880746168,0.66075
669,Indianapolis,Median Income,bg,6145,Feat-RGNN,9,0.9896551724137931,0.2828282828282828,0.39,0.9998365041617122,0.6088874083944038,0.636875
670,Indianapolis,Median Income,bg,6145,Feat\&PC-RGNN,0,0.8310344827586207,0.29292929292929293,0.33,0.9749851367419737,0.6642188540972686,0.6946249999999999
671,Indianapolis,Median Income,bg,6145,Feat\&PC-RGNN,1,0.8862068965517241,0.40404040404040403,0.3,0.9905618311533887,0.6926865423051299,0.6101249999999999
672,Indianapolis,Median Income,bg,6145,Feat\&PC-RGNN,2,0.9310344827586207,0.3434343434343434,0.25,0.9973692033293698,0.6374350433044637,0.625875
673,Indianapolis,Median Income,bg,6145,Feat\&PC-RGNN,3,0.996551724137931,0.3333333333333333,0.35,1.0,0.6441755496335775,0.6753750000000001
674,Indianapolis,Median Income,bg,6145,Feat\&PC-RGNN,4,0.9241379310344827,0.29292929292929293,0.31,0.9958085612366231,0.6254696868754165,0.628375
675,Indianapolis,Median Income,bg,6145,Feat\&PC-RGNN,5,0.903448275862069,0.42424242424242425,0.3,0.9886741973840666,0.7218121252498335,0.6227499999999999
676,Indianapolis,Median Income,bg,6145,Feat\&PC-RGNN,6,0.9862068965517241,0.32323232323232326,0.33,0.999539239001189,0.6758577614923384,0.6365
677,Indianapolis,Median Income,bg,6145,Feat\&PC-RGNN,7,0.3793103448275862,0.21212121212121213,0.29,0.9028463139120095,0.6409560293137908,0.6619375
678,Indianapolis,Median Income,bg,6145,Feat\&PC-RGNN,8,0.9172413793103448,0.29292929292929293,0.33,0.9921967895362662,0.5945869420386409,0.648625
679,Indianapolis,Median Income,bg,6145,Feat\&PC-RGNN,9,0.9448275862068966,0.3434343434343434,0.41,0.9972800237812128,0.6754280479680214,0.68675
680,Indianapolis,Median Income,bg,6145,LightGCN,0,0.8620689655172413,0.31313131313131315,0.31,0.9797265160523188,0.6412091938707529,0.631625
681,Indianapolis,Median Income,bg,6145,LightGCN,1,0.8517241379310345,0.46464646464646464,0.39,0.9817033293697979,0.7026165889407061,0.678875
682,Indianapolis,Median Income,bg,6145,LightGCN,2,0.7586206896551724,0.37373737373737376,0.44,0.9778537455410226,0.6870919387075283,0.73275
683,Indianapolis,Median Income,bg,6145,LightGCN,3,0.8413793103448276,0.3939393939393939,0.33,0.9811087990487515,0.6950916055962691,0.6592500000000001
684,Indianapolis,Median Income,bg,6145,LightGCN,4,0.9482758620689655,0.41414141414141414,0.25,0.9954815695600476,0.7239340439706862,0.588125
685,Indianapolis,Median Income,bg,6145,LightGCN,5,0.8655172413793103,0.3333333333333333,0.28,0.9835760998810941,0.6868121252498336,0.62675
686,Indianapolis,Median Income,bg,6145,LightGCN,6,0.896551724137931,0.42424242424242425,0.27,0.9910671819262783,0.6942938041305796,0.658625
687,Indianapolis,Median Income,bg,6145,LightGCN,7,0.9655172413793104,0.3838383838383838,0.35,0.9988555291319857,0.7101848767488341,0.66475
688,Indianapolis,Median Income,bg,6145,LightGCN,8,0.9103448275862069,0.2828282828282828,0.22,0.992167063020214,0.6347085276482345,0.64325
689,Indianapolis,Median Income,bg,6145,LightGCN,9,0.9137931034482759,0.3838383838383838,0.45,0.9918846611177171,0.6738674217188542,0.7265
690,Indianapolis,Median Income,bg,6145,Feat-LightGCN,0,1.0,0.29292929292929293,0.25,1.0,0.6560676215856096,0.6136250000000001
691,Indianapolis,Median Income,bg,6145,Feat-LightGCN,1,1.0,0.3838383838383838,0.42,1.0,0.7248534310459693,0.6960000000000001
692,Indianapolis,Median Income,bg,6145,Feat-LightGCN,2,1.0,0.32323232323232326,0.35,1.0,0.6650383077948036,0.6936249999999999
693,Indianapolis,Median Income,bg,6145,Feat-LightGCN,3,1.0,0.3434343434343434,0.4,1.0,0.6579646902065289,0.7338749999999999
694,Indianapolis,Median Income,bg,6145,Feat-LightGCN,4,1.0,0.3838383838383838,0.4,1.0,0.7059926715522985,0.660875
695,Indianapolis,Median Income,bg,6145,Feat-LightGCN,5,1.0,0.35353535353535354,0.3,1.0,0.6860676215856095,0.627375
696,Indianapolis,Median Income,bg,6145,Feat-LightGCN,6,1.0,0.3434343434343434,0.3,1.0,0.667068620919387,0.6845
697,Indianapolis,Median Income,bg,6145,Feat-LightGCN,7,1.0,0.3939393939393939,0.32,1.0,0.6877131912058627,0.650875
698,Indianapolis,Median Income,bg,6145,Feat-LightGCN,8,1.0,0.30303030303030304,0.33,1.0,0.6122418387741505,0.6528750000000001
699,Indianapolis,Median Income,bg,6145,Feat-LightGCN,9,1.0,0.37373737373737376,0.39,1.0,0.6899183877415057,0.705
700,Indianapolis,Median Income,bg,6145,Feat\&PC-LightGCN,0,1.0,0.4444444444444444,0.42,1.0,0.7083461025982677,0.7002500000000002
701,Indianapolis,Median Income,bg,6145,Feat\&PC-LightGCN,1,1.0,0.3939393939393939,0.38,1.0,0.7371985343104598,0.722
702,Indianapolis,Median Income,bg,6145,Feat\&PC-LightGCN,2,1.0,0.40404040404040403,0.45,1.0,0.7294986675549634,0.75325
703,Indianapolis,Median Income,bg,6145,Feat\&PC-LightGCN,3,1.0,0.3939393939393939,0.38,1.0,0.7054247168554297,0.701875
704,Indianapolis,Median Income,bg,6145,Feat\&PC-LightGCN,4,1.0,0.37373737373737376,0.39,1.0,0.7036883744170552,0.7005
705,Indianapolis,Median Income,bg,6145,Feat\&PC-LightGCN,5,1.0,0.4444444444444444,0.27,1.0,0.7338307794803465,0.647125
706,Indianapolis,Median Income,bg,6145,Feat\&PC-LightGCN,6,1.0,0.31313131313131315,0.35,1.0,0.6694087275149899,0.7025
707,Indianapolis,Median Income,bg,6145,Feat\&PC-LightGCN,7,1.0,0.3838383838383838,0.41,1.0,0.7020303131245835,0.714125
708,Indianapolis,Median Income,bg,6145,Feat\&PC-LightGCN,8,1.0,0.3939393939393939,0.4,1.0,0.7008727514990006,0.711625
709,Indianapolis,Median Income,bg,6145,Feat\&PC-LightGCN,9,1.0,0.40404040404040403,0.36,1.0,0.7122834776815455,0.6985625
710,Indianapolis,Median Income,bg,6145,NoPreTrain,0,1.0,0.23232323232323232,0.18,1.0,0.513759160559627,0.5145625
711,Indianapolis,Median Income,bg,6145,NoPreTrain,1,1.0,0.21212121212121213,0.26,1.0,0.5437475016655563,0.538625
712,Indianapolis,Median Income,bg,6145,NoPreTrain,2,1.0,0.24242424242424243,0.26,1.0,0.5388307794803464,0.5507500000000001
713,Indianapolis,Median Income,bg,6145,NoPreTrain,3,1.0,0.2222222222222222,0.25,1.0,0.5815656229180546,0.5615
714,Indianapolis,Median Income,bg,6145,NoPreTrain,4,1.0,0.24242424242424243,0.23,1.0,0.6009243837441706,0.5014375
715,Indianapolis,Median Income,bg,6145,NoPreTrain,5,1.0,0.2828282828282828,0.26,1.0,0.6057228514323784,0.5395
716,Indianapolis,Median Income,bg,6145,NoPreTrain,6,1.0,0.20202020202020202,0.26,1.0,0.5067971352431713,0.6278750000000001
717,Indianapolis,Median Income,bg,6145,NoPreTrain,7,1.0,0.2828282828282828,0.25,1.0,0.5684660226515657,0.5411250000000001
718,Indianapolis,Median Income,bg,6145,NoPreTrain,8,1.0,0.15151515151515152,0.26,1.0,0.5170019986675549,0.575875
719,Indianapolis,Median Income,bg,6145,NoPreTrain,9,1.0,0.30303030303030304,0.31,1.0,0.6286958694203865,0.6223750000000001
720,Indianapolis,Median Home Value,bg,5784,Emb,0,1.0,0.3894736842105263,0.3368421052631579,1.0,0.6659279778393352,0.6462603878116344
721,Indianapolis,Median Home Value,bg,5784,Emb,1,1.0,0.28421052631578947,0.35789473684210527,1.0,0.5997229916897507,0.6630886426592798
722,Indianapolis,Median Home Value,bg,5784,Emb,2,1.0,0.3263157894736842,0.3473684210526316,1.0,0.6452908587257618,0.6479224376731303
723,Indianapolis,Median Home Value,bg,5784,Emb,3,1.0,0.35789473684210527,0.35789473684210527,1.0,0.6832409972299169,0.6873961218836566
724,Indianapolis,Median Home Value,bg,5784,Emb,4,1.0,0.35789473684210527,0.30526315789473685,1.0,0.6302631578947369,0.6184903047091412
725,Indianapolis,Median Home Value,bg,5784,Emb,5,1.0,0.2736842105263158,0.3157894736842105,1.0,0.634764542936288,0.6461218836565097
726,Indianapolis,Median Home Value,bg,5784,Emb,6,1.0,0.3473684210526316,0.28421052631578947,1.0,0.6282548476454293,0.6317174515235457
727,Indianapolis,Median Home Value,bg,5784,Emb,7,1.0,0.37894736842105264,0.3473684210526316,1.0,0.6888504155124653,0.6608033240997229
728,Indianapolis,Median Home Value,bg,5784,Emb,8,1.0,0.3473684210526316,0.3473684210526316,1.0,0.6254847645429363,0.660387811634349
729,Indianapolis,Median Home Value,bg,5784,Emb,9,1.0,0.3894736842105263,0.3368421052631579,1.0,0.6541551246537396,0.6786703601108034
730,Indianapolis,Median Home Value,bg,5784,RGNN,0,0.8392857142857143,0.3684210526315789,0.3473684210526316,0.9835088538445682,0.6457063711911357,0.6818559556786704
731,Indianapolis,Median Home Value,bg,5784,RGNN,1,0.9678571428571429,0.43157894736842106,0.37894736842105264,0.9982643436920224,0.7151662049861496,0.647229916897507
732,Indianapolis,Median Home Value,bg,5784,RGNN,2,0.9785714285714285,0.29473684210526313,0.3473684210526316,0.9992028061224489,0.6117728531855956,0.6782548476454293
733,Indianapolis,Median Home Value,bg,5784,RGNN,3,0.9928571428571429,0.3157894736842105,0.3894736842105263,0.9998405612244898,0.6858725761772855,0.6746537396121884
734,Indianapolis,Median Home Value,bg,5784,RGNN,4,0.9357142857142857,0.45263157894736844,0.3684210526315789,0.9929174345495774,0.7127423822714682,0.7006925207756234
735,Indianapolis,Median Home Value,bg,5784,RGNN,5,0.9964285714285714,0.37894736842105264,0.3263157894736842,0.9998565051020408,0.6777008310249307,0.6200831024930747
736,Indianapolis,Median Home Value,bg,5784,RGNN,6,0.9321428571428572,0.4105263157894737,0.3368421052631579,0.9974127370645227,0.7004155124653739,0.645152354570637
737,Indianapolis,Median Home Value,bg,5784,RGNN,7,0.8714285714285714,0.2631578947368421,0.3684210526315789,0.9819432877213222,0.6229916897506923,0.6950138504155123
738,Indianapolis,Median Home Value,bg,5784,RGNN,8,0.9964285714285714,0.3263157894736842,0.42105263157894735,1.0,0.6814404432132963,0.681994459833795
739,Indianapolis,Median Home Value,bg,5784,RGNN,9,0.9928571428571429,0.35789473684210527,0.35789473684210527,0.9973054846938776,0.689819944598338,0.6854570637119114
740,Indianapolis,Median Home Value,bg,5784,Feat-RGNN,0,0.8857142857142857,0.35789473684210527,0.3157894736842105,0.9843628943860535,0.6717451523545707,0.6800554016620498
741,Indianapolis,Median Home Value,bg,5784,Feat-RGNN,1,0.9928571428571429,0.4842105263157895,0.3473684210526316,0.9989477040816326,0.7254847645429363,0.6742382271468144
742,Indianapolis,Median Home Value,bg,5784,Feat-RGNN,2,0.9,0.35789473684210527,0.4631578947368421,0.9944867334054834,0.6509695290858726,0.7376731301939058
743,Indianapolis,Median Home Value,bg,5784,Feat-RGNN,3,0.9107142857142857,0.3368421052631579,0.43157894736842106,0.9901755050118866,0.6617728531855955,0.7236842105263157
744,Indianapolis,Median Home Value,bg,5784,Feat-RGNN,4,0.9,0.3473684210526316,0.3473684210526316,0.9884849291540734,0.6936288088642659,0.6797783933518005
745,Indianapolis,Median Home Value,bg,5784,Feat-RGNN,5,0.9714285714285714,0.3157894736842105,0.37894736842105264,0.995737323490002,0.6362880886426593,0.6731301939058172
746,Indianapolis,Median Home Value,bg,5784,Feat-RGNN,6,0.9071428571428571,0.37894736842105264,0.3368421052631579,0.9895445436608284,0.6664819944598338,0.6717451523545707
747,Indianapolis,Median Home Value,bg,5784,Feat-RGNN,7,0.9892857142857143,0.3263157894736842,0.3894736842105263,0.9999045379446398,0.6746537396121883,0.693213296398892
748,Indianapolis,Median Home Value,bg,5784,Feat-RGNN,8,0.9321428571428572,0.42105263157894735,0.3368421052631579,0.9944273450978042,0.7397506925207755,0.6578947368421052
749,Indianapolis,Median Home Value,bg,5784,Feat-RGNN,9,0.9857142857142858,0.3894736842105263,0.49473684210526314,0.9987723214285715,0.7250692520775623,0.7415512465373961
750,Indianapolis,Median Home Value,bg,5784,Feat\&PC-RGNN,0,0.9678571428571429,0.3263157894736842,0.3263157894736842,0.9968055632859205,0.6201523545706371,0.671606648199446
751,Indianapolis,Median Home Value,bg,5784,Feat\&PC-RGNN,1,0.9714285714285714,0.3684210526315789,0.37894736842105264,0.9995527004741291,0.7109418282548476,0.6765927977839334
752,Indianapolis,Median Home Value,bg,5784,Feat\&PC-RGNN,2,0.9107142857142857,0.3368421052631579,0.4631578947368421,0.9857847892187177,0.6614958448753463,0.7418282548476454
753,Indianapolis,Median Home Value,bg,5784,Feat\&PC-RGNN,3,0.9357142857142857,0.3157894736842105,0.4421052631578947,0.9948472721560856,0.6657894736842105,0.7378116343490305
754,Indianapolis,Median Home Value,bg,5784,Feat\&PC-RGNN,4,0.9535714285714286,0.3684210526315789,0.43157894736842106,0.9955181388015688,0.710803324099723,0.7164819944598337
755,Indianapolis,Median Home Value,bg,5784,Feat\&PC-RGNN,5,0.9678571428571429,0.4,0.43157894736842106,0.9969863894042466,0.7018005540166206,0.7131578947368421
756,Indianapolis,Median Home Value,bg,5784,Feat\&PC-RGNN,6,0.8607142857142858,0.5157894736842106,0.4631578947368421,0.9861744099154812,0.7760387811634348,0.7756232686980609
757,Indianapolis,Median Home Value,bg,5784,Feat\&PC-RGNN,7,0.975,0.3263157894736842,0.4421052631578947,0.9984840252009896,0.639196675900277,0.7440443213296399
758,Indianapolis,Median Home Value,bg,5784,Feat\&PC-RGNN,8,0.9428571428571428,0.3473684210526316,0.4,0.9968396284271284,0.7098337950138505,0.7249307479224377
759,Indianapolis,Median Home Value,bg,5784,Feat\&PC-RGNN,9,0.9321428571428572,0.37894736842105264,0.42105263157894735,0.9908960459183674,0.7124653739612189,0.7308864265927978
760,Indianapolis,Median Home Value,bg,5784,LightGCN,0,0.9285714285714286,0.45263157894736844,0.3684210526315789,0.9896857155741084,0.7306094182825484,0.7513850415512465
761,Indianapolis,Median Home Value,bg,5784,LightGCN,1,0.8821428571428571,0.42105263157894735,0.3263157894736842,0.981037154230832,0.7481994459833794,0.6559556786703601
762,Indianapolis,Median Home Value,bg,5784,LightGCN,2,0.9285714285714286,0.3263157894736842,0.3263157894736842,0.9912833694083695,0.6703601108033241,0.7045706371191136
763,Indianapolis,Median Home Value,bg,5784,LightGCN,3,0.9214285714285714,0.4842105263157895,0.4631578947368421,0.9924751919707278,0.7518005540166205,0.7738227146814405
764,Indianapolis,Median Home Value,bg,5784,LightGCN,4,0.95,0.4,0.37894736842105264,0.9959773526077097,0.7502770083102492,0.695567867036011
765,Indianapolis,Median Home Value,bg,5784,LightGCN,5,0.8464285714285714,0.43157894736842106,0.4,0.9804621822762869,0.7529085872576177,0.7313019390581716
766,Indianapolis,Median Home Value,bg,5784,LightGCN,6,0.85,0.37894736842105264,0.3684210526315789,0.9922786006307529,0.7228531855955678,0.7040166204986149
767,Indianapolis,Median Home Value,bg,5784,LightGCN,7,0.8214285714285714,0.3368421052631579,0.35789473684210527,0.9784011899866188,0.6739612188365651,0.714404432132964
768,Indianapolis,Median Home Value,bg,5784,LightGCN,8,0.9642857142857143,0.3894736842105263,0.3684210526315789,0.9954833591012162,0.7277008310249308,0.6646814404432133
769,Indianapolis,Median Home Value,bg,5784,LightGCN,9,0.925,0.4421052631578947,0.4421052631578947,0.9936282081014223,0.7558171745152356,0.7504155124653739
770,Indianapolis,Median Home Value,bg,5784,Feat-LightGCN,0,1.0,0.37894736842105264,0.3894736842105263,1.0,0.6602493074792244,0.7475069252077562
771,Indianapolis,Median Home Value,bg,5784,Feat-LightGCN,1,1.0,0.43157894736842106,0.4105263157894737,1.0,0.7371191135734072,0.7022160664819945
772,Indianapolis,Median Home Value,bg,5784,Feat-LightGCN,2,1.0,0.3684210526315789,0.42105263157894735,1.0,0.7070637119113572,0.7520775623268697
773,Indianapolis,Median Home Value,bg,5784,Feat-LightGCN,3,0.9964285714285714,0.42105263157894735,0.42105263157894735,0.9999681039805657,0.7401662049861495,0.7382271468144044
774,Indianapolis,Median Home Value,bg,5784,Feat-LightGCN,4,1.0,0.35789473684210527,0.3684210526315789,1.0,0.6929362880886426,0.6951523545706372
775,Indianapolis,Median Home Value,bg,5784,Feat-LightGCN,5,1.0,0.3894736842105263,0.43157894736842106,1.0,0.6940443213296399,0.6890581717451524
776,Indianapolis,Median Home Value,bg,5784,Feat-LightGCN,6,0.9857142857142858,0.3473684210526316,0.42105263157894735,0.9998396902700474,0.6822714681440443,0.7047091412742381
777,Indianapolis,Median Home Value,bg,5784,Feat-LightGCN,7,1.0,0.3368421052631579,0.4,1.0,0.6807479224376731,0.7076869806094184
778,Indianapolis,Median Home Value,bg,5784,Feat-LightGCN,8,1.0,0.3473684210526316,0.3894736842105263,1.0,0.6774930747922436,0.6783933518005539
779,Indianapolis,Median Home Value,bg,5784,Feat-LightGCN,9,1.0,0.4631578947368421,0.35789473684210527,1.0,0.7584487534626039,0.6837950138504155
780,Indianapolis,Median Home Value,bg,5784,Feat\&PC-LightGCN,0,1.0,0.45263157894736844,0.47368421052631576,1.0,0.7878116343490305,0.7841412742382271
781,Indianapolis,Median Home Value,bg,5784,Feat\&PC-LightGCN,1,1.0,0.5368421052631579,0.47368421052631576,1.0,0.8054016620498615,0.7313019390581718
782,Indianapolis,Median Home Value,bg,5784,Feat\&PC-LightGCN,2,1.0,0.5052631578947369,0.45263157894736844,1.0,0.7632963988919668,0.7452908587257618
783,Indianapolis,Median Home Value,bg,5784,Feat\&PC-LightGCN,3,0.9964285714285714,0.43157894736842106,0.43157894736842106,1.0,0.7397506925207755,0.788781163434903
784,Indianapolis,Median Home Value,bg,5784,Feat\&PC-LightGCN,4,1.0,0.4421052631578947,0.4105263157894737,1.0,0.7600415512465373,0.7310941828254848
785,Indianapolis,Median Home Value,bg,5784,Feat\&PC-LightGCN,5,1.0,0.42105263157894735,0.43157894736842106,1.0,0.7353185595567867,0.7534626038781164
786,Indianapolis,Median Home Value,bg,5784,Feat\&PC-LightGCN,6,1.0,0.4631578947368421,0.5263157894736842,1.0,0.7545706371191135,0.7695290858725763
787,Indianapolis,Median Home Value,bg,5784,Feat\&PC-LightGCN,7,1.0,0.4842105263157895,0.45263157894736844,1.0,0.7933518005540166,0.7646814404432133
788,Indianapolis,Median Home Value,bg,5784,Feat\&PC-LightGCN,8,1.0,0.43157894736842106,0.5684210526315789,1.0,0.7475069252077563,0.828393351800554
789,Indianapolis,Median Home Value,bg,5784,Feat\&PC-LightGCN,9,1.0,0.4842105263157895,0.4,1.0,0.7637119113573407,0.7160664819944598
790,Indianapolis,Median Home Value,bg,5784,NoPreTrain,0,1.0,0.29473684210526313,0.3263157894736842,1.0,0.628808864265928,0.5957063711911357
791,Indianapolis,Median Home Value,bg,5784,NoPreTrain,1,1.0,0.3473684210526316,0.28421052631578947,1.0,0.6565096952908587,0.6386426592797785
792,Indianapolis,Median Home Value,bg,5784,NoPreTrain,2,1.0,0.3473684210526316,0.3157894736842105,1.0,0.6662049861495845,0.6851108033240998
793,Indianapolis,Median Home Value,bg,5784,NoPreTrain,3,1.0,0.29473684210526313,0.29473684210526313,1.0,0.5837257617728531,0.6361495844875347
794,Indianapolis,Median Home Value,bg,5784,NoPreTrain,4,1.0,0.3157894736842105,0.3473684210526316,1.0,0.5963988919667591,0.6328254847645429
795,Indianapolis,Median Home Value,bg,5784,NoPreTrain,5,1.0,0.21052631578947367,0.3157894736842105,1.0,0.54404432132964,0.6269390581717451
796,Indianapolis,Median Home Value,bg,5784,NoPreTrain,6,1.0,0.3263157894736842,0.23157894736842105,1.0,0.6264542936288089,0.5865650969529086
797,Indianapolis,Median Home Value,bg,5784,NoPreTrain,7,1.0,0.35789473684210527,0.3473684210526316,1.0,0.6267313019390581,0.6688365650969528
798,Indianapolis,Median Home Value,bg,5784,NoPreTrain,8,1.0,0.2631578947368421,0.21052631578947367,1.0,0.6227146814404432,0.6054016620498615
799,Indianapolis,Median Home Value,bg,5784,NoPreTrain,9,1.0,0.3368421052631579,0.28421052631578947,1.0,0.625207756232687,0.5766620498614958
800,Indianapolis,Commute Time,bg,1156,Emb,0,1.0,0.2857142857142857,0.3333333333333333,1.0,0.5901515151515151,0.7222222222222221
801,Indianapolis,Commute Time,bg,1156,Emb,1,1.0,0.35714285714285715,0.26666666666666666,1.0,0.5992424242424242,0.5055555555555555
802,Indianapolis,Commute Time,bg,1156,Emb,2,1.0,0.2857142857142857,0.2,1.0,0.556060606060606,0.5444444444444445
803,Indianapolis,Commute Time,bg,1156,Emb,3,1.0,0.21428571428571427,0.13333333333333333,1.0,0.4962121212121212,0.4666666666666667
804,Indianapolis,Commute Time,bg,1156,Emb,4,1.0,0.2857142857142857,0.26666666666666666,1.0,0.6462121212121212,0.5944444444444444
805,Indianapolis,Commute Time,bg,1156,Emb,5,1.0,0.35714285714285715,0.06666666666666667,1.0,0.5484848484848485,0.47777777777777775
806,Indianapolis,Commute Time,bg,1156,Emb,6,1.0,0.2857142857142857,0.26666666666666666,1.0,0.6553030303030303,0.611111111111111
807,Indianapolis,Commute Time,bg,1156,Emb,7,1.0,0.21428571428571427,0.26666666666666666,1.0,0.4954545454545455,0.611111111111111
808,Indianapolis,Commute Time,bg,1156,Emb,8,1.0,0.14285714285714285,0.2,1.0,0.6143939393939393,0.5722222222222222
809,Indianapolis,Commute Time,bg,1156,Emb,9,1.0,0.21428571428571427,0.26666666666666666,1.0,0.5515151515151515,0.4944444444444446
810,Indianapolis,Commute Time,bg,1156,RGNN,0,1.0,0.2857142857142857,0.2,1.0,0.6106060606060606,0.47222222222222215
811,Indianapolis,Commute Time,bg,1156,RGNN,1,1.0,0.35714285714285715,0.4666666666666667,1.0,0.6606060606060605,0.6666666666666666
812,Indianapolis,Commute Time,bg,1156,RGNN,2,1.0,0.2857142857142857,0.26666666666666666,1.0,0.5878787878787878,0.6555555555555557
813,Indianapolis,Commute Time,bg,1156,RGNN,3,1.0,0.21428571428571427,0.3333333333333333,1.0,0.5007575757575757,0.6
814,Indianapolis,Commute Time,bg,1156,RGNN,4,1.0,0.21428571428571427,0.4666666666666667,1.0,0.5696969696969696,0.6277777777777778
815,Indianapolis,Commute Time,bg,1156,RGNN,5,1.0,0.2857142857142857,0.26666666666666666,1.0,0.575,0.6166666666666666
816,Indianapolis,Commute Time,bg,1156,RGNN,6,1.0,0.21428571428571427,0.2,1.0,0.5477272727272727,0.5444444444444445
817,Indianapolis,Commute Time,bg,1156,RGNN,7,1.0,0.14285714285714285,0.3333333333333333,1.0,0.5424242424242424,0.55
818,Indianapolis,Commute Time,bg,1156,RGNN,8,1.0,0.2857142857142857,0.4,1.0,0.5848484848484848,0.6277777777777778
819,Indianapolis,Commute Time,bg,1156,RGNN,9,1.0,0.2857142857142857,0.26666666666666666,1.0,0.5613636363636363,0.5555555555555556
820,Indianapolis,Commute Time,bg,1156,Feat-RGNN,0,1.0,0.21428571428571427,0.2,1.0,0.6196969696969697,0.4166666666666667
821,Indianapolis,Commute Time,bg,1156,Feat-RGNN,1,1.0,0.21428571428571427,0.3333333333333333,1.0,0.5613636363636363,0.6777777777777778
822,Indianapolis,Commute Time,bg,1156,Feat-RGNN,2,1.0,0.2857142857142857,0.3333333333333333,1.0,0.6174242424242424,0.6111111111111112
823,Indianapolis,Commute Time,bg,1156,Feat-RGNN,3,1.0,0.21428571428571427,0.26666666666666666,1.0,0.5007575757575757,0.5277777777777778
824,Indianapolis,Commute Time,bg,1156,Feat-RGNN,4,1.0,0.21428571428571427,0.26666666666666666,1.0,0.4674242424242424,0.4833333333333333
825,Indianapolis,Commute Time,bg,1156,Feat-RGNN,5,1.0,0.35714285714285715,0.13333333333333333,1.0,0.5863636363636363,0.4222222222222222
826,Indianapolis,Commute Time,bg,1156,Feat-RGNN,6,1.0,0.35714285714285715,0.3333333333333333,1.0,0.6,0.5999999999999999
827,Indianapolis,Commute Time,bg,1156,Feat-RGNN,7,1.0,0.21428571428571427,0.3333333333333333,1.0,0.5659090909090909,0.5611111111111111
828,Indianapolis,Commute Time,bg,1156,Feat-RGNN,8,1.0,0.42857142857142855,0.4,1.0,0.646969696969697,0.65
829,Indianapolis,Commute Time,bg,1156,Feat-RGNN,9,1.0,0.35714285714285715,0.3333333333333333,1.0,0.5848484848484848,0.5666666666666667
830,Indianapolis,Commute Time,bg,1156,Feat\&PC-RGNN,0,1.0,0.35714285714285715,0.3333333333333333,1.0,0.6916666666666667,0.6166666666666667
831,Indianapolis,Commute Time,bg,1156,Feat\&PC-RGNN,1,1.0,0.14285714285714285,0.3333333333333333,1.0,0.5098484848484849,0.7666666666666666
832,Indianapolis,Commute Time,bg,1156,Feat\&PC-RGNN,2,1.0,0.42857142857142855,0.2,1.0,0.634090909090909,0.6333333333333333
833,Indianapolis,Commute Time,bg,1156,Feat\&PC-RGNN,3,1.0,0.35714285714285715,0.3333333333333333,1.0,0.7121212121212122,0.6055555555555555
834,Indianapolis,Commute Time,bg,1156,Feat\&PC-RGNN,4,1.0,0.14285714285714285,0.4,1.0,0.47651515151515156,0.6555555555555556
835,Indianapolis,Commute Time,bg,1156,Feat\&PC-RGNN,5,1.0,0.42857142857142855,0.2,1.0,0.8242424242424242,0.5277777777777778
836,Indianapolis,Commute Time,bg,1156,Feat\&PC-RGNN,6,1.0,0.2857142857142857,0.3333333333333333,1.0,0.6606060606060605,0.6222222222222222
837,Indianapolis,Commute Time,bg,1156,Feat\&PC-RGNN,7,1.0,0.14285714285714285,0.4,1.0,0.5484848484848485,0.5833333333333334
838,Indianapolis,Commute Time,bg,1156,Feat\&PC-RGNN,8,1.0,0.07142857142857142,0.5333333333333333,1.0,0.49469696969696975,0.7333333333333334
839,Indianapolis,Commute Time,bg,1156,Feat\&PC-RGNN,9,1.0,0.42857142857142855,0.26666666666666666,1.0,0.6,0.5999999999999999
840,Indianapolis,Commute Time,bg,1156,LightGCN,0,1.0,0.42857142857142855,0.26666666666666666,1.0,0.7106060606060606,0.5
841,Indianapolis,Commute Time,bg,1156,LightGCN,1,1.0,0.21428571428571427,0.3333333333333333,1.0,0.5931818181818181,0.5944444444444444
842,Indianapolis,Commute Time,bg,1156,LightGCN,2,1.0,0.21428571428571427,0.4,1.0,0.4992424242424242,0.7388888888888889
843,Indianapolis,Commute Time,bg,1156,LightGCN,3,1.0,0.21428571428571427,0.4,1.0,0.5984848484848484,0.7055555555555555
844,Indianapolis,Commute Time,bg,1156,LightGCN,4,1.0,0.21428571428571427,0.4,1.0,0.5227272727272727,0.6444444444444445
845,Indianapolis,Commute Time,bg,1156,LightGCN,5,1.0,0.42857142857142855,0.26666666666666666,1.0,0.6310606060606061,0.5611111111111111
846,Indianapolis,Commute Time,bg,1156,LightGCN,6,1.0,0.2857142857142857,0.26666666666666666,1.0,0.6121212121212121,0.4444444444444445
847,Indianapolis,Commute Time,bg,1156,LightGCN,7,1.0,0.14285714285714285,0.26666666666666666,1.0,0.509090909090909,0.55
848,Indianapolis,Commute Time,bg,1156,LightGCN,8,1.0,0.35714285714285715,0.4666666666666667,1.0,0.5757575757575757,0.6888888888888889
849,Indianapolis,Commute Time,bg,1156,LightGCN,9,1.0,0.35714285714285715,0.13333333333333333,1.0,0.5712121212121213,0.45555555555555555
850,Indianapolis,Commute Time,bg,1156,Feat-LightGCN,0,1.0,0.21428571428571427,0.3333333333333333,1.0,0.5772727272727274,0.5833333333333333
851,Indianapolis,Commute Time,bg,1156,Feat-LightGCN,1,1.0,0.2857142857142857,0.13333333333333333,1.0,0.5651515151515151,0.5166666666666666
852,Indianapolis,Commute Time,bg,1156,Feat-LightGCN,2,1.0,0.07142857142857142,0.5333333333333333,1.0,0.4196969696969696,0.8
853,Indianapolis,Commute Time,bg,1156,Feat-LightGCN,3,1.0,0.35714285714285715,0.3333333333333333,1.0,0.5674242424242424,0.5833333333333334
854,Indianapolis,Commute Time,bg,1156,Feat-LightGCN,4,1.0,0.21428571428571427,0.4,1.0,0.4469696969696969,0.6722222222222223
855,Indianapolis,Commute Time,bg,1156,Feat-LightGCN,5,1.0,0.21428571428571427,0.0,1.0,0.4992424242424242,0.34444444444444444
856,Indianapolis,Commute Time,bg,1156,Feat-LightGCN,6,1.0,0.2857142857142857,0.2,1.0,0.6143939393939394,0.5166666666666666
857,Indianapolis,Commute Time,bg,1156,Feat-LightGCN,7,1.0,0.14285714285714285,0.2,1.0,0.471969696969697,0.49444444444444435
858,Indianapolis,Commute Time,bg,1156,Feat-LightGCN,8,1.0,0.0,0.26666666666666666,1.0,0.35833333333333334,0.6333333333333334
859,Indianapolis,Commute Time,bg,1156,Feat-LightGCN,9,1.0,0.21428571428571427,0.26666666666666666,1.0,0.5833333333333333,0.5555555555555556
860,Indianapolis,Commute Time,bg,1156,Feat\&PC-LightGCN,0,1.0,0.2857142857142857,0.4,1.0,0.6636363636363637,0.7333333333333333
861,Indianapolis,Commute Time,bg,1156,Feat\&PC-LightGCN,1,1.0,0.35714285714285715,0.26666666666666666,1.0,0.637121212121212,0.475
862,Indianapolis,Commute Time,bg,1156,Feat\&PC-LightGCN,2,1.0,0.2857142857142857,0.4666666666666667,1.0,0.5625,0.6833333333333333
863,Indianapolis,Commute Time,bg,1156,Feat\&PC-LightGCN,3,1.0,0.35714285714285715,0.4,1.0,0.6189393939393939,0.5611111111111111
864,Indianapolis,Commute Time,bg,1156,Feat\&PC-LightGCN,4,1.0,0.2857142857142857,0.4,1.0,0.6045454545454545,0.711111111111111
865,Indianapolis,Commute Time,bg,1156,Feat\&PC-LightGCN,5,1.0,0.35714285714285715,0.2,1.0,0.702651515151515,0.49444444444444446
866,Indianapolis,Commute Time,bg,1156,Feat\&PC-LightGCN,6,1.0,0.35714285714285715,0.26666666666666666,1.0,0.6969696969696969,0.5666666666666667
867,Indianapolis,Commute Time,bg,1156,Feat\&PC-LightGCN,7,1.0,0.42857142857142855,0.3333333333333333,1.0,0.746969696969697,0.6555555555555556
868,Indianapolis,Commute Time,bg,1156,Feat\&PC-LightGCN,8,1.0,0.21428571428571427,0.4,1.0,0.45606060606060606,0.6611111111111111
869,Indianapolis,Commute Time,bg,1156,Feat\&PC-LightGCN,9,1.0,0.21428571428571427,0.2,1.0,0.5265151515151516,0.611111111111111
870,Indianapolis,Commute Time,bg,1156,NoPreTrain,0,1.0,0.0,0.4666666666666667,1.0,0.3303030303030303,0.7
871,Indianapolis,Commute Time,bg,1156,NoPreTrain,1,1.0,0.14285714285714285,0.2,1.0,0.3924242424242424,0.4722222222222222
872,Indianapolis,Commute Time,bg,1156,NoPreTrain,2,1.0,0.2857142857142857,0.26666666666666666,1.0,0.6924242424242424,0.5055555555555556
873,Indianapolis,Commute Time,bg,1156,NoPreTrain,3,1.0,0.2857142857142857,0.0,1.0,0.5659090909090908,0.37222222222222223
874,Indianapolis,Commute Time,bg,1156,NoPreTrain,4,1.0,0.14285714285714285,0.06666666666666667,1.0,0.543939393939394,0.5444444444444445
875,Indianapolis,Commute Time,bg,1156,NoPreTrain,5,1.0,0.14285714285714285,0.13333333333333333,1.0,0.46060606060606063,0.39444444444444443
876,Indianapolis,Commute Time,bg,1156,NoPreTrain,6,1.0,0.14285714285714285,0.26666666666666666,1.0,0.44621212121212117,0.5611111111111111
877,Indianapolis,Commute Time,bg,1156,NoPreTrain,7,1.0,0.21428571428571427,0.2,1.0,0.5136363636363637,0.4833333333333333
878,Indianapolis,Commute Time,bg,1156,NoPreTrain,8,1.0,0.07142857142857142,0.3333333333333333,1.0,0.40606060606060607,0.5
879,Indianapolis,Commute Time,bg,1156,NoPreTrain,9,1.0,0.0,0.26666666666666666,1.0,0.39090909090909093,0.45
880,Indianapolis,Median Age,bg,6198,Emb,0,1.0,0.29,0.20588235294117646,1.0,0.5988749999999999,0.5224284137021264
881,Indianapolis,Median Age,bg,6198,Emb,1,1.0,0.23,0.20588235294117646,1.0,0.517,0.5487862233119687
882,Indianapolis,Median Age,bg,6198,Emb,2,1.0,0.3,0.23529411764705882,1.0,0.580875,0.546360749057226
883,Indianapolis,Median Age,bg,6198,Emb,3,1.0,0.31,0.27450980392156865,1.0,0.5491250000000001,0.5891961686812636
884,Indianapolis,Median Age,bg,6198,Emb,4,1.0,0.18,0.23529411764705882,1.0,0.561125,0.5239352748024835
885,Indianapolis,Median Age,bg,6198,Emb,5,1.0,0.29,0.27450980392156865,1.0,0.5685,0.5616541919387448
886,Indianapolis,Median Age,bg,6198,Emb,6,1.0,0.22,0.21568627450980393,1.0,0.50975,0.5265022726946846
887,Indianapolis,Median Age,bg,6198,Emb,7,1.0,0.29,0.23529411764705882,1.0,0.5439999999999999,0.5314200398617743
888,Indianapolis,Median Age,bg,6198,Emb,8,1.0,0.24,0.24509803921568626,1.0,0.551875,0.5505343341793207
889,Indianapolis,Median Age,bg,6198,Emb,9,1.0,0.24,0.24509803921568626,1.0,0.596875,0.5418499878120475
890,Indianapolis,Median Age,bg,6198,RGNN,0,0.7702702702702703,0.22,0.2549019607843137,0.9613267482787862,0.526,0.5189885433245867
891,Indianapolis,Median Age,bg,6198,RGNN,1,0.8918918918918919,0.27,0.20588235294117646,0.9877317434012941,0.5325,0.525001362182934
892,Indianapolis,Median Age,bg,6198,RGNN,2,0.7567567567567568,0.22,0.29411764705882354,0.9500745766794315,0.5511250000000001,0.5627157626073616
893,Indianapolis,Median Age,bg,6198,RGNN,3,0.8817567567567568,0.28,0.18627450980392157,0.9802429135656364,0.5225,0.49801716350496833
894,Indianapolis,Median Age,bg,6198,RGNN,4,0.8445945945945946,0.25,0.21568627450980393,0.9813832669023339,0.5148750000000001,0.5388225720881548
895,Indianapolis,Median Age,bg,6198,RGNN,5,0.8783783783783784,0.22,0.1568627450980392,0.9863579290811236,0.5547500000000001,0.4855922628009348
896,Indianapolis,Median Age,bg,6198,RGNN,6,0.7972972972972973,0.16,0.24509803921568626,0.9739998388882738,0.49275,0.5333951334222338
897,Indianapolis,Median Age,bg,6198,RGNN,7,0.9864864864864865,0.23,0.29411764705882354,0.9986549538472772,0.52275,0.5780617570725971
898,Indianapolis,Median Age,bg,6198,RGNN,8,0.8412162162162162,0.26,0.23529411764705882,0.9781088018810273,0.54725,0.5301870492249896
899,Indianapolis,Median Age,bg,6198,RGNN,9,0.9121621621621622,0.19,0.2647058823529412,0.9916228050379428,0.5095000000000001,0.5744042242009721
900,Indianapolis,Median Age,bg,6198,Feat-RGNN,0,0.9425675675675675,0.24,0.24509803921568626,0.9945066004932552,0.5630000000000001,0.5357167233047991
901,Indianapolis,Median Age,bg,6198,Feat-RGNN,1,0.8682432432432432,0.2,0.24509803921568626,0.9865927986653826,0.47825000000000006,0.48759008330824044
902,Indianapolis,Median Age,bg,6198,Feat-RGNN,2,0.7736486486486487,0.24,0.22549019607843138,0.987558908359414,0.5455,0.5375181026942546
903,Indianapolis,Median Age,bg,6198,Feat-RGNN,3,0.7837837837837838,0.25,0.22549019607843138,0.9754429078336274,0.5287499999999999,0.5313256907701353
904,Indianapolis,Median Age,bg,6198,Feat-RGNN,4,0.8378378378378378,0.28,0.19607843137254902,0.9773249276924479,0.5814999999999999,0.5182469422577823
905,Indianapolis,Median Age,bg,6198,Feat-RGNN,5,0.8952702702702703,0.25,0.2549019607843137,0.9882741695099275,0.5507500000000001,0.5714437705223613
906,Indianapolis,Median Age,bg,6198,Feat-RGNN,6,0.8581081081081081,0.25,0.21568627450980393,0.9790185781123922,0.52675,0.5510250785047532
907,Indianapolis,Median Age,bg,6198,Feat-RGNN,7,0.8614864864864865,0.24,0.29411764705882354,0.9792437713568363,0.549,0.5597219712937871
908,Indianapolis,Median Age,bg,6198,Feat-RGNN,8,0.831081081081081,0.28,0.23529411764705882,0.9683467861987399,0.540625,0.592738632941885
909,Indianapolis,Median Age,bg,6198,Feat-RGNN,9,0.8986486486486487,0.26,0.3333333333333333,0.9902463088380303,0.551625,0.5985255445147043
910,Indianapolis,Median Age,bg,6198,Feat\&PC-RGNN,0,0.902027027027027,0.28,0.23529411764705882,0.9911052172720474,0.57225,0.49317962174330743
911,Indianapolis,Median Age,bg,6198,Feat\&PC-RGNN,1,0.9087837837837838,0.22,0.3137254901960784,0.989016188635565,0.5317500000000001,0.5986306476821383
912,Indianapolis,Median Age,bg,6198,Feat\&PC-RGNN,2,0.8412162162162162,0.29,0.23529411764705882,0.9823822853942381,0.579,0.5415862261797221
913,Indianapolis,Median Age,bg,6198,Feat\&PC-RGNN,3,0.543918918918919,0.27,0.18627450980392157,0.936813698239322,0.5783750000000001,0.5073885519278474
914,Indianapolis,Median Age,bg,6198,Feat\&PC-RGNN,4,0.8378378378378378,0.25,0.2647058823529412,0.9755612925725743,0.5235,0.5570089330522935
915,Indianapolis,Median Age,bg,6198,Feat\&PC-RGNN,5,0.9155405405405406,0.14,0.22549019607843138,0.9916938793583705,0.4715,0.5560814298619177
916,Indianapolis,Median Age,bg,6198,Feat\&PC-RGNN,6,0.7702702702702703,0.24,0.18627450980392157,0.9649682609692073,0.515875,0.5106477538320356
917,Indianapolis,Median Age,bg,6198,Feat\&PC-RGNN,7,0.6959459459459459,0.22,0.21568627450980393,0.9449188317693299,0.5391250000000001,0.5249951248189731
918,Indianapolis,Median Age,bg,6198,Feat\&PC-RGNN,8,0.8885135135135135,0.19,0.2647058823529412,0.983207025273248,0.466125,0.5695591545862548
919,Indianapolis,Median Age,bg,6198,Feat\&PC-RGNN,9,0.9324324324324325,0.29,0.24509803921568626,0.993390532296192,0.5911250000000001,0.5188047203223356
920,Indianapolis,Median Age,bg,6198,LightGCN,0,0.8918918918918919,0.22,0.1568627450980392,0.9882769499280007,0.557625,0.476102579544314
921,Indianapolis,Median Age,bg,6198,LightGCN,1,0.8378378378378378,0.22,0.20588235294117646,0.9746088191433679,0.5192499999999999,0.511177284524168
922,Indianapolis,Median Age,bg,6198,LightGCN,2,0.7432432432432432,0.21,0.21568627450980393,0.9563172572552758,0.5469999999999999,0.5149645115498773
923,Indianapolis,Median Age,bg,6198,LightGCN,3,0.7533783783783784,0.19,0.28431372549019607,0.9693870263002848,0.5105000000000001,0.5963421803530204
924,Indianapolis,Median Age,bg,6198,LightGCN,4,0.777027027027027,0.29,0.2549019607843137,0.9533043496974729,0.5415,0.5547414720178947
925,Indianapolis,Median Age,bg,6198,LightGCN,5,0.8040540540540541,0.2,0.21568627450980393,0.9625899594869649,0.5565,0.5452568790238166
926,Indianapolis,Median Age,bg,6198,LightGCN,6,0.8412162162162162,0.18,0.30392156862745096,0.9759688386670133,0.500875,0.5484082533947033
927,Indianapolis,Median Age,bg,6198,LightGCN,7,0.777027027027027,0.26,0.21568627450980393,0.963386599052171,0.563,0.5397438379145696
928,Indianapolis,Median Age,bg,6198,LightGCN,8,0.8445945945945946,0.26,0.17647058823529413,0.9816435145624215,0.5515000000000001,0.4873680474899986
929,Indianapolis,Median Age,bg,6198,LightGCN,9,0.8513513513513513,0.39,0.2647058823529412,0.9748330434275525,0.6285000000000001,0.5650154858691444
930,Indianapolis,Median Age,bg,6198,Feat-LightGCN,0,1.0,0.2,0.2647058823529412,1.0,0.5502499999999999,0.5444741973874765
931,Indianapolis,Median Age,bg,6198,Feat-LightGCN,1,1.0,0.21,0.19607843137254902,1.0,0.519,0.5270955392093603
932,Indianapolis,Median Age,bg,6198,Feat-LightGCN,2,0.9966216216216216,0.23,0.24509803921568626,1.0,0.5545,0.5424725054128848
933,Indianapolis,Median Age,bg,6198,Feat-LightGCN,3,1.0,0.27,0.21568627450980393,1.0,0.570125,0.5229224559441361
934,Indianapolis,Median Age,bg,6198,Feat-LightGCN,4,1.0,0.22,0.30392156862745096,1.0,0.523375,0.5780292797636971
935,Indianapolis,Median Age,bg,6198,Feat-LightGCN,5,1.0,0.26,0.2647058823529412,1.0,0.545875,0.5684703402589582
936,Indianapolis,Median Age,bg,6198,Feat-LightGCN,6,1.0,0.21,0.2549019607843137,1.0,0.48812500000000014,0.5461942759639237
937,Indianapolis,Median Age,bg,6198,Feat-LightGCN,7,1.0,0.24,0.2647058823529412,1.0,0.54025,0.5598952911486786
938,Indianapolis,Median Age,bg,6198,Feat-LightGCN,8,1.0,0.26,0.17647058823529413,1.0,0.567375,0.4395433102479173
939,Indianapolis,Median Age,bg,6198,Feat-LightGCN,9,1.0,0.22,0.2647058823529412,1.0,0.5197499999999999,0.5258773891971724
940,Indianapolis,Median Age,bg,6198,Feat\&PC-LightGCN,0,1.0,0.24,0.2647058823529412,1.0,0.56525,0.56450230137222
941,Indianapolis,Median Age,bg,6198,Feat\&PC-LightGCN,1,1.0,0.24,0.24509803921568626,1.0,0.526,0.5652121420685107
942,Indianapolis,Median Age,bg,6198,Feat\&PC-LightGCN,2,1.0,0.3,0.22549019607843138,1.0,0.5994999999999999,0.5438590642520181
943,Indianapolis,Median Age,bg,6198,Feat\&PC-LightGCN,3,1.0,0.2,0.28431372549019607,1.0,0.5266249999999999,0.5837081128747795
944,Indianapolis,Median Age,bg,6198,Feat\&PC-LightGCN,4,1.0,0.25,0.2647058823529412,1.0,0.5856250000000001,0.5789344144764199
945,Indianapolis,Median Age,bg,6198,Feat\&PC-LightGCN,5,0.9898648648648649,0.22,0.2549019607843137,0.9999422312555588,0.48562500000000003,0.5830310004158242
946,Indianapolis,Median Age,bg,6198,Feat\&PC-LightGCN,6,1.0,0.18,0.30392156862745096,1.0,0.47831250000000003,0.5779231728825225
947,Indianapolis,Median Age,bg,6198,Feat\&PC-LightGCN,7,1.0,0.24,0.2647058823529412,1.0,0.56825,0.5518651152119987
948,Indianapolis,Median Age,bg,6198,Feat\&PC-LightGCN,8,1.0,0.26,0.18627450980392157,1.0,0.532375,0.4795209417702643
949,Indianapolis,Median Age,bg,6198,Feat\&PC-LightGCN,9,1.0,0.26,0.19607843137254902,1.0,0.5429999999999999,0.5695123026627091
950,Indianapolis,Median Age,bg,6198,NoPreTrain,0,1.0,0.19,0.14705882352941177,1.0,0.533875,0.48422757058258414
951,Indianapolis,Median Age,bg,6198,NoPreTrain,1,1.0,0.12,0.18627450980392157,1.0,0.448625,0.4856405127543339
952,Indianapolis,Median Age,bg,6198,NoPreTrain,2,1.0,0.2,0.18627450980392157,1.0,0.49375,0.5033858849170503
953,Indianapolis,Median Age,bg,6198,NoPreTrain,3,1.0,0.12,0.16666666666666666,1.0,0.44400000000000006,0.5038168365810642
954,Indianapolis,Median Age,bg,6198,NoPreTrain,4,1.0,0.14,0.20588235294117646,1.0,0.46662499999999996,0.49863330035416753
955,Indianapolis,Median Age,bg,6198,NoPreTrain,5,1.0,0.18,0.19607843137254902,1.0,0.49650000000000005,0.4902341520769705
956,Indianapolis,Median Age,bg,6198,NoPreTrain,6,1.0,0.15,0.3137254901960784,1.0,0.47824999999999995,0.5879754735378042
957,Indianapolis,Median Age,bg,6198,NoPreTrain,7,1.0,0.28,0.2647058823529412,1.0,0.5366875,0.5584077515378328
958,Indianapolis,Median Age,bg,6198,NoPreTrain,8,1.0,0.15,0.22549019607843138,1.0,0.47750000000000004,0.5137634963651223
959,Indianapolis,Median Age,bg,6198,NoPreTrain,9,1.0,0.2,0.21568627450980393,1.0,0.534375,0.5184220186117205
960,Nashville,Median Income,bg,6597,Emb,0,1.0,0.35294117647058826,0.22727272727272727,1.0,0.6204152249134948,0.5492899882957878
961,Nashville,Median Income,bg,6597,Emb,1,1.0,0.2,0.2159090909090909,1.0,0.5141868512110727,0.5598266724530188
962,Nashville,Median Income,bg,6597,Emb,2,1.0,0.3058823529411765,0.26136363636363635,1.0,0.5702422145328719,0.6450086137741481
963,Nashville,Median Income,bg,6597,Emb,3,1.0,0.23529411764705882,0.29545454545454547,1.0,0.583044982698962,0.5954946673505084
964,Nashville,Median Income,bg,6597,Emb,4,1.0,0.3411764705882353,0.3068181818181818,1.0,0.6231833910034602,0.6012777317499769
965,Nashville,Median Income,bg,6597,Emb,5,1.0,0.2823529411764706,0.3068181818181818,1.0,0.5913494809688581,0.6045917334069777
966,Nashville,Median Income,bg,6597,Emb,6,1.0,0.2823529411764706,0.19318181818181818,1.0,0.6441176470588236,0.49860917136807775
967,Nashville,Median Income,bg,6597,Emb,7,1.0,0.27058823529411763,0.2727272727272727,1.0,0.6122837370242215,0.6073002722215646
968,Nashville,Median Income,bg,6597,Emb,8,1.0,0.3411764705882353,0.3181818181818182,1.0,0.6038062283737025,0.6109191094278087
969,Nashville,Median Income,bg,6597,Emb,9,1.0,0.2823529411764706,0.2159090909090909,1.0,0.5726643598615917,0.578358780131771
970,Nashville,Median Income,bg,6597,RGNN,0,0.6431372549019608,0.27058823529411763,0.2840909090909091,0.9648981161091887,0.6036332179930796,0.6107356557646533
971,Nashville,Median Income,bg,6597,RGNN,1,0.9647058823529412,0.21176470588235294,0.32954545454545453,0.9990388312187619,0.5370242214532872,0.6312723399218843
972,Nashville,Median Income,bg,6597,RGNN,2,0.8588235294117647,0.35294117647058826,0.29545454545454547,0.9954632833525567,0.6361591695501729,0.6015045830538789
973,Nashville,Median Income,bg,6597,RGNN,3,0.7725490196078432,0.3058823529411765,0.22727272727272727,0.9673779315647828,0.6238754325259516,0.54915755973751
974,Nashville,Median Income,bg,6597,RGNN,4,0.9254901960784314,0.3176470588235294,0.2840909090909091,0.9936178392925796,0.6001730103806228,0.6398111545087518
975,Nashville,Median Income,bg,6597,RGNN,5,0.5254901960784314,0.27058823529411763,0.3181818181818182,0.9511149557862361,0.6309688581314878,0.6491096908246867
976,Nashville,Median Income,bg,6597,RGNN,6,0.8823529411764706,0.27058823529411763,0.25,0.9876778162245291,0.5963667820069204,0.5379387435725465
977,Nashville,Median Income,bg,6597,RGNN,7,0.9137254901960784,0.3058823529411765,0.23863636363636365,0.9927143406382161,0.6069204152249135,0.5617707552504569
978,Nashville,Median Income,bg,6597,RGNN,8,0.9411764705882353,0.2235294117647059,0.3409090909090909,0.9947135717031911,0.5448096885813148,0.6517725963624886
979,Nashville,Median Income,bg,6597,RGNN,9,0.9450980392156862,0.21176470588235294,0.25,0.9970780469050364,0.5683391003460206,0.5639992898567877
980,Nashville,Median Income,bg,6597,Feat-RGNN,0,0.8705882352941177,0.24705882352941178,0.2727272727272727,0.9813725490196079,0.5896193771626297,0.6023555713365157
981,Nashville,Median Income,bg,6597,Feat-RGNN,1,0.7294117647058823,0.2235294117647059,0.2840909090909091,0.9762399077277969,0.596885813148789,0.6175705211662128
982,Nashville,Median Income,bg,6597,Feat-RGNN,2,0.8588235294117647,0.29411764705882354,0.3181818181818182,0.9865628604382929,0.5742214532871973,0.6412013256006628
983,Nashville,Median Income,bg,6597,Feat-RGNN,3,0.9137254901960784,0.3411764705882353,0.23863636363636365,0.9911572472126104,0.6373702422145329,0.5323885798450836
984,Nashville,Median Income,bg,6597,Feat-RGNN,4,0.8666666666666667,0.25882352941176473,0.3181818181818182,0.9788927335640139,0.5764705882352941,0.6380955011112427
985,Nashville,Median Income,bg,6597,Feat-RGNN,5,0.8627450980392157,0.29411764705882354,0.36363636363636365,0.9891580161476355,0.5858131487889272,0.6508651911468812
986,Nashville,Median Income,bg,6597,Feat-RGNN,6,0.8941176470588236,0.29411764705882354,0.25,0.9936755094194542,0.6416955017301038,0.5654595547139044
987,Nashville,Median Income,bg,6597,Feat-RGNN,7,0.8274509803921568,0.32941176470588235,0.29545454545454547,0.9843137254901961,0.6288927335640138,0.6670163464446812
988,Nashville,Median Income,bg,6597,Feat-RGNN,8,0.9372549019607843,0.36470588235294116,0.3409090909090909,0.9968089196462898,0.6434256055363321,0.6341294827790271
989,Nashville,Median Income,bg,6597,Feat-RGNN,9,0.9176470588235294,0.27058823529411763,0.23863636363636365,0.9879853902345254,0.5887543252595157,0.5964416564747965
990,Nashville,Median Income,bg,6597,Feat\&PC-RGNN,0,0.9058823529411765,0.27058823529411763,0.2840909090909091,0.9903306420607457,0.5674740484429066,0.5937686248208204
991,Nashville,Median Income,bg,6597,Feat\&PC-RGNN,1,0.9490196078431372,0.29411764705882354,0.2840909090909091,0.9978277585544022,0.5965397923875433,0.5925111453031917
992,Nashville,Median Income,bg,6597,Feat\&PC-RGNN,2,0.9372549019607843,0.2823529411764706,0.22727272727272727,0.9935601691657056,0.5998269896193772,0.5375160768532765
993,Nashville,Median Income,bg,6597,Feat\&PC-RGNN,3,0.9215686274509803,0.29411764705882354,0.23863636363636365,0.9900422914263745,0.6257785467128028,0.5572705514130535
994,Nashville,Median Income,bg,6597,Feat\&PC-RGNN,4,0.9411764705882353,0.3058823529411765,0.2727272727272727,0.9947520184544405,0.6384083044982698,0.5880482897384306
995,Nashville,Median Income,bg,6597,Feat\&PC-RGNN,5,0.7725490196078432,0.18823529411764706,0.36363636363636365,0.9779315647827758,0.558477508650519,0.6491160032087953
996,Nashville,Median Income,bg,6597,Feat\&PC-RGNN,6,0.7058823529411765,0.23529411764705882,0.32954545454545453,0.9757016532103038,0.5854671280276816,0.5691474336213359
997,Nashville,Median Income,bg,6597,Feat\&PC-RGNN,7,0.47843137254901963,0.24705882352941178,0.2727272727272727,0.8948673587081892,0.5913494809688581,0.615965465998606
998,Nashville,Median Income,bg,6597,Feat\&PC-RGNN,8,0.9098039215686274,0.29411764705882354,0.42045454545454547,0.9873125720876585,0.5903114186851212,0.6784053339645717
999,Nashville,Median Income,bg,6597,Feat\&PC-RGNN,9,0.8117647058823529,0.25882352941176473,0.22727272727272727,0.977758554402153,0.610553633217993,0.6198801962099394
1000,Nashville,Median Income,bg,6597,LightGCN,0,0.9490196078431372,0.32941176470588235,0.3409090909090909,0.9937908496732026,0.6416955017301038,0.6227180073907498
1001,Nashville,Median Income,bg,6597,LightGCN,1,0.8627450980392157,0.3764705882352941,0.375,0.9968858131487888,0.6608996539792387,0.676637734906169
1002,Nashville,Median Income,bg,6597,LightGCN,2,0.9647058823529412,0.3176470588235294,0.32954545454545453,0.9971357170319107,0.6434256055363321,0.6375853815704685
1003,Nashville,Median Income,bg,6597,LightGCN,3,0.8196078431372549,0.35294117647058826,0.3181818181818182,0.9782006920415226,0.6730103806228372,0.5937661261687774
1004,Nashville,Median Income,bg,6597,LightGCN,4,0.8784313725490196,0.27058823529411763,0.3522727272727273,0.9875432525951557,0.566955017301038,0.6761558895858814
1005,Nashville,Median Income,bg,6597,LightGCN,5,0.9450980392156862,0.2823529411764706,0.4090909090909091,0.9955594002306805,0.6183391003460207,0.6762847674280981
1006,Nashville,Median Income,bg,6597,LightGCN,6,0.8901960784313725,0.35294117647058826,0.22727272727272727,0.9853710111495578,0.6801038062283737,0.5741307978590497
1007,Nashville,Median Income,bg,6597,LightGCN,7,0.9529411764705882,0.29411764705882354,0.29545454545454547,0.9978854286812764,0.5897923875432526,0.6458663089649005
1008,Nashville,Median Income,bg,6597,LightGCN,8,0.8470588235294118,0.3764705882352941,0.375,0.9872164552095347,0.6664359861591695,0.6528326823687223
1009,Nashville,Median Income,bg,6597,LightGCN,9,0.8196078431372549,0.32941176470588235,0.2840909090909091,0.9792387543252594,0.6486159169550173,0.6140870056942964
1010,Nashville,Median Income,bg,6597,Feat-LightGCN,0,1.0,0.27058823529411763,0.3068181818181818,1.0,0.6100346020761245,0.6235595270972238
1011,Nashville,Median Income,bg,6597,Feat-LightGCN,1,1.0,0.3764705882352941,0.3522727272727273,1.0,0.6147058823529412,0.6143214844623296
1012,Nashville,Median Income,bg,6597,Feat-LightGCN,2,1.0,0.3411764705882353,0.3068181818181818,1.0,0.6472318339100346,0.61120290369669
1013,Nashville,Median Income,bg,6597,Feat-LightGCN,3,1.0,0.3764705882352941,0.22727272727272727,1.0,0.6367647058823529,0.569872963269815
1014,Nashville,Median Income,bg,6597,Feat-LightGCN,4,1.0,0.29411764705882354,0.3068181818181818,1.0,0.6230103806228373,0.6222380031824937
1015,Nashville,Median Income,bg,6597,Feat-LightGCN,5,1.0,0.2823529411764706,0.3977272727272727,1.0,0.5936851211072665,0.675629594560829
1016,Nashville,Median Income,bg,6597,Feat-LightGCN,6,1.0,0.29411764705882354,0.2727272727272727,1.0,0.6045847750865051,0.5748284478110494
1017,Nashville,Median Income,bg,6597,Feat-LightGCN,7,1.0,0.27058823529411763,0.36363636363636365,1.0,0.5769896193771625,0.6687297642061519
1018,Nashville,Median Income,bg,6597,Feat-LightGCN,8,1.0,0.4117647058823529,0.32954545454545453,1.0,0.6567474048442906,0.648175984008627
1019,Nashville,Median Income,bg,6597,Feat-LightGCN,9,1.0,0.2,0.26136363636363635,1.0,0.5685121107266436,0.5547567101958154
1020,Nashville,Median Income,bg,6597,Feat\&PC-LightGCN,0,1.0,0.25882352941176473,0.32954545454545453,1.0,0.6141868512110726,0.6471214213384885
1021,Nashville,Median Income,bg,6597,Feat\&PC-LightGCN,1,1.0,0.3058823529411765,0.3409090909090909,1.0,0.604152249134948,0.6504726397601294
1022,Nashville,Median Income,bg,6597,Feat\&PC-LightGCN,2,0.996078431372549,0.4235294117647059,0.2840909090909091,0.9999615532487505,0.6583044982698961,0.6342356097368526
1023,Nashville,Median Income,bg,6597,Feat\&PC-LightGCN,3,0.996078431372549,0.25882352941176473,0.3409090909090909,0.9999423298731257,0.6237024221453288,0.6463123841085731
1024,Nashville,Median Income,bg,6597,Feat\&PC-LightGCN,4,0.9529411764705882,0.24705882352941178,0.23863636363636365,0.9961745482506729,0.5828719723183392,0.605118948988046
1025,Nashville,Median Income,bg,6597,Feat\&PC-LightGCN,5,1.0,0.15294117647058825,0.42045454545454547,1.0,0.566522491349481,0.688462671453558
1026,Nashville,Median Income,bg,6597,Feat\&PC-LightGCN,6,0.996078431372549,0.32941176470588235,0.17045454545454544,1.0,0.6499134948096886,0.5550982364776897
1027,Nashville,Median Income,bg,6597,Feat\&PC-LightGCN,7,1.0,0.25882352941176473,0.3522727272727273,1.0,0.5882352941176471,0.6687978853513237
1028,Nashville,Median Income,bg,6597,Feat\&PC-LightGCN,8,1.0,0.3411764705882353,0.45454545454545453,1.0,0.6008650519031142,0.7295430096921398
1029,Nashville,Median Income,bg,6597,Feat\&PC-LightGCN,9,0.996078431372549,0.3058823529411765,0.3068181818181818,0.9999807766243751,0.6337370242214533,0.6437164818979235
1030,Nashville,Median Income,bg,6597,NoPreTrain,0,1.0,0.21176470588235294,0.25,1.0,0.5121107266435987,0.4937620494207072
1031,Nashville,Median Income,bg,6597,NoPreTrain,1,1.0,0.21176470588235294,0.2159090909090909,1.0,0.4835640138408304,0.5319932667902842
1032,Nashville,Median Income,bg,6597,NoPreTrain,2,1.0,0.2823529411764706,0.22727272727272727,1.0,0.5866782006920415,0.5485910232637656
1033,Nashville,Median Income,bg,6597,NoPreTrain,3,1.0,0.17647058823529413,0.20454545454545456,1.0,0.4674740484429066,0.5133396457174418
1034,Nashville,Median Income,bg,6597,NoPreTrain,4,1.0,0.29411764705882354,0.29545454545454547,1.0,0.5979238754325259,0.6302356623400535
1035,Nashville,Median Income,bg,6597,NoPreTrain,5,1.0,0.2823529411764706,0.2840909090909091,1.0,0.6209342560553633,0.5989184124353967
1036,Nashville,Median Income,bg,6597,NoPreTrain,6,1.0,0.2823529411764706,0.13636363636363635,1.0,0.5837370242214532,0.4740788521981563
1037,Nashville,Median Income,bg,6597,NoPreTrain,7,1.0,0.18823529411764706,0.2840909090909091,1.0,0.5171280276816609,0.5267575386962295
1038,Nashville,Median Income,bg,6597,NoPreTrain,8,1.0,0.2,0.3068181818181818,1.0,0.5451557093425605,0.6322782446311858
1039,Nashville,Median Income,bg,6597,NoPreTrain,9,1.0,0.2823529411764706,0.26136363636363635,1.0,0.5941176470588236,0.5543205639063137
1040,Nashville,Median Home Value,bg,6199,Emb,0,1.0,0.2976190476190476,0.3058823529411765,1.0,0.651163301141352,0.6385813148788927
1041,Nashville,Median Home Value,bg,6199,Emb,1,1.0,0.32142857142857145,0.2235294117647059,1.0,0.6798754389815629,0.5935986159169551
1042,Nashville,Median Home Value,bg,6199,Emb,2,1.0,0.4166666666666667,0.27058823529411763,1.0,0.6911161106233538,0.6416955017301038
1043,Nashville,Median Home Value,bg,6199,Emb,3,1.0,0.25,0.3058823529411765,1.0,0.5982138937664618,0.6545847750865053
1044,Nashville,Median Home Value,bg,6199,Emb,4,1.0,0.2976190476190476,0.4,1.0,0.584706979806848,0.7224913494809689
1045,Nashville,Median Home Value,bg,6199,Emb,5,1.0,0.3333333333333333,0.3764705882352941,1.0,0.6373902546093064,0.6634948096885812
1046,Nashville,Median Home Value,bg,6199,Emb,6,1.0,0.2857142857142857,0.25882352941176473,1.0,0.6633011413520633,0.6131487889273357
1047,Nashville,Median Home Value,bg,6199,Emb,7,1.0,0.2857142857142857,0.27058823529411763,1.0,0.6146208296751536,0.6157439446366781
1048,Nashville,Median Home Value,bg,6199,Emb,8,1.0,0.30952380952380953,0.3411764705882353,1.0,0.6451876646180861,0.6354671280276817
1049,Nashville,Median Home Value,bg,6199,Emb,9,1.0,0.25,0.25882352941176473,1.0,0.5680009877085161,0.6141868512110726
1050,Nashville,Median Home Value,bg,6199,RGNN,0,0.6024096385542169,0.42857142857142855,0.3176470588235294,0.9801013075043734,0.7347097234416156,0.6690311418685122
1051,Nashville,Median Home Value,bg,6199,RGNN,1,0.9799196787148594,0.35714285714285715,0.3176470588235294,0.998948312993539,0.7249314091308164,0.6385813148788927
1052,Nashville,Median Home Value,bg,6199,RGNN,2,0.6345381526104418,0.32142857142857145,0.27058823529411763,0.9117493337927017,0.6959119841966637,0.6546712802768166
1053,Nashville,Median Home Value,bg,6199,RGNN,3,0.8433734939759037,0.36904761904761907,0.36470588235294116,0.9947519412820709,0.7153972783143108,0.686159169550173
1054,Nashville,Median Home Value,bg,6199,RGNN,4,0.8955823293172691,0.3333333333333333,0.25882352941176473,0.9963827299764126,0.651832748024583,0.6673010380622838
1055,Nashville,Median Home Value,bg,6199,RGNN,5,0.9236947791164659,0.38095238095238093,0.4117647058823529,0.994729595731496,0.70989080333626,0.7256055363321798
1056,Nashville,Median Home Value,bg,6199,RGNN,6,0.9799196787148594,0.32142857142857145,0.43529411764705883,0.9997346938775511,0.6496927129060579,0.6875432525951557
1057,Nashville,Median Home Value,bg,6199,RGNN,7,0.9437751004016064,0.40476190476190477,0.4,0.9982363971424822,0.7223578797190517,0.6910034602076125
1058,Nashville,Median Home Value,bg,6199,RGNN,8,0.8995983935742972,0.40476190476190477,0.4470588235294118,0.9913756199398698,0.6851240122914838,0.7439446366782008
1059,Nashville,Median Home Value,bg,6199,RGNN,9,0.9076305220883534,0.42857142857142855,0.3176470588235294,0.9929500264244574,0.7128594161545214,0.6572664359861592
1060,Nashville,Median Home Value,bg,6199,Feat-RGNN,0,0.8795180722891566,0.4880952380952381,0.2823529411764706,0.9937215573707275,0.7290907594381035,0.6465397923875432
1061,Nashville,Median Home Value,bg,6199,Feat-RGNN,1,0.8995983935742972,0.40476190476190477,0.32941176470588235,0.9898352162752314,0.7321663740122915,0.666955017301038
1062,Nashville,Median Home Value,bg,6199,Feat-RGNN,2,0.9437751004016064,0.39285714285714285,0.4,0.9951517232038747,0.7202123573309921,0.6820069204152249
1063,Nashville,Median Home Value,bg,6199,Feat-RGNN,3,0.7429718875502008,0.34523809523809523,0.32941176470588235,0.9800619739698326,0.6818974978050921,0.7122837370242215
1064,Nashville,Median Home Value,bg,6199,Feat-RGNN,4,0.9718875502008032,0.34523809523809523,0.3411764705882353,0.9989013434519537,0.6970012071992976,0.663840830449827
1065,Nashville,Median Home Value,bg,6199,Feat-RGNN,5,0.9759036144578314,0.2976190476190476,0.3411764705882353,0.9992794919094484,0.6493058604038631,0.6811418685121107
1066,Nashville,Median Home Value,bg,6199,Feat-RGNN,6,0.9678714859437751,0.32142857142857145,0.38823529411764707,0.9964179261877838,0.6519891352063214,0.6617647058823529
1067,Nashville,Median Home Value,bg,6199,Feat-RGNN,7,0.9437751004016064,0.47619047619047616,0.3176470588235294,0.9955706545955267,0.7582007243195786,0.6712802768166091
1068,Nashville,Median Home Value,bg,6199,Feat-RGNN,8,0.8273092369477911,0.35714285714285715,0.38823529411764707,0.9621966223776959,0.7037670105355576,0.7487889273356402
1069,Nashville,Median Home Value,bg,6199,Feat-RGNN,9,0.7068273092369478,0.34523809523809523,0.3176470588235294,0.9505896118561123,0.6867784240561897,0.6288927335640138
1070,Nashville,Median Home Value,bg,6199,Feat\&PC-RGNN,0,0.8674698795180723,0.47619047619047616,0.3411764705882353,0.9846427957711688,0.7476322431957858,0.6631487889273356
1071,Nashville,Median Home Value,bg,6199,Feat\&PC-RGNN,1,0.9518072289156626,0.32142857142857145,0.3764705882352941,0.9970230745564557,0.7080854916593504,0.6769896193771625
1072,Nashville,Median Home Value,bg,6199,Feat\&PC-RGNN,2,0.8835341365461847,0.35714285714285715,0.36470588235294116,0.9906950405155717,0.711265364354697,0.7084775086505191
1073,Nashville,Median Home Value,bg,6199,Feat\&PC-RGNN,3,0.963855421686747,0.3333333333333333,0.5058823529411764,0.9986628671873806,0.6444331650570676,0.7371972318339101
1074,Nashville,Median Home Value,bg,6199,Feat\&PC-RGNN,4,0.9477911646586346,0.39285714285714285,0.32941176470588235,0.9977476156291664,0.6370966856892011,0.7025951557093425
1075,Nashville,Median Home Value,bg,6199,Feat\&PC-RGNN,5,0.9839357429718876,0.32142857142857145,0.35294117647058826,0.99870279971285,0.6802183933274804,0.6809688581314879
1076,Nashville,Median Home Value,bg,6199,Feat\&PC-RGNN,6,0.963855421686747,0.3333333333333333,0.38823529411764707,0.9978480920209309,0.6635261194029851,0.7231833910034602
1077,Nashville,Median Home Value,bg,6199,Feat\&PC-RGNN,7,1.0,0.44047619047619047,0.3411764705882353,1.0,0.7084394205443372,0.6330449826989619
1078,Nashville,Median Home Value,bg,6199,Feat\&PC-RGNN,8,0.9196787148594378,0.39285714285714285,0.35294117647058826,0.9934467955396971,0.6909816725197542,0.6899653979238753
1079,Nashville,Median Home Value,bg,6199,Feat\&PC-RGNN,9,0.9959839357429718,0.4166666666666667,0.35294117647058826,0.999898574505179,0.7170791264266899,0.6746539792387543
1080,Nashville,Median Home Value,bg,6199,LightGCN,0,0.927710843373494,0.40476190476190477,0.4,0.9938308253203317,0.7509246049165934,0.7420415224913495
1081,Nashville,Median Home Value,bg,6199,LightGCN,1,0.9759036144578314,0.4523809523809524,0.47058823529411764,0.9985620961952621,0.7360650790166813,0.7690311418685121
1082,Nashville,Median Home Value,bg,6199,LightGCN,2,0.9598393574297188,0.4166666666666667,0.4588235294117647,0.9988623077879444,0.7641736172080773,0.7325259515570934
1083,Nashville,Median Home Value,bg,6199,LightGCN,3,0.8634538152610441,0.4523809523809524,0.4117647058823529,0.9804072233634329,0.7348798287971905,0.7333910034602076
1084,Nashville,Median Home Value,bg,6199,LightGCN,4,0.8995983935742972,0.44047619047619047,0.49411764705882355,0.995183363879027,0.727543349429324,0.7721453287197233
1085,Nashville,Median Home Value,bg,6199,LightGCN,5,0.9518072289156626,0.40476190476190477,0.4470588235294118,0.9977667501090076,0.7210052677787532,0.7560553633217993
1086,Nashville,Median Home Value,bg,6199,LightGCN,6,0.9558232931726908,0.34523809523809523,0.47058823529411764,0.997718393199623,0.6962878621597893,0.753114186851211
1087,Nashville,Median Home Value,bg,6199,LightGCN,7,0.9397590361445783,0.35714285714285715,0.38823529411764707,0.9969237112641108,0.700976733977173,0.7140138408304498
1088,Nashville,Median Home Value,bg,6199,LightGCN,8,0.9518072289156626,0.35714285714285715,0.47058823529411764,0.9941793677016009,0.6852447322212468,0.7519031141868512
1089,Nashville,Median Home Value,bg,6199,LightGCN,9,0.9959839357429718,0.42857142857142855,0.4588235294117647,1.0,0.7381173178226514,0.7679930795847751
1090,Nashville,Median Home Value,bg,6199,Feat-LightGCN,0,1.0,0.36904761904761907,0.3176470588235294,1.0,0.7080086698858647,0.7084775086505191
1091,Nashville,Median Home Value,bg,6199,Feat-LightGCN,1,1.0,0.38095238095238093,0.43529411764705883,1.0,0.7215100965759438,0.742560553633218
1092,Nashville,Median Home Value,bg,6199,Feat-LightGCN,2,1.0,0.36904761904761907,0.4588235294117647,1.0,0.7018217734855137,0.7224913494809688
1093,Nashville,Median Home Value,bg,6199,Feat-LightGCN,3,1.0,0.34523809523809523,0.4117647058823529,1.0,0.6855492756804213,0.7279411764705882
1094,Nashville,Median Home Value,bg,6199,Feat-LightGCN,4,1.0,0.44047619047619047,0.27058823529411763,1.0,0.7129513279192273,0.6724913494809688
1095,Nashville,Median Home Value,bg,6199,Feat-LightGCN,5,1.0,0.38095238095238093,0.43529411764705883,1.0,0.7046586918349429,0.7487889273356402
1096,Nashville,Median Home Value,bg,6199,Feat-LightGCN,6,1.0,0.30952380952380953,0.36470588235294116,1.0,0.672344161545215,0.701038062283737
1097,Nashville,Median Home Value,bg,6199,Feat-LightGCN,7,1.0,0.38095238095238093,0.38823529411764707,1.0,0.7262126865671641,0.6737024221453287
1098,Nashville,Median Home Value,bg,6199,Feat-LightGCN,8,0.9799196787148594,0.2857142857142857,0.36470588235294116,0.9987838170444057,0.6453221027216857,0.6716262975778546
1099,Nashville,Median Home Value,bg,6199,Feat-LightGCN,9,1.0,0.47619047619047616,0.3176470588235294,1.0,0.7704153863037752,0.6809688581314879
1100,Nashville,Median Home Value,bg,6199,Feat\&PC-LightGCN,0,1.0,0.47619047619047616,0.4,1.0,0.7571238476733978,0.7137543252595157
1101,Nashville,Median Home Value,bg,6199,Feat\&PC-LightGCN,1,1.0,0.42857142857142855,0.4823529411764706,1.0,0.7029329455662863,0.769204152249135
1102,Nashville,Median Home Value,bg,6199,Feat\&PC-LightGCN,2,1.0,0.42857142857142855,0.4823529411764706,1.0,0.7124451273046531,0.7314878892733564
1103,Nashville,Median Home Value,bg,6199,Feat\&PC-LightGCN,3,1.0,0.39285714285714285,0.4588235294117647,1.0,0.7100279850746268,0.7884083044982699
1104,Nashville,Median Home Value,bg,6199,Feat\&PC-LightGCN,4,1.0,0.36904761904761907,0.36470588235294116,1.0,0.680863147497805,0.7149653979238755
1105,Nashville,Median Home Value,bg,6199,Feat\&PC-LightGCN,5,1.0,0.36904761904761907,0.4235294117647059,1.0,0.7237818261633013,0.7486159169550174
1106,Nashville,Median Home Value,bg,6199,Feat\&PC-LightGCN,6,1.0,0.38095238095238093,0.4235294117647059,1.0,0.6798603489903424,0.7308823529411764
1107,Nashville,Median Home Value,bg,6199,Feat\&PC-LightGCN,7,1.0,0.30952380952380953,0.38823529411764707,1.0,0.7005404960491659,0.7179930795847751
1108,Nashville,Median Home Value,bg,6199,Feat\&PC-LightGCN,8,1.0,0.36904761904761907,0.49411764705882355,1.0,0.7003443261633011,0.7667820069204152
1109,Nashville,Median Home Value,bg,6199,Feat\&PC-LightGCN,9,1.0,0.4166666666666667,0.43529411764705883,1.0,0.7111336698858647,0.7614186851211071
1110,Nashville,Median Home Value,bg,6199,NoPreTrain,0,1.0,0.23809523809523808,0.27058823529411763,1.0,0.5516022827041264,0.5707612456747404
1111,Nashville,Median Home Value,bg,6199,NoPreTrain,1,1.0,0.23809523809523808,0.25882352941176473,1.0,0.5999698200175593,0.5484429065743945
1112,Nashville,Median Home Value,bg,6199,NoPreTrain,2,1.0,0.25,0.29411764705882354,1.0,0.5603380158033362,0.6006920415224913
1113,Nashville,Median Home Value,bg,6199,NoPreTrain,3,1.0,0.23809523809523808,0.29411764705882354,1.0,0.5467789727831431,0.622750865051903
1114,Nashville,Median Home Value,bg,6199,NoPreTrain,4,1.0,0.16666666666666666,0.21176470588235294,1.0,0.5055586040386304,0.5006920415224914
1115,Nashville,Median Home Value,bg,6199,NoPreTrain,5,1.0,0.17857142857142858,0.15294117647058825,1.0,0.4649939640035118,0.4859861591695502
1116,Nashville,Median Home Value,bg,6199,NoPreTrain,6,1.0,0.23809523809523808,0.24705882352941178,1.0,0.5659460052677787,0.6044982698961937
1117,Nashville,Median Home Value,bg,6199,NoPreTrain,7,1.0,0.25,0.25882352941176473,1.0,0.5441889815627743,0.6091695501730103
1118,Nashville,Median Home Value,bg,6199,NoPreTrain,8,1.0,0.2857142857142857,0.3058823529411765,1.0,0.6298315408252854,0.6448096885813148
1119,Nashville,Median Home Value,bg,6199,NoPreTrain,9,1.0,0.30952380952380953,0.35294117647058826,1.0,0.6040386303775241,0.603114186851211
1120,Nashville,Commute Time,bg,1676,Emb,0,1.0,0.43478260869565216,0.2,1.0,0.6898245614035087,0.44400000000000006
1121,Nashville,Commute Time,bg,1676,Emb,1,1.0,0.30434782608695654,0.16,1.0,0.5716959064327486,0.43599999999999994
1122,Nashville,Commute Time,bg,1676,Emb,2,1.0,0.21739130434782608,0.12,1.0,0.5389473684210526,0.466
1123,Nashville,Commute Time,bg,1676,Emb,3,1.0,0.13043478260869565,0.28,1.0,0.3970760233918129,0.5700000000000001
1124,Nashville,Commute Time,bg,1676,Emb,4,1.0,0.391304347826087,0.4,1.0,0.5834502923976609,0.5740000000000001
1125,Nashville,Commute Time,bg,1676,Emb,5,1.0,0.08695652173913043,0.28,1.0,0.5087134502923977,0.6100000000000001
1126,Nashville,Commute Time,bg,1676,Emb,6,1.0,0.17391304347826086,0.08,1.0,0.49292397660818715,0.441
1127,Nashville,Commute Time,bg,1676,Emb,7,1.0,0.34782608695652173,0.24,1.0,0.483625730994152,0.49799999999999994
1128,Nashville,Commute Time,bg,1676,Emb,8,1.0,0.17391304347826086,0.32,1.0,0.47847953216374267,0.5740000000000001
1129,Nashville,Commute Time,bg,1676,Emb,9,1.0,0.30434782608695654,0.2,1.0,0.5903508771929824,0.53
1130,Nashville,Commute Time,bg,1676,RGNN,0,1.0,0.17391304347826086,0.12,1.0,0.6076023391812866,0.4960000000000001
1131,Nashville,Commute Time,bg,1676,RGNN,1,1.0,0.21739130434782608,0.08,1.0,0.525438596491228,0.504
1132,Nashville,Commute Time,bg,1676,RGNN,2,1.0,0.30434782608695654,0.08,1.0,0.5366666666666666,0.426
1133,Nashville,Commute Time,bg,1676,RGNN,3,1.0,0.17391304347826086,0.36,1.0,0.4742690058479532,0.64
1134,Nashville,Commute Time,bg,1676,RGNN,4,1.0,0.17391304347826086,0.2,1.0,0.5733918128654971,0.54
1135,Nashville,Commute Time,bg,1676,RGNN,5,1.0,0.2608695652173913,0.24,1.0,0.5319298245614035,0.5980000000000001
1136,Nashville,Commute Time,bg,1676,RGNN,6,1.0,0.21739130434782608,0.12,1.0,0.5074853801169591,0.47800000000000004
1137,Nashville,Commute Time,bg,1676,RGNN,7,1.0,0.21739130434782608,0.28,1.0,0.5647368421052631,0.57
1138,Nashville,Commute Time,bg,1676,RGNN,8,1.0,0.13043478260869565,0.24,1.0,0.4767836257309942,0.5640000000000001
1139,Nashville,Commute Time,bg,1676,RGNN,9,1.0,0.2608695652173913,0.36,1.0,0.611345029239766,0.576
1140,Nashville,Commute Time,bg,1676,Feat-RGNN,0,1.0,0.21739130434782608,0.2,1.0,0.46707602339181287,0.528
1141,Nashville,Commute Time,bg,1676,Feat-RGNN,1,1.0,0.21739130434782608,0.28,1.0,0.5508187134502924,0.6139999999999999
1142,Nashville,Commute Time,bg,1676,Feat-RGNN,2,1.0,0.2608695652173913,0.16,1.0,0.5154970760233918,0.484
1143,Nashville,Commute Time,bg,1676,Feat-RGNN,3,1.0,0.17391304347826086,0.48,1.0,0.49339181286549716,0.666
1144,Nashville,Commute Time,bg,1676,Feat-RGNN,4,1.0,0.30434782608695654,0.16,1.0,0.6030409356725147,0.512
1145,Nashville,Commute Time,bg,1676,Feat-RGNN,5,1.0,0.30434782608695654,0.32,1.0,0.5819883040935673,0.6
1146,Nashville,Commute Time,bg,1676,Feat-RGNN,6,1.0,0.30434782608695654,0.4,1.0,0.5370175438596492,0.6679999999999999
1147,Nashville,Commute Time,bg,1676,Feat-RGNN,7,1.0,0.17391304347826086,0.28,1.0,0.47964912280701755,0.562
1148,Nashville,Commute Time,bg,1676,Feat-RGNN,8,1.0,0.21739130434782608,0.28,1.0,0.5247368421052631,0.61
1149,Nashville,Commute Time,bg,1676,Feat-RGNN,9,1.0,0.30434782608695654,0.32,1.0,0.5480701754385965,0.6020000000000001
1150,Nashville,Commute Time,bg,1676,Feat\&PC-RGNN,0,1.0,0.34782608695652173,0.28,1.0,0.5548538011695907,0.55
1151,Nashville,Commute Time,bg,1676,Feat\&PC-RGNN,1,1.0,0.2608695652173913,0.36,1.0,0.6156725146198829,0.63
1152,Nashville,Commute Time,bg,1676,Feat\&PC-RGNN,2,1.0,0.21739130434782608,0.12,1.0,0.5939766081871345,0.466
1153,Nashville,Commute Time,bg,1676,Feat\&PC-RGNN,3,1.0,0.21739130434782608,0.36,1.0,0.48052631578947375,0.6679999999999999
1154,Nashville,Commute Time,bg,1676,Feat\&PC-RGNN,4,1.0,0.13043478260869565,0.28,1.0,0.5509941520467836,0.568
1155,Nashville,Commute Time,bg,1676,Feat\&PC-RGNN,5,1.0,0.30434782608695654,0.2,1.0,0.6064912280701753,0.5539999999999999
1156,Nashville,Commute Time,bg,1676,Feat\&PC-RGNN,6,1.0,0.30434782608695654,0.12,1.0,0.6219298245614036,0.48999999999999994
1157,Nashville,Commute Time,bg,1676,Feat\&PC-RGNN,7,1.0,0.21739130434782608,0.32,1.0,0.4692982456140351,0.6299999999999999
1158,Nashville,Commute Time,bg,1676,Feat\&PC-RGNN,8,1.0,0.2608695652173913,0.36,1.0,0.43543859649122807,0.666
1159,Nashville,Commute Time,bg,1676,Feat\&PC-RGNN,9,1.0,0.4782608695652174,0.36,1.0,0.7395906432748538,0.666
1160,Nashville,Commute Time,bg,1676,LightGCN,0,1.0,0.21739130434782608,0.36,1.0,0.6139766081871345,0.532
1161,Nashville,Commute Time,bg,1676,LightGCN,1,1.0,0.2608695652173913,0.28,1.0,0.5767836257309942,0.6399999999999999
1162,Nashville,Commute Time,bg,1676,LightGCN,2,1.0,0.2608695652173913,0.12,1.0,0.5822222222222223,0.508
1163,Nashville,Commute Time,bg,1676,LightGCN,3,1.0,0.30434782608695654,0.2,1.0,0.5926900584795322,0.5519999999999999
1164,Nashville,Commute Time,bg,1676,LightGCN,4,1.0,0.17391304347826086,0.16,1.0,0.5105263157894736,0.548
1165,Nashville,Commute Time,bg,1676,LightGCN,5,1.0,0.34782608695652173,0.28,1.0,0.6540350877192982,0.5640000000000001
1166,Nashville,Commute Time,bg,1676,LightGCN,6,1.0,0.17391304347826086,0.2,1.0,0.5260233918128655,0.616
1167,Nashville,Commute Time,bg,1676,LightGCN,7,1.0,0.17391304347826086,0.32,1.0,0.5757309941520468,0.5700000000000001
1168,Nashville,Commute Time,bg,1676,LightGCN,8,1.0,0.2608695652173913,0.36,1.0,0.492046783625731,0.642
1169,Nashville,Commute Time,bg,1676,LightGCN,9,1.0,0.391304347826087,0.24,1.0,0.6315204678362573,0.5439999999999999
1170,Nashville,Commute Time,bg,1676,Feat-LightGCN,0,1.0,0.391304347826087,0.28,1.0,0.6371929824561404,0.5960000000000001
1171,Nashville,Commute Time,bg,1676,Feat-LightGCN,1,1.0,0.43478260869565216,0.2,1.0,0.6273684210526317,0.5740000000000001
1172,Nashville,Commute Time,bg,1676,Feat-LightGCN,2,1.0,0.2608695652173913,0.24,1.0,0.5011695906432749,0.49399999999999994
1173,Nashville,Commute Time,bg,1676,Feat-LightGCN,3,1.0,0.2608695652173913,0.32,1.0,0.4594152046783626,0.5880000000000001
1174,Nashville,Commute Time,bg,1676,Feat-LightGCN,4,1.0,0.21739130434782608,0.2,1.0,0.47906432748538014,0.546
1175,Nashville,Commute Time,bg,1676,Feat-LightGCN,5,1.0,0.2608695652173913,0.32,1.0,0.6067251461988304,0.648
1176,Nashville,Commute Time,bg,1676,Feat-LightGCN,6,1.0,0.21739130434782608,0.2,1.0,0.5017543859649123,0.49800000000000005
1177,Nashville,Commute Time,bg,1676,Feat-LightGCN,7,1.0,0.2608695652173913,0.24,1.0,0.5140935672514619,0.558
1178,Nashville,Commute Time,bg,1676,Feat-LightGCN,8,1.0,0.391304347826087,0.24,1.0,0.6430409356725146,0.56
1179,Nashville,Commute Time,bg,1676,Feat-LightGCN,9,1.0,0.2608695652173913,0.44,1.0,0.6016374269005847,0.638
1180,Nashville,Commute Time,bg,1676,Feat\&PC-LightGCN,0,1.0,0.21739130434782608,0.32,1.0,0.5866666666666667,0.596
1181,Nashville,Commute Time,bg,1676,Feat\&PC-LightGCN,1,1.0,0.2608695652173913,0.16,1.0,0.5624561403508772,0.524
1182,Nashville,Commute Time,bg,1676,Feat\&PC-LightGCN,2,1.0,0.2608695652173913,0.36,1.0,0.5806432748538013,0.47800000000000004
1183,Nashville,Commute Time,bg,1676,Feat\&PC-LightGCN,3,1.0,0.30434782608695654,0.24,1.0,0.5953801169590643,0.55
1184,Nashville,Commute Time,bg,1676,Feat\&PC-LightGCN,4,1.0,0.30434782608695654,0.2,1.0,0.5553801169590644,0.552
1185,Nashville,Commute Time,bg,1676,Feat\&PC-LightGCN,5,1.0,0.21739130434782608,0.32,1.0,0.5640350877192983,0.6090000000000001
1186,Nashville,Commute Time,bg,1676,Feat\&PC-LightGCN,6,1.0,0.2608695652173913,0.12,1.0,0.6423391812865498,0.42800000000000005
1187,Nashville,Commute Time,bg,1676,Feat\&PC-LightGCN,7,1.0,0.2608695652173913,0.28,1.0,0.5172514619883042,0.5880000000000001
1188,Nashville,Commute Time,bg,1676,Feat\&PC-LightGCN,8,1.0,0.34782608695652173,0.2,1.0,0.5814619883040935,0.556
1189,Nashville,Commute Time,bg,1676,Feat\&PC-LightGCN,9,1.0,0.30434782608695654,0.32,1.0,0.6178947368421053,0.656
1190,Nashville,Commute Time,bg,1676,NoPreTrain,0,1.0,0.17391304347826086,0.08,1.0,0.5862573099415205,0.42400000000000004
1191,Nashville,Commute Time,bg,1676,NoPreTrain,1,1.0,0.21739130434782608,0.24,1.0,0.5335087719298246,0.608
1192,Nashville,Commute Time,bg,1676,NoPreTrain,2,1.0,0.30434782608695654,0.12,1.0,0.5684795321637427,0.47000000000000003
1193,Nashville,Commute Time,bg,1676,NoPreTrain,3,1.0,0.13043478260869565,0.24,1.0,0.5055555555555555,0.544
1194,Nashville,Commute Time,bg,1676,NoPreTrain,4,1.0,0.08695652173913043,0.2,1.0,0.476140350877193,0.5960000000000001
1195,Nashville,Commute Time,bg,1676,NoPreTrain,5,1.0,0.17391304347826086,0.2,1.0,0.47590643274853806,0.502
1196,Nashville,Commute Time,bg,1676,NoPreTrain,6,1.0,0.08695652173913043,0.24,1.0,0.5140350877192983,0.543
1197,Nashville,Commute Time,bg,1676,NoPreTrain,7,1.0,0.21739130434782608,0.32,1.0,0.6295906432748538,0.48299999999999993
1198,Nashville,Commute Time,bg,1676,NoPreTrain,8,1.0,0.13043478260869565,0.36,1.0,0.4480701754385965,0.626
1199,Nashville,Commute Time,bg,1676,NoPreTrain,9,1.0,0.30434782608695654,0.2,1.0,0.5807017543859649,0.526
1200,Nashville,Median Age,bg,6722,Emb,0,1.0,0.23863636363636365,0.19101123595505617,1.0,0.5486870241054168,0.5330732762588604
1201,Nashville,Median Age,bg,6722,Emb,1,1.0,0.23863636363636365,0.24719101123595505,1.0,0.5463050196604463,0.5048237135229678
1202,Nashville,Median Age,bg,6722,Emb,2,1.0,0.19318181818181818,0.23595505617977527,1.0,0.46856261753527706,0.5551390039583909
1203,Nashville,Median Age,bg,6722,Emb,3,1.0,0.14772727272727273,0.19101123595505617,1.0,0.46718599176759906,0.5126875632882261
1204,Nashville,Median Age,bg,6722,Emb,4,1.0,0.2159090909090909,0.25842696629213485,1.0,0.5035538722531265,0.5457769492773635
1205,Nashville,Median Age,bg,6722,Emb,5,1.0,0.17045454545454544,0.25842696629213485,1.0,0.4845196670217383,0.5594863297431649
1206,Nashville,Median Age,bg,6722,Emb,6,1.0,0.2727272727272727,0.24719101123595505,1.0,0.5350440551807577,0.5415354874344104
1207,Nashville,Median Age,bg,6722,Emb,7,1.0,0.13636363636363635,0.2696629213483146,1.0,0.5018467668757645,0.599353309398877
1208,Nashville,Median Age,bg,6722,Emb,8,1.0,0.2727272727272727,0.3146067415730337,1.0,0.5639520784839758,0.5851606370247631
1209,Nashville,Median Age,bg,6722,Emb,9,1.0,0.1590909090909091,0.2696629213483146,1.0,0.4572091371759971,0.5760218171775754
1210,Nashville,Median Age,bg,6722,RGNN,0,0.8160919540229885,0.22727272727272727,0.19101123595505617,0.9716061056589915,0.5452976683631199,0.5385298720427137
1211,Nashville,Median Age,bg,6722,RGNN,1,0.7854406130268199,0.26136363636363635,0.2808988764044944,0.979709256120916,0.5580055496376954,0.5788272116358281
1212,Nashville,Median Age,bg,6722,RGNN,2,0.9310344827586207,0.125,0.21348314606741572,0.9945841052818214,0.48025223234833847,0.539358372456964
1213,Nashville,Median Age,bg,6722,RGNN,3,0.9731800766283525,0.2159090909090909,0.1797752808988764,0.9992967680474598,0.523021922383977,0.5041816257019239
1214,Nashville,Median Age,bg,6722,RGNN,4,0.9348659003831418,0.25,0.30337078651685395,0.9956990737523483,0.540528136137084,0.5998020804565958
1215,Nashville,Median Age,bg,6722,RGNN,5,0.8888888888888888,0.20454545454545456,0.19101123595505617,0.9903310157749965,0.5484183532567957,0.47410015649452275
1216,Nashville,Median Age,bg,6722,RGNN,6,0.9157088122605364,0.20454545454545456,0.30337078651685395,0.9895386767862501,0.5061686458621008,0.5752531529043543
1217,Nashville,Median Age,bg,6722,RGNN,7,0.9080459770114943,0.23863636363636365,0.23595505617977527,0.9928788886534058,0.5437645480727503,0.5461727883641719
1218,Nashville,Median Age,bg,6722,RGNN,8,0.9310344827586207,0.22727272727272727,0.23595505617977527,0.9911856279936326,0.5101672781788772,0.5789353769676885
1219,Nashville,Median Age,bg,6722,RGNN,9,0.789272030651341,0.18181818181818182,0.23595505617977527,0.974409988550818,0.5018512381478413,0.5716468747123263
1220,Nashville,Median Age,bg,6722,Feat-RGNN,0,0.8122605363984674,0.23863636363636365,0.24719101123595505,0.9743109278234389,0.5188198471877014,0.5097440854275982
1221,Nashville,Median Age,bg,6722,Feat-RGNN,1,0.8390804597701149,0.2159090909090909,0.23595505617977527,0.9774409504552637,0.5021626490971975,0.5292782840835866
1222,Nashville,Median Age,bg,6722,Feat-RGNN,2,0.8045977011494253,0.3068181818181818,0.3146067415730337,0.9794335831785167,0.5715926934153943,0.5761898186504648
1223,Nashville,Median Age,bg,6722,Feat-RGNN,3,0.7279693486590039,0.20454545454545456,0.21348314606741572,0.9778093648279557,0.5202176457437434,0.5371766546994385
1224,Nashville,Median Age,bg,6722,Feat-RGNN,4,0.7279693486590039,0.26136363636363635,0.23595505617977527,0.9775457550287421,0.5230342841361896,0.5640430820215411
1225,Nashville,Median Age,bg,6722,Feat-RGNN,5,0.6934865900383141,0.2159090909090909,0.25842696629213485,0.9312290352111774,0.5188030141634119,0.5661971830985916
1226,Nashville,Median Age,bg,6722,Feat-RGNN,6,0.89272030651341,0.2159090909090909,0.24719101123595505,0.9932523501574219,0.5732274693915125,0.5833448402835313
1227,Nashville,Median Age,bg,6722,Feat-RGNN,7,0.896551724137931,0.2159090909090909,0.21348314606741572,0.9887581062674167,0.5367835772806775,0.5023128969897819
1228,Nashville,Median Age,bg,6722,Feat-RGNN,8,0.7662835249042146,0.19318181818181818,0.20224719101123595,0.9609275123355081,0.5086085138280664,0.5544623952867532
1229,Nashville,Median Age,bg,6722,Feat-RGNN,9,0.8199233716475096,0.125,0.23595505617977527,0.9623421055628171,0.46154074775450094,0.5369419129154009
1230,Nashville,Median Age,bg,6722,Feat\&PC-RGNN,0,0.8505747126436781,0.29545454545454547,0.2808988764044944,0.9879386631647291,0.5517242014176562,0.5871467366289238
1231,Nashville,Median Age,bg,6722,Feat\&PC-RGNN,1,0.9655172413793104,0.26136363636363635,0.25842696629213485,0.9974580993562163,0.5479567601688562,0.5433167633250484
1232,Nashville,Median Age,bg,6722,Feat\&PC-RGNN,2,0.9885057471264368,0.20454545454545456,0.2808988764044944,0.9983081899900373,0.5450575347509895,0.6165585013348063
1233,Nashville,Median Age,bg,6722,Feat\&PC-RGNN,3,0.8390804597701149,0.25,0.3258426966292135,0.9771056454296311,0.5669619021317447,0.5822263647242936
1234,Nashville,Median Age,bg,6722,Feat\&PC-RGNN,4,0.7931034482758621,0.22727272727272727,0.23595505617977527,0.9876123606402842,0.546803829513026,0.6000966583816625
1235,Nashville,Median Age,bg,6722,Feat\&PC-RGNN,5,0.9157088122605364,0.17045454545454544,0.2808988764044944,0.9934148928013812,0.49935745190094816,0.5854183927091964
1236,Nashville,Median Age,bg,6722,Feat\&PC-RGNN,6,0.946360153256705,0.2159090909090909,0.24719101123595505,0.9943895250639091,0.5554519272497732,0.5256121697505293
1237,Nashville,Median Age,bg,6722,Feat\&PC-RGNN,7,0.8697318007662835,0.23863636363636365,0.23595505617977527,0.9888756968630139,0.553410002498652,0.5942189082205653
1238,Nashville,Median Age,bg,6722,Feat\&PC-RGNN,8,0.8275862068965517,0.18181818181818182,0.30337078651685395,0.9879306392406706,0.509324837916387,0.5892018779342724
1239,Nashville,Median Age,bg,6722,Feat\&PC-RGNN,9,0.9042145593869731,0.18181818181818182,0.24719101123595505,0.9936970560707866,0.5155548980155442,0.5610535763601214
1240,Nashville,Median Age,bg,6722,LightGCN,0,0.9655172413793104,0.3409090909090909,0.29213483146067415,0.9978455164611519,0.6518910850725266,0.588258308018043
1241,Nashville,Median Age,bg,6722,LightGCN,1,0.9501915708812261,0.2159090909090909,0.2808988764044944,0.9947324657127083,0.5487054352257335,0.6214926815796741
1242,Nashville,Median Age,bg,6722,LightGCN,2,0.9540229885057471,0.2727272727272727,0.29213483146067415,0.9957457139588726,0.595711392538236,0.6296280953696033
1243,Nashville,Median Age,bg,6722,LightGCN,3,0.9080459770114943,0.26136363636363635,0.2696629213483146,0.9868346558327264,0.5607014636840651,0.6147081837429808
1244,Nashville,Median Age,bg,6722,LightGCN,4,0.9616858237547893,0.2840909090909091,0.24719101123595505,0.997077937055353,0.6153970884128299,0.545597440854276
1245,Nashville,Median Age,bg,6722,LightGCN,5,0.8735632183908046,0.19318181818181818,0.23595505617977527,0.979818918578285,0.5211374127115634,0.5679623492589524
1246,Nashville,Median Age,bg,6722,LightGCN,6,0.9885057471264368,0.3068181818181818,0.23595505617977527,0.9960924576023065,0.6097455320156231,0.5904078063150142
1247,Nashville,Median Age,bg,6722,LightGCN,7,0.9923371647509579,0.2840909090909091,0.33707865168539325,0.999854516148918,0.6119164661169633,0.624424652490104
1248,Nashville,Median Age,bg,6722,LightGCN,8,0.9042145593869731,0.2840909090909091,0.34831460674157305,0.9911101987357203,0.6145384726660617,0.6276811193961154
1249,Nashville,Median Age,bg,6722,LightGCN,9,0.9080459770114943,0.2727272727272727,0.3146067415730337,0.9885282569973196,0.5868395996896412,0.6321481174629476
1250,Nashville,Median Age,bg,6722,Feat-LightGCN,0,1.0,0.22727272727272727,0.25842696629213485,1.0,0.6133504293736274,0.6008192948540918
1251,Nashville,Median Age,bg,6722,Feat-LightGCN,1,1.0,0.2840909090909091,0.29213483146067415,1.0,0.5622006549098513,0.5971301666206388
1252,Nashville,Median Age,bg,6722,Feat-LightGCN,2,1.0,0.32954545454545453,0.30337078651685395,1.0,0.6289775252824135,0.624463776120777
1253,Nashville,Median Age,bg,6722,Feat-LightGCN,3,1.0,0.2727272727272727,0.25842696629213485,1.0,0.5948230559829566,0.5565382491024579
1254,Nashville,Median Age,bg,6722,Feat-LightGCN,4,1.0,0.25,0.3258426966292135,1.0,0.5564908404676425,0.6310825738746202
1255,Nashville,Median Age,bg,6722,Feat-LightGCN,5,1.0,0.22727272727272727,0.30337078651685395,1.0,0.5105744269538801,0.5973142778238055
1256,Nashville,Median Age,bg,6722,Feat-LightGCN,6,1.0,0.29545454545454547,0.33707865168539325,1.0,0.6238264225878145,0.6410314830157414
1257,Nashville,Median Age,bg,6722,Feat-LightGCN,7,1.0,0.3181818181818182,0.29213483146067415,1.0,0.6087805262950251,0.5644182085979932
1258,Nashville,Median Age,bg,6722,Feat-LightGCN,8,1.0,0.2840909090909091,0.23595505617977527,1.0,0.6053955103168028,0.5253106876553438
1259,Nashville,Median Age,bg,6722,Feat-LightGCN,9,1.0,0.23863636363636365,0.2808988764044944,1.0,0.5609175313317815,0.5688115621835588
1260,Nashville,Median Age,bg,6722,Feat\&PC-LightGCN,0,1.0,0.2727272727272727,0.19101123595505617,1.0,0.6017273576097105,0.552234649728436
1261,Nashville,Median Age,bg,6722,Feat\&PC-LightGCN,1,1.0,0.2159090909090909,0.2808988764044944,1.0,0.560316802777449,0.5884424192212097
1262,Nashville,Median Age,bg,6722,Feat\&PC-LightGCN,2,1.0,0.3522727272727273,0.25842696629213485,1.0,0.6283950105863942,0.636067384700359
1263,Nashville,Median Age,bg,6722,Feat\&PC-LightGCN,3,0.9961685823754789,0.26136363636363635,0.21348314606741572,1.0,0.561079417682566,0.5637093804658013
1264,Nashville,Median Age,bg,6722,Feat\&PC-LightGCN,4,1.0,0.23863636363636365,0.2808988764044944,1.0,0.5749624544653542,0.5924836601307188
1265,Nashville,Median Age,bg,6722,Feat\&PC-LightGCN,5,1.0,0.17045454545454544,0.29213483146067415,1.0,0.5297767651661603,0.5500046027800791
1266,Nashville,Median Age,bg,6722,Feat\&PC-LightGCN,6,1.0,0.3181818181818182,0.2696629213483146,1.0,0.5902860299049197,0.5936251495903526
1267,Nashville,Median Age,bg,6722,Feat\&PC-LightGCN,7,1.0,0.25,0.3258426966292135,1.0,0.5770882813219185,0.6271103746662984
1268,Nashville,Median Age,bg,6722,Feat\&PC-LightGCN,8,1.0,0.32954545454545453,0.25842696629213485,1.0,0.6229163214581608,0.5842331768388107
1269,Nashville,Median Age,bg,6722,Feat\&PC-LightGCN,9,1.0,0.2840909090909091,0.2247191011235955,1.0,0.5914859089175576,0.5683535855656817
1270,Nashville,Median Age,bg,6722,NoPreTrain,0,1.0,0.17045454545454544,0.24719101123595505,1.0,0.49845925224549925,0.5179784589892295
1271,Nashville,Median Age,bg,6722,NoPreTrain,1,1.0,0.25,0.20224719101123595,1.0,0.578560579161242,0.49356531344932336
1272,Nashville,Median Age,bg,6722,NoPreTrain,2,1.0,0.20454545454545456,0.20224719101123595,1.0,0.4930925421811917,0.5225029918070515
1273,Nashville,Median Age,bg,6722,NoPreTrain,3,1.0,0.23863636363636365,0.24719101123595505,1.0,0.5361412264436292,0.5546764245604344
1274,Nashville,Median Age,bg,6722,NoPreTrain,4,1.0,0.22727272727272727,0.2247191011235955,1.0,0.4979447929406504,0.48661511552978
1275,Nashville,Median Age,bg,6722,NoPreTrain,5,1.0,0.22727272727272727,0.23595505617977527,1.0,0.49040221722491817,0.5328615483752187
1276,Nashville,Median Age,bg,6722,NoPreTrain,6,1.0,0.25,0.19101123595505617,1.0,0.4848133901447903,0.46543082021541
1277,Nashville,Median Age,bg,6722,NoPreTrain,7,1.0,0.18181818181818182,0.16853932584269662,1.0,0.49899817203876856,0.509286108809721
1278,Nashville,Median Age,bg,6722,NoPreTrain,8,1.0,0.1590909090909091,0.21348314606741572,1.0,0.41651530095606315,0.539894596336187
1279,Nashville,Median Age,bg,6722,NoPreTrain,9,1.0,0.18181818181818182,0.15730337078651685,1.0,0.5224300048657962,0.4388198471877014
1280,Tampa,Median Income,bg,16293,Emb,0,1.0,0.2653061224489796,0.27755102040816326,1.0,0.5611932528113286,0.6009162848812994
1281,Tampa,Median Income,bg,16293,Emb,1,1.0,0.2163265306122449,0.23673469387755103,1.0,0.5422948771345274,0.5571428571428572
1282,Tampa,Median Income,bg,16293,Emb,2,1.0,0.2653061224489796,0.2653061224489796,1.0,0.5738234069137859,0.5783007080383173
1283,Tampa,Median Income,bg,16293,Emb,3,0.9918032786885246,0.2897959183673469,0.2693877551020408,1.0,0.585433152852978,0.5842565597667638
1284,Tampa,Median Income,bg,16293,Emb,4,1.0,0.22448979591836735,0.2938775510204082,1.0,0.5726780508121616,0.6206997084548104
1285,Tampa,Median Income,bg,16293,Emb,5,1.0,0.23673469387755103,0.2897959183673469,1.0,0.5577675968346523,0.5886089129529364
1286,Tampa,Median Income,bg,16293,Emb,6,1.0,0.24489795918367346,0.2979591836734694,1.0,0.5602457309454394,0.5979279466888796
1287,Tampa,Median Income,bg,16293,Emb,7,1.0,0.2530612244897959,0.27755102040816326,1.0,0.5515201999167014,0.559402332361516
1288,Tampa,Median Income,bg,16293,Emb,8,1.0,0.2693877551020408,0.2612244897959184,1.0,0.5835901707621824,0.5786339025406081
1289,Tampa,Median Income,bg,16293,Emb,9,1.0,0.24897959183673468,0.2693877551020408,1.0,0.5639316951270303,0.546688879633486
1290,Tampa,Median Income,bg,16293,RGNN,0,0.6693989071038251,0.27346938775510204,0.2897959183673469,0.9062010121575452,0.593606830487297,0.5874427321949187
1291,Tampa,Median Income,bg,16293,RGNN,1,0.6612021857923497,0.3020408163265306,0.24897959183673468,0.9152876360247305,0.6229904206580591,0.5771761765930863
1292,Tampa,Median Income,bg,16293,RGNN,2,0.6461748633879781,0.2857142857142857,0.30612244897959184,0.9130903947053103,0.6052686380674719,0.6158059142024156
1293,Tampa,Median Income,bg,16293,RGNN,3,0.6188524590163934,0.24897959183673468,0.2857142857142857,0.8866427044677547,0.5915035401915868,0.5917326114119117
1294,Tampa,Median Income,bg,16293,RGNN,4,0.6912568306010929,0.2979591836734694,0.24489795918367346,0.9221401107742551,0.6236776343190338,0.5658267388588089
1295,Tampa,Median Income,bg,16293,RGNN,5,0.5997267759562842,0.3224489795918367,0.22040816326530613,0.9017480403664223,0.6366722199083715,0.5721366097459392
1296,Tampa,Median Income,bg,16293,RGNN,6,0.5,0.21224489795918366,0.27755102040816326,0.8820511390385759,0.5811953352769679,0.5941482715535195
1297,Tampa,Median Income,bg,16293,RGNN,7,0.6475409836065574,0.2979591836734694,0.2816326530612245,0.9028724474457596,0.6056226572261558,0.591649312786339
1298,Tampa,Median Income,bg,16293,RGNN,8,0.7363387978142076,0.2897959183673469,0.2816326530612245,0.9360728427349455,0.6112036651395252,0.5842357351103706
1299,Tampa,Median Income,bg,16293,RGNN,9,0.610655737704918,0.30612244897959184,0.2979591836734694,0.8986617108536921,0.6065805914202416,0.6080174927113703
1300,Tampa,Median Income,bg,16293,Feat-RGNN,0,0.5806010928961749,0.24489795918367346,0.24489795918367346,0.8953781571145637,0.5809246147438567,0.5884839650145772
1301,Tampa,Median Income,bg,16293,Feat-RGNN,1,0.5819672131147541,0.2816326530612245,0.2693877551020408,0.8658339170527011,0.6018533944189921,0.6060599750104123
1302,Tampa,Median Income,bg,16293,Feat-RGNN,2,0.6816939890710383,0.30612244897959184,0.21224489795918366,0.9252053376082416,0.6366305705955851,0.5742190753852561
1303,Tampa,Median Income,bg,16293,Feat-RGNN,3,0.5245901639344263,0.31020408163265306,0.2693877551020408,0.8536093046344643,0.6288213244481465,0.6078092461474386
1304,Tampa,Median Income,bg,16293,Feat-RGNN,4,0.6092896174863388,0.2857142857142857,0.3020408163265306,0.8784858142499921,0.6295085381091212,0.5987713452728031
1305,Tampa,Median Income,bg,16293,Feat-RGNN,5,0.6734972677595629,0.2816326530612245,0.2612244897959184,0.9184499091445252,0.6321116201582674,0.5748021657642649
1306,Tampa,Median Income,bg,16293,Feat-RGNN,6,0.6980874316939891,0.3020408163265306,0.2816326530612245,0.926066217421921,0.6415868388171595,0.6003540191586838
1307,Tampa,Median Income,bg,16293,Feat-RGNN,7,0.6898907103825137,0.2693877551020408,0.2979591836734694,0.9140193195351053,0.6243648479800082,0.6040608079966681
1308,Tampa,Median Income,bg,16293,Feat-RGNN,8,0.5669398907103825,0.24489795918367346,0.2571428571428571,0.8634631234125634,0.5850895460224905,0.6077884214910454
1309,Tampa,Median Income,bg,16293,Feat-RGNN,9,0.5204918032786885,0.2816326530612245,0.31020408163265306,0.845539407243621,0.5737401082882132,0.6240941274468972
1310,Tampa,Median Income,bg,16293,Feat\&PC-RGNN,0,0.6461748633879781,0.2571428571428571,0.3183673469387755,0.9009572104651017,0.5990837151187005,0.6365056226572262
1311,Tampa,Median Income,bg,16293,Feat\&PC-RGNN,1,0.7213114754098361,0.3510204081632653,0.24081632653061225,0.9347635449363306,0.6493336109954185,0.5860683048729696
1312,Tampa,Median Income,bg,16293,Feat\&PC-RGNN,2,0.6215846994535519,0.3020408163265306,0.2857142857142857,0.9044810649940122,0.6595168679716784,0.5792378175760099
1313,Tampa,Median Income,bg,16293,Feat\&PC-RGNN,3,0.7308743169398907,0.27346938775510204,0.2897959183673469,0.952350993434461,0.5882757184506456,0.6133486047480217
1314,Tampa,Median Income,bg,16293,Feat\&PC-RGNN,4,0.7226775956284153,0.27755102040816326,0.2857142857142857,0.9421638229387874,0.6091420241566013,0.6131820074968763
1315,Tampa,Median Income,bg,16293,Feat\&PC-RGNN,5,0.6857923497267759,0.2653061224489796,0.24897959183673468,0.9106560998625678,0.6270928779675136,0.6014160766347355
1316,Tampa,Median Income,bg,16293,Feat\&PC-RGNN,6,0.6721311475409836,0.3020408163265306,0.24489795918367346,0.9187264214800397,0.6161391087047063,0.5893794252394835
1317,Tampa,Median Income,bg,16293,Feat\&PC-RGNN,7,0.7076502732240437,0.31020408163265306,0.2938775510204082,0.9318366571391825,0.6273427738442315,0.6095585172844649
1318,Tampa,Median Income,bg,16293,Feat\&PC-RGNN,8,0.7404371584699454,0.3183673469387755,0.32653061224489793,0.9441059315747239,0.6428154935443565,0.6079341940857976
1319,Tampa,Median Income,bg,16293,Feat\&PC-RGNN,9,0.7254098360655737,0.2816326530612245,0.2979591836734694,0.9430549382916753,0.5975426905456059,0.6387963348604748
1320,Tampa,Median Income,bg,16293,LightGCN,0,0.7704918032786885,0.2897959183673469,0.30612244897959184,0.9649967792511023,0.6188046647230321,0.6201166180758018
1321,Tampa,Median Income,bg,16293,LightGCN,1,0.7459016393442623,0.3142857142857143,0.2693877551020408,0.958501491633943,0.6544356518117451,0.6017700957934194
1322,Tampa,Median Income,bg,16293,LightGCN,2,0.8128415300546448,0.3183673469387755,0.31020408163265306,0.9702826531559591,0.6490837151187006,0.6249687630154103
1323,Tampa,Median Income,bg,16293,LightGCN,3,0.7609289617486339,0.34285714285714286,0.34285714285714286,0.9570785229544405,0.669533527696793,0.6569762598917117
1324,Tampa,Median Income,bg,16293,LightGCN,4,0.8360655737704918,0.2693877551020408,0.3224489795918367,0.972945383925928,0.6087255310287379,0.6268429820907955
1325,Tampa,Median Income,bg,16293,LightGCN,5,0.7786885245901639,0.3142857142857143,0.3224489795918367,0.9547435631444768,0.6553935860058309,0.6538525614327363
1326,Tampa,Median Income,bg,16293,LightGCN,6,0.7581967213114754,0.3020408163265306,0.30612244897959184,0.948941289902465,0.6497292794668887,0.6193877551020408
1327,Tampa,Median Income,bg,16293,LightGCN,7,0.7650273224043715,0.31020408163265306,0.2979591836734694,0.9470172407186093,0.6258225739275302,0.6172636401499375
1328,Tampa,Median Income,bg,16293,LightGCN,8,0.7896174863387978,0.3469387755102041,0.27346938775510204,0.9624187940160102,0.6720533111203666,0.6206788837984172
1329,Tampa,Median Income,bg,16293,LightGCN,9,0.7363387978142076,0.30612244897959184,0.3469387755102041,0.9404732243421023,0.6289254477301125,0.6655560183256977
1330,Tampa,Median Income,bg,16293,Feat-LightGCN,0,0.855191256830601,0.32653061224489793,0.2857142857142857,0.9826549445558548,0.646438983756768,0.60847563515202
1331,Tampa,Median Income,bg,16293,Feat-LightGCN,1,0.9289617486338798,0.3142857142857143,0.3020408163265306,0.9910054208611545,0.6334235735110371,0.6081216159933361
1332,Tampa,Median Income,bg,16293,Feat-LightGCN,2,0.9316939890710383,0.31020408163265306,0.32653061224489793,0.9974813854528394,0.6250520616409829,0.6246563931695126
1333,Tampa,Median Income,bg,16293,Feat-LightGCN,3,0.924863387978142,0.3183673469387755,0.31020408163265306,0.990284761648747,0.625801749271137,0.6297167846730529
1334,Tampa,Median Income,bg,16293,Feat-LightGCN,4,0.9685792349726776,0.3020408163265306,0.31020408163265306,0.9985909830105445,0.6436484798000833,0.6199916701374428
1335,Tampa,Median Income,bg,16293,Feat-LightGCN,5,0.9644808743169399,0.3183673469387755,0.2897959183673469,0.9986519647864931,0.642982090795502,0.6064556434818826
1336,Tampa,Median Income,bg,16293,Feat-LightGCN,6,0.9590163934426229,0.27755102040816326,0.32653061224489793,0.9976889722423807,0.6226572261557684,0.6385880882965431
1337,Tampa,Median Income,bg,16293,Feat-LightGCN,7,0.9631147540983607,0.3142857142857143,0.2530612244897959,0.9980515586276892,0.6443356934610579,0.6035401915868388
1338,Tampa,Median Income,bg,16293,Feat-LightGCN,8,0.9030054644808743,0.33877551020408164,0.2979591836734694,0.9911705282013786,0.6619533527696793,0.6166597251145356
1339,Tampa,Median Income,bg,16293,Feat-LightGCN,9,0.9098360655737705,0.27346938775510204,0.3142857142857143,0.9951180821065876,0.6017284464806331,0.6113494377342773
1340,Tampa,Median Income,bg,16293,Feat\&PC-LightGCN,0,0.9713114754098361,0.3224489795918367,0.30612244897959184,0.9988858239425621,0.6678467305289463,0.6393377759266972
1341,Tampa,Median Income,bg,16293,Feat\&PC-LightGCN,1,0.9931693989071039,0.3510204081632653,0.2857142857142857,0.9998531576467498,0.6773948354852145,0.6157017909204497
1342,Tampa,Median Income,bg,16293,Feat\&PC-LightGCN,2,0.9959016393442623,0.33877551020408164,0.3346938775510204,0.9999301927009092,0.6264473136193253,0.644783423573511
1343,Tampa,Median Income,bg,16293,Feat\&PC-LightGCN,3,0.9877049180327869,0.3142857142857143,0.32653061224489793,0.9998645475581551,0.6457309454394004,0.6650145772594752
1344,Tampa,Median Income,bg,16293,Feat\&PC-LightGCN,4,0.9918032786885246,0.33877551020408164,0.34285714285714286,0.9999836364486419,0.6781445231153685,0.6638275718450646
1345,Tampa,Median Income,bg,16293,Feat\&PC-LightGCN,5,0.9685792349726776,0.3346938775510204,0.2857142857142857,0.9992321780459209,0.6541441066222408,0.641670137442732
1346,Tampa,Median Income,bg,16293,Feat\&PC-LightGCN,6,0.9180327868852459,0.3469387755102041,0.3020408163265306,0.9939778365535263,0.6743648479800083,0.6371095376926281
1347,Tampa,Median Income,bg,16293,Feat\&PC-LightGCN,7,0.976775956284153,0.32653061224489793,0.31020408163265306,0.9995910066847064,0.6438359017076218,0.6277905039566847
1348,Tampa,Median Income,bg,16293,Feat\&PC-LightGCN,8,0.9959016393442623,0.35918367346938773,0.35918367346938773,0.9999883236826124,0.6599125364431486,0.6513952519783424
1349,Tampa,Median Income,bg,16293,Feat\&PC-LightGCN,9,0.9795081967213115,0.3673469387755102,0.3224489795918367,0.9996848348991975,0.6674927113702622,0.6804872969596002
1350,Tampa,Median Income,bg,16293,NoPreTrain,0,0.9986338797814208,0.2530612244897959,0.2,0.9999859740988359,0.568679716784673,0.5108288213244482
1351,Tampa,Median Income,bg,16293,NoPreTrain,1,0.9986338797814208,0.2816326530612245,0.20408163265306123,1.0,0.5674406497292794,0.5378592253227822
1352,Tampa,Median Income,bg,16293,NoPreTrain,2,0.9931693989071039,0.22857142857142856,0.24489795918367346,0.9999462340455374,0.5204706372344856,0.5476051645147855
1353,Tampa,Median Income,bg,16293,NoPreTrain,3,1.0,0.22448979591836735,0.20408163265306123,1.0,0.5120991253644315,0.5230737192836318
1354,Tampa,Median Income,bg,16293,NoPreTrain,4,1.0,0.24897959183673468,0.22857142857142856,1.0,0.561734693877551,0.5285506039150353
1355,Tampa,Median Income,bg,16293,NoPreTrain,5,1.0,0.2163265306122449,0.19591836734693877,1.0,0.5226155768429821,0.5165347771761766
1356,Tampa,Median Income,bg,16293,NoPreTrain,6,1.0,0.2530612244897959,0.19591836734693877,1.0,0.613338192419825,0.5821845064556433
1357,Tampa,Median Income,bg,16293,NoPreTrain,7,1.0,0.17142857142857143,0.19183673469387755,1.0,0.4991045397750938,0.5123073719283632
1358,Tampa,Median Income,bg,16293,NoPreTrain,8,1.0,0.24489795918367346,0.2571428571428571,1.0,0.596563931695127,0.5769262807163681
1359,Tampa,Median Income,bg,16293,NoPreTrain,9,1.0,0.20408163265306123,0.24489795918367346,1.0,0.5437942523948355,0.5366513952519784
1360,Tampa,Median Home Value,bg,15775,Emb,0,1.0,0.3723849372384937,0.30833333333333335,1.0,0.6536709554045523,0.6240721457980186
1361,Tampa,Median Home Value,bg,15775,Emb,1,1.0,0.32217573221757323,0.3,1.0,0.6129557944376369,0.6093914358020923
1362,Tampa,Median Home Value,bg,15775,Emb,2,1.0,0.3389121338912134,0.30833333333333335,1.0,0.6255640572203036,0.6040416005465467
1363,Tampa,Median Home Value,bg,15775,Emb,3,1.0,0.3054393305439331,0.30833333333333335,1.0,0.6125333026994912,0.5936231170082471
1364,Tampa,Median Home Value,bg,15775,Emb,4,1.0,0.32217573221757323,0.25833333333333336,1.0,0.6190453148787642,0.5824172864002284
1365,Tampa,Median Home Value,bg,15775,Emb,5,1.0,0.301255230125523,0.29583333333333334,1.0,0.6075638901266199,0.5975019345033218
1366,Tampa,Median Home Value,bg,15775,Emb,6,1.0,0.30962343096234307,0.2833333333333333,1.0,0.6126836870149642,0.6061429161939965
1367,Tampa,Median Home Value,bg,15775,Emb,7,1.0,0.3138075313807531,0.3416666666666667,1.0,0.5954641027069176,0.6287049502806752
1368,Tampa,Median Home Value,bg,15775,Emb,8,1.0,0.301255230125523,0.3,1.0,0.6035263729531024,0.6222778539381479
1369,Tampa,Median Home Value,bg,15775,Emb,9,1.0,0.3305439330543933,0.30416666666666664,1.0,0.6376457428242546,0.6057886319488825
1370,Tampa,Median Home Value,bg,15775,RGNN,0,0.75,0.3891213389121339,0.3541666666666667,0.9482537465334296,0.6743050527273403,0.6631073401479022
1371,Tampa,Median Home Value,bg,15775,RGNN,1,0.6896067415730337,0.3723849372384937,0.3333333333333333,0.9320625801072202,0.6694825433515279,0.6497116939648473
1372,Tampa,Median Home Value,bg,15775,RGNN,2,0.648876404494382,0.33472803347280333,0.2916666666666667,0.909041588506093,0.6571957038357283,0.6555272826279984
1373,Tampa,Median Home Value,bg,15775,RGNN,3,0.7654494382022472,0.3472803347280335,0.36666666666666664,0.9500319038492033,0.6495407244439494,0.6863035711716277
1374,Tampa,Median Home Value,bg,15775,RGNN,4,0.7345505617977528,0.3389121338912134,0.2875,0.9692790429209289,0.661145264750659,0.6311304577725556
1375,Tampa,Median Home Value,bg,15775,RGNN,5,0.6811797752808989,0.34309623430962344,0.3333333333333333,0.9200675452372312,0.6638945360365378,0.646120805825739
1376,Tampa,Median Home Value,bg,15775,RGNN,6,0.6657303370786517,0.37656903765690375,0.32916666666666666,0.8996922847357217,0.674583774274999,0.6434327510749615
1377,Tampa,Median Home Value,bg,15775,RGNN,7,0.7443820224719101,0.3263598326359833,0.44583333333333336,0.940786383938707,0.6448819436708626,0.7186384190384862
1378,Tampa,Median Home Value,bg,15775,RGNN,8,0.8300561797752809,0.3723849372384937,0.375,0.9709512334866057,0.6508532221232037,0.6790698629077265
1379,Tampa,Median Home Value,bg,15775,RGNN,9,0.7050561797752809,0.37656903765690375,0.3333333333333333,0.9436969789402392,0.65475091437377,0.6434173918764179
1380,Tampa,Median Home Value,bg,15775,Feat-RGNN,0,0.6081460674157303,0.3472803347280335,0.325,0.9121628315060126,0.6563962069733764,0.6544380845016754
1381,Tampa,Median Home Value,bg,15775,Feat-RGNN,1,0.7176966292134831,0.3263598326359833,0.32083333333333336,0.9423476946668738,0.6510162545022465,0.6568771016500885
1382,Tampa,Median Home Value,bg,15775,Feat-RGNN,2,0.7036516853932584,0.2803347280334728,0.32083333333333336,0.9367331554780254,0.6116594259403662,0.6477777075486075
1383,Tampa,Median Home Value,bg,15775,Feat-RGNN,3,0.6362359550561798,0.3138075313807531,0.38333333333333336,0.8888516579125808,0.6390912192269133,0.6554645500438037
1384,Tampa,Median Home Value,bg,15775,Feat-RGNN,4,0.6123595505617978,0.36401673640167365,0.3416666666666667,0.8774830386201987,0.7014969969551818,0.6726538770363877
1385,Tampa,Median Home Value,bg,15775,Feat-RGNN,5,0.7275280898876404,0.3263598326359833,0.35833333333333334,0.9381771335657365,0.6398607784709072,0.6636172395107631
1386,Tampa,Median Home Value,bg,15775,Feat-RGNN,6,0.6292134831460674,0.3179916317991632,0.31666666666666665,0.896153248985112,0.6314168616092978,0.6636546381136259
1387,Tampa,Median Home Value,bg,15775,Feat-RGNN,7,0.6615168539325843,0.3179916317991632,0.37083333333333335,0.9058563650417006,0.6378412656418254,0.6762604326403716
1388,Tampa,Median Home Value,bg,15775,Feat-RGNN,8,0.6797752808988764,0.3598326359832636,0.36666666666666664,0.9091089705530958,0.6618436931417326,0.6550440095415885
1389,Tampa,Median Home Value,bg,15775,Feat-RGNN,9,0.6025280898876404,0.30962343096234307,0.31666666666666665,0.8969021081408413,0.6326079842931938,0.6488735007931934
1390,Tampa,Median Home Value,bg,15775,Feat\&PC-RGNN,0,0.7443820224719101,0.3598326359832636,0.325,0.9487151993184387,0.687234158590472,0.6598826399158133
1391,Tampa,Median Home Value,bg,15775,Feat\&PC-RGNN,1,0.8061797752808989,0.401673640167364,0.32916666666666666,0.9649266740506093,0.6819302105380416,0.6488539020789882
1392,Tampa,Median Home Value,bg,15775,Feat\&PC-RGNN,2,0.7485955056179775,0.37656903765690375,0.3625,0.9493852315067098,0.67984478853366,0.6664662114410534
1393,Tampa,Median Home Value,bg,15775,Feat\&PC-RGNN,3,0.6741573033707865,0.3179916317991632,0.3625,0.9369362855248463,0.6314675699008577,0.6701878936502776
1394,Tampa,Median Home Value,bg,15775,Feat\&PC-RGNN,4,0.7682584269662921,0.3598326359832636,0.3333333333333333,0.9744638385987499,0.6861727655861275,0.641949190036494
1395,Tampa,Median Home Value,bg,15775,Feat\&PC-RGNN,5,0.7991573033707865,0.3305439330543933,0.35,0.9635603618961779,0.6619847944747689,0.6909203831318529
1396,Tampa,Median Home Value,bg,15775,Feat\&PC-RGNN,6,0.7036516853932584,0.3807531380753138,0.3333333333333333,0.924137581192638,0.6831054361145149,0.6610041084306923
1397,Tampa,Median Home Value,bg,15775,Feat\&PC-RGNN,7,0.7640449438202247,0.34309623430962344,0.38333333333333336,0.9459072526123118,0.6621499155248599,0.6841500102569312
1398,Tampa,Median Home Value,bg,15775,Feat\&PC-RGNN,8,0.7907303370786517,0.3472803347280335,0.39166666666666666,0.9647706581073537,0.6621379636849727,0.7066706319238538
1399,Tampa,Median Home Value,bg,15775,Feat\&PC-RGNN,9,0.6573033707865169,0.30962343096234307,0.35833333333333334,0.9383718849098297,0.6652477628012328,0.6597556432956599
1400,Tampa,Median Home Value,bg,15775,LightGCN,0,0.7345505617977528,0.3723849372384937,0.4041666666666667,0.9416354330174542,0.696234242137314,0.7125831043061365
1401,Tampa,Median Home Value,bg,15775,LightGCN,1,0.8061797752808989,0.37656903765690375,0.375,0.9716449543867064,0.6896827772826855,0.6770145775350358
1402,Tampa,Median Home Value,bg,15775,LightGCN,2,0.851123595505618,0.3891213389121339,0.3,0.9770305134671012,0.6964167687794734,0.6726218410910118
1403,Tampa,Median Home Value,bg,15775,LightGCN,3,0.6797752808988764,0.3054393305439331,0.37916666666666665,0.9585165797089438,0.6601409620882998,0.7035836632861848
1404,Tampa,Median Home Value,bg,15775,LightGCN,4,0.7668539325842697,0.4225941422594142,0.30416666666666664,0.9461322636012574,0.7180099142252423,0.65788962819882
1405,Tampa,Median Home Value,bg,15775,LightGCN,5,0.7556179775280899,0.401673640167364,0.37083333333333335,0.953963433822804,0.7098327670714047,0.6910183276556449
1406,Tampa,Median Home Value,bg,15775,LightGCN,6,0.7401685393258427,0.3138075313807531,0.3,0.9499400855172002,0.6699031784931864,0.6479175990140065
1407,Tampa,Median Home Value,bg,15775,LightGCN,7,0.5308988764044944,0.3054393305439331,0.32916666666666666,0.9002528543714805,0.6443839116631392,0.6754848132102437
1408,Tampa,Median Home Value,bg,15775,LightGCN,8,0.7893258426966292,0.3598326359832636,0.4125,0.9630039944491976,0.6793221566224797,0.707363492595259
1409,Tampa,Median Home Value,bg,15775,LightGCN,9,0.7991573033707865,0.36401673640167365,0.3416666666666667,0.9592075690232995,0.6836772678326092,0.6981830900775328
1410,Tampa,Median Home Value,bg,15775,Feat-LightGCN,0,0.952247191011236,0.3514644351464435,0.39166666666666666,0.9969824228520775,0.6858609734135384,0.7027444558808671
1411,Tampa,Median Home Value,bg,15775,Feat-LightGCN,1,0.9466292134831461,0.3807531380753138,0.4,0.9968319038285275,0.7127696706397831,0.6850215495272811
1412,Tampa,Median Home Value,bg,15775,Feat-LightGCN,2,0.9775280898876404,0.3305439330543933,0.3625,0.9995631102268362,0.6695166583119825,0.6724089841315598
1413,Tampa,Median Home Value,bg,15775,Feat-LightGCN,3,0.949438202247191,0.35564853556485354,0.4166666666666667,0.9977715024787364,0.6666854647061007,0.7097376263051502
1414,Tampa,Median Home Value,bg,15775,Feat-LightGCN,4,0.9424157303370787,0.3682008368200837,0.43333333333333335,0.994216780049882,0.6927280596710113,0.7312696908725543
1415,Tampa,Median Home Value,bg,15775,Feat-LightGCN,5,0.8693820224719101,0.3598326359832636,0.31666666666666665,0.9949425220806682,0.6571995330659834,0.6330880398236087
1416,Tampa,Median Home Value,bg,15775,Feat-LightGCN,6,0.9803370786516854,0.3305439330543933,0.4,0.9992806773404087,0.6679248588986669,0.6857610793961543
1417,Tampa,Median Home Value,bg,15775,Feat-LightGCN,7,0.9578651685393258,0.3305439330543933,0.37083333333333335,0.9974411179201293,0.6799488739742304,0.6898856108085891
1418,Tampa,Median Home Value,bg,15775,Feat-LightGCN,8,0.9691011235955056,0.35564853556485354,0.38333333333333336,0.9974399087760212,0.6754293379376926,0.6834750045965954
1419,Tampa,Median Home Value,bg,15775,Feat-LightGCN,9,0.9691011235955056,0.34309623430962344,0.3375,0.9975567970598241,0.6600909500204225,0.6776059204163667
1420,Tampa,Median Home Value,bg,15775,Feat\&PC-LightGCN,0,0.9915730337078652,0.39330543933054396,0.38333333333333336,0.9998542734864403,0.7292494012476328,0.7038110279402154
1421,Tampa,Median Home Value,bg,15775,Feat\&PC-LightGCN,1,0.9985955056179775,0.40585774058577406,0.4041666666666667,0.999997554773083,0.7133025138316439,0.700959280967995
1422,Tampa,Median Home Value,bg,15775,Feat\&PC-LightGCN,2,1.0,0.38493723849372385,0.37083333333333335,1.0,0.7247159407374401,0.6985748554235436
1423,Tampa,Median Home Value,bg,15775,Feat\&PC-LightGCN,3,0.9620786516853933,0.40585774058577406,0.4,0.9992979765550618,0.7161566828190561,0.7108924520069604
1424,Tampa,Median Home Value,bg,15775,Feat\&PC-LightGCN,4,0.9789325842696629,0.3598326359832636,0.4083333333333333,0.99955971283949,0.7001634965281646,0.7123901849294676
1425,Tampa,Median Home Value,bg,15775,Feat\&PC-LightGCN,5,0.9311797752808989,0.3807531380753138,0.35833333333333334,0.9969993694766188,0.7202800675801122,0.6820677784122167
1426,Tampa,Median Home Value,bg,15775,Feat\&PC-LightGCN,6,0.9803370786516854,0.41841004184100417,0.30833333333333335,0.9994096378274391,0.7193072110207567,0.675729183589179
1427,Tampa,Median Home Value,bg,15775,Feat\&PC-LightGCN,7,0.9831460674157303,0.39748953974895396,0.4125,0.9999062828673202,0.6962937692621886,0.729587686259143
1428,Tampa,Median Home Value,bg,15775,Feat\&PC-LightGCN,8,0.9859550561797753,0.4100418410041841,0.3875,0.9998210235279483,0.7281397367346181,0.7126067397060649
1429,Tampa,Median Home Value,bg,15775,Feat\&PC-LightGCN,9,0.9817415730337079,0.3682008368200837,0.3958333333333333,0.9992416463911395,0.708575271063087,0.71307317170947
1430,Tampa,Median Home Value,bg,15775,NoPreTrain,0,1.0,0.2384937238493724,0.26666666666666666,1.0,0.5539987607218447,0.547880071454588
1431,Tampa,Median Home Value,bg,15775,NoPreTrain,1,1.0,0.27615062761506276,0.30416666666666664,1.0,0.5889134501132525,0.5950521856614579
1432,Tampa,Median Home Value,bg,15775,NoPreTrain,2,0.9985955056179775,0.20502092050209206,0.21666666666666667,0.9999505806770447,0.528197523300286,0.5420033387124066
1433,Tampa,Median Home Value,bg,15775,NoPreTrain,3,0.9985955056179775,0.1799163179916318,0.25833333333333336,0.9999926515472228,0.5205366260072036,0.5519842858255176
1434,Tampa,Median Home Value,bg,15775,NoPreTrain,4,1.0,0.18828451882845187,0.25833333333333336,1.0,0.5355901424009506,0.5609620373492666
1435,Tampa,Median Home Value,bg,15775,NoPreTrain,5,1.0,0.2384937238493724,0.26666666666666666,1.0,0.5859930238386989,0.6082708806654067
1436,Tampa,Median Home Value,bg,15775,NoPreTrain,6,0.9971910112359551,0.26359832635983266,0.19583333333333333,1.0,0.5759585839738591,0.5098946057782522
1437,Tampa,Median Home Value,bg,15775,NoPreTrain,7,1.0,0.2175732217573222,0.25416666666666665,1.0,0.5249235314321786,0.5538339073893529
1438,Tampa,Median Home Value,bg,15775,NoPreTrain,8,1.0,0.2217573221757322,0.22083333333333333,1.0,0.5310677054324013,0.5407648789062991
1439,Tampa,Median Home Value,bg,15775,NoPreTrain,9,1.0,0.26778242677824265,0.25,1.0,0.5640566401173369,0.5623253479610985
1440,Tampa,Commute Time,bg,3366,Emb,0,1.0,0.3111111111111111,0.28888888888888886,1.0,0.604320987654321,0.6320987654320988
1441,Tampa,Commute Time,bg,3366,Emb,1,1.0,0.3111111111111111,0.2,1.0,0.5950617283950618,0.5512345679012346
1442,Tampa,Commute Time,bg,3366,Emb,2,1.0,0.35555555555555557,0.3111111111111111,1.0,0.6216049382716049,0.5697530864197531
1443,Tampa,Commute Time,bg,3366,Emb,3,1.0,0.26666666666666666,0.2222222222222222,1.0,0.6043209876543209,0.5265432098765432
1444,Tampa,Commute Time,bg,3366,Emb,4,1.0,0.4,0.3333333333333333,1.0,0.690432098765432,0.6166666666666666
1445,Tampa,Commute Time,bg,3366,Emb,5,1.0,0.28888888888888886,0.35555555555555557,1.0,0.5719135802469136,0.6259259259259259
1446,Tampa,Commute Time,bg,3366,Emb,6,1.0,0.2,0.37777777777777777,1.0,0.5166666666666666,0.6191358024691358
1447,Tampa,Commute Time,bg,3366,Emb,7,1.0,0.37777777777777777,0.24444444444444444,1.0,0.6938271604938271,0.5820987654320987
1448,Tampa,Commute Time,bg,3366,Emb,8,1.0,0.2,0.37777777777777777,1.0,0.5882716049382717,0.6148148148148148
1449,Tampa,Commute Time,bg,3366,Emb,9,1.0,0.3333333333333333,0.3111111111111111,1.0,0.5975308641975309,0.6049382716049383
1450,Tampa,Commute Time,bg,3366,RGNN,0,1.0,0.3333333333333333,0.37777777777777777,1.0,0.6129629629629629,0.6567901234567902
1451,Tampa,Commute Time,bg,3366,RGNN,1,1.0,0.35555555555555557,0.24444444444444444,1.0,0.6037037037037036,0.5703703703703703
1452,Tampa,Commute Time,bg,3366,RGNN,2,1.0,0.4,0.28888888888888886,1.0,0.6611111111111111,0.5876543209876542
1453,Tampa,Commute Time,bg,3366,RGNN,3,1.0,0.3111111111111111,0.28888888888888886,1.0,0.6283950617283951,0.6117283950617285
1454,Tampa,Commute Time,bg,3366,RGNN,4,1.0,0.3333333333333333,0.4666666666666667,1.0,0.6271604938271605,0.6981481481481482
1455,Tampa,Commute Time,bg,3366,RGNN,5,1.0,0.24444444444444444,0.4,1.0,0.5839506172839506,0.7234567901234568
1456,Tampa,Commute Time,bg,3366,RGNN,6,1.0,0.28888888888888886,0.24444444444444444,1.0,0.6234567901234568,0.5623456790123457
1457,Tampa,Commute Time,bg,3366,RGNN,7,1.0,0.37777777777777777,0.28888888888888886,1.0,0.6611111111111111,0.528395061728395
1458,Tampa,Commute Time,bg,3366,RGNN,8,1.0,0.3333333333333333,0.3111111111111111,1.0,0.6654320987654321,0.6067901234567901
1459,Tampa,Commute Time,bg,3366,RGNN,9,1.0,0.26666666666666666,0.3333333333333333,1.0,0.6290123456790123,0.6734567901234567
1460,Tampa,Commute Time,bg,3366,Feat-RGNN,0,0.7952755905511811,0.4666666666666667,0.3333333333333333,0.9827256843331392,0.6740740740740739,0.6197530864197531
1461,Tampa,Commute Time,bg,3366,Feat-RGNN,1,1.0,0.3333333333333333,0.26666666666666666,1.0,0.6185185185185185,0.5802469135802469
1462,Tampa,Commute Time,bg,3366,Feat-RGNN,2,1.0,0.35555555555555557,0.28888888888888886,1.0,0.7148148148148149,0.5820987654320987
1463,Tampa,Commute Time,bg,3366,Feat-RGNN,3,1.0,0.2222222222222222,0.28888888888888886,1.0,0.5604938271604938,0.6141975308641975
1464,Tampa,Commute Time,bg,3366,Feat-RGNN,4,1.0,0.37777777777777777,0.4,1.0,0.6129629629629629,0.6759259259259259
1465,Tampa,Commute Time,bg,3366,Feat-RGNN,5,1.0,0.24444444444444444,0.4,1.0,0.6435185185185185,0.6327160493827161
1466,Tampa,Commute Time,bg,3366,Feat-RGNN,6,1.0,0.26666666666666666,0.3333333333333333,1.0,0.6185185185185185,0.6469135802469135
1467,Tampa,Commute Time,bg,3366,Feat-RGNN,7,1.0,0.3333333333333333,0.2222222222222222,1.0,0.6641975308641974,0.5432098765432098
1468,Tampa,Commute Time,bg,3366,Feat-RGNN,8,1.0,0.2,0.3111111111111111,1.0,0.5981481481481481,0.5950617283950617
1469,Tampa,Commute Time,bg,3366,Feat-RGNN,9,1.0,0.26666666666666666,0.3333333333333333,1.0,0.621604938271605,0.658641975308642
1470,Tampa,Commute Time,bg,3366,Feat\&PC-RGNN,0,1.0,0.3111111111111111,0.37777777777777777,1.0,0.5993827160493826,0.674074074074074
1471,Tampa,Commute Time,bg,3366,Feat\&PC-RGNN,1,1.0,0.28888888888888886,0.37777777777777777,1.0,0.6320987654320988,0.608641975308642
1472,Tampa,Commute Time,bg,3366,Feat\&PC-RGNN,2,1.0,0.3111111111111111,0.26666666666666666,1.0,0.6987654320987655,0.5530864197530864
1473,Tampa,Commute Time,bg,3366,Feat\&PC-RGNN,3,1.0,0.2222222222222222,0.37777777777777777,1.0,0.5648148148148149,0.7203703703703703
1474,Tampa,Commute Time,bg,3366,Feat\&PC-RGNN,4,1.0,0.37777777777777777,0.3111111111111111,1.0,0.6679012345679013,0.687037037037037
1475,Tampa,Commute Time,bg,3366,Feat\&PC-RGNN,5,1.0,0.28888888888888886,0.35555555555555557,1.0,0.6598765432098765,0.6666666666666666
1476,Tampa,Commute Time,bg,3366,Feat\&PC-RGNN,6,1.0,0.3333333333333333,0.3111111111111111,1.0,0.6123456790123456,0.6277777777777779
1477,Tampa,Commute Time,bg,3366,Feat\&PC-RGNN,7,1.0,0.4222222222222222,0.2,1.0,0.6734567901234568,0.541358024691358
1478,Tampa,Commute Time,bg,3366,Feat\&PC-RGNN,8,1.0,0.37777777777777777,0.4,1.0,0.6882716049382716,0.6302469135802469
1479,Tampa,Commute Time,bg,3366,Feat\&PC-RGNN,9,1.0,0.24444444444444444,0.35555555555555557,1.0,0.6253086419753087,0.6697530864197532
1480,Tampa,Commute Time,bg,3366,LightGCN,0,1.0,0.3333333333333333,0.37777777777777777,1.0,0.6191358024691358,0.6623456790123455
1481,Tampa,Commute Time,bg,3366,LightGCN,1,1.0,0.28888888888888886,0.24444444444444444,1.0,0.6419753086419753,0.5351851851851851
1482,Tampa,Commute Time,bg,3366,LightGCN,2,1.0,0.35555555555555557,0.2222222222222222,1.0,0.6598765432098765,0.5611111111111111
1483,Tampa,Commute Time,bg,3366,LightGCN,3,1.0,0.24444444444444444,0.26666666666666666,1.0,0.6160493827160494,0.6320987654320989
1484,Tampa,Commute Time,bg,3366,LightGCN,4,1.0,0.24444444444444444,0.37777777777777777,1.0,0.6419753086419753,0.6314814814814815
1485,Tampa,Commute Time,bg,3366,LightGCN,5,1.0,0.4666666666666667,0.4,1.0,0.7006172839506173,0.7271604938271605
1486,Tampa,Commute Time,bg,3366,LightGCN,6,1.0,0.2222222222222222,0.24444444444444444,1.0,0.5351851851851852,0.6432098765432099
1487,Tampa,Commute Time,bg,3366,LightGCN,7,1.0,0.26666666666666666,0.28888888888888886,1.0,0.6395061728395062,0.5598765432098766
1488,Tampa,Commute Time,bg,3366,LightGCN,8,1.0,0.26666666666666666,0.35555555555555557,1.0,0.6117283950617284,0.654320987654321
1489,Tampa,Commute Time,bg,3366,LightGCN,9,1.0,0.24444444444444444,0.28888888888888886,1.0,0.6006172839506172,0.662962962962963
1490,Tampa,Commute Time,bg,3366,Feat-LightGCN,0,1.0,0.4222222222222222,0.37777777777777777,1.0,0.6962962962962963,0.7012345679012346
1491,Tampa,Commute Time,bg,3366,Feat-LightGCN,1,1.0,0.2222222222222222,0.24444444444444444,1.0,0.5574074074074075,0.5944444444444444
1492,Tampa,Commute Time,bg,3366,Feat-LightGCN,2,1.0,0.35555555555555557,0.26666666666666666,1.0,0.6290123456790123,0.604320987654321
1493,Tampa,Commute Time,bg,3366,Feat-LightGCN,3,1.0,0.3333333333333333,0.3111111111111111,1.0,0.6679012345679012,0.5907407407407408
1494,Tampa,Commute Time,bg,3366,Feat-LightGCN,4,1.0,0.24444444444444444,0.35555555555555557,1.0,0.6098765432098765,0.6753086419753086
1495,Tampa,Commute Time,bg,3366,Feat-LightGCN,5,1.0,0.4888888888888889,0.37777777777777777,1.0,0.7246913580246914,0.6407407407407407
1496,Tampa,Commute Time,bg,3366,Feat-LightGCN,6,1.0,0.28888888888888886,0.35555555555555557,1.0,0.5987654320987654,0.662962962962963
1497,Tampa,Commute Time,bg,3366,Feat-LightGCN,7,1.0,0.35555555555555557,0.3111111111111111,1.0,0.6709876543209876,0.5592592592592592
1498,Tampa,Commute Time,bg,3366,Feat-LightGCN,8,1.0,0.37777777777777777,0.3333333333333333,1.0,0.6820987654320988,0.6030864197530864
1499,Tampa,Commute Time,bg,3366,Feat-LightGCN,9,1.0,0.4444444444444444,0.4,1.0,0.6851851851851851,0.6944444444444444
1500,Tampa,Commute Time,bg,3366,Feat\&PC-LightGCN,0,1.0,0.35555555555555557,0.24444444444444444,1.0,0.6373456790123455,0.6049382716049382
1501,Tampa,Commute Time,bg,3366,Feat\&PC-LightGCN,1,1.0,0.35555555555555557,0.17777777777777778,1.0,0.6996913580246913,0.49444444444444446
1502,Tampa,Commute Time,bg,3366,Feat\&PC-LightGCN,2,1.0,0.35555555555555557,0.3333333333333333,1.0,0.6462962962962963,0.6333333333333332
1503,Tampa,Commute Time,bg,3366,Feat\&PC-LightGCN,3,1.0,0.35555555555555557,0.3333333333333333,1.0,0.6691358024691357,0.6351851851851851
1504,Tampa,Commute Time,bg,3366,Feat\&PC-LightGCN,4,1.0,0.4,0.4,1.0,0.6987654320987653,0.6558641975308642
1505,Tampa,Commute Time,bg,3366,Feat\&PC-LightGCN,5,1.0,0.4,0.4222222222222222,1.0,0.7135802469135802,0.7046296296296296
1506,Tampa,Commute Time,bg,3366,Feat\&PC-LightGCN,6,1.0,0.26666666666666666,0.24444444444444444,1.0,0.5447530864197531,0.5617283950617284
1507,Tampa,Commute Time,bg,3366,Feat\&PC-LightGCN,7,1.0,0.35555555555555557,0.3111111111111111,1.0,0.6512345679012346,0.5935185185185186
1508,Tampa,Commute Time,bg,3366,Feat\&PC-LightGCN,8,1.0,0.28888888888888886,0.28888888888888886,1.0,0.655246913580247,0.5864197530864198
1509,Tampa,Commute Time,bg,3366,Feat\&PC-LightGCN,9,1.0,0.3333333333333333,0.26666666666666666,1.0,0.6320987654320988,0.6253086419753087
1510,Tampa,Commute Time,bg,3366,NoPreTrain,0,1.0,0.2222222222222222,0.17777777777777778,1.0,0.45061728395061734,0.5314814814814814
1511,Tampa,Commute Time,bg,3366,NoPreTrain,1,1.0,0.2,0.15555555555555556,1.0,0.5160493827160494,0.4271604938271604
1512,Tampa,Commute Time,bg,3366,NoPreTrain,2,1.0,0.3333333333333333,0.15555555555555556,1.0,0.6623456790123458,0.40864197530864194
1513,Tampa,Commute Time,bg,3366,NoPreTrain,3,1.0,0.24444444444444444,0.3333333333333333,1.0,0.5061728395061729,0.5919753086419753
1514,Tampa,Commute Time,bg,3366,NoPreTrain,4,1.0,0.15555555555555556,0.2222222222222222,1.0,0.4283950617283951,0.4919753086419753
1515,Tampa,Commute Time,bg,3366,NoPreTrain,5,1.0,0.2,0.15555555555555556,1.0,0.4925925925925926,0.4796296296296297
1516,Tampa,Commute Time,bg,3366,NoPreTrain,6,1.0,0.1111111111111111,0.2,1.0,0.42469135802469127,0.5518518518518518
1517,Tampa,Commute Time,bg,3366,NoPreTrain,7,1.0,0.2222222222222222,0.13333333333333333,1.0,0.5728395061728395,0.47098765432098766
1518,Tampa,Commute Time,bg,3366,NoPreTrain,8,1.0,0.3111111111111111,0.26666666666666666,1.0,0.5962962962962963,0.6067901234567901
1519,Tampa,Commute Time,bg,3366,NoPreTrain,9,1.0,0.2,0.3111111111111111,1.0,0.5135802469135802,0.5555555555555556
1520,Tampa,Median Age,bg,16804,Emb,0,0.9907038512616202,0.24110671936758893,0.2490118577075099,0.9999934103232064,0.5637128875449121,0.5590726560340763
1521,Tampa,Median Age,bg,16804,Emb,1,0.9402390438247012,0.2608695652173913,0.22924901185770752,0.9986440978239919,0.587916354660676,0.5671455215066566
1522,Tampa,Median Age,bg,16804,Emb,2,1.0,0.2648221343873518,0.24110671936758893,1.0,0.5419299939846202,0.5415092272484276
1523,Tampa,Median Age,bg,16804,Emb,3,1.0,0.2964426877470356,0.2727272727272727,1.0,0.5723749542152129,0.5334621600091045
1524,Tampa,Median Age,bg,16804,Emb,4,0.99867197875166,0.3241106719367589,0.23715415019762845,1.0,0.6003376110430516,0.5473865154119005
1525,Tampa,Median Age,bg,16804,Emb,5,1.0,0.2608695652173913,0.2766798418972332,1.0,0.5842209643160781,0.5778240047128446
1526,Tampa,Median Age,bg,16804,Emb,6,0.9960159362549801,0.21739130434782608,0.24110671936758893,0.9999911663292158,0.5421398303261216,0.5590585404527124
1527,Tampa,Median Age,bg,16804,Emb,7,1.0,0.25691699604743085,0.22924901185770752,1.0,0.5873764853158744,0.5472066144313649
1528,Tampa,Median Age,bg,16804,Emb,8,0.99734395750332,0.2490118577075099,0.2924901185770751,0.9999602869631902,0.5457440967510254,0.5677624144912318
1529,Tampa,Median Age,bg,16804,Emb,9,1.0,0.2648221343873518,0.2924901185770751,1.0,0.5655195595479572,0.584563567454978
1530,Tampa,Median Age,bg,16804,RGNN,0,0.7104913678618858,0.26877470355731226,0.25691699604743085,0.9217079843084066,0.59414172770508,0.5685204785908902
1531,Tampa,Median Age,bg,16804,RGNN,1,0.7264276228419655,0.25296442687747034,0.2766798418972332,0.9491724132635513,0.5612720242757396,0.5707462724249823
1532,Tampa,Median Age,bg,16804,RGNN,2,0.6586985391766268,0.2924901185770751,0.2924901185770751,0.9090840459909707,0.5897128512039844,0.5982466497011916
1533,Tampa,Median Age,bg,16804,RGNN,3,0.6268260292164675,0.2608695652173913,0.2490118577075099,0.9138505948011701,0.5672494450835985,0.5787585786106864
1534,Tampa,Median Age,bg,16804,RGNN,4,0.7224435590969456,0.32806324110671936,0.21739130434782608,0.9321072989823778,0.6148168159035551,0.5129400977188417
1535,Tampa,Median Age,bg,16804,RGNN,5,0.6640106241699867,0.308300395256917,0.25296442687747034,0.9004233313833794,0.5719009537580823,0.5940772244712156
1536,Tampa,Median Age,bg,16804,RGNN,6,0.6719787516600265,0.2648221343873518,0.2608695652173913,0.9144955624994401,0.5812532570556389,0.5466382021569297
1537,Tampa,Median Age,bg,16804,RGNN,7,0.6547144754316069,0.30039525691699603,0.28063241106719367,0.8949379424270842,0.5947234924013989,0.5791906531134133
1538,Tampa,Median Age,bg,16804,RGNN,8,0.6719787516600265,0.2727272727272727,0.30039525691699603,0.9126228811162601,0.5720517035766166,0.5834901635628645
1539,Tampa,Median Age,bg,16804,RGNN,9,0.5922974767596282,0.308300395256917,0.2885375494071146,0.8884292434256288,0.5768576497174494,0.5900999930187165
1540,Tampa,Median Age,bg,16804,Feat-RGNN,0,0.5843293492695883,0.2924901185770751,0.2964426877470356,0.8683910627635327,0.5937666625544039,0.5953031952282449
1541,Tampa,Median Age,bg,16804,Feat-RGNN,1,0.6175298804780877,0.2766798418972332,0.25691699604743085,0.8851632550251981,0.5706765934779511,0.5743646506058894
1542,Tampa,Median Age,bg,16804,Feat-RGNN,2,0.6268260292164675,0.25691699604743085,0.2924901185770751,0.8986110327491591,0.5665924431910012,0.5901381089137601
1543,Tampa,Median Age,bg,16804,Feat-RGNN,3,0.6281540504648074,0.26877470355731226,0.2845849802371542,0.8840916876072299,0.5811095038220137,0.606934522255471
1544,Tampa,Median Age,bg,16804,Feat-RGNN,4,0.5577689243027888,0.25296442687747034,0.25691699604743085,0.843147257545044,0.5894654842476423,0.5842534645814624
1545,Tampa,Median Age,bg,16804,Feat-RGNN,5,0.6055776892430279,0.2964426877470356,0.2964426877470356,0.8941250705170974,0.6199676795265734,0.5732108452804132
1546,Tampa,Median Age,bg,16804,Feat-RGNN,6,0.5896414342629482,0.24110671936758893,0.2648221343873518,0.8636487212568996,0.5836807736409689,0.5777503244384132
1547,Tampa,Median Age,bg,16804,Feat-RGNN,7,0.6254980079681275,0.33992094861660077,0.2608695652173913,0.8708588780931971,0.6145103892017716,0.5921105873554612
1548,Tampa,Median Age,bg,16804,Feat-RGNN,8,0.5922974767596282,0.2766798418972332,0.2608695652173913,0.8698753121521507,0.575148237512827,0.5963996928235274
1549,Tampa,Median Age,bg,16804,Feat-RGNN,9,0.6440903054448871,0.3201581027667984,0.28063241106719367,0.9011920081537405,0.6128061144567079,0.5927252386786055
1550,Tampa,Median Age,bg,16804,Feat\&PC-RGNN,0,0.6839309428950863,0.2727272727272727,0.2885375494071146,0.9237201011216676,0.6044164861574538,0.5665701872418479
1551,Tampa,Median Age,bg,16804,Feat\&PC-RGNN,1,0.6586985391766268,0.2766798418972332,0.2885375494071146,0.9106879877802194,0.5711024326425689,0.5875454285503892
1552,Tampa,Median Age,bg,16804,Feat\&PC-RGNN,2,0.650730411686587,0.3201581027667984,0.2885375494071146,0.8951538144391199,0.6014088803838368,0.5825193481967728
1553,Tampa,Median Age,bg,16804,Feat\&PC-RGNN,3,0.7622841965471447,0.23715415019762845,0.2450592885375494,0.9467473903213595,0.573010863068341,0.5881654124264932
1554,Tampa,Median Age,bg,16804,Feat\&PC-RGNN,4,0.6533864541832669,0.2885375494071146,0.26877470355731226,0.909864085718171,0.5742393853410263,0.5792166234879066
1555,Tampa,Median Age,bg,16804,Feat\&PC-RGNN,5,0.7436918990703851,0.3359683794466403,0.308300395256917,0.9418227096385057,0.6236718835024622,0.6212862890461751
1556,Tampa,Median Age,bg,16804,Feat\&PC-RGNN,6,0.5936254980079682,0.2885375494071146,0.22529644268774704,0.8786436688869955,0.5720069047762498,0.5834490409342296
1557,Tampa,Median Age,bg,16804,Feat\&PC-RGNN,7,0.5776892430278885,0.2964426877470356,0.2885375494071146,0.8930906338045224,0.5939296305753439,0.5919870970580107
1558,Tampa,Median Age,bg,16804,Feat\&PC-RGNN,8,0.7622841965471447,0.2766798418972332,0.30434782608695654,0.9494511136477806,0.5796389394952245,0.6084382295082593
1559,Tampa,Median Age,bg,16804,Feat\&PC-RGNN,9,0.8047808764940239,0.308300395256917,0.28063241106719367,0.961586914299775,0.5778962963813042,0.5684000218045566
1560,Tampa,Median Age,bg,16804,LightGCN,0,0.7357237715803453,0.3241106719367589,0.28063241106719367,0.9427795394308452,0.6417764746048642,0.5897404358807368
1561,Tampa,Median Age,bg,16804,LightGCN,1,0.7290836653386454,0.28063241106719367,0.308300395256917,0.9350492189634346,0.581114258745492,0.6138595996951188
1562,Tampa,Median Age,bg,16804,LightGCN,2,0.7144754316069057,0.2648221343873518,0.2648221343873518,0.9185077269086548,0.5860254061337747,0.6022056533094631
1563,Tampa,Median Age,bg,16804,LightGCN,3,0.6347941567065073,0.2964426877470356,0.2727272727272727,0.9034816819185784,0.615458015230674,0.6057156322412884
1564,Tampa,Median Age,bg,16804,LightGCN,4,0.7742363877822045,0.2845849802371542,0.2885375494071146,0.9485331755799876,0.606235051207236,0.615610253114561
1565,Tampa,Median Age,bg,16804,LightGCN,5,0.7901726427622842,0.28063241106719367,0.308300395256917,0.9533246690109699,0.6120980822509953,0.6369111626897259
1566,Tampa,Median Age,bg,16804,LightGCN,6,0.646746347941567,0.30434782608695654,0.2924901185770751,0.9052717144271162,0.5957649507054443,0.60799533305982
1567,Tampa,Median Age,bg,16804,LightGCN,7,0.7450199203187251,0.3201581027667984,0.22924901185770752,0.93680389383592,0.6265566148617181,0.5693973928253445
1568,Tampa,Median Age,bg,16804,LightGCN,8,0.7383798140770252,0.30039525691699603,0.2766798418972332,0.9318339807521516,0.583923978604757,0.6029883106537255
1569,Tampa,Median Age,bg,16804,LightGCN,9,0.7184594953519257,0.30039525691699603,0.2766798418972332,0.9304851627428686,0.6091441960191383,0.6008676606866714
1570,Tampa,Median Age,bg,16804,Feat-LightGCN,0,0.9216467463479415,0.2845849802371542,0.25296442687747034,0.9901916117882574,0.591749218909141,0.5891994724827452
1571,Tampa,Median Age,bg,16804,Feat-LightGCN,1,0.9123505976095617,0.26877470355731226,0.2490118577075099,0.9894648308909826,0.579013925269664,0.5861818825174316
1572,Tampa,Median Age,bg,16804,Feat-LightGCN,2,0.9468791500664011,0.2885375494071146,0.30039525691699603,0.9948334439181474,0.5796291197940425,0.6026719035856063
1573,Tampa,Median Age,bg,16804,Feat-LightGCN,3,0.8233731739707836,0.28063241106719367,0.31225296442687744,0.9833591447214468,0.5781120467306076,0.6111033736813264
1574,Tampa,Median Age,bg,16804,Feat-LightGCN,4,0.8021248339973439,0.308300395256917,0.2727272727272727,0.9799623147329337,0.6123655438276369,0.582180008090638
1575,Tampa,Median Age,bg,16804,Feat-LightGCN,5,0.8034528552456839,0.22529644268774704,0.35177865612648224,0.9843292799895391,0.5388576592808513,0.6561345455901719
1576,Tampa,Median Age,bg,16804,Feat-LightGCN,6,0.8725099601593626,0.25296442687747034,0.25691699604743085,0.9852101178011013,0.6102947383118492,0.5942482946063369
1577,Tampa,Median Age,bg,16804,Feat-LightGCN,7,0.8937583001328021,0.2924901185770751,0.25691699604743085,0.9891662948812231,0.6234734123079071,0.5832705342977068
1578,Tampa,Median Age,bg,16804,Feat-LightGCN,8,0.9123505976095617,0.2845849802371542,0.2964426877470356,0.9940489498085349,0.6116186497815241,0.5951877458392028
1579,Tampa,Median Age,bg,16804,Feat-LightGCN,9,0.899070385126162,0.2766798418972332,0.28063241106719367,0.9892776793806549,0.5855194562632154,0.6064815459813151
1580,Tampa,Median Age,bg,16804,Feat\&PC-LightGCN,0,0.9335989375830013,0.31620553359683795,0.2648221343873518,0.9952219849069734,0.6117288354741008,0.5988463362128738
1581,Tampa,Median Age,bg,16804,Feat\&PC-LightGCN,1,0.9827357237715804,0.28063241106719367,0.2727272727272727,0.9987245180752918,0.5931015623729861,0.5980330951089894
1582,Tampa,Median Age,bg,16804,Feat\&PC-LightGCN,2,0.9827357237715804,0.2845849802371542,0.2964426877470356,0.9992208788459358,0.5952663971699981,0.6035135116525272
1583,Tampa,Median Age,bg,16804,Feat\&PC-LightGCN,3,0.9614873837981408,0.28063241106719367,0.31225296442687744,0.9974262852405961,0.585155186280726,0.6278686428480575
1584,Tampa,Median Age,bg,16804,Feat\&PC-LightGCN,4,0.9455511288180611,0.30434782608695654,0.30434782608695654,0.9971787207075842,0.6059920681143744,0.6188928219973547
1585,Tampa,Median Age,bg,16804,Feat\&PC-LightGCN,5,0.9827357237715804,0.2924901185770751,0.31225296442687744,0.9997325394047515,0.59738937104374,0.6142882160716796
1586,Tampa,Median Age,bg,16804,Feat\&PC-LightGCN,6,0.9920318725099602,0.2727272727272727,0.2924901185770751,0.9998455148981963,0.5831157410728032,0.6030555298937602
1587,Tampa,Median Age,bg,16804,Feat\&PC-LightGCN,7,0.9641434262948207,0.28063241106719367,0.24110671936758893,0.9985392338385866,0.5938436575039712,0.5732834850567061
1588,Tampa,Median Age,bg,16804,Feat\&PC-LightGCN,8,0.9707835325365206,0.3201581027667984,0.2924901185770751,0.9988968049846372,0.6279233244680598,0.5856996116302444
1589,Tampa,Median Age,bg,16804,Feat\&PC-LightGCN,9,0.9176626826029216,0.23715415019762845,0.3241106719367589,0.9958748041884906,0.5745604670000468,0.6450920180977819
1590,Tampa,Median Age,bg,16804,NoPreTrain,0,0.99867197875166,0.23715415019762845,0.23715415019762845,0.9999912209896396,0.5615485022277945,0.5579353494897447
1591,Tampa,Median Age,bg,16804,NoPreTrain,1,0.99867197875166,0.2450592885375494,0.24110671936758893,1.0,0.5299062882237224,0.5480824977310828
1592,Tampa,Median Age,bg,16804,NoPreTrain,2,0.99867197875166,0.2134387351778656,0.2015810276679842,1.0,0.5033847021908798,0.5228111390681229
1593,Tampa,Median Age,bg,16804,NoPreTrain,3,1.0,0.18972332015810275,0.22134387351778656,1.0,0.4968637454298893,0.5073654529753178
1594,Tampa,Median Age,bg,16804,NoPreTrain,4,0.99867197875166,0.16996047430830039,0.1857707509881423,1.0,0.47503057323987974,0.49585231812082975
1595,Tampa,Median Age,bg,16804,NoPreTrain,5,0.99734395750332,0.17786561264822134,0.22529644268774704,1.0,0.4689413983415148,0.5031607885216224
1596,Tampa,Median Age,bg,16804,NoPreTrain,6,0.9946879150066401,0.21739130434782608,0.20948616600790515,0.9999361950232117,0.5227090669658099,0.48905661438354786
1597,Tampa,Median Age,bg,16804,NoPreTrain,7,0.9920318725099602,0.2015810276679842,0.18181818181818182,0.9999512308396701,0.5214263393305427,0.5191090696435625
1598,Tampa,Median Age,bg,16804,NoPreTrain,8,1.0,0.16996047430830039,0.2134387351778656,1.0,0.504763301018598,0.5422375147395934
1599,Tampa,Median Age,bg,16804,NoPreTrain,9,1.0,0.233201581027668,0.2924901185770751,1.0,0.5526850570887283,0.5833792912180236
1600,Philadelphia,Median Income,tract,34772,Emb,0,0.9987341772151899,0.3320754716981132,0.3283018867924528,0.9999979971158467,0.6529013883944464,0.6820932716269136
1601,Philadelphia,Median Income,tract,34772,Emb,1,1.0,0.3584905660377358,0.3433962264150943,1.0,0.6834460662157351,0.6765574937700249
1602,Philadelphia,Median Income,tract,34772,Emb,2,0.9936708860759493,0.32075471698113206,0.3433962264150943,0.9998077231212946,0.6586418654325383,0.648380206479174
1603,Philadelphia,Median Income,tract,34772,Emb,3,0.9683544303797469,0.3320754716981132,0.37735849056603776,0.9986640762698287,0.6634389462442151,0.7117123531505876
1604,Philadelphia,Median Income,tract,34772,Emb,4,0.9962025316455696,0.3886792452830189,0.37358490566037733,0.9999519307803236,0.6760234959060164,0.6694286222855108
1605,Philadelphia,Median Income,tract,34772,Emb,5,0.9987341772151899,0.33962264150943394,0.3886792452830189,1.0,0.683241367034532,0.7149519401922393
1606,Philadelphia,Median Income,tract,34772,Emb,6,1.0,0.3622641509433962,0.3471698113207547,1.0,0.6699359202563189,0.6675151299394804
1607,Philadelphia,Median Income,tract,34772,Emb,7,1.0,0.37358490566037733,0.3283018867924528,1.0,0.6925952296190815,0.6762014951940192
1608,Philadelphia,Median Income,tract,34772,Emb,8,0.9974683544303797,0.3849056603773585,0.32075471698113206,0.9999539336644769,0.7037379850480598,0.6608579565681737
1609,Philadelphia,Median Income,tract,34772,Emb,9,0.9582278481012658,0.3622641509433962,0.3622641509433962,0.9983496234577792,0.6828764684941261,0.6785866856532575
1610,Philadelphia,Median Income,tract,34772,RGNN,0,0.6949367088607595,0.4,0.42641509433962266,0.9292020509533728,0.7253470986116055,0.741064435742257
1611,Philadelphia,Median Income,tract,34772,RGNN,1,0.6012658227848101,0.4377358490566038,0.43018867924528303,0.8984497676654384,0.7503203987184051,0.7449982200071199
1612,Philadelphia,Median Income,tract,34772,RGNN,2,0.6620253164556962,0.3886792452830189,0.3433962264150943,0.9294323826309887,0.7322890708437166,0.7074225703097188
1613,Philadelphia,Median Income,tract,34772,RGNN,3,0.6443037974683544,0.4037735849056604,0.41509433962264153,0.9037874539336646,0.733303666785333,0.7355998576005696
1614,Philadelphia,Median Income,tract,34772,RGNN,4,0.6417721518987342,0.4037735849056604,0.41132075471698115,0.8990085723441756,0.7451406194375223,0.7388394446422215
1615,Philadelphia,Median Income,tract,34772,RGNN,5,0.7,0.43018867924528303,0.4641509433962264,0.9171286652780003,0.7624065503737985,0.7666607333570666
1616,Philadelphia,Median Income,tract,34772,RGNN,6,0.7063291139240506,0.3849056603773585,0.4226415094339623,0.911490546386797,0.7250444998220008,0.7399430402278391
1617,Philadelphia,Median Income,tract,34772,RGNN,7,0.7037974683544304,0.4226415094339623,0.41509433962264153,0.9162774395128984,0.73812744749021,0.7462798148807405
1618,Philadelphia,Median Income,tract,34772,RGNN,8,0.620253164556962,0.4339622641509434,0.4,0.8887057362602148,0.7791740833036668,0.7614809540761838
1619,Philadelphia,Median Income,tract,34772,RGNN,9,0.6215189873417721,0.41132075471698115,0.45660377358490567,0.9014340650536772,0.7357600569597722,0.7757920968316127
1620,Philadelphia,Median Income,tract,34772,Feat-RGNN,0,0.6784810126582278,0.4226415094339623,0.42641509433962266,0.9040077711905143,0.7323780704877181,0.7586062655749377
1621,Philadelphia,Median Income,tract,34772,Feat-RGNN,1,0.6822784810126582,0.45660377358490567,0.4226415094339623,0.9115746675212305,0.7621751512993948,0.739302242791029
1622,Philadelphia,Median Income,tract,34772,Feat-RGNN,2,0.6481012658227848,0.4339622641509434,0.36981132075471695,0.9059265342092614,0.7610893556425775,0.7292096831612674
1623,Philadelphia,Median Income,tract,34772,Feat-RGNN,3,0.6974683544303798,0.45660377358490567,0.4075471698113208,0.9207378625220317,0.7472054111783553,0.7425418298326807
1624,Philadelphia,Median Income,tract,34772,Feat-RGNN,4,0.6582278481012658,0.44150943396226416,0.4226415094339623,0.9051373978529081,0.7631363474546101,0.7618191527233891
1625,Philadelphia,Median Income,tract,34772,Feat-RGNN,5,0.6708860759493671,0.44528301886792454,0.4377358490566038,0.9193178176574266,0.7571555713777146,0.7495372018511925
1626,Philadelphia,Median Income,tract,34772,Feat-RGNN,6,0.640506329113924,0.41509433962264153,0.4188679245283019,0.9045825989424772,0.7421680313278747,0.7401566393734426
1627,Philadelphia,Median Income,tract,34772,Feat-RGNN,7,0.7126582278481013,0.4490566037735849,0.4075471698113208,0.9355652139080275,0.7542007831968673,0.7152011391954434
1628,Philadelphia,Median Income,tract,34772,Feat-RGNN,8,0.6620253164556962,0.4339622641509434,0.4867924528301887,0.9047888960102549,0.765877536489854,0.7824848700605198
1629,Philadelphia,Median Income,tract,34772,Feat-RGNN,9,0.6784810126582278,0.4188679245283019,0.44528301886792454,0.9118029963146931,0.7457458170167319,0.7726415094339623
1630,Philadelphia,Median Income,tract,34772,Feat\&PC-RGNN,0,0.7658227848101266,0.41509433962264153,0.44528301886792454,0.9484557763178977,0.7317728729085085,0.7523139907440369
1631,Philadelphia,Median Income,tract,34772,Feat\&PC-RGNN,1,0.730379746835443,0.49433962264150944,0.43018867924528303,0.9410330876462105,0.7934318262726949,0.7570309718761126
1632,Philadelphia,Median Income,tract,34772,Feat\&PC-RGNN,2,0.740506329113924,0.45660377358490567,0.4867924528301887,0.9388779842973882,0.7726593093627624,0.7657351370594517
1633,Philadelphia,Median Income,tract,34772,Feat\&PC-RGNN,3,0.6734177215189874,0.42641509433962266,0.4075471698113208,0.9096999679538534,0.7458526165895336,0.7647561409754362
1634,Philadelphia,Median Income,tract,34772,Feat\&PC-RGNN,4,0.7632911392405063,0.44150943396226416,0.46037735849056605,0.9516363563531485,0.758935564257743,0.7579743681025276
1635,Philadelphia,Median Income,tract,34772,Feat\&PC-RGNN,5,0.7227848101265822,0.42641509433962266,0.4075471698113208,0.9336684826149655,0.7536667853328586,0.7506763972944108
1636,Philadelphia,Median Income,tract,34772,Feat\&PC-RGNN,6,0.7645569620253164,0.4075471698113208,0.41509433962264153,0.9470136997276078,0.7495194019223923,0.7569241723033108
1637,Philadelphia,Median Income,tract,34772,Feat\&PC-RGNN,7,0.6873417721518987,0.3849056603773585,0.4377358490566038,0.91988663675693,0.7458348166607334,0.7634033463866143
1638,Philadelphia,Median Income,tract,34772,Feat\&PC-RGNN,8,0.6417721518987342,0.4339622641509434,0.41509433962264153,0.9098561929178015,0.7664827340690639,0.7529903880384479
1639,Philadelphia,Median Income,tract,34772,Feat\&PC-RGNN,9,0.6835443037974683,0.41509433962264153,0.4226415094339623,0.9161692837686267,0.7496796012815949,0.7555535777856888
1640,Philadelphia,Median Income,tract,34772,LightGCN,0,0.8177215189873418,0.4188679245283019,0.4679245283018868,0.968033968915238,0.7279102883588465,0.7658597365610538
1641,Philadelphia,Median Income,tract,34772,LightGCN,1,0.7848101265822784,0.5132075471698113,0.4,0.9598962506008653,0.7935208259166964,0.7221253114987541
1642,Philadelphia,Median Income,tract,34772,LightGCN,2,0.8240506329113924,0.4679245283018868,0.4490566037735849,0.9678637237622176,0.7656995372018512,0.7708615165539336
1643,Philadelphia,Median Income,tract,34772,LightGCN,3,0.7582278481012659,0.4226415094339623,0.4867924528301887,0.9465009613843935,0.7442506229975081,0.7937878248487007
1644,Philadelphia,Median Income,tract,34772,LightGCN,4,0.7746835443037975,0.4867924528301887,0.4037735849056604,0.9568238263098863,0.7906550373798505,0.742185831256675
1645,Philadelphia,Median Income,tract,34772,LightGCN,5,0.8012658227848102,0.44150943396226416,0.45660377358490567,0.9568618811087966,0.7404147383410467,0.774314702741189
1646,Philadelphia,Median Income,tract,34772,LightGCN,6,0.8139240506329114,0.43018867924528303,0.4679245283018868,0.9654883031565454,0.7578675685297258,0.7580633677465289
1647,Philadelphia,Median Income,tract,34772,LightGCN,7,0.8113924050632911,0.41509433962264153,0.4226415094339623,0.9621154462425894,0.7451584193663225,0.7534531861872553
1648,Philadelphia,Median Income,tract,34772,LightGCN,8,0.8405063291139241,0.4528301886792453,0.5056603773584906,0.9712986700849223,0.7814702741189035,0.78374866500534
1649,Philadelphia,Median Income,tract,34772,LightGCN,9,0.8417721518987342,0.4339622641509434,0.4641509433962264,0.9723762217593335,0.759255962976148,0.777999288002848
1650,Philadelphia,Median Income,tract,34772,Feat-LightGCN,0,0.9177215189873418,0.41509433962264153,0.46037735849056605,0.9906445281204934,0.7344250622997508,0.7552954788180848
1651,Philadelphia,Median Income,tract,34772,Feat-LightGCN,1,0.8164556962025317,0.49433962264150944,0.3886792452830189,0.9797888960102548,0.7867034531861872,0.7428266286934851
1652,Philadelphia,Median Income,tract,34772,Feat-LightGCN,2,0.9075949367088607,0.45660377358490567,0.41132075471698115,0.9845838006729689,0.7779280882876468,0.7447846208615166
1653,Philadelphia,Median Income,tract,34772,Feat-LightGCN,3,0.8075949367088607,0.43018867924528303,0.4528301886792453,0.9706076750520751,0.7719473122107512,0.7991456034175863
1654,Philadelphia,Median Income,tract,34772,Feat-LightGCN,4,0.9278481012658227,0.4830188679245283,0.4377358490566038,0.9924110719435987,0.7919722321110716,0.7673193307226772
1655,Philadelphia,Median Income,tract,34772,Feat-LightGCN,5,0.8974683544303798,0.4226415094339623,0.47547169811320755,0.9881389200448647,0.7463510145959417,0.7971342114631541
1656,Philadelphia,Median Income,tract,34772,Feat-LightGCN,6,0.9354430379746835,0.44528301886792454,0.42641509433962266,0.9924391123217433,0.7723211107155572,0.7553577785688856
1657,Philadelphia,Median Income,tract,34772,Feat-LightGCN,7,0.9189873417721519,0.43018867924528303,0.4226415094339623,0.9939833360038456,0.7517443930224278,0.7449092203631185
1658,Philadelphia,Median Income,tract,34772,Feat-LightGCN,8,0.8949367088607595,0.46037735849056605,0.49056603773584906,0.989540938952091,0.7817906728373087,0.794749021003916
1659,Philadelphia,Median Income,tract,34772,Feat-LightGCN,9,0.8974683544303798,0.4528301886792453,0.4641509433962264,0.9873137317737543,0.7660199359202563,0.7873264506941974
1660,Philadelphia,Median Income,tract,34772,Feat\&PC-LightGCN,0,1.0,0.4339622641509434,0.47924528301886793,1.0,0.7503915984336064,0.7714133143467427
1661,Philadelphia,Median Income,tract,34772,Feat\&PC-LightGCN,1,1.0,0.5132075471698113,0.44528301886792454,1.0,0.792880028479886,0.7600747597009612
1662,Philadelphia,Median Income,tract,34772,Feat\&PC-LightGCN,2,0.979746835443038,0.4377358490566038,0.4528301886792453,0.9992789617048551,0.7427732289070843,0.7508810964756141
1663,Philadelphia,Median Income,tract,34772,Feat\&PC-LightGCN,3,0.979746835443038,0.44528301886792454,0.5207547169811321,0.9997095817977888,0.7664293342826628,0.8053310786756853
1664,Philadelphia,Median Income,tract,34772,Feat\&PC-LightGCN,4,0.9936708860759493,0.44528301886792454,0.4490566037735849,0.9998037173529883,0.7584371662513351,0.7473656105375579
1665,Philadelphia,Median Income,tract,34772,Feat\&PC-LightGCN,5,0.9848101265822785,0.4037735849056604,0.5018867924528302,0.9998197404262138,0.7026521893912424,0.7896493414026344
1666,Philadelphia,Median Income,tract,34772,Feat\&PC-LightGCN,6,0.9987341772151899,0.44528301886792454,0.43018867924528303,1.0,0.7669099323602705,0.7385546457814168
1667,Philadelphia,Median Income,tract,34772,Feat\&PC-LightGCN,7,0.9987341772151899,0.4679245283018868,0.45660377358490567,0.999987982695081,0.7590067639729441,0.7401922392310432
1668,Philadelphia,Median Income,tract,34772,Feat\&PC-LightGCN,8,0.9481012658227848,0.4641509433962264,0.47924528301886793,0.9975885274795706,0.7512726949092203,0.7876112495550018
1669,Philadelphia,Median Income,tract,34772,Feat\&PC-LightGCN,9,0.9848101265822785,0.4981132075471698,0.46037735849056605,0.9997756769748438,0.7953542185831257,0.7928266286934852
1670,Philadelphia,Median Income,tract,34772,NoPreTrain,0,1.0,0.2339622641509434,0.24150943396226415,1.0,0.5439925240299038,0.566625133499466
1671,Philadelphia,Median Income,tract,34772,NoPreTrain,1,1.0,0.22641509433962265,0.30566037735849055,1.0,0.5191438234247063,0.5913937344250624
1672,Philadelphia,Median Income,tract,34772,NoPreTrain,2,1.0,0.27547169811320754,0.21509433962264152,1.0,0.5726326094695622,0.5251512993948024
1673,Philadelphia,Median Income,tract,34772,NoPreTrain,3,0.9987341772151899,0.2490566037735849,0.2037735849056604,1.0,0.5675863296546814,0.5253292986828052
1674,Philadelphia,Median Income,tract,34772,NoPreTrain,4,1.0,0.19245283018867926,0.2792452830188679,1.0,0.5196155215379138,0.5888572445710218
1675,Philadelphia,Median Income,tract,34772,NoPreTrain,5,1.0,0.24150943396226415,0.2641509433962264,1.0,0.5550017799928801,0.5933339266642933
1676,Philadelphia,Median Income,tract,34772,NoPreTrain,6,1.0,0.28679245283018867,0.2528301886792453,1.0,0.6247775008899964,0.5863830544677822
1677,Philadelphia,Median Income,tract,34772,NoPreTrain,7,0.9974683544303797,0.2490566037735849,0.2339622641509434,1.0,0.5469295122819509,0.5699804200783196
1678,Philadelphia,Median Income,tract,34772,NoPreTrain,8,0.9987341772151899,0.26037735849056604,0.25660377358490566,1.0,0.5593983624065503,0.5786934852260591
1679,Philadelphia,Median Income,tract,34772,NoPreTrain,9,0.9898734177215189,0.22264150943396227,0.23018867924528302,0.9997516423650057,0.5461730153079387,0.5771626913492346
1680,Philadelphia,Median Home Value,tract,34645,Emb,0,0.9961783439490446,0.4090909090909091,0.4037735849056604,0.999989857600714,0.7423071764147503,0.7243503025987896
1681,Philadelphia,Median Home Value,tract,34645,Emb,1,1.0,0.3446969696969697,0.41132075471698115,1.0,0.6944829548971997,0.7253470986116055
1682,Philadelphia,Median Home Value,tract,34645,Emb,2,0.9961783439490446,0.38636363636363635,0.4075471698113208,0.9999188608057121,0.7040671279895997,0.7311142755428979
1683,Philadelphia,Median Home Value,tract,34645,Emb,3,0.9987261146496815,0.3939393939393939,0.35094339622641507,0.9999371171244269,0.7302357974673096,0.7047792808828766
1684,Philadelphia,Median Home Value,tract,34645,Emb,4,1.0,0.4090909090909091,0.4037735849056604,1.0,0.7157121214205627,0.7494749021003916
1685,Philadelphia,Median Home Value,tract,34645,Emb,5,1.0,0.42803030303030304,0.35471698113207545,1.0,0.7638092503043769,0.7097365610537558
1686,Philadelphia,Median Home Value,tract,34645,Emb,6,0.9987261146496815,0.45454545454545453,0.4037735849056604,0.9999979715201428,0.7304743979529368,0.7471698113207547
1687,Philadelphia,Median Home Value,tract,34645,Emb,7,1.0,0.35984848484848486,0.42641509433962266,1.0,0.7096491756030788,0.7409576361694554
1688,Philadelphia,Median Home Value,tract,34645,Emb,8,1.0,0.38636363636363635,0.4679245283018868,1.0,0.7061840086945157,0.7457903168387326
1689,Philadelphia,Median Home Value,tract,34645,Emb,9,0.9171974522292994,0.3939393939393939,0.4226415094339623,0.9957929327761775,0.7356949765784604,0.760501957992168
1690,Philadelphia,Median Home Value,tract,34645,RGNN,0,0.7273885350318471,0.5037878787878788,0.46037735849056605,0.9505700028398717,0.8202334071633455,0.8021003915984336
1691,Philadelphia,Median Home Value,tract,34645,RGNN,1,0.7312101910828025,0.45454545454545453,0.47547169811320755,0.9314698365045235,0.7855612743243523,0.8013527945888217
1692,Philadelphia,Median Home Value,tract,34645,RGNN,2,0.6955414012738853,0.4318181818181818,0.539622641509434,0.9266339405249706,0.7647313229558603,0.820808116767533
1693,Philadelphia,Median Home Value,tract,34645,RGNN,3,0.689171974522293,0.42803030303030304,0.5132075471698113,0.9219440950951358,0.7851350607721885,0.8109291562833748
1694,Philadelphia,Median Home Value,tract,34645,RGNN,4,0.6343949044585987,0.48484848484848486,0.5132075471698113,0.9000872246338595,0.7948789027301054,0.837629049483802
1695,Philadelphia,Median Home Value,tract,34645,RGNN,5,0.7439490445859872,0.4356060606060606,0.49056603773584906,0.9550671426832732,0.7714687128127171,0.7922214311142756
1696,Philadelphia,Median Home Value,tract,34645,RGNN,6,0.6904458598726114,0.5037878787878788,0.44528301886792454,0.9281593573775812,0.8104280019810289,0.775685297258811
1697,Philadelphia,Median Home Value,tract,34645,RGNN,7,0.6662420382165605,0.5303030303030303,0.5056603773584906,0.9068724897561766,0.8237601372963083,0.8023317906728373
1698,Philadelphia,Median Home Value,tract,34645,RGNN,8,0.6840764331210191,0.48484848484848486,0.4641509433962264,0.9278713132378595,0.8099861396762943,0.79937700249199
1699,Philadelphia,Median Home Value,tract,34645,RGNN,9,0.7133757961783439,0.5227272727272727,0.47547169811320755,0.9309708304596537,0.8330493915902573,0.8014951940192241
1700,Philadelphia,Median Home Value,tract,34645,Feat-RGNN,0,0.7248407643312101,0.5,0.4867924528301887,0.9400503063004585,0.8127790120994091,0.7863830544677821
1701,Philadelphia,Median Home Value,tract,34645,Feat-RGNN,1,0.7414012738853503,0.4810606060606061,0.49056603773584906,0.9386283419205647,0.7992445607687493,0.7992702029191884
1702,Philadelphia,Median Home Value,tract,34645,Feat-RGNN,2,0.7439490445859872,0.45454545454545453,0.4830188679245283,0.9366668018986571,0.7808591681054349,0.7773050907796368
1703,Philadelphia,Median Home Value,tract,34645,Feat-RGNN,3,0.7286624203821656,0.42424242424242425,0.5018867924528302,0.9390705505294334,0.7895966748980252,0.8148629405482378
1704,Philadelphia,Median Home Value,tract,34645,Feat-RGNN,4,0.6076433121019108,0.45075757575757575,0.5056603773584906,0.8964826159276237,0.7765021082824892,0.8174795300818797
1705,Philadelphia,Median Home Value,tract,34645,Feat-RGNN,5,0.6598726114649681,0.49242424242424243,0.4867924528301887,0.9199277861170838,0.7929424125905392,0.8013171947312211
1706,Philadelphia,Median Home Value,tract,34645,Feat-RGNN,6,0.7605095541401274,0.48484848484848486,0.44150943396226416,0.9561767211651588,0.7801026970883003,0.7550551797792808
1707,Philadelphia,Median Home Value,tract,34645,Feat-RGNN,7,0.6484076433121019,0.4583333333333333,0.47924528301886793,0.9091464156760922,0.7966896869561628,0.8089533641865433
1708,Philadelphia,Median Home Value,tract,34645,Feat-RGNN,8,0.6929936305732484,0.5037878787878788,0.4641509433962264,0.9198892449997972,0.813713466181498,0.7995728017087932
1709,Philadelphia,Median Home Value,tract,34645,Feat-RGNN,9,0.7363057324840764,0.49242424242424243,0.5018867924528302,0.9320520102235385,0.7933946787362687,0.8119259522961908
1710,Philadelphia,Median Home Value,tract,34645,Feat\&PC-RGNN,0,0.7757961783439491,0.5303030303030303,0.46037735849056605,0.9629417014889041,0.8301648621877987,0.7773940904236383
1711,Philadelphia,Median Home Value,tract,34645,Feat\&PC-RGNN,1,0.7006369426751592,0.48863636363636365,0.4830188679245283,0.9358290397176356,0.8095358511201756,0.8162335350658598
1712,Philadelphia,Median Home Value,tract,34645,Feat\&PC-RGNN,2,0.6675159235668789,0.4356060606060606,0.4490566037735849,0.9464582741693375,0.8044521560885686,0.8014951940192239
1713,Philadelphia,Median Home Value,tract,34645,Feat\&PC-RGNN,3,0.6025477707006369,0.42803030303030304,0.47924528301886793,0.9032617956103696,0.7692685153976847,0.8147205411178355
1714,Philadelphia,Median Home Value,tract,34645,Feat\&PC-RGNN,4,0.7936305732484077,0.4393939393939394,0.5094339622641509,0.9597894437908231,0.7775981228375487,0.8185653257386971
1715,Philadelphia,Median Home Value,tract,34645,Feat\&PC-RGNN,5,0.8089171974522293,0.4962121212121212,0.47924528301886793,0.9661730699014157,0.8037016178402657,0.7935208259166963
1716,Philadelphia,Median Home Value,tract,34645,Feat\&PC-RGNN,6,0.7681528662420383,0.5075757575757576,0.5056603773584906,0.9467422613493449,0.8116180810158277,0.813937344250623
1717,Philadelphia,Median Home Value,tract,34645,Feat\&PC-RGNN,7,0.7796178343949045,0.4810606060606061,0.46037735849056605,0.9576615684206257,0.7832689040370342,0.7904948380206479
1718,Philadelphia,Median Home Value,tract,34645,Feat\&PC-RGNN,8,0.7248407643312101,0.5416666666666666,0.4830188679245283,0.9384640350521318,0.8279063688703321,0.7969562121751512
1719,Philadelphia,Median Home Value,tract,34645,Feat\&PC-RGNN,9,0.7719745222929937,0.4962121212121212,0.4867924528301887,0.9475577102519372,0.808499680146376,0.8159487362050551
1720,Philadelphia,Median Home Value,tract,34645,LightGCN,0,0.8496815286624204,0.5378787878787878,0.49433962264150944,0.9777698892449997,0.8366200586054383,0.8119793520825918
1721,Philadelphia,Median Home Value,tract,34645,LightGCN,1,0.8560509554140128,0.5037878787878788,0.47547169811320755,0.9785873666274494,0.8140516340049114,0.810199359202563
1722,Philadelphia,Median Home Value,tract,34645,LightGCN,2,0.8305732484076433,0.5189393939393939,0.5056603773584906,0.9651669438922472,0.8220092826336678,0.8300462798148807
1723,Philadelphia,Median Home Value,tract,34645,LightGCN,3,0.8484076433121019,0.49242424242424243,0.5207547169811321,0.9739644610329019,0.800205239408718,0.8094695621217515
1724,Philadelphia,Median Home Value,tract,34645,LightGCN,4,0.8127388535031848,0.48863636363636365,0.5660377358490566,0.9717797882267029,0.8001386892192134,0.8572267710929158
1725,Philadelphia,Median Home Value,tract,34645,LightGCN,5,0.8076433121019109,0.4659090909090909,0.49433962264150944,0.9680656416081789,0.8028135941229475,0.8004805980776076
1726,Philadelphia,Median Home Value,tract,34645,LightGCN,6,0.8955414012738854,0.4659090909090909,0.5169811320754717,0.9903363219603228,0.8020505884618825,0.7884656461374155
1727,Philadelphia,Median Home Value,tract,34645,LightGCN,7,0.8789808917197452,0.4810606060606061,0.5320754716981132,0.9852367235993347,0.8226938725675648,0.8177465290138839
1728,Philadelphia,Median Home Value,tract,34645,LightGCN,8,0.8993630573248408,0.5643939393939394,0.5358490566037736,0.9874639944825349,0.8450567998129028,0.821573513705945
1729,Philadelphia,Median Home Value,tract,34645,LightGCN,9,0.8165605095541402,0.4810606060606061,0.4867924528301887,0.973526309383748,0.8043981592939833,0.805998576005696
1730,Philadelphia,Median Home Value,tract,34645,Feat-LightGCN,0,0.6968152866242038,0.48863636363636365,0.4339622641509434,0.9461966002677593,0.8276929611567008,0.7950516197935209
1731,Philadelphia,Median Home Value,tract,34645,Feat-LightGCN,1,0.9452229299363057,0.5,0.5132075471698113,0.99577670493732,0.8186378362762159,0.827251690993236
1732,Philadelphia,Median Home Value,tract,34645,Feat-LightGCN,2,0.9503184713375796,0.5189393939393939,0.47547169811320755,0.9964035052131932,0.8192455581617702,0.8295478818084728
1733,Philadelphia,Median Home Value,tract,34645,Feat-LightGCN,3,0.9477707006369427,0.4810606060606061,0.5018867924528302,0.993561604933263,0.8173315953473335,0.819615521537914
1734,Philadelphia,Median Home Value,tract,34645,Feat-LightGCN,4,0.9426751592356688,0.5340909090909091,0.5622641509433962,0.9959349263661812,0.8242543627346454,0.8429690281238876
1735,Philadelphia,Median Home Value,tract,34645,Feat-LightGCN,5,0.821656050955414,0.5189393939393939,0.5433962264150943,0.9754310519696539,0.8279184063723097,0.8105464578141689
1736,Philadelphia,Median Home Value,tract,34645,Feat-LightGCN,6,0.9261146496815287,0.49242424242424243,0.5320754716981132,0.9949774838735852,0.814107350442636,0.8149519401922392
1737,Philadelphia,Median Home Value,tract,34645,Feat-LightGCN,7,0.8980891719745223,0.5416666666666666,0.4867924528301887,0.9913018783723478,0.8377851168325549,0.8141509433962263
1738,Philadelphia,Median Home Value,tract,34645,Feat-LightGCN,8,0.9452229299363057,0.4810606060606061,0.5056603773584906,0.9960850338756136,0.8153303606435592,0.8243325026699893
1739,Philadelphia,Median Home Value,tract,34645,Feat-LightGCN,9,0.9070063694267516,0.5227272727272727,0.5094339622641509,0.9912146537384885,0.8200794991023462,0.8270202919188323
1740,Philadelphia,Median Home Value,tract,34645,Feat\&PC-LightGCN,0,1.0,0.5681818181818182,0.4981132075471698,1.0,0.8233712400002752,0.805500177999288
1741,Philadelphia,Median Home Value,tract,34645,Feat\&PC-LightGCN,1,0.9898089171974522,0.5037878787878788,0.5622641509433962,0.9996713862631343,0.8156705060565832,0.8303132787468851
1742,Philadelphia,Median Home Value,tract,34645,Feat\&PC-LightGCN,2,1.0,0.48863636363636365,0.5660377358490566,0.9999979715201428,0.814178027775676,0.8328319686721253
1743,Philadelphia,Median Home Value,tract,34645,Feat\&PC-LightGCN,3,1.0,0.5340909090909091,0.4867924528301887,1.0,0.8135404700816486,0.8054022783908865
1744,Philadelphia,Median Home Value,tract,34645,Feat\&PC-LightGCN,4,1.0,0.5189393939393939,0.539622641509434,1.0,0.8091700830243708,0.8224012103951583
1745,Philadelphia,Median Home Value,tract,34645,Feat\&PC-LightGCN,5,1.0,0.4962121212121212,0.5094339622641509,1.0,0.7991177370871997,0.8054022783908865
1746,Philadelphia,Median Home Value,tract,34645,Feat\&PC-LightGCN,6,0.9974522292993631,0.5227272727272727,0.4981132075471698,0.9999878291208569,0.816729720248454,0.8065948736205055
1747,Philadelphia,Median Home Value,tract,34645,Feat\&PC-LightGCN,7,0.9987261146496815,0.5151515151515151,0.5018867924528302,0.9999918860805712,0.8280922622937288,0.8151388394446423
1748,Philadelphia,Median Home Value,tract,34645,Feat\&PC-LightGCN,8,1.0,0.5568181818181818,0.539622641509434,1.0,0.8315912201899861,0.8292274830900677
1749,Philadelphia,Median Home Value,tract,34645,Feat\&PC-LightGCN,9,0.9987261146496815,0.4734848484848485,0.5358490566037736,0.9999655158424275,0.8058701738215286,0.8256318974724101
1750,Philadelphia,Median Home Value,tract,34645,NoPreTrain,0,1.0,0.23106060606060605,0.27169811320754716,1.0,0.5243415916329044,0.5942951228195088
1751,Philadelphia,Median Home Value,tract,34645,NoPreTrain,1,1.0,0.2803030303030303,0.2943396226415094,1.0,0.5809465259769293,0.6020291918832326
1752,Philadelphia,Median Home Value,tract,34645,NoPreTrain,2,0.9987261146496815,0.23484848484848486,0.22641509433962265,1.0,0.5551779314756602,0.5370683517265931
1753,Philadelphia,Median Home Value,tract,34645,NoPreTrain,3,1.0,0.25757575757575757,0.24528301886792453,1.0,0.6142068317982652,0.6035510857956569
1754,Philadelphia,Median Home Value,tract,34645,NoPreTrain,4,0.9987261146496815,0.24242424242424243,0.27547169811320754,1.0,0.5648627036917299,0.5662958348166607
1755,Philadelphia,Median Home Value,tract,34645,NoPreTrain,5,1.0,0.29545454545454547,0.27169811320754716,1.0,0.5843844365417288,0.6023673905304379
1756,Philadelphia,Median Home Value,tract,34645,NoPreTrain,6,1.0,0.26136363636363635,0.25660377358490566,1.0,0.594746232261881,0.5937522249911
1757,Philadelphia,Median Home Value,tract,34645,NoPreTrain,7,0.9987261146496815,0.2196969696969697,0.24150943396226415,0.9999716012819991,0.5715620034530434,0.5729886080455678
1758,Philadelphia,Median Home Value,tract,34645,NoPreTrain,8,1.0,0.25757575757575757,0.2830188679245283,1.0,0.6085614153350896,0.5953008187967248
1759,Philadelphia,Median Home Value,tract,34645,NoPreTrain,9,1.0,0.26136363636363635,0.25660377358490566,1.0,0.5482091636343626,0.5833392666429335
1760,Philadelphia,Commute Time,tract,32012,Emb,0,0.9984639016897081,0.17727272727272728,0.21818181818181817,1.0,0.5142303719008264,0.5166322314049585
1761,Philadelphia,Commute Time,tract,32012,Emb,1,0.9969278033794163,0.20454545454545456,0.22727272727272727,0.9998936955558836,0.5102014462809917,0.5162964876033058
1762,Philadelphia,Commute Time,tract,32012,Emb,2,1.0,0.2318181818181818,0.21818181818181817,1.0,0.5387654958677686,0.5354080578512396
1763,Philadelphia,Commute Time,tract,32012,Emb,3,0.9984639016897081,0.20909090909090908,0.2409090909090909,0.9999911412963236,0.5136621900826446,0.5666838842975207
1764,Philadelphia,Commute Time,tract,32012,Emb,4,0.8433179723502304,0.22727272727272727,0.2863636363636364,0.9966230306008477,0.5327479338842975,0.5764979338842975
1765,Philadelphia,Commute Time,tract,32012,Emb,5,0.9969278033794163,0.20454545454545456,0.24545454545454545,0.9999970470987745,0.5028150826446282,0.5563920454545455
1766,Philadelphia,Commute Time,tract,32012,Emb,6,0.9953917050691244,0.2590909090909091,0.23636363636363636,0.9999468477779418,0.5320247933884298,0.5421487603305787
1767,Philadelphia,Commute Time,tract,32012,Emb,7,1.0,0.21818181818181817,0.21363636363636362,1.0,0.5673424586776858,0.5329287190082644
1768,Philadelphia,Commute Time,tract,32012,Emb,8,0.9953917050691244,0.24545454545454545,0.2318181818181818,0.9999911412963236,0.5505423553719009,0.5510330578512397
1769,Philadelphia,Commute Time,tract,32012,Emb,9,0.9969278033794163,0.24545454545454545,0.25,0.999518677100251,0.5545712809917356,0.5759297520661157
1770,Philadelphia,Commute Time,tract,32012,RGNN,0,0.4823348694316436,0.23636363636363636,0.2,0.813646421635975,0.5670196280991735,0.5197055785123967
1771,Philadelphia,Commute Time,tract,32012,RGNN,1,0.576036866359447,0.2545454545454545,0.18636363636363637,0.8633851518659068,0.5370609504132231,0.5081095041322314
1772,Philadelphia,Commute Time,tract,32012,RGNN,2,0.6067588325652842,0.22727272727272727,0.2772727272727273,0.8632417107441649,0.5801652892561984,0.568879132231405
1773,Philadelphia,Commute Time,tract,32012,RGNN,3,0.620583717357911,0.23636363636363636,0.22272727272727272,0.8862565383657384,0.5299328512396694,0.5411673553719007
1774,Philadelphia,Commute Time,tract,32012,RGNN,4,0.5683563748079877,0.2409090909090909,0.2409090909090909,0.8459145259072001,0.5526601239669422,0.5635072314049587
1775,Philadelphia,Commute Time,tract,32012,RGNN,5,0.49923195084485406,0.2318181818181818,0.2590909090909091,0.8077665134238664,0.5150826446280992,0.5551136363636363
1776,Philadelphia,Commute Time,tract,32012,RGNN,6,0.47772657450076805,0.20454545454545456,0.2818181818181818,0.7861553169691511,0.5415805785123967,0.580888429752066
1777,Philadelphia,Commute Time,tract,32012,RGNN,7,0.6067588325652842,0.2545454545454545,0.30454545454545456,0.8789437348339781,0.5439566115702479,0.5658057851239671
1778,Philadelphia,Commute Time,tract,32012,RGNN,8,0.5345622119815668,0.25,0.2318181818181818,0.8618462225969076,0.5513946280991735,0.5369834710743802
1779,Philadelphia,Commute Time,tract,32012,RGNN,9,0.4731182795698925,0.2772727272727273,0.23636363636363636,0.8169659897910766,0.5615960743801652,0.5398243801652892
1780,Philadelphia,Commute Time,tract,32012,Feat-RGNN,0,0.543778801843318,0.2409090909090909,0.2,0.8547765206032484,0.5174328512396695,0.5411931818181819
1781,Philadelphia,Commute Time,tract,32012,Feat-RGNN,1,0.5683563748079877,0.2,0.20454545454545456,0.8605914875296274,0.515392561983471,0.5397727272727273
1782,Philadelphia,Commute Time,tract,32012,Feat-RGNN,2,0.5944700460829493,0.21363636363636362,0.25,0.863844322371157,0.5483729338842975,0.5460485537190083
1783,Philadelphia,Commute Time,tract,32012,Feat-RGNN,3,0.5714285714285714,0.23636363636363636,0.2318181818181818,0.8650778292343982,0.5477789256198348,0.5442148760330578
1784,Philadelphia,Commute Time,tract,32012,Feat-RGNN,4,0.6021505376344086,0.2681818181818182,0.23636363636363636,0.8799963595912373,0.5952479338842975,0.5351756198347106
1785,Philadelphia,Commute Time,tract,32012,Feat-RGNN,5,0.5422427035330261,0.22727272727272727,0.19545454545454546,0.8556249950691057,0.5428202479338843,0.5638171487603305
1786,Philadelphia,Commute Time,tract,32012,Feat-RGNN,6,0.5038402457757296,0.2636363636363636,0.2409090909090909,0.800324125991955,0.5589876033057851,0.5611828512396695
1787,Philadelphia,Commute Time,tract,32012,Feat-RGNN,7,0.5606758832565284,0.29545454545454547,0.21818181818181817,0.8482318602263366,0.5785898760330579,0.5330320247933884
1788,Philadelphia,Commute Time,tract,32012,Feat-RGNN,8,0.5775729646697388,0.22272727272727272,0.2545454545454545,0.8620884168504717,0.5502582644628099,0.5496384297520661
1789,Philadelphia,Commute Time,tract,32012,Feat-RGNN,9,0.6513056835637481,0.2636363636363636,0.23636363636363636,0.9057796279119044,0.5533057851239669,0.5431559917355372
1790,Philadelphia,Commute Time,tract,32012,Feat\&PC-RGNN,0,0.6513056835637481,0.25,0.20909090909090908,0.9080959535109658,0.5466425619834712,0.5597107438016529
1791,Philadelphia,Commute Time,tract,32012,Feat\&PC-RGNN,1,0.6159754224270353,0.2,0.2409090909090909,0.8753355994783959,0.534297520661157,0.5546487603305785
1792,Philadelphia,Commute Time,tract,32012,Feat\&PC-RGNN,2,0.6190476190476191,0.19090909090909092,0.2681818181818182,0.8859206571219582,0.5241219008264463,0.5608729338842975
1793,Philadelphia,Commute Time,tract,32012,Feat\&PC-RGNN,3,0.4869431643625192,0.19545454545454546,0.2409090909090909,0.8254019157791996,0.518775826446281,0.5576446280991736
1794,Philadelphia,Commute Time,tract,32012,Feat\&PC-RGNN,4,0.5745007680491552,0.2818181818181818,0.2,0.8902028992530961,0.5870609504132231,0.53099173553719
1795,Philadelphia,Commute Time,tract,32012,Feat\&PC-RGNN,5,0.6082949308755761,0.19545454545454546,0.23636363636363636,0.8672444190730371,0.5446539256198347,0.5527634297520662
1796,Philadelphia,Commute Time,tract,32012,Feat\&PC-RGNN,6,0.5069124423963134,0.21818181818181817,0.33636363636363636,0.8133435463892894,0.5639721074380165,0.6036157024793389
1797,Philadelphia,Commute Time,tract,32012,Feat\&PC-RGNN,7,0.6267281105990783,0.24545454545454545,0.2545454545454545,0.9098852425943603,0.5480888429752067,0.5644369834710743
1798,Philadelphia,Commute Time,tract,32012,Feat\&PC-RGNN,8,0.631336405529954,0.20454545454545456,0.2818181818181818,0.8875438229701904,0.5356663223140495,0.5769886363636363
1799,Philadelphia,Commute Time,tract,32012,Feat\&PC-RGNN,9,0.5468509984639017,0.22272727272727272,0.23636363636363636,0.8612935003488256,0.49821797520661165,0.5459969008264463
1800,Philadelphia,Commute Time,tract,32012,LightGCN,0,0.783410138248848,0.2590909090909091,0.2545454545454545,0.9468467579511373,0.5327479338842974,0.5581353305785124
1801,Philadelphia,Commute Time,tract,32012,LightGCN,1,0.82642089093702,0.2727272727272727,0.2909090909090909,0.9642747020894593,0.5481404958677686,0.5802427685950413
1802,Philadelphia,Commute Time,tract,32012,LightGCN,2,0.8018433179723502,0.2681818181818182,0.23636363636363636,0.9664510691869264,0.5873708677685949,0.5582902892561983
1803,Philadelphia,Commute Time,tract,32012,LightGCN,3,0.7557603686635944,0.24545454545454545,0.20454545454545456,0.9444167625608191,0.553150826446281,0.5343233471074381
1804,Philadelphia,Commute Time,tract,32012,LightGCN,4,0.728110599078341,0.2636363636363636,0.2772727272727273,0.9470495839452339,0.5878615702479338,0.5561983471074379
1805,Philadelphia,Commute Time,tract,32012,LightGCN,5,0.7511520737327189,0.2636363636363636,0.2681818181818182,0.9557940712054938,0.5636363636363636,0.5830578512396694
1806,Philadelphia,Commute Time,tract,32012,LightGCN,6,0.7219662058371735,0.2545454545454545,0.25,0.9474051549540553,0.594111570247934,0.5708161157024794
1807,Philadelphia,Commute Time,tract,32012,LightGCN,7,0.8525345622119815,0.24545454545454545,0.2818181818181818,0.9805624431538338,0.556456611570248,0.5847365702479339
1808,Philadelphia,Commute Time,tract,32012,LightGCN,8,0.8003072196620584,0.22727272727272727,0.29545454545454547,0.9661800841464144,0.5664256198347107,0.5953770661157025
1809,Philadelphia,Commute Time,tract,32012,LightGCN,9,0.804915514592934,0.20909090909090908,0.2772727272727273,0.9605145035913816,0.5393336776859504,0.559478305785124
1810,Philadelphia,Commute Time,tract,32012,Feat-LightGCN,0,0.8325652841781874,0.21818181818181817,0.22727272727272727,0.9702791506013437,0.5285898760330578,0.5163481404958677
1811,Philadelphia,Commute Time,tract,32012,Feat-LightGCN,1,0.7956989247311828,0.2681818181818182,0.2318181818181818,0.9775081120254085,0.5598915289256199,0.5346332644628099
1812,Philadelphia,Commute Time,tract,32012,Feat-LightGCN,2,0.9216589861751152,0.23636363636363636,0.2772727272727273,0.9938128829895984,0.568775826446281,0.5726239669421487
1813,Philadelphia,Commute Time,tract,32012,Feat-LightGCN,3,0.9416282642089093,0.24545454545454545,0.24545454545454545,0.9923724250870374,0.5747675619834711,0.5943440082644628
1814,Philadelphia,Commute Time,tract,32012,Feat-LightGCN,4,0.7741935483870968,0.25,0.22727272727272727,0.976025496386077,0.5617510330578513,0.5483987603305784
1815,Philadelphia,Commute Time,tract,32012,Feat-LightGCN,5,0.9062980030721967,0.2681818181818182,0.22272727272727272,0.9895690905627758,0.5703770661157025,0.5481404958677686
1816,Philadelphia,Commute Time,tract,32012,Feat-LightGCN,6,0.9032258064516129,0.2545454545454545,0.2409090909090909,0.9925609430349288,0.578357438016529,0.5628099173553719
1817,Philadelphia,Commute Time,tract,32012,Feat-LightGCN,7,0.956989247311828,0.2636363636363636,0.29545454545454547,0.9967703375436596,0.5544679752066115,0.5551394628099173
1818,Philadelphia,Commute Time,tract,32012,Feat-LightGCN,8,0.8924731182795699,0.24545454545454545,0.23636363636363636,0.9935541378373717,0.5756198347107438,0.5633522727272726
1819,Philadelphia,Commute Time,tract,32012,Feat-LightGCN,9,0.9370199692780338,0.2318181818181818,0.2545454545454545,0.9932556412247552,0.5477014462809917,0.546849173553719
1820,Philadelphia,Commute Time,tract,32012,Feat\&PC-LightGCN,0,1.0,0.20909090909090908,0.2727272727272727,1.0,0.5305655991735537,0.5395273760330579
1821,Philadelphia,Commute Time,tract,32012,Feat\&PC-LightGCN,1,0.9984639016897081,0.2772727272727273,0.2409090909090909,1.0,0.5662964876033058,0.5783316115702479
1822,Philadelphia,Commute Time,tract,32012,Feat\&PC-LightGCN,2,0.9984639016897081,0.2727272727272727,0.22727272727272727,0.9999911920140928,0.5529700413223141,0.5528409090909092
1823,Philadelphia,Commute Time,tract,32012,Feat\&PC-LightGCN,3,1.0,0.20909090909090908,0.2727272727272727,1.0,0.5327737603305784,0.5908832644628099
1824,Philadelphia,Commute Time,tract,32012,Feat\&PC-LightGCN,4,0.9953917050691244,0.2818181818181818,0.2545454545454545,0.9999852354938727,0.5973527892561984,0.5670712809917355
1825,Philadelphia,Commute Time,tract,32012,Feat\&PC-LightGCN,5,0.9846390168970814,0.2863636363636364,0.2909090909090909,0.9998789479556794,0.591980888429752,0.5892820247933884
1826,Philadelphia,Commute Time,tract,32012,Feat\&PC-LightGCN,6,0.9984639016897081,0.30454545454545456,0.2318181818181818,1.0,0.5829674586776858,0.5409349173553719
1827,Philadelphia,Commute Time,tract,32012,Feat\&PC-LightGCN,7,0.9984639016897081,0.22727272727272727,0.23636363636363636,1.0,0.5786673553719008,0.5508651859504132
1828,Philadelphia,Commute Time,tract,32012,Feat\&PC-LightGCN,8,0.9416282642089093,0.29545454545454547,0.2909090909090909,0.999338820620267,0.5913868801652893,0.5767045454545455
1829,Philadelphia,Commute Time,tract,32012,Feat\&PC-LightGCN,9,0.9953917050691244,0.2590909090909091,0.22727272727272727,0.9999438948767164,0.5748708677685951,0.5572055785123967
1830,Philadelphia,Commute Time,tract,32012,NoPreTrain,0,1.0,0.17272727272727273,0.22272727272727272,1.0,0.5216942148760331,0.49928977272727276
1831,Philadelphia,Commute Time,tract,32012,NoPreTrain,1,0.9969278033794163,0.16818181818181818,0.19090909090909092,1.0,0.4900051652892562,0.4923295454545455
1832,Philadelphia,Commute Time,tract,32012,NoPreTrain,2,1.0,0.20909090909090908,0.21363636363636362,1.0,0.5308367768595043,0.5209710743801652
1833,Philadelphia,Commute Time,tract,32012,NoPreTrain,3,0.9984639016897081,0.20454545454545456,0.2409090909090909,0.9999970470987745,0.5354597107438017,0.5148243801652892
1834,Philadelphia,Commute Time,tract,32012,NoPreTrain,4,1.0,0.23636363636363636,0.22272727272727272,1.0,0.5497675619834711,0.5084323347107438
1835,Philadelphia,Commute Time,tract,32012,NoPreTrain,5,1.0,0.20909090909090908,0.21818181818181817,1.0,0.5294938016528926,0.5232179752066116
1836,Philadelphia,Commute Time,tract,32012,NoPreTrain,6,1.0,0.2409090909090909,0.22727272727272727,1.0,0.529584194214876,0.5311596074380165
1837,Philadelphia,Commute Time,tract,32012,NoPreTrain,7,1.0,0.20909090909090908,0.20454545454545456,1.0,0.4945247933884298,0.5052169421487603
1838,Philadelphia,Commute Time,tract,32012,NoPreTrain,8,1.0,0.17727272727272728,0.17272727272727273,1.0,0.47479338842975205,0.5202737603305786
1839,Philadelphia,Commute Time,tract,32012,NoPreTrain,9,1.0,0.19090909090909092,0.16818181818181818,1.0,0.5451446280991735,0.48099173553719005
1840,Philadelphia,Median Age,tract,34789,Emb,0,0.97724399494311,0.32196969696969696,0.3295880149812734,0.9993857145447842,0.5841381836441302,0.5903042170243805
1841,Philadelphia,Median Age,tract,34789,Emb,1,1.0,0.2765151515151515,0.31835205992509363,1.0,0.5702745926165402,0.6072862505553993
1842,Philadelphia,Median Age,tract,34789,Emb,2,1.0,0.29545454545454547,0.2808988764044944,1.0,0.6153784246693126,0.6107335698764953
1843,Philadelphia,Median Age,tract,34789,Emb,3,0.9974715549936789,0.2803030303030303,0.25842696629213485,0.9998561294426969,0.6216331106968682,0.6031272842048032
1844,Philadelphia,Median Age,tract,34789,Emb,4,1.0,0.3712121212121212,0.33707865168539325,1.0,0.6326307444679081,0.6165430860030598
1845,Philadelphia,Median Age,tract,34789,Emb,5,0.9987357774968394,0.2916666666666667,0.2958801498127341,0.9999939721513392,0.6283311207258269,0.592373618615192
1846,Philadelphia,Median Age,tract,34789,Emb,6,1.0,0.2727272727272727,0.2696629213483146,1.0,0.5936112677897082,0.5945475307921424
1847,Philadelphia,Median Age,tract,34789,Emb,7,1.0,0.375,0.2846441947565543,1.0,0.6542311819451228,0.5920219804297681
1848,Philadelphia,Median Age,tract,34789,Emb,8,0.9949431099873578,0.3371212121212121,0.2696629213483146,0.9999263213753136,0.6571223319736689,0.5794173261166604
1849,Philadelphia,Median Age,tract,34789,Emb,9,1.0,0.36742424242424243,0.2546816479400749,1.0,0.6480581789667008,0.5578135023997881
1850,Philadelphia,Median Age,tract,34789,RGNN,0,0.4740834386852086,0.3068181818181818,0.34831460674157305,0.8198695738422652,0.6390610060600225,0.6265471759743332
1851,Philadelphia,Median Age,tract,34789,RGNN,1,0.515802781289507,0.3484848484848485,0.34831460674157305,0.8397664160495368,0.6693502844289754,0.674892466931529
1852,Philadelphia,Median Age,tract,34789,RGNN,2,0.6447534766118836,0.32196969696969696,0.32209737827715357,0.9021231138172823,0.6508840685380969,0.6408751771981052
1853,Philadelphia,Median Age,tract,34789,RGNN,3,0.6763590391908976,0.3522727272727273,0.3258426966292135,0.9010533899079315,0.6528133361764766,0.6430229042377333
1854,Philadelphia,Median Age,tract,34789,RGNN,4,0.5992414664981036,0.32196969696969696,0.3333333333333333,0.8719876176634402,0.6203914423678798,0.645753796361989
1855,Philadelphia,Median Age,tract,34789,RGNN,5,0.5107458912768648,0.29545454545454547,0.299625468164794,0.8455511226055122,0.6590736110442361,0.630025761085274
1856,Philadelphia,Median Age,tract,34789,RGNN,6,0.6194690265486725,0.29545454545454547,0.3146067415730337,0.8850960773220171,0.6163382434877114,0.6224032921401876
1857,Philadelphia,Median Age,tract,34789,RGNN,7,0.6042983565107459,0.36363636363636365,0.29213483146067415,0.8742073983267546,0.6839947654062829,0.6336848243423414
1858,Philadelphia,Median Age,tract,34789,RGNN,8,0.6017699115044248,0.3446969696969697,0.27715355805243447,0.8821239584647171,0.6544341858177591,0.6322504000668916
1859,Philadelphia,Median Age,tract,34789,RGNN,9,0.6232616940581542,0.3787878787878788,0.3258426966292135,0.8773667894754251,0.6802880746187551,0.6188694576159671
1860,Philadelphia,Median Age,tract,34789,Feat-RGNN,0,0.5663716814159292,0.3143939393939394,0.3408239700374532,0.8576706725650485,0.6077353847529562,0.6840677022551199
1861,Philadelphia,Median Age,tract,34789,Feat-RGNN,1,0.6485461441213654,0.30303030303030304,0.3445692883895131,0.901511243308627,0.6284921653058557,0.6501817000169958
1862,Philadelphia,Median Age,tract,34789,Feat-RGNN,2,0.6156763590391909,0.3181818181818182,0.33707865168539325,0.8825202424453422,0.6177227281794482,0.6226187645453608
1863,Philadelphia,Median Age,tract,34789,Feat-RGNN,3,0.572692793931732,0.3787878787878788,0.33707865168539325,0.868226842636018,0.6700426987391577,0.6187229741557294
1864,Philadelphia,Median Age,tract,34789,Feat-RGNN,4,0.6169405815423514,0.3106060606060606,0.3295880149812734,0.8810412146470007,0.660243054361359,0.6396796171794247
1865,Philadelphia,Median Age,tract,34789,Feat-RGNN,5,0.5714285714285714,0.3143939393939394,0.29213483146067415,0.876045595158829,0.6494432655335365,0.6392301097436276
1866,Philadelphia,Median Age,tract,34789,Feat-RGNN,6,0.6927939317319848,0.30303030303030304,0.3295880149812734,0.9159738407812217,0.6226348028257175,0.6518493130586782
1867,Philadelphia,Median Age,tract,34789,Feat-RGNN,7,0.5638432364096081,0.3333333333333333,0.3295880149812734,0.8681468177982679,0.6477742658843437,0.618068376384428
1868,Philadelphia,Median Age,tract,34789,Feat-RGNN,8,0.6194690265486725,0.375,0.30337078651685395,0.8828565295924795,0.6591120450684074,0.6268667910246057
1869,Philadelphia,Median Age,tract,34789,Feat-RGNN,9,0.5929203539823009,0.38257575757575757,0.30337078651685395,0.8621042652289626,0.6781529656965588,0.6320087578552729
1870,Philadelphia,Median Age,tract,34789,Feat\&PC-RGNN,0,0.6346396965865992,0.30303030303030304,0.31835205992509363,0.8937554705509937,0.6508525130864843,0.6396234939061758
1871,Philadelphia,Median Age,tract,34789,Feat\&PC-RGNN,1,0.5865992414664981,0.2537878787878788,0.32209737827715357,0.8537101840004844,0.6067437525364736,0.6653263739738623
1872,Philadelphia,Median Age,tract,34789,Feat\&PC-RGNN,2,0.6131479140328698,0.30303030303030304,0.27340823970037453,0.9100498715337848,0.639532618191073,0.6338341808088638
1873,Philadelphia,Median Age,tract,34789,Feat\&PC-RGNN,3,0.5056890012642224,0.3409090909090909,0.33707865168539325,0.8519123287091338,0.6498725744433514,0.6232900361781093
1874,Philadelphia,Median Age,tract,34789,Feat\&PC-RGNN,4,0.5929203539823009,0.25757575757575757,0.31835205992509363,0.8749413358900512,0.6237119872883979,0.654459492926349
1875,Philadelphia,Median Age,tract,34789,Feat\&PC-RGNN,5,0.6396965865992414,0.36742424242424243,0.3445692883895131,0.902391519883081,0.6779119577105359,0.6550901837285987
1876,Philadelphia,Median Age,tract,34789,Feat\&PC-RGNN,6,0.6194690265486725,0.3371212121212121,0.3595505617977528,0.8677623331358426,0.6290876777251185,0.6748692467857513
1877,Philadelphia,Median Age,tract,34789,Feat\&PC-RGNN,7,0.7003792667509482,0.375,0.2883895131086142,0.9194695096392703,0.6997944166626542,0.6246922196199592
1878,Philadelphia,Median Age,tract,34789,Feat\&PC-RGNN,8,0.5752212389380531,0.2878787878787879,0.250936329588015,0.87662985078476,0.6437119528955352,0.5978724851881502
1879,Philadelphia,Median Age,tract,34789,Feat\&PC-RGNN,9,0.6359039190897599,0.3484848484848485,0.2696629213483146,0.8859658633874888,0.687534650809264,0.6280676156663285
1880,Philadelphia,Median Age,tract,34789,LightGCN,0,0.8268015170670038,0.375,0.31086142322097376,0.9725182795754345,0.6721890713239189,0.6614849254096127
1881,Philadelphia,Median Age,tract,34789,LightGCN,1,0.7206068268015171,0.29924242424242425,0.35580524344569286,0.9479617858629151,0.623191709256495,0.6789384876476522
1882,Philadelphia,Median Age,tract,34789,LightGCN,2,0.8735777496839444,0.3143939393939394,0.3408239700374532,0.9818753025891487,0.6430868626142703,0.6741685613330577
1883,Philadelphia,Median Age,tract,34789,LightGCN,3,0.8343868520859671,0.3371212121212121,0.352059925093633,0.9705287033290683,0.6653063716217611,0.6547025977036003
1884,Philadelphia,Median Age,tract,34789,LightGCN,4,0.7458912768647282,0.3446969696969697,0.33707865168539325,0.9513079147098974,0.6594222686908013,0.6545598948375451
1885,Philadelphia,Median Age,tract,34789,LightGCN,5,0.7307206068268015,0.4128787878787879,0.3595505617977528,0.9339055051086278,0.7085304617585758,0.6658781414231059
1886,Philadelphia,Median Age,tract,34789,LightGCN,6,0.8685208596713021,0.3560606060606061,0.3445692883895131,0.9774611382318978,0.6848192483095908,0.6585497370892632
1887,Philadelphia,Median Age,tract,34789,LightGCN,7,0.820480404551201,0.4015151515151515,0.31086142322097376,0.9664315519756844,0.7096355044401187,0.6614447278510303
1888,Philadelphia,Median Age,tract,34789,LightGCN,8,0.7964601769911505,0.3106060606060606,0.30711610486891383,0.951213471495854,0.632246318244038,0.6386744697149417
1889,Philadelphia,Median Age,tract,34789,LightGCN,9,0.7269279393173198,0.36363636363636365,0.29213483146067415,0.9535337973242768,0.6884224165801113,0.6249710054795313
1890,Philadelphia,Median Age,tract,34789,Feat-LightGCN,0,0.8419721871049305,0.3409090909090909,0.3595505617977528,0.9751876367648247,0.6714228843230453,0.667049696355124
1891,Philadelphia,Median Age,tract,34789,Feat-LightGCN,1,0.8394437420986094,0.2727272727272727,0.34831460674157305,0.9799980757049322,0.6079800899717291,0.6714876049402341
1892,Philadelphia,Median Age,tract,34789,Feat-LightGCN,2,0.9254108723135271,0.3409090909090909,0.31835205992509363,0.9936404637798575,0.6407707612516251,0.6455446678735747
1893,Philadelphia,Median Age,tract,34789,Feat-LightGCN,3,0.6877370417193426,0.2765151515151515,0.31086142322097376,0.9539656856105028,0.6407345627635352,0.6447816286793606
1894,Philadelphia,Median Age,tract,34789,Feat-LightGCN,4,0.9329962073324906,0.32575757575757575,0.31086142322097376,0.9928139816316801,0.6335983876625922,0.6137230233678435
1895,Philadelphia,Median Age,tract,34789,Feat-LightGCN,5,0.9532237673830595,0.3939393939393939,0.36329588014981273,0.9968234188931607,0.683919702983237,0.6590602982082407
1896,Philadelphia,Median Age,tract,34789,Feat-LightGCN,6,0.9266750948166877,0.3787878787878788,0.33707865168539325,0.9908505599747915,0.6761556001898485,0.6559434604627883
1897,Philadelphia,Median Age,tract,34789,Feat-LightGCN,7,0.9254108723135271,0.3409090909090909,0.3408239700374532,0.9910933813157957,0.6361843010338495,0.6346819476259846
1898,Philadelphia,Median Age,tract,34789,Feat-LightGCN,8,0.8685208596713021,0.3409090909090909,0.2883895131086142,0.9880390035112446,0.6718950123470377,0.6317102748853779
1899,Philadelphia,Median Age,tract,34789,Feat-LightGCN,9,0.8723135271807838,0.4053030303030303,0.30711610486891383,0.9839669893089338,0.6739241052696745,0.6429226617676543
1900,Philadelphia,Median Age,tract,34789,Feat\&PC-LightGCN,0,0.9987357774968394,0.3560606060606061,0.3445692883895131,0.999990029567523,0.6685382689384299,0.6445885025599958
1901,Philadelphia,Median Age,tract,34789,Feat\&PC-LightGCN,1,0.9987357774968394,0.2765151515151515,0.33707865168539325,0.9999980097126026,0.6322144188637975,0.6501051820785364
1902,Philadelphia,Median Age,tract,34789,Feat\&PC-LightGCN,2,0.9797724399494311,0.3333333333333333,0.3333333333333333,0.9994740470098517,0.6390967746373273,0.6501142196303229
1903,Philadelphia,Median Age,tract,34789,Feat\&PC-LightGCN,3,1.0,0.3143939393939394,0.36329588014981273,0.99999203885041,0.6313803919410643,0.686325019000322
1904,Philadelphia,Median Age,tract,34789,Feat\&PC-LightGCN,4,0.9987357774968394,0.3333333333333333,0.3146067415730337,0.9999721359764351,0.6281741173071764,0.6386191206509638
1905,Philadelphia,Median Age,tract,34789,Feat\&PC-LightGCN,5,0.9734513274336283,0.3333333333333333,0.34831460674157305,0.9993501320739984,0.665082732031449,0.6402596394343385
1906,Philadelphia,Median Age,tract,34789,Feat\&PC-LightGCN,6,0.9962073324905183,0.3371212121212121,0.34831460674157305,0.9999899725810547,0.6514986689962099,0.6561746178878645
1907,Philadelphia,Median Age,tract,34789,Feat\&PC-LightGCN,7,0.9987357774968394,0.32954545454545453,0.29213483146067415,0.99999203885041,0.6493922781144457,0.6226812700625601
1908,Philadelphia,Median Age,tract,34789,Feat\&PC-LightGCN,8,0.8179519595448799,0.3181818181818182,0.32209737827715357,0.9910516168329557,0.6321855288590512,0.6370166822321057
1909,Philadelphia,Median Age,tract,34789,Feat\&PC-LightGCN,9,1.0,0.3484848484848485,0.3408239700374532,1.0,0.6587564228671267,0.6583955084701407
1910,Philadelphia,Median Age,tract,34789,NoPreTrain,0,1.0,0.2159090909090909,0.19850187265917604,1.0,0.533734497417096,0.5196161602280205
1911,Philadelphia,Median Age,tract,34789,NoPreTrain,1,0.9974715549936789,0.19318181818181818,0.22846441947565543,0.9993291971650848,0.4885249932933918,0.527925170359001
1912,Philadelphia,Median Age,tract,34789,NoPreTrain,2,0.9987357774968394,0.22727272727272727,0.2209737827715356,1.0,0.5482300572985094,0.5666782046844352
1913,Philadelphia,Median Age,tract,34789,NoPreTrain,3,1.0,0.25757575757575757,0.20599250936329588,1.0,0.563239360567895,0.5375361904506974
1914,Philadelphia,Median Age,tract,34789,NoPreTrain,4,0.9974715549936789,0.23484848484848486,0.21348314606741572,0.9999920008594311,0.5539308462707819,0.4792754265885417
1915,Philadelphia,Median Age,tract,34789,NoPreTrain,5,0.9974715549936789,0.26136363636363635,0.250936329588015,0.9999880202846361,0.5694880278444617,0.5794439619817563
1916,Philadelphia,Median Age,tract,34789,NoPreTrain,6,1.0,0.2159090909090909,0.1947565543071161,1.0,0.5164210443048859,0.508154177475318
1917,Philadelphia,Median Age,tract,34789,NoPreTrain,7,1.0,0.19696969696969696,0.1797752808988764,1.0,0.5042982480275693,0.4859797017353418
1918,Philadelphia,Median Age,tract,34789,NoPreTrain,8,1.0,0.23106060606060605,0.19850187265917604,1.0,0.5716722325782954,0.509634304627156
1919,Philadelphia,Median Age,tract,34789,NoPreTrain,9,1.0,0.20833333333333334,0.18352059925093633,1.0,0.543348076407184,0.49536259071701305
1920,St. Louis,Median Income,tract,9832,Emb,0,1.0,0.26666666666666666,0.25333333333333335,1.0,0.5686666666666668,0.5735555555555556
1921,St. Louis,Median Income,tract,9832,Emb,1,1.0,0.38666666666666666,0.24,1.0,0.6704444444444444,0.5722222222222222
1922,St. Louis,Median Income,tract,9832,Emb,2,1.0,0.26666666666666666,0.37333333333333335,1.0,0.6231111111111111,0.6475555555555556
1923,St. Louis,Median Income,tract,9832,Emb,3,1.0,0.26666666666666666,0.32,1.0,0.606,0.6251111111111112
1924,St. Louis,Median Income,tract,9832,Emb,4,1.0,0.25333333333333335,0.29333333333333333,1.0,0.5961111111111111,0.6369999999999999
1925,St. Louis,Median Income,tract,9832,Emb,5,1.0,0.3333333333333333,0.32,1.0,0.6153333333333333,0.6064444444444443
1926,St. Louis,Median Income,tract,9832,Emb,6,1.0,0.3333333333333333,0.30666666666666664,1.0,0.6704444444444444,0.6404444444444444
1927,St. Louis,Median Income,tract,9832,Emb,7,1.0,0.26666666666666666,0.29333333333333333,1.0,0.6004444444444444,0.6224444444444444
1928,St. Louis,Median Income,tract,9832,Emb,8,1.0,0.29333333333333333,0.41333333333333333,1.0,0.6064444444444443,0.6266666666666667
1929,St. Louis,Median Income,tract,9832,Emb,9,1.0,0.32,0.25333333333333335,1.0,0.6068888888888889,0.5728888888888889
1930,St. Louis,Median Income,tract,9832,RGNN,0,0.9023255813953488,0.30666666666666664,0.3466666666666667,0.9839102217414819,0.6495555555555554,0.6764444444444444
1931,St. Louis,Median Income,tract,9832,RGNN,1,0.9813953488372092,0.41333333333333333,0.32,0.999242833964305,0.7282222222222222,0.6724444444444444
1932,St. Louis,Median Income,tract,9832,RGNN,2,0.9767441860465116,0.32,0.38666666666666666,0.9971335857220118,0.6308888888888889,0.6926666666666667
1933,St. Louis,Median Income,tract,9832,RGNN,3,0.9674418604651163,0.4266666666666667,0.4266666666666667,0.995565170362358,0.7284444444444444,0.6873333333333334
1934,St. Louis,Median Income,tract,9832,RGNN,4,0.8790697674418605,0.3333333333333333,0.3466666666666667,0.9853704705246079,0.6684444444444444,0.6477777777777778
1935,St. Louis,Median Income,tract,9832,RGNN,5,0.958139534883721,0.3466666666666667,0.4,0.999188750676041,0.6424444444444444,0.702888888888889
1936,St. Louis,Median Income,tract,9832,RGNN,6,0.9023255813953488,0.37333333333333335,0.41333333333333333,0.991914548404543,0.7177777777777777,0.6633333333333333
1937,St. Louis,Median Income,tract,9832,RGNN,7,0.8790697674418605,0.36,0.4,0.986803677663602,0.6746666666666666,0.6760000000000002
1938,St. Louis,Median Income,tract,9832,RGNN,8,0.9162790697674419,0.41333333333333333,0.4,0.9965927528393728,0.6986666666666668,0.7248888888888889
1939,St. Louis,Median Income,tract,9832,RGNN,9,0.9209302325581395,0.3333333333333333,0.3333333333333333,0.9944294213088156,0.6707777777777777,0.6673333333333333
1940,St. Louis,Median Income,tract,9832,Feat-RGNN,0,0.8325581395348837,0.3466666666666667,0.32,0.9779069767441861,0.6222222222222222,0.6559999999999999
1941,St. Louis,Median Income,tract,9832,Feat-RGNN,1,0.9255813953488372,0.4,0.4,0.9903461330448892,0.6695555555555556,0.7082222222222223
1942,St. Louis,Median Income,tract,9832,Feat-RGNN,2,0.9395348837209302,0.36,0.4,0.9943482963764196,0.6264444444444444,0.7084444444444445
1943,St. Louis,Median Income,tract,9832,Feat-RGNN,3,0.9488372093023256,0.44,0.41333333333333333,0.9960789616008654,0.6862222222222222,0.6997777777777778
1944,St. Louis,Median Income,tract,9832,Feat-RGNN,4,0.8883720930232558,0.37333333333333335,0.32,0.9883720930232558,0.6786666666666668,0.6208888888888889
1945,St. Louis,Median Income,tract,9832,Feat-RGNN,5,0.9488372093023256,0.3466666666666667,0.4533333333333333,0.9959437533802056,0.6751111111111111,0.7077777777777776
1946,St. Louis,Median Income,tract,9832,Feat-RGNN,6,0.8930232558139535,0.4,0.3466666666666667,0.9883180097349917,0.7231111111111111,0.656
1947,St. Louis,Median Income,tract,9832,Feat-RGNN,7,0.8697674418604651,0.3333333333333333,0.4,0.9836127636560302,0.6968888888888889,0.6893333333333334
1948,St. Louis,Median Income,tract,9832,Feat-RGNN,8,0.8,0.18666666666666668,0.28,0.9741211465657112,0.603111111111111,0.6457777777777778
1949,St. Louis,Median Income,tract,9832,Feat-RGNN,9,0.9720930232558139,0.3333333333333333,0.3333333333333333,0.9992157923201731,0.6451111111111112,0.6633333333333333
1950,St. Louis,Median Income,tract,9832,Feat\&PC-RGNN,0,0.5953488372093023,0.37333333333333335,0.29333333333333333,0.9259870200108168,0.6593333333333333,0.6799999999999999
1951,St. Louis,Median Income,tract,9832,Feat\&PC-RGNN,1,0.9302325581395349,0.37333333333333335,0.4,0.9974310438074635,0.7148888888888888,0.6844444444444444
1952,St. Louis,Median Income,tract,9832,Feat\&PC-RGNN,2,0.9674418604651163,0.29333333333333333,0.37333333333333335,0.9989453758788536,0.6457777777777778,0.7088888888888889
1953,St. Louis,Median Income,tract,9832,Feat\&PC-RGNN,3,0.8558139534883721,0.4533333333333333,0.41333333333333333,0.9758518117901568,0.744,0.7266666666666667
1954,St. Louis,Median Income,tract,9832,Feat\&PC-RGNN,4,0.9302325581395349,0.3333333333333333,0.37333333333333335,0.9892103839913468,0.6322222222222222,0.6744444444444445
1955,St. Louis,Median Income,tract,9832,Feat\&PC-RGNN,5,0.9209302325581395,0.36,0.4,0.9946457544618713,0.6584444444444444,0.7015555555555555
1956,St. Louis,Median Income,tract,9832,Feat\&PC-RGNN,6,0.8325581395348837,0.44,0.3333333333333333,0.968469442942131,0.7184444444444444,0.6417777777777778
1957,St. Louis,Median Income,tract,9832,Feat\&PC-RGNN,7,0.9813953488372092,0.3466666666666667,0.38666666666666666,0.9998918334234721,0.6502222222222221,0.7402222222222223
1958,St. Louis,Median Income,tract,9832,Feat\&PC-RGNN,8,0.9395348837209302,0.3333333333333333,0.4266666666666667,0.9972147106544078,0.6317777777777778,0.7508888888888888
1959,St. Louis,Median Income,tract,9832,Feat\&PC-RGNN,9,0.9953488372093023,0.32,0.29333333333333333,1.0,0.6431111111111111,0.6122222222222222
1960,St. Louis,Median Income,tract,9832,LightGCN,0,0.8790697674418605,0.4266666666666667,0.4533333333333333,0.9912655489453759,0.7262222222222223,0.7295555555555555
1961,St. Louis,Median Income,tract,9832,LightGCN,1,0.9674418604651163,0.4,0.44,0.997863710113575,0.7306666666666667,0.7386666666666667
1962,St. Louis,Median Income,tract,9832,LightGCN,2,0.8976744186046511,0.4266666666666667,0.44,0.9877771768523524,0.6891111111111112,0.7464444444444445
1963,St. Louis,Median Income,tract,9832,LightGCN,3,0.8651162790697674,0.5333333333333333,0.44,0.988101676581936,0.7613333333333333,0.7062222222222221
1964,St. Louis,Median Income,tract,9832,LightGCN,4,0.9488372093023256,0.37333333333333335,0.41333333333333333,0.99697133585722,0.6991111111111111,0.7120000000000001
1965,St. Louis,Median Income,tract,9832,LightGCN,5,0.9255813953488372,0.36,0.37333333333333335,0.9960789616008652,0.6853333333333333,0.7097777777777778
1966,St. Louis,Median Income,tract,9832,LightGCN,6,0.9255813953488372,0.4533333333333333,0.3466666666666667,0.9930773391022173,0.7702222222222223,0.7108888888888888
1967,St. Louis,Median Income,tract,9832,LightGCN,7,0.9906976744186047,0.4266666666666667,0.4266666666666667,0.999188750676041,0.7104444444444444,0.7297777777777779
1968,St. Louis,Median Income,tract,9832,LightGCN,8,0.9069767441860465,0.4266666666666667,0.36,0.9907787993510005,0.708,0.7331111111111112
1969,St. Louis,Median Income,tract,9832,LightGCN,9,0.9255813953488372,0.3466666666666667,0.3466666666666667,0.9981070849107626,0.727111111111111,0.6873333333333334
1970,St. Louis,Median Income,tract,9832,Feat-LightGCN,0,1.0,0.44,0.4666666666666667,1.0,0.7513333333333334,0.7331111111111112
1971,St. Louis,Median Income,tract,9832,Feat-LightGCN,1,1.0,0.5333333333333333,0.44,1.0,0.8031111111111111,0.7195555555555556
1972,St. Louis,Median Income,tract,9832,Feat-LightGCN,2,1.0,0.3466666666666667,0.3466666666666667,1.0,0.6828888888888888,0.7511111111111111
1973,St. Louis,Median Income,tract,9832,Feat-LightGCN,3,1.0,0.4533333333333333,0.41333333333333333,1.0,0.7577777777777778,0.7477777777777779
1974,St. Louis,Median Income,tract,9832,Feat-LightGCN,4,1.0,0.4266666666666667,0.4,1.0,0.7406666666666666,0.7171111111111113
1975,St. Louis,Median Income,tract,9832,Feat-LightGCN,5,1.0,0.36,0.41333333333333333,1.0,0.6628888888888889,0.6895555555555556
1976,St. Louis,Median Income,tract,9832,Feat-LightGCN,6,1.0,0.49333333333333335,0.28,1.0,0.7886666666666666,0.6675555555555557
1977,St. Louis,Median Income,tract,9832,Feat-LightGCN,7,1.0,0.37333333333333335,0.41333333333333333,1.0,0.6853333333333333,0.6837777777777778
1978,St. Louis,Median Income,tract,9832,Feat-LightGCN,8,1.0,0.4533333333333333,0.48,1.0,0.7435555555555556,0.7702222222222221
1979,St. Louis,Median Income,tract,9832,Feat-LightGCN,9,1.0,0.29333333333333333,0.3466666666666667,1.0,0.654,0.6854444444444444
1980,St. Louis,Median Income,tract,9832,Feat\&PC-LightGCN,0,0.9953488372093023,0.3466666666666667,0.4,1.0,0.6775555555555556,0.6871111111111111
1981,St. Louis,Median Income,tract,9832,Feat\&PC-LightGCN,1,1.0,0.44,0.4533333333333333,1.0,0.7582222222222222,0.7572222222222222
1982,St. Louis,Median Income,tract,9832,Feat\&PC-LightGCN,2,1.0,0.29333333333333333,0.37333333333333335,1.0,0.6843333333333333,0.704
1983,St. Louis,Median Income,tract,9832,Feat\&PC-LightGCN,3,1.0,0.4666666666666667,0.38666666666666666,1.0,0.7662222222222222,0.7325555555555556
1984,St. Louis,Median Income,tract,9832,Feat\&PC-LightGCN,4,1.0,0.3466666666666667,0.4533333333333333,1.0,0.7096666666666666,0.7492222222222222
1985,St. Louis,Median Income,tract,9832,Feat\&PC-LightGCN,5,1.0,0.41333333333333333,0.48,1.0,0.6904444444444444,0.7538888888888888
1986,St. Louis,Median Income,tract,9832,Feat\&PC-LightGCN,6,1.0,0.5066666666666667,0.28,1.0,0.7962222222222222,0.6687777777777778
1987,St. Louis,Median Income,tract,9832,Feat\&PC-LightGCN,7,1.0,0.37333333333333335,0.4,1.0,0.6953333333333334,0.6793333333333333
1988,St. Louis,Median Income,tract,9832,Feat\&PC-LightGCN,8,1.0,0.38666666666666666,0.5066666666666667,1.0,0.6557777777777778,0.7463333333333333
1989,St. Louis,Median Income,tract,9832,Feat\&PC-LightGCN,9,1.0,0.30666666666666664,0.44,1.0,0.6787777777777777,0.7282222222222223
1990,St. Louis,Median Income,tract,9832,NoPreTrain,0,1.0,0.24,0.26666666666666666,1.0,0.5415555555555556,0.578
1991,St. Louis,Median Income,tract,9832,NoPreTrain,1,1.0,0.29333333333333333,0.3466666666666667,1.0,0.6064444444444445,0.5975555555555555
1992,St. Louis,Median Income,tract,9832,NoPreTrain,2,1.0,0.21333333333333335,0.25333333333333335,1.0,0.5004444444444445,0.546
1993,St. Louis,Median Income,tract,9832,NoPreTrain,3,1.0,0.24,0.24,1.0,0.5688888888888888,0.588
1994,St. Louis,Median Income,tract,9832,NoPreTrain,4,1.0,0.2,0.3466666666666667,1.0,0.5735555555555555,0.6722222222222223
1995,St. Louis,Median Income,tract,9832,NoPreTrain,5,1.0,0.22666666666666666,0.32,1.0,0.5926666666666667,0.6391111111111111
1996,St. Louis,Median Income,tract,9832,NoPreTrain,6,1.0,0.28,0.28,1.0,0.5953333333333333,0.6066666666666667
1997,St. Louis,Median Income,tract,9832,NoPreTrain,7,1.0,0.17333333333333334,0.21333333333333335,1.0,0.5868888888888889,0.5815555555555555
1998,St. Louis,Median Income,tract,9832,NoPreTrain,8,1.0,0.18666666666666668,0.2,1.0,0.5146666666666667,0.5095555555555557
1999,St. Louis,Median Income,tract,9832,NoPreTrain,9,1.0,0.3333333333333333,0.3333333333333333,1.0,0.661,0.6262222222222222
2000,St. Louis,Median Home Value,tract,9817,Emb,0,1.0,0.2972972972972973,0.3466666666666667,1.0,0.6551452784503631,0.6926666666666665
2001,St. Louis,Median Home Value,tract,9817,Emb,1,1.0,0.2702702702702703,0.3333333333333333,1.0,0.621864406779661,0.6873333333333334
2002,St. Louis,Median Home Value,tract,9817,Emb,2,1.0,0.35135135135135137,0.32,1.0,0.6466061339790153,0.6235555555555556
2003,St. Louis,Median Home Value,tract,9817,Emb,3,1.0,0.3783783783783784,0.4266666666666667,1.0,0.6694350282485877,0.7684444444444445
2004,St. Louis,Median Home Value,tract,9817,Emb,4,1.0,0.3108108108108108,0.5066666666666667,1.0,0.6397457627118645,0.7755555555555557
2005,St. Louis,Median Home Value,tract,9817,Emb,5,1.0,0.40540540540540543,0.38666666666666666,1.0,0.6962913640032284,0.6722222222222223
2006,St. Louis,Median Home Value,tract,9817,Emb,6,1.0,0.3783783783783784,0.38666666666666666,1.0,0.657768361581921,0.7051111111111111
2007,St. Louis,Median Home Value,tract,9817,Emb,7,1.0,0.4594594594594595,0.3333333333333333,1.0,0.6989628732849071,0.6397777777777778
2008,St. Louis,Median Home Value,tract,9817,Emb,8,1.0,0.3918918918918919,0.41333333333333333,1.0,0.6528732849071832,0.7357777777777778
2009,St. Louis,Median Home Value,tract,9817,Emb,9,1.0,0.32432432432432434,0.4266666666666667,1.0,0.6869410815173528,0.6839999999999999
2010,St. Louis,Median Home Value,tract,9817,RGNN,0,0.9302325581395349,0.36486486486486486,0.38666666666666666,0.9947809626825311,0.6982728006456821,0.7022222222222222
2011,St. Louis,Median Home Value,tract,9817,RGNN,1,0.9162790697674419,0.33783783783783783,0.4,0.9930773391022175,0.7012146892655368,0.7460000000000001
2012,St. Louis,Median Home Value,tract,9817,RGNN,2,0.9302325581395349,0.36486486486486486,0.32,0.9931855056787452,0.6710088781275222,0.6644444444444444
2013,St. Louis,Median Home Value,tract,9817,RGNN,3,0.7953488372093023,0.47297297297297297,0.44,0.9677393185505678,0.738139628732849,0.7842222222222223
2014,St. Louis,Median Home Value,tract,9817,RGNN,4,0.9674418604651163,0.3918918918918919,0.44,0.9993780421849647,0.7298950766747376,0.7602222222222222
2015,St. Louis,Median Home Value,tract,9817,RGNN,5,0.9116279069767442,0.40540540540540543,0.38666666666666666,0.9893996755002705,0.6918442292171105,0.7353333333333334
2016,St. Louis,Median Home Value,tract,9817,RGNN,6,0.8930232558139535,0.43243243243243246,0.48,0.9908328826392644,0.7424737691686845,0.7806666666666666
2017,St. Louis,Median Home Value,tract,9817,RGNN,7,0.9674418604651163,0.43243243243243246,0.4,0.9986479177934019,0.7367150928167876,0.7195555555555556
2018,St. Louis,Median Home Value,tract,9817,RGNN,8,0.9720930232558139,0.36486486486486486,0.48,0.9996755002704164,0.6642413236481033,0.7382222222222222
2019,St. Louis,Median Home Value,tract,9817,RGNN,9,0.9255813953488372,0.44594594594594594,0.41333333333333333,0.9936181719848566,0.7373607748184019,0.7611111111111111
2020,St. Louis,Median Home Value,tract,9817,Feat-RGNN,0,0.9488372093023256,0.40540540540540543,0.44,0.9961330448891292,0.7322598870056497,0.7364444444444445
2021,St. Louis,Median Home Value,tract,9817,Feat-RGNN,1,0.9674418604651163,0.3918918918918919,0.4533333333333333,0.997701460248783,0.6965819209039548,0.766
2022,St. Louis,Median Home Value,tract,9817,Feat-RGNN,2,0.9302325581395349,0.33783783783783783,0.32,0.9956733369388859,0.7064326069410815,0.7086666666666667
2023,St. Louis,Median Home Value,tract,9817,Feat-RGNN,3,0.8697674418604651,0.4189189189189189,0.5333333333333333,0.9858842617631153,0.7116747376916868,0.7873333333333333
2024,St. Louis,Median Home Value,tract,9817,Feat-RGNN,4,0.9162790697674419,0.40540540540540543,0.5466666666666666,0.9932125473228772,0.7012752219531881,0.7624444444444445
2025,St. Louis,Median Home Value,tract,9817,Feat-RGNN,5,0.8558139534883721,0.2972972972972973,0.4,0.9876419686316928,0.6479136400322841,0.7308888888888888
2026,St. Louis,Median Home Value,tract,9817,Feat-RGNN,6,0.7348837209302326,0.4594594594594595,0.38666666666666666,0.9656841535965386,0.7539911218724777,0.7171111111111113
2027,St. Louis,Median Home Value,tract,9817,Feat-RGNN,7,0.6511627906976745,0.40540540540540543,0.3466666666666667,0.9381287182260681,0.7598870056497175,0.6819999999999999
2028,St. Louis,Median Home Value,tract,9817,Feat-RGNN,8,0.8,0.32432432432432434,0.38666666666666666,0.9555705786911843,0.6768401937046005,0.7797777777777777
2029,St. Louis,Median Home Value,tract,9817,Feat-RGNN,9,0.8883720930232558,0.5135135135135135,0.44,0.989778258518118,0.7623042776432607,0.7697777777777778
2030,St. Louis,Median Home Value,tract,9817,Feat\&PC-RGNN,0,0.5627906976744186,0.36486486486486486,0.38666666666666666,0.9331530557057871,0.7102542372881355,0.7222222222222222
2031,St. Louis,Median Home Value,tract,9817,Feat\&PC-RGNN,1,0.7348837209302326,0.47297297297297297,0.4,0.9514872904272579,0.7523325262308312,0.7477777777777777
2032,St. Louis,Median Home Value,tract,9817,Feat\&PC-RGNN,2,0.9906976744186047,0.4189189189189189,0.4266666666666667,0.9999729583558681,0.75409200968523,0.718
2033,St. Louis,Median Home Value,tract,9817,Feat\&PC-RGNN,3,0.9302325581395349,0.35135135135135137,0.4666666666666667,0.9915900486749594,0.6982485875706215,0.7824444444444445
2034,St. Louis,Median Home Value,tract,9817,Feat\&PC-RGNN,4,1.0,0.44594594594594594,0.37333333333333335,1.0,0.7522074253430185,0.7313333333333334
2035,St. Louis,Median Home Value,tract,9817,Feat\&PC-RGNN,5,0.8465116279069768,0.4594594594594595,0.4533333333333333,0.9816928069226609,0.7207627118644069,0.8039999999999999
2036,St. Louis,Median Home Value,tract,9817,Feat\&PC-RGNN,6,0.9906976744186047,0.47297297297297297,0.5066666666666667,0.9993239588967009,0.796501210653753,0.7797777777777778
2037,St. Louis,Median Home Value,tract,9817,Feat\&PC-RGNN,7,0.9674418604651163,0.527027027027027,0.5066666666666667,0.9982152514872904,0.8014285714285714,0.7602222222222222
2038,St. Louis,Median Home Value,tract,9817,Feat\&PC-RGNN,8,0.9395348837209302,0.3918918918918919,0.48,0.9951054624121145,0.7490879741727199,0.8088888888888889
2039,St. Louis,Median Home Value,tract,9817,Feat\&PC-RGNN,9,0.9906976744186047,0.43243243243243246,0.4666666666666667,0.9998107084910763,0.7746489104116223,0.7908888888888888
2040,St. Louis,Median Home Value,tract,9817,LightGCN,0,0.8976744186046511,0.3918918918918919,0.4266666666666667,0.9886695511087075,0.7574414850686038,0.7502222222222222
2041,St. Louis,Median Home Value,tract,9817,LightGCN,1,0.9441860465116279,0.5135135135135135,0.5466666666666666,0.9954570037858301,0.817679580306699,0.8484444444444443
2042,St. Louis,Median Home Value,tract,9817,LightGCN,2,0.9720930232558139,0.4864864864864865,0.41333333333333333,0.9995943753380205,0.8079701372074253,0.7675555555555557
2043,St. Louis,Median Home Value,tract,9817,LightGCN,3,0.958139534883721,0.47297297297297297,0.5066666666666667,0.9981611681990264,0.7798547215496369,0.8164444444444443
2044,St. Louis,Median Home Value,tract,9817,LightGCN,4,0.8604651162790697,0.47297297297297297,0.5333333333333333,0.9830178474851271,0.7780952380952382,0.8271111111111111
2045,St. Louis,Median Home Value,tract,9817,LightGCN,5,0.8790697674418605,0.4864864864864865,0.4266666666666667,0.9888318009734991,0.7657384987893463,0.7840000000000001
2046,St. Louis,Median Home Value,tract,9817,LightGCN,6,0.9627906976744186,0.47297297297297297,0.44,0.9986479177934019,0.8124979822437449,0.812
2047,St. Louis,Median Home Value,tract,9817,LightGCN,7,0.9767441860465116,0.4864864864864865,0.4,0.9997836668469443,0.8027966101694914,0.6877777777777778
2048,St. Louis,Median Home Value,tract,9817,LightGCN,8,0.9813953488372092,0.3918918918918919,0.5866666666666667,0.999161709031909,0.7488579499596449,0.8506666666666666
2049,St. Louis,Median Home Value,tract,9817,LightGCN,9,0.986046511627907,0.44594594594594594,0.5066666666666667,0.9992969172525689,0.8167150928167878,0.8131111111111112
2050,St. Louis,Median Home Value,tract,9817,Feat-LightGCN,0,1.0,0.4864864864864865,0.4666666666666667,1.0,0.8034301856335754,0.7784444444444445
2051,St. Louis,Median Home Value,tract,9817,Feat-LightGCN,1,1.0,0.47297297297297297,0.49333333333333335,1.0,0.800952380952381,0.8213333333333332
2052,St. Louis,Median Home Value,tract,9817,Feat-LightGCN,2,1.0,0.47297297297297297,0.41333333333333333,1.0,0.7670460048426151,0.7448888888888889
2053,St. Louis,Median Home Value,tract,9817,Feat-LightGCN,3,1.0,0.47297297297297297,0.4533333333333333,1.0,0.8087853107344631,0.7977777777777777
2054,St. Louis,Median Home Value,tract,9817,Feat-LightGCN,4,1.0,0.43243243243243246,0.49333333333333335,1.0,0.7622881355932203,0.7813333333333332
2055,St. Louis,Median Home Value,tract,9817,Feat-LightGCN,5,1.0,0.44594594594594594,0.48,1.0,0.7435835351089588,0.8013333333333333
2056,St. Louis,Median Home Value,tract,9817,Feat-LightGCN,6,1.0,0.5405405405405406,0.48,1.0,0.8154681194511703,0.8256666666666668
2057,St. Louis,Median Home Value,tract,9817,Feat-LightGCN,7,1.0,0.47297297297297297,0.4266666666666667,1.0,0.7962187247780468,0.7295555555555555
2058,St. Louis,Median Home Value,tract,9817,Feat-LightGCN,8,1.0,0.40540540540540543,0.56,1.0,0.7477643260694109,0.8379999999999999
2059,St. Louis,Median Home Value,tract,9817,Feat-LightGCN,9,1.0,0.40540540540540543,0.48,1.0,0.769184826472962,0.7971111111111111
2060,St. Louis,Median Home Value,tract,9817,Feat\&PC-LightGCN,0,1.0,0.5405405405405406,0.41333333333333333,1.0,0.8250847457627118,0.7948888888888889
2061,St. Louis,Median Home Value,tract,9817,Feat\&PC-LightGCN,1,1.0,0.4594594594594595,0.52,1.0,0.7926049233252623,0.8493333333333334
2062,St. Louis,Median Home Value,tract,9817,Feat\&PC-LightGCN,2,1.0,0.5540540540540541,0.38666666666666666,1.0,0.8230972558514932,0.7443333333333333
2063,St. Louis,Median Home Value,tract,9817,Feat\&PC-LightGCN,3,1.0,0.5,0.52,1.0,0.8074656981436643,0.8011111111111111
2064,St. Louis,Median Home Value,tract,9817,Feat\&PC-LightGCN,4,1.0,0.4864864864864865,0.6133333333333333,1.0,0.7767110573042777,0.8230000000000001
2065,St. Louis,Median Home Value,tract,9817,Feat\&PC-LightGCN,5,1.0,0.4594594594594595,0.48,1.0,0.78136400322841,0.8146666666666667
2066,St. Louis,Median Home Value,tract,9817,Feat\&PC-LightGCN,6,1.0,0.6081081081081081,0.5066666666666667,1.0,0.8182970137207425,0.7924444444444445
2067,St. Louis,Median Home Value,tract,9817,Feat\&PC-LightGCN,7,1.0,0.5675675675675675,0.48,1.0,0.8474979822437451,0.8068888888888889
2068,St. Louis,Median Home Value,tract,9817,Feat\&PC-LightGCN,8,1.0,0.44594594594594594,0.5466666666666666,1.0,0.7634503631961258,0.8637777777777778
2069,St. Louis,Median Home Value,tract,9817,Feat\&PC-LightGCN,9,1.0,0.5,0.5333333333333333,1.0,0.7978208232445521,0.8550000000000001
2070,St. Louis,Median Home Value,tract,9817,NoPreTrain,0,1.0,0.33783783783783783,0.26666666666666666,1.0,0.5976876513317191,0.5468888888888889
2071,St. Louis,Median Home Value,tract,9817,NoPreTrain,1,1.0,0.20270270270270271,0.21333333333333335,1.0,0.47884584342211467,0.5882222222222222
2072,St. Louis,Median Home Value,tract,9817,NoPreTrain,2,1.0,0.2972972972972973,0.26666666666666666,1.0,0.6256295399515739,0.5328888888888889
2073,St. Louis,Median Home Value,tract,9817,NoPreTrain,3,1.0,0.25675675675675674,0.29333333333333333,1.0,0.6202098466505246,0.6559999999999999
2074,St. Louis,Median Home Value,tract,9817,NoPreTrain,4,1.0,0.2702702702702703,0.28,1.0,0.6143987086359968,0.6196666666666667
2075,St. Louis,Median Home Value,tract,9817,NoPreTrain,5,1.0,0.33783783783783783,0.2,1.0,0.5947134786117836,0.5213333333333333
2076,St. Louis,Median Home Value,tract,9817,NoPreTrain,6,1.0,0.2972972972972973,0.21333333333333335,1.0,0.6642251815980629,0.5831111111111111
2077,St. Louis,Median Home Value,tract,9817,NoPreTrain,7,1.0,0.44594594594594594,0.26666666666666666,1.0,0.6889346246973366,0.6066666666666667
2078,St. Louis,Median Home Value,tract,9817,NoPreTrain,8,0.9953488372093023,0.20270270270270271,0.28,1.0,0.5485310734463276,0.6137777777777779
2079,St. Louis,Median Home Value,tract,9817,NoPreTrain,9,1.0,0.40540540540540543,0.36,1.0,0.7047941888619855,0.6748888888888889
2080,St. Louis,Commute Time,tract,6714,Emb,0,1.0,0.32,0.22,1.0,0.6532500000000001,0.59275
2081,St. Louis,Commute Time,tract,6714,Emb,1,1.0,0.24,0.16,1.0,0.5539999999999999,0.5095
2082,St. Louis,Commute Time,tract,6714,Emb,2,1.0,0.32,0.28,1.0,0.5485,0.59825
2083,St. Louis,Commute Time,tract,6714,Emb,3,1.0,0.1,0.2,1.0,0.484,0.5355000000000001
2084,St. Louis,Commute Time,tract,6714,Emb,4,1.0,0.34,0.28,1.0,0.5940000000000001,0.6355000000000001
2085,St. Louis,Commute Time,tract,6714,Emb,5,1.0,0.16,0.32,1.0,0.5285,0.5940000000000001
2086,St. Louis,Commute Time,tract,6714,Emb,6,1.0,0.26,0.32,1.0,0.6054999999999999,0.617
2087,St. Louis,Commute Time,tract,6714,Emb,7,1.0,0.26,0.26,1.0,0.61,0.5710000000000001
2088,St. Louis,Commute Time,tract,6714,Emb,8,1.0,0.26,0.3,1.0,0.569,0.6180000000000001
2089,St. Louis,Commute Time,tract,6714,Emb,9,1.0,0.26,0.22,1.0,0.5824999999999999,0.531
2090,St. Louis,Commute Time,tract,6714,RGNN,0,0.9929078014184397,0.28,0.22,0.999936788874842,0.5985000000000001,0.5495
2091,St. Louis,Commute Time,tract,6714,RGNN,1,0.7659574468085106,0.22,0.32,0.9903543092549805,0.5895,0.5754999999999999
2092,St. Louis,Commute Time,tract,6714,RGNN,2,0.9645390070921985,0.2,0.26,0.9970323466585291,0.5675,0.63
2093,St. Louis,Commute Time,tract,6714,RGNN,3,1.0,0.32,0.26,1.0,0.5984999999999999,0.592
2094,St. Louis,Commute Time,tract,6714,RGNN,4,0.8156028368794326,0.22,0.3,0.9805832861066307,0.5359999999999999,0.5965
2095,St. Louis,Commute Time,tract,6714,RGNN,5,0.8794326241134752,0.28,0.3,0.9951327433628319,0.5924999999999999,0.5745
2096,St. Louis,Commute Time,tract,6714,RGNN,6,0.950354609929078,0.38,0.2,0.9959092593399888,0.603,0.57
2097,St. Louis,Commute Time,tract,6714,RGNN,7,0.9219858156028369,0.28,0.14,0.993559004315794,0.591,0.5095
2098,St. Louis,Commute Time,tract,6714,RGNN,8,0.9361702127659575,0.22,0.38,0.9948848031736345,0.52,0.6715
2099,St. Louis,Commute Time,tract,6714,RGNN,9,0.9787234042553191,0.26,0.3,0.9994943109987358,0.6065,0.5879999999999999
2100,St. Louis,Commute Time,tract,6714,Feat-RGNN,0,0.723404255319149,0.16,0.32,0.9453855878634639,0.536,0.6075
2101,St. Louis,Commute Time,tract,6714,Feat-RGNN,1,0.8085106382978723,0.3,0.2,0.9876318714852435,0.5935,0.5970000000000001
2102,St. Louis,Commute Time,tract,6714,Feat-RGNN,2,0.8226950354609929,0.22,0.18,0.9945660229303807,0.539,0.48200000000000004
2103,St. Louis,Commute Time,tract,6714,Feat-RGNN,3,0.9290780141843972,0.24,0.22,0.9948929770260257,0.532,0.546
2104,St. Louis,Commute Time,tract,6714,Feat-RGNN,4,0.900709219858156,0.14,0.32,0.9978006887832948,0.437,0.6540000000000001
2105,St. Louis,Commute Time,tract,6714,Feat-RGNN,5,0.6028368794326241,0.2,0.2,0.9585678320763765,0.5405,0.525
2106,St. Louis,Commute Time,tract,6714,Feat-RGNN,6,0.8865248226950354,0.26,0.24,0.99785736082654,0.5205,0.523
2107,St. Louis,Commute Time,tract,6714,Feat-RGNN,7,0.9219858156028369,0.3,0.18,0.9954553380705349,0.5715,0.5825
2108,St. Louis,Commute Time,tract,6714,Feat-RGNN,8,0.6808510638297872,0.22,0.24,0.9747433410349187,0.513,0.5429999999999999
2109,St. Louis,Commute Time,tract,6714,Feat-RGNN,9,0.9716312056737588,0.28,0.26,0.9988703735995467,0.5995,0.5730000000000001
2110,St. Louis,Commute Time,tract,6714,Feat\&PC-RGNN,0,1.0,0.32,0.22,1.0,0.633,0.516
2111,St. Louis,Commute Time,tract,6714,Feat\&PC-RGNN,1,1.0,0.16,0.32,1.0,0.525,0.6555
2112,St. Louis,Commute Time,tract,6714,Feat\&PC-RGNN,2,0.9645390070921985,0.3,0.18,0.9993063123937398,0.5924999999999999,0.544
2113,St. Louis,Commute Time,tract,6714,Feat\&PC-RGNN,3,0.9858156028368794,0.26,0.22,0.9993177557870876,0.5840000000000001,0.537
2114,St. Louis,Commute Time,tract,6714,Feat\&PC-RGNN,4,0.9929078014184397,0.16,0.34,0.999873577749684,0.5035000000000001,0.685
2115,St. Louis,Commute Time,tract,6714,Feat\&PC-RGNN,5,0.9929078014184397,0.26,0.16,0.999936788874842,0.584,0.541
2116,St. Louis,Commute Time,tract,6714,Feat\&PC-RGNN,6,0.9929078014184397,0.24,0.2,1.0,0.514,0.5625
2117,St. Louis,Commute Time,tract,6714,Feat\&PC-RGNN,7,0.9716312056737588,0.2,0.18,0.9980001307816382,0.553,0.485
2118,St. Louis,Commute Time,tract,6714,Feat\&PC-RGNN,8,0.8226950354609929,0.28,0.32,0.9888699376607525,0.5700000000000001,0.654
2119,St. Louis,Commute Time,tract,6714,Feat\&PC-RGNN,9,0.9078014184397163,0.26,0.32,0.9925498060072366,0.599,0.5565
2120,St. Louis,Commute Time,tract,6714,LightGCN,0,0.9929078014184397,0.3,0.4,0.999873577749684,0.623,0.6325000000000001
2121,St. Louis,Commute Time,tract,6714,LightGCN,1,1.0,0.26,0.3,1.0,0.5715,0.6155
2122,St. Louis,Commute Time,tract,6714,LightGCN,2,0.8368794326241135,0.24,0.3,0.9830016565674178,0.576,0.5665
2123,St. Louis,Commute Time,tract,6714,LightGCN,3,0.9929078014184397,0.2,0.32,1.0,0.5790000000000001,0.6234999999999999
2124,St. Louis,Commute Time,tract,6714,LightGCN,4,0.9929078014184397,0.18,0.32,1.0,0.523,0.662
2125,St. Louis,Commute Time,tract,6714,LightGCN,5,0.9858156028368794,0.24,0.26,0.9993046776232617,0.5945,0.5115000000000001
2126,St. Louis,Commute Time,tract,6714,LightGCN,6,0.9858156028368794,0.26,0.28,0.9998120013950041,0.5635,0.608
2127,St. Louis,Commute Time,tract,6714,LightGCN,7,0.9787234042553191,0.22,0.26,0.9987989886219975,0.571,0.541
2128,St. Louis,Commute Time,tract,6714,LightGCN,8,0.950354609929078,0.28,0.34,0.9929203539823008,0.6105,0.5734999999999999
2129,St. Louis,Commute Time,tract,6714,LightGCN,9,0.9858156028368794,0.26,0.28,0.999936788874842,0.607,0.563
2130,St. Louis,Commute Time,tract,6714,Feat-LightGCN,0,1.0,0.28,0.28,1.0,0.5805,0.5405
2131,St. Louis,Commute Time,tract,6714,Feat-LightGCN,1,1.0,0.14,0.16,1.0,0.40700000000000003,0.5245
2132,St. Louis,Commute Time,tract,6714,Feat-LightGCN,2,1.0,0.2,0.28,1.0,0.52,0.5579999999999999
2133,St. Louis,Commute Time,tract,6714,Feat-LightGCN,3,1.0,0.22,0.26,1.0,0.558,0.5790000000000001
2134,St. Louis,Commute Time,tract,6714,Feat-LightGCN,4,1.0,0.18,0.36,1.0,0.48549999999999993,0.6377499999999999
2135,St. Louis,Commute Time,tract,6714,Feat-LightGCN,5,1.0,0.26,0.12,1.0,0.5935,0.4734999999999999
2136,St. Louis,Commute Time,tract,6714,Feat-LightGCN,6,1.0,0.34,0.3,1.0,0.6375,0.586
2137,St. Louis,Commute Time,tract,6714,Feat-LightGCN,7,1.0,0.34,0.16,1.0,0.6340000000000001,0.5945
2138,St. Louis,Commute Time,tract,6714,Feat-LightGCN,8,1.0,0.26,0.24,1.0,0.5335000000000001,0.5935
2139,St. Louis,Commute Time,tract,6714,Feat-LightGCN,9,1.0,0.3,0.18,1.0,0.5820000000000001,0.5565
2140,St. Louis,Commute Time,tract,6714,Feat\&PC-LightGCN,0,1.0,0.2,0.26,1.0,0.5389999999999999,0.5285
2141,St. Louis,Commute Time,tract,6714,Feat\&PC-LightGCN,1,1.0,0.22,0.2,1.0,0.56025,0.5622499999999999
2142,St. Louis,Commute Time,tract,6714,Feat\&PC-LightGCN,2,1.0,0.12,0.14,1.0,0.45375,0.475
2143,St. Louis,Commute Time,tract,6714,Feat\&PC-LightGCN,3,1.0,0.18,0.32,1.0,0.5455,0.6344999999999998
2144,St. Louis,Commute Time,tract,6714,Feat\&PC-LightGCN,4,1.0,0.18,0.32,1.0,0.53025,0.631
2145,St. Louis,Commute Time,tract,6714,Feat\&PC-LightGCN,5,1.0,0.4,0.32,1.0,0.652,0.558
2146,St. Louis,Commute Time,tract,6714,Feat\&PC-LightGCN,6,1.0,0.28,0.24,1.0,0.536,0.5700000000000001
2147,St. Louis,Commute Time,tract,6714,Feat\&PC-LightGCN,7,1.0,0.26,0.26,1.0,0.5395,0.5165
2148,St. Louis,Commute Time,tract,6714,Feat\&PC-LightGCN,8,1.0,0.3,0.22,1.0,0.5700000000000001,0.517
2149,St. Louis,Commute Time,tract,6714,Feat\&PC-LightGCN,9,1.0,0.22,0.26,1.0,0.5855,0.5585000000000001
2150,St. Louis,Commute Time,tract,6714,NoPreTrain,0,1.0,0.26,0.26,1.0,0.5545,0.5305
2151,St. Louis,Commute Time,tract,6714,NoPreTrain,1,1.0,0.2,0.3,1.0,0.499,0.5435000000000001
2152,St. Louis,Commute Time,tract,6714,NoPreTrain,2,1.0,0.16,0.16,1.0,0.4720000000000001,0.43224999999999997
2153,St. Louis,Commute Time,tract,6714,NoPreTrain,3,1.0,0.12,0.14,1.0,0.48275000000000007,0.493
2154,St. Louis,Commute Time,tract,6714,NoPreTrain,4,1.0,0.3,0.16,1.0,0.5205,0.54
2155,St. Louis,Commute Time,tract,6714,NoPreTrain,5,1.0,0.24,0.18,1.0,0.5265,0.5265000000000001
2156,St. Louis,Commute Time,tract,6714,NoPreTrain,6,1.0,0.1,0.22,1.0,0.516,0.5240000000000001
2157,St. Louis,Commute Time,tract,6714,NoPreTrain,7,1.0,0.18,0.26,1.0,0.5045,0.5015000000000001
2158,St. Louis,Commute Time,tract,6714,NoPreTrain,8,1.0,0.2,0.16,1.0,0.5375,0.473
2159,St. Louis,Commute Time,tract,6714,NoPreTrain,9,1.0,0.22,0.14,1.0,0.50475,0.45050000000000007
2160,St. Louis,Median Age,tract,9835,Emb,0,1.0,0.3194444444444444,0.2236842105263158,1.0,0.5824382796070637,0.5088524590163934
2161,St. Louis,Median Age,tract,9835,Emb,1,1.0,0.16666666666666666,0.32894736842105265,1.0,0.46176504479589775,0.5887875683060109
2162,St. Louis,Median Age,tract,9835,Emb,2,1.0,0.20833333333333334,0.23684210526315788,1.0,0.49452366548555304,0.5195081967213115
2163,St. Louis,Median Age,tract,9835,Emb,3,1.0,0.2777777777777778,0.25,1.0,0.5770521130412238,0.5378927595628415
2164,St. Louis,Median Age,tract,9835,Emb,4,1.0,0.19444444444444445,0.2236842105263158,1.0,0.5427064788407802,0.5094193989071039
2165,St. Louis,Median Age,tract,9835,Emb,5,1.0,0.2361111111111111,0.27631578947368424,1.0,0.5289730072307205,0.5848053278688525
2166,St. Louis,Median Age,tract,9835,Emb,6,1.0,0.2916666666666667,0.25,1.0,0.5766228790366721,0.5398565573770491
2167,St. Louis,Median Age,tract,9835,Emb,7,1.0,0.18055555555555555,0.2236842105263158,1.0,0.5149255322213581,0.5876161202185792
2168,St. Louis,Median Age,tract,9835,Emb,8,1.0,0.2777777777777778,0.27631578947368424,1.0,0.6046486906922479,0.5523155737704918
2169,St. Louis,Median Age,tract,9835,Emb,9,1.0,0.25,0.2236842105263158,1.0,0.5772350416270562,0.556577868852459
2170,St. Louis,Median Age,tract,9835,RGNN,0,0.4954128440366973,0.2361111111111111,0.18421052631578946,0.9696375373965104,0.5914691902169216,0.5951366120218579
2171,St. Louis,Median Age,tract,9835,RGNN,1,0.7064220183486238,0.25,0.3026315789473684,0.9474749784054126,0.5606648805922851,0.5785894808743169
2172,St. Louis,Median Age,tract,9835,RGNN,2,0.9495412844036697,0.25,0.25,0.9972324803059109,0.5604914585313858,0.6009938524590164
2173,St. Louis,Median Age,tract,9835,RGNN,3,0.6376146788990825,0.2916666666666667,0.21052631578947367,0.977659323391579,0.615572840146343,0.5391120218579235
2174,St. Louis,Median Age,tract,9835,RGNN,4,0.8899082568807339,0.2222222222222222,0.2631578947368421,0.9837490970814671,0.5423944919770691,0.5499453551912568
2175,St. Louis,Median Age,tract,9835,RGNN,5,0.9495412844036697,0.2361111111111111,0.2894736842105263,0.9976966352791059,0.5511566272001843,0.581707650273224
2176,St. Louis,Median Age,tract,9835,RGNN,6,0.8623853211009175,0.2638888888888889,0.2236842105263158,0.9842970695082874,0.5752974389997982,0.5520184426229509
2177,St. Louis,Median Age,tract,9835,RGNN,7,0.7431192660550459,0.25,0.32894736842105265,0.972811384590824,0.5566344020971971,0.6428278688524589
2178,St. Louis,Median Age,tract,9835,RGNN,8,0.8761467889908257,0.2916666666666667,0.21052631578947367,0.9812330343552282,0.538262610549362,0.5055703551912568
2179,St. Louis,Median Age,tract,9835,RGNN,9,0.8394495412844036,0.25,0.19736842105263158,0.9842356750730861,0.568052602771296,0.513056693989071
2180,St. Louis,Median Age,tract,9835,Feat-RGNN,0,0.7935779816513762,0.3055555555555556,0.19736842105263158,0.9594080374152292,0.5703255264598277,0.5118203551912568
2181,St. Louis,Median Age,tract,9835,Feat-RGNN,1,0.8348623853211009,0.2638888888888889,0.2894736842105263,0.981149109971297,0.5310920980612449,0.6211441256830602
2182,St. Louis,Median Age,tract,9835,Feat-RGNN,2,0.9036697247706422,0.25,0.23684210526315788,0.9879144479476849,0.5444320571543801,0.5213251366120218
2183,St. Louis,Median Age,tract,9835,Feat-RGNN,3,0.7018348623853211,0.3611111111111111,0.27631578947368424,0.9620232969857584,0.5914421110246881,0.558428961748634
2184,St. Louis,Median Age,tract,9835,Feat-RGNN,4,0.8990825688073395,0.3333333333333333,0.2894736842105263,0.993872818742996,0.6172065220522571,0.5604474043715847
2185,St. Louis,Median Age,tract,9835,Feat-RGNN,5,0.8073394495412844,0.2916666666666667,0.34210526315789475,0.9801796933966245,0.6231092098061246,0.5946482240437158
2186,St. Louis,Median Age,tract,9835,Feat-RGNN,6,0.8394495412844036,0.2361111111111111,0.3157894736842105,0.9865918235026314,0.5167072854550169,0.5915607923497268
2187,St. Louis,Median Age,tract,9835,Feat-RGNN,7,0.8348623853211009,0.2777777777777778,0.2631578947368421,0.9699366979378405,0.565072163166537,0.5898702185792349
2188,St. Louis,Median Age,tract,9835,Feat-RGNN,8,0.7522935779816514,0.2916666666666667,0.25,0.9570364931068991,0.5943329588338662,0.5371516393442624
2189,St. Louis,Median Age,tract,9835,Feat-RGNN,9,0.7293577981651376,0.2361111111111111,0.21052631578947367,0.9774058045843568,0.5848247054417653,0.5260245901639344
2190,St. Louis,Median Age,tract,9835,Feat\&PC-RGNN,0,0.8073394495412844,0.2361111111111111,0.2236842105263158,0.9941764419394141,0.5416221588453893,0.5560860655737704
2191,St. Louis,Median Age,tract,9835,Feat\&PC-RGNN,1,0.8486238532110092,0.2638888888888889,0.18421052631578946,0.9798749283009265,0.5197372742200328,0.5749385245901639
2192,St. Louis,Median Age,tract,9835,Feat\&PC-RGNN,2,0.9495412844036697,0.2638888888888889,0.3026315789473684,0.994775665601146,0.5577587647279117,0.5805293715846995
2193,St. Louis,Median Age,tract,9835,Feat\&PC-RGNN,3,0.9128440366972477,0.3611111111111111,0.27631578947368424,0.9922678138615428,0.6031146832598739,0.6233060109289619
2194,St. Louis,Median Age,tract,9835,Feat\&PC-RGNN,4,0.9954128440366973,0.3194444444444444,0.35526315789473684,1.0,0.6546515714573791,0.6466905737704918
2195,St. Louis,Median Age,tract,9835,Feat\&PC-RGNN,5,0.9724770642201835,0.2916666666666667,0.3157894736842105,0.996944599772231,0.5733532106127387,0.6367622950819674
2196,St. Louis,Median Age,tract,9835,Feat\&PC-RGNN,6,0.8944954128440367,0.2777777777777778,0.18421052631578946,0.9899034817962431,0.586641315933512,0.5584494535519126
2197,St. Louis,Median Age,tract,9835,Feat\&PC-RGNN,7,0.9770642201834863,0.3611111111111111,0.40789473684210525,0.9993278281441341,0.5957888975311842,0.6261577868852458
2198,St. Louis,Median Age,tract,9835,Feat\&PC-RGNN,8,0.7889908256880734,0.2916666666666667,0.25,0.968050981120715,0.5753855904128136,0.586021174863388
2199,St. Louis,Median Age,tract,9835,Feat\&PC-RGNN,9,0.8853211009174312,0.2916666666666667,0.35526315789473684,0.9896954953196048,0.5873030276841529,0.6518510928961748
2200,St. Louis,Median Age,tract,9835,LightGCN,0,0.9541284403669725,0.3611111111111111,0.2894736842105263,0.9974222405725296,0.6255206982974678,0.5996721311475409
2201,St. Louis,Median Age,tract,9835,LightGCN,1,0.9495412844036697,0.2777777777777778,0.3026315789473684,0.9947030532312156,0.5506611355976148,0.6194842896174864
2202,St. Louis,Median Age,tract,9835,LightGCN,2,0.9220183486238532,0.2638888888888889,0.2894736842105263,0.9925868707139376,0.532349263964509,0.5598428961748634
2203,St. Louis,Median Age,tract,9835,LightGCN,3,0.8944954128440367,0.3333333333333333,0.2631578947368421,0.9833253546352081,0.593876069484055,0.5579747267759563
2204,St. Louis,Median Age,tract,9835,LightGCN,4,0.8302752293577982,0.3194444444444444,0.27631578947368424,0.9877187573408504,0.6544723878662173,0.5899760928961749
2205,St. Louis,Median Age,tract,9835,LightGCN,5,0.9495412844036697,0.2916666666666667,0.2894736842105263,0.9974966664901468,0.6222559271742576,0.6072472677595628
2206,St. Louis,Median Age,tract,9835,LightGCN,6,0.8669724770642202,0.3472222222222222,0.2631578947368421,0.98864304345861,0.6143966237432662,0.5845525956284153
2207,St. Louis,Median Age,tract,9835,LightGCN,7,0.8853211009174312,0.2361111111111111,0.3684210526315789,0.9864371065037485,0.5699706161956616,0.6492213114754098
2208,St. Louis,Median Age,tract,9835,LightGCN,8,0.9357798165137615,0.3055555555555556,0.2631578947368421,0.9927300303652972,0.5910704923227609,0.5893989071038251
2209,St. Louis,Median Age,tract,9835,LightGCN,9,0.9587155963302753,0.3333333333333333,0.2894736842105263,0.9976050803388483,0.5972609685132371,0.5776263661202187
2210,St. Louis,Median Age,tract,9835,Feat-LightGCN,0,1.0,0.3611111111111111,0.3026315789473684,1.0,0.6287699132889696,0.6043613387978143
2211,St. Louis,Median Age,tract,9835,Feat-LightGCN,1,1.0,0.2916666666666667,0.35526315789473684,1.0,0.5391815746262207,0.5980430327868852
2212,St. Louis,Median Age,tract,9835,Feat-LightGCN,2,1.0,0.25,0.25,1.0,0.5824054388845677,0.5772609289617486
2213,St. Louis,Median Age,tract,9835,Feat-LightGCN,3,1.0,0.25,0.35526315789473684,1.0,0.5804960677555959,0.592964480874317
2214,St. Louis,Median Age,tract,9835,Feat-LightGCN,4,1.0,0.2777777777777778,0.25,1.0,0.5432696684239333,0.543002049180328
2215,St. Louis,Median Age,tract,9835,Feat-LightGCN,5,1.0,0.2222222222222222,0.3026315789473684,1.0,0.5876250972258232,0.6062124316939891
2216,St. Louis,Median Age,tract,9835,Feat-LightGCN,6,1.0,0.2638888888888889,0.2894736842105263,1.0,0.5713245758073343,0.5918784153005465
2217,St. Louis,Median Age,tract,9835,Feat-LightGCN,7,1.0,0.3333333333333333,0.3815789473684211,1.0,0.5939792008757526,0.6312875683060108
2218,St. Louis,Median Age,tract,9835,Feat-LightGCN,8,1.0,0.3055555555555556,0.25,1.0,0.5963434448189439,0.6046004098360656
2219,St. Louis,Median Age,tract,9835,Feat-LightGCN,9,1.0,0.3194444444444444,0.25,1.0,0.6015420735747415,0.5536202185792349
2220,St. Louis,Median Age,tract,9835,Feat\&PC-LightGCN,0,1.0,0.3194444444444444,0.3157894736842105,1.0,0.5856807248005069,0.6098633879781421
2221,St. Louis,Median Age,tract,9835,Feat\&PC-LightGCN,1,1.0,0.2777777777777778,0.34210526315789475,1.0,0.5979906663209749,0.640411543715847
2222,St. Louis,Median Age,tract,9835,Feat\&PC-LightGCN,2,1.0,0.2777777777777778,0.27631578947368424,1.0,0.5972333131679773,0.5598258196721312
2223,St. Louis,Median Age,tract,9835,Feat\&PC-LightGCN,3,1.0,0.3055555555555556,0.25,1.0,0.640374643505315,0.5459050546448088
2224,St. Louis,Median Age,tract,9835,Feat\&PC-LightGCN,4,1.0,0.3333333333333333,0.25,1.0,0.6489493849566446,0.5869364754098361
2225,St. Louis,Median Age,tract,9835,Feat\&PC-LightGCN,5,1.0,0.2638888888888889,0.2631578947368421,1.0,0.5789891395154553,0.6075478142076502
2226,St. Louis,Median Age,tract,9835,Feat\&PC-LightGCN,6,0.9954128440366973,0.2638888888888889,0.3157894736842105,1.0,0.5654175669057702,0.6165607923497267
2227,St. Louis,Median Age,tract,9835,Feat\&PC-LightGCN,7,1.0,0.3611111111111111,0.35526315789473684,1.0,0.5840493475066977,0.6501912568306011
2228,St. Louis,Median Age,tract,9835,Feat\&PC-LightGCN,8,1.0,0.3055555555555556,0.25,1.0,0.5586484890386887,0.5693340163934426
2229,St. Louis,Median Age,tract,9835,Feat\&PC-LightGCN,9,1.0,0.2222222222222222,0.25,1.0,0.532564169043298,0.5789719945355192
2230,St. Louis,Median Age,tract,9835,NoPreTrain,0,1.0,0.25,0.13157894736842105,1.0,0.5545567942845621,0.46004439890710386
2231,St. Louis,Median Age,tract,9835,NoPreTrain,1,1.0,0.19444444444444445,0.2236842105263158,1.0,0.5262760349148733,0.5296004098360656
2232,St. Louis,Median Age,tract,9835,NoPreTrain,2,1.0,0.18055555555555555,0.27631578947368424,1.0,0.5290254371561087,0.5259460382513661
2233,St. Louis,Median Age,tract,9835,NoPreTrain,3,1.0,0.2222222222222222,0.23684210526315788,1.0,0.5502558119436521,0.5334836065573769
2234,St. Louis,Median Age,tract,9835,NoPreTrain,4,1.0,0.2361111111111111,0.2236842105263158,1.0,0.5216486618845966,0.5337568306010928
2235,St. Louis,Median Age,tract,9835,NoPreTrain,5,1.0,0.2361111111111111,0.19736842105263158,1.0,0.5087068245325959,0.4672438524590164
2236,St. Louis,Median Age,tract,9835,NoPreTrain,6,1.0,0.3333333333333333,0.15789473684210525,1.0,0.6066853916400196,0.41439549180327867
2237,St. Louis,Median Age,tract,9835,NoPreTrain,7,1.0,0.2361111111111111,0.18421052631578946,1.0,0.4717025321925504,0.5210040983606558
2238,St. Louis,Median Age,tract,9835,NoPreTrain,8,1.0,0.1111111111111111,0.27631578947368424,1.0,0.43201451905626137,0.5466120218579236
2239,St. Louis,Median Age,tract,9835,NoPreTrain,9,1.0,0.18055555555555555,0.23684210526315788,1.0,0.47225275833261315,0.5341137295081967
2240,Indianapolis,Median Income,tract,6800,Emb,0,1.0,0.3333333333333333,0.32,1.0,0.6129629629629629,0.6525
2241,Indianapolis,Median Income,tract,6800,Emb,1,1.0,0.2222222222222222,0.32,1.0,0.537037037037037,0.6715000000000001
2242,Indianapolis,Median Income,tract,6800,Emb,2,1.0,0.3111111111111111,0.44,1.0,0.611111111111111,0.67675
2243,Indianapolis,Median Income,tract,6800,Emb,3,1.0,0.4222222222222222,0.26,1.0,0.6839506172839507,0.5349999999999999
2244,Indianapolis,Median Income,tract,6800,Emb,4,1.0,0.3111111111111111,0.34,1.0,0.5716049382716049,0.6475
2245,Indianapolis,Median Income,tract,6800,Emb,5,1.0,0.3111111111111111,0.24,1.0,0.6864197530864197,0.5365
2246,Indianapolis,Median Income,tract,6800,Emb,6,1.0,0.3333333333333333,0.22,1.0,0.6469135802469135,0.583
2247,Indianapolis,Median Income,tract,6800,Emb,7,1.0,0.3111111111111111,0.4,1.0,0.5932098765432099,0.664
2248,Indianapolis,Median Income,tract,6800,Emb,8,1.0,0.4,0.3,1.0,0.69320987654321,0.591
2249,Indianapolis,Median Income,tract,6800,Emb,9,1.0,0.4222222222222222,0.3,1.0,0.6586419753086419,0.61025
2250,Indianapolis,Median Income,tract,6800,RGNN,0,0.9926470588235294,0.28888888888888886,0.28,0.9999320421338769,0.5561728395061729,0.655
2251,Indianapolis,Median Income,tract,6800,RGNN,1,0.9705882352941176,0.37777777777777777,0.28,0.9974855589534488,0.6370370370370371,0.625
2252,Indianapolis,Median Income,tract,6800,RGNN,2,0.9852941176470589,0.35555555555555557,0.28,0.999184505606524,0.6648148148148149,0.629
2253,Indianapolis,Median Income,tract,6800,RGNN,3,1.0,0.4222222222222222,0.38,1.0,0.674074074074074,0.693
2254,Indianapolis,Median Income,tract,6800,RGNN,4,1.0,0.3111111111111111,0.34,1.0,0.5771604938271605,0.642
2255,Indianapolis,Median Income,tract,6800,RGNN,5,0.9779411764705882,0.4666666666666667,0.4,0.9996638512693558,0.7469135802469136,0.7025
2256,Indianapolis,Median Income,tract,6800,RGNN,6,0.9852941176470589,0.35555555555555557,0.34,1.0,0.6888888888888889,0.6754999999999999
2257,Indianapolis,Median Income,tract,6800,RGNN,7,0.9779411764705882,0.3333333333333333,0.46,0.9995922528032619,0.6530864197530863,0.712
2258,Indianapolis,Median Income,tract,6800,RGNN,8,1.0,0.4222222222222222,0.26,1.0,0.7024691358024692,0.5654999999999999
2259,Indianapolis,Median Income,tract,6800,RGNN,9,1.0,0.4,0.32,1.0,0.7037037037037037,0.6275000000000001
2260,Indianapolis,Median Income,tract,6800,Feat-RGNN,0,0.9705882352941176,0.4,0.5,0.9989806320081549,0.662962962962963,0.7769999999999999
2261,Indianapolis,Median Income,tract,6800,Feat-RGNN,1,1.0,0.26666666666666666,0.46,1.0,0.5512345679012346,0.779
2262,Indianapolis,Median Income,tract,6800,Feat-RGNN,2,1.0,0.3333333333333333,0.42,1.0,0.6265432098765432,0.6910000000000001
2263,Indianapolis,Median Income,tract,6800,Feat-RGNN,3,0.8823529411764706,0.35555555555555557,0.34,0.9953254696373962,0.6697530864197531,0.6565000000000001
2264,Indianapolis,Median Income,tract,6800,Feat-RGNN,4,0.9705882352941176,0.3333333333333333,0.48,0.9996602106693849,0.6666666666666667,0.7180000000000001
2265,Indianapolis,Median Income,tract,6800,Feat-RGNN,5,0.9852941176470589,0.37777777777777777,0.38,0.999864084267754,0.6382716049382716,0.6875
2266,Indianapolis,Median Income,tract,6800,Feat-RGNN,6,0.9779411764705882,0.26666666666666666,0.26,0.9995242949371391,0.6462962962962963,0.6255
2267,Indianapolis,Median Income,tract,6800,Feat-RGNN,7,0.9632352941176471,0.26666666666666666,0.52,0.9993204213387699,0.5611111111111111,0.7295
2268,Indianapolis,Median Income,tract,6800,Feat-RGNN,8,0.9558823529411765,0.4222222222222222,0.28,0.9961021309645164,0.7098765432098764,0.6445000000000001
2269,Indianapolis,Median Income,tract,6800,Feat-RGNN,9,0.9117647058823529,0.3111111111111111,0.38,0.9952429493713897,0.6364197530864197,0.6635000000000001
2270,Indianapolis,Median Income,tract,6800,Feat\&PC-RGNN,0,1.0,0.2,0.42,1.0,0.5993827160493826,0.709
2271,Indianapolis,Median Income,tract,6800,Feat\&PC-RGNN,1,0.9852941176470589,0.3333333333333333,0.3,0.9994636182709578,0.6197530864197531,0.673
2272,Indianapolis,Median Income,tract,6800,Feat\&PC-RGNN,2,0.9852941176470589,0.37777777777777777,0.3,0.9999320421338769,0.7086419753086419,0.6755
2273,Indianapolis,Median Income,tract,6800,Feat\&PC-RGNN,3,1.0,0.37777777777777777,0.36,1.0,0.6950617283950618,0.663
2274,Indianapolis,Median Income,tract,6800,Feat\&PC-RGNN,4,1.0,0.4,0.22,1.0,0.6635802469135802,0.6420000000000001
2275,Indianapolis,Median Income,tract,6800,Feat\&PC-RGNN,5,0.6985294117647058,0.4222222222222222,0.26,0.9251868841318382,0.7098765432098766,0.631
2276,Indianapolis,Median Income,tract,6800,Feat\&PC-RGNN,6,1.0,0.3333333333333333,0.28,1.0,0.6487654320987655,0.6605000000000001
2277,Indianapolis,Median Income,tract,6800,Feat\&PC-RGNN,7,0.4264705882352941,0.2222222222222222,0.28,0.8660234940051452,0.6314814814814815,0.6755000000000001
2278,Indianapolis,Median Income,tract,6800,Feat\&PC-RGNN,8,0.9338235294117647,0.3111111111111111,0.26,0.9966057472938207,0.6290123456790123,0.5995
2279,Indianapolis,Median Income,tract,6800,Feat\&PC-RGNN,9,0.9264705882352942,0.4888888888888889,0.38,0.9932606426872482,0.7320987654320987,0.683
2280,Indianapolis,Median Income,tract,6800,LightGCN,0,0.9779411764705882,0.37777777777777777,0.54,0.9996638512693558,0.6808641975308642,0.776
2281,Indianapolis,Median Income,tract,6800,LightGCN,1,0.9485294117647058,0.26666666666666666,0.36,0.9985140284452211,0.6512345679012346,0.682
2282,Indianapolis,Median Income,tract,6800,LightGCN,2,0.9705882352941176,0.4666666666666667,0.36,0.999388379204893,0.7469135802469136,0.7030000000000001
2283,Indianapolis,Median Income,tract,6800,LightGCN,3,1.0,0.4222222222222222,0.42,1.0,0.7425925925925926,0.7255
2284,Indianapolis,Median Income,tract,6800,LightGCN,4,0.9926470588235294,0.3333333333333333,0.38,1.0,0.6555555555555556,0.6864999999999999
2285,Indianapolis,Median Income,tract,6800,LightGCN,5,0.9926470588235294,0.4,0.36,0.9999338624338623,0.7530864197530864,0.6869999999999999
2286,Indianapolis,Median Income,tract,6800,LightGCN,6,0.9852941176470589,0.4666666666666667,0.34,1.0,0.7296296296296296,0.6455
2287,Indianapolis,Median Income,tract,6800,LightGCN,7,0.9485294117647058,0.3333333333333333,0.4,0.997859933983787,0.6537037037037037,0.7105
2288,Indianapolis,Median Income,tract,6800,LightGCN,8,0.9485294117647058,0.4444444444444444,0.36,0.9962623173632348,0.7962962962962963,0.63
2289,Indianapolis,Median Income,tract,6800,LightGCN,9,0.9926470588235294,0.5333333333333333,0.32,0.999864084267754,0.7858024691358024,0.6729999999999999
2290,Indianapolis,Median Income,tract,6800,Feat-LightGCN,0,1.0,0.37777777777777777,0.44,1.0,0.6925925925925925,0.7417499999999999
2291,Indianapolis,Median Income,tract,6800,Feat-LightGCN,1,1.0,0.35555555555555557,0.42,1.0,0.6975308641975309,0.7380000000000001
2292,Indianapolis,Median Income,tract,6800,Feat-LightGCN,2,1.0,0.4888888888888889,0.4,1.0,0.7364197530864198,0.678
2293,Indianapolis,Median Income,tract,6800,Feat-LightGCN,3,1.0,0.35555555555555557,0.46,1.0,0.6820987654320988,0.7350000000000001
2294,Indianapolis,Median Income,tract,6800,Feat-LightGCN,4,1.0,0.35555555555555557,0.42,1.0,0.6487654320987655,0.7505000000000001
2295,Indianapolis,Median Income,tract,6800,Feat-LightGCN,5,1.0,0.35555555555555557,0.34,1.0,0.8092592592592593,0.6555
2296,Indianapolis,Median Income,tract,6800,Feat-LightGCN,6,1.0,0.4222222222222222,0.32,1.0,0.7543209876543211,0.685
2297,Indianapolis,Median Income,tract,6800,Feat-LightGCN,7,1.0,0.24444444444444444,0.4,1.0,0.6518518518518519,0.7300000000000001
2298,Indianapolis,Median Income,tract,6800,Feat-LightGCN,8,1.0,0.4888888888888889,0.2,1.0,0.7074074074074074,0.60475
2299,Indianapolis,Median Income,tract,6800,Feat-LightGCN,9,1.0,0.4888888888888889,0.44,1.0,0.7623456790123457,0.7035
2300,Indianapolis,Median Income,tract,6800,Feat\&PC-LightGCN,0,1.0,0.4666666666666667,0.42,1.0,0.691358024691358,0.7185
2301,Indianapolis,Median Income,tract,6800,Feat\&PC-LightGCN,1,1.0,0.35555555555555557,0.3,1.0,0.624074074074074,0.6625
2302,Indianapolis,Median Income,tract,6800,Feat\&PC-LightGCN,2,1.0,0.37777777777777777,0.44,1.0,0.6648148148148147,0.738
2303,Indianapolis,Median Income,tract,6800,Feat\&PC-LightGCN,3,1.0,0.4,0.36,1.0,0.6814814814814814,0.631
2304,Indianapolis,Median Income,tract,6800,Feat\&PC-LightGCN,4,1.0,0.3111111111111111,0.4,1.0,0.6759259259259259,0.69475
2305,Indianapolis,Median Income,tract,6800,Feat\&PC-LightGCN,5,1.0,0.4444444444444444,0.34,1.0,0.7104938271604938,0.608
2306,Indianapolis,Median Income,tract,6800,Feat\&PC-LightGCN,6,1.0,0.4222222222222222,0.42,1.0,0.7104938271604938,0.6695
2307,Indianapolis,Median Income,tract,6800,Feat\&PC-LightGCN,7,1.0,0.3333333333333333,0.5,1.0,0.6574074074074073,0.767
2308,Indianapolis,Median Income,tract,6800,Feat\&PC-LightGCN,8,1.0,0.4444444444444444,0.28,1.0,0.728395061728395,0.6180000000000001
2309,Indianapolis,Median Income,tract,6800,Feat\&PC-LightGCN,9,1.0,0.5333333333333333,0.36,1.0,0.7904320987654321,0.7224999999999999
2310,Indianapolis,Median Income,tract,6800,NoPreTrain,0,1.0,0.28888888888888886,0.28,1.0,0.5561728395061728,0.5845
2311,Indianapolis,Median Income,tract,6800,NoPreTrain,1,1.0,0.08888888888888889,0.2,1.0,0.48950617283950615,0.5509999999999999
2312,Indianapolis,Median Income,tract,6800,NoPreTrain,2,1.0,0.2222222222222222,0.22,1.0,0.5709876543209876,0.5455
2313,Indianapolis,Median Income,tract,6800,NoPreTrain,3,1.0,0.28888888888888886,0.18,1.0,0.591358024691358,0.5505
2314,Indianapolis,Median Income,tract,6800,NoPreTrain,4,1.0,0.28888888888888886,0.26,1.0,0.5564814814814815,0.5325
2315,Indianapolis,Median Income,tract,6800,NoPreTrain,5,1.0,0.2,0.18,1.0,0.5882716049382716,0.5315
2316,Indianapolis,Median Income,tract,6800,NoPreTrain,6,1.0,0.1111111111111111,0.18,1.0,0.419753086419753,0.46449999999999997
2317,Indianapolis,Median Income,tract,6800,NoPreTrain,7,1.0,0.26666666666666666,0.26,1.0,0.5160493827160494,0.5635
2318,Indianapolis,Median Income,tract,6800,NoPreTrain,8,1.0,0.3111111111111111,0.3,1.0,0.6614197530864198,0.60575
2319,Indianapolis,Median Income,tract,6800,NoPreTrain,9,1.0,0.2,0.12,1.0,0.495679012345679,0.48100000000000004
2320,Indianapolis,Median Home Value,tract,6727,Emb,0,1.0,0.28888888888888886,0.24489795918367346,1.0,0.591358024691358,0.6507692307692308
2321,Indianapolis,Median Home Value,tract,6727,Emb,1,1.0,0.26666666666666666,0.32653061224489793,1.0,0.6080246913580247,0.6607692307692308
2322,Indianapolis,Median Home Value,tract,6727,Emb,2,1.0,0.35555555555555557,0.2653061224489796,1.0,0.6518518518518518,0.6497863247863248
2323,Indianapolis,Median Home Value,tract,6727,Emb,3,1.0,0.3333333333333333,0.2857142857142857,1.0,0.6901234567901234,0.6172222222222222
2324,Indianapolis,Median Home Value,tract,6727,Emb,4,1.0,0.28888888888888886,0.3469387755102041,1.0,0.6790123456790124,0.6385042735042734
2325,Indianapolis,Median Home Value,tract,6727,Emb,5,1.0,0.35555555555555557,0.30612244897959184,1.0,0.6722222222222222,0.665128205128205
2326,Indianapolis,Median Home Value,tract,6727,Emb,6,1.0,0.4,0.32653061224489793,1.0,0.6672839506172838,0.6167094017094017
2327,Indianapolis,Median Home Value,tract,6727,Emb,7,1.0,0.28888888888888886,0.22448979591836735,1.0,0.6444444444444445,0.6100854700854701
2328,Indianapolis,Median Home Value,tract,6727,Emb,8,1.0,0.4,0.20408163265306123,1.0,0.6314814814814815,0.5752136752136752
2329,Indianapolis,Median Home Value,tract,6727,Emb,9,1.0,0.4444444444444444,0.3877551020408163,1.0,0.7308641975308643,0.700042735042735
2330,Indianapolis,Median Home Value,tract,6727,RGNN,0,0.9851851851851852,0.37777777777777777,0.46938775510204084,0.9998628257887517,0.6919753086419753,0.71491452991453
2331,Indianapolis,Median Home Value,tract,6727,RGNN,1,0.9851851851851852,0.4,0.30612244897959184,0.9996570644718794,0.6660493827160494,0.6243162393162394
2332,Indianapolis,Median Home Value,tract,6727,RGNN,2,0.9777777777777777,0.24444444444444444,0.4489795918367347,0.9976680384087793,0.6530864197530863,0.7509829059829061
2333,Indianapolis,Median Home Value,tract,6727,RGNN,3,0.9703703703703703,0.35555555555555557,0.46938775510204084,0.9971879286694101,0.6759259259259259,0.7570940170940171
2334,Indianapolis,Median Home Value,tract,6727,RGNN,4,1.0,0.5555555555555556,0.3673469387755102,1.0,0.712962962962963,0.7103846153846154
2335,Indianapolis,Median Home Value,tract,6727,RGNN,5,0.9629629629629629,0.35555555555555557,0.4489795918367347,0.9969135802469136,0.6512345679012347,0.7178632478632478
2336,Indianapolis,Median Home Value,tract,6727,RGNN,6,0.9851851851851852,0.4,0.30612244897959184,0.9986282578875171,0.7154320987654321,0.5832478632478633
2337,Indianapolis,Median Home Value,tract,6727,RGNN,7,0.9925925925925926,0.4,0.3877551020408163,0.9974622770919067,0.7228395061728394,0.6806837606837607
2338,Indianapolis,Median Home Value,tract,6727,RGNN,8,0.9777777777777777,0.28888888888888886,0.5102040816326531,0.9974622770919067,0.6592592592592592,0.724957264957265
2339,Indianapolis,Median Home Value,tract,6727,RGNN,9,0.9703703703703703,0.4,0.4489795918367347,0.999039780521262,0.6851851851851851,0.7588034188034187
2340,Indianapolis,Median Home Value,tract,6727,Feat-RGNN,0,0.9703703703703703,0.5111111111111111,0.5102040816326531,0.9969135802469136,0.7796296296296295,0.7623504273504274
2341,Indianapolis,Median Home Value,tract,6727,Feat-RGNN,1,0.9851851851851852,0.4444444444444444,0.3673469387755102,0.9995884773662551,0.7104938271604938,0.6870940170940171
2342,Indianapolis,Median Home Value,tract,6727,Feat-RGNN,2,0.9925925925925926,0.4222222222222222,0.3469387755102041,0.9997256515775035,0.6746913580246913,0.6574786324786325
2343,Indianapolis,Median Home Value,tract,6727,Feat-RGNN,3,0.9925925925925926,0.4,0.3877551020408163,1.0,0.7148148148148149,0.7275213675213676
2344,Indianapolis,Median Home Value,tract,6727,Feat-RGNN,4,0.6370370370370371,0.3333333333333333,0.42857142857142855,0.966803840877915,0.711111111111111,0.6908974358974359
2345,Indianapolis,Median Home Value,tract,6727,Feat-RGNN,5,0.9703703703703703,0.5111111111111111,0.4897959183673469,0.9988340192043896,0.758641975308642,0.7431623931623932
2346,Indianapolis,Median Home Value,tract,6727,Feat-RGNN,6,0.9777777777777777,0.4666666666666667,0.2653061224489796,0.9997256515775035,0.7493827160493828,0.6457692307692308
2347,Indianapolis,Median Home Value,tract,6727,Feat-RGNN,7,1.0,0.35555555555555557,0.3469387755102041,1.0,0.6876543209876542,0.6646153846153846
2348,Indianapolis,Median Home Value,tract,6727,Feat-RGNN,8,1.0,0.4,0.42857142857142855,1.0,0.7067901234567902,0.7448717948717949
2349,Indianapolis,Median Home Value,tract,6727,Feat-RGNN,9,0.9629629629629629,0.37777777777777777,0.3877551020408163,0.9982853223593964,0.6919753086419753,0.6828632478632478
2350,Indianapolis,Median Home Value,tract,6727,Feat\&PC-RGNN,0,0.9555555555555556,0.4444444444444444,0.5102040816326531,0.9967078189300411,0.7166666666666666,0.7305555555555556
2351,Indianapolis,Median Home Value,tract,6727,Feat\&PC-RGNN,1,1.0,0.5111111111111111,0.3673469387755102,1.0,0.7654320987654322,0.6771794871794871
2352,Indianapolis,Median Home Value,tract,6727,Feat\&PC-RGNN,2,1.0,0.35555555555555557,0.46938775510204084,1.0,0.6987654320987653,0.708034188034188
2353,Indianapolis,Median Home Value,tract,6727,Feat\&PC-RGNN,3,1.0,0.3111111111111111,0.30612244897959184,1.0,0.6870370370370369,0.6555128205128204
2354,Indianapolis,Median Home Value,tract,6727,Feat\&PC-RGNN,4,1.0,0.37777777777777777,0.2857142857142857,1.0,0.7450617283950618,0.6314529914529915
2355,Indianapolis,Median Home Value,tract,6727,Feat\&PC-RGNN,5,0.9333333333333333,0.3111111111111111,0.5510204081632653,0.9956790123456789,0.6512345679012346,0.7930341880341881
2356,Indianapolis,Median Home Value,tract,6727,Feat\&PC-RGNN,6,0.725925925925926,0.3111111111111111,0.2653061224489796,0.955692729766804,0.65,0.6254273504273504
2357,Indianapolis,Median Home Value,tract,6727,Feat\&PC-RGNN,7,1.0,0.4222222222222222,0.3877551020408163,1.0,0.741358024691358,0.7232051282051283
2358,Indianapolis,Median Home Value,tract,6727,Feat\&PC-RGNN,8,0.9555555555555556,0.4222222222222222,0.4489795918367347,0.997119341563786,0.7419753086419753,0.6945726495726496
2359,Indianapolis,Median Home Value,tract,6727,Feat\&PC-RGNN,9,0.9851851851851852,0.3111111111111111,0.3673469387755102,0.9994513031550069,0.7135802469135802,0.7620512820512821
2360,Indianapolis,Median Home Value,tract,6727,LightGCN,0,0.9555555555555556,0.37777777777777777,0.4489795918367347,0.9963648834019205,0.6944444444444444,0.7652136752136752
2361,Indianapolis,Median Home Value,tract,6727,LightGCN,1,0.8444444444444444,0.4,0.3673469387755102,0.9853909465020575,0.6598765432098765,0.6689743589743589
2362,Indianapolis,Median Home Value,tract,6727,LightGCN,2,0.9185185185185185,0.2222222222222222,0.3673469387755102,0.9978737997256516,0.6493827160493827,0.7296153846153846
2363,Indianapolis,Median Home Value,tract,6727,LightGCN,3,0.9925925925925926,0.26666666666666666,0.3673469387755102,0.9999314128943759,0.6604938271604939,0.7638461538461538
2364,Indianapolis,Median Home Value,tract,6727,LightGCN,4,0.9333333333333333,0.35555555555555557,0.30612244897959184,0.9954046639231825,0.7203703703703704,0.6023076923076923
2365,Indianapolis,Median Home Value,tract,6727,LightGCN,5,0.9259259259259259,0.3111111111111111,0.4489795918367347,0.9874485596707819,0.6333333333333334,0.7463675213675214
2366,Indianapolis,Median Home Value,tract,6727,LightGCN,6,0.9703703703703703,0.5777777777777777,0.40816326530612246,0.9979423868312758,0.7320987654320987,0.693034188034188
2367,Indianapolis,Median Home Value,tract,6727,LightGCN,7,0.9481481481481482,0.35555555555555557,0.4897959183673469,0.994718792866941,0.7049382716049383,0.7760683760683762
2368,Indianapolis,Median Home Value,tract,6727,LightGCN,8,0.9259259259259259,0.35555555555555557,0.3673469387755102,0.9951303155006859,0.6913580246913581,0.6728205128205128
2369,Indianapolis,Median Home Value,tract,6727,LightGCN,9,0.9407407407407408,0.4222222222222222,0.46938775510204084,0.9797668038408778,0.7123456790123457,0.7521367521367521
2370,Indianapolis,Median Home Value,tract,6727,Feat-LightGCN,0,1.0,0.28888888888888886,0.5510204081632653,1.0,0.6820987654320987,0.7969230769230768
2371,Indianapolis,Median Home Value,tract,6727,Feat-LightGCN,1,1.0,0.4222222222222222,0.2653061224489796,1.0,0.7246913580246913,0.6151282051282052
2372,Indianapolis,Median Home Value,tract,6727,Feat-LightGCN,2,1.0,0.4222222222222222,0.42857142857142855,1.0,0.704320987654321,0.7387606837606838
2373,Indianapolis,Median Home Value,tract,6727,Feat-LightGCN,3,1.0,0.35555555555555557,0.32653061224489793,1.0,0.6583333333333334,0.7362820512820514
2374,Indianapolis,Median Home Value,tract,6727,Feat-LightGCN,4,1.0,0.4222222222222222,0.32653061224489793,1.0,0.7481481481481482,0.6506837606837607
2375,Indianapolis,Median Home Value,tract,6727,Feat-LightGCN,5,1.0,0.35555555555555557,0.40816326530612246,1.0,0.6432098765432099,0.7254700854700855
2376,Indianapolis,Median Home Value,tract,6727,Feat-LightGCN,6,1.0,0.26666666666666666,0.3469387755102041,1.0,0.720679012345679,0.6716666666666666
2377,Indianapolis,Median Home Value,tract,6727,Feat-LightGCN,7,1.0,0.3333333333333333,0.3469387755102041,1.0,0.741358024691358,0.6943162393162393
2378,Indianapolis,Median Home Value,tract,6727,Feat-LightGCN,8,0.9925925925925926,0.4222222222222222,0.4489795918367347,1.0,0.7345679012345679,0.6944871794871795
2379,Indianapolis,Median Home Value,tract,6727,Feat-LightGCN,9,1.0,0.4222222222222222,0.40816326530612246,1.0,0.7253086419753086,0.7539316239316239
2380,Indianapolis,Median Home Value,tract,6727,Feat\&PC-LightGCN,0,1.0,0.4,0.5510204081632653,1.0,0.7419753086419754,0.7664957264957264
2381,Indianapolis,Median Home Value,tract,6727,Feat\&PC-LightGCN,1,1.0,0.4666666666666667,0.3673469387755102,1.0,0.7466049382716049,0.6689316239316241
2382,Indianapolis,Median Home Value,tract,6727,Feat\&PC-LightGCN,2,1.0,0.28888888888888886,0.5306122448979592,1.0,0.6462962962962961,0.8121794871794872
2383,Indianapolis,Median Home Value,tract,6727,Feat\&PC-LightGCN,3,1.0,0.4444444444444444,0.3877551020408163,1.0,0.691358024691358,0.6852564102564103
2384,Indianapolis,Median Home Value,tract,6727,Feat\&PC-LightGCN,4,1.0,0.5777777777777777,0.30612244897959184,1.0,0.8179012345679013,0.6264529914529915
2385,Indianapolis,Median Home Value,tract,6727,Feat\&PC-LightGCN,5,1.0,0.35555555555555557,0.4897959183673469,1.0,0.6962962962962963,0.7729914529914529
2386,Indianapolis,Median Home Value,tract,6727,Feat\&PC-LightGCN,6,1.0,0.4,0.3877551020408163,1.0,0.6993827160493827,0.6743589743589744
2387,Indianapolis,Median Home Value,tract,6727,Feat\&PC-LightGCN,7,1.0,0.4,0.5102040816326531,1.0,0.675,0.7640170940170941
2388,Indianapolis,Median Home Value,tract,6727,Feat\&PC-LightGCN,8,1.0,0.4444444444444444,0.5510204081632653,1.0,0.7432098765432098,0.7649145299145299
2389,Indianapolis,Median Home Value,tract,6727,Feat\&PC-LightGCN,9,1.0,0.4444444444444444,0.42857142857142855,1.0,0.7169753086419753,0.7752991452991452
2390,Indianapolis,Median Home Value,tract,6727,NoPreTrain,0,1.0,0.24444444444444444,0.24489795918367346,1.0,0.5796296296296296,0.5746153846153847
2391,Indianapolis,Median Home Value,tract,6727,NoPreTrain,1,1.0,0.3111111111111111,0.1836734693877551,1.0,0.6234567901234567,0.5036324786324786
2392,Indianapolis,Median Home Value,tract,6727,NoPreTrain,2,1.0,0.17777777777777778,0.20408163265306123,1.0,0.4925925925925926,0.5458547008547009
2393,Indianapolis,Median Home Value,tract,6727,NoPreTrain,3,1.0,0.24444444444444444,0.30612244897959184,1.0,0.6067901234567901,0.5913247863247864
2394,Indianapolis,Median Home Value,tract,6727,NoPreTrain,4,1.0,0.17777777777777778,0.16326530612244897,1.0,0.508641975308642,0.4914957264957264
2395,Indianapolis,Median Home Value,tract,6727,NoPreTrain,5,1.0,0.24444444444444444,0.2653061224489796,1.0,0.5191358024691358,0.5727350427350427
2396,Indianapolis,Median Home Value,tract,6727,NoPreTrain,6,1.0,0.26666666666666666,0.24489795918367346,1.0,0.5635802469135802,0.49504273504273505
2397,Indianapolis,Median Home Value,tract,6727,NoPreTrain,7,1.0,0.28888888888888886,0.20408163265306123,1.0,0.570679012345679,0.5897008547008549
2398,Indianapolis,Median Home Value,tract,6727,NoPreTrain,8,1.0,0.28888888888888886,0.2857142857142857,1.0,0.5981481481481481,0.6322649572649572
2399,Indianapolis,Median Home Value,tract,6727,NoPreTrain,9,1.0,0.2,0.14285714285714285,1.0,0.504320987654321,0.43158119658119654
2400,Indianapolis,Commute Time,tract,4716,Emb,0,1.0,0.13333333333333333,0.36666666666666664,1.0,0.5291666666666666,0.6791666666666666
2401,Indianapolis,Commute Time,tract,4716,Emb,1,1.0,0.43333333333333335,0.23333333333333334,1.0,0.6861111111111111,0.5847222222222224
2402,Indianapolis,Commute Time,tract,4716,Emb,2,1.0,0.3333333333333333,0.3,1.0,0.6819444444444445,0.575
2403,Indianapolis,Commute Time,tract,4716,Emb,3,1.0,0.3333333333333333,0.26666666666666666,1.0,0.6277777777777779,0.5625
2404,Indianapolis,Commute Time,tract,4716,Emb,4,1.0,0.26666666666666666,0.3,1.0,0.5166666666666666,0.5958333333333334
2405,Indianapolis,Commute Time,tract,4716,Emb,5,1.0,0.16666666666666666,0.23333333333333334,1.0,0.5444444444444445,0.6083333333333334
2406,Indianapolis,Commute Time,tract,4716,Emb,6,1.0,0.3333333333333333,0.2,1.0,0.675,0.5715277777777777
2407,Indianapolis,Commute Time,tract,4716,Emb,7,1.0,0.36666666666666664,0.5,1.0,0.6180555555555556,0.7138888888888888
2408,Indianapolis,Commute Time,tract,4716,Emb,8,1.0,0.4666666666666667,0.2,1.0,0.7305555555555556,0.5680555555555555
2409,Indianapolis,Commute Time,tract,4716,Emb,9,1.0,0.2,0.23333333333333334,1.0,0.6027777777777776,0.6277777777777779
2410,Indianapolis,Commute Time,tract,4716,RGNN,0,1.0,0.3,0.4,1.0,0.6597222222222222,0.7375
2411,Indianapolis,Commute Time,tract,4716,RGNN,1,1.0,0.3333333333333333,0.36666666666666664,1.0,0.5999999999999999,0.7180555555555556
2412,Indianapolis,Commute Time,tract,4716,RGNN,2,1.0,0.4,0.2,1.0,0.6708333333333333,0.5125
2413,Indianapolis,Commute Time,tract,4716,RGNN,3,1.0,0.43333333333333335,0.3,1.0,0.7069444444444445,0.6083333333333333
2414,Indianapolis,Commute Time,tract,4716,RGNN,4,1.0,0.23333333333333334,0.23333333333333334,1.0,0.5708333333333334,0.5194444444444444
2415,Indianapolis,Commute Time,tract,4716,RGNN,5,1.0,0.3333333333333333,0.16666666666666666,1.0,0.6361111111111112,0.6041666666666666
2416,Indianapolis,Commute Time,tract,4716,RGNN,6,1.0,0.3,0.3333333333333333,1.0,0.611111111111111,0.6305555555555555
2417,Indianapolis,Commute Time,tract,4716,RGNN,7,1.0,0.26666666666666666,0.3,1.0,0.5944444444444443,0.6583333333333333
2418,Indianapolis,Commute Time,tract,4716,RGNN,8,1.0,0.36666666666666664,0.3333333333333333,1.0,0.6680555555555555,0.638888888888889
2419,Indianapolis,Commute Time,tract,4716,RGNN,9,0.9876543209876543,0.36666666666666664,0.2,0.9996238687782805,0.6722222222222223,0.6097222222222222
2420,Indianapolis,Commute Time,tract,4716,Feat-RGNN,0,0.8641975308641975,0.36666666666666664,0.4,0.9946153846153845,0.6402777777777778,0.6680555555555555
2421,Indianapolis,Commute Time,tract,4716,Feat-RGNN,1,1.0,0.23333333333333334,0.16666666666666666,1.0,0.6458333333333334,0.575
2422,Indianapolis,Commute Time,tract,4716,Feat-RGNN,2,1.0,0.3333333333333333,0.2,1.0,0.648611111111111,0.49722222222222223
2423,Indianapolis,Commute Time,tract,4716,Feat-RGNN,3,1.0,0.23333333333333334,0.2,1.0,0.6694444444444444,0.625
2424,Indianapolis,Commute Time,tract,4716,Feat-RGNN,4,0.9012345679012346,0.16666666666666666,0.36666666666666664,0.9898670814479639,0.5694444444444444,0.5972222222222221
2425,Indianapolis,Commute Time,tract,4716,Feat-RGNN,5,1.0,0.26666666666666666,0.3,1.0,0.5499999999999999,0.5458333333333333
2426,Indianapolis,Commute Time,tract,4716,Feat-RGNN,6,1.0,0.16666666666666666,0.36666666666666664,1.0,0.5666666666666667,0.6402777777777778
2427,Indianapolis,Commute Time,tract,4716,Feat-RGNN,7,0.8765432098765432,0.23333333333333334,0.16666666666666666,0.9776696832579186,0.6027777777777776,0.5138888888888888
2428,Indianapolis,Commute Time,tract,4716,Feat-RGNN,8,1.0,0.3,0.3,1.0,0.6305555555555554,0.6055555555555556
2429,Indianapolis,Commute Time,tract,4716,Feat-RGNN,9,0.9876543209876543,0.2,0.16666666666666666,0.9998161764705882,0.5611111111111111,0.5041666666666667
2430,Indianapolis,Commute Time,tract,4716,Feat\&PC-RGNN,0,0.9753086419753086,0.4,0.3,0.9994230769230767,0.6277777777777778,0.5597222222222222
2431,Indianapolis,Commute Time,tract,4716,Feat\&PC-RGNN,1,1.0,0.23333333333333334,0.3,1.0,0.5958333333333333,0.576388888888889
2432,Indianapolis,Commute Time,tract,4716,Feat\&PC-RGNN,2,1.0,0.36666666666666664,0.26666666666666666,1.0,0.6083333333333334,0.5361111111111111
2433,Indianapolis,Commute Time,tract,4716,Feat\&PC-RGNN,3,1.0,0.23333333333333334,0.1,1.0,0.6277777777777779,0.5041666666666667
2434,Indianapolis,Commute Time,tract,4716,Feat\&PC-RGNN,4,1.0,0.23333333333333334,0.3333333333333333,1.0,0.5013888888888889,0.6166666666666668
2435,Indianapolis,Commute Time,tract,4716,Feat\&PC-RGNN,5,1.0,0.16666666666666666,0.23333333333333334,1.0,0.55,0.5569444444444446
2436,Indianapolis,Commute Time,tract,4716,Feat\&PC-RGNN,6,0.9753086419753086,0.36666666666666664,0.26666666666666666,1.0,0.6777777777777778,0.5513888888888889
2437,Indianapolis,Commute Time,tract,4716,Feat\&PC-RGNN,7,1.0,0.23333333333333334,0.3333333333333333,1.0,0.5,0.5666666666666667
2438,Indianapolis,Commute Time,tract,4716,Feat\&PC-RGNN,8,1.0,0.3,0.2,1.0,0.6513888888888888,0.5888888888888889
2439,Indianapolis,Commute Time,tract,4716,Feat\&PC-RGNN,9,0.9012345679012346,0.36666666666666664,0.16666666666666666,0.9925,0.625,0.5527777777777778
2440,Indianapolis,Commute Time,tract,4716,LightGCN,0,1.0,0.3333333333333333,0.3333333333333333,1.0,0.6444444444444444,0.6583333333333334
2441,Indianapolis,Commute Time,tract,4716,LightGCN,1,1.0,0.3333333333333333,0.23333333333333334,1.0,0.6736111111111112,0.6277777777777779
2442,Indianapolis,Commute Time,tract,4716,LightGCN,2,1.0,0.26666666666666666,0.36666666666666664,1.0,0.6194444444444444,0.6569444444444444
2443,Indianapolis,Commute Time,tract,4716,LightGCN,3,0.9876543209876543,0.3333333333333333,0.26666666666666666,0.9996153846153846,0.6402777777777777,0.5916666666666667
2444,Indianapolis,Commute Time,tract,4716,LightGCN,4,1.0,0.3,0.3333333333333333,1.0,0.5736111111111111,0.6138888888888888
2445,Indianapolis,Commute Time,tract,4716,LightGCN,5,1.0,0.23333333333333334,0.26666666666666666,1.0,0.5791666666666667,0.6277777777777778
2446,Indianapolis,Commute Time,tract,4716,LightGCN,6,1.0,0.3333333333333333,0.3,1.0,0.6486111111111112,0.5777777777777778
2447,Indianapolis,Commute Time,tract,4716,LightGCN,7,1.0,0.3,0.43333333333333335,1.0,0.6,0.6430555555555555
2448,Indianapolis,Commute Time,tract,4716,LightGCN,8,1.0,0.3333333333333333,0.4,1.0,0.6333333333333334,0.65
2449,Indianapolis,Commute Time,tract,4716,LightGCN,9,0.9876543209876543,0.3333333333333333,0.23333333333333334,1.0,0.5972222222222222,0.5083333333333333
2450,Indianapolis,Commute Time,tract,4716,Feat-LightGCN,0,1.0,0.3333333333333333,0.43333333333333335,1.0,0.5993055555555555,0.6569444444444444
2451,Indianapolis,Commute Time,tract,4716,Feat-LightGCN,1,1.0,0.3333333333333333,0.26666666666666666,1.0,0.7041666666666666,0.5972222222222222
2452,Indianapolis,Commute Time,tract,4716,Feat-LightGCN,2,1.0,0.3,0.4666666666666667,1.0,0.5861111111111111,0.6527777777777778
2453,Indianapolis,Commute Time,tract,4716,Feat-LightGCN,3,1.0,0.36666666666666664,0.23333333333333334,1.0,0.6875000000000001,0.5611111111111111
2454,Indianapolis,Commute Time,tract,4716,Feat-LightGCN,4,1.0,0.26666666666666666,0.3,1.0,0.5930555555555557,0.6000000000000001
2455,Indianapolis,Commute Time,tract,4716,Feat-LightGCN,5,1.0,0.4,0.3333333333333333,1.0,0.6888888888888889,0.6305555555555556
2456,Indianapolis,Commute Time,tract,4716,Feat-LightGCN,6,1.0,0.4,0.3,1.0,0.6736111111111113,0.5625
2457,Indianapolis,Commute Time,tract,4716,Feat-LightGCN,7,1.0,0.23333333333333334,0.3,1.0,0.5375,0.6388888888888888
2458,Indianapolis,Commute Time,tract,4716,Feat-LightGCN,8,1.0,0.43333333333333335,0.43333333333333335,1.0,0.648611111111111,0.6833333333333333
2459,Indianapolis,Commute Time,tract,4716,Feat-LightGCN,9,1.0,0.4666666666666667,0.3333333333333333,1.0,0.7041666666666667,0.6347222222222222
2460,Indianapolis,Commute Time,tract,4716,Feat\&PC-LightGCN,0,1.0,0.36666666666666664,0.3333333333333333,1.0,0.5847222222222221,0.607638888888889
2461,Indianapolis,Commute Time,tract,4716,Feat\&PC-LightGCN,1,1.0,0.23333333333333334,0.3,1.0,0.6263888888888889,0.5750000000000001
2462,Indianapolis,Commute Time,tract,4716,Feat\&PC-LightGCN,2,1.0,0.3,0.26666666666666666,1.0,0.6354166666666666,0.5263888888888888
2463,Indianapolis,Commute Time,tract,4716,Feat\&PC-LightGCN,3,1.0,0.36666666666666664,0.26666666666666666,1.0,0.7097222222222223,0.5652777777777777
2464,Indianapolis,Commute Time,tract,4716,Feat\&PC-LightGCN,4,1.0,0.26666666666666666,0.4,1.0,0.5555555555555556,0.6361111111111111
2465,Indianapolis,Commute Time,tract,4716,Feat\&PC-LightGCN,5,1.0,0.4,0.2,1.0,0.6590277777777778,0.6013888888888889
2466,Indianapolis,Commute Time,tract,4716,Feat\&PC-LightGCN,6,1.0,0.36666666666666664,0.16666666666666666,1.0,0.7131944444444445,0.49513888888888885
2467,Indianapolis,Commute Time,tract,4716,Feat\&PC-LightGCN,7,1.0,0.3,0.36666666666666664,1.0,0.601388888888889,0.6277777777777779
2468,Indianapolis,Commute Time,tract,4716,Feat\&PC-LightGCN,8,1.0,0.26666666666666666,0.26666666666666666,1.0,0.5680555555555556,0.6180555555555556
2469,Indianapolis,Commute Time,tract,4716,Feat\&PC-LightGCN,9,1.0,0.23333333333333334,0.3,1.0,0.4791666666666667,0.6263888888888889
2470,Indianapolis,Commute Time,tract,4716,NoPreTrain,0,1.0,0.2,0.2,1.0,0.55,0.6041666666666666
2471,Indianapolis,Commute Time,tract,4716,NoPreTrain,1,1.0,0.23333333333333334,0.16666666666666666,1.0,0.5569444444444445,0.5673611111111111
2472,Indianapolis,Commute Time,tract,4716,NoPreTrain,2,1.0,0.2,0.26666666666666666,1.0,0.5513888888888889,0.6034722222222222
2473,Indianapolis,Commute Time,tract,4716,NoPreTrain,3,1.0,0.1,0.23333333333333334,1.0,0.4569444444444445,0.6180555555555556
2474,Indianapolis,Commute Time,tract,4716,NoPreTrain,4,1.0,0.26666666666666666,0.2,1.0,0.6027777777777777,0.5319444444444444
2475,Indianapolis,Commute Time,tract,4716,NoPreTrain,5,1.0,0.1,0.3333333333333333,1.0,0.47916666666666663,0.6208333333333333
2476,Indianapolis,Commute Time,tract,4716,NoPreTrain,6,1.0,0.3,0.2,1.0,0.6777777777777777,0.4958333333333333
2477,Indianapolis,Commute Time,tract,4716,NoPreTrain,7,1.0,0.36666666666666664,0.26666666666666666,1.0,0.5444444444444444,0.6
2478,Indianapolis,Commute Time,tract,4716,NoPreTrain,8,1.0,0.13333333333333333,0.16666666666666666,1.0,0.5375,0.5152777777777777
2479,Indianapolis,Commute Time,tract,4716,NoPreTrain,9,1.0,0.3333333333333333,0.1,1.0,0.5736111111111111,0.3847222222222222
2480,Indianapolis,Median Age,tract,6800,Emb,0,1.0,0.19148936170212766,0.3469387755102041,1.0,0.5036794689426268,0.6149572649572649
2481,Indianapolis,Median Age,tract,6800,Emb,1,1.0,0.1702127659574468,0.1836734693877551,1.0,0.4696538643907065,0.5276495726495727
2482,Indianapolis,Median Age,tract,6800,Emb,2,1.0,0.19148936170212766,0.14285714285714285,1.0,0.4843749012170065,0.506025641025641
2483,Indianapolis,Median Age,tract,6800,Emb,3,1.0,0.1702127659574468,0.22448979591836735,1.0,0.5081808123913387,0.5544017094017095
2484,Indianapolis,Median Age,tract,6800,Emb,4,1.0,0.2127659574468085,0.2857142857142857,1.0,0.5431168010115379,0.6205555555555555
2485,Indianapolis,Median Age,tract,6800,Emb,5,1.0,0.3404255319148936,0.24489795918367346,1.0,0.6529065908013276,0.5436752136752137
2486,Indianapolis,Median Age,tract,6800,Emb,6,1.0,0.23404255319148937,0.22448979591836735,1.0,0.5028544333807492,0.548974358974359
2487,Indianapolis,Median Age,tract,6800,Emb,7,1.0,0.3404255319148936,0.2857142857142857,1.0,0.6374047731942468,0.5698290598290598
2488,Indianapolis,Median Age,tract,6800,Emb,8,1.0,0.2765957446808511,0.24489795918367346,1.0,0.5507823613086771,0.5318803418803418
2489,Indianapolis,Median Age,tract,6800,Emb,9,1.0,0.19148936170212766,0.32653061224489793,1.0,0.4774743164216848,0.6405982905982905
2490,Indianapolis,Median Age,tract,6800,RGNN,0,0.9851851851851852,0.2765957446808511,0.30612244897959184,0.9978162012083786,0.5899541646910068,0.5767948717948719
2491,Indianapolis,Median Age,tract,6800,RGNN,1,0.9703703703703703,0.23404255319148937,0.3469387755102041,0.9960857619362292,0.4850450450450451,0.6611111111111112
2492,Indianapolis,Median Age,tract,6800,RGNN,2,0.8296296296296296,0.2765957446808511,0.20408163265306123,0.9790974070760848,0.5870207049154417,0.5501709401709401
2493,Indianapolis,Median Age,tract,6800,RGNN,3,0.9925925925925926,0.23404255319148937,0.32653061224489793,0.9995207670833839,0.567599178125494,0.6411111111111112
2494,Indianapolis,Median Age,tract,6800,RGNN,4,0.9407407407407408,0.2553191489361702,0.20408163265306123,0.9961940684599042,0.5642547810968863,0.5984188034188034
2495,Indianapolis,Median Age,tract,6800,RGNN,5,1.0,0.2127659574468085,0.30612244897959184,1.0,0.5603066224118856,0.6267521367521367
2496,Indianapolis,Median Age,tract,6800,RGNN,6,0.8740740740740741,0.2978723404255319,0.3673469387755102,0.9976172105268679,0.5665528686581317,0.6246581196581197
2497,Indianapolis,Median Age,tract,6800,RGNN,7,0.9481481481481482,0.2765957446808511,0.2653061224489796,0.9954410001213739,0.5982392919235024,0.6088888888888888
2498,Indianapolis,Median Age,tract,6800,RGNN,8,0.9777777777777777,0.1276595744680851,0.2857142857142857,1.0,0.4736525999683895,0.6428205128205128
2499,Indianapolis,Median Age,tract,6800,RGNN,9,0.9777777777777777,0.2553191489361702,0.22448979591836735,0.9967102938265278,0.5682187450608502,0.5277777777777777
2500,Indianapolis,Median Age,tract,6800,Feat-RGNN,0,0.7851851851851852,0.2127659574468085,0.20408163265306123,0.9807714510480865,0.5156156156156155,0.5382051282051282
2501,Indianapolis,Median Age,tract,6800,Feat-RGNN,1,0.9185185185185185,0.14893617021276595,0.2653061224489796,0.992614813715956,0.43946262051525203,0.6046581196581198
2502,Indianapolis,Median Age,tract,6800,Feat-RGNN,2,0.7185185185185186,0.2978723404255319,0.24489795918367346,0.957158724398046,0.5549359886201992,0.5668376068376068
2503,Indianapolis,Median Age,tract,6800,Feat-RGNN,3,0.48148148148148145,0.19148936170212766,0.3469387755102041,0.919204352679742,0.5168737158210842,0.6493589743589745
2504,Indianapolis,Median Age,tract,6800,Feat-RGNN,4,0.9555555555555556,0.19148936170212766,0.3469387755102041,0.997236136672066,0.5268752963489807,0.6779059829059829
2505,Indianapolis,Median Age,tract,6800,Feat-RGNN,5,0.9703703703703703,0.1702127659574468,0.20408163265306123,0.9973122050750295,0.5847826774142563,0.5379914529914529
2506,Indianapolis,Median Age,tract,6800,Feat-RGNN,6,0.8518518518518519,0.2127659574468085,0.30612244897959184,0.9903851092640293,0.5831958274063537,0.6282905982905982
2507,Indianapolis,Median Age,tract,6800,Feat-RGNN,7,0.9259259259259259,0.2765957446808511,0.16326530612244897,0.9954014719713579,0.5764975501817606,0.5056837606837606
2508,Indianapolis,Median Age,tract,6800,Feat-RGNN,8,0.8814814814814815,0.2127659574468085,0.22448979591836735,0.9879013997963115,0.5049913070965701,0.5811965811965811
2509,Indianapolis,Median Age,tract,6800,Feat-RGNN,9,0.8148148148148148,0.14893617021276595,0.20408163265306123,0.9792310365685235,0.5361782835467046,0.5177350427350426
2510,Indianapolis,Median Age,tract,6800,Feat\&PC-RGNN,0,0.9629629629629629,0.2765957446808511,0.1836734693877551,0.9990654205607477,0.5435245772087878,0.5470940170940171
2511,Indianapolis,Median Age,tract,6800,Feat\&PC-RGNN,1,0.9185185185185185,0.23404255319148937,0.32653061224489793,0.9940260839784549,0.48206733048838313,0.6335042735042735
2512,Indianapolis,Median Age,tract,6800,Feat\&PC-RGNN,2,0.8296296296296296,0.2765957446808511,0.2653061224489796,0.9935853719245896,0.613327011221748,0.5827350427350428
2513,Indianapolis,Median Age,tract,6800,Feat\&PC-RGNN,3,0.9777777777777777,0.2978723404255319,0.32653061224489793,0.9992970909710266,0.5900110636952742,0.5691025641025641
2514,Indianapolis,Median Age,tract,6800,Feat\&PC-RGNN,4,0.9333333333333333,0.2765957446808511,0.30612244897959184,0.9969364699426313,0.566050260787103,0.5884188034188035
2515,Indianapolis,Median Age,tract,6800,Feat\&PC-RGNN,5,1.0,0.2765957446808511,0.2653061224489796,1.0,0.6532037300458353,0.5970512820512821
2516,Indianapolis,Median Age,tract,6800,Feat\&PC-RGNN,6,0.7037037037037037,0.3191489361702128,0.22448979591836735,0.9599388771427538,0.6466477003319108,0.567991452991453
2517,Indianapolis,Median Age,tract,6800,Feat\&PC-RGNN,7,0.9407407407407408,0.2765957446808511,0.22448979591836735,0.995534487301604,0.5941741741741742,0.5352991452991454
2518,Indianapolis,Median Age,tract,6800,Feat\&PC-RGNN,8,0.8148148148148148,0.23404255319148937,0.2857142857142857,0.9709659545894922,0.5550434645171487,0.6462393162393163
2519,Indianapolis,Median Age,tract,6800,Feat\&PC-RGNN,9,0.7481481481481481,0.2765957446808511,0.2653061224489796,0.9717392705675156,0.5826268373636795,0.5599999999999999
2520,Indianapolis,Median Age,tract,6800,LightGCN,0,0.8962962962962963,0.23404255319148937,0.24489795918367346,0.9918530047212636,0.5983499288762447,0.5702136752136753
2521,Indianapolis,Median Age,tract,6800,LightGCN,1,0.8592592592592593,0.1702127659574468,0.32653061224489793,0.9849843842502894,0.5413023549865656,0.6169230769230769
2522,Indianapolis,Median Age,tract,6800,LightGCN,2,0.837037037037037,0.2765957446808511,0.20408163265306123,0.9854378759658096,0.5507886834202622,0.5533760683760683
2523,Indianapolis,Median Age,tract,6800,LightGCN,3,0.9629629629629629,0.2978723404255319,0.32653061224489793,0.9948125427077313,0.6418997945313735,0.6090598290598291
2524,Indianapolis,Median Age,tract,6800,LightGCN,4,0.8148148148148148,0.1702127659574468,0.24489795918367346,0.9906399741202095,0.5513134186818397,0.5857264957264957
2525,Indianapolis,Median Age,tract,6800,LightGCN,5,0.9407407407407408,0.3404255319148936,0.2653061224489796,0.9964900723265554,0.6063568831989884,0.591111111111111
2526,Indianapolis,Median Age,tract,6800,LightGCN,6,0.9703703703703703,0.23404255319148937,0.3877551020408163,0.9997173712432972,0.5666761498340446,0.6611538461538461
2527,Indianapolis,Median Age,tract,6800,LightGCN,7,0.9555555555555556,0.2765957446808511,0.24489795918367346,0.9978796935382604,0.6086075549233444,0.5393589743589744
2528,Indianapolis,Median Age,tract,6800,LightGCN,8,0.9037037037037037,0.1702127659574468,0.32653061224489793,0.9932510384632225,0.5095527106053421,0.6551282051282051
2529,Indianapolis,Median Age,tract,6800,LightGCN,9,0.9333333333333333,0.2127659574468085,0.2857142857142857,0.9958492050006068,0.5510320847162953,0.562008547008547
2530,Indianapolis,Median Age,tract,6800,Feat-LightGCN,0,1.0,0.2765957446808511,0.20408163265306123,1.0,0.5380591117433223,0.567051282051282
2531,Indianapolis,Median Age,tract,6800,Feat-LightGCN,1,1.0,0.1702127659574468,0.30612244897959184,1.0,0.5290817132922396,0.6331623931623931
2532,Indianapolis,Median Age,tract,6800,Feat-LightGCN,2,1.0,0.2553191489361702,0.2653061224489796,1.0,0.595492334439703,0.5866239316239317
2533,Indianapolis,Median Age,tract,6800,Feat-LightGCN,3,1.0,0.1702127659574468,0.24489795918367346,1.0,0.5064169432590485,0.6213675213675213
2534,Indianapolis,Median Age,tract,6800,Feat-LightGCN,4,1.0,0.2978723404255319,0.3673469387755102,1.0,0.5971676940097993,0.6410256410256409
2535,Indianapolis,Median Age,tract,6800,Feat-LightGCN,5,1.0,0.23404255319148937,0.2653061224489796,1.0,0.6215805278963173,0.5627777777777778
2536,Indianapolis,Median Age,tract,6800,Feat-LightGCN,6,1.0,0.2553191489361702,0.32653061224489793,1.0,0.561539434171013,0.5923931623931624
2537,Indianapolis,Median Age,tract,6800,Feat-LightGCN,7,1.0,0.2553191489361702,0.24489795918367346,1.0,0.5957610241820769,0.5800427350427351
2538,Indianapolis,Median Age,tract,6800,Feat-LightGCN,8,1.0,0.2765957446808511,0.2857142857142857,1.0,0.5336810494705231,0.6437179487179487
2539,Indianapolis,Median Age,tract,6800,Feat-LightGCN,9,1.0,0.2553191489361702,0.22448979591836735,1.0,0.5000916706179863,0.5165384615384616
2540,Indianapolis,Median Age,tract,6800,Feat\&PC-LightGCN,0,1.0,0.3191489361702128,0.2857142857142857,1.0,0.6099778726094516,0.6042307692307692
2541,Indianapolis,Median Age,tract,6800,Feat\&PC-LightGCN,1,1.0,0.2553191489361702,0.32653061224489793,1.0,0.5168294610399873,0.6113675213675214
2542,Indianapolis,Median Age,tract,6800,Feat\&PC-LightGCN,2,1.0,0.2978723404255319,0.42857142857142855,1.0,0.581125335862178,0.6898717948717948
2543,Indianapolis,Median Age,tract,6800,Feat\&PC-LightGCN,3,1.0,0.3617021276595745,0.30612244897959184,1.0,0.6208044886992254,0.6546153846153846
2544,Indianapolis,Median Age,tract,6800,Feat\&PC-LightGCN,4,1.0,0.2127659574468085,0.42857142857142855,1.0,0.5467883673146832,0.662948717948718
2545,Indianapolis,Median Age,tract,6800,Feat\&PC-LightGCN,5,1.0,0.48936170212765956,0.24489795918367346,1.0,0.6539449976292081,0.5905982905982906
2546,Indianapolis,Median Age,tract,6800,Feat\&PC-LightGCN,6,1.0,0.3617021276595745,0.32653061224489793,1.0,0.6073589378852536,0.6212820512820513
2547,Indianapolis,Median Age,tract,6800,Feat\&PC-LightGCN,7,1.0,0.2765957446808511,0.3673469387755102,1.0,0.5876560771297613,0.6038888888888889
2548,Indianapolis,Median Age,tract,6800,Feat\&PC-LightGCN,8,1.0,0.3191489361702128,0.3469387755102041,1.0,0.6075817923186344,0.6424358974358975
2549,Indianapolis,Median Age,tract,6800,Feat\&PC-LightGCN,9,1.0,0.40425531914893614,0.30612244897959184,1.0,0.5869954164691007,0.6296581196581196
2550,Indianapolis,Median Age,tract,6800,NoPreTrain,0,1.0,0.2127659574468085,0.16326530612244897,1.0,0.5129192350244982,0.49564102564102563
2551,Indianapolis,Median Age,tract,6800,NoPreTrain,1,1.0,0.14893617021276595,0.1836734693877551,1.0,0.46308202939781895,0.46952991452991444
2552,Indianapolis,Median Age,tract,6800,NoPreTrain,2,1.0,0.23404255319148937,0.1836734693877551,1.0,0.4694294294294295,0.45829059829059837
2553,Indianapolis,Median Age,tract,6800,NoPreTrain,3,1.0,0.2127659574468085,0.24489795918367346,1.0,0.5145218903113641,0.5945299145299145
2554,Indianapolis,Median Age,tract,6800,NoPreTrain,4,1.0,0.2765957446808511,0.30612244897959184,1.0,0.5265275802117907,0.5794017094017094
2555,Indianapolis,Median Age,tract,6800,NoPreTrain,5,1.0,0.2765957446808511,0.20408163265306123,1.0,0.560268689742374,0.5287606837606837
2556,Indianapolis,Median Age,tract,6800,NoPreTrain,6,1.0,0.23404255319148937,0.1836734693877551,1.0,0.526524419155998,0.49752136752136755
2557,Indianapolis,Median Age,tract,6800,NoPreTrain,7,1.0,0.2553191489361702,0.30612244897959184,1.0,0.5546009167061798,0.5323504273504274
2558,Indianapolis,Median Age,tract,6800,NoPreTrain,8,1.0,0.2553191489361702,0.2857142857142857,1.0,0.6084905958590169,0.5811965811965811
2559,Indianapolis,Median Age,tract,6800,NoPreTrain,9,1.0,0.2127659574468085,0.14285714285714285,1.0,0.5332258574363837,0.3993589743589744
2560,Nashville,Median Income,tract,7663,Emb,0,1.0,0.3111111111111111,0.28888888888888886,1.0,0.575925925925926,0.6469135802469136
2561,Nashville,Median Income,tract,7663,Emb,1,1.0,0.26666666666666666,0.3333333333333333,1.0,0.6364197530864197,0.619753086419753
2562,Nashville,Median Income,tract,7663,Emb,2,1.0,0.24444444444444444,0.4,1.0,0.5339506172839505,0.6648148148148147
2563,Nashville,Median Income,tract,7663,Emb,3,1.0,0.2,0.3333333333333333,1.0,0.5567901234567901,0.6401234567901234
2564,Nashville,Median Income,tract,7663,Emb,4,1.0,0.26666666666666666,0.2,1.0,0.5987654320987654,0.5845679012345679
2565,Nashville,Median Income,tract,7663,Emb,5,1.0,0.4222222222222222,0.28888888888888886,1.0,0.674074074074074,0.5271604938271606
2566,Nashville,Median Income,tract,7663,Emb,6,1.0,0.37777777777777777,0.2,1.0,0.6876543209876543,0.5364197530864198
2567,Nashville,Median Income,tract,7663,Emb,7,1.0,0.2222222222222222,0.3111111111111111,1.0,0.5290123456790123,0.6351851851851853
2568,Nashville,Median Income,tract,7663,Emb,8,1.0,0.26666666666666666,0.28888888888888886,1.0,0.5518518518518519,0.6123456790123456
2569,Nashville,Median Income,tract,7663,Emb,9,1.0,0.37777777777777777,0.3111111111111111,1.0,0.6104938271604938,0.6753086419753086
2570,Nashville,Median Income,tract,7663,RGNN,0,0.9285714285714286,0.3111111111111111,0.4,0.9970312261995431,0.662962962962963,0.6932098765432098
2571,Nashville,Median Income,tract,7663,RGNN,1,1.0,0.2222222222222222,0.26666666666666666,1.0,0.5728395061728395,0.6308641975308642
2572,Nashville,Median Income,tract,7663,RGNN,2,0.9206349206349206,0.3333333333333333,0.4222222222222222,0.9983571972581874,0.6080246913580247,0.7283950617283951
2573,Nashville,Median Income,tract,7663,RGNN,3,1.0,0.24444444444444444,0.24444444444444444,1.0,0.5623456790123457,0.6049382716049383
2574,Nashville,Median Income,tract,7663,RGNN,4,0.9444444444444444,0.2222222222222222,0.3333333333333333,0.9899139375476009,0.5740740740740741,0.6858024691358023
2575,Nashville,Median Income,tract,7663,RGNN,5,0.9761904761904762,0.35555555555555557,0.3333333333333333,0.9977029702970297,0.6499999999999999,0.6222222222222222
2576,Nashville,Median Income,tract,7663,RGNN,6,0.9841269841269841,0.4,0.26666666666666666,0.9997623762376238,0.6975308641975309,0.5771604938271604
2577,Nashville,Median Income,tract,7663,RGNN,7,0.9444444444444444,0.3111111111111111,0.28888888888888886,0.9971599390708302,0.608641975308642,0.6253086419753087
2578,Nashville,Median Income,tract,7663,RGNN,8,0.753968253968254,0.24444444444444444,0.35555555555555557,0.9810472201066261,0.5586419753086419,0.7049382716049382
2579,Nashville,Median Income,tract,7663,RGNN,9,0.9920634920634921,0.37777777777777777,0.3111111111111111,0.9997623762376238,0.6549382716049383,0.625925925925926
2580,Nashville,Median Income,tract,7663,Feat-RGNN,0,0.9365079365079365,0.3111111111111111,0.37777777777777777,0.9959291698400609,0.6425925925925926,0.7080246913580247
2581,Nashville,Median Income,tract,7663,Feat-RGNN,1,1.0,0.17777777777777778,0.28888888888888886,1.0,0.5814814814814814,0.6043209876543211
2582,Nashville,Median Income,tract,7663,Feat-RGNN,2,0.9841269841269841,0.28888888888888886,0.3111111111111111,0.9984950495049505,0.5703703703703702,0.7012345679012345
2583,Nashville,Median Income,tract,7663,Feat-RGNN,3,0.9920634920634921,0.28888888888888886,0.24444444444444444,0.9998415841584158,0.5996913580246914,0.5839506172839506
2584,Nashville,Median Income,tract,7663,Feat-RGNN,4,0.9523809523809523,0.2222222222222222,0.3333333333333333,0.9983526275704493,0.5722222222222222,0.6561728395061728
2585,Nashville,Median Income,tract,7663,Feat-RGNN,5,0.753968253968254,0.26666666666666666,0.2222222222222222,0.9933015993907084,0.6586419753086419,0.5308641975308642
2586,Nashville,Median Income,tract,7663,Feat-RGNN,6,0.8968253968253969,0.26666666666666666,0.28888888888888886,0.9793450114242195,0.624074074074074,0.637037037037037
2587,Nashville,Median Income,tract,7663,Feat-RGNN,7,0.9285714285714286,0.28888888888888886,0.3333333333333333,0.9911835491241432,0.5895061728395061,0.6660493827160494
2588,Nashville,Median Income,tract,7663,Feat-RGNN,8,0.9444444444444444,0.28888888888888886,0.28888888888888886,0.9956100533130237,0.5691358024691359,0.6456790123456789
2589,Nashville,Median Income,tract,7663,Feat-RGNN,9,0.8412698412698413,0.24444444444444444,0.4,0.9726252856054837,0.6413580246913579,0.6746913580246915
2590,Nashville,Median Income,tract,7663,Feat\&PC-RGNN,0,0.9206349206349206,0.3333333333333333,0.3333333333333333,0.9974859101294744,0.7098765432098765,0.6598765432098765
2591,Nashville,Median Income,tract,7663,Feat\&PC-RGNN,1,0.9761904761904762,0.3333333333333333,0.4444444444444444,0.999049504950495,0.6753086419753087,0.7253086419753086
2592,Nashville,Median Income,tract,7663,Feat\&PC-RGNN,2,1.0,0.28888888888888886,0.4222222222222222,1.0,0.6462962962962963,0.758641975308642
2593,Nashville,Median Income,tract,7663,Feat\&PC-RGNN,3,0.9920634920634921,0.35555555555555557,0.3111111111111111,0.9982574257425743,0.6345679012345679,0.662962962962963
2594,Nashville,Median Income,tract,7663,Feat\&PC-RGNN,4,0.9920634920634921,0.28888888888888886,0.4222222222222222,1.0,0.6209876543209877,0.6783950617283951
2595,Nashville,Median Income,tract,7663,Feat\&PC-RGNN,5,0.9365079365079365,0.3333333333333333,0.3111111111111111,0.9975468392993145,0.7561728395061728,0.6475308641975308
2596,Nashville,Median Income,tract,7663,Feat\&PC-RGNN,6,1.0,0.4222222222222222,0.4,1.0,0.7191358024691359,0.6907407407407407
2597,Nashville,Median Income,tract,7663,Feat\&PC-RGNN,7,0.8968253968253969,0.28888888888888886,0.37777777777777777,0.9924821020563594,0.6092592592592593,0.7160493827160493
2598,Nashville,Median Income,tract,7663,Feat\&PC-RGNN,8,1.0,0.24444444444444444,0.4222222222222222,1.0,0.6722222222222223,0.6790123456790123
2599,Nashville,Median Income,tract,7663,Feat\&PC-RGNN,9,0.9841269841269841,0.5111111111111111,0.37777777777777777,0.9992871287128713,0.7512345679012347,0.6641975308641974
2600,Nashville,Median Income,tract,7663,LightGCN,0,1.0,0.37777777777777777,0.4444444444444444,1.0,0.708641975308642,0.7222222222222221
2601,Nashville,Median Income,tract,7663,LightGCN,1,1.0,0.2,0.3111111111111111,0.9999207920792079,0.5962962962962962,0.6851851851851851
2602,Nashville,Median Income,tract,7663,LightGCN,2,0.9920634920634921,0.4666666666666667,0.5111111111111111,1.0,0.6962962962962962,0.7962962962962962
2603,Nashville,Median Income,tract,7663,LightGCN,3,1.0,0.24444444444444444,0.4888888888888889,1.0,0.6339506172839506,0.7061728395061728
2604,Nashville,Median Income,tract,7663,LightGCN,4,0.9841269841269841,0.4222222222222222,0.4444444444444444,0.9984158415841584,0.7111111111111111,0.6888888888888889
2605,Nashville,Median Income,tract,7663,LightGCN,5,0.9920634920634921,0.4,0.37777777777777777,0.9961188118811881,0.6623456790123458,0.6358024691358024
2606,Nashville,Median Income,tract,7663,LightGCN,6,0.9761904761904762,0.37777777777777777,0.37777777777777777,0.9992079207920792,0.7018518518518518,0.6753086419753086
2607,Nashville,Median Income,tract,7663,LightGCN,7,0.9603174603174603,0.4,0.4888888888888889,0.9968316831683168,0.6746913580246914,0.7641975308641975
2608,Nashville,Median Income,tract,7663,LightGCN,8,1.0,0.4,0.4444444444444444,1.0,0.6432098765432099,0.701851851851852
2609,Nashville,Median Income,tract,7663,LightGCN,9,0.746031746031746,0.4444444444444444,0.4,0.9728552932216299,0.7753086419753087,0.7018518518518518
2610,Nashville,Median Income,tract,7663,Feat-LightGCN,0,1.0,0.3333333333333333,0.4222222222222222,1.0,0.6882716049382716,0.7145061728395061
2611,Nashville,Median Income,tract,7663,Feat-LightGCN,1,1.0,0.26666666666666666,0.28888888888888886,1.0,0.6407407407407407,0.6302469135802469
2612,Nashville,Median Income,tract,7663,Feat-LightGCN,2,1.0,0.37777777777777777,0.35555555555555557,1.0,0.7092592592592593,0.695679012345679
2613,Nashville,Median Income,tract,7663,Feat-LightGCN,3,1.0,0.2222222222222222,0.3111111111111111,1.0,0.5919753086419753,0.691358024691358
2614,Nashville,Median Income,tract,7663,Feat-LightGCN,4,1.0,0.2222222222222222,0.37777777777777777,1.0,0.5938271604938271,0.6833333333333333
2615,Nashville,Median Income,tract,7663,Feat-LightGCN,5,1.0,0.3333333333333333,0.3333333333333333,1.0,0.6524691358024691,0.6308641975308642
2616,Nashville,Median Income,tract,7663,Feat-LightGCN,6,1.0,0.3111111111111111,0.4,1.0,0.7148148148148149,0.6234567901234568
2617,Nashville,Median Income,tract,7663,Feat-LightGCN,7,1.0,0.4,0.35555555555555557,1.0,0.6450617283950617,0.6851851851851851
2618,Nashville,Median Income,tract,7663,Feat-LightGCN,8,1.0,0.35555555555555557,0.35555555555555557,1.0,0.6885802469135802,0.7358024691358025
2619,Nashville,Median Income,tract,7663,Feat-LightGCN,9,1.0,0.4666666666666667,0.4222222222222222,1.0,0.7308641975308643,0.6938271604938272
2620,Nashville,Median Income,tract,7663,Feat\&PC-LightGCN,0,1.0,0.37777777777777777,0.37777777777777777,1.0,0.7271604938271604,0.711111111111111
2621,Nashville,Median Income,tract,7663,Feat\&PC-LightGCN,1,1.0,0.28888888888888886,0.4444444444444444,1.0,0.6222222222222222,0.7092592592592591
2622,Nashville,Median Income,tract,7663,Feat\&PC-LightGCN,2,1.0,0.3111111111111111,0.4222222222222222,1.0,0.6604938271604939,0.7438271604938271
2623,Nashville,Median Income,tract,7663,Feat\&PC-LightGCN,3,1.0,0.3111111111111111,0.4222222222222222,1.0,0.6351851851851851,0.7475308641975309
2624,Nashville,Median Income,tract,7663,Feat\&PC-LightGCN,4,1.0,0.3111111111111111,0.5111111111111111,1.0,0.667283950617284,0.708641975308642
2625,Nashville,Median Income,tract,7663,Feat\&PC-LightGCN,5,1.0,0.3111111111111111,0.3111111111111111,1.0,0.6342592592592592,0.6401234567901234
2626,Nashville,Median Income,tract,7663,Feat\&PC-LightGCN,6,1.0,0.37777777777777777,0.3111111111111111,1.0,0.6802469135802468,0.6385802469135802
2627,Nashville,Median Income,tract,7663,Feat\&PC-LightGCN,7,1.0,0.3111111111111111,0.37777777777777777,1.0,0.6376543209876544,0.6854938271604938
2628,Nashville,Median Income,tract,7663,Feat\&PC-LightGCN,8,1.0,0.24444444444444444,0.37777777777777777,1.0,0.5891975308641975,0.6901234567901234
2629,Nashville,Median Income,tract,7663,Feat\&PC-LightGCN,9,1.0,0.4444444444444444,0.24444444444444444,1.0,0.7185185185185186,0.6484567901234568
2630,Nashville,Median Income,tract,7663,NoPreTrain,0,1.0,0.26666666666666666,0.2222222222222222,1.0,0.5540123456790124,0.5419753086419753
2631,Nashville,Median Income,tract,7663,NoPreTrain,1,1.0,0.3111111111111111,0.4222222222222222,1.0,0.5685185185185185,0.6932098765432098
2632,Nashville,Median Income,tract,7663,NoPreTrain,2,1.0,0.26666666666666666,0.17777777777777778,1.0,0.5410493827160494,0.4685185185185185
2633,Nashville,Median Income,tract,7663,NoPreTrain,3,1.0,0.26666666666666666,0.1111111111111111,1.0,0.5753086419753087,0.437037037037037
2634,Nashville,Median Income,tract,7663,NoPreTrain,4,1.0,0.26666666666666666,0.1111111111111111,1.0,0.6197530864197531,0.5259259259259259
2635,Nashville,Median Income,tract,7663,NoPreTrain,5,1.0,0.17777777777777778,0.15555555555555556,1.0,0.49259259259259264,0.49444444444444446
2636,Nashville,Median Income,tract,7663,NoPreTrain,6,1.0,0.17777777777777778,0.2222222222222222,1.0,0.44567901234567897,0.5123456790123456
2637,Nashville,Median Income,tract,7663,NoPreTrain,7,1.0,0.17777777777777778,0.17777777777777778,1.0,0.46358024691358024,0.4864197530864197
2638,Nashville,Median Income,tract,7663,NoPreTrain,8,1.0,0.26666666666666666,0.15555555555555556,1.0,0.5814814814814815,0.5413580246913581
2639,Nashville,Median Income,tract,7663,NoPreTrain,9,1.0,0.24444444444444444,0.35555555555555557,1.0,0.5753086419753086,0.5728395061728395
2640,Nashville,Median Home Value,tract,7508,Emb,0,1.0,0.26666666666666666,0.3111111111111111,1.0,0.6012345679012346,0.5660493827160493
2641,Nashville,Median Home Value,tract,7508,Emb,1,1.0,0.26666666666666666,0.2222222222222222,1.0,0.6018518518518519,0.5475308641975308
2642,Nashville,Median Home Value,tract,7508,Emb,2,1.0,0.2222222222222222,0.3111111111111111,1.0,0.5728395061728395,0.6222222222222222
2643,Nashville,Median Home Value,tract,7508,Emb,3,1.0,0.3333333333333333,0.4,1.0,0.669753086419753,0.7274691358024692
2644,Nashville,Median Home Value,tract,7508,Emb,4,1.0,0.2222222222222222,0.2222222222222222,1.0,0.5981481481481482,0.6395061728395062
2645,Nashville,Median Home Value,tract,7508,Emb,5,1.0,0.3333333333333333,0.3111111111111111,1.0,0.6808641975308641,0.6820987654320987
2646,Nashville,Median Home Value,tract,7508,Emb,6,1.0,0.4,0.37777777777777777,1.0,0.695679012345679,0.6413580246913579
2647,Nashville,Median Home Value,tract,7508,Emb,7,1.0,0.35555555555555557,0.5333333333333333,1.0,0.6929012345679013,0.7651234567901235
2648,Nashville,Median Home Value,tract,7508,Emb,8,1.0,0.3333333333333333,0.37777777777777777,1.0,0.6722222222222222,0.7382716049382716
2649,Nashville,Median Home Value,tract,7508,Emb,9,1.0,0.35555555555555557,0.3111111111111111,1.0,0.701851851851852,0.70679012345679
2650,Nashville,Median Home Value,tract,7508,RGNN,0,0.992,0.35555555555555557,0.4,0.99992,0.7234567901234568,0.7
2651,Nashville,Median Home Value,tract,7508,RGNN,1,1.0,0.2,0.24444444444444444,1.0,0.5833333333333333,0.6024691358024691
2652,Nashville,Median Home Value,tract,7508,RGNN,2,1.0,0.4,0.4,1.0,0.7030864197530864,0.6975308641975309
2653,Nashville,Median Home Value,tract,7508,RGNN,3,0.992,0.3333333333333333,0.3333333333333333,1.0,0.7679012345679012,0.6462962962962964
2654,Nashville,Median Home Value,tract,7508,RGNN,4,1.0,0.24444444444444444,0.4,1.0,0.5864197530864198,0.7080246913580247
2655,Nashville,Median Home Value,tract,7508,RGNN,5,1.0,0.3111111111111111,0.5333333333333333,1.0,0.6246913580246913,0.787037037037037
2656,Nashville,Median Home Value,tract,7508,RGNN,6,0.96,0.4,0.37777777777777777,0.99816,0.7672839506172839,0.6882716049382716
2657,Nashville,Median Home Value,tract,7508,RGNN,7,0.952,0.37777777777777777,0.4444444444444444,0.9941599999999999,0.6641975308641975,0.7820987654320988
2658,Nashville,Median Home Value,tract,7508,RGNN,8,0.96,0.4222222222222222,0.4,0.99848,0.6555555555555556,0.7320987654320987
2659,Nashville,Median Home Value,tract,7508,RGNN,9,0.936,0.4,0.4444444444444444,0.9963199999999999,0.708641975308642,0.7185185185185186
2660,Nashville,Median Home Value,tract,7508,Feat-RGNN,0,0.992,0.3111111111111111,0.3111111111111111,0.9996,0.6814814814814814,0.7043209876543208
2661,Nashville,Median Home Value,tract,7508,Feat-RGNN,1,0.976,0.4,0.26666666666666666,0.9987999999999999,0.715432098765432,0.608641975308642
2662,Nashville,Median Home Value,tract,7508,Feat-RGNN,2,0.984,0.3111111111111111,0.35555555555555557,1.0,0.701851851851852,0.6660493827160494
2663,Nashville,Median Home Value,tract,7508,Feat-RGNN,3,0.848,0.4444444444444444,0.3333333333333333,0.99328,0.7716049382716049,0.6746913580246914
2664,Nashville,Median Home Value,tract,7508,Feat-RGNN,4,1.0,0.28888888888888886,0.4666666666666667,1.0,0.615432098765432,0.6888888888888889
2665,Nashville,Median Home Value,tract,7508,Feat-RGNN,5,1.0,0.35555555555555557,0.5111111111111111,1.0,0.7067901234567902,0.7790123456790123
2666,Nashville,Median Home Value,tract,7508,Feat-RGNN,6,0.872,0.4222222222222222,0.26666666666666666,0.98872,0.7395061728395061,0.6709876543209875
2667,Nashville,Median Home Value,tract,7508,Feat-RGNN,7,0.952,0.35555555555555557,0.5111111111111111,0.9975200000000001,0.6870370370370371,0.8141975308641977
2668,Nashville,Median Home Value,tract,7508,Feat-RGNN,8,0.912,0.3111111111111111,0.4222222222222222,0.9974399999999999,0.6506172839506172,0.7728395061728396
2669,Nashville,Median Home Value,tract,7508,Feat-RGNN,9,0.944,0.4444444444444444,0.4,0.9977600000000001,0.7407407407407407,0.6932098765432099
2670,Nashville,Median Home Value,tract,7508,Feat\&PC-RGNN,0,1.0,0.3333333333333333,0.26666666666666666,1.0,0.7296296296296296,0.6697530864197531
2671,Nashville,Median Home Value,tract,7508,Feat\&PC-RGNN,1,0.992,0.3333333333333333,0.3333333333333333,1.0,0.6777777777777777,0.7351851851851852
2672,Nashville,Median Home Value,tract,7508,Feat\&PC-RGNN,2,0.976,0.28888888888888886,0.35555555555555557,1.0,0.6956790123456791,0.6919753086419752
2673,Nashville,Median Home Value,tract,7508,Feat\&PC-RGNN,3,0.992,0.3333333333333333,0.26666666666666666,0.99976,0.6888888888888889,0.6277777777777779
2674,Nashville,Median Home Value,tract,7508,Feat\&PC-RGNN,4,1.0,0.3111111111111111,0.4,1.0,0.6932098765432099,0.6820987654320987
2675,Nashville,Median Home Value,tract,7508,Feat\&PC-RGNN,5,0.992,0.5555555555555556,0.28888888888888886,0.9998400000000001,0.7623456790123456,0.6666666666666666
2676,Nashville,Median Home Value,tract,7508,Feat\&PC-RGNN,6,0.992,0.4222222222222222,0.37777777777777777,0.9996,0.741358024691358,0.69320987654321
2677,Nashville,Median Home Value,tract,7508,Feat\&PC-RGNN,7,0.976,0.37777777777777777,0.4222222222222222,0.9980800000000001,0.6604938271604939,0.7648148148148148
2678,Nashville,Median Home Value,tract,7508,Feat\&PC-RGNN,8,0.984,0.2222222222222222,0.4444444444444444,0.99976,0.6333333333333333,0.8006172839506174
2679,Nashville,Median Home Value,tract,7508,Feat\&PC-RGNN,9,1.0,0.3333333333333333,0.4666666666666667,1.0,0.6771604938271605,0.7518518518518519
2680,Nashville,Median Home Value,tract,7508,LightGCN,0,0.992,0.28888888888888886,0.4222222222222222,0.99976,0.669753086419753,0.7166666666666667
2681,Nashville,Median Home Value,tract,7508,LightGCN,1,0.992,0.35555555555555557,0.4222222222222222,0.99832,0.7061728395061728,0.737037037037037
2682,Nashville,Median Home Value,tract,7508,LightGCN,2,0.976,0.37777777777777777,0.37777777777777777,0.99968,0.7141975308641975,0.7512345679012346
2683,Nashville,Median Home Value,tract,7508,LightGCN,3,1.0,0.4222222222222222,0.35555555555555557,1.0,0.7691358024691357,0.7018518518518518
2684,Nashville,Median Home Value,tract,7508,LightGCN,4,0.968,0.24444444444444444,0.5333333333333333,0.9960000000000001,0.6790123456790124,0.7537037037037037
2685,Nashville,Median Home Value,tract,7508,LightGCN,5,1.0,0.37777777777777777,0.35555555555555557,1.0,0.7598765432098766,0.7314814814814815
2686,Nashville,Median Home Value,tract,7508,LightGCN,6,0.96,0.4444444444444444,0.5555555555555556,0.9977600000000001,0.7827160493827161,0.7901234567901234
2687,Nashville,Median Home Value,tract,7508,LightGCN,7,0.92,0.4666666666666667,0.5111111111111111,0.99224,0.75,0.7925925925925926
2688,Nashville,Median Home Value,tract,7508,LightGCN,8,0.952,0.28888888888888886,0.5111111111111111,0.9972000000000001,0.6858024691358025,0.7851851851851852
2689,Nashville,Median Home Value,tract,7508,LightGCN,9,0.984,0.37777777777777777,0.4222222222222222,0.99968,0.7438271604938271,0.7660493827160493
2690,Nashville,Median Home Value,tract,7508,Feat-LightGCN,0,1.0,0.28888888888888886,0.35555555555555557,1.0,0.6734567901234568,0.7182098765432099
2691,Nashville,Median Home Value,tract,7508,Feat-LightGCN,1,1.0,0.35555555555555557,0.4,1.0,0.6932098765432098,0.7299382716049382
2692,Nashville,Median Home Value,tract,7508,Feat-LightGCN,2,1.0,0.37777777777777777,0.3111111111111111,1.0,0.6759259259259259,0.6697530864197531
2693,Nashville,Median Home Value,tract,7508,Feat-LightGCN,3,1.0,0.37777777777777777,0.3333333333333333,1.0,0.7753086419753086,0.6438271604938272
2694,Nashville,Median Home Value,tract,7508,Feat-LightGCN,4,1.0,0.4222222222222222,0.3111111111111111,1.0,0.7222222222222222,0.687037037037037
2695,Nashville,Median Home Value,tract,7508,Feat-LightGCN,5,1.0,0.37777777777777777,0.4666666666666667,1.0,0.6586419753086419,0.7675925925925926
2696,Nashville,Median Home Value,tract,7508,Feat-LightGCN,6,1.0,0.35555555555555557,0.35555555555555557,1.0,0.6765432098765432,0.6512345679012346
2697,Nashville,Median Home Value,tract,7508,Feat-LightGCN,7,1.0,0.35555555555555557,0.4,1.0,0.7092592592592593,0.7151234567901235
2698,Nashville,Median Home Value,tract,7508,Feat-LightGCN,8,1.0,0.4666666666666667,0.4222222222222222,1.0,0.7030864197530865,0.7456790123456789
2699,Nashville,Median Home Value,tract,7508,Feat-LightGCN,9,1.0,0.4222222222222222,0.37777777777777777,1.0,0.774074074074074,0.6783950617283951
2700,Nashville,Median Home Value,tract,7508,Feat\&PC-LightGCN,0,1.0,0.28888888888888886,0.4,1.0,0.6469135802469136,0.70679012345679
2701,Nashville,Median Home Value,tract,7508,Feat\&PC-LightGCN,1,1.0,0.2222222222222222,0.35555555555555557,1.0,0.6083333333333333,0.6981481481481481
2702,Nashville,Median Home Value,tract,7508,Feat\&PC-LightGCN,2,1.0,0.4666666666666667,0.4,1.0,0.753395061728395,0.6916666666666667
2703,Nashville,Median Home Value,tract,7508,Feat\&PC-LightGCN,3,1.0,0.4666666666666667,0.35555555555555557,1.0,0.7660493827160494,0.6932098765432099
2704,Nashville,Median Home Value,tract,7508,Feat\&PC-LightGCN,4,1.0,0.37777777777777777,0.37777777777777777,1.0,0.7296296296296296,0.6944444444444444
2705,Nashville,Median Home Value,tract,7508,Feat\&PC-LightGCN,5,1.0,0.37777777777777777,0.5111111111111111,1.0,0.6438271604938273,0.7817901234567901
2706,Nashville,Median Home Value,tract,7508,Feat\&PC-LightGCN,6,1.0,0.4888888888888889,0.4,1.0,0.7938271604938272,0.690432098765432
2707,Nashville,Median Home Value,tract,7508,Feat\&PC-LightGCN,7,1.0,0.3111111111111111,0.4444444444444444,1.0,0.6962962962962962,0.763888888888889
2708,Nashville,Median Home Value,tract,7508,Feat\&PC-LightGCN,8,1.0,0.4,0.5777777777777777,1.0,0.7015432098765432,0.8219135802469136
2709,Nashville,Median Home Value,tract,7508,Feat\&PC-LightGCN,9,1.0,0.4222222222222222,0.3111111111111111,1.0,0.7518518518518518,0.6617283950617284
2710,Nashville,Median Home Value,tract,7508,NoPreTrain,0,1.0,0.17777777777777778,0.15555555555555556,1.0,0.5327160493827161,0.46728395061728395
2711,Nashville,Median Home Value,tract,7508,NoPreTrain,1,1.0,0.13333333333333333,0.26666666666666666,1.0,0.48209876543209884,0.5574074074074074
2712,Nashville,Median Home Value,tract,7508,NoPreTrain,2,1.0,0.24444444444444444,0.3111111111111111,1.0,0.5922839506172839,0.5703703703703704
2713,Nashville,Median Home Value,tract,7508,NoPreTrain,3,1.0,0.26666666666666666,0.17777777777777778,1.0,0.5891975308641975,0.5271604938271605
2714,Nashville,Median Home Value,tract,7508,NoPreTrain,4,1.0,0.15555555555555556,0.2222222222222222,1.0,0.5796296296296296,0.5703703703703703
2715,Nashville,Median Home Value,tract,7508,NoPreTrain,5,1.0,0.3111111111111111,0.28888888888888886,1.0,0.6444444444444445,0.6623456790123458
2716,Nashville,Median Home Value,tract,7508,NoPreTrain,6,1.0,0.24444444444444444,0.24444444444444444,1.0,0.6030864197530864,0.5716049382716049
2717,Nashville,Median Home Value,tract,7508,NoPreTrain,7,1.0,0.28888888888888886,0.35555555555555557,1.0,0.6166666666666666,0.6179012345679011
2718,Nashville,Median Home Value,tract,7508,NoPreTrain,8,1.0,0.35555555555555557,0.28888888888888886,1.0,0.6679012345679013,0.6018518518518519
2719,Nashville,Median Home Value,tract,7508,NoPreTrain,9,1.0,0.15555555555555556,0.3111111111111111,1.0,0.524074074074074,0.6537037037037038
2720,Nashville,Commute Time,tract,5198,Emb,0,1.0,0.34285714285714286,0.22857142857142856,1.0,0.6551020408163265,0.5479591836734693
2721,Nashville,Commute Time,tract,5198,Emb,1,1.0,0.2857142857142857,0.14285714285714285,1.0,0.5795918367346938,0.4704081632653061
2722,Nashville,Commute Time,tract,5198,Emb,2,1.0,0.2,0.22857142857142856,1.0,0.5336734693877551,0.5357142857142858
2723,Nashville,Commute Time,tract,5198,Emb,3,1.0,0.17142857142857143,0.2857142857142857,1.0,0.42551020408163265,0.6091836734693877
2724,Nashville,Commute Time,tract,5198,Emb,4,1.0,0.22857142857142856,0.22857142857142856,1.0,0.5469387755102041,0.5010204081632652
2725,Nashville,Commute Time,tract,5198,Emb,5,1.0,0.17142857142857143,0.22857142857142856,1.0,0.5020408163265306,0.5540816326530613
2726,Nashville,Commute Time,tract,5198,Emb,6,1.0,0.2,0.17142857142857143,1.0,0.4785714285714285,0.42653061224489797
2727,Nashville,Commute Time,tract,5198,Emb,7,1.0,0.2571428571428571,0.2,1.0,0.5438775510204081,0.5265306122448979
2728,Nashville,Commute Time,tract,5198,Emb,8,1.0,0.22857142857142856,0.22857142857142856,1.0,0.5428571428571429,0.5785714285714285
2729,Nashville,Commute Time,tract,5198,Emb,9,1.0,0.14285714285714285,0.2857142857142857,1.0,0.49183673469387756,0.5112244897959183
2730,Nashville,Commute Time,tract,5198,RGNN,0,1.0,0.22857142857142856,0.22857142857142856,1.0,0.5785714285714285,0.5071428571428571
2731,Nashville,Commute Time,tract,5198,RGNN,1,0.9897959183673469,0.22857142857142856,0.14285714285714285,1.0,0.5357142857142858,0.4612244897959183
2732,Nashville,Commute Time,tract,5198,RGNN,2,0.8775510204081632,0.17142857142857143,0.22857142857142856,0.9900626932472368,0.49387755102040815,0.5673469387755101
2733,Nashville,Commute Time,tract,5198,RGNN,3,1.0,0.2571428571428571,0.4,1.0,0.46428571428571425,0.636734693877551
2734,Nashville,Commute Time,tract,5198,RGNN,4,1.0,0.22857142857142856,0.11428571428571428,1.0,0.5020408163265306,0.5724489795918368
2735,Nashville,Commute Time,tract,5198,RGNN,5,1.0,0.14285714285714285,0.22857142857142856,1.0,0.49183673469387745,0.5173469387755102
2736,Nashville,Commute Time,tract,5198,RGNN,6,0.9897959183673469,0.11428571428571428,0.2857142857142857,0.9985897435897435,0.46224489795918366,0.5489795918367346
2737,Nashville,Commute Time,tract,5198,RGNN,7,1.0,0.17142857142857143,0.2,1.0,0.4877551020408163,0.49489795918367346
2738,Nashville,Commute Time,tract,5198,RGNN,8,0.8367346938775511,0.22857142857142856,0.3142857142857143,0.9941501392234237,0.5040816326530612,0.5193877551020408
2739,Nashville,Commute Time,tract,5198,RGNN,9,1.0,0.2857142857142857,0.02857142857142857,1.0,0.5102040816326531,0.463265306122449
2740,Nashville,Commute Time,tract,5198,Feat-RGNN,0,0.9795918367346939,0.2857142857142857,0.14285714285714285,0.9994871794871795,0.5081632653061224,0.4448979591836735
2741,Nashville,Commute Time,tract,5198,Feat-RGNN,1,1.0,0.2571428571428571,0.22857142857142856,1.0,0.5091836734693878,0.5438775510204081
2742,Nashville,Commute Time,tract,5198,Feat-RGNN,2,0.8673469387755102,0.2,0.17142857142857143,0.9934061053314884,0.5010204081632653,0.44897959183673475
2743,Nashville,Commute Time,tract,5198,Feat-RGNN,3,0.9387755102040817,0.05714285714285714,0.2,0.9981748919523736,0.3377551020408163,0.5387755102040817
2744,Nashville,Commute Time,tract,5198,Feat-RGNN,4,1.0,0.2,0.17142857142857143,1.0,0.5846938775510203,0.4418367346938775
2745,Nashville,Commute Time,tract,5198,Feat-RGNN,5,0.9081632653061225,0.22857142857142856,0.17142857142857143,0.9930388288149781,0.5704081632653061,0.47857142857142865
2746,Nashville,Commute Time,tract,5198,Feat-RGNN,6,0.9795918367346939,0.2571428571428571,0.22857142857142856,0.9975641025641024,0.570408163265306,0.5142857142857142
2747,Nashville,Commute Time,tract,5198,Feat-RGNN,7,0.6530612244897959,0.2,0.17142857142857143,0.958724610943132,0.5357142857142858,0.5
2748,Nashville,Commute Time,tract,5198,Feat-RGNN,8,0.9897959183673469,0.2857142857142857,0.3142857142857143,0.999102564102564,0.5510204081632653,0.5999999999999999
2749,Nashville,Commute Time,tract,5198,Feat-RGNN,9,1.0,0.22857142857142856,0.14285714285714285,1.0,0.5204081632653061,0.44693877551020406
2750,Nashville,Commute Time,tract,5198,Feat\&PC-RGNN,0,0.9081632653061225,0.4857142857142857,0.3142857142857143,0.9969230769230769,0.710204081632653,0.5561224489795918
2751,Nashville,Commute Time,tract,5198,Feat\&PC-RGNN,1,0.9897959183673469,0.2,0.2571428571428571,1.0,0.5469387755102041,0.5693877551020408
2752,Nashville,Commute Time,tract,5198,Feat\&PC-RGNN,2,0.8979591836734694,0.22857142857142856,0.3142857142857143,0.9928003553186766,0.4806122448979592,0.620408163265306
2753,Nashville,Commute Time,tract,5198,Feat\&PC-RGNN,3,1.0,0.17142857142857143,0.2571428571428571,1.0,0.5224489795918367,0.539795918367347
2754,Nashville,Commute Time,tract,5198,Feat\&PC-RGNN,4,1.0,0.2857142857142857,0.2571428571428571,1.0,0.6255102040816327,0.5591836734693877
2755,Nashville,Commute Time,tract,5198,Feat\&PC-RGNN,5,1.0,0.2,0.2571428571428571,1.0,0.5826530612244898,0.5173469387755103
2756,Nashville,Commute Time,tract,5198,Feat\&PC-RGNN,6,1.0,0.17142857142857143,0.2571428571428571,1.0,0.5163265306122449,0.5744897959183672
2757,Nashville,Commute Time,tract,5198,Feat\&PC-RGNN,7,1.0,0.45714285714285713,0.2857142857142857,1.0,0.7244897959183673,0.5704081632653061
2758,Nashville,Commute Time,tract,5198,Feat\&PC-RGNN,8,1.0,0.2571428571428571,0.2571428571428571,1.0,0.5693877551020409,0.5265306122448979
2759,Nashville,Commute Time,tract,5198,Feat\&PC-RGNN,9,0.9285714285714286,0.34285714285714286,0.11428571428571428,0.998071883701464,0.6785714285714286,0.4091836734693878
2760,Nashville,Commute Time,tract,5198,LightGCN,0,1.0,0.2857142857142857,0.2857142857142857,1.0,0.6540816326530612,0.6
2761,Nashville,Commute Time,tract,5198,LightGCN,1,1.0,0.37142857142857144,0.2571428571428571,1.0,0.6387755102040816,0.5877551020408164
2762,Nashville,Commute Time,tract,5198,LightGCN,2,1.0,0.22857142857142856,0.22857142857142856,1.0,0.5173469387755102,0.5959183673469388
2763,Nashville,Commute Time,tract,5198,LightGCN,3,1.0,0.2857142857142857,0.3142857142857143,1.0,0.539795918367347,0.6306122448979592
2764,Nashville,Commute Time,tract,5198,LightGCN,4,1.0,0.34285714285714286,0.37142857142857144,1.0,0.5959183673469388,0.6285714285714286
2765,Nashville,Commute Time,tract,5198,LightGCN,5,1.0,0.2571428571428571,0.4,1.0,0.6540816326530612,0.6153061224489795
2766,Nashville,Commute Time,tract,5198,LightGCN,6,1.0,0.2571428571428571,0.4,1.0,0.6275510204081632,0.65
2767,Nashville,Commute Time,tract,5198,LightGCN,7,1.0,0.22857142857142856,0.22857142857142856,1.0,0.5622448979591835,0.5387755102040817
2768,Nashville,Commute Time,tract,5198,LightGCN,8,1.0,0.2857142857142857,0.22857142857142856,1.0,0.6081632653061225,0.5683673469387754
2769,Nashville,Commute Time,tract,5198,LightGCN,9,0.9897959183673469,0.37142857142857144,0.37142857142857144,0.9994771007362612,0.6173469387755102,0.6663265306122449
2770,Nashville,Commute Time,tract,5198,Feat-LightGCN,0,1.0,0.34285714285714286,0.37142857142857144,1.0,0.6244897959183674,0.6030612244897959
2771,Nashville,Commute Time,tract,5198,Feat-LightGCN,1,1.0,0.2857142857142857,0.2857142857142857,1.0,0.6193877551020408,0.6010204081632653
2772,Nashville,Commute Time,tract,5198,Feat-LightGCN,2,1.0,0.22857142857142856,0.22857142857142856,1.0,0.5193877551020408,0.5459183673469388
2773,Nashville,Commute Time,tract,5198,Feat-LightGCN,3,1.0,0.2,0.2857142857142857,1.0,0.4836734693877551,0.5928571428571429
2774,Nashville,Commute Time,tract,5198,Feat-LightGCN,4,1.0,0.4857142857142857,0.2571428571428571,1.0,0.7071428571428571,0.5816326530612246
2775,Nashville,Commute Time,tract,5198,Feat-LightGCN,5,1.0,0.3142857142857143,0.2571428571428571,1.0,0.6112244897959183,0.6387755102040815
2776,Nashville,Commute Time,tract,5198,Feat-LightGCN,6,1.0,0.2857142857142857,0.22857142857142856,1.0,0.6153061224489795,0.5724489795918367
2777,Nashville,Commute Time,tract,5198,Feat-LightGCN,7,1.0,0.2857142857142857,0.2571428571428571,1.0,0.6280612244897958,0.5918367346938774
2778,Nashville,Commute Time,tract,5198,Feat-LightGCN,8,1.0,0.2571428571428571,0.34285714285714286,1.0,0.6265306122448979,0.6040816326530614
2779,Nashville,Commute Time,tract,5198,Feat-LightGCN,9,1.0,0.2571428571428571,0.17142857142857143,1.0,0.6214285714285713,0.5316326530612244
2780,Nashville,Commute Time,tract,5198,Feat\&PC-LightGCN,0,1.0,0.34285714285714286,0.22857142857142856,1.0,0.6622448979591835,0.5836734693877551
2781,Nashville,Commute Time,tract,5198,Feat\&PC-LightGCN,1,1.0,0.37142857142857144,0.2857142857142857,1.0,0.5571428571428572,0.6306122448979592
2782,Nashville,Commute Time,tract,5198,Feat\&PC-LightGCN,2,1.0,0.17142857142857143,0.3142857142857143,1.0,0.49183673469387756,0.6137755102040815
2783,Nashville,Commute Time,tract,5198,Feat\&PC-LightGCN,3,1.0,0.2571428571428571,0.2857142857142857,1.0,0.5153061224489797,0.6061224489795918
2784,Nashville,Commute Time,tract,5198,Feat\&PC-LightGCN,4,1.0,0.34285714285714286,0.22857142857142856,1.0,0.6265306122448979,0.4693877551020408
2785,Nashville,Commute Time,tract,5198,Feat\&PC-LightGCN,5,1.0,0.22857142857142856,0.2857142857142857,1.0,0.5775510204081632,0.5795918367346938
2786,Nashville,Commute Time,tract,5198,Feat\&PC-LightGCN,6,1.0,0.3142857142857143,0.3142857142857143,1.0,0.6448979591836734,0.5826530612244898
2787,Nashville,Commute Time,tract,5198,Feat\&PC-LightGCN,7,1.0,0.2,0.2857142857142857,1.0,0.5392857142857144,0.5443877551020407
2788,Nashville,Commute Time,tract,5198,Feat\&PC-LightGCN,8,1.0,0.2857142857142857,0.3142857142857143,1.0,0.6142857142857142,0.596938775510204
2789,Nashville,Commute Time,tract,5198,Feat\&PC-LightGCN,9,1.0,0.2,0.2571428571428571,1.0,0.5591836734693878,0.5530612244897959
2790,Nashville,Commute Time,tract,5198,NoPreTrain,0,1.0,0.3142857142857143,0.11428571428571428,1.0,0.5887755102040816,0.46020408163265303
2791,Nashville,Commute Time,tract,5198,NoPreTrain,1,1.0,0.3142857142857143,0.2,1.0,0.5836734693877551,0.5428571428571429
2792,Nashville,Commute Time,tract,5198,NoPreTrain,2,1.0,0.08571428571428572,0.2571428571428571,1.0,0.4887755102040816,0.5346938775510204
2793,Nashville,Commute Time,tract,5198,NoPreTrain,3,1.0,0.2,0.2,1.0,0.5612244897959184,0.4959183673469387
2794,Nashville,Commute Time,tract,5198,NoPreTrain,4,1.0,0.14285714285714285,0.11428571428571428,1.0,0.47448979591836726,0.3795918367346939
2795,Nashville,Commute Time,tract,5198,NoPreTrain,5,1.0,0.22857142857142856,0.2,1.0,0.5071428571428571,0.4704081632653061
2796,Nashville,Commute Time,tract,5198,NoPreTrain,6,1.0,0.2571428571428571,0.2,1.0,0.5887755102040816,0.49693877551020404
2797,Nashville,Commute Time,tract,5198,NoPreTrain,7,1.0,0.14285714285714285,0.14285714285714285,1.0,0.5214285714285715,0.43265306122448977
2798,Nashville,Commute Time,tract,5198,NoPreTrain,8,1.0,0.14285714285714285,0.2,1.0,0.4408163265306123,0.47551020408163264
2799,Nashville,Commute Time,tract,5198,NoPreTrain,9,1.0,0.17142857142857143,0.2571428571428571,1.0,0.39387755102040817,0.5928571428571427
2800,Nashville,Median Age,tract,7663,Emb,0,1.0,0.3488372093023256,0.3333333333333333,1.0,0.5731419234360411,0.6012345679012346
2801,Nashville,Median Age,tract,7663,Emb,1,1.0,0.3488372093023256,0.3333333333333333,1.0,0.627404295051354,0.6518518518518518
2802,Nashville,Median Age,tract,7663,Emb,2,1.0,0.2558139534883721,0.24444444444444444,1.0,0.6375536881419235,0.5734567901234568
2803,Nashville,Median Age,tract,7663,Emb,3,1.0,0.27906976744186046,0.2,1.0,0.6323389355742297,0.5438271604938272
2804,Nashville,Median Age,tract,7663,Emb,4,1.0,0.27906976744186046,0.3111111111111111,1.0,0.5481232492997199,0.6018518518518519
2805,Nashville,Median Age,tract,7663,Emb,5,1.0,0.20930232558139536,0.3333333333333333,1.0,0.5278197945845005,0.625925925925926
2806,Nashville,Median Age,tract,7663,Emb,6,1.0,0.3023255813953488,0.28888888888888886,1.0,0.5506769374416434,0.5833333333333333
2807,Nashville,Median Age,tract,7663,Emb,7,1.0,0.3953488372093023,0.35555555555555557,1.0,0.6792577030812326,0.662962962962963
2808,Nashville,Median Age,tract,7663,Emb,8,1.0,0.3023255813953488,0.4,1.0,0.6271615312791783,0.7049382716049383
2809,Nashville,Median Age,tract,7663,Emb,9,1.0,0.20930232558139536,0.2,1.0,0.5748926237161531,0.5685185185185184
2810,Nashville,Median Age,tract,7663,RGNN,0,0.796875,0.3488372093023256,0.24444444444444444,0.9857148762484573,0.6402147525676937,0.6444444444444445
2811,Nashville,Median Age,tract,7663,RGNN,1,0.9609375,0.2558139534883721,0.3333333333333333,0.996773221992644,0.5779318394024276,0.5635802469135802
2812,Nashville,Median Age,tract,7663,RGNN,2,0.984375,0.37209302325581395,0.3333333333333333,1.0,0.6253781512605042,0.6635802469135803
2813,Nashville,Median Age,tract,7663,RGNN,3,1.0,0.3023255813953488,0.4,1.0,0.6828758169934641,0.6506172839506172
2814,Nashville,Median Age,tract,7663,RGNN,4,0.984375,0.3488372093023256,0.3333333333333333,0.9994720965309201,0.6030672268907563,0.6487654320987655
2815,Nashville,Median Age,tract,7663,RGNN,5,1.0,0.32558139534883723,0.2222222222222222,1.0,0.6621428571428571,0.587037037037037
2816,Nashville,Median Age,tract,7663,RGNN,6,0.875,0.32558139534883723,0.28888888888888886,0.9902653538999729,0.66577964519141,0.6228395061728393
2817,Nashville,Median Age,tract,7663,RGNN,7,0.5859375,0.3023255813953488,0.24444444444444444,0.9735252354940863,0.6717226890756303,0.6395061728395062
2818,Nashville,Median Age,tract,7663,RGNN,8,0.84375,0.3488372093023256,0.26666666666666666,0.9927758322226957,0.7080765639589169,0.5666666666666668
2819,Nashville,Median Age,tract,7663,RGNN,9,0.9453125,0.27906976744186046,0.3111111111111111,0.9982540199247193,0.6072642390289449,0.6117283950617285
2820,Nashville,Median Age,tract,7663,Feat-RGNN,0,0.984375,0.3488372093023256,0.15555555555555556,0.9989282040299315,0.6297525676937441,0.5796296296296296
2821,Nashville,Median Age,tract,7663,Feat-RGNN,1,0.8984375,0.2558139534883721,0.24444444444444444,0.9930749040841131,0.5526517273576096,0.5919753086419753
2822,Nashville,Median Age,tract,7663,Feat-RGNN,2,0.984375,0.32558139534883723,0.26666666666666666,0.9990196078431373,0.6069000933706816,0.6487654320987655
2823,Nashville,Median Age,tract,7663,Feat-RGNN,3,0.9765625,0.27906976744186046,0.15555555555555556,1.0,0.5995378151260504,0.5030864197530864
2824,Nashville,Median Age,tract,7663,Feat-RGNN,4,0.953125,0.3023255813953488,0.28888888888888886,0.9970588235294118,0.6536601307189541,0.5691358024691358
2825,Nashville,Median Age,tract,7663,Feat-RGNN,5,0.9375,0.2558139534883721,0.3333333333333333,0.9928298261799119,0.5708870214752568,0.6030864197530864
2826,Nashville,Median Age,tract,7663,Feat-RGNN,6,0.890625,0.20930232558139536,0.2,0.9843408776789758,0.5532913165266107,0.6030864197530864
2827,Nashville,Median Age,tract,7663,Feat-RGNN,7,0.9375,0.37209302325581395,0.17777777777777778,0.9942387335442019,0.6659430438842203,0.5586419753086419
2828,Nashville,Median Age,tract,7663,Feat-RGNN,8,0.9375,0.3023255813953488,0.28888888888888886,0.9860377220342954,0.6219934640522876,0.6018518518518519
2829,Nashville,Median Age,tract,7663,Feat-RGNN,9,0.9375,0.27906976744186046,0.17777777777777778,0.9987933634992459,0.5982492997198878,0.6018518518518519
2830,Nashville,Median Age,tract,7663,Feat\&PC-RGNN,0,0.9765625,0.32558139534883723,0.3111111111111111,0.9997690422322776,0.6573856209150326,0.6228395061728395
2831,Nashville,Median Age,tract,7663,Feat\&PC-RGNN,1,1.0,0.4186046511627907,0.37777777777777777,1.0,0.6441783380018675,0.6808641975308641
2832,Nashville,Median Age,tract,7663,Feat\&PC-RGNN,2,0.953125,0.4418604651162791,0.17777777777777778,0.9965554417491275,0.6722408963585433,0.6148148148148147
2833,Nashville,Median Age,tract,7663,Feat\&PC-RGNN,3,0.96875,0.3488372093023256,0.35555555555555557,0.9991629480100113,0.6302567693744164,0.6314814814814815
2834,Nashville,Median Age,tract,7663,Feat\&PC-RGNN,4,0.96875,0.37209302325581395,0.2222222222222222,0.9986425339366516,0.6778711484593838,0.5611111111111111
2835,Nashville,Median Age,tract,7663,Feat\&PC-RGNN,5,0.875,0.27906976744186046,0.35555555555555557,0.9949369499480151,0.6077404295051355,0.6808641975308641
2836,Nashville,Median Age,tract,7663,Feat\&PC-RGNN,6,0.9375,0.23255813953488372,0.3111111111111111,0.995970879692598,0.6290849673202614,0.6006172839506172
2837,Nashville,Median Age,tract,7663,Feat\&PC-RGNN,7,0.9921875,0.46511627906976744,0.37777777777777777,1.0,0.7735527544351072,0.6654320987654321
2838,Nashville,Median Age,tract,7663,Feat\&PC-RGNN,8,0.96875,0.3488372093023256,0.4,0.9981877901272533,0.6652100840336135,0.6228395061728396
2839,Nashville,Median Age,tract,7663,Feat\&PC-RGNN,9,0.5234375,0.3023255813953488,0.24444444444444444,0.9545649452785927,0.595513538748833,0.6339506172839506
2840,Nashville,Median Age,tract,7663,LightGCN,0,1.0,0.3953488372093023,0.4,1.0,0.6918860877684407,0.7092592592592593
2841,Nashville,Median Age,tract,7663,LightGCN,1,0.9609375,0.3488372093023256,0.4888888888888889,0.9972438883153059,0.6223576097105509,0.7666666666666666
2842,Nashville,Median Age,tract,7663,LightGCN,2,0.9921875,0.3488372093023256,0.26666666666666666,0.9997713195267746,0.7420915032679738,0.6771604938271605
2843,Nashville,Median Age,tract,7663,LightGCN,3,0.9921875,0.3488372093023256,0.4444444444444444,0.9998491704374057,0.6923576097105508,0.7098765432098765
2844,Nashville,Median Age,tract,7663,LightGCN,4,0.953125,0.20930232558139536,0.3333333333333333,0.9977012936075198,0.6081092436974791,0.6746913580246914
2845,Nashville,Median Age,tract,7663,LightGCN,5,0.9609375,0.4186046511627907,0.24444444444444444,0.9990773158315334,0.7233473389355742,0.6141975308641975
2846,Nashville,Median Age,tract,7663,LightGCN,6,0.984375,0.3953488372093023,0.35555555555555557,0.9995495854261144,0.6870494864612512,0.6555555555555556
2847,Nashville,Median Age,tract,7663,LightGCN,7,0.859375,0.3488372093023256,0.4,0.9897214722468014,0.7219047619047618,0.682716049382716
2848,Nashville,Median Age,tract,7663,LightGCN,8,0.984375,0.3953488372093023,0.3333333333333333,0.9999223300970874,0.683468720821662,0.7172839506172839
2849,Nashville,Median Age,tract,7663,LightGCN,9,0.90625,0.32558139534883723,0.35555555555555557,0.9966052487953185,0.633767507002801,0.7339506172839506
2850,Nashville,Median Age,tract,7663,Feat-LightGCN,0,1.0,0.3953488372093023,0.24444444444444444,1.0,0.7158776844070962,0.6555555555555556
2851,Nashville,Median Age,tract,7663,Feat-LightGCN,1,1.0,0.3953488372093023,0.4888888888888889,1.0,0.683389355742297,0.754320987654321
2852,Nashville,Median Age,tract,7663,Feat-LightGCN,2,1.0,0.4883720930232558,0.4,1.0,0.7923249299719888,0.6895061728395062
2853,Nashville,Median Age,tract,7663,Feat-LightGCN,3,1.0,0.37209302325581395,0.28888888888888886,1.0,0.6799019607843138,0.6950617283950618
2854,Nashville,Median Age,tract,7663,Feat-LightGCN,4,1.0,0.23255813953488372,0.4444444444444444,1.0,0.6335200746965453,0.725925925925926
2855,Nashville,Median Age,tract,7663,Feat-LightGCN,5,1.0,0.23255813953488372,0.4,1.0,0.6175210084033613,0.6425925925925926
2856,Nashville,Median Age,tract,7663,Feat-LightGCN,6,1.0,0.2558139534883721,0.3333333333333333,1.0,0.6498179271708683,0.6296296296296295
2857,Nashville,Median Age,tract,7663,Feat-LightGCN,7,1.0,0.4186046511627907,0.3333333333333333,1.0,0.7345658263305321,0.6339506172839506
2858,Nashville,Median Age,tract,7663,Feat-LightGCN,8,1.0,0.3488372093023256,0.26666666666666666,1.0,0.6931652661064425,0.6172839506172839
2859,Nashville,Median Age,tract,7663,Feat-LightGCN,9,1.0,0.2558139534883721,0.3111111111111111,1.0,0.5871755368814193,0.6314814814814815
2860,Nashville,Median Age,tract,7663,Feat\&PC-LightGCN,0,1.0,0.37209302325581395,0.3111111111111111,1.0,0.6966619981325864,0.6697530864197532
2861,Nashville,Median Age,tract,7663,Feat\&PC-LightGCN,1,1.0,0.4186046511627907,0.4,1.0,0.7287768440709617,0.7358024691358025
2862,Nashville,Median Age,tract,7663,Feat\&PC-LightGCN,2,1.0,0.4418604651162791,0.4,1.0,0.7420915032679739,0.6858024691358025
2863,Nashville,Median Age,tract,7663,Feat\&PC-LightGCN,3,1.0,0.4186046511627907,0.37777777777777777,1.0,0.6911297852474324,0.6632716049382716
2864,Nashville,Median Age,tract,7663,Feat\&PC-LightGCN,4,1.0,0.3488372093023256,0.3333333333333333,1.0,0.6918884220354807,0.6577160493827161
2865,Nashville,Median Age,tract,7663,Feat\&PC-LightGCN,5,1.0,0.3488372093023256,0.37777777777777777,1.0,0.6291643323996265,0.7009259259259257
2866,Nashville,Median Age,tract,7663,Feat\&PC-LightGCN,6,1.0,0.3023255813953488,0.35555555555555557,1.0,0.6328244631185808,0.6648148148148147
2867,Nashville,Median Age,tract,7663,Feat\&PC-LightGCN,7,1.0,0.46511627906976744,0.4,1.0,0.7612838468720821,0.7299382716049382
2868,Nashville,Median Age,tract,7663,Feat\&PC-LightGCN,8,1.0,0.2558139534883721,0.35555555555555557,1.0,0.6023809523809524,0.6783950617283951
2869,Nashville,Median Age,tract,7663,Feat\&PC-LightGCN,9,1.0,0.3488372093023256,0.37777777777777777,1.0,0.647749766573296,0.6444444444444445
2870,Nashville,Median Age,tract,7663,NoPreTrain,0,1.0,0.2558139534883721,0.15555555555555556,1.0,0.5919187675070028,0.4691358024691358
2871,Nashville,Median Age,tract,7663,NoPreTrain,1,1.0,0.16279069767441862,0.28888888888888886,1.0,0.5331325863678804,0.5919753086419753
2872,Nashville,Median Age,tract,7663,NoPreTrain,2,1.0,0.2558139534883721,0.24444444444444444,1.0,0.5484967320261438,0.5462962962962962
2873,Nashville,Median Age,tract,7663,NoPreTrain,3,1.0,0.32558139534883723,0.17777777777777778,1.0,0.6049019607843137,0.5685185185185185
2874,Nashville,Median Age,tract,7663,NoPreTrain,4,1.0,0.13953488372093023,0.24444444444444444,1.0,0.5550420168067227,0.5462962962962962
2875,Nashville,Median Age,tract,7663,NoPreTrain,5,1.0,0.23255813953488372,0.24444444444444444,1.0,0.4943837535014005,0.5339506172839507
2876,Nashville,Median Age,tract,7663,NoPreTrain,6,1.0,0.20930232558139536,0.1111111111111111,1.0,0.4973716153127918,0.43086419753086413
2877,Nashville,Median Age,tract,7663,NoPreTrain,7,1.0,0.18604651162790697,0.35555555555555557,1.0,0.5577917833800187,0.6333333333333333
2878,Nashville,Median Age,tract,7663,NoPreTrain,8,1.0,0.23255813953488372,0.28888888888888886,1.0,0.5465826330532213,0.5598765432098766
2879,Nashville,Median Age,tract,7663,NoPreTrain,9,1.0,0.3023255813953488,0.15555555555555556,1.0,0.5856816059757237,0.4462962962962963
2880,Tampa,Median Income,tract,18213,Emb,0,1.0,0.3333333333333333,0.3416666666666667,1.0,0.63671875,0.6295138888888889
2881,Tampa,Median Income,tract,18213,Emb,1,1.0,0.26666666666666666,0.3333333333333333,1.0,0.56796875,0.6303819444444445
2882,Tampa,Median Income,tract,18213,Emb,2,1.0,0.3333333333333333,0.30833333333333335,1.0,0.6260850694444444,0.591015625
2883,Tampa,Median Income,tract,18213,Emb,3,1.0,0.35833333333333334,0.35833333333333334,0.9999903549382715,0.6773437500000001,0.6486979166666667
2884,Tampa,Median Income,tract,18213,Emb,4,1.0,0.3,0.3333333333333333,1.0,0.6202256944444444,0.6307725694444445
2885,Tampa,Median Income,tract,18213,Emb,5,1.0,0.225,0.2833333333333333,1.0,0.5664930555555555,0.6198784722222224
2886,Tampa,Median Income,tract,18213,Emb,6,1.0,0.2833333333333333,0.21666666666666667,1.0,0.6403645833333333,0.5674479166666666
2887,Tampa,Median Income,tract,18213,Emb,7,1.0,0.2916666666666667,0.35833333333333334,1.0,0.6072916666666667,0.6302083333333333
2888,Tampa,Median Income,tract,18213,Emb,8,1.0,0.3,0.26666666666666666,1.0,0.6448784722222223,0.5793402777777777
2889,Tampa,Median Income,tract,18213,Emb,9,1.0,0.30833333333333335,0.31666666666666665,1.0,0.6282986111111112,0.6037326388888888
2890,Tampa,Median Income,tract,18213,RGNN,0,0.7,0.25,0.3333333333333333,0.9676215277777779,0.6467013888888888,0.6769965277777777
2891,Tampa,Median Income,tract,18213,RGNN,1,0.7472222222222222,0.2916666666666667,0.4,0.9656539351851852,0.6153645833333333,0.6948784722222223
2892,Tampa,Median Income,tract,18213,RGNN,2,0.7722222222222223,0.35833333333333334,0.3333333333333333,0.9573302469135804,0.6697048611111112,0.6758680555555555
2893,Tampa,Median Income,tract,18213,RGNN,3,0.7138888888888889,0.325,0.3333333333333333,0.9321373456790123,0.6451388888888889,0.6487847222222223
2894,Tampa,Median Income,tract,18213,RGNN,4,0.6138888888888889,0.26666666666666666,0.36666666666666664,0.9150945216049383,0.5877604166666666,0.7106770833333333
2895,Tampa,Median Income,tract,18213,RGNN,5,0.7,0.35833333333333334,0.3416666666666667,0.9358024691358023,0.6288194444444444,0.6359375
2896,Tampa,Median Income,tract,18213,RGNN,6,0.7222222222222222,0.3416666666666667,0.3,0.9292438271604938,0.6932291666666667,0.6637152777777777
2897,Tampa,Median Income,tract,18213,RGNN,7,0.49722222222222223,0.26666666666666666,0.23333333333333334,0.9099537037037038,0.6246527777777777,0.6144097222222221
2898,Tampa,Median Income,tract,18213,RGNN,8,0.7833333333333333,0.39166666666666666,0.3333333333333333,0.9760706018518519,0.69140625,0.6296006944444446
2899,Tampa,Median Income,tract,18213,RGNN,9,0.7111111111111111,0.4083333333333333,0.31666666666666665,0.9418113425925926,0.6448784722222223,0.6571180555555556
2900,Tampa,Median Income,tract,18213,Feat-RGNN,0,0.7166666666666667,0.3416666666666667,0.325,0.9432195216049383,0.6789930555555556,0.6585069444444444
2901,Tampa,Median Income,tract,18213,Feat-RGNN,1,0.7472222222222222,0.3333333333333333,0.3333333333333333,0.93984375,0.632986111111111,0.6635416666666666
2902,Tampa,Median Income,tract,18213,Feat-RGNN,2,0.7083333333333334,0.30833333333333335,0.2833333333333333,0.934056712962963,0.6368055555555555,0.6688368055555556
2903,Tampa,Median Income,tract,18213,Feat-RGNN,3,0.7361111111111112,0.3333333333333333,0.325,0.9589795524691358,0.6484375000000001,0.6362847222222222
2904,Tampa,Median Income,tract,18213,Feat-RGNN,4,0.6833333333333333,0.2916666666666667,0.3416666666666667,0.9103395061728395,0.6463541666666667,0.675607638888889
2905,Tampa,Median Income,tract,18213,Feat-RGNN,5,0.7277777777777777,0.3416666666666667,0.2916666666666667,0.9361111111111111,0.6373263888888888,0.6457465277777779
2906,Tampa,Median Income,tract,18213,Feat-RGNN,6,0.7388888888888889,0.375,0.3,0.9388503086419753,0.6965277777777777,0.6703993055555555
2907,Tampa,Median Income,tract,18213,Feat-RGNN,7,0.6527777777777778,0.35,0.2916666666666667,0.9117283950617285,0.6541666666666668,0.634548611111111
2908,Tampa,Median Income,tract,18213,Feat-RGNN,8,0.6861111111111111,0.36666666666666664,0.30833333333333335,0.921045524691358,0.7168402777777778,0.6253472222222222
2909,Tampa,Median Income,tract,18213,Feat-RGNN,9,0.7388888888888889,0.325,0.3416666666666667,0.9446373456790124,0.6711805555555557,0.5936631944444445
2910,Tampa,Median Income,tract,18213,Feat\&PC-RGNN,0,0.8027777777777778,0.3333333333333333,0.325,0.9717496141975308,0.6407986111111111,0.6908854166666667
2911,Tampa,Median Income,tract,18213,Feat\&PC-RGNN,1,0.6138888888888889,0.3416666666666667,0.4,0.9111979166666666,0.6261284722222222,0.6751736111111111
2912,Tampa,Median Income,tract,18213,Feat\&PC-RGNN,2,0.8861111111111111,0.30833333333333335,0.3333333333333333,0.9873746141975308,0.6456597222222221,0.6341145833333333
2913,Tampa,Median Income,tract,18213,Feat\&PC-RGNN,3,0.8416666666666667,0.3416666666666667,0.30833333333333335,0.9754436728395062,0.6385416666666666,0.6163194444444444
2914,Tampa,Median Income,tract,18213,Feat\&PC-RGNN,4,0.7138888888888889,0.375,0.375,0.9440586419753088,0.6717013888888888,0.6559027777777777
2915,Tampa,Median Income,tract,18213,Feat\&PC-RGNN,5,0.8083333333333333,0.2833333333333333,0.35,0.9659915123456789,0.6165798611111112,0.7223958333333333
2916,Tampa,Median Income,tract,18213,Feat\&PC-RGNN,6,0.7777777777777778,0.375,0.2916666666666667,0.9849633487654319,0.7078125,0.6140625
2917,Tampa,Median Income,tract,18213,Feat\&PC-RGNN,7,0.8166666666666667,0.4083333333333333,0.3,0.975636574074074,0.6731770833333334,0.6454861111111111
2918,Tampa,Median Income,tract,18213,Feat\&PC-RGNN,8,0.7944444444444444,0.3333333333333333,0.25,0.9591049382716049,0.665625,0.6089409722222222
2919,Tampa,Median Income,tract,18213,Feat\&PC-RGNN,9,0.7611111111111111,0.325,0.31666666666666665,0.9598090277777777,0.6358506944444444,0.6473090277777779
2920,Tampa,Median Income,tract,18213,LightGCN,0,0.8555555555555555,0.4083333333333333,0.36666666666666664,0.9827256944444445,0.7138888888888888,0.7151041666666667
2921,Tampa,Median Income,tract,18213,LightGCN,1,0.8944444444444445,0.30833333333333335,0.35833333333333334,0.9921103395061728,0.6355902777777778,0.6901041666666667
2922,Tampa,Median Income,tract,18213,LightGCN,2,0.8444444444444444,0.35833333333333334,0.36666666666666664,0.9825713734567902,0.6658854166666667,0.6907118055555557
2923,Tampa,Median Income,tract,18213,LightGCN,3,0.9111111111111111,0.35833333333333334,0.35833333333333334,0.9878761574074073,0.6822916666666666,0.6753472222222221
2924,Tampa,Median Income,tract,18213,LightGCN,4,0.7305555555555555,0.36666666666666664,0.39166666666666666,0.9546103395061728,0.6690104166666666,0.6860243055555555
2925,Tampa,Median Income,tract,18213,LightGCN,5,0.8805555555555555,0.35833333333333334,0.44166666666666665,0.9887635030864196,0.6688368055555556,0.7578125
2926,Tampa,Median Income,tract,18213,LightGCN,6,0.8277777777777777,0.45,0.3333333333333333,0.9777488425925928,0.7133680555555555,0.6750868055555556
2927,Tampa,Median Income,tract,18213,LightGCN,7,0.8972222222222223,0.35,0.4,0.9896122685185185,0.6953993055555555,0.7090277777777778
2928,Tampa,Median Income,tract,18213,LightGCN,8,0.8527777777777777,0.38333333333333336,0.2916666666666667,0.9856577932098766,0.7135416666666667,0.6703125
2929,Tampa,Median Income,tract,18213,LightGCN,9,0.7611111111111111,0.39166666666666666,0.275,0.9690104166666667,0.6953993055555555,0.6847222222222221
2930,Tampa,Median Income,tract,18213,Feat-LightGCN,0,0.9888888888888889,0.39166666666666666,0.35833333333333334,0.999826388888889,0.6875868055555555,0.7197916666666668
2931,Tampa,Median Income,tract,18213,Feat-LightGCN,1,0.9861111111111112,0.35833333333333334,0.36666666666666664,0.9996817129629629,0.6614583333333334,0.7186631944444445
2932,Tampa,Median Income,tract,18213,Feat-LightGCN,2,0.9972222222222222,0.30833333333333335,0.36666666666666664,1.0,0.6513888888888889,0.6813368055555555
2933,Tampa,Median Income,tract,18213,Feat-LightGCN,3,0.9972222222222222,0.35,0.36666666666666664,0.9998070987654322,0.7173611111111111,0.6967013888888889
2934,Tampa,Median Income,tract,18213,Feat-LightGCN,4,0.9861111111111112,0.325,0.49166666666666664,0.9997010030864197,0.6621961805555555,0.7635416666666667
2935,Tampa,Median Income,tract,18213,Feat-LightGCN,5,0.9833333333333333,0.31666666666666665,0.39166666666666666,0.9976755401234568,0.6797743055555555,0.6819444444444445
2936,Tampa,Median Income,tract,18213,Feat-LightGCN,6,0.9833333333333333,0.39166666666666666,0.39166666666666666,0.9994791666666666,0.7067708333333333,0.70859375
2937,Tampa,Median Income,tract,18213,Feat-LightGCN,7,0.9555555555555556,0.35,0.3333333333333333,0.9987654320987656,0.7151041666666667,0.6821180555555555
2938,Tampa,Median Income,tract,18213,Feat-LightGCN,8,1.0,0.4,0.3333333333333333,0.9999710648148149,0.7163194444444445,0.6629340277777779
2939,Tampa,Median Income,tract,18213,Feat-LightGCN,9,0.9972222222222222,0.39166666666666666,0.35833333333333334,1.0,0.6946180555555556,0.7150173611111111
2940,Tampa,Median Income,tract,18213,Feat\&PC-LightGCN,0,1.0,0.325,0.4083333333333333,1.0,0.6768229166666667,0.7431423611111112
2941,Tampa,Median Income,tract,18213,Feat\&PC-LightGCN,1,1.0,0.35,0.39166666666666666,1.0,0.62578125,0.6978298611111111
2942,Tampa,Median Income,tract,18213,Feat\&PC-LightGCN,2,1.0,0.3416666666666667,0.375,1.0,0.6827690972222222,0.7060329861111112
2943,Tampa,Median Income,tract,18213,Feat\&PC-LightGCN,3,1.0,0.3333333333333333,0.35,1.0,0.6568142361111111,0.6748697916666667
2944,Tampa,Median Income,tract,18213,Feat\&PC-LightGCN,4,1.0,0.4,0.45,1.0,0.6834635416666667,0.7436631944444445
2945,Tampa,Median Income,tract,18213,Feat\&PC-LightGCN,5,1.0,0.39166666666666666,0.3333333333333333,1.0,0.6858506944444445,0.7065972222222221
2946,Tampa,Median Income,tract,18213,Feat\&PC-LightGCN,6,1.0,0.4,0.35,1.0,0.701953125,0.6690538194444444
2947,Tampa,Median Income,tract,18213,Feat\&PC-LightGCN,7,1.0,0.43333333333333335,0.30833333333333335,1.0,0.7311197916666667,0.646657986111111
2948,Tampa,Median Income,tract,18213,Feat\&PC-LightGCN,8,1.0,0.38333333333333336,0.26666666666666666,1.0,0.7000868055555556,0.651171875
2949,Tampa,Median Income,tract,18213,Feat\&PC-LightGCN,9,1.0,0.4,0.4,1.0,0.69609375,0.6937934027777778
2950,Tampa,Median Income,tract,18213,NoPreTrain,0,1.0,0.225,0.19166666666666668,1.0,0.5521701388888889,0.4874131944444445
2951,Tampa,Median Income,tract,18213,NoPreTrain,1,1.0,0.175,0.23333333333333334,1.0,0.4930555555555555,0.5485243055555556
2952,Tampa,Median Income,tract,18213,NoPreTrain,2,1.0,0.25,0.2916666666666667,1.0,0.5615451388888889,0.5980034722222222
2953,Tampa,Median Income,tract,18213,NoPreTrain,3,1.0,0.26666666666666666,0.125,1.0,0.5600694444444444,0.4696180555555555
2954,Tampa,Median Income,tract,18213,NoPreTrain,4,1.0,0.225,0.21666666666666667,1.0,0.5207465277777777,0.5322048611111111
2955,Tampa,Median Income,tract,18213,NoPreTrain,5,0.9972222222222222,0.15833333333333333,0.3333333333333333,1.0,0.5051215277777779,0.6058159722222223
2956,Tampa,Median Income,tract,18213,NoPreTrain,6,1.0,0.3,0.19166666666666668,1.0,0.6065104166666667,0.5025173611111111
2957,Tampa,Median Income,tract,18213,NoPreTrain,7,1.0,0.225,0.24166666666666667,1.0,0.5554253472222223,0.517795138888889
2958,Tampa,Median Income,tract,18213,NoPreTrain,8,1.0,0.20833333333333334,0.2833333333333333,1.0,0.515798611111111,0.5757378472222221
2959,Tampa,Median Income,tract,18213,NoPreTrain,9,1.0,0.25,0.25,1.0,0.5216145833333333,0.5873263888888889
2960,Tampa,Median Home Value,tract,17823,Emb,0,1.0,0.33613445378151263,0.275,1.0,0.6394317315026699,0.5837673611111112
2961,Tampa,Median Home Value,tract,17823,Emb,1,1.0,0.33613445378151263,0.375,1.0,0.6241142257818459,0.6758680555555556
2962,Tampa,Median Home Value,tract,17823,Emb,2,1.0,0.3025210084033613,0.36666666666666664,1.0,0.6610049580472921,0.6705295138888889
2963,Tampa,Median Home Value,tract,17823,Emb,3,1.0,0.31932773109243695,0.275,1.0,0.6321996567505721,0.61484375
2964,Tampa,Median Home Value,tract,17823,Emb,4,1.0,0.3277310924369748,0.2833333333333333,1.0,0.6456826849733027,0.6370659722222222
2965,Tampa,Median Home Value,tract,17823,Emb,5,0.9971671388101983,0.3277310924369748,0.25,0.9999900109879134,0.6326544622425629,0.6053819444444443
2966,Tampa,Median Home Value,tract,17823,Emb,6,1.0,0.3025210084033613,0.35,1.0,0.6292172006102212,0.6351562500000001
2967,Tampa,Median Home Value,tract,17823,Emb,7,1.0,0.3949579831932773,0.23333333333333334,1.0,0.6650448131197558,0.56875
2968,Tampa,Median Home Value,tract,17823,Emb,8,1.0,0.33613445378151263,0.225,1.0,0.6628051106025934,0.5820312500000001
2969,Tampa,Median Home Value,tract,17823,Emb,9,1.0,0.33613445378151263,0.3333333333333333,1.0,0.640839054157132,0.657986111111111
2970,Tampa,Median Home Value,tract,17823,RGNN,0,0.8441926345609065,0.3697478991596639,0.325,0.9742837326190056,0.7018220823798627,0.6550347222222223
2971,Tampa,Median Home Value,tract,17823,RGNN,1,0.6997167138810199,0.33613445378151263,0.35833333333333334,0.9697269137215091,0.6670223112128146,0.71171875
2972,Tampa,Median Home Value,tract,17823,RGNN,2,0.7507082152974505,0.35294117647058826,0.35,0.9549805652953886,0.6610259344012205,0.6847222222222221
2973,Tampa,Median Home Value,tract,17823,RGNN,3,0.7365439093484419,0.3277310924369748,0.4,0.9465374498954734,0.6699694889397406,0.702951388888889
2974,Tampa,Median Home Value,tract,17823,RGNN,4,0.8073654390934845,0.33613445378151263,0.35,0.9690458910140795,0.6838930205949657,0.6522569444444445
2975,Tampa,Median Home Value,tract,17823,RGNN,5,0.7450424929178471,0.36134453781512604,0.2916666666666667,0.9477101911773879,0.699251525553013,0.6370659722222223
2976,Tampa,Median Home Value,tract,17823,RGNN,6,0.6713881019830028,0.31092436974789917,0.275,0.9190024582247766,0.6654233409610985,0.6678819444444445
2977,Tampa,Median Home Value,tract,17823,RGNN,7,0.7648725212464589,0.3445378151260504,0.35,0.9549263916708279,0.641532227307399,0.6750868055555556
2978,Tampa,Median Home Value,tract,17823,RGNN,8,0.7960339943342776,0.3697478991596639,0.31666666666666665,0.9696427377638258,0.664744469870328,0.6751736111111111
2979,Tampa,Median Home Value,tract,17823,RGNN,9,0.7053824362606232,0.31092436974789917,0.325,0.9598241429631849,0.6651506483600305,0.6705729166666666
2980,Tampa,Median Home Value,tract,17823,Feat-RGNN,0,0.6912181303116147,0.37815126050420167,0.3416666666666667,0.9294946149845973,0.7020404271548436,0.6366319444444444
2981,Tampa,Median Home Value,tract,17823,Feat-RGNN,1,0.8045325779036827,0.3445378151260504,0.3416666666666667,0.9599497483611037,0.687281655225019,0.6563368055555555
2982,Tampa,Median Home Value,tract,17823,Feat-RGNN,2,0.8158640226628895,0.36134453781512604,0.35833333333333334,0.9689269133584556,0.6815379481311976,0.6618055555555555
2983,Tampa,Median Home Value,tract,17823,Feat-RGNN,3,0.6770538243626062,0.35294117647058826,0.39166666666666666,0.9099845535887303,0.6702459954233411,0.6792534722222221
2984,Tampa,Median Home Value,tract,17823,Feat-RGNN,4,0.6770538243626062,0.3445378151260504,0.2916666666666667,0.9239863812602704,0.7081798245614035,0.6322048611111111
2985,Tampa,Median Home Value,tract,17823,Feat-RGNN,5,0.6345609065155807,0.3277310924369748,0.31666666666666665,0.9198431609126981,0.6233161708619376,0.6376736111111112
2986,Tampa,Median Home Value,tract,17823,Feat-RGNN,6,0.5892351274787535,0.3697478991596639,0.31666666666666665,0.9028804761002173,0.6538815789473684,0.6760416666666668
2987,Tampa,Median Home Value,tract,17823,Feat-RGNN,7,0.7053824362606232,0.3697478991596639,0.31666666666666665,0.9315130247187458,0.6724761632341724,0.6712673611111111
2988,Tampa,Median Home Value,tract,17823,Feat-RGNN,8,0.6090651558073654,0.29411764705882354,0.31666666666666665,0.9058934535968032,0.6227650648360029,0.6488715277777778
2989,Tampa,Median Home Value,tract,17823,Feat-RGNN,9,0.6515580736543909,0.35294117647058826,0.35,0.9106882257885835,0.6499065598779558,0.6612847222222222
2990,Tampa,Median Home Value,tract,17823,Feat\&PC-RGNN,0,0.7053824362606232,0.35294117647058826,0.2833333333333333,0.9379369931843271,0.6933924485125859,0.6548611111111111
2991,Tampa,Median Home Value,tract,17823,Feat\&PC-RGNN,1,0.7620396600566572,0.36134453781512604,0.325,0.9593332321826104,0.6810068649885583,0.6765625
2992,Tampa,Median Home Value,tract,17823,Feat\&PC-RGNN,2,0.7592067988668555,0.3277310924369748,0.375,0.9407078684925633,0.6797091914569032,0.7098958333333333
2993,Tampa,Median Home Value,tract,17823,Feat\&PC-RGNN,3,0.7960339943342776,0.3025210084033613,0.36666666666666664,0.9510808711124478,0.6547702135774218,0.7125868055555555
2994,Tampa,Median Home Value,tract,17823,Feat\&PC-RGNN,4,0.8215297450424929,0.42857142857142855,0.325,0.9744060826377204,0.7181445461479786,0.6434027777777777
2995,Tampa,Median Home Value,tract,17823,Feat\&PC-RGNN,5,0.8583569405099151,0.42857142857142855,0.2916666666666667,0.9792462526455628,0.7122816552250191,0.636892361111111
2996,Tampa,Median Home Value,tract,17823,Feat\&PC-RGNN,6,0.8101983002832861,0.3949579831932773,0.4083333333333333,0.9678445723838053,0.6878556445461479,0.7264756944444445
2997,Tampa,Median Home Value,tract,17823,Feat\&PC-RGNN,7,0.71671388101983,0.3445378151260504,0.2916666666666667,0.9569833435618598,0.683877765064836,0.6600694444444445
2998,Tampa,Median Home Value,tract,17823,Feat\&PC-RGNN,8,0.7847025495750708,0.29411764705882354,0.36666666666666664,0.9528915547768732,0.6322196796338673,0.6810763888888889
2999,Tampa,Median Home Value,tract,17823,Feat\&PC-RGNN,9,0.7932011331444759,0.33613445378151263,0.325,0.9562311744814173,0.6782866132723111,0.659375
3000,Tampa,Median Home Value,tract,17823,LightGCN,0,0.8810198300283286,0.42857142857142855,0.38333333333333336,0.98365764241868,0.74220823798627,0.6881076388888889
3001,Tampa,Median Home Value,tract,17823,LightGCN,1,0.8611898016997167,0.33613445378151263,0.38333333333333336,0.9787921857385449,0.6843459191456904,0.7144097222222222
3002,Tampa,Median Home Value,tract,17823,LightGCN,2,0.8696883852691218,0.4117647058823529,0.4083333333333333,0.9854837195490814,0.728193173150267,0.7666666666666667
3003,Tampa,Median Home Value,tract,17823,LightGCN,3,0.9093484419263456,0.4117647058823529,0.3333333333333333,0.9919063104285438,0.7426382532418001,0.6917534722222222
3004,Tampa,Median Home Value,tract,17823,LightGCN,4,0.8838526912181303,0.4117647058823529,0.3416666666666667,0.9884680470866197,0.7280882913806254,0.6638020833333333
3005,Tampa,Median Home Value,tract,17823,LightGCN,5,0.886685552407932,0.4117647058823529,0.4166666666666667,0.9858566863678625,0.7042782227307399,0.6977430555555556
3006,Tampa,Median Home Value,tract,17823,LightGCN,6,0.8555240793201133,0.3697478991596639,0.3333333333333333,0.9739209202033241,0.6771243325705567,0.7137152777777778
3007,Tampa,Median Home Value,tract,17823,LightGCN,7,0.8158640226628895,0.4117647058823529,0.45,0.9661482334096805,0.7034439359267735,0.7450520833333332
3008,Tampa,Median Home Value,tract,17823,LightGCN,8,0.9178470254957507,0.3445378151260504,0.38333333333333336,0.9927671232517528,0.7145423340961098,0.7152777777777779
3009,Tampa,Median Home Value,tract,17823,LightGCN,9,0.8356940509915014,0.3865546218487395,0.4083333333333333,0.9798034630356884,0.6777488558352402,0.697048611111111
3010,Tampa,Median Home Value,tract,17823,Feat-LightGCN,0,1.0,0.44537815126050423,0.2916666666666667,1.0,0.732381769641495,0.6441840277777777
3011,Tampa,Median Home Value,tract,17823,Feat-LightGCN,1,1.0,0.3865546218487395,0.3416666666666667,1.0,0.7024256292906179,0.6895833333333334
3012,Tampa,Median Home Value,tract,17823,Feat-LightGCN,2,1.0,0.3949579831932773,0.38333333333333336,1.0,0.7439626239511824,0.7385416666666667
3013,Tampa,Median Home Value,tract,17823,Feat-LightGCN,3,1.0,0.3697478991596639,0.36666666666666664,1.0,0.7066857360793288,0.7027777777777777
3014,Tampa,Median Home Value,tract,17823,Feat-LightGCN,4,0.9971671388101983,0.36134453781512604,0.35833333333333334,0.9999799150767572,0.7272492372234935,0.6782986111111111
3015,Tampa,Median Home Value,tract,17823,Feat-LightGCN,5,0.9943342776203966,0.3697478991596639,0.35833333333333334,0.9998889449772843,0.6944021739130435,0.6800347222222223
3016,Tampa,Median Home Value,tract,17823,Feat-LightGCN,6,0.9971671388101983,0.40336134453781514,0.4,0.9999495204442201,0.7215589244851259,0.7109375000000001
3017,Tampa,Median Home Value,tract,17823,Feat-LightGCN,7,0.9971671388101983,0.3865546218487395,0.3416666666666667,0.9999596163553761,0.6721167048054919,0.7019097222222221
3018,Tampa,Median Home Value,tract,17823,Feat-LightGCN,8,1.0,0.37815126050420167,0.425,1.0,0.6648960717009917,0.697482638888889
3019,Tampa,Median Home Value,tract,17823,Feat-LightGCN,9,1.0,0.40336134453781514,0.39166666666666666,1.0,0.7124294431731502,0.7260416666666666
3020,Tampa,Median Home Value,tract,17823,Feat\&PC-LightGCN,0,1.0,0.453781512605042,0.31666666666666665,1.0,0.7450934401220441,0.6825520833333334
3021,Tampa,Median Home Value,tract,17823,Feat\&PC-LightGCN,1,1.0,0.4117647058823529,0.3333333333333333,1.0,0.7265732265446223,0.6598090277777777
3022,Tampa,Median Home Value,tract,17823,Feat\&PC-LightGCN,2,1.0,0.42857142857142855,0.44166666666666665,1.0,0.7226249046529366,0.7067708333333333
3023,Tampa,Median Home Value,tract,17823,Feat\&PC-LightGCN,3,1.0,0.3697478991596639,0.4166666666666667,1.0,0.67901411136537,0.735546875
3024,Tampa,Median Home Value,tract,17823,Feat\&PC-LightGCN,4,1.0,0.42016806722689076,0.38333333333333336,1.0,0.7222320747520976,0.68125
3025,Tampa,Median Home Value,tract,17823,Feat\&PC-LightGCN,5,1.0,0.40336134453781514,0.43333333333333335,1.0,0.7238634630053394,0.7018229166666667
3026,Tampa,Median Home Value,tract,17823,Feat\&PC-LightGCN,6,1.0,0.453781512605042,0.48333333333333334,1.0,0.7214712051868802,0.741796875
3027,Tampa,Median Home Value,tract,17823,Feat\&PC-LightGCN,7,1.0,0.3949579831932773,0.38333333333333336,1.0,0.6843092105263158,0.7223090277777778
3028,Tampa,Median Home Value,tract,17823,Feat\&PC-LightGCN,8,1.0,0.3445378151260504,0.3416666666666667,1.0,0.6837719298245615,0.6660590277777778
3029,Tampa,Median Home Value,tract,17823,Feat\&PC-LightGCN,9,1.0,0.3445378151260504,0.375,1.0,0.7046834477498093,0.6516059027777779
3030,Tampa,Median Home Value,tract,17823,NoPreTrain,0,0.9971671388101983,0.23529411764705882,0.225,1.0,0.528147406559878,0.5086805555555556
3031,Tampa,Median Home Value,tract,17823,NoPreTrain,1,1.0,0.23529411764705882,0.26666666666666666,1.0,0.5609687261632341,0.553125
3032,Tampa,Median Home Value,tract,17823,NoPreTrain,2,1.0,0.24369747899159663,0.23333333333333334,1.0,0.530775171624714,0.5454861111111111
3033,Tampa,Median Home Value,tract,17823,NoPreTrain,3,1.0,0.3025210084033613,0.2,1.0,0.6601935545385202,0.503125
3034,Tampa,Median Home Value,tract,17823,NoPreTrain,4,1.0,0.2605042016806723,0.25,1.0,0.5739006483600304,0.5350694444444445
3035,Tampa,Median Home Value,tract,17823,NoPreTrain,5,1.0,0.2689075630252101,0.21666666666666667,1.0,0.5719813119755911,0.5368055555555555
3036,Tampa,Median Home Value,tract,17823,NoPreTrain,6,1.0,0.2605042016806723,0.19166666666666668,1.0,0.5632827993897787,0.4895833333333333
3037,Tampa,Median Home Value,tract,17823,NoPreTrain,7,1.0,0.17647058823529413,0.275,1.0,0.5180606407322654,0.5845052083333334
3038,Tampa,Median Home Value,tract,17823,NoPreTrain,8,1.0,0.3277310924369748,0.225,1.0,0.5839454614797864,0.5207465277777777
3039,Tampa,Median Home Value,tract,17823,NoPreTrain,9,1.0,0.20168067226890757,0.2,1.0,0.4779033180778032,0.5272569444444445
3040,Tampa,Commute Time,tract,14212,Emb,0,1.0,0.26881720430107525,0.29473684210526313,1.0,0.601517096043412,0.5725761772853185
3041,Tampa,Commute Time,tract,14212,Emb,1,1.0,0.3225806451612903,0.24210526315789474,1.0,0.6413118381539434,0.5375346260387811
3042,Tampa,Commute Time,tract,14212,Emb,2,1.0,0.1827956989247312,0.21052631578947367,1.0,0.5149189189189188,0.5386426592797784
3043,Tampa,Commute Time,tract,14212,Emb,3,1.0,0.22580645161290322,0.2631578947368421,1.0,0.5314419682840735,0.5437673130193905
3044,Tampa,Commute Time,tract,14212,Emb,4,1.0,0.24731182795698925,0.30526315789473685,1.0,0.5812484063010379,0.5649584487534627
3045,Tampa,Commute Time,tract,14212,Emb,5,1.0,0.3010752688172043,0.25263157894736843,1.0,0.5871612665296876,0.5573407202216067
3046,Tampa,Commute Time,tract,14212,Emb,6,1.0,0.27956989247311825,0.3263157894736842,1.0,0.5685365365365366,0.6081717451523547
3047,Tampa,Commute Time,tract,14212,Emb,7,1.0,0.3225806451612903,0.24210526315789474,1.0,0.6384541383488751,0.5581024930747922
3048,Tampa,Commute Time,tract,14212,Emb,8,1.0,0.3010752688172043,0.2,1.0,0.5960231810758126,0.5558171745152355
3049,Tampa,Commute Time,tract,14212,Emb,9,1.0,0.3225806451612903,0.30526315789473685,1.0,0.6152554659923082,0.5700138504155124
3050,Tampa,Commute Time,tract,14212,RGNN,0,0.5636363636363636,0.25806451612903225,0.25263157894736843,0.9225123966942148,0.5782717454296401,0.5326869806094183
3051,Tampa,Commute Time,tract,14212,RGNN,1,0.7454545454545455,0.26881720430107525,0.28421052631578947,0.9493057851239669,0.5616555502871292,0.5632963988919667
3052,Tampa,Commute Time,tract,14212,RGNN,2,0.7818181818181819,0.24731182795698925,0.28421052631578947,0.946495867768595,0.5348559085401191,0.5385041551246538
3053,Tampa,Commute Time,tract,14212,RGNN,3,0.7963636363636364,0.26881720430107525,0.21052631578947367,0.9579504132231405,0.5592976134028765,0.543213296398892
3054,Tampa,Commute Time,tract,14212,RGNN,4,0.6727272727272727,0.23655913978494625,0.28421052631578947,0.9424132231404959,0.5197979031663242,0.560803324099723
3055,Tampa,Commute Time,tract,14212,RGNN,5,0.7236363636363636,0.26881720430107525,0.2736842105263158,0.9198677685950413,0.5536608187134503,0.5861495844875346
3056,Tampa,Commute Time,tract,14212,RGNN,6,0.7236363636363636,0.1935483870967742,0.2736842105263158,0.9649256198347107,0.533152099467889,0.5698060941828255
3057,Tampa,Commute Time,tract,14212,RGNN,7,0.8727272727272727,0.3548387096774194,0.28421052631578947,0.978495867768595,0.6234039302460355,0.578393351800554
3058,Tampa,Commute Time,tract,14212,RGNN,8,0.8727272727272727,0.3978494623655914,0.22105263157894736,0.9740495867768594,0.6242878668141826,0.5645429362880886
3059,Tampa,Commute Time,tract,14212,RGNN,9,0.76,0.3225806451612903,0.23157894736842105,0.9408595041322314,0.5867520151730677,0.5581717451523546
3060,Tampa,Commute Time,tract,14212,Feat-RGNN,0,0.6654545454545454,0.34408602150537637,0.22105263157894736,0.9305123966942149,0.6151524155734682,0.4983379501385041
3061,Tampa,Commute Time,tract,14212,Feat-RGNN,1,0.52,0.27956989247311825,0.29473684210526313,0.8902314049586776,0.627534692587324,0.5909972299168975
3062,Tampa,Commute Time,tract,14212,Feat-RGNN,2,0.6072727272727273,0.23655913978494625,0.30526315789473685,0.9121652892561982,0.5808918392076287,0.5904432132963988
3063,Tampa,Commute Time,tract,14212,Feat-RGNN,3,0.610909090909091,0.3655913978494624,0.28421052631578947,0.8743636363636362,0.6012300721774405,0.5801939058171744
3064,Tampa,Commute Time,tract,14212,Feat-RGNN,4,0.6436363636363637,0.1935483870967742,0.29473684210526313,0.9178842975206611,0.5444073547231442,0.577146814404432
3065,Tampa,Commute Time,tract,14212,Feat-RGNN,5,0.8545454545454545,0.3118279569892473,0.22105263157894736,0.981090909090909,0.632030767609715,0.5422437673130194
3066,Tampa,Commute Time,tract,14212,Feat-RGNN,6,0.8254545454545454,0.3548387096774194,0.21052631578947367,0.9663471074380163,0.6476301564722617,0.5903047091412743
3067,Tampa,Commute Time,tract,14212,Feat-RGNN,7,0.7745454545454545,0.3225806451612903,0.37894736842105264,0.9596033057851241,0.6131674832727464,0.6240997229916897
3068,Tampa,Commute Time,tract,14212,Feat-RGNN,8,0.68,0.3333333333333333,0.29473684210526313,0.9355206611570248,0.6108923660502608,0.5994459833795014
3069,Tampa,Commute Time,tract,14212,Feat-RGNN,9,0.7090909090909091,0.16129032258064516,0.30526315789473685,0.9234049586776859,0.5113239555344818,0.6621883656509696
3070,Tampa,Commute Time,tract,14212,Feat\&PC-RGNN,0,0.9018181818181819,0.34408602150537637,0.2736842105263158,0.9918842975206612,0.6513968705547654,0.5493074792243767
3071,Tampa,Commute Time,tract,14212,Feat\&PC-RGNN,1,0.8472727272727273,0.34408602150537637,0.3157894736842105,0.9811735537190082,0.6519291923502449,0.6018005540166206
3072,Tampa,Commute Time,tract,14212,Feat\&PC-RGNN,2,0.7272727272727273,0.22580645161290322,0.4,0.9381322314049587,0.5388658131816026,0.7152354570637118
3073,Tampa,Commute Time,tract,14212,Feat\&PC-RGNN,3,0.8,0.24731182795698925,0.35789473684210527,0.9697024793388429,0.578635477582846,0.628808864265928
3074,Tampa,Commute Time,tract,14212,Feat\&PC-RGNN,4,0.8545454545454545,0.23655913978494625,0.3157894736842105,0.9828099173553719,0.6156061324482377,0.595983379501385
3075,Tampa,Commute Time,tract,14212,Feat\&PC-RGNN,5,0.7781818181818182,0.3225806451612903,0.35789473684210527,0.9502148760330579,0.6158008534850641,0.5826869806094184
3076,Tampa,Commute Time,tract,14212,Feat\&PC-RGNN,6,0.8109090909090909,0.25806451612903225,0.30526315789473685,0.9623471074380167,0.6381160107475896,0.5821329639889197
3077,Tampa,Commute Time,tract,14212,Feat\&PC-RGNN,7,0.7927272727272727,0.3010752688172043,0.30526315789473685,0.9877190082644628,0.6607156630314525,0.5909972299168975
3078,Tampa,Commute Time,tract,14212,Feat\&PC-RGNN,8,0.8618181818181818,0.3548387096774194,0.23157894736842105,0.9811074380165289,0.6524817449027975,0.5452908587257618
3079,Tampa,Commute Time,tract,14212,Feat\&PC-RGNN,9,0.7745454545454545,0.23655913978494625,0.35789473684210527,0.9464628099173554,0.5568922606817343,0.6817174515235458
3080,Tampa,Commute Time,tract,14212,LightGCN,0,0.9563636363636364,0.3870967741935484,0.25263157894736843,0.9968595041322315,0.6626495969653864,0.5181440443213295
3081,Tampa,Commute Time,tract,14212,LightGCN,1,0.9090909090909091,0.3333333333333333,0.28421052631578947,0.9915537190082645,0.6416386913229019,0.5682825484764542
3082,Tampa,Commute Time,tract,14212,LightGCN,2,0.7236363636363636,0.27956989247311825,0.3157894736842105,0.9394214876033058,0.610075549233444,0.6308864265927977
3083,Tampa,Commute Time,tract,14212,LightGCN,3,0.92,0.3010752688172043,0.23157894736842105,0.9919504132231405,0.610181128496918,0.5678670360110802
3084,Tampa,Commute Time,tract,14212,LightGCN,4,0.9454545454545454,0.17204301075268819,0.28421052631578947,0.9957355371900827,0.5429109109109108,0.5765927977839336
3085,Tampa,Commute Time,tract,14212,LightGCN,5,0.9236363636363636,0.3010752688172043,0.21052631578947367,0.9924297520661156,0.619826352668458,0.5454293628808864
3086,Tampa,Commute Time,tract,14212,LightGCN,6,0.8945454545454545,0.23655913978494625,0.29473684210526313,0.987107438016529,0.577789579052737,0.6051246537396121
3087,Tampa,Commute Time,tract,14212,LightGCN,7,0.8763636363636363,0.3763440860215054,0.3157894736842105,0.9874214876033058,0.647056530214425,0.6221606648199446
3088,Tampa,Commute Time,tract,14212,LightGCN,8,0.8181818181818182,0.1827956989247312,0.28421052631578947,0.9724462809917356,0.5753991886623465,0.5844875346260388
3089,Tampa,Commute Time,tract,14212,LightGCN,9,0.9163636363636364,0.20430107526881722,0.3473684210526316,0.9886115702479339,0.546843896528107,0.6468144044321329
3090,Tampa,Commute Time,tract,14212,Feat-LightGCN,0,0.9854545454545455,0.34408602150537637,0.21052631578947367,0.9998512396694215,0.6375385912228018,0.5368421052631579
3091,Tampa,Commute Time,tract,14212,Feat-LightGCN,1,1.0,0.34408602150537637,0.29473684210526313,1.0,0.6690007902639482,0.589612188365651
3092,Tampa,Commute Time,tract,14212,Feat-LightGCN,2,1.0,0.27956989247311825,0.3157894736842105,1.0,0.625871134292187,0.5893351800554016
3093,Tampa,Commute Time,tract,14212,Feat-LightGCN,3,1.0,0.3010752688172043,0.24210526315789474,1.0,0.6423141035772615,0.5689750692520775
3094,Tampa,Commute Time,tract,14212,Feat-LightGCN,4,1.0,0.25806451612903225,0.29473684210526313,1.0,0.6010515778936832,0.5946675900277009
3095,Tampa,Commute Time,tract,14212,Feat-LightGCN,5,1.0,0.22580645161290322,0.2631578947368421,1.0,0.6052631578947368,0.5702216066481994
3096,Tampa,Commute Time,tract,14212,Feat-LightGCN,6,1.0,0.3225806451612903,0.30526315789473685,1.0,0.6161900848216637,0.631994459833795
3097,Tampa,Commute Time,tract,14212,Feat-LightGCN,7,1.0,0.34408602150537637,0.3263157894736842,1.0,0.6402634213160528,0.6326869806094183
3098,Tampa,Commute Time,tract,14212,Feat-LightGCN,8,1.0,0.27956989247311825,0.30526315789473685,1.0,0.5919300352984563,0.5944598337950138
3099,Tampa,Commute Time,tract,14212,Feat-LightGCN,9,1.0,0.27956989247311825,0.3263157894736842,1.0,0.5826103998735578,0.6479224376731303
3100,Tampa,Commute Time,tract,14212,Feat\&PC-LightGCN,0,1.0,0.34408602150537637,0.30526315789473685,1.0,0.6302851272324956,0.5960526315789474
3101,Tampa,Commute Time,tract,14212,Feat\&PC-LightGCN,1,1.0,0.2903225806451613,0.3157894736842105,1.0,0.6337973763236922,0.6029778393351801
3102,Tampa,Commute Time,tract,14212,Feat\&PC-LightGCN,2,1.0,0.2903225806451613,0.37894736842105264,1.0,0.6150159633317528,0.6448753462603878
3103,Tampa,Commute Time,tract,14212,Feat\&PC-LightGCN,3,1.0,0.3225806451612903,0.3368421052631579,1.0,0.6310036352141615,0.6281163434903048
3104,Tampa,Commute Time,tract,14212,Feat\&PC-LightGCN,4,1.0,0.27956989247311825,0.3684210526315789,1.0,0.6197950582161108,0.6396814404432133
3105,Tampa,Commute Time,tract,14212,Feat\&PC-LightGCN,5,1.0,0.26881720430107525,0.28421052631578947,1.0,0.6415318476371107,0.6198060941828254
3106,Tampa,Commute Time,tract,14212,Feat\&PC-LightGCN,6,1.0,0.3763440860215054,0.3157894736842105,1.0,0.6378756651388231,0.6555401662049862
3107,Tampa,Commute Time,tract,14212,Feat\&PC-LightGCN,7,1.0,0.3118279569892473,0.37894736842105264,1.0,0.6381156946420103,0.6643351800554017
3108,Tampa,Commute Time,tract,14212,Feat\&PC-LightGCN,8,1.0,0.43010752688172044,0.2631578947368421,1.0,0.7059512143722669,0.6005540166204987
3109,Tampa,Commute Time,tract,14212,Feat\&PC-LightGCN,9,1.0,0.3010752688172043,0.35789473684210527,1.0,0.5827547547547547,0.6404432132963989
3110,Tampa,Commute Time,tract,14212,NoPreTrain,0,1.0,0.23655913978494625,0.24210526315789474,1.0,0.5347138717665032,0.5475069252077562
3111,Tampa,Commute Time,tract,14212,NoPreTrain,1,1.0,0.24731182795698925,0.23157894736842105,1.0,0.49415879036931665,0.557202216066482
3112,Tampa,Commute Time,tract,14212,NoPreTrain,2,1.0,0.17204301075268819,0.28421052631578947,1.0,0.45545303197934767,0.5790858725761773
3113,Tampa,Commute Time,tract,14212,NoPreTrain,3,1.0,0.22580645161290322,0.25263157894736843,1.0,0.5005521310784469,0.5319944598337949
3114,Tampa,Commute Time,tract,14212,NoPreTrain,4,1.0,0.1827956989247312,0.14736842105263157,1.0,0.46520246562351825,0.5011772853185595
3115,Tampa,Commute Time,tract,14212,NoPreTrain,5,1.0,0.21505376344086022,0.28421052631578947,1.0,0.50503429745535,0.5638504155124653
3116,Tampa,Commute Time,tract,14212,NoPreTrain,6,1.0,0.17204301075268819,0.14736842105263157,1.0,0.5041119013750592,0.4617036011080332
3117,Tampa,Commute Time,tract,14212,NoPreTrain,7,1.0,0.16129032258064516,0.22105263157894736,1.0,0.5834023497181391,0.5740997229916898
3118,Tampa,Commute Time,tract,14212,NoPreTrain,8,1.0,0.20430107526881722,0.14736842105263157,1.0,0.5009755018176071,0.461218836565097
3119,Tampa,Commute Time,tract,14212,NoPreTrain,9,1.0,0.16129032258064516,0.24210526315789474,1.0,0.4629461039987356,0.5599722991689751
3120,Tampa,Median Age,tract,18240,Emb,0,1.0,0.35537190082644626,0.3442622950819672,1.0,0.6705695876288659,0.6575117820324007
3121,Tampa,Median Age,tract,18240,Emb,1,1.0,0.2975206611570248,0.2786885245901639,1.0,0.6184802405498282,0.6039119854127218
3122,Tampa,Median Age,tract,18240,Emb,2,1.0,0.33884297520661155,0.29508196721311475,1.0,0.6907396907216494,0.6269569394768217
3123,Tampa,Median Age,tract,18240,Emb,3,1.0,0.2892561983471074,0.36065573770491804,1.0,0.6093324742268041,0.6912445823690301
3124,Tampa,Median Age,tract,18240,Emb,4,1.0,0.34710743801652894,0.32786885245901637,1.0,0.6471864261168385,0.636582579423522
3125,Tampa,Median Age,tract,18240,Emb,5,1.0,0.2396694214876033,0.3114754098360656,1.0,0.5845790378006873,0.6423529700540009
3126,Tampa,Median Age,tract,18240,Emb,6,1.0,0.2892561983471074,0.3770491803278688,1.0,0.6100412371134021,0.6506131916684199
3127,Tampa,Median Age,tract,18240,Emb,7,1.0,0.2727272727272727,0.28688524590163933,1.0,0.6232757731958762,0.6273184304649695
3128,Tampa,Median Age,tract,18240,Emb,8,1.0,0.371900826446281,0.2540983606557377,1.0,0.6483049828178695,0.6160322603268112
3129,Tampa,Median Age,tract,18240,Emb,9,1.0,0.32231404958677684,0.319672131147541,1.0,0.6554269759450172,0.652847990742689
3130,Tampa,Median Age,tract,18240,RGNN,0,0.8611111111111112,0.371900826446281,0.36885245901639346,0.9878381365724411,0.6789338487972508,0.6708396100708325
3131,Tampa,Median Age,tract,18240,RGNN,1,0.6972222222222222,0.36363636363636365,0.3360655737704918,0.9367582608433075,0.6527113402061857,0.6457053790588401
3132,Tampa,Median Age,tract,18240,RGNN,2,0.8083333333333333,0.33884297520661155,0.319672131147541,0.9666368941804473,0.6680420962199313,0.648728767795778
3133,Tampa,Median Age,tract,18240,RGNN,3,0.6805555555555556,0.32231404958677684,0.32786885245901637,0.9446600056547932,0.660463058419244,0.6379516796409286
3134,Tampa,Median Age,tract,18240,RGNN,4,0.8555555555555555,0.36363636363636365,0.36065573770491804,0.9757550741947328,0.6629484536082474,0.6710429553264604
3135,Tampa,Median Age,tract,18240,RGNN,5,0.8416666666666667,0.38016528925619836,0.36065573770491804,0.9770449879730796,0.6565609965635739,0.6846100007013114
3136,Tampa,Median Age,tract,18240,RGNN,6,0.6722222222222223,0.35537190082644626,0.319672131147541,0.9399689038843807,0.6125876288659794,0.6262590644505226
3137,Tampa,Median Age,tract,18240,RGNN,7,0.6194444444444445,0.30578512396694213,0.36885245901639346,0.9227735955312074,0.6412878006872853,0.6714444561329687
3138,Tampa,Median Age,tract,18240,RGNN,8,0.7388888888888889,0.34710743801652894,0.3360655737704918,0.9364271656199022,0.667085910652921,0.6486206255698156
3139,Tampa,Median Age,tract,18240,RGNN,9,0.5805555555555556,0.39669421487603307,0.3360655737704918,0.9038719643040471,0.7165524054982818,0.633237008205344
3140,Tampa,Median Age,tract,18240,Feat-RGNN,0,0.7888888888888889,0.3140495867768595,0.319672131147541,0.9606051000958604,0.6304613402061856,0.6403306332842414
3141,Tampa,Median Age,tract,18240,Feat-RGNN,1,0.6444444444444445,0.3140495867768595,0.30327868852459017,0.9119677209598065,0.6546855670103093,0.6427747036959113
3142,Tampa,Median Age,tract,18240,Feat-RGNN,2,0.6722222222222223,0.32231404958677684,0.319672131147541,0.9464638698822334,0.6762027491408935,0.6591748369450874
3143,Tampa,Median Age,tract,18240,Feat-RGNN,3,0.7416666666666667,0.33884297520661155,0.3360655737704918,0.9354820393892525,0.6615515463917525,0.6502480187951469
3144,Tampa,Median Age,tract,18240,Feat-RGNN,4,0.7944444444444444,0.4297520661157025,0.3360655737704918,0.9615849278312742,0.727450171821306,0.6666151904060593
3145,Tampa,Median Age,tract,18240,Feat-RGNN,5,0.7083333333333334,0.36363636363636365,0.3770491803278688,0.9315484055242258,0.6457637457044674,0.6748898941019708
3146,Tampa,Median Age,tract,18240,Feat-RGNN,6,0.6138888888888889,0.33884297520661155,0.2459016393442623,0.9028899768817176,0.6609518900343643,0.637747457745985
3147,Tampa,Median Age,tract,18240,Feat-RGNN,7,0.5833333333333334,0.3140495867768595,0.36885245901639346,0.9518464929644044,0.6284201030927834,0.6920602777193352
3148,Tampa,Median Age,tract,18240,Feat-RGNN,8,0.7027777777777777,0.34710743801652894,0.28688524590163933,0.9247902973793746,0.6387534364261169,0.6440914159478224
3149,Tampa,Median Age,tract,18240,Feat-RGNN,9,0.6861111111111111,0.3305785123966942,0.32786885245901637,0.9353439583781222,0.6793685567010309,0.6635864366365103
3150,Tampa,Median Age,tract,18240,Feat\&PC-RGNN,0,0.5611111111111111,0.3305785123966942,0.29508196721311475,0.9312051289782263,0.6683118556701031,0.6089764359351988
3151,Tampa,Median Age,tract,18240,Feat\&PC-RGNN,1,0.6805555555555556,0.32231404958677684,0.29508196721311475,0.94244015766592,0.6358651202749142,0.6602555578932604
3152,Tampa,Median Age,tract,18240,Feat\&PC-RGNN,2,0.825,0.4214876033057851,0.3360655737704918,0.9719511282139145,0.7135111683848798,0.6667408654183322
3153,Tampa,Median Age,tract,18240,Feat\&PC-RGNN,3,0.7583333333333333,0.36363636363636365,0.36885245901639346,0.9529383830788646,0.6665317869415808,0.6903988007574163
3154,Tampa,Median Age,tract,18240,Feat\&PC-RGNN,4,0.6888888888888889,0.3305785123966942,0.32786885245901637,0.962875475862068,0.6625154639175258,0.6882906234658812
3155,Tampa,Median Age,tract,18240,Feat\&PC-RGNN,5,0.7611111111111111,0.3884297520661157,0.29508196721311475,0.9518593718597348,0.6753780068728523,0.6377608177291536
3156,Tampa,Median Age,tract,18240,Feat\&PC-RGNN,6,0.7611111111111111,0.371900826446281,0.36065573770491804,0.9606513360962522,0.6578625429553264,0.6816878112069571
3157,Tampa,Median Age,tract,18240,Feat\&PC-RGNN,7,0.7833333333333333,0.2975206611570248,0.3442622950819672,0.9642134386661029,0.6415704467353952,0.6591680342239988
3158,Tampa,Median Age,tract,18240,Feat\&PC-RGNN,8,0.8194444444444444,0.3305785123966942,0.32786885245901637,0.9784424465976176,0.6822465635738831,0.640572866259906
3159,Tampa,Median Age,tract,18240,Feat\&PC-RGNN,9,0.65,0.33884297520661155,0.3114754098360656,0.9539764774270925,0.6901254295532646,0.6217628164667929
3160,Tampa,Median Age,tract,18240,LightGCN,0,0.7861111111111111,0.3884297520661157,0.4180327868852459,0.9708643150248613,0.659544673539519,0.7229437898870889
3161,Tampa,Median Age,tract,18240,LightGCN,1,0.7916666666666666,0.36363636363636365,0.4098360655737705,0.9598087689103882,0.6710274914089347,0.6659229960025247
3162,Tampa,Median Age,tract,18240,LightGCN,2,0.8638888888888889,0.4214876033057851,0.3360655737704918,0.9805944482559485,0.6878960481099655,0.6416595834209973
3163,Tampa,Median Age,tract,18240,LightGCN,3,0.8166666666666667,0.3305785123966942,0.36065573770491804,0.9709037234531452,0.6726237113402063,0.6809091451013396
3164,Tampa,Median Age,tract,18240,LightGCN,4,0.925,0.4049586776859504,0.36065573770491804,0.993890747378909,0.7322431271477663,0.6615395539659162
3165,Tampa,Median Age,tract,18240,LightGCN,5,0.925,0.32231404958677684,0.3360655737704918,0.9950472100997472,0.6786632302405499,0.6536843397152675
3166,Tampa,Median Age,tract,18240,LightGCN,6,0.8888888888888888,0.38016528925619836,0.32786885245901637,0.9897214669575887,0.6782800687285223,0.6906806227645698
3167,Tampa,Median Age,tract,18240,LightGCN,7,0.8444444444444444,0.2975206611570248,0.2459016393442623,0.97621760896021,0.6324733676975945,0.6367298548285294
3168,Tampa,Median Age,tract,18240,LightGCN,8,0.75,0.371900826446281,0.28688524590163933,0.9597642304879649,0.64731529209622,0.6332235430254576
3169,Tampa,Median Age,tract,18240,LightGCN,9,0.7805555555555556,0.39669421487603307,0.32786885245901637,0.9675322089891107,0.717602233676976,0.7010778105056457
3170,Tampa,Median Age,tract,18240,Feat-LightGCN,0,0.9972222222222222,0.2975206611570248,0.36065573770491804,1.0,0.6249621993127148,0.6909767164597798
3171,Tampa,Median Age,tract,18240,Feat-LightGCN,1,0.9833333333333333,0.32231404958677684,0.319672131147541,0.9993677492159598,0.6254845360824742,0.6461242373237955
3172,Tampa,Median Age,tract,18240,Feat-LightGCN,2,0.9861111111111112,0.36363636363636365,0.32786885245901637,0.9995808762610263,0.7027259450171822,0.6901103864226104
3173,Tampa,Median Age,tract,18240,Feat-LightGCN,3,1.0,0.4214876033057851,0.36885245901639346,1.0,0.7104733676975945,0.6989272389368117
3174,Tampa,Median Age,tract,18240,Feat-LightGCN,4,0.9888888888888889,0.3884297520661157,0.32786885245901637,0.9997781595662728,0.679631443298969,0.686861210463567
3175,Tampa,Median Age,tract,18240,Feat-LightGCN,5,0.9972222222222222,0.4380165289256198,0.3442622950819672,1.0,0.7458195876288659,0.6672661827617645
3176,Tampa,Median Age,tract,18240,Feat-LightGCN,6,0.9972222222222222,0.4380165289256198,0.319672131147541,0.9995028997514499,0.7078960481099656,0.6619849568693457
3177,Tampa,Median Age,tract,18240,Feat-LightGCN,7,1.0,0.38016528925619836,0.39344262295081966,1.0,0.6499965635738831,0.6640112209832386
3178,Tampa,Median Age,tract,18240,Feat-LightGCN,8,0.9944444444444445,0.36363636363636365,0.3360655737704918,0.9999805058726059,0.6651417525773196,0.6499794866400169
3179,Tampa,Median Age,tract,18240,Feat-LightGCN,9,0.8666666666666667,0.38016528925619836,0.3770491803278688,0.9918861214295639,0.6831305841924399,0.6737896416298478
3180,Tampa,Median Age,tract,18240,Feat\&PC-LightGCN,0,1.0,0.30578512396694213,0.3442622950819672,1.0,0.6402083333333334,0.6616314608317554
3181,Tampa,Median Age,tract,18240,Feat\&PC-LightGCN,1,1.0,0.2809917355371901,0.3442622950819672,1.0,0.6423642611683849,0.6563165544568343
3182,Tampa,Median Age,tract,18240,Feat\&PC-LightGCN,2,0.9972222222222222,0.4132231404958678,0.3524590163934426,1.0,0.6837843642611684,0.6829018514622345
3183,Tampa,Median Age,tract,18240,Feat\&PC-LightGCN,3,0.9972222222222222,0.34710743801652894,0.39344262295081966,0.9999805058726059,0.6532474226804122,0.7118518128901045
3184,Tampa,Median Age,tract,18240,Feat\&PC-LightGCN,4,0.9972222222222222,0.4214876033057851,0.36885245901639346,0.9999808962111567,0.7283281786941581,0.7138277579072866
3185,Tampa,Median Age,tract,18240,Feat\&PC-LightGCN,5,1.0,0.3884297520661157,0.4098360655737705,1.0,0.6647396907216494,0.6791987867311873
3186,Tampa,Median Age,tract,18240,Feat\&PC-LightGCN,6,1.0,0.4214876033057851,0.36065573770491804,1.0,0.7046030927835052,0.7007781576548144
3187,Tampa,Median Age,tract,18240,Feat\&PC-LightGCN,7,1.0,0.38016528925619836,0.3524590163934426,1.0,0.6679411512027491,0.6751580756013746
3188,Tampa,Median Age,tract,18240,Feat\&PC-LightGCN,8,1.0,0.35537190082644626,0.38524590163934425,1.0,0.6554759450171821,0.7244723683287748
3189,Tampa,Median Age,tract,18240,Feat\&PC-LightGCN,9,1.0,0.39669421487603307,0.39344262295081966,1.0,0.6812027491408935,0.6828535311031628
3190,Tampa,Median Age,tract,18240,NoPreTrain,0,1.0,0.2066115702479339,0.28688524590163933,1.0,0.5501795532646048,0.6009411599691423
3191,Tampa,Median Age,tract,18240,NoPreTrain,1,1.0,0.2066115702479339,0.22131147540983606,1.0,0.5372878006872852,0.506903359281857
3192,Tampa,Median Age,tract,18240,NoPreTrain,2,1.0,0.23140495867768596,0.22131147540983606,1.0,0.5503479381443299,0.49456650185847534
3193,Tampa,Median Age,tract,18240,NoPreTrain,3,1.0,0.2396694214876033,0.22131147540983606,1.0,0.5381658075601374,0.5388197629567291
3194,Tampa,Median Age,tract,18240,NoPreTrain,4,1.0,0.2396694214876033,0.32786885245901637,1.0,0.5507018900343643,0.6170199523108212
3195,Tampa,Median Age,tract,18240,NoPreTrain,5,1.0,0.23140495867768596,0.20491803278688525,1.0,0.5286786941580756,0.5006083526193983
3196,Tampa,Median Age,tract,18240,NoPreTrain,6,1.0,0.23140495867768596,0.27049180327868855,1.0,0.5315309278350515,0.5683632793323514
3197,Tampa,Median Age,tract,18240,NoPreTrain,7,1.0,0.256198347107438,0.20491803278688525,1.0,0.6056855670103092,0.47225131495897327
3198,Tampa,Median Age,tract,18240,NoPreTrain,8,1.0,0.14049586776859505,0.16393442622950818,1.0,0.47549398625429556,0.47017353951890034
3199,Tampa,Median Age,tract,18240,NoPreTrain,9,1.0,0.24793388429752067,0.1885245901639344,1.0,0.5282121993127148,0.5273981169787503
3200,Philadelphia,Median Income,zip,16983,Emb,0,1.0,0.375,0.275,1.0,0.6875,0.634765625
3201,Philadelphia,Median Income,zip,16983,Emb,1,1.0,0.375,0.15,1.0,0.6828125,0.5578125
3202,Philadelphia,Median Income,zip,16983,Emb,2,1.0,0.225,0.325,1.0,0.57890625,0.6453125
3203,Philadelphia,Median Income,zip,16983,Emb,3,1.0,0.2,0.3,1.0,0.58359375,0.6796875
3204,Philadelphia,Median Income,zip,16983,Emb,4,1.0,0.425,0.325,1.0,0.63359375,0.6296875
3205,Philadelphia,Median Income,zip,16983,Emb,5,1.0,0.225,0.3,1.0,0.57109375,0.59921875
3206,Philadelphia,Median Income,zip,16983,Emb,6,1.0,0.3,0.3,1.0,0.596875,0.59140625
3207,Philadelphia,Median Income,zip,16983,Emb,7,1.0,0.325,0.275,1.0,0.67421875,0.5640625
3208,Philadelphia,Median Income,zip,16983,Emb,8,1.0,0.3,0.35,1.0,0.6,0.6453125
3209,Philadelphia,Median Income,zip,16983,Emb,9,1.0,0.275,0.375,1.0,0.5890625,0.68203125
3210,Philadelphia,Median Income,zip,16983,RGNN,0,0.8571428571428571,0.45,0.4,0.9965360411899316,0.72890625,0.765625
3211,Philadelphia,Median Income,zip,16983,RGNN,1,0.7899159663865546,0.25,0.275,0.9704395499618613,0.68671875,0.671875
3212,Philadelphia,Median Income,zip,16983,RGNN,2,1.0,0.4,0.275,1.0,0.7015625,0.675
3213,Philadelphia,Median Income,zip,16983,RGNN,3,0.957983193277311,0.4,0.4,0.9946205186880244,0.70625,0.7515625
3214,Philadelphia,Median Income,zip,16983,RGNN,4,0.9915966386554622,0.325,0.375,0.999736842105263,0.68828125,0.63671875
3215,Philadelphia,Median Income,zip,16983,RGNN,5,1.0,0.3,0.35,1.0,0.67265625,0.665625
3216,Philadelphia,Median Income,zip,16983,RGNN,6,0.9915966386554622,0.35,0.475,1.0,0.71328125,0.7015625
3217,Philadelphia,Median Income,zip,16983,RGNN,7,1.0,0.45,0.3,1.0,0.75859375,0.66640625
3218,Philadelphia,Median Income,zip,16983,RGNN,8,0.9747899159663865,0.325,0.475,0.9963062547673532,0.66875,0.8
3219,Philadelphia,Median Income,zip,16983,RGNN,9,0.9663865546218487,0.4,0.425,0.9973455377574372,0.66875,0.70546875
3220,Philadelphia,Median Income,zip,16983,Feat-RGNN,0,0.9831932773109243,0.425,0.375,0.9998217009916095,0.734375,0.7109375
3221,Philadelphia,Median Income,zip,16983,Feat-RGNN,1,0.7478991596638656,0.375,0.3,0.9493421052631579,0.68203125,0.6328125
3222,Philadelphia,Median Income,zip,16983,Feat-RGNN,2,0.9915966386554622,0.325,0.275,1.0,0.6796875,0.696875
3223,Philadelphia,Median Income,zip,16983,Feat-RGNN,3,0.9915966386554622,0.275,0.425,0.9998245614035088,0.6296875,0.790625
3224,Philadelphia,Median Income,zip,16983,Feat-RGNN,4,1.0,0.475,0.375,1.0,0.73828125,0.69296875
3225,Philadelphia,Median Income,zip,16983,Feat-RGNN,5,1.0,0.35,0.4,1.0,0.75390625,0.7
3226,Philadelphia,Median Income,zip,16983,Feat-RGNN,6,0.9495798319327731,0.425,0.425,0.997883295194508,0.77890625,0.74375
3227,Philadelphia,Median Income,zip,16983,Feat-RGNN,7,0.8823529411764706,0.375,0.475,0.9880587337909992,0.73046875,0.7734375
3228,Philadelphia,Median Income,zip,16983,Feat-RGNN,8,1.0,0.15,0.425,1.0,0.565625,0.73203125
3229,Philadelphia,Median Income,zip,16983,Feat-RGNN,9,0.9747899159663865,0.425,0.425,0.9995585430968728,0.6890625,0.74375
3230,Philadelphia,Median Income,zip,16983,Feat\&PC-RGNN,0,1.0,0.4,0.325,1.0,0.68046875,0.70390625
3231,Philadelphia,Median Income,zip,16983,Feat\&PC-RGNN,1,1.0,0.35,0.25,1.0,0.69296875,0.65390625
3232,Philadelphia,Median Income,zip,16983,Feat\&PC-RGNN,2,1.0,0.35,0.475,1.0,0.665625,0.69765625
3233,Philadelphia,Median Income,zip,16983,Feat\&PC-RGNN,3,1.0,0.475,0.225,1.0,0.69375,0.58125
3234,Philadelphia,Median Income,zip,16983,Feat\&PC-RGNN,4,0.9915966386554622,0.3,0.425,0.9995499618611747,0.70625,0.68671875
3235,Philadelphia,Median Income,zip,16983,Feat\&PC-RGNN,5,1.0,0.35,0.375,1.0,0.6796875,0.67734375
3236,Philadelphia,Median Income,zip,16983,Feat\&PC-RGNN,6,0.9915966386554622,0.45,0.35,1.0,0.74140625,0.71796875
3237,Philadelphia,Median Income,zip,16983,Feat\&PC-RGNN,7,1.0,0.375,0.375,1.0,0.72890625,0.6984375
3238,Philadelphia,Median Income,zip,16983,Feat\&PC-RGNN,8,1.0,0.3,0.45,1.0,0.64375,0.75546875
3239,Philadelphia,Median Income,zip,16983,Feat\&PC-RGNN,9,1.0,0.325,0.375,1.0,0.66875,0.6828125
3240,Philadelphia,Median Income,zip,16983,LightGCN,0,1.0,0.425,0.375,1.0,0.74921875,0.7203125
3241,Philadelphia,Median Income,zip,16983,LightGCN,1,1.0,0.35,0.35,1.0,0.71484375,0.71328125
3242,Philadelphia,Median Income,zip,16983,LightGCN,2,1.0,0.425,0.375,1.0,0.65390625,0.71484375
3243,Philadelphia,Median Income,zip,16983,LightGCN,3,1.0,0.275,0.425,1.0,0.67578125,0.7359375
3244,Philadelphia,Median Income,zip,16983,LightGCN,4,1.0,0.425,0.45,1.0,0.7390625,0.740625
3245,Philadelphia,Median Income,zip,16983,LightGCN,5,1.0,0.375,0.4,1.0,0.7234375,0.713671875
3246,Philadelphia,Median Income,zip,16983,LightGCN,6,1.0,0.4,0.425,1.0,0.75234375,0.7390625
3247,Philadelphia,Median Income,zip,16983,LightGCN,7,1.0,0.475,0.325,1.0,0.734375,0.672265625
3248,Philadelphia,Median Income,zip,16983,LightGCN,8,1.0,0.375,0.45,1.0,0.659375,0.755078125
3249,Philadelphia,Median Income,zip,16983,LightGCN,9,1.0,0.35,0.425,1.0,0.690625,0.765625
3250,Philadelphia,Median Income,zip,16983,Feat-LightGCN,0,1.0,0.425,0.475,1.0,0.734375,0.753125
3251,Philadelphia,Median Income,zip,16983,Feat-LightGCN,1,1.0,0.425,0.4,1.0,0.758984375,0.775
3252,Philadelphia,Median Income,zip,16983,Feat-LightGCN,2,1.0,0.375,0.45,1.0,0.6984375,0.738671875
3253,Philadelphia,Median Income,zip,16983,Feat-LightGCN,3,1.0,0.4,0.45,1.0,0.70390625,0.751171875
3254,Philadelphia,Median Income,zip,16983,Feat-LightGCN,4,1.0,0.35,0.475,1.0,0.78046875,0.746875
3255,Philadelphia,Median Income,zip,16983,Feat-LightGCN,5,1.0,0.425,0.375,1.0,0.7625,0.70703125
3256,Philadelphia,Median Income,zip,16983,Feat-LightGCN,6,1.0,0.375,0.5,1.0,0.712890625,0.78671875
3257,Philadelphia,Median Income,zip,16983,Feat-LightGCN,7,1.0,0.525,0.3,1.0,0.8,0.68359375
3258,Philadelphia,Median Income,zip,16983,Feat-LightGCN,8,1.0,0.325,0.45,1.0,0.6796875,0.746875
3259,Philadelphia,Median Income,zip,16983,Feat-LightGCN,9,1.0,0.4,0.3,1.0,0.7296875,0.7515625
3260,Philadelphia,Median Income,zip,16983,Feat\&PC-LightGCN,0,1.0,0.3,0.225,1.0,0.6578125,0.5875
3261,Philadelphia,Median Income,zip,16983,Feat\&PC-LightGCN,1,1.0,0.35,0.275,1.0,0.63359375,0.6125
3262,Philadelphia,Median Income,zip,16983,Feat\&PC-LightGCN,2,1.0,0.4,0.35,1.0,0.64921875,0.675
3263,Philadelphia,Median Income,zip,16983,Feat\&PC-LightGCN,3,1.0,0.25,0.225,1.0,0.5953125,0.59921875
3264,Philadelphia,Median Income,zip,16983,Feat\&PC-LightGCN,4,1.0,0.325,0.3,1.0,0.6328125,0.6203125
3265,Philadelphia,Median Income,zip,16983,Feat\&PC-LightGCN,5,1.0,0.325,0.45,1.0,0.648046875,0.6796875
3266,Philadelphia,Median Income,zip,16983,Feat\&PC-LightGCN,6,1.0,0.3,0.4,1.0,0.660546875,0.76484375
3267,Philadelphia,Median Income,zip,16983,Feat\&PC-LightGCN,7,1.0,0.225,0.325,1.0,0.6578125,0.625
3268,Philadelphia,Median Income,zip,16983,Feat\&PC-LightGCN,8,1.0,0.35,0.375,1.0,0.6375,0.665625
3269,Philadelphia,Median Income,zip,16983,Feat\&PC-LightGCN,9,1.0,0.3,0.225,1.0,0.626171875,0.61484375
3270,Philadelphia,Median Income,zip,16983,NoPreTrain,0,1.0,0.15,0.3,1.0,0.3765625,0.54375
3271,Philadelphia,Median Income,zip,16983,NoPreTrain,1,1.0,0.225,0.25,1.0,0.530078125,0.49375
3272,Philadelphia,Median Income,zip,16983,NoPreTrain,2,1.0,0.125,0.15,1.0,0.4421875,0.46953125
3273,Philadelphia,Median Income,zip,16983,NoPreTrain,3,1.0,0.2,0.2,1.0,0.56796875,0.469140625
3274,Philadelphia,Median Income,zip,16983,NoPreTrain,4,1.0,0.15,0.325,1.0,0.38984375,0.6234375
3275,Philadelphia,Median Income,zip,16983,NoPreTrain,5,1.0,0.2,0.275,1.0,0.4328125,0.54375
3276,Philadelphia,Median Income,zip,16983,NoPreTrain,6,1.0,0.2,0.225,1.0,0.509375,0.5
3277,Philadelphia,Median Income,zip,16983,NoPreTrain,7,1.0,0.175,0.35,1.0,0.503125,0.57734375
3278,Philadelphia,Median Income,zip,16983,NoPreTrain,8,1.0,0.175,0.325,1.0,0.54375,0.60625
3279,Philadelphia,Median Income,zip,16983,NoPreTrain,9,1.0,0.175,0.225,1.0,0.4546875,0.53671875
3280,Philadelphia,Median Home Value,zip,16994,Emb,0,1.0,0.4,0.45,1.0,0.63828125,0.71328125
3281,Philadelphia,Median Home Value,zip,16994,Emb,1,1.0,0.35,0.275,1.0,0.65859375,0.60625
3282,Philadelphia,Median Home Value,zip,16994,Emb,2,1.0,0.325,0.45,1.0,0.61328125,0.73671875
3283,Philadelphia,Median Home Value,zip,16994,Emb,3,1.0,0.45,0.425,1.0,0.75546875,0.70390625
3284,Philadelphia,Median Home Value,zip,16994,Emb,4,1.0,0.375,0.4,1.0,0.6359375,0.66640625
3285,Philadelphia,Median Home Value,zip,16994,Emb,5,1.0,0.35,0.375,1.0,0.65234375,0.68046875
3286,Philadelphia,Median Home Value,zip,16994,Emb,6,1.0,0.35,0.4,1.0,0.61953125,0.690625
3287,Philadelphia,Median Home Value,zip,16994,Emb,7,1.0,0.2,0.4,1.0,0.559375,0.7171875
3288,Philadelphia,Median Home Value,zip,16994,Emb,8,1.0,0.35,0.425,1.0,0.6390625,0.7203125
3289,Philadelphia,Median Home Value,zip,16994,Emb,9,1.0,0.375,0.275,1.0,0.6890625,0.596875
3290,Philadelphia,Median Home Value,zip,16994,RGNN,0,0.7833333333333333,0.45,0.475,0.9796006944444443,0.7203125,0.8078125
3291,Philadelphia,Median Home Value,zip,16994,RGNN,1,0.9333333333333333,0.525,0.45,0.9965277777777777,0.73046875,0.75390625
3292,Philadelphia,Median Home Value,zip,16994,RGNN,2,0.9833333333333333,0.525,0.45,0.998263888888889,0.8078125,0.7578125
3293,Philadelphia,Median Home Value,zip,16994,RGNN,3,0.9916666666666667,0.4,0.375,1.0,0.7390625,0.68515625
3294,Philadelphia,Median Home Value,zip,16994,RGNN,4,0.9666666666666667,0.425,0.425,0.9963541666666667,0.746875,0.77265625
3295,Philadelphia,Median Home Value,zip,16994,RGNN,5,1.0,0.425,0.25,1.0,0.765625,0.66328125
3296,Philadelphia,Median Home Value,zip,16994,RGNN,6,0.9666666666666667,0.425,0.375,0.9994791666666668,0.778125,0.73515625
3297,Philadelphia,Median Home Value,zip,16994,RGNN,7,0.9666666666666667,0.375,0.5,0.9987847222222221,0.68671875,0.778125
3298,Philadelphia,Median Home Value,zip,16994,RGNN,8,0.9916666666666667,0.425,0.475,1.0,0.6859375,0.78203125
3299,Philadelphia,Median Home Value,zip,16994,RGNN,9,0.9916666666666667,0.375,0.425,0.999826388888889,0.7765625,0.73203125
3300,Philadelphia,Median Home Value,zip,16994,Feat-RGNN,0,0.9083333333333333,0.4,0.4,0.99765625,0.71484375,0.7171875
3301,Philadelphia,Median Home Value,zip,16994,Feat-RGNN,1,1.0,0.4,0.425,1.0,0.69453125,0.7546875
3302,Philadelphia,Median Home Value,zip,16994,Feat-RGNN,2,1.0,0.4,0.475,1.0,0.71171875,0.78671875
3303,Philadelphia,Median Home Value,zip,16994,Feat-RGNN,3,1.0,0.5,0.35,1.0,0.7890625,0.64375
3304,Philadelphia,Median Home Value,zip,16994,Feat-RGNN,4,0.75,0.45,0.5,0.9753472222222221,0.78671875,0.71875
3305,Philadelphia,Median Home Value,zip,16994,Feat-RGNN,5,1.0,0.475,0.4,1.0,0.721875,0.690625
3306,Philadelphia,Median Home Value,zip,16994,Feat-RGNN,6,1.0,0.375,0.45,1.0,0.77421875,0.6609375
3307,Philadelphia,Median Home Value,zip,16994,Feat-RGNN,7,0.9583333333333334,0.375,0.45,0.9971354166666666,0.72578125,0.77578125
3308,Philadelphia,Median Home Value,zip,16994,Feat-RGNN,8,1.0,0.375,0.45,1.0,0.65234375,0.7765625
3309,Philadelphia,Median Home Value,zip,16994,Feat-RGNN,9,0.9666666666666667,0.5,0.4,0.9985243055555555,0.7421875,0.69140625
3310,Philadelphia,Median Home Value,zip,16994,Feat\&PC-RGNN,0,1.0,0.4,0.55,1.0,0.7703125,0.83203125
3311,Philadelphia,Median Home Value,zip,16994,Feat\&PC-RGNN,1,1.0,0.525,0.35,1.0,0.771875,0.703125
3312,Philadelphia,Median Home Value,zip,16994,Feat\&PC-RGNN,2,1.0,0.525,0.425,1.0,0.76953125,0.7546875
3313,Philadelphia,Median Home Value,zip,16994,Feat\&PC-RGNN,3,1.0,0.45,0.4,1.0,0.757421875,0.72578125
3314,Philadelphia,Median Home Value,zip,16994,Feat\&PC-RGNN,4,1.0,0.375,0.45,1.0,0.73984375,0.696875
3315,Philadelphia,Median Home Value,zip,16994,Feat\&PC-RGNN,5,1.0,0.575,0.375,1.0,0.79453125,0.7078125
3316,Philadelphia,Median Home Value,zip,16994,Feat\&PC-RGNN,6,1.0,0.425,0.425,1.0,0.72421875,0.73046875
3317,Philadelphia,Median Home Value,zip,16994,Feat\&PC-RGNN,7,1.0,0.475,0.325,1.0,0.715234375,0.730859375
3318,Philadelphia,Median Home Value,zip,16994,Feat\&PC-RGNN,8,1.0,0.275,0.45,1.0,0.6625,0.7625
3319,Philadelphia,Median Home Value,zip,16994,Feat\&PC-RGNN,9,1.0,0.475,0.35,1.0,0.7640625,0.65703125
3320,Philadelphia,Median Home Value,zip,16994,LightGCN,0,1.0,0.475,0.375,1.0,0.7484375,0.76953125
3321,Philadelphia,Median Home Value,zip,16994,LightGCN,1,1.0,0.475,0.575,1.0,0.740625,0.81328125
3322,Philadelphia,Median Home Value,zip,16994,LightGCN,2,1.0,0.475,0.45,1.0,0.796875,0.762109375
3323,Philadelphia,Median Home Value,zip,16994,LightGCN,3,1.0,0.375,0.45,1.0,0.73203125,0.771484375
3324,Philadelphia,Median Home Value,zip,16994,LightGCN,4,1.0,0.35,0.475,1.0,0.77109375,0.765625
3325,Philadelphia,Median Home Value,zip,16994,LightGCN,5,1.0,0.5,0.325,1.0,0.75078125,0.72734375
3326,Philadelphia,Median Home Value,zip,16994,LightGCN,6,1.0,0.4,0.425,1.0,0.7265625,0.738671875
3327,Philadelphia,Median Home Value,zip,16994,LightGCN,7,1.0,0.375,0.55,1.0,0.71875,0.8
3328,Philadelphia,Median Home Value,zip,16994,LightGCN,8,1.0,0.375,0.45,1.0,0.72890625,0.769140625
3329,Philadelphia,Median Home Value,zip,16994,LightGCN,9,1.0,0.55,0.25,1.0,0.8078125,0.61171875
3330,Philadelphia,Median Home Value,zip,16994,Feat-LightGCN,0,1.0,0.475,0.425,1.0,0.7609375,0.78671875
3331,Philadelphia,Median Home Value,zip,16994,Feat-LightGCN,1,1.0,0.55,0.45,1.0,0.787890625,0.775390625
3332,Philadelphia,Median Home Value,zip,16994,Feat-LightGCN,2,1.0,0.4,0.45,1.0,0.765625,0.7859375
3333,Philadelphia,Median Home Value,zip,16994,Feat-LightGCN,3,1.0,0.425,0.425,1.0,0.796875,0.759375
3334,Philadelphia,Median Home Value,zip,16994,Feat-LightGCN,4,1.0,0.35,0.425,1.0,0.70078125,0.734375
3335,Philadelphia,Median Home Value,zip,16994,Feat-LightGCN,5,1.0,0.5,0.4,1.0,0.725,0.713671875
3336,Philadelphia,Median Home Value,zip,16994,Feat-LightGCN,6,1.0,0.4,0.375,1.0,0.770703125,0.759375
3337,Philadelphia,Median Home Value,zip,16994,Feat-LightGCN,7,1.0,0.45,0.45,1.0,0.74375,0.771875
3338,Philadelphia,Median Home Value,zip,16994,Feat-LightGCN,8,1.0,0.375,0.525,1.0,0.746875,0.788671875
3339,Philadelphia,Median Home Value,zip,16994,Feat-LightGCN,9,1.0,0.55,0.4,1.0,0.816796875,0.746484375
3340,Philadelphia,Median Home Value,zip,16994,Feat\&PC-LightGCN,0,1.0,0.35,0.425,1.0,0.6140625,0.63828125
3341,Philadelphia,Median Home Value,zip,16994,Feat\&PC-LightGCN,1,1.0,0.4,0.375,1.0,0.7421875,0.685546875
3342,Philadelphia,Median Home Value,zip,16994,Feat\&PC-LightGCN,2,1.0,0.25,0.425,1.0,0.5890625,0.69453125
3343,Philadelphia,Median Home Value,zip,16994,Feat\&PC-LightGCN,3,1.0,0.475,0.375,1.0,0.7453125,0.7109375
3344,Philadelphia,Median Home Value,zip,16994,Feat\&PC-LightGCN,4,1.0,0.325,0.325,1.0,0.60546875,0.67265625
3345,Philadelphia,Median Home Value,zip,16994,Feat\&PC-LightGCN,5,1.0,0.425,0.4,1.0,0.70390625,0.65703125
3346,Philadelphia,Median Home Value,zip,16994,Feat\&PC-LightGCN,6,1.0,0.45,0.4,1.0,0.71875,0.67734375
3347,Philadelphia,Median Home Value,zip,16994,Feat\&PC-LightGCN,7,1.0,0.325,0.425,1.0,0.59609375,0.7109375
3348,Philadelphia,Median Home Value,zip,16994,Feat\&PC-LightGCN,8,1.0,0.25,0.4,1.0,0.570703125,0.68359375
3349,Philadelphia,Median Home Value,zip,16994,Feat\&PC-LightGCN,9,1.0,0.375,0.225,1.0,0.6734375,0.54765625
3350,Philadelphia,Median Home Value,zip,16994,NoPreTrain,0,1.0,0.225,0.075,1.0,0.5453125,0.50234375
3351,Philadelphia,Median Home Value,zip,16994,NoPreTrain,1,1.0,0.3,0.25,1.0,0.56953125,0.54296875
3352,Philadelphia,Median Home Value,zip,16994,NoPreTrain,2,1.0,0.275,0.175,1.0,0.53984375,0.43359375
3353,Philadelphia,Median Home Value,zip,16994,NoPreTrain,3,1.0,0.2,0.2,1.0,0.43359375,0.4515625
3354,Philadelphia,Median Home Value,zip,16994,NoPreTrain,4,1.0,0.225,0.2,1.0,0.56640625,0.4921875
3355,Philadelphia,Median Home Value,zip,16994,NoPreTrain,5,1.0,0.2,0.25,1.0,0.550390625,0.5515625
3356,Philadelphia,Median Home Value,zip,16994,NoPreTrain,6,1.0,0.125,0.3,1.0,0.50859375,0.57421875
3357,Philadelphia,Median Home Value,zip,16994,NoPreTrain,7,1.0,0.175,0.225,1.0,0.47265625,0.50703125
3358,Philadelphia,Median Home Value,zip,16994,NoPreTrain,8,1.0,0.25,0.175,1.0,0.503125,0.4046875
3359,Philadelphia,Median Home Value,zip,16994,NoPreTrain,9,1.0,0.125,0.225,1.0,0.52109375,0.4984375
3360,Philadelphia,Commute Time,zip,16983,Emb,0,1.0,0.275,0.325,1.0,0.6,0.615625
3361,Philadelphia,Commute Time,zip,16983,Emb,1,1.0,0.3,0.325,1.0,0.63828125,0.595703125
3362,Philadelphia,Commute Time,zip,16983,Emb,2,1.0,0.225,0.325,1.0,0.52421875,0.646875
3363,Philadelphia,Commute Time,zip,16983,Emb,3,1.0,0.25,0.3,1.0,0.578125,0.58828125
3364,Philadelphia,Commute Time,zip,16983,Emb,4,1.0,0.325,0.225,1.0,0.58671875,0.54765625
3365,Philadelphia,Commute Time,zip,16983,Emb,5,1.0,0.225,0.3,1.0,0.5359375,0.53828125
3366,Philadelphia,Commute Time,zip,16983,Emb,6,1.0,0.25,0.425,1.0,0.56015625,0.61875
3367,Philadelphia,Commute Time,zip,16983,Emb,7,1.0,0.275,0.325,1.0,0.5671875,0.62265625
3368,Philadelphia,Commute Time,zip,16983,Emb,8,1.0,0.225,0.325,1.0,0.53125,0.57734375
3369,Philadelphia,Commute Time,zip,16983,Emb,9,1.0,0.3,0.3,1.0,0.5859375,0.5625
3370,Philadelphia,Commute Time,zip,16983,RGNN,0,0.8487394957983193,0.325,0.225,0.9833209382151029,0.66640625,0.61875
3371,Philadelphia,Commute Time,zip,16983,RGNN,1,0.957983193277311,0.225,0.25,0.9982370327993898,0.6,0.6515625
3372,Philadelphia,Commute Time,zip,16983,RGNN,2,0.957983193277311,0.125,0.275,0.9990350877192983,0.5046875,0.628125
3373,Philadelphia,Commute Time,zip,16983,RGNN,3,1.0,0.375,0.2,1.0,0.646875,0.55078125
3374,Philadelphia,Commute Time,zip,16983,RGNN,4,0.8907563025210085,0.25,0.275,0.9828832951945079,0.5515625,0.659375
3375,Philadelphia,Commute Time,zip,16983,RGNN,5,0.5798319327731093,0.225,0.3,0.9381979405034325,0.59140625,0.55234375
3376,Philadelphia,Commute Time,zip,16983,RGNN,6,0.9831932773109243,0.2,0.175,0.9987719298245615,0.5640625,0.5578125
3377,Philadelphia,Commute Time,zip,16983,RGNN,7,0.8991596638655462,0.225,0.3,0.9934973302822273,0.59375,0.521875
3378,Philadelphia,Commute Time,zip,16983,RGNN,8,0.8991596638655462,0.325,0.25,0.9929242944317315,0.55703125,0.596875
3379,Philadelphia,Commute Time,zip,16983,RGNN,9,0.9327731092436975,0.25,0.325,0.9952631578947368,0.51796875,0.61640625
3380,Philadelphia,Commute Time,zip,16983,Feat-RGNN,0,1.0,0.25,0.275,1.0,0.5921875,0.64140625
3381,Philadelphia,Commute Time,zip,16983,Feat-RGNN,1,1.0,0.3,0.325,1.0,0.66484375,0.6484375
3382,Philadelphia,Commute Time,zip,16983,Feat-RGNN,2,0.9747899159663865,0.225,0.4,0.9991228070175439,0.54609375,0.63203125
3383,Philadelphia,Commute Time,zip,16983,Feat-RGNN,3,0.9831932773109243,0.275,0.3,1.0,0.65859375,0.5578125
3384,Philadelphia,Commute Time,zip,16983,Feat-RGNN,4,0.865546218487395,0.35,0.25,0.9874332570556827,0.65859375,0.61171875
3385,Philadelphia,Commute Time,zip,16983,Feat-RGNN,5,0.7142857142857143,0.275,0.375,0.9662376048817697,0.58203125,0.6234375
3386,Philadelphia,Commute Time,zip,16983,Feat-RGNN,6,0.42016806722689076,0.3,0.225,0.9003670861937451,0.55234375,0.63046875
3387,Philadelphia,Commute Time,zip,16983,Feat-RGNN,7,0.8739495798319328,0.3,0.175,0.9839473684210525,0.61796875,0.52421875
3388,Philadelphia,Commute Time,zip,16983,Feat-RGNN,8,0.9243697478991597,0.175,0.2,0.9931064073226544,0.53984375,0.615625
3389,Philadelphia,Commute Time,zip,16983,Feat-RGNN,9,0.7226890756302521,0.3,0.275,0.9745194508009153,0.61015625,0.55625
3390,Philadelphia,Commute Time,zip,16983,Feat\&PC-RGNN,0,0.9915966386554622,0.325,0.275,1.0,0.6484375,0.6015625
3391,Philadelphia,Commute Time,zip,16983,Feat\&PC-RGNN,1,0.8823529411764706,0.25,0.275,0.9964368802440884,0.60859375,0.60546875
3392,Philadelphia,Commute Time,zip,16983,Feat\&PC-RGNN,2,1.0,0.25,0.125,1.0,0.5015625,0.56640625
3393,Philadelphia,Commute Time,zip,16983,Feat\&PC-RGNN,3,0.9915966386554622,0.3,0.25,1.0,0.65,0.56796875
3394,Philadelphia,Commute Time,zip,16983,Feat\&PC-RGNN,4,0.957983193277311,0.275,0.3,0.9963157894736842,0.63828125,0.6078125
3395,Philadelphia,Commute Time,zip,16983,Feat\&PC-RGNN,5,1.0,0.2,0.275,1.0,0.5078125,0.559375
3396,Philadelphia,Commute Time,zip,16983,Feat\&PC-RGNN,6,1.0,0.35,0.375,1.0,0.6140625,0.6140625
3397,Philadelphia,Commute Time,zip,16983,Feat\&PC-RGNN,7,0.9159663865546218,0.25,0.325,0.9848245614035088,0.56953125,0.60546875
3398,Philadelphia,Commute Time,zip,16983,Feat\&PC-RGNN,8,0.8235294117647058,0.3,0.35,0.9868144546147979,0.5765625,0.6640625
3399,Philadelphia,Commute Time,zip,16983,Feat\&PC-RGNN,9,1.0,0.2,0.3,1.0,0.5109375,0.6015625
3400,Philadelphia,Commute Time,zip,16983,LightGCN,0,1.0,0.225,0.25,1.0,0.594140625,0.61796875
3401,Philadelphia,Commute Time,zip,16983,LightGCN,1,1.0,0.4,0.3,1.0,0.67734375,0.60546875
3402,Philadelphia,Commute Time,zip,16983,LightGCN,2,1.0,0.225,0.325,1.0,0.46875,0.5734375
3403,Philadelphia,Commute Time,zip,16983,LightGCN,3,1.0,0.375,0.25,1.0,0.637109375,0.62109375
3404,Philadelphia,Commute Time,zip,16983,LightGCN,4,1.0,0.35,0.25,1.0,0.663671875,0.58828125
3405,Philadelphia,Commute Time,zip,16983,LightGCN,5,1.0,0.275,0.3,1.0,0.62890625,0.60078125
3406,Philadelphia,Commute Time,zip,16983,LightGCN,6,1.0,0.15,0.35,1.0,0.5234375,0.60703125
3407,Philadelphia,Commute Time,zip,16983,LightGCN,7,1.0,0.325,0.35,1.0,0.6578125,0.6375
3408,Philadelphia,Commute Time,zip,16983,LightGCN,8,1.0,0.25,0.325,1.0,0.53359375,0.5890625
3409,Philadelphia,Commute Time,zip,16983,LightGCN,9,1.0,0.3,0.25,1.0,0.61640625,0.565625
3410,Philadelphia,Commute Time,zip,16983,Feat-LightGCN,0,1.0,0.325,0.325,1.0,0.546875,0.63671875
3411,Philadelphia,Commute Time,zip,16983,Feat-LightGCN,1,1.0,0.225,0.3,1.0,0.6203125,0.6125
3412,Philadelphia,Commute Time,zip,16983,Feat-LightGCN,2,1.0,0.225,0.35,1.0,0.5015625,0.69453125
3413,Philadelphia,Commute Time,zip,16983,Feat-LightGCN,3,1.0,0.325,0.175,1.0,0.6359375,0.5453125
3414,Philadelphia,Commute Time,zip,16983,Feat-LightGCN,4,1.0,0.275,0.425,1.0,0.56953125,0.67890625
3415,Philadelphia,Commute Time,zip,16983,Feat-LightGCN,5,1.0,0.3,0.35,1.0,0.5578125,0.5796875
3416,Philadelphia,Commute Time,zip,16983,Feat-LightGCN,6,1.0,0.225,0.225,1.0,0.6359375,0.5484375
3417,Philadelphia,Commute Time,zip,16983,Feat-LightGCN,7,1.0,0.325,0.25,1.0,0.6390625,0.5515625
3418,Philadelphia,Commute Time,zip,16983,Feat-LightGCN,8,1.0,0.25,0.325,1.0,0.63125,0.64296875
3419,Philadelphia,Commute Time,zip,16983,Feat-LightGCN,9,1.0,0.35,0.3,1.0,0.5984375,0.58203125
3420,Philadelphia,Commute Time,zip,16983,Feat\&PC-LightGCN,0,1.0,0.225,0.15,1.0,0.5078125,0.504296875
3421,Philadelphia,Commute Time,zip,16983,Feat\&PC-LightGCN,1,1.0,0.225,0.175,1.0,0.58984375,0.49921875
3422,Philadelphia,Commute Time,zip,16983,Feat\&PC-LightGCN,2,1.0,0.25,0.275,1.0,0.53671875,0.56640625
3423,Philadelphia,Commute Time,zip,16983,Feat\&PC-LightGCN,3,1.0,0.35,0.225,1.0,0.6015625,0.47890625
3424,Philadelphia,Commute Time,zip,16983,Feat\&PC-LightGCN,4,1.0,0.25,0.1,1.0,0.530078125,0.4796875
3425,Philadelphia,Commute Time,zip,16983,Feat\&PC-LightGCN,5,1.0,0.25,0.275,1.0,0.559375,0.57109375
3426,Philadelphia,Commute Time,zip,16983,Feat\&PC-LightGCN,6,1.0,0.3,0.225,1.0,0.58828125,0.5859375
3427,Philadelphia,Commute Time,zip,16983,Feat\&PC-LightGCN,7,1.0,0.275,0.25,1.0,0.53671875,0.5515625
3428,Philadelphia,Commute Time,zip,16983,Feat\&PC-LightGCN,8,1.0,0.325,0.175,1.0,0.64609375,0.55703125
3429,Philadelphia,Commute Time,zip,16983,Feat\&PC-LightGCN,9,1.0,0.225,0.2,1.0,0.533203125,0.4609375
3430,Philadelphia,Commute Time,zip,16983,NoPreTrain,0,1.0,0.175,0.125,1.0,0.4515625,0.4671875
3431,Philadelphia,Commute Time,zip,16983,NoPreTrain,1,1.0,0.175,0.2,1.0,0.54921875,0.46796875
3432,Philadelphia,Commute Time,zip,16983,NoPreTrain,2,1.0,0.2,0.175,1.0,0.57109375,0.478125
3433,Philadelphia,Commute Time,zip,16983,NoPreTrain,3,1.0,0.2,0.075,1.0,0.61875,0.50625
3434,Philadelphia,Commute Time,zip,16983,NoPreTrain,4,1.0,0.325,0.325,1.0,0.5359375,0.59140625
3435,Philadelphia,Commute Time,zip,16983,NoPreTrain,5,1.0,0.35,0.175,1.0,0.55078125,0.417578125
3436,Philadelphia,Commute Time,zip,16983,NoPreTrain,6,1.0,0.3,0.25,1.0,0.56328125,0.56796875
3437,Philadelphia,Commute Time,zip,16983,NoPreTrain,7,1.0,0.175,0.225,1.0,0.515625,0.4921875
3438,Philadelphia,Commute Time,zip,16983,NoPreTrain,8,1.0,0.2,0.25,1.0,0.51953125,0.528125
3439,Philadelphia,Commute Time,zip,16983,NoPreTrain,9,1.0,0.275,0.175,1.0,0.5328125,0.4546875
3440,Philadelphia,Median Age,zip,16994,Emb,0,1.0,0.25,0.34146341463414637,1.0,0.5625,0.6114267676767676
3441,Philadelphia,Median Age,zip,16994,Emb,1,1.0,0.225,0.2682926829268293,1.0,0.60859375,0.5986111111111112
3442,Philadelphia,Median Age,zip,16994,Emb,2,1.0,0.275,0.34146341463414637,1.0,0.6125,0.6789141414141414
3443,Philadelphia,Median Age,zip,16994,Emb,3,1.0,0.275,0.2926829268292683,1.0,0.56640625,0.6395202020202021
3444,Philadelphia,Median Age,zip,16994,Emb,4,1.0,0.3,0.3170731707317073,1.0,0.59453125,0.6395202020202021
3445,Philadelphia,Median Age,zip,16994,Emb,5,1.0,0.275,0.3170731707317073,1.0,0.58515625,0.6099747474747474
3446,Philadelphia,Median Age,zip,16994,Emb,6,1.0,0.375,0.2926829268292683,1.0,0.6515625,0.6196338383838385
3447,Philadelphia,Median Age,zip,16994,Emb,7,1.0,0.275,0.24390243902439024,1.0,0.62890625,0.548169191919192
3448,Philadelphia,Median Age,zip,16994,Emb,8,1.0,0.275,0.34146341463414637,1.0,0.62265625,0.5869318181818183
3449,Philadelphia,Median Age,zip,16994,Emb,9,1.0,0.35,0.2682926829268293,1.0,0.65078125,0.5692550505050505
3450,Philadelphia,Median Age,zip,16994,RGNN,0,0.9915966386554622,0.2,0.3170731707317073,0.9998188405797102,0.60703125,0.6072601010101011
3451,Philadelphia,Median Age,zip,16994,RGNN,1,0.9663865546218487,0.425,0.17073170731707318,0.996168001525553,0.68515625,0.6164772727272728
3452,Philadelphia,Median Age,zip,16994,RGNN,2,0.9831932773109243,0.35,0.34146341463414637,0.999187643020595,0.68359375,0.5946969696969696
3453,Philadelphia,Median Age,zip,16994,RGNN,3,1.0,0.3,0.2682926829268293,1.0,0.65703125,0.5886363636363636
3454,Philadelphia,Median Age,zip,16994,RGNN,4,0.9915966386554622,0.275,0.36585365853658536,0.9999122807017544,0.58046875,0.6652146464646465
3455,Philadelphia,Median Age,zip,16994,RGNN,5,0.9663865546218487,0.4,0.36585365853658536,0.996369183829138,0.6265625,0.6651515151515152
3456,Philadelphia,Median Age,zip,16994,RGNN,6,0.8571428571428571,0.375,0.34146341463414637,0.9905196414950419,0.63515625,0.673989898989899
3457,Philadelphia,Median Age,zip,16994,RGNN,7,0.9915966386554622,0.275,0.3170731707317073,1.0,0.59453125,0.6206439393939392
3458,Philadelphia,Median Age,zip,16994,RGNN,8,0.8991596638655462,0.4,0.3170731707317073,0.9929528985507247,0.70390625,0.652840909090909
3459,Philadelphia,Median Age,zip,16994,RGNN,9,1.0,0.425,0.36585365853658536,1.0,0.74375,0.5970959595959596
3460,Philadelphia,Median Age,zip,16994,Feat-RGNN,0,0.9915966386554622,0.325,0.34146341463414637,0.9999094202898551,0.62578125,0.6489267676767676
3461,Philadelphia,Median Age,zip,16994,Feat-RGNN,1,1.0,0.375,0.34146341463414637,1.0,0.703125,0.6744949494949495
3462,Philadelphia,Median Age,zip,16994,Feat-RGNN,2,0.9831932773109243,0.35,0.2682926829268293,0.9998217009916095,0.70078125,0.5294823232323231
3463,Philadelphia,Median Age,zip,16994,Feat-RGNN,3,0.9747899159663865,0.4,0.2926829268292683,0.9991142257818459,0.68984375,0.6410353535353536
3464,Philadelphia,Median Age,zip,16994,Feat-RGNN,4,0.957983193277311,0.3,0.12195121951219512,0.9956159420289856,0.63671875,0.5732323232323232
3465,Philadelphia,Median Age,zip,16994,Feat-RGNN,5,1.0,0.375,0.3170731707317073,1.0,0.6453125,0.6908459595959596
3466,Philadelphia,Median Age,zip,16994,Feat-RGNN,6,0.8907563025210085,0.325,0.34146341463414637,0.994725400457666,0.66328125,0.622790404040404
3467,Philadelphia,Median Age,zip,16994,Feat-RGNN,7,0.9243697478991597,0.325,0.2926829268292683,0.9931578947368422,0.6640625,0.6323863636363637
3468,Philadelphia,Median Age,zip,16994,Feat-RGNN,8,0.9915966386554622,0.3,0.3170731707317073,0.9972807017543859,0.71640625,0.6439393939393939
3469,Philadelphia,Median Age,zip,16994,Feat-RGNN,9,0.8403361344537815,0.325,0.2926829268292683,0.9717143401983218,0.6734375,0.6045454545454545
3470,Philadelphia,Median Age,zip,16994,Feat\&PC-RGNN,0,1.0,0.1,0.1951219512195122,1.0,0.478125,0.5317550505050506
3471,Philadelphia,Median Age,zip,16994,Feat\&PC-RGNN,1,1.0,0.35,0.2682926829268293,1.0,0.646875,0.5731691919191919
3472,Philadelphia,Median Age,zip,16994,Feat\&PC-RGNN,2,0.9915966386554622,0.275,0.3170731707317073,0.9990350877192983,0.6421875,0.5628787878787879
3473,Philadelphia,Median Age,zip,16994,Feat\&PC-RGNN,3,1.0,0.375,0.2682926829268293,1.0,0.62734375,0.6232954545454545
3474,Philadelphia,Median Age,zip,16994,Feat\&PC-RGNN,4,1.0,0.275,0.2926829268292683,1.0,0.578125,0.6513257575757575
3475,Philadelphia,Median Age,zip,16994,Feat\&PC-RGNN,5,1.0,0.325,0.2926829268292683,1.0,0.61328125,0.5809343434343435
3476,Philadelphia,Median Age,zip,16994,Feat\&PC-RGNN,6,1.0,0.35,0.3170731707317073,1.0,0.6125,0.6349116161616162
3477,Philadelphia,Median Age,zip,16994,Feat\&PC-RGNN,7,1.0,0.25,0.2926829268292683,1.0,0.61796875,0.5964646464646465
3478,Philadelphia,Median Age,zip,16994,Feat\&PC-RGNN,8,1.0,0.3,0.17073170731707318,1.0,0.61875,0.5094065656565656
3479,Philadelphia,Median Age,zip,16994,Feat\&PC-RGNN,9,1.0,0.325,0.1951219512195122,1.0,0.641796875,0.5649621212121212
3480,Philadelphia,Median Age,zip,16994,LightGCN,0,1.0,0.175,0.3170731707317073,1.0,0.53125,0.621780303030303
3481,Philadelphia,Median Age,zip,16994,LightGCN,1,1.0,0.425,0.36585365853658536,1.0,0.68203125,0.6297348484848484
3482,Philadelphia,Median Age,zip,16994,LightGCN,2,1.0,0.45,0.3170731707317073,1.0,0.71640625,0.5655934343434343
3483,Philadelphia,Median Age,zip,16994,LightGCN,3,1.0,0.375,0.3170731707317073,1.0,0.690625,0.661489898989899
3484,Philadelphia,Median Age,zip,16994,LightGCN,4,1.0,0.3,0.36585365853658536,1.0,0.619140625,0.6657828282828282
3485,Philadelphia,Median Age,zip,16994,LightGCN,5,1.0,0.25,0.1951219512195122,1.0,0.58984375,0.5750631313131314
3486,Philadelphia,Median Age,zip,16994,LightGCN,6,1.0,0.375,0.36585365853658536,1.0,0.6484375,0.6841540404040404
3487,Philadelphia,Median Age,zip,16994,LightGCN,7,1.0,0.35,0.3170731707317073,1.0,0.6515625,0.6746843434343435
3488,Philadelphia,Median Age,zip,16994,LightGCN,8,1.0,0.3,0.34146341463414637,1.0,0.60546875,0.6886363636363636
3489,Philadelphia,Median Age,zip,16994,LightGCN,9,1.0,0.35,0.24390243902439024,1.0,0.7,0.5373737373737374
3490,Philadelphia,Median Age,zip,16994,Feat-LightGCN,0,1.0,0.275,0.2682926829268293,1.0,0.55546875,0.5301767676767677
3491,Philadelphia,Median Age,zip,16994,Feat-LightGCN,1,1.0,0.4,0.36585365853658536,1.0,0.68671875,0.6602272727272728
3492,Philadelphia,Median Age,zip,16994,Feat-LightGCN,2,1.0,0.325,0.2682926829268293,1.0,0.63984375,0.5920454545454545
3493,Philadelphia,Median Age,zip,16994,Feat-LightGCN,3,1.0,0.275,0.24390243902439024,1.0,0.64296875,0.6453914141414141
3494,Philadelphia,Median Age,zip,16994,Feat-LightGCN,4,1.0,0.325,0.3170731707317073,1.0,0.615234375,0.6597853535353535
3495,Philadelphia,Median Age,zip,16994,Feat-LightGCN,5,1.0,0.275,0.2682926829268293,1.0,0.57734375,0.6433080808080808
3496,Philadelphia,Median Age,zip,16994,Feat-LightGCN,6,1.0,0.35,0.4878048780487805,1.0,0.721875,0.7789772727272727
3497,Philadelphia,Median Age,zip,16994,Feat-LightGCN,7,1.0,0.375,0.36585365853658536,1.0,0.671484375,0.6546717171717171
3498,Philadelphia,Median Age,zip,16994,Feat-LightGCN,8,1.0,0.4,0.36585365853658536,1.0,0.69296875,0.6334595959595959
3499,Philadelphia,Median Age,zip,16994,Feat-LightGCN,9,1.0,0.425,0.3170731707317073,1.0,0.7140625,0.6489267676767676
3500,Philadelphia,Median Age,zip,16994,Feat\&PC-LightGCN,0,1.0,0.2,0.4146341463414634,1.0,0.475,0.7081439393939394
3501,Philadelphia,Median Age,zip,16994,Feat\&PC-LightGCN,1,1.0,0.25,0.3170731707317073,1.0,0.565625,0.6599747474747474
3502,Philadelphia,Median Age,zip,16994,Feat\&PC-LightGCN,2,1.0,0.225,0.2682926829268293,1.0,0.551953125,0.5963383838383838
3503,Philadelphia,Median Age,zip,16994,Feat\&PC-LightGCN,3,1.0,0.275,0.2926829268292683,1.0,0.6328125,0.6143939393939394
3504,Philadelphia,Median Age,zip,16994,Feat\&PC-LightGCN,4,1.0,0.35,0.36585365853658536,1.0,0.64375,0.6660037878787879
3505,Philadelphia,Median Age,zip,16994,Feat\&PC-LightGCN,5,1.0,0.225,0.21951219512195122,1.0,0.5765625,0.5703282828282829
3506,Philadelphia,Median Age,zip,16994,Feat\&PC-LightGCN,6,1.0,0.25,0.2682926829268293,1.0,0.58046875,0.553030303030303
3507,Philadelphia,Median Age,zip,16994,Feat\&PC-LightGCN,7,1.0,0.25,0.1951219512195122,1.0,0.5484375,0.5234217171717173
3508,Philadelphia,Median Age,zip,16994,Feat\&PC-LightGCN,8,1.0,0.3,0.3170731707317073,1.0,0.60078125,0.6491792929292929
3509,Philadelphia,Median Age,zip,16994,Feat\&PC-LightGCN,9,1.0,0.3,0.34146341463414637,1.0,0.65078125,0.5703282828282829
3510,Philadelphia,Median Age,zip,16994,NoPreTrain,0,1.0,0.125,0.21951219512195122,1.0,0.425,0.6005681818181818
3511,Philadelphia,Median Age,zip,16994,NoPreTrain,1,1.0,0.2,0.24390243902439024,1.0,0.52421875,0.547411616161616
3512,Philadelphia,Median Age,zip,16994,NoPreTrain,2,1.0,0.225,0.17073170731707318,1.0,0.44453125,0.4845328282828283
3513,Philadelphia,Median Age,zip,16994,NoPreTrain,3,1.0,0.3,0.24390243902439024,1.0,0.5296875,0.5277777777777778
3514,Philadelphia,Median Age,zip,16994,NoPreTrain,4,1.0,0.25,0.14634146341463414,1.0,0.63359375,0.5097222222222222
3515,Philadelphia,Median Age,zip,16994,NoPreTrain,5,1.0,0.175,0.21951219512195122,1.0,0.4625,0.5525252525252525
3516,Philadelphia,Median Age,zip,16994,NoPreTrain,6,1.0,0.25,0.21951219512195122,1.0,0.528515625,0.4933080808080808
3517,Philadelphia,Median Age,zip,16994,NoPreTrain,7,1.0,0.225,0.1951219512195122,1.0,0.52109375,0.5776515151515151
3518,Philadelphia,Median Age,zip,16994,NoPreTrain,8,1.0,0.3,0.21951219512195122,1.0,0.5328125,0.49393939393939396
3519,Philadelphia,Median Age,zip,16994,NoPreTrain,9,1.0,0.275,0.21951219512195122,1.0,0.55625,0.47654671717171715
3520,St. Louis,Median Income,zip,2670,Emb,0,1.0,0.0,0.5,1.0,0.425,0.6310606060606061
3521,St. Louis,Median Income,zip,2670,Emb,1,1.0,0.2,0.35714285714285715,1.0,0.35,0.662878787878788
3522,St. Louis,Median Income,zip,2670,Emb,2,1.0,0.2,0.14285714285714285,1.0,0.5625,0.4492424242424242
3523,St. Louis,Median Income,zip,2670,Emb,3,1.0,0.4,0.07142857142857142,1.0,0.4375,0.4204545454545455
3524,St. Louis,Median Income,zip,2670,Emb,4,1.0,0.5,0.21428571428571427,1.0,0.8,0.6492424242424242
3525,St. Louis,Median Income,zip,2670,Emb,5,1.0,0.3,0.2857142857142857,1.0,0.575,0.6181818181818182
3526,St. Louis,Median Income,zip,2670,Emb,6,1.0,0.2,0.2857142857142857,1.0,0.675,0.48560606060606054
3527,St. Louis,Median Income,zip,2670,Emb,7,1.0,0.4,0.14285714285714285,1.0,0.65,0.5727272727272728
3528,St. Louis,Median Income,zip,2670,Emb,8,1.0,0.4,0.2857142857142857,1.0,0.75,0.587121212121212
3529,St. Louis,Median Income,zip,2670,Emb,9,1.0,0.5,0.35714285714285715,1.0,0.7625,0.44696969696969696
3530,St. Louis,Median Income,zip,2670,RGNN,0,1.0,0.4,0.42857142857142855,1.0,0.5875,0.7727272727272728
3531,St. Louis,Median Income,zip,2670,RGNN,1,1.0,0.4,0.35714285714285715,1.0,0.6375,0.6212121212121212
3532,St. Louis,Median Income,zip,2670,RGNN,2,1.0,0.5,0.07142857142857142,1.0,0.8375,0.4924242424242425
3533,St. Louis,Median Income,zip,2670,RGNN,3,1.0,0.2,0.21428571428571427,1.0,0.55,0.5121212121212121
3534,St. Louis,Median Income,zip,2670,RGNN,4,1.0,0.4,0.14285714285714285,1.0,0.6,0.5393939393939393
3535,St. Louis,Median Income,zip,2670,RGNN,5,1.0,0.4,0.5,1.0,0.5625,0.7689393939393939
3536,St. Louis,Median Income,zip,2670,RGNN,6,1.0,0.4,0.21428571428571427,1.0,0.7375,0.5606060606060606
3537,St. Louis,Median Income,zip,2670,RGNN,7,1.0,0.2,0.35714285714285715,1.0,0.5375,0.6484848484848484
3538,St. Louis,Median Income,zip,2670,RGNN,8,1.0,0.3,0.42857142857142855,1.0,0.525,0.6931818181818181
3539,St. Louis,Median Income,zip,2670,RGNN,9,1.0,0.4,0.35714285714285715,1.0,0.625,0.5628787878787879
3540,St. Louis,Median Income,zip,2670,Feat-RGNN,0,1.0,0.2,0.5,1.0,0.625,0.7606060606060606
3541,St. Louis,Median Income,zip,2670,Feat-RGNN,1,1.0,0.2,0.5,1.0,0.5375,0.6704545454545454
3542,St. Louis,Median Income,zip,2670,Feat-RGNN,2,1.0,0.7,0.2857142857142857,1.0,0.8625,0.5825757575757576
3543,St. Louis,Median Income,zip,2670,Feat-RGNN,3,1.0,0.4,0.07142857142857142,1.0,0.7375,0.4121212121212121
3544,St. Louis,Median Income,zip,2670,Feat-RGNN,4,1.0,0.4,0.21428571428571427,1.0,0.8,0.6492424242424242
3545,St. Louis,Median Income,zip,2670,Feat-RGNN,5,1.0,0.3,0.35714285714285715,1.0,0.7,0.6825757575757576
3546,St. Louis,Median Income,zip,2670,Feat-RGNN,6,1.0,0.4,0.35714285714285715,1.0,0.725,0.5719696969696969
3547,St. Louis,Median Income,zip,2670,Feat-RGNN,7,1.0,0.4,0.35714285714285715,1.0,0.75,0.740909090909091
3548,St. Louis,Median Income,zip,2670,Feat-RGNN,8,1.0,0.2,0.5714285714285714,1.0,0.5875,0.7492424242424243
3549,St. Louis,Median Income,zip,2670,Feat-RGNN,9,1.0,0.4,0.2857142857142857,1.0,0.55,0.628030303030303
3550,St. Louis,Median Income,zip,2670,Feat\&PC-RGNN,0,1.0,0.3,0.42857142857142855,1.0,0.575,0.7128787878787879
3551,St. Louis,Median Income,zip,2670,Feat\&PC-RGNN,1,1.0,0.2,0.07142857142857142,1.0,0.5,0.4515151515151515
3552,St. Louis,Median Income,zip,2670,Feat\&PC-RGNN,2,1.0,0.5,0.21428571428571427,1.0,0.8,0.543939393939394
3553,St. Louis,Median Income,zip,2670,Feat\&PC-RGNN,3,1.0,0.5,0.2857142857142857,1.0,0.6375,0.6053030303030302
3554,St. Louis,Median Income,zip,2670,Feat\&PC-RGNN,4,1.0,0.3,0.2857142857142857,1.0,0.775,0.6196969696969696
3555,St. Louis,Median Income,zip,2670,Feat\&PC-RGNN,5,1.0,0.3,0.35714285714285715,1.0,0.7,0.6363636363636364
3556,St. Louis,Median Income,zip,2670,Feat\&PC-RGNN,6,1.0,0.5,0.21428571428571427,1.0,0.8375,0.5878787878787878
3557,St. Louis,Median Income,zip,2670,Feat\&PC-RGNN,7,1.0,0.4,0.35714285714285715,1.0,0.6875,0.6189393939393939
3558,St. Louis,Median Income,zip,2670,Feat\&PC-RGNN,8,1.0,0.2,0.21428571428571427,1.0,0.5875,0.6378787878787878
3559,St. Louis,Median Income,zip,2670,Feat\&PC-RGNN,9,1.0,0.2,0.2857142857142857,1.0,0.4875,0.5681818181818181
3560,St. Louis,Median Income,zip,2670,LightGCN,0,1.0,0.2,0.5,1.0,0.5625,0.6901515151515152
3561,St. Louis,Median Income,zip,2670,LightGCN,1,1.0,0.2,0.5,1.0,0.475,0.6704545454545454
3562,St. Louis,Median Income,zip,2670,LightGCN,2,1.0,0.5,0.14285714285714285,1.0,0.85,0.43181818181818177
3563,St. Louis,Median Income,zip,2670,LightGCN,3,1.0,0.3,0.0,1.0,0.775,0.46818181818181814
3564,St. Louis,Median Income,zip,2670,LightGCN,4,1.0,0.5,0.42857142857142855,1.0,0.7,0.6803030303030303
3565,St. Louis,Median Income,zip,2670,LightGCN,5,1.0,0.5,0.35714285714285715,1.0,0.7375,0.7643939393939394
3566,St. Louis,Median Income,zip,2670,LightGCN,6,1.0,0.6,0.2857142857142857,1.0,0.85,0.6234848484848484
3567,St. Louis,Median Income,zip,2670,LightGCN,7,1.0,0.5,0.5,1.0,0.725,0.753030303030303
3568,St. Louis,Median Income,zip,2670,LightGCN,8,1.0,0.2,0.35714285714285715,1.0,0.5625,0.7727272727272727
3569,St. Louis,Median Income,zip,2670,LightGCN,9,1.0,0.3,0.2857142857142857,1.0,0.6625,0.5621212121212121
3570,St. Louis,Median Income,zip,2670,Feat-LightGCN,0,1.0,0.3,0.42857142857142855,1.0,0.625,0.7272727272727272
3571,St. Louis,Median Income,zip,2670,Feat-LightGCN,1,1.0,0.4,0.5714285714285714,1.0,0.75,0.656060606060606
3572,St. Louis,Median Income,zip,2670,Feat-LightGCN,2,1.0,0.6,0.21428571428571427,1.0,0.8625,0.5818181818181818
3573,St. Louis,Median Income,zip,2670,Feat-LightGCN,3,1.0,0.4,0.14285714285714285,1.0,0.7375,0.503030303030303
3574,St. Louis,Median Income,zip,2670,Feat-LightGCN,4,1.0,0.4,0.35714285714285715,1.0,0.8,0.7303030303030302
3575,St. Louis,Median Income,zip,2670,Feat-LightGCN,5,1.0,0.5,0.35714285714285715,1.0,0.8625,0.6484848484848484
3576,St. Louis,Median Income,zip,2670,Feat-LightGCN,6,1.0,0.6,0.42857142857142855,1.0,0.8,0.740909090909091
3577,St. Louis,Median Income,zip,2670,Feat-LightGCN,7,1.0,0.5,0.2857142857142857,1.0,0.775,0.6825757575757575
3578,St. Louis,Median Income,zip,2670,Feat-LightGCN,8,1.0,0.2,0.5714285714285714,1.0,0.7,0.7386363636363635
3579,St. Louis,Median Income,zip,2670,Feat-LightGCN,9,1.0,0.3,0.2857142857142857,1.0,0.775,0.6492424242424242
3580,St. Louis,Median Income,zip,2670,Feat\&PC-LightGCN,0,1.0,0.4,0.0,1.0,0.7,0.43939393939393945
3581,St. Louis,Median Income,zip,2670,Feat\&PC-LightGCN,1,1.0,0.3,0.42857142857142855,1.0,0.6375,0.6121212121212121
3582,St. Louis,Median Income,zip,2670,Feat\&PC-LightGCN,2,1.0,0.5,0.21428571428571427,1.0,0.8125,0.5159090909090909
3583,St. Louis,Median Income,zip,2670,Feat\&PC-LightGCN,3,1.0,0.5,0.2857142857142857,1.0,0.75,0.5772727272727273
3584,St. Louis,Median Income,zip,2670,Feat\&PC-LightGCN,4,1.0,0.4,0.35714285714285715,1.0,0.6875,0.6757575757575758
3585,St. Louis,Median Income,zip,2670,Feat\&PC-LightGCN,5,1.0,0.3,0.42857142857142855,1.0,0.5625,0.6386363636363637
3586,St. Louis,Median Income,zip,2670,Feat\&PC-LightGCN,6,1.0,0.5,0.2857142857142857,1.0,0.625,0.5795454545454545
3587,St. Louis,Median Income,zip,2670,Feat\&PC-LightGCN,7,1.0,0.3,0.2857142857142857,1.0,0.65,0.6212121212121212
3588,St. Louis,Median Income,zip,2670,Feat\&PC-LightGCN,8,1.0,0.2,0.5,1.0,0.45,0.8242424242424242
3589,St. Louis,Median Income,zip,2670,Feat\&PC-LightGCN,9,1.0,0.6,0.35714285714285715,1.0,0.7875,0.5969696969696969
3590,St. Louis,Median Income,zip,2670,NoPreTrain,0,1.0,0.1,0.14285714285714285,1.0,0.65,0.478030303030303
3591,St. Louis,Median Income,zip,2670,NoPreTrain,1,1.0,0.1,0.07142857142857142,1.0,0.3,0.403030303030303
3592,St. Louis,Median Income,zip,2670,NoPreTrain,2,1.0,0.5,0.21428571428571427,1.0,0.675,0.46590909090909094
3593,St. Louis,Median Income,zip,2670,NoPreTrain,3,1.0,0.2,0.2857142857142857,1.0,0.475,0.5348484848484849
3594,St. Louis,Median Income,zip,2670,NoPreTrain,4,1.0,0.3,0.2857142857142857,1.0,0.6625,0.6757575757575757
3595,St. Louis,Median Income,zip,2670,NoPreTrain,5,1.0,0.3,0.2857142857142857,1.0,0.725,0.5265151515151516
3596,St. Louis,Median Income,zip,2670,NoPreTrain,6,1.0,0.4,0.07142857142857142,1.0,0.6125,0.35
3597,St. Louis,Median Income,zip,2670,NoPreTrain,7,1.0,0.3,0.21428571428571427,1.0,0.575,0.5651515151515152
3598,St. Louis,Median Income,zip,2670,NoPreTrain,8,1.0,0.4,0.35714285714285715,1.0,0.65625,0.575
3599,St. Louis,Median Income,zip,2670,NoPreTrain,9,1.0,0.1,0.2857142857142857,1.0,0.3375,0.6
3600,St. Louis,Median Home Value,zip,2670,Emb,0,1.0,0.3,0.2857142857142857,1.0,0.5625,0.5174242424242423
3601,St. Louis,Median Home Value,zip,2670,Emb,1,1.0,0.3,0.2857142857142857,1.0,0.6625,0.6704545454545454
3602,St. Louis,Median Home Value,zip,2670,Emb,2,1.0,0.1,0.2857142857142857,1.0,0.375,0.6136363636363636
3603,St. Louis,Median Home Value,zip,2670,Emb,3,1.0,0.2,0.2857142857142857,1.0,0.5375,0.5265151515151516
3604,St. Louis,Median Home Value,zip,2670,Emb,4,1.0,0.3,0.14285714285714285,1.0,0.7,0.4712121212121212
3605,St. Louis,Median Home Value,zip,2670,Emb,5,1.0,0.2,0.21428571428571427,1.0,0.525,0.6106060606060606
3606,St. Louis,Median Home Value,zip,2670,Emb,6,1.0,0.3,0.2857142857142857,1.0,0.475,0.6174242424242424
3607,St. Louis,Median Home Value,zip,2670,Emb,7,1.0,0.1,0.42857142857142855,1.0,0.45,0.7075757575757575
3608,St. Louis,Median Home Value,zip,2670,Emb,8,1.0,0.4,0.2857142857142857,1.0,0.6375,0.6151515151515151
3609,St. Louis,Median Home Value,zip,2670,Emb,9,1.0,0.2,0.5714285714285714,1.0,0.6625,0.7348484848484849
3610,St. Louis,Median Home Value,zip,2670,RGNN,0,1.0,0.4,0.5,1.0,0.5875,0.7772727272727272
3611,St. Louis,Median Home Value,zip,2670,RGNN,1,1.0,0.3,0.2857142857142857,1.0,0.7125,0.6916666666666667
3612,St. Louis,Median Home Value,zip,2670,RGNN,2,1.0,0.3,0.2857142857142857,1.0,0.65,0.6121212121212121
3613,St. Louis,Median Home Value,zip,2670,RGNN,3,1.0,0.2,0.5,1.0,0.4875,0.6825757575757576
3614,St. Louis,Median Home Value,zip,2670,RGNN,4,1.0,0.3,0.21428571428571427,1.0,0.5375,0.5666666666666667
3615,St. Louis,Median Home Value,zip,2670,RGNN,5,1.0,0.5,0.35714285714285715,1.0,0.825,0.7446969696969697
3616,St. Louis,Median Home Value,zip,2670,RGNN,6,1.0,0.5,0.42857142857142855,1.0,0.775,0.6924242424242424
3617,St. Louis,Median Home Value,zip,2670,RGNN,7,1.0,0.2,0.42857142857142855,1.0,0.5875,0.7098484848484848
3618,St. Louis,Median Home Value,zip,2670,RGNN,8,1.0,0.3,0.35714285714285715,1.0,0.6625,0.6946969696969696
3619,St. Louis,Median Home Value,zip,2670,RGNN,9,1.0,0.4,0.6428571428571429,1.0,0.6625,0.7409090909090909
3620,St. Louis,Median Home Value,zip,2670,Feat-RGNN,0,1.0,0.2,0.5,1.0,0.4375,0.8265151515151515
3621,St. Louis,Median Home Value,zip,2670,Feat-RGNN,1,1.0,0.3,0.35714285714285715,1.0,0.55,0.7575757575757576
3622,St. Louis,Median Home Value,zip,2670,Feat-RGNN,2,1.0,0.3,0.21428571428571427,1.0,0.45,0.5696969696969697
3623,St. Louis,Median Home Value,zip,2670,Feat-RGNN,3,1.0,0.1,0.35714285714285715,1.0,0.4875,0.5856060606060606
3624,St. Louis,Median Home Value,zip,2670,Feat-RGNN,4,1.0,0.3,0.21428571428571427,1.0,0.6125,0.5924242424242424
3625,St. Louis,Median Home Value,zip,2670,Feat-RGNN,5,1.0,0.0,0.5714285714285714,1.0,0.4625,0.6772727272727272
3626,St. Louis,Median Home Value,zip,2670,Feat-RGNN,6,1.0,0.3,0.35714285714285715,1.0,0.7125,0.7075757575757576
3627,St. Louis,Median Home Value,zip,2670,Feat-RGNN,7,1.0,0.3,0.35714285714285715,1.0,0.5625,0.7136363636363635
3628,St. Louis,Median Home Value,zip,2670,Feat-RGNN,8,1.0,0.4,0.42857142857142855,1.0,0.575,0.6931818181818181
3629,St. Louis,Median Home Value,zip,2670,Feat-RGNN,9,1.0,0.1,0.5,1.0,0.475,0.6537878787878788
3630,St. Louis,Median Home Value,zip,2670,Feat\&PC-RGNN,0,1.0,0.2,0.2857142857142857,1.0,0.5375,0.6075757575757575
3631,St. Louis,Median Home Value,zip,2670,Feat\&PC-RGNN,1,1.0,0.4,0.2857142857142857,1.0,0.65,0.5954545454545455
3632,St. Louis,Median Home Value,zip,2670,Feat\&PC-RGNN,2,1.0,0.1,0.5,1.0,0.525,0.796969696969697
3633,St. Louis,Median Home Value,zip,2670,Feat\&PC-RGNN,3,1.0,0.3,0.2857142857142857,1.0,0.5125,0.6727272727272726
3634,St. Louis,Median Home Value,zip,2670,Feat\&PC-RGNN,4,1.0,0.3,0.2857142857142857,1.0,0.65,0.6075757575757577
3635,St. Louis,Median Home Value,zip,2670,Feat\&PC-RGNN,5,1.0,0.4,0.42857142857142855,1.0,0.6875,0.7916666666666666
3636,St. Louis,Median Home Value,zip,2670,Feat\&PC-RGNN,6,1.0,0.3,0.5,1.0,0.725,0.75
3637,St. Louis,Median Home Value,zip,2670,Feat\&PC-RGNN,7,1.0,0.1,0.42857142857142855,1.0,0.6125,0.8484848484848484
3638,St. Louis,Median Home Value,zip,2670,Feat\&PC-RGNN,8,1.0,0.4,0.14285714285714285,1.0,0.6375,0.615909090909091
3639,St. Louis,Median Home Value,zip,2670,Feat\&PC-RGNN,9,1.0,0.2,0.6428571428571429,1.0,0.4625,0.7803030303030303
3640,St. Louis,Median Home Value,zip,2670,LightGCN,0,1.0,0.1,0.2857142857142857,1.0,0.5375,0.6583333333333334
3641,St. Louis,Median Home Value,zip,2670,LightGCN,1,1.0,0.4,0.35714285714285715,1.0,0.675,0.7348484848484849
3642,St. Louis,Median Home Value,zip,2670,LightGCN,2,1.0,0.1,0.42857142857142855,1.0,0.525,0.8037878787878787
3643,St. Louis,Median Home Value,zip,2670,LightGCN,3,1.0,0.3,0.42857142857142855,1.0,0.6125,0.6060606060606062
3644,St. Louis,Median Home Value,zip,2670,LightGCN,4,1.0,0.4,0.2857142857142857,1.0,0.5625,0.5803030303030303
3645,St. Louis,Median Home Value,zip,2670,LightGCN,5,1.0,0.2,0.42857142857142855,1.0,0.65,0.7431818181818182
3646,St. Louis,Median Home Value,zip,2670,LightGCN,6,1.0,0.3,0.35714285714285715,1.0,0.775,0.7462121212121211
3647,St. Louis,Median Home Value,zip,2670,LightGCN,7,1.0,0.5,0.2857142857142857,1.0,0.625,0.665151515151515
3648,St. Louis,Median Home Value,zip,2670,LightGCN,8,1.0,0.3,0.42857142857142855,1.0,0.725,0.728030303030303
3649,St. Louis,Median Home Value,zip,2670,LightGCN,9,1.0,0.4,0.35714285714285715,1.0,0.5625,0.7257575757575758
3650,St. Louis,Median Home Value,zip,2670,Feat-LightGCN,0,1.0,0.3,0.6428571428571429,1.0,0.5875,0.8037878787878787
3651,St. Louis,Median Home Value,zip,2670,Feat-LightGCN,1,1.0,0.4,0.35714285714285715,1.0,0.8125,0.7295454545454546
3652,St. Louis,Median Home Value,zip,2670,Feat-LightGCN,2,1.0,0.2,0.5714285714285714,1.0,0.5125,0.8234848484848485
3653,St. Louis,Median Home Value,zip,2670,Feat-LightGCN,3,1.0,0.4,0.2857142857142857,1.0,0.6625,0.6181818181818182
3654,St. Louis,Median Home Value,zip,2670,Feat-LightGCN,4,1.0,0.1,0.6428571428571429,1.0,0.6125,0.790909090909091
3655,St. Louis,Median Home Value,zip,2670,Feat-LightGCN,5,1.0,0.4,0.35714285714285715,1.0,0.7125,0.6318181818181818
3656,St. Louis,Median Home Value,zip,2670,Feat-LightGCN,6,1.0,0.5,0.5714285714285714,1.0,0.6875,0.7303030303030302
3657,St. Louis,Median Home Value,zip,2670,Feat-LightGCN,7,1.0,0.4,0.5,1.0,0.75,0.7818181818181819
3658,St. Louis,Median Home Value,zip,2670,Feat-LightGCN,8,1.0,0.4,0.2857142857142857,1.0,0.7125,0.6462121212121212
3659,St. Louis,Median Home Value,zip,2670,Feat-LightGCN,9,1.0,0.3,0.6428571428571429,1.0,0.6125,0.7863636363636364
3660,St. Louis,Median Home Value,zip,2670,Feat\&PC-LightGCN,0,1.0,0.3,0.2857142857142857,1.0,0.6125,0.5530303030303031
3661,St. Louis,Median Home Value,zip,2670,Feat\&PC-LightGCN,1,1.0,0.2,0.35714285714285715,1.0,0.5875,0.671969696969697
3662,St. Louis,Median Home Value,zip,2670,Feat\&PC-LightGCN,2,1.0,0.0,0.14285714285714285,1.0,0.5625,0.5363636363636364
3663,St. Louis,Median Home Value,zip,2670,Feat\&PC-LightGCN,3,1.0,0.3,0.35714285714285715,1.0,0.55,0.6121212121212122
3664,St. Louis,Median Home Value,zip,2670,Feat\&PC-LightGCN,4,1.0,0.2,0.2857142857142857,1.0,0.5375,0.5681818181818181
3665,St. Louis,Median Home Value,zip,2670,Feat\&PC-LightGCN,5,1.0,0.2,0.21428571428571427,1.0,0.725,0.6325757575757576
3666,St. Louis,Median Home Value,zip,2670,Feat\&PC-LightGCN,6,1.0,0.4,0.42857142857142855,1.0,0.5875,0.7568181818181818
3667,St. Louis,Median Home Value,zip,2670,Feat\&PC-LightGCN,7,1.0,0.3,0.42857142857142855,1.0,0.7375,0.6765151515151515
3668,St. Louis,Median Home Value,zip,2670,Feat\&PC-LightGCN,8,1.0,0.2,0.35714285714285715,1.0,0.4125,0.6431818181818183
3669,St. Louis,Median Home Value,zip,2670,Feat\&PC-LightGCN,9,1.0,0.3,0.2857142857142857,1.0,0.5875,0.7568181818181818
3670,St. Louis,Median Home Value,zip,2670,NoPreTrain,0,1.0,0.2,0.14285714285714285,1.0,0.525,0.46893939393939393
3671,St. Louis,Median Home Value,zip,2670,NoPreTrain,1,1.0,0.2,0.21428571428571427,1.0,0.475,0.5318181818181817
3672,St. Louis,Median Home Value,zip,2670,NoPreTrain,2,1.0,0.1,0.0,1.0,0.4875,0.34924242424242424
3673,St. Louis,Median Home Value,zip,2670,NoPreTrain,3,1.0,0.1,0.21428571428571427,1.0,0.4,0.6787878787878787
3674,St. Louis,Median Home Value,zip,2670,NoPreTrain,4,1.0,0.3,0.14285714285714285,1.0,0.4875,0.5106060606060606
3675,St. Louis,Median Home Value,zip,2670,NoPreTrain,5,1.0,0.2,0.21428571428571427,1.0,0.6,0.528030303030303
3676,St. Louis,Median Home Value,zip,2670,NoPreTrain,6,1.0,0.4,0.2857142857142857,1.0,0.6,0.6984848484848485
3677,St. Louis,Median Home Value,zip,2670,NoPreTrain,7,1.0,0.2,0.21428571428571427,1.0,0.475,0.6090909090909091
3678,St. Louis,Median Home Value,zip,2670,NoPreTrain,8,1.0,0.4,0.07142857142857142,1.0,0.7625,0.4340909090909091
3679,St. Louis,Median Home Value,zip,2670,NoPreTrain,9,1.0,0.4,0.2857142857142857,1.0,0.65,0.6878787878787879
3680,St. Louis,Commute Time,zip,2670,Emb,0,1.0,0.2,0.07142857142857142,1.0,0.475,0.38484848484848483
3681,St. Louis,Commute Time,zip,2670,Emb,1,1.0,0.2,0.35714285714285715,1.0,0.5375,0.621969696969697
3682,St. Louis,Commute Time,zip,2670,Emb,2,1.0,0.1,0.14285714285714285,1.0,0.4625,0.525
3683,St. Louis,Commute Time,zip,2670,Emb,3,1.0,0.2,0.21428571428571427,1.0,0.45,0.5795454545454545
3684,St. Louis,Commute Time,zip,2670,Emb,4,1.0,0.1,0.21428571428571427,1.0,0.475,0.4909090909090909
3685,St. Louis,Commute Time,zip,2670,Emb,5,1.0,0.1,0.21428571428571427,1.0,0.5,0.5075757575757576
3686,St. Louis,Commute Time,zip,2670,Emb,6,1.0,0.2,0.21428571428571427,1.0,0.3625,0.5053030303030303
3687,St. Louis,Commute Time,zip,2670,Emb,7,1.0,0.2,0.07142857142857142,1.0,0.525,0.4409090909090909
3688,St. Louis,Commute Time,zip,2670,Emb,8,1.0,0.2,0.2857142857142857,1.0,0.5875,0.48636363636363633
3689,St. Louis,Commute Time,zip,2670,Emb,9,1.0,0.3,0.0,1.0,0.4875,0.34696969696969693
3690,St. Louis,Commute Time,zip,2670,RGNN,0,1.0,0.2,0.21428571428571427,1.0,0.45,0.5431818181818182
3691,St. Louis,Commute Time,zip,2670,RGNN,1,1.0,0.3,0.14285714285714285,1.0,0.6375,0.5113636363636364
3692,St. Louis,Commute Time,zip,2670,RGNN,2,1.0,0.2,0.21428571428571427,1.0,0.55,0.5909090909090909
3693,St. Louis,Commute Time,zip,2670,RGNN,3,1.0,0.2,0.14285714285714285,1.0,0.5875,0.4757575757575757
3694,St. Louis,Commute Time,zip,2670,RGNN,4,1.0,0.3,0.21428571428571427,1.0,0.475,0.4878787878787879
3695,St. Louis,Commute Time,zip,2670,RGNN,5,1.0,0.2,0.42857142857142855,1.0,0.3375,0.6939393939393941
3696,St. Louis,Commute Time,zip,2670,RGNN,6,1.0,0.1,0.14285714285714285,1.0,0.5,0.478030303030303
3697,St. Louis,Commute Time,zip,2670,RGNN,7,1.0,0.3,0.14285714285714285,1.0,0.5625,0.553030303030303
3698,St. Louis,Commute Time,zip,2670,RGNN,8,1.0,0.3,0.14285714285714285,1.0,0.65,0.45681818181818185
3699,St. Louis,Commute Time,zip,2670,RGNN,9,1.0,0.4,0.0,1.0,0.75,0.35
3700,St. Louis,Commute Time,zip,2670,Feat-RGNN,0,1.0,0.4,0.07142857142857142,1.0,0.475,0.3287878787878788
3701,St. Louis,Commute Time,zip,2670,Feat-RGNN,1,1.0,0.1,0.2857142857142857,1.0,0.4625,0.5568181818181819
3702,St. Louis,Commute Time,zip,2670,Feat-RGNN,2,1.0,0.3,0.07142857142857142,1.0,0.6,0.42121212121212126
3703,St. Louis,Commute Time,zip,2670,Feat-RGNN,3,1.0,0.2,0.14285714285714285,1.0,0.45,0.4446969696969697
3704,St. Louis,Commute Time,zip,2670,Feat-RGNN,4,1.0,0.1,0.42857142857142855,1.0,0.375,0.5583333333333333
3705,St. Louis,Commute Time,zip,2670,Feat-RGNN,5,1.0,0.2,0.35714285714285715,1.0,0.575,0.6151515151515152
3706,St. Louis,Commute Time,zip,2670,Feat-RGNN,6,1.0,0.4,0.21428571428571427,1.0,0.6125,0.4984848484848484
3707,St. Louis,Commute Time,zip,2670,Feat-RGNN,7,1.0,0.3,0.21428571428571427,1.0,0.575,0.503030303030303
3708,St. Louis,Commute Time,zip,2670,Feat-RGNN,8,1.0,0.4,0.14285714285714285,1.0,0.65,0.346969696969697
3709,St. Louis,Commute Time,zip,2670,Feat-RGNN,9,1.0,0.1,0.0,1.0,0.4375,0.2590909090909091
3710,St. Louis,Commute Time,zip,2670,Feat\&PC-RGNN,0,1.0,0.2,0.14285714285714285,1.0,0.4,0.42575757575757567
3711,St. Louis,Commute Time,zip,2670,Feat\&PC-RGNN,1,1.0,0.3,0.2857142857142857,1.0,0.65,0.5265151515151515
3712,St. Louis,Commute Time,zip,2670,Feat\&PC-RGNN,2,1.0,0.3,0.14285714285714285,1.0,0.7125,0.5295454545454545
3713,St. Louis,Commute Time,zip,2670,Feat\&PC-RGNN,3,1.0,0.1,0.21428571428571427,1.0,0.475,0.44469696969696965
3714,St. Louis,Commute Time,zip,2670,Feat\&PC-RGNN,4,1.0,0.2,0.35714285714285715,1.0,0.4,0.6734848484848485
3715,St. Louis,Commute Time,zip,2670,Feat\&PC-RGNN,5,1.0,0.2,0.21428571428571427,1.0,0.4625,0.5477272727272726
3716,St. Louis,Commute Time,zip,2670,Feat\&PC-RGNN,6,1.0,0.2,0.2857142857142857,1.0,0.7125,0.5181818181818182
3717,St. Louis,Commute Time,zip,2670,Feat\&PC-RGNN,7,1.0,0.1,0.07142857142857142,1.0,0.55,0.5075757575757576
3718,St. Louis,Commute Time,zip,2670,Feat\&PC-RGNN,8,1.0,0.4,0.2857142857142857,1.0,0.575,0.5787878787878789
3719,St. Louis,Commute Time,zip,2670,Feat\&PC-RGNN,9,1.0,0.2,0.2857142857142857,1.0,0.5125,0.546969696969697
3720,St. Louis,Commute Time,zip,2670,LightGCN,0,1.0,0.3,0.21428571428571427,1.0,0.5125,0.5204545454545454
3721,St. Louis,Commute Time,zip,2670,LightGCN,1,1.0,0.1,0.14285714285714285,1.0,0.55,0.5053030303030303
3722,St. Louis,Commute Time,zip,2670,LightGCN,2,1.0,0.4,0.42857142857142855,1.0,0.6875,0.7128787878787879
3723,St. Louis,Commute Time,zip,2670,LightGCN,3,1.0,0.3,0.14285714285714285,1.0,0.5875,0.4787878787878788
3724,St. Louis,Commute Time,zip,2670,LightGCN,4,1.0,0.3,0.35714285714285715,1.0,0.6,0.6803030303030303
3725,St. Louis,Commute Time,zip,2670,LightGCN,5,1.0,0.3,0.21428571428571427,1.0,0.5375,0.4803030303030303
3726,St. Louis,Commute Time,zip,2670,LightGCN,6,1.0,0.3,0.2857142857142857,1.0,0.6,0.46060606060606063
3727,St. Louis,Commute Time,zip,2670,LightGCN,7,1.0,0.1,0.35714285714285715,1.0,0.5625,0.6416666666666668
3728,St. Louis,Commute Time,zip,2670,LightGCN,8,1.0,0.2,0.2857142857142857,1.0,0.5875,0.5113636363636364
3729,St. Louis,Commute Time,zip,2670,LightGCN,9,1.0,0.2,0.21428571428571427,1.0,0.5625,0.4227272727272727
3730,St. Louis,Commute Time,zip,2670,Feat-LightGCN,0,1.0,0.2,0.14285714285714285,1.0,0.525,0.37196969696969695
3731,St. Louis,Commute Time,zip,2670,Feat-LightGCN,1,1.0,0.1,0.14285714285714285,1.0,0.5625,0.5068181818181817
3732,St. Louis,Commute Time,zip,2670,Feat-LightGCN,2,1.0,0.3,0.21428571428571427,1.0,0.625,0.5568181818181819
3733,St. Louis,Commute Time,zip,2670,Feat-LightGCN,3,1.0,0.3,0.35714285714285715,1.0,0.5375,0.5969696969696969
3734,St. Louis,Commute Time,zip,2670,Feat-LightGCN,4,1.0,0.1,0.42857142857142855,1.0,0.425,0.6143939393939394
3735,St. Louis,Commute Time,zip,2670,Feat-LightGCN,5,1.0,0.2,0.21428571428571427,1.0,0.525,0.5386363636363637
3736,St. Louis,Commute Time,zip,2670,Feat-LightGCN,6,1.0,0.1,0.21428571428571427,1.0,0.6,0.4128787878787879
3737,St. Louis,Commute Time,zip,2670,Feat-LightGCN,7,1.0,0.2,0.21428571428571427,1.0,0.5125,0.5924242424242424
3738,St. Louis,Commute Time,zip,2670,Feat-LightGCN,8,1.0,0.3,0.14285714285714285,1.0,0.55,0.40909090909090906
3739,St. Louis,Commute Time,zip,2670,Feat-LightGCN,9,1.0,0.1,0.0,1.0,0.5625,0.2666666666666667
3740,St. Louis,Commute Time,zip,2670,Feat\&PC-LightGCN,0,1.0,0.5,0.21428571428571427,1.0,0.5875,0.5181818181818182
3741,St. Louis,Commute Time,zip,2670,Feat\&PC-LightGCN,1,1.0,0.3,0.14285714285714285,1.0,0.5625,0.525
3742,St. Louis,Commute Time,zip,2670,Feat\&PC-LightGCN,2,1.0,0.4,0.2857142857142857,1.0,0.5875,0.575
3743,St. Louis,Commute Time,zip,2670,Feat\&PC-LightGCN,3,1.0,0.2,0.2857142857142857,1.0,0.5875,0.6583333333333333
3744,St. Louis,Commute Time,zip,2670,Feat\&PC-LightGCN,4,1.0,0.2,0.14285714285714285,1.0,0.4875,0.5356060606060605
3745,St. Louis,Commute Time,zip,2670,Feat\&PC-LightGCN,5,1.0,0.2,0.42857142857142855,1.0,0.6,0.6977272727272726
3746,St. Louis,Commute Time,zip,2670,Feat\&PC-LightGCN,6,1.0,0.2,0.14285714285714285,1.0,0.6,0.6272727272727272
3747,St. Louis,Commute Time,zip,2670,Feat\&PC-LightGCN,7,1.0,0.4,0.21428571428571427,1.0,0.5125,0.5393939393939394
3748,St. Louis,Commute Time,zip,2670,Feat\&PC-LightGCN,8,1.0,0.5,0.14285714285714285,1.0,0.625,0.4901515151515151
3749,St. Louis,Commute Time,zip,2670,Feat\&PC-LightGCN,9,1.0,0.2,0.21428571428571427,1.0,0.6,0.5863636363636363
3750,St. Louis,Commute Time,zip,2670,NoPreTrain,0,1.0,0.3,0.2857142857142857,1.0,0.5125,0.43560606060606055
3751,St. Louis,Commute Time,zip,2670,NoPreTrain,1,1.0,0.5,0.14285714285714285,1.0,0.7625,0.5265151515151516
3752,St. Louis,Commute Time,zip,2670,NoPreTrain,2,1.0,0.2,0.07142857142857142,1.0,0.5375,0.3462121212121212
3753,St. Louis,Commute Time,zip,2670,NoPreTrain,3,1.0,0.1,0.2857142857142857,1.0,0.50625,0.5136363636363637
3754,St. Louis,Commute Time,zip,2670,NoPreTrain,4,1.0,0.1,0.07142857142857142,1.0,0.5375,0.4545454545454545
3755,St. Louis,Commute Time,zip,2670,NoPreTrain,5,1.0,0.4,0.21428571428571427,1.0,0.5875,0.5916666666666666
3756,St. Louis,Commute Time,zip,2670,NoPreTrain,6,1.0,0.2,0.14285714285714285,1.0,0.45,0.4818181818181818
3757,St. Louis,Commute Time,zip,2670,NoPreTrain,7,1.0,0.0,0.42857142857142855,1.0,0.225,0.7212121212121213
3758,St. Louis,Commute Time,zip,2670,NoPreTrain,8,1.0,0.1,0.35714285714285715,1.0,0.4625,0.65
3759,St. Louis,Commute Time,zip,2670,NoPreTrain,9,1.0,0.3,0.07142857142857142,1.0,0.6625,0.39166666666666666
3760,St. Louis,Median Age,zip,2670,Emb,0,1.0,0.2,0.5,1.0,0.45,0.7106060606060606
3761,St. Louis,Median Age,zip,2670,Emb,1,1.0,0.3,0.2857142857142857,1.0,0.5375,0.5575757575757576
3762,St. Louis,Median Age,zip,2670,Emb,2,1.0,0.4,0.2857142857142857,1.0,0.5875,0.6537878787878787
3763,St. Louis,Median Age,zip,2670,Emb,3,1.0,0.4,0.35714285714285715,1.0,0.6,0.7181818181818181
3764,St. Louis,Median Age,zip,2670,Emb,4,1.0,0.2,0.2857142857142857,1.0,0.5375,0.6287878787878787
3765,St. Louis,Median Age,zip,2670,Emb,5,1.0,0.4,0.2857142857142857,1.0,0.7375,0.6174242424242425
3766,St. Louis,Median Age,zip,2670,Emb,6,1.0,0.3,0.35714285714285715,1.0,0.475,0.5303030303030303
3767,St. Louis,Median Age,zip,2670,Emb,7,1.0,0.0,0.14285714285714285,1.0,0.4,0.49469696969696975
3768,St. Louis,Median Age,zip,2670,Emb,8,1.0,0.2,0.14285714285714285,1.0,0.575,0.41515151515151516
3769,St. Louis,Median Age,zip,2670,Emb,9,1.0,0.1,0.2857142857142857,1.0,0.5,0.5681818181818181
3770,St. Louis,Median Age,zip,2670,RGNN,0,1.0,0.3,0.5714285714285714,1.0,0.625,0.6825757575757575
3771,St. Louis,Median Age,zip,2670,RGNN,1,1.0,0.3,0.2857142857142857,1.0,0.6375,0.7393939393939394
3772,St. Louis,Median Age,zip,2670,RGNN,2,1.0,0.5,0.35714285714285715,1.0,0.65,0.6795454545454545
3773,St. Louis,Median Age,zip,2670,RGNN,3,1.0,0.4,0.07142857142857142,1.0,0.6875,0.5378787878787878
3774,St. Louis,Median Age,zip,2670,RGNN,4,1.0,0.3,0.42857142857142855,1.0,0.7875,0.7007575757575758
3775,St. Louis,Median Age,zip,2670,RGNN,5,1.0,0.3,0.2857142857142857,1.0,0.6125,0.6454545454545454
3776,St. Louis,Median Age,zip,2670,RGNN,6,1.0,0.2,0.21428571428571427,1.0,0.525,0.5159090909090909
3777,St. Louis,Median Age,zip,2670,RGNN,7,1.0,0.3,0.21428571428571427,1.0,0.6625,0.6068181818181818
3778,St. Louis,Median Age,zip,2670,RGNN,8,1.0,0.3,0.14285714285714285,1.0,0.8375,0.5659090909090908
3779,St. Louis,Median Age,zip,2670,RGNN,9,1.0,0.3,0.21428571428571427,1.0,0.75,0.6128787878787879
3780,St. Louis,Median Age,zip,2670,Feat-RGNN,0,1.0,0.2,0.42857142857142855,1.0,0.475,0.6757575757575757
3781,St. Louis,Median Age,zip,2670,Feat-RGNN,1,1.0,0.3,0.2857142857142857,1.0,0.6125,0.5424242424242423
3782,St. Louis,Median Age,zip,2670,Feat-RGNN,2,1.0,0.4,0.2857142857142857,1.0,0.7375,0.6530303030303031
3783,St. Louis,Median Age,zip,2670,Feat-RGNN,3,1.0,0.2,0.14285714285714285,1.0,0.575,0.556060606060606
3784,St. Louis,Median Age,zip,2670,Feat-RGNN,4,1.0,0.1,0.5,1.0,0.675,0.6234848484848484
3785,St. Louis,Median Age,zip,2670,Feat-RGNN,5,1.0,0.3,0.21428571428571427,1.0,0.5875,0.5484848484848485
3786,St. Louis,Median Age,zip,2670,Feat-RGNN,6,1.0,0.1,0.21428571428571427,1.0,0.4875,0.6053030303030302
3787,St. Louis,Median Age,zip,2670,Feat-RGNN,7,1.0,0.3,0.2857142857142857,1.0,0.5375,0.5674242424242424
3788,St. Louis,Median Age,zip,2670,Feat-RGNN,8,1.0,0.3,0.21428571428571427,1.0,0.5375,0.44545454545454544
3789,St. Louis,Median Age,zip,2670,Feat-RGNN,9,1.0,0.4,0.2857142857142857,1.0,0.5375,0.5734848484848485
3790,St. Louis,Median Age,zip,2670,Feat\&PC-RGNN,0,1.0,0.2,0.2857142857142857,1.0,0.5125,0.6454545454545455
3791,St. Louis,Median Age,zip,2670,Feat\&PC-RGNN,1,1.0,0.4,0.2857142857142857,1.0,0.6625,0.5356060606060606
3792,St. Louis,Median Age,zip,2670,Feat\&PC-RGNN,2,1.0,0.4,0.2857142857142857,1.0,0.65,0.6174242424242424
3793,St. Louis,Median Age,zip,2670,Feat\&PC-RGNN,3,1.0,0.3,0.14285714285714285,1.0,0.65,0.5598484848484848
3794,St. Louis,Median Age,zip,2670,Feat\&PC-RGNN,4,1.0,0.5,0.35714285714285715,1.0,0.7875,0.606060606060606
3795,St. Louis,Median Age,zip,2670,Feat\&PC-RGNN,5,1.0,0.3,0.21428571428571427,1.0,0.575,0.6227272727272727
3796,St. Louis,Median Age,zip,2670,Feat\&PC-RGNN,6,1.0,0.2,0.2857142857142857,1.0,0.4875,0.6037878787878788
3797,St. Louis,Median Age,zip,2670,Feat\&PC-RGNN,7,1.0,0.3,0.35714285714285715,1.0,0.625,0.509090909090909
3798,St. Louis,Median Age,zip,2670,Feat\&PC-RGNN,8,1.0,0.4,0.21428571428571427,1.0,0.65,0.4924242424242425
3799,St. Louis,Median Age,zip,2670,Feat\&PC-RGNN,9,1.0,0.2,0.14285714285714285,1.0,0.5,0.484848484848485
3800,St. Louis,Median Age,zip,2670,LightGCN,0,1.0,0.2,0.42857142857142855,1.0,0.4875,0.8484848484848484
3801,St. Louis,Median Age,zip,2670,LightGCN,1,1.0,0.3,0.14285714285714285,1.0,0.675,0.45
3802,St. Louis,Median Age,zip,2670,LightGCN,2,1.0,0.5,0.2857142857142857,1.0,0.65,0.6977272727272726
3803,St. Louis,Median Age,zip,2670,LightGCN,3,1.0,0.3,0.0,1.0,0.55,0.5356060606060605
3804,St. Louis,Median Age,zip,2670,LightGCN,4,1.0,0.2,0.35714285714285715,1.0,0.6375,0.6174242424242424
3805,St. Louis,Median Age,zip,2670,LightGCN,5,1.0,0.2,0.2857142857142857,1.0,0.55,0.5363636363636364
3806,St. Louis,Median Age,zip,2670,LightGCN,6,1.0,0.2,0.21428571428571427,1.0,0.65,0.6212121212121212
3807,St. Louis,Median Age,zip,2670,LightGCN,7,1.0,0.2,0.35714285714285715,1.0,0.725,0.5810606060606062
3808,St. Louis,Median Age,zip,2670,LightGCN,8,1.0,0.3,0.2857142857142857,1.0,0.65,0.6984848484848485
3809,St. Louis,Median Age,zip,2670,LightGCN,9,1.0,0.2,0.35714285714285715,1.0,0.5125,0.7045454545454544
3810,St. Louis,Median Age,zip,2670,Feat-LightGCN,0,1.0,0.0,0.2857142857142857,1.0,0.5,0.6916666666666667
3811,St. Louis,Median Age,zip,2670,Feat-LightGCN,1,1.0,0.2,0.35714285714285715,1.0,0.525,0.531060606060606
3812,St. Louis,Median Age,zip,2670,Feat-LightGCN,2,1.0,0.5,0.35714285714285715,1.0,0.7625,0.5863636363636363
3813,St. Louis,Median Age,zip,2670,Feat-LightGCN,3,1.0,0.4,0.14285714285714285,1.0,0.7,0.5416666666666666
3814,St. Louis,Median Age,zip,2670,Feat-LightGCN,4,1.0,0.3,0.5714285714285714,1.0,0.5625,0.6272727272727272
3815,St. Louis,Median Age,zip,2670,Feat-LightGCN,5,1.0,0.3,0.35714285714285715,1.0,0.6125,0.6136363636363636
3816,St. Louis,Median Age,zip,2670,Feat-LightGCN,6,1.0,0.1,0.21428571428571427,1.0,0.5125,0.5446969696969697
3817,St. Louis,Median Age,zip,2670,Feat-LightGCN,7,1.0,0.2,0.2857142857142857,1.0,0.65,0.6136363636363636
3818,St. Louis,Median Age,zip,2670,Feat-LightGCN,8,1.0,0.2,0.21428571428571427,1.0,0.5875,0.5151515151515151
3819,St. Louis,Median Age,zip,2670,Feat-LightGCN,9,1.0,0.2,0.21428571428571427,1.0,0.5375,0.5696969696969696
3820,St. Louis,Median Age,zip,2670,Feat\&PC-LightGCN,0,1.0,0.3,0.2857142857142857,1.0,0.55,0.5863636363636363
3821,St. Louis,Median Age,zip,2670,Feat\&PC-LightGCN,1,1.0,0.4,0.21428571428571427,1.0,0.6375,0.6189393939393939
3822,St. Louis,Median Age,zip,2670,Feat\&PC-LightGCN,2,1.0,0.5,0.35714285714285715,1.0,0.775,0.6121212121212122
3823,St. Louis,Median Age,zip,2670,Feat\&PC-LightGCN,3,1.0,0.4,0.21428571428571427,1.0,0.5875,0.6492424242424242
3824,St. Louis,Median Age,zip,2670,Feat\&PC-LightGCN,4,1.0,0.1,0.5,1.0,0.525,0.6825757575757575
3825,St. Louis,Median Age,zip,2670,Feat\&PC-LightGCN,5,1.0,0.2,0.2857142857142857,1.0,0.5625,0.44848484848484843
3826,St. Louis,Median Age,zip,2670,Feat\&PC-LightGCN,6,1.0,0.1,0.42857142857142855,1.0,0.4,0.7128787878787879
3827,St. Louis,Median Age,zip,2670,Feat\&PC-LightGCN,7,1.0,0.6,0.14285714285714285,1.0,0.8,0.48939393939393944
3828,St. Louis,Median Age,zip,2670,Feat\&PC-LightGCN,8,1.0,0.3,0.42857142857142855,1.0,0.4875,0.5053030303030303
3829,St. Louis,Median Age,zip,2670,Feat\&PC-LightGCN,9,1.0,0.3,0.35714285714285715,1.0,0.525,0.5757575757575758
3830,St. Louis,Median Age,zip,2670,NoPreTrain,0,1.0,0.3,0.2857142857142857,1.0,0.6875,0.6227272727272727
3831,St. Louis,Median Age,zip,2670,NoPreTrain,1,1.0,0.4,0.2857142857142857,1.0,0.75,0.4916666666666666
3832,St. Louis,Median Age,zip,2670,NoPreTrain,2,1.0,0.2,0.21428571428571427,1.0,0.5,0.5924242424242424
3833,St. Louis,Median Age,zip,2670,NoPreTrain,3,1.0,0.2,0.14285714285714285,1.0,0.45,0.6515151515151515
3834,St. Louis,Median Age,zip,2670,NoPreTrain,4,1.0,0.3,0.0,1.0,0.575,0.31287878787878787
3835,St. Louis,Median Age,zip,2670,NoPreTrain,5,1.0,0.1,0.42857142857142855,1.0,0.475,0.684090909090909
3836,St. Louis,Median Age,zip,2670,NoPreTrain,6,1.0,0.3,0.14285714285714285,1.0,0.525,0.5666666666666667
3837,St. Louis,Median Age,zip,2670,NoPreTrain,7,1.0,0.3,0.21428571428571427,1.0,0.45,0.4893939393939394
3838,St. Louis,Median Age,zip,2670,NoPreTrain,8,1.0,0.2,0.21428571428571427,1.0,0.5,0.4303030303030303
3839,St. Louis,Median Age,zip,2670,NoPreTrain,9,1.0,0.2,0.14285714285714285,1.0,0.5125,0.4621212121212121
3840,Indianapolis,Median Income,zip,2745,Emb,0,1.0,0.2,0.3,1.0,0.7,0.625
3841,Indianapolis,Median Income,zip,2745,Emb,1,1.0,0.2,0.5,1.0,0.65,0.8
3842,Indianapolis,Median Income,zip,2745,Emb,2,1.0,0.4,0.2,1.0,0.6,0.6
3843,Indianapolis,Median Income,zip,2745,Emb,3,1.0,0.0,0.5,1.0,0.3,0.6625
3844,Indianapolis,Median Income,zip,2745,Emb,4,1.0,0.2,0.2,1.0,0.7,0.4625
3845,Indianapolis,Median Income,zip,2745,Emb,5,1.0,0.4,0.4,1.0,0.7,0.7625
3846,Indianapolis,Median Income,zip,2745,Emb,6,1.0,0.4,0.4,1.0,0.6,0.8
3847,Indianapolis,Median Income,zip,2745,Emb,7,1.0,0.6,0.4,1.0,0.75,0.6875
3848,Indianapolis,Median Income,zip,2745,Emb,8,1.0,0.2,0.4,1.0,0.3,0.625
3849,Indianapolis,Median Income,zip,2745,Emb,9,1.0,0.4,0.3,1.0,0.8,0.6875
3850,Indianapolis,Median Income,zip,2745,RGNN,0,1.0,0.2,0.0,1.0,0.45,0.5375
3851,Indianapolis,Median Income,zip,2745,RGNN,1,1.0,0.4,0.4,1.0,0.85,0.525
3852,Indianapolis,Median Income,zip,2745,RGNN,2,1.0,0.4,0.1,1.0,0.7,0.55
3853,Indianapolis,Median Income,zip,2745,RGNN,3,1.0,0.0,0.3,1.0,0.55,0.575
3854,Indianapolis,Median Income,zip,2745,RGNN,4,1.0,0.6,0.1,1.0,0.8,0.5
3855,Indianapolis,Median Income,zip,2745,RGNN,5,1.0,0.4,0.6,1.0,0.6,0.8125
3856,Indianapolis,Median Income,zip,2745,RGNN,6,1.0,0.2,0.3,1.0,0.55,0.675
3857,Indianapolis,Median Income,zip,2745,RGNN,7,1.0,0.4,0.4,1.0,0.6,0.7125
3858,Indianapolis,Median Income,zip,2745,RGNN,8,1.0,0.4,0.3,1.0,0.75,0.5375
3859,Indianapolis,Median Income,zip,2745,RGNN,9,1.0,0.4,0.3,1.0,0.5,0.7125
3860,Indianapolis,Median Income,zip,2745,Feat-RGNN,0,1.0,0.2,0.2,1.0,0.35,0.4625
3861,Indianapolis,Median Income,zip,2745,Feat-RGNN,1,1.0,0.4,0.3,1.0,0.75,0.6875
3862,Indianapolis,Median Income,zip,2745,Feat-RGNN,2,1.0,0.8,0.2,1.0,1.0,0.475
3863,Indianapolis,Median Income,zip,2745,Feat-RGNN,3,1.0,0.2,0.2,1.0,0.5,0.65
3864,Indianapolis,Median Income,zip,2745,Feat-RGNN,4,1.0,0.0,0.2,1.0,0.65,0.4875
3865,Indianapolis,Median Income,zip,2745,Feat-RGNN,5,1.0,0.4,0.4,1.0,0.6,0.775
3866,Indianapolis,Median Income,zip,2745,Feat-RGNN,6,1.0,0.4,0.5,1.0,0.65,0.7375
3867,Indianapolis,Median Income,zip,2745,Feat-RGNN,7,1.0,0.6,0.4,1.0,0.7,0.5875
3868,Indianapolis,Median Income,zip,2745,Feat-RGNN,8,1.0,0.4,0.2,1.0,0.65,0.65
3869,Indianapolis,Median Income,zip,2745,Feat-RGNN,9,1.0,0.4,0.5,1.0,0.75,0.725
3870,Indianapolis,Median Income,zip,2745,Feat\&PC-RGNN,0,1.0,0.2,0.1,1.0,0.5,0.45
3871,Indianapolis,Median Income,zip,2745,Feat\&PC-RGNN,1,1.0,0.2,0.4,1.0,0.5,0.525
3872,Indianapolis,Median Income,zip,2745,Feat\&PC-RGNN,2,1.0,0.6,0.2,1.0,0.8,0.5
3873,Indianapolis,Median Income,zip,2745,Feat\&PC-RGNN,3,1.0,0.2,0.3,1.0,0.45,0.6
3874,Indianapolis,Median Income,zip,2745,Feat\&PC-RGNN,4,1.0,0.2,0.3,1.0,0.65,0.5125
3875,Indianapolis,Median Income,zip,2745,Feat\&PC-RGNN,5,1.0,0.2,0.5,1.0,0.45,0.75
3876,Indianapolis,Median Income,zip,2745,Feat\&PC-RGNN,6,1.0,0.2,0.3,1.0,0.3,0.6625
3877,Indianapolis,Median Income,zip,2745,Feat\&PC-RGNN,7,1.0,0.2,0.4,1.0,0.65,0.7
3878,Indianapolis,Median Income,zip,2745,Feat\&PC-RGNN,8,1.0,0.2,0.3,1.0,0.6,0.4625
3879,Indianapolis,Median Income,zip,2745,Feat\&PC-RGNN,9,1.0,0.2,0.6,1.0,0.6,0.7375
3880,Indianapolis,Median Income,zip,2745,LightGCN,0,1.0,0.2,0.3,1.0,0.6,0.7
3881,Indianapolis,Median Income,zip,2745,LightGCN,1,1.0,0.6,0.2,1.0,0.85,0.65
3882,Indianapolis,Median Income,zip,2745,LightGCN,2,1.0,0.8,0.2,1.0,0.85,0.675
3883,Indianapolis,Median Income,zip,2745,LightGCN,3,1.0,0.4,0.3,1.0,0.75,0.55
3884,Indianapolis,Median Income,zip,2745,LightGCN,4,1.0,0.2,0.3,1.0,0.7,0.6125
3885,Indianapolis,Median Income,zip,2745,LightGCN,5,1.0,0.4,0.4,1.0,0.8,0.725
3886,Indianapolis,Median Income,zip,2745,LightGCN,6,1.0,0.4,0.5,1.0,0.8,0.675
3887,Indianapolis,Median Income,zip,2745,LightGCN,7,1.0,0.8,0.5,1.0,0.8,0.6625
3888,Indianapolis,Median Income,zip,2745,LightGCN,8,1.0,0.4,0.3,1.0,0.7,0.625
3889,Indianapolis,Median Income,zip,2745,LightGCN,9,1.0,0.6,0.7,1.0,0.7,0.725
3890,Indianapolis,Median Income,zip,2745,Feat-LightGCN,0,1.0,0.0,0.1,1.0,0.35,0.5375
3891,Indianapolis,Median Income,zip,2745,Feat-LightGCN,1,1.0,0.2,0.3,1.0,0.6,0.5375
3892,Indianapolis,Median Income,zip,2745,Feat-LightGCN,2,1.0,1.0,0.3,1.0,1.0,0.6625
3893,Indianapolis,Median Income,zip,2745,Feat-LightGCN,3,1.0,0.2,0.5,1.0,0.55,0.7
3894,Indianapolis,Median Income,zip,2745,Feat-LightGCN,4,1.0,0.4,0.3,1.0,0.8,0.6625
3895,Indianapolis,Median Income,zip,2745,Feat-LightGCN,5,1.0,0.6,0.4,1.0,0.9,0.7625
3896,Indianapolis,Median Income,zip,2745,Feat-LightGCN,6,1.0,0.4,0.4,1.0,0.75,0.6875
3897,Indianapolis,Median Income,zip,2745,Feat-LightGCN,7,1.0,0.6,0.5,1.0,0.8,0.775
3898,Indianapolis,Median Income,zip,2745,Feat-LightGCN,8,1.0,0.4,0.2,1.0,0.65,0.6
3899,Indianapolis,Median Income,zip,2745,Feat-LightGCN,9,1.0,0.4,0.4,1.0,0.55,0.7125
3900,Indianapolis,Median Income,zip,2745,Feat\&PC-LightGCN,0,1.0,0.2,0.1,1.0,0.65,0.5375
3901,Indianapolis,Median Income,zip,2745,Feat\&PC-LightGCN,1,1.0,0.6,0.3,1.0,0.85,0.675
3902,Indianapolis,Median Income,zip,2745,Feat\&PC-LightGCN,2,1.0,0.4,0.1,1.0,0.75,0.5625
3903,Indianapolis,Median Income,zip,2745,Feat\&PC-LightGCN,3,1.0,0.2,0.3,1.0,0.55,0.6125
3904,Indianapolis,Median Income,zip,2745,Feat\&PC-LightGCN,4,1.0,0.2,0.2,1.0,0.6,0.5375
3905,Indianapolis,Median Income,zip,2745,Feat\&PC-LightGCN,5,1.0,0.4,0.4,1.0,0.65,0.775
3906,Indianapolis,Median Income,zip,2745,Feat\&PC-LightGCN,6,1.0,0.2,0.4,1.0,0.5,0.7125
3907,Indianapolis,Median Income,zip,2745,Feat\&PC-LightGCN,7,1.0,0.6,0.4,1.0,0.8,0.65
3908,Indianapolis,Median Income,zip,2745,Feat\&PC-LightGCN,8,1.0,0.2,0.1,1.0,0.6,0.5875
3909,Indianapolis,Median Income,zip,2745,Feat\&PC-LightGCN,9,1.0,0.2,0.3,1.0,0.5,0.6125
3910,Indianapolis,Median Income,zip,2745,NoPreTrain,0,1.0,0.2,0.4,1.0,0.6,0.6
3911,Indianapolis,Median Income,zip,2745,NoPreTrain,1,1.0,0.0,0.2,1.0,0.5,0.6375
3912,Indianapolis,Median Income,zip,2745,NoPreTrain,2,1.0,0.2,0.1,1.0,0.6,0.5
3913,Indianapolis,Median Income,zip,2745,NoPreTrain,3,1.0,0.4,0.2,1.0,0.5,0.2375
3914,Indianapolis,Median Income,zip,2745,NoPreTrain,4,1.0,0.2,0.3,1.0,0.65,0.4
3915,Indianapolis,Median Income,zip,2745,NoPreTrain,5,1.0,0.2,0.0,1.0,0.6,0.325
3916,Indianapolis,Median Income,zip,2745,NoPreTrain,6,1.0,0.2,0.2,1.0,0.65,0.45
3917,Indianapolis,Median Income,zip,2745,NoPreTrain,7,1.0,0.4,0.1,1.0,0.55,0.4625
3918,Indianapolis,Median Income,zip,2745,NoPreTrain,8,1.0,0.2,0.3,1.0,0.5,0.5
3919,Indianapolis,Median Income,zip,2745,NoPreTrain,9,1.0,0.2,0.2,1.0,0.4,0.5375
3920,Indianapolis,Median Home Value,zip,2745,Emb,0,1.0,0.4,0.4,1.0,0.7,0.675
3921,Indianapolis,Median Home Value,zip,2745,Emb,1,1.0,0.4,0.3,1.0,0.9,0.45
3922,Indianapolis,Median Home Value,zip,2745,Emb,2,1.0,0.4,0.3,1.0,0.6,0.55
3923,Indianapolis,Median Home Value,zip,2745,Emb,3,1.0,0.2,0.4,1.0,0.4,0.625
3924,Indianapolis,Median Home Value,zip,2745,Emb,4,1.0,0.4,0.3,1.0,0.75,0.475
3925,Indianapolis,Median Home Value,zip,2745,Emb,5,1.0,0.6,0.3,1.0,0.8,0.4625
3926,Indianapolis,Median Home Value,zip,2745,Emb,6,1.0,0.4,0.2,1.0,0.6,0.5625
3927,Indianapolis,Median Home Value,zip,2745,Emb,7,1.0,0.4,0.4,1.0,0.7,0.65
3928,Indianapolis,Median Home Value,zip,2745,Emb,8,1.0,0.2,0.3,1.0,0.6,0.5375
3929,Indianapolis,Median Home Value,zip,2745,Emb,9,1.0,0.4,0.3,1.0,0.65,0.6375
3930,Indianapolis,Median Home Value,zip,2745,RGNN,0,1.0,0.4,0.4,1.0,0.75,0.6125
3931,Indianapolis,Median Home Value,zip,2745,RGNN,1,1.0,0.8,0.2,1.0,1.0,0.5875
3932,Indianapolis,Median Home Value,zip,2745,RGNN,2,1.0,0.6,0.5,1.0,0.6,0.65
3933,Indianapolis,Median Home Value,zip,2745,RGNN,3,1.0,0.2,0.1,1.0,0.35,0.5625
3934,Indianapolis,Median Home Value,zip,2745,RGNN,4,1.0,0.4,0.2,1.0,0.75,0.4
3935,Indianapolis,Median Home Value,zip,2745,RGNN,5,1.0,0.2,0.1,1.0,0.7,0.45
3936,Indianapolis,Median Home Value,zip,2745,RGNN,6,1.0,0.2,0.0,1.0,0.7,0.525
3937,Indianapolis,Median Home Value,zip,2745,RGNN,7,1.0,0.6,0.3,1.0,0.65,0.5375
3938,Indianapolis,Median Home Value,zip,2745,RGNN,8,1.0,0.6,0.3,1.0,0.95,0.5125
3939,Indianapolis,Median Home Value,zip,2745,RGNN,9,1.0,0.8,0.1,1.0,0.75,0.4875
3940,Indianapolis,Median Home Value,zip,2745,Feat-RGNN,0,1.0,0.4,0.4,1.0,0.7,0.6625
3941,Indianapolis,Median Home Value,zip,2745,Feat-RGNN,1,1.0,0.6,0.2,1.0,0.95,0.4375
3942,Indianapolis,Median Home Value,zip,2745,Feat-RGNN,2,1.0,0.4,0.2,1.0,0.65,0.7125
3943,Indianapolis,Median Home Value,zip,2745,Feat-RGNN,3,1.0,0.4,0.4,1.0,0.6,0.6375
3944,Indianapolis,Median Home Value,zip,2745,Feat-RGNN,4,1.0,0.4,0.4,1.0,0.6,0.625
3945,Indianapolis,Median Home Value,zip,2745,Feat-RGNN,5,1.0,0.2,0.2,1.0,0.7,0.5
3946,Indianapolis,Median Home Value,zip,2745,Feat-RGNN,6,1.0,0.4,0.4,1.0,0.5,0.6375
3947,Indianapolis,Median Home Value,zip,2745,Feat-RGNN,7,1.0,0.6,0.5,1.0,0.85,0.625
3948,Indianapolis,Median Home Value,zip,2745,Feat-RGNN,8,1.0,0.4,0.4,1.0,0.65,0.675
3949,Indianapolis,Median Home Value,zip,2745,Feat-RGNN,9,1.0,0.6,0.1,1.0,0.6,0.5625
3950,Indianapolis,Median Home Value,zip,2745,Feat\&PC-RGNN,0,1.0,0.4,0.4,1.0,0.9,0.5875
3951,Indianapolis,Median Home Value,zip,2745,Feat\&PC-RGNN,1,1.0,0.4,0.2,1.0,0.65,0.475
3952,Indianapolis,Median Home Value,zip,2745,Feat\&PC-RGNN,2,1.0,0.6,0.1,1.0,0.75,0.45
3953,Indianapolis,Median Home Value,zip,2745,Feat\&PC-RGNN,3,1.0,0.2,0.3,1.0,0.5,0.6125
3954,Indianapolis,Median Home Value,zip,2745,Feat\&PC-RGNN,4,1.0,0.6,0.1,1.0,0.6,0.5375
3955,Indianapolis,Median Home Value,zip,2745,Feat\&PC-RGNN,5,1.0,0.0,0.5,1.0,0.6,0.725
3956,Indianapolis,Median Home Value,zip,2745,Feat\&PC-RGNN,6,1.0,0.2,0.3,1.0,0.45,0.5375
3957,Indianapolis,Median Home Value,zip,2745,Feat\&PC-RGNN,7,1.0,0.8,0.2,1.0,0.85,0.5125
3958,Indianapolis,Median Home Value,zip,2745,Feat\&PC-RGNN,8,1.0,0.2,0.4,1.0,0.7,0.7625
3959,Indianapolis,Median Home Value,zip,2745,Feat\&PC-RGNN,9,1.0,0.6,0.3,1.0,0.8,0.725
3960,Indianapolis,Median Home Value,zip,2745,LightGCN,0,1.0,0.8,0.4,1.0,0.85,0.6125
3961,Indianapolis,Median Home Value,zip,2745,LightGCN,1,1.0,0.6,0.3,1.0,0.9,0.7
3962,Indianapolis,Median Home Value,zip,2745,LightGCN,2,1.0,0.2,0.5,1.0,0.75,0.7
3963,Indianapolis,Median Home Value,zip,2745,LightGCN,3,1.0,0.2,0.3,1.0,0.45,0.575
3964,Indianapolis,Median Home Value,zip,2745,LightGCN,4,1.0,0.4,0.4,1.0,0.6,0.7
3965,Indianapolis,Median Home Value,zip,2745,LightGCN,5,1.0,0.6,0.2,1.0,0.85,0.5375
3966,Indianapolis,Median Home Value,zip,2745,LightGCN,6,1.0,0.4,0.4,1.0,0.7,0.7125
3967,Indianapolis,Median Home Value,zip,2745,LightGCN,7,1.0,0.4,0.3,1.0,0.7,0.6375
3968,Indianapolis,Median Home Value,zip,2745,LightGCN,8,1.0,0.6,0.5,1.0,0.8,0.675
3969,Indianapolis,Median Home Value,zip,2745,LightGCN,9,1.0,0.6,0.4,1.0,0.75,0.6625
3970,Indianapolis,Median Home Value,zip,2745,Feat-LightGCN,0,1.0,0.6,0.3,1.0,0.85,0.6625
3971,Indianapolis,Median Home Value,zip,2745,Feat-LightGCN,1,1.0,0.6,0.3,1.0,1.0,0.6375
3972,Indianapolis,Median Home Value,zip,2745,Feat-LightGCN,2,1.0,0.4,0.4,1.0,0.75,0.6
3973,Indianapolis,Median Home Value,zip,2745,Feat-LightGCN,3,1.0,0.2,0.4,1.0,0.55,0.5375
3974,Indianapolis,Median Home Value,zip,2745,Feat-LightGCN,4,1.0,0.4,0.3,1.0,0.65,0.575
3975,Indianapolis,Median Home Value,zip,2745,Feat-LightGCN,5,1.0,0.2,0.5,1.0,0.8,0.5625
3976,Indianapolis,Median Home Value,zip,2745,Feat-LightGCN,6,1.0,0.6,0.4,1.0,0.75,0.6
3977,Indianapolis,Median Home Value,zip,2745,Feat-LightGCN,7,1.0,0.6,0.3,1.0,0.75,0.675
3978,Indianapolis,Median Home Value,zip,2745,Feat-LightGCN,8,1.0,0.6,0.4,1.0,0.8,0.675
3979,Indianapolis,Median Home Value,zip,2745,Feat-LightGCN,9,1.0,0.8,0.3,1.0,0.85,0.6125
3980,Indianapolis,Median Home Value,zip,2745,Feat\&PC-LightGCN,0,1.0,0.4,0.4,1.0,0.6,0.6875
3981,Indianapolis,Median Home Value,zip,2745,Feat\&PC-LightGCN,1,1.0,0.2,0.4,1.0,0.7,0.75
3982,Indianapolis,Median Home Value,zip,2745,Feat\&PC-LightGCN,2,1.0,0.2,0.2,1.0,0.45,0.5625
3983,Indianapolis,Median Home Value,zip,2745,Feat\&PC-LightGCN,3,1.0,0.4,0.4,1.0,0.65,0.7125
3984,Indianapolis,Median Home Value,zip,2745,Feat\&PC-LightGCN,4,1.0,0.4,0.5,1.0,0.75,0.6625
3985,Indianapolis,Median Home Value,zip,2745,Feat\&PC-LightGCN,5,1.0,0.4,0.2,1.0,0.8,0.575
3986,Indianapolis,Median Home Value,zip,2745,Feat\&PC-LightGCN,6,1.0,0.2,0.2,1.0,0.4,0.6375
3987,Indianapolis,Median Home Value,zip,2745,Feat\&PC-LightGCN,7,1.0,0.6,0.3,1.0,0.8,0.5375
3988,Indianapolis,Median Home Value,zip,2745,Feat\&PC-LightGCN,8,1.0,0.4,0.2,1.0,0.85,0.6125
3989,Indianapolis,Median Home Value,zip,2745,Feat\&PC-LightGCN,9,1.0,0.2,0.4,1.0,0.75,0.7125
3990,Indianapolis,Median Home Value,zip,2745,NoPreTrain,0,1.0,0.4,0.1,1.0,0.6,0.5625
3991,Indianapolis,Median Home Value,zip,2745,NoPreTrain,1,1.0,0.2,0.2,1.0,0.75,0.4625
3992,Indianapolis,Median Home Value,zip,2745,NoPreTrain,2,1.0,0.2,0.4,1.0,0.25,0.6375
3993,Indianapolis,Median Home Value,zip,2745,NoPreTrain,3,1.0,0.0,0.1,1.0,0.25,0.4375
3994,Indianapolis,Median Home Value,zip,2745,NoPreTrain,4,1.0,0.0,0.2,1.0,0.45,0.4
3995,Indianapolis,Median Home Value,zip,2745,NoPreTrain,5,1.0,0.2,0.4,1.0,0.8,0.5875
3996,Indianapolis,Median Home Value,zip,2745,NoPreTrain,6,1.0,0.0,0.3,1.0,0.2,0.4625
3997,Indianapolis,Median Home Value,zip,2745,NoPreTrain,7,1.0,0.4,0.2,1.0,0.4,0.4875
3998,Indianapolis,Median Home Value,zip,2745,NoPreTrain,8,1.0,0.2,0.3,1.0,0.5,0.575
3999,Indianapolis,Median Home Value,zip,2745,NoPreTrain,9,1.0,0.0,0.1,1.0,0.6,0.35
4000,Indianapolis,Commute Time,zip,2745,Emb,0,1.0,0.4,0.2,1.0,0.5,0.5375
4001,Indianapolis,Commute Time,zip,2745,Emb,1,1.0,0.4,0.3,1.0,0.55,0.5875
4002,Indianapolis,Commute Time,zip,2745,Emb,2,1.0,0.0,0.2,1.0,0.4,0.6375
4003,Indianapolis,Commute Time,zip,2745,Emb,3,1.0,0.2,0.3,1.0,0.4,0.7625
4004,Indianapolis,Commute Time,zip,2745,Emb,4,1.0,0.4,0.4,1.0,0.65,0.6375
4005,Indianapolis,Commute Time,zip,2745,Emb,5,1.0,0.2,0.3,1.0,0.65,0.575
4006,Indianapolis,Commute Time,zip,2745,Emb,6,1.0,0.2,0.3,1.0,0.6,0.575
4007,Indianapolis,Commute Time,zip,2745,Emb,7,1.0,0.2,0.1,1.0,0.5,0.4625
4008,Indianapolis,Commute Time,zip,2745,Emb,8,1.0,0.0,0.4,1.0,0.2,0.6625
4009,Indianapolis,Commute Time,zip,2745,Emb,9,1.0,0.2,0.4,1.0,0.45,0.675
4010,Indianapolis,Commute Time,zip,2745,RGNN,0,1.0,0.4,0.1,1.0,0.5,0.3
4011,Indianapolis,Commute Time,zip,2745,RGNN,1,1.0,0.4,0.2,1.0,0.7,0.7125
4012,Indianapolis,Commute Time,zip,2745,RGNN,2,1.0,0.2,0.2,1.0,0.55,0.5625
4013,Indianapolis,Commute Time,zip,2745,RGNN,3,1.0,0.0,0.1,1.0,0.2,0.5
4014,Indianapolis,Commute Time,zip,2745,RGNN,4,1.0,0.6,0.2,1.0,0.75,0.575
4015,Indianapolis,Commute Time,zip,2745,RGNN,5,1.0,0.0,0.2,1.0,0.4,0.5625
4016,Indianapolis,Commute Time,zip,2745,RGNN,6,1.0,0.6,0.0,1.0,0.65,0.5125
4017,Indianapolis,Commute Time,zip,2745,RGNN,7,1.0,0.2,0.2,1.0,0.5,0.5625
4018,Indianapolis,Commute Time,zip,2745,RGNN,8,1.0,0.0,0.2,1.0,0.2,0.65
4019,Indianapolis,Commute Time,zip,2745,RGNN,9,1.0,0.2,0.3,1.0,0.35,0.7125
4020,Indianapolis,Commute Time,zip,2745,Feat-RGNN,0,1.0,0.2,0.0,1.0,0.55,0.3
4021,Indianapolis,Commute Time,zip,2745,Feat-RGNN,1,1.0,0.4,0.3,1.0,0.6,0.5625
4022,Indianapolis,Commute Time,zip,2745,Feat-RGNN,2,1.0,0.2,0.1,1.0,0.45,0.45
4023,Indianapolis,Commute Time,zip,2745,Feat-RGNN,3,1.0,0.2,0.4,1.0,0.35,0.5875
4024,Indianapolis,Commute Time,zip,2745,Feat-RGNN,4,1.0,0.4,0.2,1.0,0.8,0.55
4025,Indianapolis,Commute Time,zip,2745,Feat-RGNN,5,1.0,0.2,0.0,1.0,0.45,0.4875
4026,Indianapolis,Commute Time,zip,2745,Feat-RGNN,6,1.0,0.4,0.2,1.0,0.6,0.375
4027,Indianapolis,Commute Time,zip,2745,Feat-RGNN,7,1.0,0.2,0.1,1.0,0.5,0.45
4028,Indianapolis,Commute Time,zip,2745,Feat-RGNN,8,1.0,0.2,0.3,1.0,0.3,0.575
4029,Indianapolis,Commute Time,zip,2745,Feat-RGNN,9,1.0,0.0,0.3,1.0,0.65,0.6375
4030,Indianapolis,Commute Time,zip,2745,Feat\&PC-RGNN,0,1.0,0.2,0.0,1.0,0.2,0.475
4031,Indianapolis,Commute Time,zip,2745,Feat\&PC-RGNN,1,1.0,0.2,0.2,1.0,0.25,0.55
4032,Indianapolis,Commute Time,zip,2745,Feat\&PC-RGNN,2,1.0,0.6,0.2,1.0,0.7,0.4
4033,Indianapolis,Commute Time,zip,2745,Feat\&PC-RGNN,3,1.0,0.2,0.2,1.0,0.45,0.4875
4034,Indianapolis,Commute Time,zip,2745,Feat\&PC-RGNN,4,1.0,0.2,0.3,1.0,0.45,0.5375
4035,Indianapolis,Commute Time,zip,2745,Feat\&PC-RGNN,5,1.0,0.2,0.2,1.0,0.35,0.4125
4036,Indianapolis,Commute Time,zip,2745,Feat\&PC-RGNN,6,1.0,0.4,0.2,1.0,0.4,0.5
4037,Indianapolis,Commute Time,zip,2745,Feat\&PC-RGNN,7,1.0,0.2,0.2,1.0,0.4,0.6
4038,Indianapolis,Commute Time,zip,2745,Feat\&PC-RGNN,8,1.0,0.2,0.3,1.0,0.4,0.6375
4039,Indianapolis,Commute Time,zip,2745,Feat\&PC-RGNN,9,1.0,0.4,0.1,1.0,0.5,0.55
4040,Indianapolis,Commute Time,zip,2745,LightGCN,0,1.0,0.2,0.1,1.0,0.35,0.2875
4041,Indianapolis,Commute Time,zip,2745,LightGCN,1,1.0,0.2,0.1,1.0,0.8,0.5625
4042,Indianapolis,Commute Time,zip,2745,LightGCN,2,1.0,0.2,0.0,1.0,0.6,0.325
4043,Indianapolis,Commute Time,zip,2745,LightGCN,3,1.0,0.0,0.2,1.0,0.2,0.475
4044,Indianapolis,Commute Time,zip,2745,LightGCN,4,1.0,0.2,0.3,1.0,0.65,0.5375
4045,Indianapolis,Commute Time,zip,2745,LightGCN,5,1.0,0.0,0.3,1.0,0.4,0.5375
4046,Indianapolis,Commute Time,zip,2745,LightGCN,6,1.0,0.4,0.1,1.0,0.55,0.4375
4047,Indianapolis,Commute Time,zip,2745,LightGCN,7,1.0,0.0,0.2,1.0,0.45,0.5
4048,Indianapolis,Commute Time,zip,2745,LightGCN,8,1.0,0.4,0.0,1.0,0.45,0.4375
4049,Indianapolis,Commute Time,zip,2745,LightGCN,9,1.0,0.0,0.4,1.0,0.5,0.6375
4050,Indianapolis,Commute Time,zip,2745,Feat-LightGCN,0,1.0,0.2,0.1,1.0,0.4,0.3125
4051,Indianapolis,Commute Time,zip,2745,Feat-LightGCN,1,1.0,0.4,0.2,1.0,0.65,0.575
4052,Indianapolis,Commute Time,zip,2745,Feat-LightGCN,2,1.0,0.2,0.1,1.0,0.5,0.4625
4053,Indianapolis,Commute Time,zip,2745,Feat-LightGCN,3,1.0,0.2,0.3,1.0,0.3,0.5125
4054,Indianapolis,Commute Time,zip,2745,Feat-LightGCN,4,1.0,0.4,0.3,1.0,0.7,0.6
4055,Indianapolis,Commute Time,zip,2745,Feat-LightGCN,5,1.0,0.2,0.1,1.0,0.4,0.4875
4056,Indianapolis,Commute Time,zip,2745,Feat-LightGCN,6,1.0,0.4,0.0,1.0,0.5,0.35
4057,Indianapolis,Commute Time,zip,2745,Feat-LightGCN,7,1.0,0.2,0.2,1.0,0.55,0.5
4058,Indianapolis,Commute Time,zip,2745,Feat-LightGCN,8,1.0,0.0,0.2,1.0,0.4,0.5375
4059,Indianapolis,Commute Time,zip,2745,Feat-LightGCN,9,1.0,0.0,0.3,1.0,0.5,0.6125
4060,Indianapolis,Commute Time,zip,2745,Feat\&PC-LightGCN,0,1.0,0.2,0.1,1.0,0.45,0.3875
4061,Indianapolis,Commute Time,zip,2745,Feat\&PC-LightGCN,1,1.0,0.4,0.1,1.0,0.75,0.5
4062,Indianapolis,Commute Time,zip,2745,Feat\&PC-LightGCN,2,1.0,0.2,0.2,1.0,0.4,0.5125
4063,Indianapolis,Commute Time,zip,2745,Feat\&PC-LightGCN,3,1.0,0.2,0.1,1.0,0.4,0.5125
4064,Indianapolis,Commute Time,zip,2745,Feat\&PC-LightGCN,4,1.0,0.0,0.3,1.0,0.4,0.65
4065,Indianapolis,Commute Time,zip,2745,Feat\&PC-LightGCN,5,1.0,0.0,0.3,1.0,0.45,0.6625
4066,Indianapolis,Commute Time,zip,2745,Feat\&PC-LightGCN,6,1.0,0.2,0.1,1.0,0.55,0.45
4067,Indianapolis,Commute Time,zip,2745,Feat\&PC-LightGCN,7,1.0,0.4,0.3,1.0,0.45,0.6
4068,Indianapolis,Commute Time,zip,2745,Feat\&PC-LightGCN,8,1.0,0.2,0.2,1.0,0.35,0.575
4069,Indianapolis,Commute Time,zip,2745,Feat\&PC-LightGCN,9,1.0,0.0,0.2,1.0,0.3,0.6375
4070,Indianapolis,Commute Time,zip,2745,NoPreTrain,0,1.0,0.2,0.3,1.0,0.75,0.5125
4071,Indianapolis,Commute Time,zip,2745,NoPreTrain,1,1.0,0.6,0.3,1.0,0.8,0.6
4072,Indianapolis,Commute Time,zip,2745,NoPreTrain,2,1.0,0.2,0.1,1.0,0.45,0.55
4073,Indianapolis,Commute Time,zip,2745,NoPreTrain,3,1.0,0.0,0.2,1.0,0.5,0.475
4074,Indianapolis,Commute Time,zip,2745,NoPreTrain,4,1.0,0.2,0.2,1.0,0.25,0.45
4075,Indianapolis,Commute Time,zip,2745,NoPreTrain,5,1.0,0.2,0.2,1.0,0.8,0.4125
4076,Indianapolis,Commute Time,zip,2745,NoPreTrain,6,1.0,0.6,0.2,1.0,0.85,0.4125
4077,Indianapolis,Commute Time,zip,2745,NoPreTrain,7,1.0,0.0,0.2,1.0,0.45,0.6625
4078,Indianapolis,Commute Time,zip,2745,NoPreTrain,8,1.0,0.2,0.1,1.0,0.25,0.4125
4079,Indianapolis,Commute Time,zip,2745,NoPreTrain,9,1.0,0.2,0.2,1.0,0.7,0.5875
4080,Indianapolis,Median Age,zip,2745,Emb,0,1.0,0.2,0.3,1.0,0.9,0.625
4081,Indianapolis,Median Age,zip,2745,Emb,1,1.0,0.0,0.3,1.0,0.15,0.4625
4082,Indianapolis,Median Age,zip,2745,Emb,2,1.0,0.2,0.3,1.0,0.5,0.65
4083,Indianapolis,Median Age,zip,2745,Emb,3,1.0,0.0,0.3,1.0,0.25,0.725
4084,Indianapolis,Median Age,zip,2745,Emb,4,1.0,0.2,0.2,1.0,0.5,0.6125
4085,Indianapolis,Median Age,zip,2745,Emb,5,1.0,0.4,0.3,1.0,0.7,0.6875
4086,Indianapolis,Median Age,zip,2745,Emb,6,1.0,0.0,0.3,1.0,0.25,0.7125
4087,Indianapolis,Median Age,zip,2745,Emb,7,1.0,0.2,0.3,1.0,0.75,0.5625
4088,Indianapolis,Median Age,zip,2745,Emb,8,1.0,0.4,0.2,1.0,0.5,0.4625
4089,Indianapolis,Median Age,zip,2745,Emb,9,1.0,0.4,0.3,1.0,0.5,0.5125
4090,Indianapolis,Median Age,zip,2745,RGNN,0,1.0,0.2,0.3,1.0,0.5,0.6875
4091,Indianapolis,Median Age,zip,2745,RGNN,1,1.0,0.4,0.2,1.0,0.3,0.55
4092,Indianapolis,Median Age,zip,2745,RGNN,2,1.0,0.2,0.4,1.0,0.55,0.8
4093,Indianapolis,Median Age,zip,2745,RGNN,3,1.0,0.0,0.2,1.0,0.45,0.55
4094,Indianapolis,Median Age,zip,2745,RGNN,4,1.0,0.2,0.3,1.0,0.55,0.5375
4095,Indianapolis,Median Age,zip,2745,RGNN,5,1.0,0.2,0.3,1.0,0.5,0.575
4096,Indianapolis,Median Age,zip,2745,RGNN,6,1.0,0.0,0.3,1.0,0.2,0.525
4097,Indianapolis,Median Age,zip,2745,RGNN,7,1.0,0.2,0.1,1.0,0.45,0.475
4098,Indianapolis,Median Age,zip,2745,RGNN,8,1.0,0.2,0.3,1.0,0.6,0.625
4099,Indianapolis,Median Age,zip,2745,RGNN,9,1.0,0.4,0.5,1.0,0.6,0.6375
4100,Indianapolis,Median Age,zip,2745,Feat-RGNN,0,1.0,0.6,0.3,1.0,0.95,0.525
4101,Indianapolis,Median Age,zip,2745,Feat-RGNN,1,1.0,0.0,0.2,1.0,0.4,0.4875
4102,Indianapolis,Median Age,zip,2745,Feat-RGNN,2,1.0,0.2,0.4,1.0,0.5,0.7125
4103,Indianapolis,Median Age,zip,2745,Feat-RGNN,3,1.0,0.2,0.3,1.0,0.5,0.8125
4104,Indianapolis,Median Age,zip,2745,Feat-RGNN,4,1.0,0.4,0.3,1.0,0.75,0.7125
4105,Indianapolis,Median Age,zip,2745,Feat-RGNN,5,1.0,0.4,0.2,1.0,0.6,0.65
4106,Indianapolis,Median Age,zip,2745,Feat-RGNN,6,1.0,0.2,0.3,1.0,0.6,0.7
4107,Indianapolis,Median Age,zip,2745,Feat-RGNN,7,1.0,0.6,0.2,1.0,0.75,0.525
4108,Indianapolis,Median Age,zip,2745,Feat-RGNN,8,1.0,0.0,0.3,1.0,0.55,0.7625
4109,Indianapolis,Median Age,zip,2745,Feat-RGNN,9,1.0,0.4,0.2,1.0,0.65,0.575
4110,Indianapolis,Median Age,zip,2745,Feat\&PC-RGNN,0,1.0,0.2,0.3,1.0,0.5,0.6625
4111,Indianapolis,Median Age,zip,2745,Feat\&PC-RGNN,1,1.0,0.4,0.1,1.0,0.45,0.525
4112,Indianapolis,Median Age,zip,2745,Feat\&PC-RGNN,2,1.0,0.2,0.2,1.0,0.5,0.6
4113,Indianapolis,Median Age,zip,2745,Feat\&PC-RGNN,3,1.0,0.2,0.2,1.0,0.3,0.4375
4114,Indianapolis,Median Age,zip,2745,Feat\&PC-RGNN,4,1.0,0.0,0.3,1.0,0.45,0.4625
4115,Indianapolis,Median Age,zip,2745,Feat\&PC-RGNN,5,1.0,0.2,0.3,1.0,0.55,0.675
4116,Indianapolis,Median Age,zip,2745,Feat\&PC-RGNN,6,1.0,0.2,0.1,1.0,0.35,0.425
4117,Indianapolis,Median Age,zip,2745,Feat\&PC-RGNN,7,1.0,0.2,0.0,1.0,0.4,0.3875
4118,Indianapolis,Median Age,zip,2745,Feat\&PC-RGNN,8,1.0,0.0,0.3,1.0,0.6,0.6125
4119,Indianapolis,Median Age,zip,2745,Feat\&PC-RGNN,9,1.0,0.2,0.3,1.0,0.4,0.5875
4120,Indianapolis,Median Age,zip,2745,LightGCN,0,1.0,0.6,0.2,1.0,0.95,0.575
4121,Indianapolis,Median Age,zip,2745,LightGCN,1,1.0,0.0,0.2,1.0,0.3,0.4
4122,Indianapolis,Median Age,zip,2745,LightGCN,2,1.0,0.2,0.3,1.0,0.45,0.6375
4123,Indianapolis,Median Age,zip,2745,LightGCN,3,1.0,0.0,0.3,1.0,0.3,0.5875
4124,Indianapolis,Median Age,zip,2745,LightGCN,4,1.0,0.2,0.3,1.0,0.5,0.6625
4125,Indianapolis,Median Age,zip,2745,LightGCN,5,1.0,0.2,0.3,1.0,0.7,0.525
4126,Indianapolis,Median Age,zip,2745,LightGCN,6,1.0,0.0,0.3,1.0,0.45,0.6125
4127,Indianapolis,Median Age,zip,2745,LightGCN,7,1.0,0.4,0.1,1.0,0.6,0.4875
4128,Indianapolis,Median Age,zip,2745,LightGCN,8,1.0,0.0,0.2,1.0,0.35,0.625
4129,Indianapolis,Median Age,zip,2745,LightGCN,9,1.0,0.4,0.2,1.0,0.55,0.4875
4130,Indianapolis,Median Age,zip,2745,Feat-LightGCN,0,1.0,0.6,0.2,1.0,0.85,0.5625
4131,Indianapolis,Median Age,zip,2745,Feat-LightGCN,1,1.0,0.2,0.4,1.0,0.4,0.55
4132,Indianapolis,Median Age,zip,2745,Feat-LightGCN,2,1.0,0.2,0.3,1.0,0.45,0.6875
4133,Indianapolis,Median Age,zip,2745,Feat-LightGCN,3,1.0,0.0,0.2,1.0,0.2,0.5375
4134,Indianapolis,Median Age,zip,2745,Feat-LightGCN,4,1.0,0.2,0.4,1.0,0.35,0.5375
4135,Indianapolis,Median Age,zip,2745,Feat-LightGCN,5,1.0,0.4,0.1,1.0,0.65,0.55
4136,Indianapolis,Median Age,zip,2745,Feat-LightGCN,6,1.0,0.2,0.2,1.0,0.6,0.625
4137,Indianapolis,Median Age,zip,2745,Feat-LightGCN,7,1.0,0.4,0.2,1.0,0.65,0.5125
4138,Indianapolis,Median Age,zip,2745,Feat-LightGCN,8,1.0,0.2,0.3,1.0,0.45,0.5625
4139,Indianapolis,Median Age,zip,2745,Feat-LightGCN,9,1.0,0.2,0.2,1.0,0.55,0.4875
4140,Indianapolis,Median Age,zip,2745,Feat\&PC-LightGCN,0,1.0,0.0,0.2,1.0,0.45,0.4625
4141,Indianapolis,Median Age,zip,2745,Feat\&PC-LightGCN,1,1.0,0.0,0.4,1.0,0.3,0.6
4142,Indianapolis,Median Age,zip,2745,Feat\&PC-LightGCN,2,1.0,0.4,0.3,1.0,0.55,0.4875
4143,Indianapolis,Median Age,zip,2745,Feat\&PC-LightGCN,3,1.0,0.0,0.3,1.0,0.3,0.55
4144,Indianapolis,Median Age,zip,2745,Feat\&PC-LightGCN,4,1.0,0.2,0.2,1.0,0.3,0.4
4145,Indianapolis,Median Age,zip,2745,Feat\&PC-LightGCN,5,1.0,0.0,0.3,1.0,0.3,0.6125
4146,Indianapolis,Median Age,zip,2745,Feat\&PC-LightGCN,6,1.0,0.2,0.1,1.0,0.6,0.4625
4147,Indianapolis,Median Age,zip,2745,Feat\&PC-LightGCN,7,1.0,0.4,0.2,1.0,0.7,0.425
4148,Indianapolis,Median Age,zip,2745,Feat\&PC-LightGCN,8,1.0,0.0,0.3,1.0,0.25,0.6
4149,Indianapolis,Median Age,zip,2745,Feat\&PC-LightGCN,9,1.0,0.0,0.2,1.0,0.4,0.5375
4150,Indianapolis,Median Age,zip,2745,NoPreTrain,0,1.0,0.2,0.2,1.0,0.3,0.525
4151,Indianapolis,Median Age,zip,2745,NoPreTrain,1,1.0,0.2,0.3,1.0,0.35,0.525
4152,Indianapolis,Median Age,zip,2745,NoPreTrain,2,1.0,0.2,0.1,1.0,0.4,0.3125
4153,Indianapolis,Median Age,zip,2745,NoPreTrain,3,1.0,0.2,0.1,1.0,0.5,0.4
4154,Indianapolis,Median Age,zip,2745,NoPreTrain,4,1.0,0.0,0.3,1.0,0.4,0.625
4155,Indianapolis,Median Age,zip,2745,NoPreTrain,5,1.0,0.0,0.2,1.0,0.6,0.525
4156,Indianapolis,Median Age,zip,2745,NoPreTrain,6,1.0,0.0,0.1,1.0,0.2,0.5625
4157,Indianapolis,Median Age,zip,2745,NoPreTrain,7,1.0,0.2,0.1,1.0,0.75,0.3875
4158,Indianapolis,Median Age,zip,2745,NoPreTrain,8,1.0,0.2,0.1,1.0,0.25,0.4625
4159,Indianapolis,Median Age,zip,2745,NoPreTrain,9,1.0,0.2,0.1,1.0,0.55,0.425
4160,Nashville,Median Income,zip,2678,Emb,0,1.0,0.0,0.2,1.0,0.45,0.3
4161,Nashville,Median Income,zip,2678,Emb,1,1.0,0.2,0.2,1.0,0.35,0.35
4162,Nashville,Median Income,zip,2678,Emb,2,1.0,0.0,0.4,1.0,0.25,0.5
4163,Nashville,Median Income,zip,2678,Emb,3,1.0,0.0,0.0,1.0,0.4,0.35
4164,Nashville,Median Income,zip,2678,Emb,4,1.0,0.0,0.0,1.0,0.35,0.7
4165,Nashville,Median Income,zip,2678,Emb,5,1.0,0.0,0.0,1.0,0.15,0.45
4166,Nashville,Median Income,zip,2678,Emb,6,1.0,0.2,0.4,1.0,0.35,0.4
4167,Nashville,Median Income,zip,2678,Emb,7,1.0,0.2,0.2,1.0,0.25,0.4
4168,Nashville,Median Income,zip,2678,Emb,8,1.0,0.0,0.2,1.0,0.55,0.65
4169,Nashville,Median Income,zip,2678,Emb,9,1.0,0.4,0.0,1.0,0.4,0.2
4170,Nashville,Median Income,zip,2678,RGNN,0,1.0,0.0,0.2,1.0,0.45,0.3
4171,Nashville,Median Income,zip,2678,RGNN,1,1.0,0.2,0.2,1.0,0.35,0.6
4172,Nashville,Median Income,zip,2678,RGNN,2,1.0,0.4,0.4,1.0,0.45,0.6
4173,Nashville,Median Income,zip,2678,RGNN,3,1.0,0.2,0.2,1.0,0.55,0.25
4174,Nashville,Median Income,zip,2678,RGNN,4,1.0,0.2,0.4,1.0,0.35,0.8
4175,Nashville,Median Income,zip,2678,RGNN,5,1.0,0.2,0.0,1.0,0.6,0.5
4176,Nashville,Median Income,zip,2678,RGNN,6,1.0,0.0,0.4,1.0,0.2,0.65
4177,Nashville,Median Income,zip,2678,RGNN,7,1.0,0.0,0.2,1.0,0.5,0.35
4178,Nashville,Median Income,zip,2678,RGNN,8,1.0,0.2,0.2,1.0,0.55,0.6
4179,Nashville,Median Income,zip,2678,RGNN,9,1.0,0.0,0.0,1.0,0.35,0.25
4180,Nashville,Median Income,zip,2678,Feat-RGNN,0,1.0,0.4,0.0,1.0,0.55,0.45
4181,Nashville,Median Income,zip,2678,Feat-RGNN,1,1.0,0.2,0.0,1.0,0.4,0.4
4182,Nashville,Median Income,zip,2678,Feat-RGNN,2,1.0,0.0,0.0,1.0,0.35,0.35
4183,Nashville,Median Income,zip,2678,Feat-RGNN,3,1.0,0.0,0.0,1.0,0.25,0.3
4184,Nashville,Median Income,zip,2678,Feat-RGNN,4,1.0,0.2,0.0,1.0,0.45,0.6
4185,Nashville,Median Income,zip,2678,Feat-RGNN,5,1.0,0.0,0.4,1.0,0.4,0.5
4186,Nashville,Median Income,zip,2678,Feat-RGNN,6,1.0,0.0,0.2,1.0,0.15,0.65
4187,Nashville,Median Income,zip,2678,Feat-RGNN,7,1.0,0.0,0.2,1.0,0.4,0.4
4188,Nashville,Median Income,zip,2678,Feat-RGNN,8,1.0,0.0,0.0,1.0,0.35,0.4
4189,Nashville,Median Income,zip,2678,Feat-RGNN,9,1.0,0.2,0.0,1.0,0.7,0.2
4190,Nashville,Median Income,zip,2678,Feat\&PC-RGNN,0,1.0,0.6,0.2,1.0,0.7,0.4
4191,Nashville,Median Income,zip,2678,Feat\&PC-RGNN,1,1.0,0.2,0.0,1.0,0.45,0.4
4192,Nashville,Median Income,zip,2678,Feat\&PC-RGNN,2,1.0,0.0,0.2,1.0,0.35,0.35
4193,Nashville,Median Income,zip,2678,Feat\&PC-RGNN,3,1.0,0.0,0.0,1.0,0.35,0.3
4194,Nashville,Median Income,zip,2678,Feat\&PC-RGNN,4,1.0,0.2,0.0,1.0,0.3,0.6
4195,Nashville,Median Income,zip,2678,Feat\&PC-RGNN,5,1.0,0.2,0.4,1.0,0.3,0.5
4196,Nashville,Median Income,zip,2678,Feat\&PC-RGNN,6,1.0,0.2,0.2,1.0,0.25,0.6
4197,Nashville,Median Income,zip,2678,Feat\&PC-RGNN,7,1.0,0.0,0.2,1.0,0.4,0.3
4198,Nashville,Median Income,zip,2678,Feat\&PC-RGNN,8,1.0,0.4,0.0,1.0,0.55,0.55
4199,Nashville,Median Income,zip,2678,Feat\&PC-RGNN,9,1.0,0.4,0.4,1.0,0.5,0.75
4200,Nashville,Median Income,zip,2678,LightGCN,0,1.0,0.2,0.2,1.0,0.45,0.55
4201,Nashville,Median Income,zip,2678,LightGCN,1,1.0,0.2,0.0,1.0,0.45,0.25
4202,Nashville,Median Income,zip,2678,LightGCN,2,1.0,0.2,0.2,1.0,0.35,0.55
4203,Nashville,Median Income,zip,2678,LightGCN,3,1.0,0.4,0.0,1.0,0.45,0.45
4204,Nashville,Median Income,zip,2678,LightGCN,4,1.0,0.2,0.0,1.0,0.6,0.5
4205,Nashville,Median Income,zip,2678,LightGCN,5,1.0,0.2,0.4,1.0,0.55,0.55
4206,Nashville,Median Income,zip,2678,LightGCN,6,1.0,0.0,0.4,1.0,0.4,0.65
4207,Nashville,Median Income,zip,2678,LightGCN,7,1.0,0.0,0.2,1.0,0.25,0.6
4208,Nashville,Median Income,zip,2678,LightGCN,8,1.0,0.2,0.2,1.0,0.5,0.35
4209,Nashville,Median Income,zip,2678,LightGCN,9,1.0,0.2,0.0,1.0,0.3,0.25
4210,Nashville,Median Income,zip,2678,Feat-LightGCN,0,1.0,0.0,0.2,1.0,0.3,0.4
4211,Nashville,Median Income,zip,2678,Feat-LightGCN,1,1.0,0.2,0.0,1.0,0.5,0.35
4212,Nashville,Median Income,zip,2678,Feat-LightGCN,2,1.0,0.2,0.0,1.0,0.6,0.45
4213,Nashville,Median Income,zip,2678,Feat-LightGCN,3,1.0,0.2,0.2,1.0,0.45,0.55
4214,Nashville,Median Income,zip,2678,Feat-LightGCN,4,1.0,0.4,0.6,1.0,0.6,0.7
4215,Nashville,Median Income,zip,2678,Feat-LightGCN,5,1.0,0.0,0.2,1.0,0.35,0.55
4216,Nashville,Median Income,zip,2678,Feat-LightGCN,6,1.0,0.2,0.0,1.0,0.3,0.45
4217,Nashville,Median Income,zip,2678,Feat-LightGCN,7,1.0,0.0,0.2,1.0,0.25,0.4
4218,Nashville,Median Income,zip,2678,Feat-LightGCN,8,1.0,0.2,0.2,1.0,0.45,0.55
4219,Nashville,Median Income,zip,2678,Feat-LightGCN,9,1.0,0.2,0.0,1.0,0.55,0.25
4220,Nashville,Median Income,zip,2678,Feat\&PC-LightGCN,0,1.0,0.2,0.0,1.0,0.6,0.6
4221,Nashville,Median Income,zip,2678,Feat\&PC-LightGCN,1,1.0,0.4,0.0,1.0,0.75,0.4
4222,Nashville,Median Income,zip,2678,Feat\&PC-LightGCN,2,1.0,0.2,0.2,1.0,0.45,0.4
4223,Nashville,Median Income,zip,2678,Feat\&PC-LightGCN,3,1.0,0.0,0.0,1.0,0.25,0.45
4224,Nashville,Median Income,zip,2678,Feat\&PC-LightGCN,4,1.0,0.0,0.2,1.0,0.3,0.5
4225,Nashville,Median Income,zip,2678,Feat\&PC-LightGCN,5,1.0,0.0,0.4,1.0,0.45,0.45
4226,Nashville,Median Income,zip,2678,Feat\&PC-LightGCN,6,1.0,0.2,0.2,1.0,0.2,0.6
4227,Nashville,Median Income,zip,2678,Feat\&PC-LightGCN,7,1.0,0.2,0.2,1.0,0.5,0.55
4228,Nashville,Median Income,zip,2678,Feat\&PC-LightGCN,8,1.0,0.2,0.4,1.0,0.3,0.8
4229,Nashville,Median Income,zip,2678,Feat\&PC-LightGCN,9,1.0,0.4,0.4,1.0,0.8,0.55
4230,Nashville,Median Income,zip,2678,NoPreTrain,0,1.0,0.2,0.4,1.0,0.75,0.65
4231,Nashville,Median Income,zip,2678,NoPreTrain,1,1.0,0.2,0.2,1.0,0.45,0.25
4232,Nashville,Median Income,zip,2678,NoPreTrain,2,1.0,0.0,0.2,1.0,0.2,0.8
4233,Nashville,Median Income,zip,2678,NoPreTrain,3,1.0,0.2,0.4,1.0,0.65,0.75
4234,Nashville,Median Income,zip,2678,NoPreTrain,4,1.0,0.2,0.4,1.0,0.5,0.5
4235,Nashville,Median Income,zip,2678,NoPreTrain,5,1.0,0.2,0.0,1.0,0.6,0.5
4236,Nashville,Median Income,zip,2678,NoPreTrain,6,1.0,0.2,0.2,1.0,0.25,0.55
4237,Nashville,Median Income,zip,2678,NoPreTrain,7,1.0,0.2,0.0,1.0,0.8,0.35
4238,Nashville,Median Income,zip,2678,NoPreTrain,8,1.0,0.0,0.2,1.0,0.2,0.5
4239,Nashville,Median Income,zip,2678,NoPreTrain,9,1.0,0.2,0.2,1.0,0.45,0.5
4240,Nashville,Median Home Value,zip,2678,Emb,0,1.0,0.4,0.2,1.0,0.75,0.45
4241,Nashville,Median Home Value,zip,2678,Emb,1,1.0,0.2,0.4,1.0,0.4,0.8
4242,Nashville,Median Home Value,zip,2678,Emb,2,1.0,0.0,0.4,1.0,0.1,0.95
4243,Nashville,Median Home Value,zip,2678,Emb,3,1.0,0.0,0.6,1.0,0.5,0.9
4244,Nashville,Median Home Value,zip,2678,Emb,4,1.0,0.2,0.6,1.0,0.45,0.8
4245,Nashville,Median Home Value,zip,2678,Emb,5,1.0,0.2,0.0,1.0,0.75,0.25
4246,Nashville,Median Home Value,zip,2678,Emb,6,1.0,0.0,0.4,1.0,0.45,0.65
4247,Nashville,Median Home Value,zip,2678,Emb,7,1.0,0.4,0.0,1.0,0.65,0.5
4248,Nashville,Median Home Value,zip,2678,Emb,8,1.0,0.4,0.2,1.0,0.4,0.45
4249,Nashville,Median Home Value,zip,2678,Emb,9,1.0,0.2,0.0,1.0,0.55,0.25
4250,Nashville,Median Home Value,zip,2678,RGNN,0,1.0,0.4,0.2,1.0,0.65,0.25
4251,Nashville,Median Home Value,zip,2678,RGNN,1,1.0,0.2,0.0,1.0,0.45,0.5
4252,Nashville,Median Home Value,zip,2678,RGNN,2,1.0,0.2,0.2,1.0,0.35,0.85
4253,Nashville,Median Home Value,zip,2678,RGNN,3,1.0,0.2,0.4,1.0,0.6,0.8
4254,Nashville,Median Home Value,zip,2678,RGNN,4,1.0,0.0,0.2,1.0,0.4,0.55
4255,Nashville,Median Home Value,zip,2678,RGNN,5,1.0,0.2,0.2,1.0,0.65,0.4
4256,Nashville,Median Home Value,zip,2678,RGNN,6,1.0,0.4,0.2,1.0,0.6,0.7
4257,Nashville,Median Home Value,zip,2678,RGNN,7,1.0,0.2,0.2,1.0,0.65,0.45
4258,Nashville,Median Home Value,zip,2678,RGNN,8,1.0,0.4,0.2,1.0,0.85,0.55
4259,Nashville,Median Home Value,zip,2678,RGNN,9,1.0,0.2,0.2,1.0,0.55,0.55
4260,Nashville,Median Home Value,zip,2678,Feat-RGNN,0,1.0,0.4,0.2,1.0,0.7,0.55
4261,Nashville,Median Home Value,zip,2678,Feat-RGNN,1,1.0,0.0,0.4,1.0,0.35,0.85
4262,Nashville,Median Home Value,zip,2678,Feat-RGNN,2,1.0,0.0,0.6,1.0,0.45,0.85
4263,Nashville,Median Home Value,zip,2678,Feat-RGNN,3,1.0,0.2,0.6,1.0,0.6,0.9
4264,Nashville,Median Home Value,zip,2678,Feat-RGNN,4,1.0,0.0,0.4,1.0,0.4,0.7
4265,Nashville,Median Home Value,zip,2678,Feat-RGNN,5,1.0,0.2,0.2,1.0,0.6,0.45
4266,Nashville,Median Home Value,zip,2678,Feat-RGNN,6,1.0,0.4,0.2,1.0,0.75,0.65
4267,Nashville,Median Home Value,zip,2678,Feat-RGNN,7,1.0,0.4,0.2,1.0,0.8,0.5
4268,Nashville,Median Home Value,zip,2678,Feat-RGNN,8,1.0,0.2,0.0,1.0,0.6,0.5
4269,Nashville,Median Home Value,zip,2678,Feat-RGNN,9,1.0,0.2,0.0,1.0,0.55,0.45
4270,Nashville,Median Home Value,zip,2678,Feat\&PC-RGNN,0,1.0,0.4,0.0,1.0,0.9,0.4
4271,Nashville,Median Home Value,zip,2678,Feat\&PC-RGNN,1,1.0,0.4,0.6,1.0,0.5,0.75
4272,Nashville,Median Home Value,zip,2678,Feat\&PC-RGNN,2,1.0,0.0,0.6,1.0,0.5,0.8
4273,Nashville,Median Home Value,zip,2678,Feat\&PC-RGNN,3,1.0,0.2,0.2,1.0,0.55,0.45
4274,Nashville,Median Home Value,zip,2678,Feat\&PC-RGNN,4,1.0,0.2,0.2,1.0,0.45,0.65
4275,Nashville,Median Home Value,zip,2678,Feat\&PC-RGNN,5,1.0,0.0,0.2,1.0,0.55,0.45
4276,Nashville,Median Home Value,zip,2678,Feat\&PC-RGNN,6,1.0,0.4,0.4,1.0,0.65,0.6
4277,Nashville,Median Home Value,zip,2678,Feat\&PC-RGNN,7,1.0,0.2,0.0,1.0,0.6,0.35
4278,Nashville,Median Home Value,zip,2678,Feat\&PC-RGNN,8,1.0,0.0,0.2,1.0,0.45,0.6
4279,Nashville,Median Home Value,zip,2678,Feat\&PC-RGNN,9,1.0,0.2,0.0,1.0,0.6,0.25
4280,Nashville,Median Home Value,zip,2678,LightGCN,0,1.0,0.4,0.0,1.0,0.75,0.4
4281,Nashville,Median Home Value,zip,2678,LightGCN,1,1.0,0.2,0.4,1.0,0.55,0.9
4282,Nashville,Median Home Value,zip,2678,LightGCN,2,1.0,0.2,0.4,1.0,0.45,0.9
4283,Nashville,Median Home Value,zip,2678,LightGCN,3,1.0,0.0,0.4,1.0,0.35,0.8
4284,Nashville,Median Home Value,zip,2678,LightGCN,4,1.0,0.0,0.2,1.0,0.4,0.65
4285,Nashville,Median Home Value,zip,2678,LightGCN,5,1.0,0.6,0.0,1.0,0.75,0.3
4286,Nashville,Median Home Value,zip,2678,LightGCN,6,1.0,0.4,0.4,1.0,0.7,0.65
4287,Nashville,Median Home Value,zip,2678,LightGCN,7,1.0,0.4,0.0,1.0,0.7,0.35
4288,Nashville,Median Home Value,zip,2678,LightGCN,8,1.0,0.2,0.4,1.0,0.65,0.65
4289,Nashville,Median Home Value,zip,2678,LightGCN,9,1.0,0.6,0.0,1.0,0.95,0.5
4290,Nashville,Median Home Value,zip,2678,Feat-LightGCN,0,1.0,0.4,0.2,1.0,0.6,0.2
4291,Nashville,Median Home Value,zip,2678,Feat-LightGCN,1,1.0,0.2,0.4,1.0,0.45,0.8
4292,Nashville,Median Home Value,zip,2678,Feat-LightGCN,2,1.0,0.2,0.4,1.0,0.5,0.9
4293,Nashville,Median Home Value,zip,2678,Feat-LightGCN,3,1.0,0.0,0.8,1.0,0.35,1.0
4294,Nashville,Median Home Value,zip,2678,Feat-LightGCN,4,1.0,0.2,0.4,1.0,0.55,0.75
4295,Nashville,Median Home Value,zip,2678,Feat-LightGCN,5,1.0,0.6,0.2,1.0,0.7,0.5
4296,Nashville,Median Home Value,zip,2678,Feat-LightGCN,6,1.0,0.2,0.2,1.0,0.75,0.75
4297,Nashville,Median Home Value,zip,2678,Feat-LightGCN,7,1.0,0.6,0.0,1.0,0.7,0.3
4298,Nashville,Median Home Value,zip,2678,Feat-LightGCN,8,1.0,0.2,0.2,1.0,0.6,0.5
4299,Nashville,Median Home Value,zip,2678,Feat-LightGCN,9,1.0,0.6,0.2,1.0,0.8,0.45
4300,Nashville,Median Home Value,zip,2678,Feat\&PC-LightGCN,0,1.0,0.4,0.4,1.0,0.9,0.6
4301,Nashville,Median Home Value,zip,2678,Feat\&PC-LightGCN,1,1.0,0.2,0.2,1.0,0.65,0.5
4302,Nashville,Median Home Value,zip,2678,Feat\&PC-LightGCN,2,1.0,0.6,0.4,1.0,0.7,0.75
4303,Nashville,Median Home Value,zip,2678,Feat\&PC-LightGCN,3,1.0,0.2,0.8,1.0,0.3,0.95
4304,Nashville,Median Home Value,zip,2678,Feat\&PC-LightGCN,4,1.0,0.6,0.4,1.0,0.8,0.8
4305,Nashville,Median Home Value,zip,2678,Feat\&PC-LightGCN,5,1.0,0.2,0.0,1.0,0.7,0.4
4306,Nashville,Median Home Value,zip,2678,Feat\&PC-LightGCN,6,1.0,0.4,0.2,1.0,0.7,0.45
4307,Nashville,Median Home Value,zip,2678,Feat\&PC-LightGCN,7,1.0,0.0,0.0,1.0,0.55,0.55
4308,Nashville,Median Home Value,zip,2678,Feat\&PC-LightGCN,8,1.0,0.0,0.2,1.0,0.35,0.5
4309,Nashville,Median Home Value,zip,2678,Feat\&PC-LightGCN,9,1.0,0.2,0.4,1.0,0.75,0.65
4310,Nashville,Median Home Value,zip,2678,NoPreTrain,0,1.0,0.0,0.2,1.0,0.45,0.55
4311,Nashville,Median Home Value,zip,2678,NoPreTrain,1,1.0,0.4,0.2,1.0,0.7,0.8
4312,Nashville,Median Home Value,zip,2678,NoPreTrain,2,1.0,0.0,0.2,1.0,0.35,0.2
4313,Nashville,Median Home Value,zip,2678,NoPreTrain,3,1.0,0.2,0.0,1.0,0.55,0.6
4314,Nashville,Median Home Value,zip,2678,NoPreTrain,4,1.0,0.2,0.2,1.0,0.45,0.2
4315,Nashville,Median Home Value,zip,2678,NoPreTrain,5,1.0,0.2,0.4,1.0,0.35,0.4
4316,Nashville,Median Home Value,zip,2678,NoPreTrain,6,1.0,0.4,0.2,1.0,0.65,0.5
4317,Nashville,Median Home Value,zip,2678,NoPreTrain,7,1.0,0.0,0.2,1.0,0.3,0.55
4318,Nashville,Median Home Value,zip,2678,NoPreTrain,8,1.0,0.2,0.2,1.0,0.45,0.55
4319,Nashville,Median Home Value,zip,2678,NoPreTrain,9,1.0,0.2,0.0,1.0,0.6,0.4
4320,Nashville,Commute Time,zip,2678,Emb,0,1.0,0.6,0.2,1.0,0.65,0.75
4321,Nashville,Commute Time,zip,2678,Emb,1,1.0,0.4,0.4,1.0,0.55,0.65
4322,Nashville,Commute Time,zip,2678,Emb,2,1.0,0.8,0.0,1.0,0.75,0.3
4323,Nashville,Commute Time,zip,2678,Emb,3,1.0,0.2,0.2,1.0,0.4,0.6
4324,Nashville,Commute Time,zip,2678,Emb,4,1.0,0.2,0.4,1.0,0.55,0.55
4325,Nashville,Commute Time,zip,2678,Emb,5,1.0,0.4,0.0,1.0,0.75,0.25
4326,Nashville,Commute Time,zip,2678,Emb,6,1.0,0.4,0.4,1.0,0.65,0.65
4327,Nashville,Commute Time,zip,2678,Emb,7,1.0,0.2,0.2,1.0,0.65,0.4
4328,Nashville,Commute Time,zip,2678,Emb,8,1.0,0.2,0.2,1.0,0.45,0.55
4329,Nashville,Commute Time,zip,2678,Emb,9,1.0,0.4,0.2,1.0,0.55,0.45
4330,Nashville,Commute Time,zip,2678,RGNN,0,1.0,0.6,0.0,1.0,0.65,0.55
4331,Nashville,Commute Time,zip,2678,RGNN,1,1.0,0.4,0.4,1.0,0.55,0.5
4332,Nashville,Commute Time,zip,2678,RGNN,2,1.0,0.4,0.0,1.0,0.65,0.35
4333,Nashville,Commute Time,zip,2678,RGNN,3,1.0,0.2,0.0,1.0,0.5,0.2
4334,Nashville,Commute Time,zip,2678,RGNN,4,1.0,0.2,0.4,1.0,0.45,0.5
4335,Nashville,Commute Time,zip,2678,RGNN,5,1.0,0.4,0.0,1.0,0.7,0.25
4336,Nashville,Commute Time,zip,2678,RGNN,6,1.0,0.6,0.2,1.0,0.85,0.55
4337,Nashville,Commute Time,zip,2678,RGNN,7,1.0,0.4,0.4,1.0,0.7,0.75
4338,Nashville,Commute Time,zip,2678,RGNN,8,1.0,0.4,0.4,1.0,0.5,0.85
4339,Nashville,Commute Time,zip,2678,RGNN,9,1.0,0.4,0.2,1.0,0.65,0.65
4340,Nashville,Commute Time,zip,2678,Feat-RGNN,0,1.0,0.4,0.2,1.0,0.65,0.6
4341,Nashville,Commute Time,zip,2678,Feat-RGNN,1,1.0,0.8,0.2,1.0,0.75,0.5
4342,Nashville,Commute Time,zip,2678,Feat-RGNN,2,1.0,0.4,0.0,1.0,0.8,0.3
4343,Nashville,Commute Time,zip,2678,Feat-RGNN,3,1.0,0.2,0.2,1.0,0.55,0.45
4344,Nashville,Commute Time,zip,2678,Feat-RGNN,4,1.0,0.4,0.2,1.0,0.45,0.65
4345,Nashville,Commute Time,zip,2678,Feat-RGNN,5,1.0,0.4,0.0,1.0,0.85,0.35
4346,Nashville,Commute Time,zip,2678,Feat-RGNN,6,1.0,0.4,0.4,1.0,0.5,0.8
4347,Nashville,Commute Time,zip,2678,Feat-RGNN,7,1.0,0.2,0.2,1.0,0.55,0.5
4348,Nashville,Commute Time,zip,2678,Feat-RGNN,8,1.0,0.2,0.2,1.0,0.5,0.65
4349,Nashville,Commute Time,zip,2678,Feat-RGNN,9,1.0,0.2,0.2,1.0,0.6,0.7
4350,Nashville,Commute Time,zip,2678,Feat\&PC-RGNN,0,1.0,0.6,0.2,1.0,0.75,0.65
4351,Nashville,Commute Time,zip,2678,Feat\&PC-RGNN,1,1.0,0.4,0.2,1.0,0.65,0.4
4352,Nashville,Commute Time,zip,2678,Feat\&PC-RGNN,2,1.0,0.4,0.0,1.0,0.7,0.3
4353,Nashville,Commute Time,zip,2678,Feat\&PC-RGNN,3,1.0,0.0,0.0,1.0,0.25,0.4
4354,Nashville,Commute Time,zip,2678,Feat\&PC-RGNN,4,1.0,0.4,0.4,1.0,0.45,0.7
4355,Nashville,Commute Time,zip,2678,Feat\&PC-RGNN,5,1.0,0.4,0.2,1.0,0.7,0.3
4356,Nashville,Commute Time,zip,2678,Feat\&PC-RGNN,6,1.0,0.4,0.2,1.0,0.7,0.4
4357,Nashville,Commute Time,zip,2678,Feat\&PC-RGNN,7,1.0,0.4,0.2,1.0,0.65,0.45
4358,Nashville,Commute Time,zip,2678,Feat\&PC-RGNN,8,1.0,0.0,0.6,1.0,0.5,0.7
4359,Nashville,Commute Time,zip,2678,Feat\&PC-RGNN,9,1.0,0.4,0.4,1.0,0.5,0.65
4360,Nashville,Commute Time,zip,2678,LightGCN,0,1.0,0.4,0.0,1.0,0.65,0.65
4361,Nashville,Commute Time,zip,2678,LightGCN,1,1.0,0.4,0.4,1.0,0.7,0.6
4362,Nashville,Commute Time,zip,2678,LightGCN,2,1.0,0.4,0.0,1.0,0.7,0.4
4363,Nashville,Commute Time,zip,2678,LightGCN,3,1.0,0.2,0.2,1.0,0.35,0.4
4364,Nashville,Commute Time,zip,2678,LightGCN,4,1.0,0.2,0.4,1.0,0.5,0.75
4365,Nashville,Commute Time,zip,2678,LightGCN,5,1.0,0.4,0.2,1.0,0.7,0.5
4366,Nashville,Commute Time,zip,2678,LightGCN,6,1.0,0.4,0.4,1.0,0.6,0.6
4367,Nashville,Commute Time,zip,2678,LightGCN,7,1.0,0.6,0.2,1.0,0.6,0.5
4368,Nashville,Commute Time,zip,2678,LightGCN,8,1.0,0.0,0.4,1.0,0.35,0.65
4369,Nashville,Commute Time,zip,2678,LightGCN,9,1.0,0.4,0.4,1.0,0.55,0.75
4370,Nashville,Commute Time,zip,2678,Feat-LightGCN,0,1.0,0.6,0.0,1.0,0.75,0.5
4371,Nashville,Commute Time,zip,2678,Feat-LightGCN,1,1.0,0.4,0.2,1.0,0.7,0.45
4372,Nashville,Commute Time,zip,2678,Feat-LightGCN,2,1.0,0.4,0.0,1.0,0.8,0.55
4373,Nashville,Commute Time,zip,2678,Feat-LightGCN,3,1.0,0.2,0.2,1.0,0.5,0.45
4374,Nashville,Commute Time,zip,2678,Feat-LightGCN,4,1.0,0.2,0.2,1.0,0.45,0.5
4375,Nashville,Commute Time,zip,2678,Feat-LightGCN,5,1.0,0.4,0.0,1.0,0.75,0.45
4376,Nashville,Commute Time,zip,2678,Feat-LightGCN,6,1.0,0.4,0.2,1.0,0.5,0.65
4377,Nashville,Commute Time,zip,2678,Feat-LightGCN,7,1.0,0.2,0.2,1.0,0.5,0.45
4378,Nashville,Commute Time,zip,2678,Feat-LightGCN,8,1.0,0.2,0.4,1.0,0.5,0.75
4379,Nashville,Commute Time,zip,2678,Feat-LightGCN,9,1.0,0.4,0.2,1.0,0.5,0.7
4380,Nashville,Commute Time,zip,2678,Feat\&PC-LightGCN,0,1.0,0.2,0.2,1.0,0.7,0.35
4381,Nashville,Commute Time,zip,2678,Feat\&PC-LightGCN,1,1.0,0.2,0.2,1.0,0.5,0.45
4382,Nashville,Commute Time,zip,2678,Feat\&PC-LightGCN,2,1.0,0.6,0.2,1.0,0.7,0.5
4383,Nashville,Commute Time,zip,2678,Feat\&PC-LightGCN,3,1.0,0.2,0.0,1.0,0.45,0.25
4384,Nashville,Commute Time,zip,2678,Feat\&PC-LightGCN,4,1.0,0.4,0.2,1.0,0.65,0.375
4385,Nashville,Commute Time,zip,2678,Feat\&PC-LightGCN,5,1.0,0.2,0.4,1.0,0.55,0.6
4386,Nashville,Commute Time,zip,2678,Feat\&PC-LightGCN,6,1.0,0.2,0.2,1.0,0.6,0.8
4387,Nashville,Commute Time,zip,2678,Feat\&PC-LightGCN,7,1.0,0.2,0.0,1.0,0.7,0.45
4388,Nashville,Commute Time,zip,2678,Feat\&PC-LightGCN,8,1.0,0.2,0.0,1.0,0.7,0.3
4389,Nashville,Commute Time,zip,2678,Feat\&PC-LightGCN,9,1.0,0.0,0.2,1.0,0.45,0.35
4390,Nashville,Commute Time,zip,2678,NoPreTrain,0,1.0,0.2,0.2,1.0,0.65,0.2
4391,Nashville,Commute Time,zip,2678,NoPreTrain,1,1.0,0.4,0.2,1.0,0.7,0.5
4392,Nashville,Commute Time,zip,2678,NoPreTrain,2,1.0,0.4,0.2,1.0,0.6,0.8
4393,Nashville,Commute Time,zip,2678,NoPreTrain,3,1.0,0.2,0.0,1.0,0.65,0.45
4394,Nashville,Commute Time,zip,2678,NoPreTrain,4,1.0,0.0,0.4,1.0,0.4,0.65
4395,Nashville,Commute Time,zip,2678,NoPreTrain,5,1.0,0.4,0.2,1.0,0.8,0.6
4396,Nashville,Commute Time,zip,2678,NoPreTrain,6,1.0,0.2,0.2,1.0,0.4,0.5
4397,Nashville,Commute Time,zip,2678,NoPreTrain,7,1.0,0.2,0.4,1.0,0.5,0.85
4398,Nashville,Commute Time,zip,2678,NoPreTrain,8,1.0,0.2,0.4,1.0,0.25,0.6
4399,Nashville,Commute Time,zip,2678,NoPreTrain,9,1.0,0.4,0.2,1.0,0.5,0.55
4400,Nashville,Median Age,zip,2678,Emb,0,1.0,0.2,0.2,1.0,0.55,0.35
4401,Nashville,Median Age,zip,2678,Emb,1,1.0,0.4,0.4,1.0,0.5,0.5
4402,Nashville,Median Age,zip,2678,Emb,2,1.0,0.2,0.2,1.0,0.35,0.6
4403,Nashville,Median Age,zip,2678,Emb,3,1.0,0.0,0.6,1.0,0.2,0.7
4404,Nashville,Median Age,zip,2678,Emb,4,1.0,0.2,0.4,1.0,0.5,0.65
4405,Nashville,Median Age,zip,2678,Emb,5,1.0,0.2,0.2,1.0,0.6,0.5
4406,Nashville,Median Age,zip,2678,Emb,6,1.0,0.0,0.2,1.0,0.6,0.4
4407,Nashville,Median Age,zip,2678,Emb,7,1.0,0.2,0.2,1.0,0.5,0.7
4408,Nashville,Median Age,zip,2678,Emb,8,1.0,0.2,0.0,1.0,0.65,0.4
4409,Nashville,Median Age,zip,2678,Emb,9,1.0,0.2,0.0,1.0,0.35,0.5
4410,Nashville,Median Age,zip,2678,RGNN,0,1.0,0.2,0.2,1.0,0.45,0.4
4411,Nashville,Median Age,zip,2678,RGNN,1,1.0,0.2,0.2,1.0,0.6,0.55
4412,Nashville,Median Age,zip,2678,RGNN,2,1.0,0.4,0.6,1.0,0.55,0.75
4413,Nashville,Median Age,zip,2678,RGNN,3,1.0,0.0,0.4,1.0,0.35,0.8
4414,Nashville,Median Age,zip,2678,RGNN,4,1.0,0.2,0.4,1.0,0.65,0.8
4415,Nashville,Median Age,zip,2678,RGNN,5,1.0,0.2,0.4,1.0,0.65,0.6
4416,Nashville,Median Age,zip,2678,RGNN,6,1.0,0.2,0.4,1.0,0.75,0.95
4417,Nashville,Median Age,zip,2678,RGNN,7,1.0,0.2,0.0,1.0,0.55,0.5
4418,Nashville,Median Age,zip,2678,RGNN,8,1.0,0.2,0.4,1.0,0.55,0.7
4419,Nashville,Median Age,zip,2678,RGNN,9,1.0,0.4,0.4,1.0,0.8,0.65
4420,Nashville,Median Age,zip,2678,Feat-RGNN,0,1.0,0.0,0.0,1.0,0.35,0.5
4421,Nashville,Median Age,zip,2678,Feat-RGNN,1,1.0,0.2,0.0,1.0,0.35,0.5
4422,Nashville,Median Age,zip,2678,Feat-RGNN,2,1.0,0.0,0.4,1.0,0.4,0.55
4423,Nashville,Median Age,zip,2678,Feat-RGNN,3,1.0,0.2,0.4,1.0,0.45,0.75
4424,Nashville,Median Age,zip,2678,Feat-RGNN,4,1.0,0.4,0.2,1.0,0.75,0.7
4425,Nashville,Median Age,zip,2678,Feat-RGNN,5,1.0,0.2,0.2,1.0,0.6,0.35
4426,Nashville,Median Age,zip,2678,Feat-RGNN,6,1.0,0.2,0.6,1.0,0.6,0.7
4427,Nashville,Median Age,zip,2678,Feat-RGNN,7,1.0,0.2,0.0,1.0,0.6,0.45
4428,Nashville,Median Age,zip,2678,Feat-RGNN,8,1.0,0.2,0.0,1.0,0.55,0.35
4429,Nashville,Median Age,zip,2678,Feat-RGNN,9,1.0,0.0,0.2,1.0,0.55,0.6
4430,Nashville,Median Age,zip,2678,Feat\&PC-RGNN,0,1.0,0.2,0.2,1.0,0.45,0.35
4431,Nashville,Median Age,zip,2678,Feat\&PC-RGNN,1,1.0,0.2,0.2,1.0,0.4,0.3
4432,Nashville,Median Age,zip,2678,Feat\&PC-RGNN,2,1.0,0.2,0.4,1.0,0.4,0.75
4433,Nashville,Median Age,zip,2678,Feat\&PC-RGNN,3,1.0,0.0,0.4,1.0,0.35,0.65
4434,Nashville,Median Age,zip,2678,Feat\&PC-RGNN,4,1.0,0.4,0.4,1.0,0.75,0.8
4435,Nashville,Median Age,zip,2678,Feat\&PC-RGNN,5,1.0,0.2,0.2,1.0,0.75,0.4
4436,Nashville,Median Age,zip,2678,Feat\&PC-RGNN,6,1.0,0.4,0.2,1.0,0.65,0.45
4437,Nashville,Median Age,zip,2678,Feat\&PC-RGNN,7,1.0,0.4,0.2,1.0,0.75,0.45
4438,Nashville,Median Age,zip,2678,Feat\&PC-RGNN,8,1.0,0.4,0.2,1.0,0.55,0.45
4439,Nashville,Median Age,zip,2678,Feat\&PC-RGNN,9,1.0,0.2,0.0,1.0,0.6,0.55
4440,Nashville,Median Age,zip,2678,LightGCN,0,1.0,0.2,0.2,1.0,0.6,0.45
4441,Nashville,Median Age,zip,2678,LightGCN,1,1.0,0.0,0.6,1.0,0.4,0.75
4442,Nashville,Median Age,zip,2678,LightGCN,2,1.0,0.4,0.4,1.0,0.55,0.7
4443,Nashville,Median Age,zip,2678,LightGCN,3,1.0,0.2,0.4,1.0,0.4,0.8
4444,Nashville,Median Age,zip,2678,LightGCN,4,1.0,0.2,0.4,1.0,0.65,0.8
4445,Nashville,Median Age,zip,2678,LightGCN,5,1.0,0.4,0.2,1.0,0.9,0.35
4446,Nashville,Median Age,zip,2678,LightGCN,6,1.0,0.4,0.0,1.0,0.75,0.65
4447,Nashville,Median Age,zip,2678,LightGCN,7,1.0,0.4,0.2,1.0,0.8,0.45
4448,Nashville,Median Age,zip,2678,LightGCN,8,1.0,0.2,0.2,1.0,0.8,0.75
4449,Nashville,Median Age,zip,2678,LightGCN,9,1.0,0.0,0.2,1.0,0.6,0.6
4450,Nashville,Median Age,zip,2678,Feat-LightGCN,0,1.0,0.0,0.2,1.0,0.35,0.5
4451,Nashville,Median Age,zip,2678,Feat-LightGCN,1,1.0,0.2,0.2,1.0,0.45,0.7
4452,Nashville,Median Age,zip,2678,Feat-LightGCN,2,1.0,0.2,0.8,1.0,0.5,0.75
4453,Nashville,Median Age,zip,2678,Feat-LightGCN,3,1.0,0.0,0.8,1.0,0.45,0.9
4454,Nashville,Median Age,zip,2678,Feat-LightGCN,4,1.0,0.2,0.4,1.0,0.7,0.75
4455,Nashville,Median Age,zip,2678,Feat-LightGCN,5,1.0,0.4,0.2,1.0,0.8,0.4
4456,Nashville,Median Age,zip,2678,Feat-LightGCN,6,1.0,0.4,0.0,1.0,0.65,0.55
4457,Nashville,Median Age,zip,2678,Feat-LightGCN,7,1.0,0.2,0.2,1.0,0.8,0.4
4458,Nashville,Median Age,zip,2678,Feat-LightGCN,8,1.0,0.4,0.2,1.0,0.75,0.65
4459,Nashville,Median Age,zip,2678,Feat-LightGCN,9,1.0,0.2,0.2,1.0,0.7,0.6
4460,Nashville,Median Age,zip,2678,Feat\&PC-LightGCN,0,1.0,0.2,0.2,1.0,0.65,0.35
4461,Nashville,Median Age,zip,2678,Feat\&PC-LightGCN,1,1.0,0.4,0.0,1.0,0.8,0.3
4462,Nashville,Median Age,zip,2678,Feat\&PC-LightGCN,2,1.0,0.2,0.0,1.0,0.6,0.45
4463,Nashville,Median Age,zip,2678,Feat\&PC-LightGCN,3,1.0,0.4,0.2,1.0,0.7,0.7
4464,Nashville,Median Age,zip,2678,Feat\&PC-LightGCN,4,1.0,0.4,0.2,1.0,0.5,0.65
4465,Nashville,Median Age,zip,2678,Feat\&PC-LightGCN,5,1.0,0.4,0.2,1.0,0.75,0.5
4466,Nashville,Median Age,zip,2678,Feat\&PC-LightGCN,6,1.0,0.6,0.2,1.0,0.7,0.4
4467,Nashville,Median Age,zip,2678,Feat\&PC-LightGCN,7,1.0,0.2,0.2,1.0,0.7,0.35
4468,Nashville,Median Age,zip,2678,Feat\&PC-LightGCN,8,1.0,0.2,0.2,1.0,0.4,0.6
4469,Nashville,Median Age,zip,2678,Feat\&PC-LightGCN,9,1.0,0.2,0.2,1.0,0.4,0.6
4470,Nashville,Median Age,zip,2678,NoPreTrain,0,1.0,0.2,0.2,1.0,0.55,0.65
4471,Nashville,Median Age,zip,2678,NoPreTrain,1,1.0,0.0,0.2,1.0,0.4,0.55
4472,Nashville,Median Age,zip,2678,NoPreTrain,2,1.0,0.2,0.0,1.0,0.45,0.25
4473,Nashville,Median Age,zip,2678,NoPreTrain,3,1.0,0.2,0.2,1.0,0.6,0.85
4474,Nashville,Median Age,zip,2678,NoPreTrain,4,1.0,0.0,0.2,1.0,0.4,0.5
4475,Nashville,Median Age,zip,2678,NoPreTrain,5,1.0,0.2,0.2,1.0,0.65,0.7
4476,Nashville,Median Age,zip,2678,NoPreTrain,6,1.0,0.2,0.4,1.0,0.45,0.65
4477,Nashville,Median Age,zip,2678,NoPreTrain,7,1.0,0.2,0.2,1.0,0.8,0.4
4478,Nashville,Median Age,zip,2678,NoPreTrain,8,1.0,0.4,0.0,1.0,0.65,0.3
4479,Nashville,Median Age,zip,2678,NoPreTrain,9,1.0,0.4,0.2,1.0,0.85,0.65
4480,Tampa,Median Income,zip,9509,Emb,0,1.0,0.15,0.28,1.0,0.540625,0.592
4481,Tampa,Median Income,zip,9509,Emb,1,1.0,0.3,0.08,1.0,0.48125,0.43600000000000005
4482,Tampa,Median Income,zip,9509,Emb,2,1.0,0.4,0.2,1.0,0.61875,0.522
4483,Tampa,Median Income,zip,9509,Emb,3,1.0,0.4,0.36,1.0,0.6,0.7220000000000001
4484,Tampa,Median Income,zip,9509,Emb,4,1.0,0.3,0.16,1.0,0.603125,0.48199999999999993
4485,Tampa,Median Income,zip,9509,Emb,5,1.0,0.2,0.32,1.0,0.621875,0.55
4486,Tampa,Median Income,zip,9509,Emb,6,1.0,0.1,0.32,1.0,0.421875,0.576
4487,Tampa,Median Income,zip,9509,Emb,7,1.0,0.35,0.32,1.0,0.61875,0.632
4488,Tampa,Median Income,zip,9509,Emb,8,1.0,0.45,0.36,1.0,0.609375,0.624
4489,Tampa,Median Income,zip,9509,Emb,9,1.0,0.1,0.24,1.0,0.478125,0.564
4490,Tampa,Median Income,zip,9509,RGNN,0,1.0,0.3,0.28,1.0,0.66875,0.658
4491,Tampa,Median Income,zip,9509,RGNN,1,1.0,0.35,0.16,1.0,0.596875,0.5720000000000001
4492,Tampa,Median Income,zip,9509,RGNN,2,1.0,0.2,0.24,1.0,0.596875,0.526
4493,Tampa,Median Income,zip,9509,RGNN,3,1.0,0.2,0.24,1.0,0.49375,0.6040000000000001
4494,Tampa,Median Income,zip,9509,RGNN,4,1.0,0.35,0.32,1.0,0.6453125,0.5820000000000001
4495,Tampa,Median Income,zip,9509,RGNN,5,1.0,0.4,0.2,1.0,0.625,0.586
4496,Tampa,Median Income,zip,9509,RGNN,6,1.0,0.15,0.24,1.0,0.546875,0.558
4497,Tampa,Median Income,zip,9509,RGNN,7,1.0,0.5,0.36,1.0,0.68125,0.652
4498,Tampa,Median Income,zip,9509,RGNN,8,1.0,0.3,0.28,1.0,0.60625,0.586
4499,Tampa,Median Income,zip,9509,RGNN,9,1.0,0.25,0.2,1.0,0.575,0.51
4500,Tampa,Median Income,zip,9509,Feat-RGNN,0,1.0,0.2,0.28,1.0,0.628125,0.662
4501,Tampa,Median Income,zip,9509,Feat-RGNN,1,1.0,0.2,0.16,1.0,0.5375,0.524
4502,Tampa,Median Income,zip,9509,Feat-RGNN,2,0.9836065573770492,0.3,0.28,1.0,0.665625,0.5160000000000001
4503,Tampa,Median Income,zip,9509,Feat-RGNN,3,1.0,0.35,0.32,1.0,0.6625,0.64
4504,Tampa,Median Income,zip,9509,Feat-RGNN,4,1.0,0.4,0.36,1.0,0.571875,0.614
4505,Tampa,Median Income,zip,9509,Feat-RGNN,5,1.0,0.25,0.32,1.0,0.5625,0.5740000000000001
4506,Tampa,Median Income,zip,9509,Feat-RGNN,6,1.0,0.2,0.28,1.0,0.484375,0.504
4507,Tampa,Median Income,zip,9509,Feat-RGNN,7,1.0,0.4,0.12,1.0,0.68125,0.532
4508,Tampa,Median Income,zip,9509,Feat-RGNN,8,1.0,0.25,0.32,1.0,0.63125,0.642
4509,Tampa,Median Income,zip,9509,Feat-RGNN,9,1.0,0.2,0.28,1.0,0.496875,0.644
4510,Tampa,Median Income,zip,9509,Feat\&PC-RGNN,0,1.0,0.3,0.28,1.0,0.515625,0.58
4511,Tampa,Median Income,zip,9509,Feat\&PC-RGNN,1,1.0,0.25,0.12,1.0,0.5625,0.5399999999999999
4512,Tampa,Median Income,zip,9509,Feat\&PC-RGNN,2,1.0,0.25,0.4,1.0,0.540625,0.624
4513,Tampa,Median Income,zip,9509,Feat\&PC-RGNN,3,1.0,0.25,0.44,1.0,0.53125,0.6540000000000001
4514,Tampa,Median Income,zip,9509,Feat\&PC-RGNN,4,1.0,0.45,0.24,1.0,0.609375,0.6100000000000001
4515,Tampa,Median Income,zip,9509,Feat\&PC-RGNN,5,1.0,0.3,0.32,1.0,0.575,0.6
4516,Tampa,Median Income,zip,9509,Feat\&PC-RGNN,6,1.0,0.3,0.36,1.0,0.584375,0.654
4517,Tampa,Median Income,zip,9509,Feat\&PC-RGNN,7,1.0,0.3,0.2,1.0,0.65625,0.5740000000000001
4518,Tampa,Median Income,zip,9509,Feat\&PC-RGNN,8,1.0,0.3,0.24,1.0,0.61875,0.5960000000000001
4519,Tampa,Median Income,zip,9509,Feat\&PC-RGNN,9,1.0,0.25,0.4,1.0,0.571875,0.626
4520,Tampa,Median Income,zip,9509,LightGCN,0,1.0,0.3,0.24,1.0,0.740625,0.637
4521,Tampa,Median Income,zip,9509,LightGCN,1,1.0,0.15,0.24,1.0,0.475,0.562
4522,Tampa,Median Income,zip,9509,LightGCN,2,1.0,0.2,0.24,1.0,0.63125,0.6519999999999999
4523,Tampa,Median Income,zip,9509,LightGCN,3,1.0,0.15,0.36,1.0,0.6375,0.72
4524,Tampa,Median Income,zip,9509,LightGCN,4,1.0,0.4,0.32,1.0,0.628125,0.688
4525,Tampa,Median Income,zip,9509,LightGCN,5,1.0,0.3,0.4,1.0,0.615625,0.694
4526,Tampa,Median Income,zip,9509,LightGCN,6,1.0,0.35,0.32,1.0,0.603125,0.652
4527,Tampa,Median Income,zip,9509,LightGCN,7,1.0,0.35,0.32,1.0,0.728125,0.756
4528,Tampa,Median Income,zip,9509,LightGCN,8,1.0,0.3,0.24,1.0,0.615625,0.64
4529,Tampa,Median Income,zip,9509,LightGCN,9,1.0,0.35,0.32,1.0,0.671875,0.6779999999999999
4530,Tampa,Median Income,zip,9509,Feat-LightGCN,0,1.0,0.5,0.48,1.0,0.8,0.726
4531,Tampa,Median Income,zip,9509,Feat-LightGCN,1,1.0,0.4,0.16,1.0,0.7,0.548
4532,Tampa,Median Income,zip,9509,Feat-LightGCN,2,1.0,0.25,0.36,1.0,0.6,0.7240000000000001
4533,Tampa,Median Income,zip,9509,Feat-LightGCN,3,1.0,0.2,0.28,1.0,0.603125,0.678
4534,Tampa,Median Income,zip,9509,Feat-LightGCN,4,1.0,0.35,0.44,1.0,0.703125,0.734
4535,Tampa,Median Income,zip,9509,Feat-LightGCN,5,1.0,0.4,0.4,1.0,0.725,0.7060000000000001
4536,Tampa,Median Income,zip,9509,Feat-LightGCN,6,1.0,0.25,0.28,1.0,0.61875,0.664
4537,Tampa,Median Income,zip,9509,Feat-LightGCN,7,1.0,0.3,0.44,1.0,0.721875,0.7639999999999999
4538,Tampa,Median Income,zip,9509,Feat-LightGCN,8,1.0,0.2,0.4,1.0,0.646875,0.7110000000000001
4539,Tampa,Median Income,zip,9509,Feat-LightGCN,9,1.0,0.2,0.28,1.0,0.5796875,0.686
4540,Tampa,Median Income,zip,9509,Feat\&PC-LightGCN,0,1.0,0.35,0.48,1.0,0.484375,0.7649999999999999
4541,Tampa,Median Income,zip,9509,Feat\&PC-LightGCN,1,1.0,0.4,0.24,1.0,0.575,0.48
4542,Tampa,Median Income,zip,9509,Feat\&PC-LightGCN,2,1.0,0.4,0.24,1.0,0.603125,0.53
4543,Tampa,Median Income,zip,9509,Feat\&PC-LightGCN,3,1.0,0.2,0.24,1.0,0.553125,0.6380000000000001
4544,Tampa,Median Income,zip,9509,Feat\&PC-LightGCN,4,1.0,0.2,0.32,1.0,0.55625,0.662
4545,Tampa,Median Income,zip,9509,Feat\&PC-LightGCN,5,1.0,0.35,0.28,1.0,0.559375,0.67
4546,Tampa,Median Income,zip,9509,Feat\&PC-LightGCN,6,1.0,0.15,0.24,1.0,0.46875,0.5619999999999999
4547,Tampa,Median Income,zip,9509,Feat\&PC-LightGCN,7,1.0,0.2,0.48,1.0,0.509375,0.7619999999999999
4548,Tampa,Median Income,zip,9509,Feat\&PC-LightGCN,8,1.0,0.2,0.4,1.0,0.5109375,0.576
4549,Tampa,Median Income,zip,9509,Feat\&PC-LightGCN,9,1.0,0.2,0.36,1.0,0.578125,0.6319999999999999
4550,Tampa,Median Income,zip,9509,NoPreTrain,0,1.0,0.2,0.36,1.0,0.46875,0.64
4551,Tampa,Median Income,zip,9509,NoPreTrain,1,1.0,0.35,0.08,1.0,0.678125,0.43600000000000005
4552,Tampa,Median Income,zip,9509,NoPreTrain,2,1.0,0.2,0.24,1.0,0.44375,0.5159999999999999
4553,Tampa,Median Income,zip,9509,NoPreTrain,3,1.0,0.2,0.2,1.0,0.50625,0.548
4554,Tampa,Median Income,zip,9509,NoPreTrain,4,1.0,0.25,0.08,1.0,0.51875,0.483
4555,Tampa,Median Income,zip,9509,NoPreTrain,5,1.0,0.3,0.28,1.0,0.60625,0.5700000000000001
4556,Tampa,Median Income,zip,9509,NoPreTrain,6,1.0,0.15,0.24,1.0,0.5125,0.45999999999999996
4557,Tampa,Median Income,zip,9509,NoPreTrain,7,1.0,0.2,0.24,1.0,0.421875,0.52
4558,Tampa,Median Income,zip,9509,NoPreTrain,8,1.0,0.15,0.24,1.0,0.44375,0.578
4559,Tampa,Median Income,zip,9509,NoPreTrain,9,1.0,0.25,0.28,1.0,0.53125,0.556
4560,Tampa,Median Home Value,zip,9498,Emb,0,1.0,0.25,0.2,1.0,0.590625,0.43
4561,Tampa,Median Home Value,zip,9498,Emb,1,1.0,0.1,0.4,1.0,0.64375,0.6780000000000002
4562,Tampa,Median Home Value,zip,9498,Emb,2,1.0,0.3,0.2,1.0,0.6125,0.4659999999999999
4563,Tampa,Median Home Value,zip,9498,Emb,3,1.0,0.4,0.24,1.0,0.70625,0.64
4564,Tampa,Median Home Value,zip,9498,Emb,4,1.0,0.35,0.36,1.0,0.675,0.6300000000000001
4565,Tampa,Median Home Value,zip,9498,Emb,5,1.0,0.25,0.24,1.0,0.55625,0.54
4566,Tampa,Median Home Value,zip,9498,Emb,6,1.0,0.35,0.32,1.0,0.63125,0.538
4567,Tampa,Median Home Value,zip,9498,Emb,7,1.0,0.25,0.32,1.0,0.559375,0.6500000000000001
4568,Tampa,Median Home Value,zip,9498,Emb,8,1.0,0.55,0.2,1.0,0.75,0.508
4569,Tampa,Median Home Value,zip,9498,Emb,9,1.0,0.2,0.4,1.0,0.553125,0.6420000000000001
4570,Tampa,Median Home Value,zip,9498,RGNN,0,1.0,0.3,0.12,1.0,0.5875,0.504
4571,Tampa,Median Home Value,zip,9498,RGNN,1,1.0,0.55,0.44,1.0,0.7625,0.708
4572,Tampa,Median Home Value,zip,9498,RGNN,2,1.0,0.25,0.16,1.0,0.6375,0.42400000000000004
4573,Tampa,Median Home Value,zip,9498,RGNN,3,1.0,0.35,0.32,1.0,0.675,0.514
4574,Tampa,Median Home Value,zip,9498,RGNN,4,1.0,0.55,0.24,1.0,0.803125,0.5800000000000001
4575,Tampa,Median Home Value,zip,9498,RGNN,5,1.0,0.5,0.36,1.0,0.65,0.634
4576,Tampa,Median Home Value,zip,9498,RGNN,6,1.0,0.55,0.32,1.0,0.79375,0.6060000000000001
4577,Tampa,Median Home Value,zip,9498,RGNN,7,1.0,0.35,0.52,1.0,0.6375,0.7140000000000001
4578,Tampa,Median Home Value,zip,9498,RGNN,8,1.0,0.4,0.32,1.0,0.659375,0.618
4579,Tampa,Median Home Value,zip,9498,RGNN,9,1.0,0.3,0.36,1.0,0.565625,0.5880000000000001
4580,Tampa,Median Home Value,zip,9498,Feat-RGNN,0,1.0,0.35,0.28,1.0,0.546875,0.5519999999999999
4581,Tampa,Median Home Value,zip,9498,Feat-RGNN,1,1.0,0.45,0.4,1.0,0.771875,0.672
4582,Tampa,Median Home Value,zip,9498,Feat-RGNN,2,0.9833333333333333,0.4,0.16,1.0,0.70625,0.506
4583,Tampa,Median Home Value,zip,9498,Feat-RGNN,3,1.0,0.45,0.24,1.0,0.721875,0.558
4584,Tampa,Median Home Value,zip,9498,Feat-RGNN,4,1.0,0.5,0.44,1.0,0.728125,0.7200000000000001
4585,Tampa,Median Home Value,zip,9498,Feat-RGNN,5,1.0,0.25,0.36,1.0,0.625,0.658
4586,Tampa,Median Home Value,zip,9498,Feat-RGNN,6,1.0,0.2,0.28,1.0,0.68125,0.6120000000000001
4587,Tampa,Median Home Value,zip,9498,Feat-RGNN,7,1.0,0.2,0.32,1.0,0.578125,0.626
4588,Tampa,Median Home Value,zip,9498,Feat-RGNN,8,1.0,0.3,0.28,1.0,0.621875,0.6060000000000001
4589,Tampa,Median Home Value,zip,9498,Feat-RGNN,9,1.0,0.4,0.36,1.0,0.659375,0.644
4590,Tampa,Median Home Value,zip,9498,Feat\&PC-RGNN,0,1.0,0.35,0.08,1.0,0.6625,0.446
4591,Tampa,Median Home Value,zip,9498,Feat\&PC-RGNN,1,1.0,0.4,0.4,1.0,0.671875,0.664
4592,Tampa,Median Home Value,zip,9498,Feat\&PC-RGNN,2,1.0,0.45,0.24,1.0,0.715625,0.538
4593,Tampa,Median Home Value,zip,9498,Feat\&PC-RGNN,3,1.0,0.4,0.16,1.0,0.696875,0.532
4594,Tampa,Median Home Value,zip,9498,Feat\&PC-RGNN,4,1.0,0.3,0.4,1.0,0.603125,0.744
4595,Tampa,Median Home Value,zip,9498,Feat\&PC-RGNN,5,1.0,0.4,0.4,1.0,0.634375,0.7140000000000001
4596,Tampa,Median Home Value,zip,9498,Feat\&PC-RGNN,6,1.0,0.15,0.24,1.0,0.61875,0.6
4597,Tampa,Median Home Value,zip,9498,Feat\&PC-RGNN,7,1.0,0.3,0.44,1.0,0.615625,0.7340000000000001
4598,Tampa,Median Home Value,zip,9498,Feat\&PC-RGNN,8,1.0,0.4,0.32,1.0,0.7125,0.6
4599,Tampa,Median Home Value,zip,9498,Feat\&PC-RGNN,9,1.0,0.45,0.4,1.0,0.71875,0.74
4600,Tampa,Median Home Value,zip,9498,LightGCN,0,1.0,0.4,0.12,1.0,0.70625,0.5459999999999999
4601,Tampa,Median Home Value,zip,9498,LightGCN,1,1.0,0.3,0.32,1.0,0.659375,0.642
4602,Tampa,Median Home Value,zip,9498,LightGCN,2,1.0,0.45,0.16,1.0,0.690625,0.5519999999999999
4603,Tampa,Median Home Value,zip,9498,LightGCN,3,1.0,0.45,0.24,1.0,0.73125,0.548
4604,Tampa,Median Home Value,zip,9498,LightGCN,4,1.0,0.45,0.32,1.0,0.709375,0.6859999999999999
4605,Tampa,Median Home Value,zip,9498,LightGCN,5,1.0,0.5,0.36,1.0,0.7,0.6950000000000001
4606,Tampa,Median Home Value,zip,9498,LightGCN,6,1.0,0.25,0.32,1.0,0.7296875,0.636
4607,Tampa,Median Home Value,zip,9498,LightGCN,7,1.0,0.3,0.44,1.0,0.540625,0.716
4608,Tampa,Median Home Value,zip,9498,LightGCN,8,1.0,0.4,0.36,1.0,0.73125,0.678
4609,Tampa,Median Home Value,zip,9498,LightGCN,9,1.0,0.25,0.48,1.0,0.5875,0.7819999999999999
4610,Tampa,Median Home Value,zip,9498,Feat-LightGCN,0,1.0,0.3,0.24,1.0,0.603125,0.5640000000000001
4611,Tampa,Median Home Value,zip,9498,Feat-LightGCN,1,1.0,0.3,0.4,1.0,0.684375,0.706
4612,Tampa,Median Home Value,zip,9498,Feat-LightGCN,2,1.0,0.45,0.16,1.0,0.68125,0.558
4613,Tampa,Median Home Value,zip,9498,Feat-LightGCN,3,1.0,0.35,0.32,1.0,0.6625,0.618
4614,Tampa,Median Home Value,zip,9498,Feat-LightGCN,4,1.0,0.45,0.24,1.0,0.75625,0.686
4615,Tampa,Median Home Value,zip,9498,Feat-LightGCN,5,1.0,0.45,0.36,1.0,0.740625,0.657
4616,Tampa,Median Home Value,zip,9498,Feat-LightGCN,6,1.0,0.45,0.24,1.0,0.728125,0.6239999999999999
4617,Tampa,Median Home Value,zip,9498,Feat-LightGCN,7,1.0,0.25,0.48,1.0,0.575,0.692
4618,Tampa,Median Home Value,zip,9498,Feat-LightGCN,8,1.0,0.35,0.28,1.0,0.64375,0.6459999999999999
4619,Tampa,Median Home Value,zip,9498,Feat-LightGCN,9,1.0,0.4,0.32,1.0,0.678125,0.64
4620,Tampa,Median Home Value,zip,9498,Feat\&PC-LightGCN,0,1.0,0.35,0.16,1.0,0.575,0.5479999999999999
4621,Tampa,Median Home Value,zip,9498,Feat\&PC-LightGCN,1,1.0,0.35,0.12,1.0,0.6625,0.45599999999999996
4622,Tampa,Median Home Value,zip,9498,Feat\&PC-LightGCN,2,1.0,0.25,0.4,1.0,0.534375,0.5900000000000001
4623,Tampa,Median Home Value,zip,9498,Feat\&PC-LightGCN,3,1.0,0.35,0.24,1.0,0.6375,0.6100000000000001
4624,Tampa,Median Home Value,zip,9498,Feat\&PC-LightGCN,4,1.0,0.45,0.36,1.0,0.73125,0.6129999999999999
4625,Tampa,Median Home Value,zip,9498,Feat\&PC-LightGCN,5,1.0,0.25,0.24,1.0,0.58125,0.5810000000000001
4626,Tampa,Median Home Value,zip,9498,Feat\&PC-LightGCN,6,1.0,0.45,0.32,1.0,0.75,0.56
4627,Tampa,Median Home Value,zip,9498,Feat\&PC-LightGCN,7,1.0,0.2,0.24,1.0,0.5625,0.502
4628,Tampa,Median Home Value,zip,9498,Feat\&PC-LightGCN,8,1.0,0.25,0.24,1.0,0.628125,0.548
4629,Tampa,Median Home Value,zip,9498,Feat\&PC-LightGCN,9,1.0,0.35,0.28,1.0,0.540625,0.6060000000000001
4630,Tampa,Median Home Value,zip,9498,NoPreTrain,0,1.0,0.25,0.24,1.0,0.6125,0.51
4631,Tampa,Median Home Value,zip,9498,NoPreTrain,1,1.0,0.2,0.16,1.0,0.646875,0.388
4632,Tampa,Median Home Value,zip,9498,NoPreTrain,2,1.0,0.35,0.16,1.0,0.621875,0.45200000000000007
4633,Tampa,Median Home Value,zip,9498,NoPreTrain,3,1.0,0.1,0.28,1.0,0.3375,0.522
4634,Tampa,Median Home Value,zip,9498,NoPreTrain,4,1.0,0.3,0.2,1.0,0.609375,0.504
4635,Tampa,Median Home Value,zip,9498,NoPreTrain,5,1.0,0.2,0.24,1.0,0.5125,0.45
4636,Tampa,Median Home Value,zip,9498,NoPreTrain,6,1.0,0.3,0.24,1.0,0.5875,0.5740000000000001
4637,Tampa,Median Home Value,zip,9498,NoPreTrain,7,1.0,0.15,0.28,1.0,0.471875,0.6599999999999999
4638,Tampa,Median Home Value,zip,9498,NoPreTrain,8,1.0,0.2,0.2,1.0,0.4625,0.526
4639,Tampa,Median Home Value,zip,9498,NoPreTrain,9,1.0,0.2,0.2,1.0,0.49375,0.508
4640,Tampa,Commute Time,zip,9498,Emb,0,1.0,0.15,0.28,1.0,0.503125,0.47800000000000004
4641,Tampa,Commute Time,zip,9498,Emb,1,1.0,0.2,0.16,1.0,0.559375,0.538
4642,Tampa,Commute Time,zip,9498,Emb,2,1.0,0.25,0.12,1.0,0.571875,0.438
4643,Tampa,Commute Time,zip,9498,Emb,3,1.0,0.15,0.36,1.0,0.534375,0.6060000000000001
4644,Tampa,Commute Time,zip,9498,Emb,4,1.0,0.55,0.24,1.0,0.74375,0.632
4645,Tampa,Commute Time,zip,9498,Emb,5,1.0,0.25,0.2,1.0,0.478125,0.55
4646,Tampa,Commute Time,zip,9498,Emb,6,1.0,0.35,0.2,1.0,0.584375,0.546
4647,Tampa,Commute Time,zip,9498,Emb,7,1.0,0.25,0.36,1.0,0.534375,0.634
4648,Tampa,Commute Time,zip,9498,Emb,8,1.0,0.25,0.24,1.0,0.53125,0.532
4649,Tampa,Commute Time,zip,9498,Emb,9,1.0,0.2,0.24,1.0,0.515625,0.5660000000000001
4650,Tampa,Commute Time,zip,9498,RGNN,0,1.0,0.25,0.28,1.0,0.578125,0.512
4651,Tampa,Commute Time,zip,9498,RGNN,1,1.0,0.35,0.12,1.0,0.653125,0.572
4652,Tampa,Commute Time,zip,9498,RGNN,2,1.0,0.2,0.16,1.0,0.546875,0.584
4653,Tampa,Commute Time,zip,9498,RGNN,3,1.0,0.3,0.2,1.0,0.51875,0.484
4654,Tampa,Commute Time,zip,9498,RGNN,4,1.0,0.2,0.32,1.0,0.5875,0.6100000000000001
4655,Tampa,Commute Time,zip,9498,RGNN,5,0.7833333333333333,0.35,0.24,0.9743055555555555,0.6375,0.45600000000000007
4656,Tampa,Commute Time,zip,9498,RGNN,6,1.0,0.35,0.12,1.0,0.615625,0.52
4657,Tampa,Commute Time,zip,9498,RGNN,7,1.0,0.2,0.32,1.0,0.49375,0.6060000000000001
4658,Tampa,Commute Time,zip,9498,RGNN,8,1.0,0.3,0.2,1.0,0.625,0.5319999999999999
4659,Tampa,Commute Time,zip,9498,RGNN,9,1.0,0.3,0.4,1.0,0.521875,0.648
4660,Tampa,Commute Time,zip,9498,Feat-RGNN,0,1.0,0.3,0.2,1.0,0.565625,0.488
4661,Tampa,Commute Time,zip,9498,Feat-RGNN,1,1.0,0.15,0.24,1.0,0.51875,0.576
4662,Tampa,Commute Time,zip,9498,Feat-RGNN,2,0.9333333333333333,0.35,0.24,0.9986111111111111,0.615625,0.546
4663,Tampa,Commute Time,zip,9498,Feat-RGNN,3,1.0,0.2,0.2,1.0,0.51875,0.46799999999999997
4664,Tampa,Commute Time,zip,9498,Feat-RGNN,4,0.9833333333333333,0.4,0.16,1.0,0.61875,0.516
4665,Tampa,Commute Time,zip,9498,Feat-RGNN,5,1.0,0.35,0.32,1.0,0.590625,0.6380000000000001
4666,Tampa,Commute Time,zip,9498,Feat-RGNN,6,1.0,0.15,0.12,1.0,0.609375,0.4640000000000001
4667,Tampa,Commute Time,zip,9498,Feat-RGNN,7,0.9833333333333333,0.3,0.28,0.9993055555555556,0.540625,0.584
4668,Tampa,Commute Time,zip,9498,Feat-RGNN,8,1.0,0.2,0.2,1.0,0.4875,0.47400000000000003
4669,Tampa,Commute Time,zip,9498,Feat-RGNN,9,0.9333333333333333,0.3,0.16,0.9934027777777779,0.609375,0.596
4670,Tampa,Commute Time,zip,9498,Feat\&PC-RGNN,0,1.0,0.35,0.28,1.0,0.5875,0.542
4671,Tampa,Commute Time,zip,9498,Feat\&PC-RGNN,1,1.0,0.3,0.12,1.0,0.5375,0.514
4672,Tampa,Commute Time,zip,9498,Feat\&PC-RGNN,2,1.0,0.15,0.28,1.0,0.375,0.476
4673,Tampa,Commute Time,zip,9498,Feat\&PC-RGNN,3,1.0,0.2,0.28,1.0,0.46875,0.51
4674,Tampa,Commute Time,zip,9498,Feat\&PC-RGNN,4,1.0,0.25,0.24,1.0,0.51875,0.5279999999999999
4675,Tampa,Commute Time,zip,9498,Feat\&PC-RGNN,5,1.0,0.15,0.28,1.0,0.5625,0.548
4676,Tampa,Commute Time,zip,9498,Feat\&PC-RGNN,6,1.0,0.4,0.24,1.0,0.63125,0.578
4677,Tampa,Commute Time,zip,9498,Feat\&PC-RGNN,7,1.0,0.25,0.16,1.0,0.5890625,0.552
4678,Tampa,Commute Time,zip,9498,Feat\&PC-RGNN,8,1.0,0.35,0.16,1.0,0.603125,0.508
4679,Tampa,Commute Time,zip,9498,Feat\&PC-RGNN,9,1.0,0.15,0.28,1.0,0.515625,0.644
4680,Tampa,Commute Time,zip,9498,LightGCN,0,1.0,0.2,0.24,1.0,0.578125,0.5820000000000001
4681,Tampa,Commute Time,zip,9498,LightGCN,1,1.0,0.2,0.24,1.0,0.546875,0.53
4682,Tampa,Commute Time,zip,9498,LightGCN,2,1.0,0.2,0.2,1.0,0.528125,0.534
4683,Tampa,Commute Time,zip,9498,LightGCN,3,1.0,0.3,0.2,1.0,0.565625,0.48200000000000004
4684,Tampa,Commute Time,zip,9498,LightGCN,4,1.0,0.35,0.4,1.0,0.6125,0.692
4685,Tampa,Commute Time,zip,9498,LightGCN,5,1.0,0.3,0.44,1.0,0.615625,0.6940000000000001
4686,Tampa,Commute Time,zip,9498,LightGCN,6,1.0,0.3,0.12,1.0,0.6625,0.48200000000000004
4687,Tampa,Commute Time,zip,9498,LightGCN,7,1.0,0.3,0.24,1.0,0.50625,0.5359999999999999
4688,Tampa,Commute Time,zip,9498,LightGCN,8,1.0,0.3,0.24,1.0,0.4625,0.606
4689,Tampa,Commute Time,zip,9498,LightGCN,9,1.0,0.3,0.44,1.0,0.621875,0.6559999999999999
4690,Tampa,Commute Time,zip,9498,Feat-LightGCN,0,1.0,0.15,0.36,1.0,0.534375,0.6199999999999999
4691,Tampa,Commute Time,zip,9498,Feat-LightGCN,1,1.0,0.3,0.24,1.0,0.609375,0.578
4692,Tampa,Commute Time,zip,9498,Feat-LightGCN,2,1.0,0.25,0.28,1.0,0.515625,0.5720000000000001
4693,Tampa,Commute Time,zip,9498,Feat-LightGCN,3,1.0,0.2,0.2,1.0,0.571875,0.514
4694,Tampa,Commute Time,zip,9498,Feat-LightGCN,4,1.0,0.2,0.16,1.0,0.55625,0.5519999999999999
4695,Tampa,Commute Time,zip,9498,Feat-LightGCN,5,1.0,0.3,0.4,1.0,0.5453125,0.708
4696,Tampa,Commute Time,zip,9498,Feat-LightGCN,6,1.0,0.4,0.24,1.0,0.6375,0.522
4697,Tampa,Commute Time,zip,9498,Feat-LightGCN,7,1.0,0.25,0.36,1.0,0.575,0.636
4698,Tampa,Commute Time,zip,9498,Feat-LightGCN,8,1.0,0.3,0.24,1.0,0.575,0.547
4699,Tampa,Commute Time,zip,9498,Feat-LightGCN,9,1.0,0.25,0.36,1.0,0.509375,0.64
4700,Tampa,Commute Time,zip,9498,Feat\&PC-LightGCN,0,1.0,0.3,0.28,1.0,0.55625,0.616
4701,Tampa,Commute Time,zip,9498,Feat\&PC-LightGCN,1,1.0,0.35,0.08,1.0,0.6875,0.4040000000000001
4702,Tampa,Commute Time,zip,9498,Feat\&PC-LightGCN,2,1.0,0.25,0.16,1.0,0.55625,0.49800000000000005
4703,Tampa,Commute Time,zip,9498,Feat\&PC-LightGCN,3,1.0,0.1,0.2,1.0,0.509375,0.5589999999999999
4704,Tampa,Commute Time,zip,9498,Feat\&PC-LightGCN,4,1.0,0.2,0.32,1.0,0.621875,0.632
4705,Tampa,Commute Time,zip,9498,Feat\&PC-LightGCN,5,1.0,0.1,0.24,1.0,0.496875,0.5980000000000001
4706,Tampa,Commute Time,zip,9498,Feat\&PC-LightGCN,6,1.0,0.4,0.12,1.0,0.7125,0.5820000000000001
4707,Tampa,Commute Time,zip,9498,Feat\&PC-LightGCN,7,1.0,0.3,0.4,1.0,0.628125,0.6420000000000001
4708,Tampa,Commute Time,zip,9498,Feat\&PC-LightGCN,8,1.0,0.15,0.32,1.0,0.51875,0.57
4709,Tampa,Commute Time,zip,9498,Feat\&PC-LightGCN,9,1.0,0.2,0.24,1.0,0.553125,0.6060000000000001
4710,Tampa,Commute Time,zip,9498,NoPreTrain,0,1.0,0.3,0.2,1.0,0.51875,0.476
4711,Tampa,Commute Time,zip,9498,NoPreTrain,1,1.0,0.2,0.28,1.0,0.509375,0.576
4712,Tampa,Commute Time,zip,9498,NoPreTrain,2,1.0,0.25,0.24,1.0,0.51875,0.626
4713,Tampa,Commute Time,zip,9498,NoPreTrain,3,1.0,0.2,0.2,1.0,0.490625,0.4880000000000001
4714,Tampa,Commute Time,zip,9498,NoPreTrain,4,1.0,0.2,0.24,1.0,0.553125,0.5359999999999999
4715,Tampa,Commute Time,zip,9498,NoPreTrain,5,1.0,0.3,0.08,1.0,0.5875,0.37200000000000005
4716,Tampa,Commute Time,zip,9498,NoPreTrain,6,1.0,0.4,0.16,1.0,0.61875,0.496
4717,Tampa,Commute Time,zip,9498,NoPreTrain,7,1.0,0.05,0.16,1.0,0.371875,0.48600000000000004
4718,Tampa,Commute Time,zip,9498,NoPreTrain,8,1.0,0.1,0.24,1.0,0.478125,0.576
4719,Tampa,Commute Time,zip,9498,NoPreTrain,9,1.0,0.2,0.2,1.0,0.546875,0.41
4720,Tampa,Median Age,zip,9509,Emb,0,1.0,0.23809523809523808,0.5217391304347826,1.0,0.6604411764705883,0.7303508771929824
4721,Tampa,Median Age,zip,9509,Emb,1,1.0,0.3333333333333333,0.2608695652173913,1.0,0.768970588235294,0.6227485380116959
4722,Tampa,Median Age,zip,9509,Emb,2,1.0,0.23809523809523808,0.391304347826087,1.0,0.6130882352941176,0.7222222222222223
4723,Tampa,Median Age,zip,9509,Emb,3,1.0,0.23809523809523808,0.43478260869565216,1.0,0.5713235294117647,0.6545614035087719
4724,Tampa,Median Age,zip,9509,Emb,4,1.0,0.2857142857142857,0.17391304347826086,1.0,0.540735294117647,0.5205263157894737
4725,Tampa,Median Age,zip,9509,Emb,5,1.0,0.3333333333333333,0.391304347826087,1.0,0.6501470588235294,0.6649122807017545
4726,Tampa,Median Age,zip,9509,Emb,6,1.0,0.5238095238095238,0.34782608695652173,1.0,0.835,0.6528070175438596
4727,Tampa,Median Age,zip,9509,Emb,7,1.0,0.2857142857142857,0.21739130434782608,1.0,0.5982352941176471,0.5232163742690059
4728,Tampa,Median Age,zip,9509,Emb,8,1.0,0.3333333333333333,0.5652173913043478,1.0,0.6744117647058824,0.8080701754385965
4729,Tampa,Median Age,zip,9509,Emb,9,1.0,0.38095238095238093,0.34782608695652173,1.0,0.6451470588235294,0.6178362573099415
4730,Tampa,Median Age,zip,9509,RGNN,0,1.0,0.19047619047619047,0.5217391304347826,1.0,0.5808823529411764,0.7572514619883042
4731,Tampa,Median Age,zip,9509,RGNN,1,1.0,0.42857142857142855,0.4782608695652174,1.0,0.7598529411764706,0.7423976608187134
4732,Tampa,Median Age,zip,9509,RGNN,2,1.0,0.2857142857142857,0.391304347826087,1.0,0.5617647058823529,0.7608187134502924
4733,Tampa,Median Age,zip,9509,RGNN,3,1.0,0.42857142857142855,0.43478260869565216,1.0,0.671029411764706,0.7306432748538012
4734,Tampa,Median Age,zip,9509,RGNN,4,1.0,0.2857142857142857,0.391304347826087,1.0,0.6963235294117647,0.7342690058479533
4735,Tampa,Median Age,zip,9509,RGNN,5,1.0,0.23809523809523808,0.6086956521739131,1.0,0.7222058823529411,0.7928070175438595
4736,Tampa,Median Age,zip,9509,RGNN,6,1.0,0.5714285714285714,0.4782608695652174,1.0,0.8675,0.7277777777777779
4737,Tampa,Median Age,zip,9509,RGNN,7,1.0,0.38095238095238093,0.30434782608695654,1.0,0.6579411764705883,0.673391812865497
4738,Tampa,Median Age,zip,9509,RGNN,8,1.0,0.3333333333333333,0.43478260869565216,1.0,0.6622058823529412,0.8371929824561406
4739,Tampa,Median Age,zip,9509,RGNN,9,1.0,0.42857142857142855,0.30434782608695654,1.0,0.7116176470588236,0.7067836257309942
4740,Tampa,Median Age,zip,9509,Feat-RGNN,0,1.0,0.2857142857142857,0.5652173913043478,1.0,0.6429411764705882,0.8139181286549709
4741,Tampa,Median Age,zip,9509,Feat-RGNN,1,1.0,0.42857142857142855,0.391304347826087,1.0,0.6847058823529412,0.7378947368421053
4742,Tampa,Median Age,zip,9509,Feat-RGNN,2,1.0,0.2857142857142857,0.34782608695652173,1.0,0.6138235294117647,0.6966666666666667
4743,Tampa,Median Age,zip,9509,Feat-RGNN,3,1.0,0.47619047619047616,0.391304347826087,1.0,0.6785294117647058,0.7918713450292397
4744,Tampa,Median Age,zip,9509,Feat-RGNN,4,1.0,0.42857142857142855,0.34782608695652173,1.0,0.7094117647058822,0.7378947368421053
4745,Tampa,Median Age,zip,9509,Feat-RGNN,5,1.0,0.23809523809523808,0.30434782608695654,1.0,0.6311764705882352,0.7625730994152047
4746,Tampa,Median Age,zip,9509,Feat-RGNN,6,1.0,0.5238095238095238,0.43478260869565216,1.0,0.7969117647058823,0.6992397660818714
4747,Tampa,Median Age,zip,9509,Feat-RGNN,7,1.0,0.47619047619047616,0.21739130434782608,1.0,0.7979411764705882,0.6576023391812866
4748,Tampa,Median Age,zip,9509,Feat-RGNN,8,1.0,0.3333333333333333,0.4782608695652174,1.0,0.6816176470588236,0.7905263157894737
4749,Tampa,Median Age,zip,9509,Feat-RGNN,9,1.0,0.38095238095238093,0.34782608695652173,1.0,0.6679411764705883,0.6708771929824561
4750,Tampa,Median Age,zip,9509,Feat\&PC-RGNN,0,1.0,0.23809523809523808,0.43478260869565216,1.0,0.5752941176470588,0.7029824561403508
4751,Tampa,Median Age,zip,9509,Feat\&PC-RGNN,1,1.0,0.5238095238095238,0.34782608695652173,1.0,0.6752941176470588,0.6915789473684211
4752,Tampa,Median Age,zip,9509,Feat\&PC-RGNN,2,1.0,0.19047619047619047,0.43478260869565216,1.0,0.534264705882353,0.6926900584795321
4753,Tampa,Median Age,zip,9509,Feat\&PC-RGNN,3,1.0,0.23809523809523808,0.4782608695652174,1.0,0.5780882352941175,0.8400584795321638
4754,Tampa,Median Age,zip,9509,Feat\&PC-RGNN,4,1.0,0.3333333333333333,0.34782608695652173,1.0,0.6526470588235294,0.7098245614035088
4755,Tampa,Median Age,zip,9509,Feat\&PC-RGNN,5,1.0,0.42857142857142855,0.34782608695652173,1.0,0.7308823529411764,0.7145029239766082
4756,Tampa,Median Age,zip,9509,Feat\&PC-RGNN,6,1.0,0.42857142857142855,0.17391304347826086,1.0,0.8119117647058823,0.6205263157894737
4757,Tampa,Median Age,zip,9509,Feat\&PC-RGNN,7,1.0,0.2857142857142857,0.391304347826087,1.0,0.6577941176470588,0.6871345029239767
4758,Tampa,Median Age,zip,9509,Feat\&PC-RGNN,8,1.0,0.2857142857142857,0.5217391304347826,1.0,0.6849999999999999,0.7511111111111111
4759,Tampa,Median Age,zip,9509,Feat\&PC-RGNN,9,1.0,0.23809523809523808,0.34782608695652173,1.0,0.5808823529411764,0.6605263157894736
4760,Tampa,Median Age,zip,9509,LightGCN,0,1.0,0.38095238095238093,0.43478260869565216,1.0,0.5927941176470588,0.7423391812865496
4761,Tampa,Median Age,zip,9509,LightGCN,1,1.0,0.42857142857142855,0.391304347826087,1.0,0.7535294117647059,0.7868421052631579
4762,Tampa,Median Age,zip,9509,LightGCN,2,1.0,0.2857142857142857,0.391304347826087,1.0,0.5780882352941176,0.6995321637426901
4763,Tampa,Median Age,zip,9509,LightGCN,3,1.0,0.3333333333333333,0.391304347826087,1.0,0.6154411764705882,0.6984795321637427
4764,Tampa,Median Age,zip,9509,LightGCN,4,1.0,0.23809523809523808,0.5217391304347826,1.0,0.6485294117647058,0.8257309941520468
4765,Tampa,Median Age,zip,9509,LightGCN,5,1.0,0.38095238095238093,0.5217391304347826,1.0,0.7070588235294117,0.8115204678362573
4766,Tampa,Median Age,zip,9509,LightGCN,6,1.0,0.5714285714285714,0.2608695652173913,1.0,0.8245588235294117,0.6637426900584795
4767,Tampa,Median Age,zip,9509,LightGCN,7,1.0,0.42857142857142855,0.43478260869565216,1.0,0.6663235294117646,0.762280701754386
4768,Tampa,Median Age,zip,9509,LightGCN,8,1.0,0.38095238095238093,0.43478260869565216,1.0,0.7117647058823529,0.7626315789473684
4769,Tampa,Median Age,zip,9509,LightGCN,9,1.0,0.38095238095238093,0.30434782608695654,1.0,0.6317647058823529,0.7041520467836258
4770,Tampa,Median Age,zip,9509,Feat-LightGCN,0,1.0,0.19047619047619047,0.4782608695652174,1.0,0.6116176470588235,0.7991228070175438
4771,Tampa,Median Age,zip,9509,Feat-LightGCN,1,1.0,0.5714285714285714,0.5652173913043478,1.0,0.8058823529411765,0.8073099415204679
4772,Tampa,Median Age,zip,9509,Feat-LightGCN,2,1.0,0.38095238095238093,0.5217391304347826,1.0,0.5822058823529411,0.783859649122807
4773,Tampa,Median Age,zip,9509,Feat-LightGCN,3,1.0,0.38095238095238093,0.4782608695652174,1.0,0.7392647058823527,0.7363157894736843
4774,Tampa,Median Age,zip,9509,Feat-LightGCN,4,1.0,0.42857142857142855,0.6086956521739131,1.0,0.7511764705882352,0.8239181286549707
4775,Tampa,Median Age,zip,9509,Feat-LightGCN,5,1.0,0.5238095238095238,0.5217391304347826,1.0,0.7320588235294118,0.8074853801169593
4776,Tampa,Median Age,zip,9509,Feat-LightGCN,6,1.0,0.5714285714285714,0.34782608695652173,1.0,0.8048529411764704,0.6976608187134503
4777,Tampa,Median Age,zip,9509,Feat-LightGCN,7,1.0,0.47619047619047616,0.43478260869565216,1.0,0.7899999999999999,0.7336257309941521
4778,Tampa,Median Age,zip,9509,Feat-LightGCN,8,1.0,0.3333333333333333,0.5652173913043478,1.0,0.690735294117647,0.8072514619883041
4779,Tampa,Median Age,zip,9509,Feat-LightGCN,9,1.0,0.23809523809523808,0.391304347826087,1.0,0.5638235294117646,0.7332748538011695
4780,Tampa,Median Age,zip,9509,Feat\&PC-LightGCN,0,1.0,0.19047619047619047,0.43478260869565216,1.0,0.4576470588235294,0.7521052631578947
4781,Tampa,Median Age,zip,9509,Feat\&PC-LightGCN,1,1.0,0.38095238095238093,0.13043478260869565,1.0,0.6741176470588235,0.4965497076023392
4782,Tampa,Median Age,zip,9509,Feat\&PC-LightGCN,2,1.0,0.2857142857142857,0.391304347826087,1.0,0.5679411764705883,0.7365497076023393
4783,Tampa,Median Age,zip,9509,Feat\&PC-LightGCN,3,1.0,0.38095238095238093,0.43478260869565216,1.0,0.6997058823529412,0.6647368421052631
4784,Tampa,Median Age,zip,9509,Feat\&PC-LightGCN,4,1.0,0.14285714285714285,0.4782608695652174,1.0,0.5460294117647059,0.834795321637427
4785,Tampa,Median Age,zip,9509,Feat\&PC-LightGCN,5,1.0,0.47619047619047616,0.391304347826087,1.0,0.7014705882352941,0.6990058479532164
4786,Tampa,Median Age,zip,9509,Feat\&PC-LightGCN,6,1.0,0.3333333333333333,0.21739130434782608,1.0,0.7202941176470589,0.5023391812865498
4787,Tampa,Median Age,zip,9509,Feat\&PC-LightGCN,7,1.0,0.38095238095238093,0.391304347826087,1.0,0.6833823529411764,0.7355555555555555
4788,Tampa,Median Age,zip,9509,Feat\&PC-LightGCN,8,1.0,0.42857142857142855,0.30434782608695654,1.0,0.7383823529411764,0.6212865497076023
4789,Tampa,Median Age,zip,9509,Feat\&PC-LightGCN,9,1.0,0.19047619047619047,0.2608695652173913,1.0,0.5647058823529413,0.7329239766081872
4790,Tampa,Median Age,zip,9509,NoPreTrain,0,1.0,0.14285714285714285,0.17391304347826086,1.0,0.44794117647058823,0.4901169590643274
4791,Tampa,Median Age,zip,9509,NoPreTrain,1,1.0,0.3333333333333333,0.34782608695652173,1.0,0.5705882352941176,0.508421052631579
4792,Tampa,Median Age,zip,9509,NoPreTrain,2,1.0,0.19047619047619047,0.21739130434782608,1.0,0.471764705882353,0.5369590643274854
4793,Tampa,Median Age,zip,9509,NoPreTrain,3,1.0,0.19047619047619047,0.21739130434782608,1.0,0.4601470588235294,0.4518713450292398
4794,Tampa,Median Age,zip,9509,NoPreTrain,4,1.0,0.09523809523809523,0.17391304347826086,1.0,0.5545588235294118,0.5232163742690059
4795,Tampa,Median Age,zip,9509,NoPreTrain,5,1.0,0.14285714285714285,0.08695652173913043,1.0,0.5526470588235295,0.49684210526315786
4796,Tampa,Median Age,zip,9509,NoPreTrain,6,1.0,0.14285714285714285,0.17391304347826086,1.0,0.4816176470588235,0.3844444444444445
4797,Tampa,Median Age,zip,9509,NoPreTrain,7,1.0,0.2857142857142857,0.13043478260869565,1.0,0.5226470588235295,0.3863742690058479
4798,Tampa,Median Age,zip,9509,NoPreTrain,8,1.0,0.14285714285714285,0.21739130434782608,1.0,0.4798529411764706,0.49023391812865497
4799,Tampa,Median Age,zip,9509,NoPreTrain,9,1.0,0.19047619047619047,0.13043478260869565,1.0,0.4951470588235294,0.507485380116959
