,urban_area,target_variable,target_entity,num_datapoints,model_embeddings,trial,train_f1,val_f1,test_f1,train_score,val_score,test_score
0,Philadelphia,Median Income,bg,29555,Emb,0,0.9780805687203792,0.7198581560283688,0.6826241134751773,0.9965241122167068,0.7730999446707911,0.7525275388561943
1,Philadelphia,Median Income,bg,29555,Emb,1,0.9816350710900474,0.6737588652482269,0.7056737588652482,0.9982957480739426,0.7351994366480558,0.7799154972083899
2,Philadelphia,Median Income,bg,29555,Emb,2,0.9875592417061612,0.700354609929078,0.6985815602836879,0.9988011275577817,0.7474032996328154,0.7719807856747649
3,Philadelphia,Median Income,bg,29555,Emb,3,0.9899289099526066,0.6932624113475178,0.700354609929078,0.9980332315087261,0.772905034958,0.7575197424676827
4,Philadelphia,Median Income,bg,29555,Emb,4,0.9804502369668247,0.6843971631205674,0.7109929078014184,0.9987379551223018,0.7388461345002766,0.7663661284643629
5,Philadelphia,Median Income,bg,29555,Emb,5,0.9816350710900474,0.6968085106382979,0.675531914893617,0.9965746501650907,0.7450077963885117,0.72358030280167
6,Philadelphia,Median Income,bg,29555,Emb,6,0.9887440758293838,0.6985815602836879,0.700354609929078,0.9991619123559667,0.7719807856747648,0.7594751270056838
7,Philadelphia,Median Income,bg,29555,Emb,7,0.9863744075829384,0.7039007092198581,0.7198581560283688,0.9988390310190698,0.7645113424878024,0.7594939892359539
8,Philadelphia,Median Income,bg,29555,Emb,8,0.9875592417061612,0.6843971631205674,0.6985815602836879,0.9992075368927024,0.7389718827020775,0.7549796287913083
9,Philadelphia,Median Income,bg,29555,Emb,9,0.9822274881516587,0.6968085106382979,0.6861702127659575,0.9993065070416208,0.7544074744731151,0.7385946380966752
10,Philadelphia,Median Income,bg,29555,RGNN,0,0.7197867298578199,0.6719858156028369,0.6702127659574468,0.8469275735046382,0.8031160404406217,0.7872969166540918
11,Philadelphia,Median Income,bg,29555,RGNN,1,0.7600710900473934,0.6897163120567376,0.7287234042553191,0.8412420543114486,0.7587143503847895,0.8135657160102611
12,Philadelphia,Median Income,bg,29555,RGNN,2,0.7328199052132701,0.7145390070921985,0.7056737588652482,0.805763010714045,0.7673658266686787,0.7956591720738394
13,Philadelphia,Median Income,bg,29555,RGNN,3,0.7268957345971564,0.7198581560283688,0.6897163120567376,0.8205537836077357,0.7962753382626628,0.7690760022131683
14,Philadelphia,Median Income,bg,29555,RGNN,4,0.7648104265402843,0.675531914893617,0.7269503546099291,0.8535705060533232,0.750176047482521,0.8053166339721343
15,Philadelphia,Median Income,bg,29555,RGNN,5,0.7671800947867299,0.6773049645390071,0.7021276595744681,0.8468770355562543,0.755457471958151,0.7724083295608875
16,Philadelphia,Median Income,bg,29555,RGNN,6,0.7387440758293838,0.6843971631205674,0.6985815602836879,0.818589822780261,0.7582616568583068,0.7369976359338062
17,Philadelphia,Median Income,bg,29555,RGNN,7,0.7624407582938388,0.7163120567375887,0.723404255319149,0.8412209968329553,0.7855993159297822,0.773778984960515
18,Philadelphia,Median Income,bg,29555,RGNN,8,0.7748815165876777,0.6914893617021277,0.7198581560283688,0.8482008490375328,0.771842462652784,0.7817639957748606
19,Philadelphia,Median Income,bg,29555,RGNN,9,0.7819905213270142,0.6719858156028369,0.6737588652482269,0.8671567911771972,0.7344197977968915,0.7311251949097128
20,Philadelphia,Median Income,bg,29555,Feat-RGNN,0,0.6226303317535545,0.5975177304964538,0.5833333333333334,0.8294990004716876,0.7967280317891454,0.7725215029425079
21,Philadelphia,Median Income,bg,29555,Feat-RGNN,1,0.7582938388625592,0.6879432624113475,0.7464539007092199,0.846096505020103,0.7602987777274786,0.7942382173934913
22,Philadelphia,Median Income,bg,29555,Feat-RGNN,2,0.7411137440758294,0.675531914893617,0.6985815602836879,0.8452963208373577,0.7476233589859665,0.7785699914491223
23,Philadelphia,Median Income,bg,29555,Feat-RGNN,3,0.7541469194312796,0.7127659574468085,0.6843971631205674,0.84761264347162,0.7820154921784618,0.7457119863185957
24,Philadelphia,Median Income,bg,29555,Feat-RGNN,4,0.75,0.6861702127659575,0.7127659574468085,0.8326660452370791,0.7502514964036013,0.798928625320658
25,Philadelphia,Median Income,bg,29555,Feat-RGNN,5,0.754739336492891,0.6648936170212766,0.6897163120567376,0.8336655735495608,0.7420401388260147,0.7673909763090387
26,Philadelphia,Median Income,bg,29555,Feat-RGNN,6,0.7582938388625592,0.6932624113475178,0.700354609929078,0.8364395453830776,0.7645239173079825,0.7564131582918365
27,Philadelphia,Median Income,bg,29555,Feat-RGNN,7,0.7494075829383886,0.7056737588652482,0.675531914893617,0.8341751645290986,0.7787963382123636,0.7425682812735777
28,Philadelphia,Median Income,bg,29555,Feat-RGNN,8,0.7422985781990521,0.6861702127659575,0.6648936170212766,0.8542148648952181,0.78168854685378,0.7708239022181983
29,Philadelphia,Median Income,bg,29555,Feat-RGNN,9,0.7618483412322274,0.6914893617021277,0.6914893617021277,0.841743222299589,0.7625496705397113,0.7406569086062069
30,Philadelphia,Median Income,bg,29555,Feat\&PC-RGNN,0,0.7902843601895735,0.725177304964539,0.7056737588652482,0.8650103322027808,0.7727352748855691,0.7821915396609829
31,Philadelphia,Median Income,bg,29555,Feat\&PC-RGNN,1,0.7636255924170616,0.6932624113475178,0.7340425531914894,0.8360043574942161,0.7572053719631808,0.7820657914591821
32,Philadelphia,Median Income,bg,29555,Feat\&PC-RGNN,2,0.7565165876777251,0.700354609929078,0.7039007092198581,0.8397764538083151,0.7551053769931091,0.795231628187717
33,Philadelphia,Median Income,bg,29555,Feat\&PC-RGNN,3,0.7624407582938388,0.7304964539007093,0.6790780141843972,0.8562335751667752,0.8014435893566723,0.7343694985161712
34,Philadelphia,Median Income,bg,29555,Feat\&PC-RGNN,4,0.7488151658767772,0.6471631205673759,0.6808510638297872,0.8467310370387009,0.7451209697701323,0.7761933504350889
35,Philadelphia,Median Income,bg,29555,Feat\&PC-RGNN,5,0.7671800947867299,0.6719858156028369,0.700354609929078,0.8552424698456907,0.7575574669282229,0.7771238871284141
36,Philadelphia,Median Income,bg,29555,Feat\&PC-RGNN,6,0.7411137440758294,0.6826241134751773,0.6666666666666666,0.8319121875070191,0.7591796187314522,0.7469694683366028
37,Philadelphia,Median Income,bg,29555,Feat\&PC-RGNN,7,0.7541469194312796,0.6790780141843972,0.6879432624113475,0.8469402079917342,0.7420275640058347,0.7757155072682461
38,Philadelphia,Median Income,bg,29555,Feat\&PC-RGNN,8,0.7671800947867299,0.7180851063829787,0.7163120567375887,0.8454212618764179,0.7767969418037322,0.7777526281374175
39,Philadelphia,Median Income,bg,29555,Feat\&PC-RGNN,9,0.7654028436018957,0.7092198581560284,0.6826241134751773,0.839676781743447,0.7563754338312962,0.7305719028217896
40,Philadelphia,Median Income,bg,29555,LightGCN,0,0.8590047393364929,0.7269503546099291,0.6950354609929078,0.9419487432896836,0.7970675519340074,0.7741562295659172
41,Philadelphia,Median Income,bg,29555,LightGCN,1,0.8773696682464455,0.6950354609929078,0.74822695035461,0.9525954044158936,0.768308938182184,0.8144333786026859
42,Philadelphia,Median Income,bg,29555,LightGCN,2,0.8518957345971564,0.700354609929078,0.7198581560283688,0.9430690011455267,0.7729741964689906,0.8105729088074042
43,Philadelphia,Median Income,bg,29555,LightGCN,3,0.8536729857819905,0.7269503546099291,0.6773049645390071,0.9390343882662116,0.7964262361048238,0.7562999849102159
44,Philadelphia,Median Income,bg,29555,LightGCN,4,0.856042654028436,0.6702127659574468,0.7109929078014184,0.9464283708811572,0.7667748101202153,0.8053040591519541
45,Philadelphia,Median Income,bg,29555,LightGCN,5,0.856042654028436,0.7039007092198581,0.6843971631205674,0.9308837402574067,0.7802298677128916,0.7564634575725566
46,Philadelphia,Median Income,bg,29555,LightGCN,6,0.8773696682464455,0.700354609929078,0.7074468085106383,0.9447220132072505,0.775552034605905,0.7793119058397464
47,Philadelphia,Median Income,bg,29555,LightGCN,7,0.8684834123222749,0.7127659574468085,0.723404255319149,0.9369637362143708,0.7741059302851969,0.7883406267290378
48,Philadelphia,Median Income,bg,29555,LightGCN,8,0.8133886255924171,0.6950354609929078,0.7163120567375887,0.9277405606343074,0.782556209446205,0.7861651828378854
49,Philadelphia,Median Income,bg,29555,LightGCN,9,0.8785545023696683,0.6702127659574468,0.6950354609929078,0.9455593989353339,0.7451335445903124,0.747208389920024
50,Philadelphia,Median Income,bg,29555,Feat-LightGCN,0,0.9069905213270142,0.7039007092198581,0.6985815602836879,0.973803092922441,0.7940998943715105,0.763920325939339
51,Philadelphia,Median Income,bg,29555,Feat-LightGCN,1,0.9034360189573459,0.6950354609929078,0.7624113475177305,0.968448878057546,0.7760173029525678,0.8171746894019415
52,Philadelphia,Median Income,bg,29555,Feat-LightGCN,2,0.9040284360189573,0.7216312056737588,0.6968085106382979,0.9647568001617214,0.7818268698757609,0.7861651828378854
53,Philadelphia,Median Income,bg,29555,Feat-LightGCN,3,0.9052132701421801,0.7464539007092199,0.7216312056737588,0.960724994946205,0.7998717368341632,0.7860017101755445
54,Philadelphia,Median Income,bg,29555,Feat-LightGCN,4,0.92239336492891,0.7092198581560284,0.7535460992907801,0.9788975988859189,0.7759544288516674,0.8095417735526381
55,Philadelphia,Median Income,bg,29555,Feat-LightGCN,5,0.8957345971563981,0.7109929078014184,0.6968085106382979,0.9648480492351925,0.7785574166289422,0.7631029626276344
56,Philadelphia,Median Income,bg,29555,Feat-LightGCN,6,0.9324644549763034,0.7322695035460993,0.7411347517730497,0.97722984658925,0.7849831497409586,0.7929304360947638
57,Philadelphia,Median Income,bg,29555,Feat-LightGCN,7,0.9259478672985783,0.74822695035461,0.7446808510638298,0.972967812942207,0.7929178612745837,0.7976837181228308
58,Philadelphia,Median Income,bg,29555,Feat-LightGCN,8,0.9123222748815166,0.725177304964539,0.74822695035461,0.9675420026504346,0.7909058900457724,0.8025878979930586
59,Philadelphia,Median Income,bg,29555,Feat-LightGCN,9,0.9235781990521327,0.7127659574468085,0.7109929078014184,0.9787319467217717,0.7877244605402143,0.7831598008148484
60,Philadelphia,Median Income,bg,29555,Feat\&PC-LightGCN,0,0.9312796208530806,0.7216312056737588,0.6950354609929078,0.979915377013095,0.7839142900256526,0.7578655500226347
61,Philadelphia,Median Income,bg,29555,Feat\&PC-LightGCN,1,0.9484597156398105,0.6861702127659575,0.723404255319149,0.9895709328182206,0.7627445802525024,0.7900885267340678
62,Philadelphia,Median Income,bg,29555,Feat\&PC-LightGCN,2,0.9377962085308057,0.7180851063829787,0.7056737588652482,0.9848091350149368,0.7744391630199687,0.7826819576480056
63,Philadelphia,Median Income,bg,29555,Feat\&PC-LightGCN,3,0.9241706161137441,0.7358156028368794,0.6968085106382979,0.9834221490981784,0.8105854836275842,0.7686987576077662
64,Philadelphia,Median Income,bg,29555,Feat\&PC-LightGCN,4,0.9449052132701422,0.6826241134751773,0.7322695035460993,0.990813324049325,0.7560862129671546,0.812490568884865
65,Philadelphia,Median Income,bg,29555,Feat\&PC-LightGCN,5,0.9585308056872038,0.725177304964539,0.6932624113475178,0.9934567395161834,0.7853478195261807,0.7671143302650772
66,Philadelphia,Median Income,bg,29555,Feat\&PC-LightGCN,6,0.957345971563981,0.7180851063829787,0.7163120567375887,0.990681363850767,0.7781047231024596,0.7837319551330415
67,Philadelphia,Median Income,bg,29555,Feat\&PC-LightGCN,7,0.9425355450236966,0.6897163120567376,0.7464539007092199,0.9892396284899261,0.7707798903475679,0.8084163271465218
68,Philadelphia,Median Income,bg,29555,Feat\&PC-LightGCN,8,0.9543838862559242,0.7358156028368794,0.7322695035460993,0.9884815592641675,0.7911573864493737,0.8025564609426086
69,Philadelphia,Median Income,bg,29555,Feat\&PC-LightGCN,9,0.957345971563981,0.7021276595744681,0.7056737588652482,0.9875704723613574,0.7688936673205573,0.7620215280921483
70,Philadelphia,Median Income,bg,29555,NoPreTrain,0,0.9644549763033176,0.7092198581560284,0.6897163120567376,0.995128703308551,0.767441275589759,0.7546023841859062
71,Philadelphia,Median Income,bg,29555,NoPreTrain,1,0.9863744075829384,0.6826241134751773,0.6843971631205674,0.9991183935670807,0.7270006538906493,0.7515592777023289
72,Philadelphia,Median Income,bg,29555,NoPreTrain,2,0.5,0.5,0.5,0.5186021765009772,0.5389127810472311,0.4799117247623359
73,Philadelphia,Median Income,bg,29555,NoPreTrain,3,0.9774881516587678,0.6914893617021277,0.6914893617021277,0.9978086184047977,0.7496479050349578,0.7457371359589556
74,Philadelphia,Median Income,bg,29555,NoPreTrain,4,0.9887440758293838,0.6968085106382979,0.7109929078014184,0.9993317760158128,0.7398898445752227,0.7671269050852574
75,Philadelphia,Median Income,bg,29555,NoPreTrain,5,0.9715639810426541,0.7074468085106383,0.6524822695035462,0.9969564924417691,0.7444419294804085,0.7223102459634827
76,Philadelphia,Median Income,bg,29555,NoPreTrain,6,0.9816350710900474,0.6879432624113475,0.7021276595744681,0.9987856854068866,0.7169659473869525,0.7572933957044413
77,Philadelphia,Median Income,bg,29555,NoPreTrain,7,0.9484597156398105,0.7039007092198581,0.6985815602836879,0.988457694121875,0.7566898043357979,0.7575071676475027
78,Philadelphia,Median Income,bg,29555,NoPreTrain,8,0.9976303317535545,0.675531914893617,0.7074468085106383,0.9999831540172054,0.7334892611035662,0.7530682561239375
79,Philadelphia,Median Income,bg,29555,NoPreTrain,9,0.9828199052132701,0.6595744680851063,0.6666666666666666,0.9989850295366232,0.720776117901514,0.7239826970474322
80,Philadelphia,Median Home Value,bg,29566,Emb,0,0.9988235294117647,0.8221830985915493,0.8186619718309859,0.9995211072664358,0.8939508530053561,0.8701646498710575
81,Philadelphia,Median Home Value,bg,29566,Emb,1,1.0,0.7975352112676056,0.8098591549295775,1.0,0.8637051180321365,0.8772564967268399
82,Philadelphia,Median Home Value,bg,29566,Emb,2,0.9958823529411764,0.7852112676056338,0.7904929577464789,0.999759169550173,0.862676056338028,0.8661599880975998
83,Philadelphia,Median Home Value,bg,29566,Emb,3,0.9982352941176471,0.7693661971830986,0.7975352112676056,0.9989660899653979,0.8509906268597501,0.8693401606824042
84,Philadelphia,Median Home Value,bg,29566,Emb,4,0.9994117647058823,0.8133802816901409,0.8186619718309859,0.9989854671280276,0.8787133009323548,0.8742189049791708
85,Philadelphia,Median Home Value,bg,29566,Emb,5,0.9958823529411764,0.8169014084507042,0.8098591549295775,0.9989965397923876,0.880325084308669,0.8873611386629637
86,Philadelphia,Median Home Value,bg,29566,Emb,6,0.9982352941176471,0.8133802816901409,0.8133802816901409,0.9991778546712803,0.8936222971632614,0.8745474608212656
87,Philadelphia,Median Home Value,bg,29566,Emb,7,0.9988235294117647,0.778169014084507,0.7816901408450704,1.0,0.8796803709581432,0.8775478575679428
88,Philadelphia,Median Home Value,bg,29566,Emb,8,1.0,0.8221830985915493,0.801056338028169,1.0,0.894242213846459,0.8701646498710573
89,Philadelphia,Median Home Value,bg,29566,Emb,9,0.9988235294117647,0.8028169014084507,0.795774647887324,0.999678892733564,0.8887063578655029,0.8803188851418369
90,Philadelphia,Median Home Value,bg,29566,RGNN,0,0.8570588235294118,0.8080985915492958,0.7852112676056338,0.941031141868512,0.8958415988891094,0.8765249950406665
91,Philadelphia,Median Home Value,bg,29566,RGNN,1,0.8241176470588235,0.7940140845070423,0.7658450704225352,0.9165148788927335,0.8675981948026186,0.8609154929577465
92,Philadelphia,Median Home Value,bg,29566,RGNN,2,0.8588235294117647,0.8045774647887324,0.7975352112676056,0.9285771626297576,0.8816951001785359,0.879488196786352
93,Philadelphia,Median Home Value,bg,29566,RGNN,3,0.86,0.7746478873239436,0.8063380281690141,0.9328996539792388,0.8548527077960723,0.8944653838524103
94,Philadelphia,Median Home Value,bg,29566,RGNN,4,0.8488235294117648,0.7992957746478874,0.7922535211267606,0.9253480968858131,0.8743800833168023,0.8778144217417179
95,Philadelphia,Median Home Value,bg,29566,RGNN,5,0.8676470588235294,0.8345070422535211,0.8116197183098591,0.9301743944636679,0.9113023209680619,0.8857121602856577
96,Philadelphia,Median Home Value,bg,29566,RGNN,6,0.8605882352941177,0.7764084507042254,0.8045774647887324,0.9359667820069203,0.8665195397738545,0.8697679031938108
97,Philadelphia,Median Home Value,bg,29566,RGNN,7,0.8641176470588235,0.8221830985915493,0.8309859154929577,0.9411141868512111,0.8927048204721284,0.90236312239635
98,Philadelphia,Median Home Value,bg,29566,RGNN,8,0.8429411764705882,0.7887323943661971,0.7429577464788732,0.9440802768166091,0.8966970839119222,0.8701522515373933
99,Philadelphia,Median Home Value,bg,29566,RGNN,9,0.8541176470588235,0.8080985915492958,0.801056338028169,0.9188359861591693,0.8815339218409046,0.877516861733783
100,Philadelphia,Median Home Value,bg,29566,Feat-RGNN,0,0.8605882352941177,0.8186619718309859,0.7816901408450704,0.9544761245674741,0.9087792600674469,0.8796989684586392
101,Philadelphia,Median Home Value,bg,29566,Feat-RGNN,1,0.8823529411764706,0.801056338028169,0.772887323943662,0.955840830449827,0.8821042451894465,0.8704622098789924
102,Philadelphia,Median Home Value,bg,29566,Feat-RGNN,2,0.7964705882352942,0.7658450704225352,0.7834507042253521,0.8933702422145329,0.8745908549890895,0.8779879984130133
103,Philadelphia,Median Home Value,bg,29566,Feat-RGNN,3,0.8541176470588235,0.7764084507042254,0.7904929577464789,0.9346685121107267,0.8658996230906566,0.8740949216425312
104,Philadelphia,Median Home Value,bg,29566,Feat-RGNN,4,0.8323529411764706,0.7940140845070423,0.8133802816901409,0.9321411764705883,0.8871379686570124,0.891787343780996
105,Philadelphia,Median Home Value,bg,29566,Feat-RGNN,5,0.8658823529411764,0.8133802816901409,0.8080985915492958,0.9350588235294116,0.9088350525689347,0.8846211069232296
106,Philadelphia,Median Home Value,bg,29566,Feat-RGNN,6,0.8688235294117647,0.7852112676056338,0.8133802816901409,0.9431709342560554,0.8785955167625472,0.8949241221979767
107,Philadelphia,Median Home Value,bg,29566,Feat-RGNN,7,0.8429411764705882,0.801056338028169,0.7992957746478874,0.9371570934256055,0.8931883554850228,0.8932503471533425
108,Philadelphia,Median Home Value,bg,29566,Feat-RGNN,8,0.8588235294117647,0.795774647887324,0.7852112676056338,0.9321425605536332,0.8883158103550883,0.8764258083713549
109,Philadelphia,Median Home Value,bg,29566,Feat-RGNN,9,0.87,0.7834507042253521,0.7799295774647887,0.9379003460207613,0.8795005951200159,0.8713920849037889
110,Philadelphia,Median Home Value,bg,29566,Feat\&PC-RGNN,0,0.841764705882353,0.8063380281690141,0.8063380281690141,0.926638062283737,0.892878397143424,0.8912294187661178
111,Philadelphia,Median Home Value,bg,29566,Feat\&PC-RGNN,1,0.8305882352941176,0.7869718309859155,0.8045774647887324,0.9270062283737024,0.8821786351914302,0.8855757786153541
112,Philadelphia,Median Home Value,bg,29566,Feat\&PC-RGNN,2,0.8805882352941177,0.7992957746478874,0.795774647887324,0.9492968858131486,0.8826745685379885,0.8873983336639556
113,Philadelphia,Median Home Value,bg,29566,Feat\&PC-RGNN,3,0.8852941176470588,0.8098591549295775,0.8169014084507042,0.9558463667820071,0.8924072604641935,0.8890225153739338
114,Philadelphia,Median Home Value,bg,29566,Feat\&PC-RGNN,4,0.8476470588235294,0.7887323943661971,0.8098591549295775,0.9343501730103807,0.8742932949811546,0.8977261456060306
115,Philadelphia,Median Home Value,bg,29566,Feat\&PC-RGNN,5,0.8641176470588235,0.829225352112676,0.7869718309859155,0.9373730103806228,0.8962879389010119,0.8721359849236263
116,Philadelphia,Median Home Value,bg,29566,Feat\&PC-RGNN,6,0.8458823529411764,0.8169014084507042,0.8116197183098591,0.9337134948096885,0.8826373735369967,0.8751983733386233
117,Philadelphia,Median Home Value,bg,29566,Feat\&PC-RGNN,7,0.8358823529411765,0.795774647887324,0.8221830985915493,0.9267266435986158,0.8897416187264432,0.9067025391787344
118,Philadelphia,Median Home Value,bg,29566,Feat\&PC-RGNN,8,0.86,0.8186619718309859,0.8028169014084507,0.9356775086505189,0.8997594723269193,0.8825505852013491
119,Philadelphia,Median Home Value,bg,29566,Feat\&PC-RGNN,9,0.8841176470588236,0.8045774647887324,0.7799295774647887,0.9521356401384083,0.8898656020630827,0.8766861733782979
120,Philadelphia,Median Home Value,bg,29566,LightGCN,0,0.9447058823529412,0.8450704225352113,0.7975352112676056,0.9871640138408305,0.9227583812735568,0.8918803312834755
121,Philadelphia,Median Home Value,bg,29566,LightGCN,1,0.9458823529411765,0.846830985915493,0.8186619718309859,0.9870159169550173,0.8975029756000793,0.8955068438801825
122,Philadelphia,Median Home Value,bg,29566,LightGCN,2,0.9394117647058824,0.7975352112676056,0.7904929577464789,0.9818768166089966,0.8803746776433247,0.8994247173179925
123,Philadelphia,Median Home Value,bg,29566,LightGCN,3,0.9235294117647059,0.7869718309859155,0.8045774647887324,0.9835695501730103,0.8835920452291212,0.9032310057528269
124,Philadelphia,Median Home Value,bg,29566,LightGCN,4,0.9241176470588235,0.8080985915492958,0.8151408450704225,0.9773439446366782,0.9005529656814124,0.9010860940289626
125,Philadelphia,Median Home Value,bg,29566,LightGCN,5,0.9323529411764706,0.8257042253521126,0.8133802816901409,0.9773342560553633,0.8963747272366595,0.8989597798055942
126,Philadelphia,Median Home Value,bg,29566,LightGCN,6,0.9276470588235294,0.8080985915492958,0.8221830985915493,0.9813404844290657,0.8960523705613965,0.903974905772664
127,Philadelphia,Median Home Value,bg,29566,LightGCN,7,0.9252941176470588,0.8362676056338029,0.8204225352112676,0.9805923875432526,0.9169559611188256,0.9152697877405276
128,Philadelphia,Median Home Value,bg,29566,LightGCN,8,0.9405882352941176,0.8169014084507042,0.8186619718309859,0.9847377162629758,0.9059090458242411,0.8992139456457053
129,Philadelphia,Median Home Value,bg,29566,LightGCN,9,0.9376470588235294,0.795774647887324,0.8080985915492958,0.9851404844290658,0.8802134993056933,0.8954324538781988
130,Philadelphia,Median Home Value,bg,29566,Feat-LightGCN,0,0.9805882352941176,0.8433098591549296,0.8151408450704225,0.9962449826989619,0.9362849633009324,0.8876091053362428
131,Philadelphia,Median Home Value,bg,29566,Feat-LightGCN,1,0.9894117647058823,0.8257042253521126,0.8204225352112676,0.9992941176470588,0.9062685975004959,0.9033549890894663
132,Philadelphia,Median Home Value,bg,29566,Feat-LightGCN,2,0.9747058823529412,0.8098591549295775,0.8257042253521126,0.9961716262975778,0.8925932354691529,0.9033859849236263
133,Philadelphia,Median Home Value,bg,29566,Feat-LightGCN,3,0.9694117647058823,0.8063380281690141,0.8450704225352113,0.9941024221453286,0.898693215631819,0.9199811545328308
134,Philadelphia,Median Home Value,bg,29566,Feat-LightGCN,4,0.9723529411764706,0.8309859154929577,0.829225352112676,0.9960346020761246,0.9067955266812141,0.8988295973021225
135,Philadelphia,Median Home Value,bg,29566,Feat-LightGCN,5,0.9641176470588235,0.8309859154929577,0.829225352112676,0.9926726643598617,0.9073162566951003,0.9106452092838723
136,Philadelphia,Median Home Value,bg,29566,Feat-LightGCN,6,0.9770588235294118,0.8397887323943662,0.8327464788732394,0.9968539792387543,0.9173527077960721,0.908748264233287
137,Philadelphia,Median Home Value,bg,29566,Feat-LightGCN,7,0.9552941176470588,0.8327464788732394,0.829225352112676,0.9914740484429067,0.9088784467367585,0.9081655425510811
138,Philadelphia,Median Home Value,bg,29566,Feat-LightGCN,8,0.9829411764705882,0.8450704225352113,0.829225352112676,0.998722491349481,0.9144576968855387,0.9031194207498512
139,Philadelphia,Median Home Value,bg,29566,Feat-LightGCN,9,0.9688235294117648,0.8045774647887324,0.8380281690140845,0.9953826989619375,0.8986250247966674,0.9004785756794287
140,Philadelphia,Median Home Value,bg,29566,Feat\&PC-LightGCN,0,0.9964705882352941,0.8609154929577465,0.8186619718309859,0.9998948096885812,0.9290691331085101,0.8962197480658599
141,Philadelphia,Median Home Value,bg,29566,Feat\&PC-LightGCN,1,0.98,0.8169014084507042,0.8362676056338029,0.9985730103806228,0.9045142332870463,0.9087916584011109
142,Philadelphia,Median Home Value,bg,29566,Feat\&PC-LightGCN,2,0.9864705882352941,0.8133802816901409,0.8186619718309859,0.9979778546712803,0.8923700654632019,0.9021709482245587
143,Philadelphia,Median Home Value,bg,29566,Feat\&PC-LightGCN,3,0.9858823529411764,0.8221830985915493,0.8186619718309859,0.999042214532872,0.9131868676849831,0.9086924717317992
144,Philadelphia,Median Home Value,bg,29566,Feat\&PC-LightGCN,4,0.9870588235294118,0.852112676056338,0.8345070422535211,0.9978242214532872,0.9217727137472724,0.9143833068835547
145,Philadelphia,Median Home Value,bg,29566,Feat\&PC-LightGCN,5,0.9888235294117647,0.829225352112676,0.8397887323943662,0.9994505190311418,0.9132426601864709,0.9197951795278715
146,Philadelphia,Median Home Value,bg,29566,Feat\&PC-LightGCN,6,0.981764705882353,0.8503521126760564,0.8345070422535211,0.9983806228373702,0.9139431660384845,0.9054875024796667
147,Philadelphia,Median Home Value,bg,29566,Feat\&PC-LightGCN,7,0.9841176470588235,0.8380281690140845,0.846830985915493,0.9990726643598616,0.9179602261456061,0.9081903392184091
148,Philadelphia,Median Home Value,bg,29566,Feat\&PC-LightGCN,8,0.9876470588235294,0.8204225352112676,0.8028169014084507,0.9992207612456748,0.9041856774449514,0.8916819579448523
149,Philadelphia,Median Home Value,bg,29566,Feat\&PC-LightGCN,9,0.9894117647058823,0.8169014084507042,0.8098591549295775,0.9990325259515571,0.8985134397936916,0.8941802221781392
150,Philadelphia,Median Home Value,bg,29566,NoPreTrain,0,0.9611764705882353,0.7852112676056338,0.778169014084507,0.993201384083045,0.8623165046617735,0.8554106328109502
151,Philadelphia,Median Home Value,bg,29566,NoPreTrain,1,0.9976470588235294,0.7852112676056338,0.7975352112676056,0.9999792387543253,0.8535880777623487,0.8393919857171196
152,Philadelphia,Median Home Value,bg,29566,NoPreTrain,2,0.991764705882353,0.7588028169014085,0.7904929577464789,0.9996968858131488,0.8220715135885737,0.8645358063876214
153,Philadelphia,Median Home Value,bg,29566,NoPreTrain,3,0.9876470588235294,0.7693661971830986,0.7940140845070423,0.9995224913494809,0.8539228327712755,0.8452316008728427
154,Philadelphia,Median Home Value,bg,29566,NoPreTrain,4,0.9794117647058823,0.7940140845070423,0.7693661971830986,0.99720276816609,0.8628310355088276,0.8261257686966871
155,Philadelphia,Median Home Value,bg,29566,NoPreTrain,5,0.9770588235294118,0.801056338028169,0.8080985915492958,0.9958034602076125,0.8614610196389605,0.8747644316603849
156,Philadelphia,Median Home Value,bg,29566,NoPreTrain,6,0.9976470588235294,0.8045774647887324,0.7799295774647887,0.9998961937716263,0.8700282682007539,0.8452811942074985
157,Philadelphia,Median Home Value,bg,29566,NoPreTrain,7,0.9952941176470588,0.8116197183098591,0.7693661971830986,0.9999640138408304,0.876648978377306,0.8584854195596111
158,Philadelphia,Median Home Value,bg,29566,NoPreTrain,8,1.0,0.7834507042253521,0.7852112676056338,1.0,0.8589937512398333,0.859092937909145
159,Philadelphia,Median Home Value,bg,29566,NoPreTrain,9,0.9970588235294118,0.7975352112676056,0.7992957746478874,0.9999792387543253,0.8462606625669511,0.8429007141440191
160,Philadelphia,Commute Time,bg,9693,Emb,0,1.0,0.5705128205128205,0.5506329113924051,1.0,0.6009204470742933,0.5448646050312449
161,Philadelphia,Commute Time,bg,9693,Emb,1,1.0,0.6346153846153846,0.47468354430379744,1.0,0.6198224852071007,0.4971959621855472
162,Philadelphia,Commute Time,bg,9693,Emb,2,1.0,0.6346153846153846,0.5822784810126582,1.0,0.6551610782380014,0.6048710142605351
163,Philadelphia,Commute Time,bg,9693,Emb,3,1.0,0.5448717948717948,0.6329113924050633,1.0,0.5752794214332676,0.6300272392244831
164,Philadelphia,Commute Time,bg,9693,Emb,4,1.0,0.4935897435897436,0.5822784810126582,1.0,0.5389546351084812,0.5659349463227047
165,Philadelphia,Commute Time,bg,9693,Emb,5,1.0,0.5384615384615384,0.5886075949367089,1.0,0.5254766600920447,0.6152860118570741
166,Philadelphia,Commute Time,bg,9693,Emb,6,1.0,0.5384615384615384,0.5126582278481012,1.0,0.57569033530572,0.5715430219516102
167,Philadelphia,Commute Time,bg,9693,Emb,7,1.0,0.6025641025641025,0.5759493670886076,1.0,0.6405325443786983,0.6032687069379907
168,Philadelphia,Commute Time,bg,9693,Emb,8,1.0,0.5512820512820513,0.5886075949367089,1.0,0.6000986193293886,0.6393206216952412
169,Philadelphia,Commute Time,bg,9693,Emb,9,1.0,0.5512820512820513,0.5316455696202531,1.0,0.5693622616699541,0.5733055600064092
170,Philadelphia,Commute Time,bg,9693,RGNN,0,0.7200854700854701,0.5192307692307693,0.5569620253164557,0.7615421141062166,0.5711702827087441,0.6015061688831919
171,Philadelphia,Commute Time,bg,9693,RGNN,1,0.7136752136752137,0.5448717948717948,0.5822784810126582,0.7932281393819856,0.5928665351742275,0.5891684024995993
172,Philadelphia,Commute Time,bg,9693,RGNN,2,0.7542735042735043,0.5512820512820513,0.5949367088607594,0.8603440718825335,0.6043721236028929,0.5880467873738183
173,Philadelphia,Commute Time,bg,9693,RGNN,3,0.7029914529914529,0.4935897435897436,0.5443037974683544,0.7881328073635765,0.5484878369493754,0.6204133952892165
174,Philadelphia,Commute Time,bg,9693,RGNN,4,0.75,0.6089743589743589,0.5569620253164557,0.8455329096354738,0.6104536489151874,0.5614484858195802
175,Philadelphia,Commute Time,bg,9693,RGNN,5,0.6901709401709402,0.5448717948717948,0.5506329113924051,0.7343670100080357,0.5545693622616699,0.5672167921807403
176,Philadelphia,Commute Time,bg,9693,RGNN,6,0.7542735042735043,0.5769230769230769,0.5379746835443038,0.8547556432171817,0.6019066403681789,0.6069540137798429
177,Philadelphia,Commute Time,bg,9693,RGNN,7,0.717948717948718,0.5576923076923077,0.6392405063291139,0.810833515961721,0.5977975016436554,0.6375580836404422
178,Philadelphia,Commute Time,bg,9693,RGNN,8,0.8055555555555556,0.5512820512820513,0.569620253164557,0.8880305354664331,0.5690335305719921,0.5553597179939113
179,Philadelphia,Commute Time,bg,9693,RGNN,9,0.688034188034188,0.5128205128205128,0.5569620253164557,0.7626561472715319,0.5581854043392506,0.558884794103509
180,Philadelphia,Commute Time,bg,9693,Feat-RGNN,0,0.7307692307692307,0.5448717948717948,0.569620253164557,0.7880232303309226,0.5816896778435241,0.563531485338888
181,Philadelphia,Commute Time,bg,9693,Feat-RGNN,1,0.7094017094017094,0.5641025641025641,0.5189873417721519,0.803711008839214,0.571992110453649,0.575388559525717
182,Philadelphia,Commute Time,bg,9693,Feat-RGNN,2,0.7435897435897436,0.5512820512820513,0.5189873417721519,0.8182847541821902,0.6047008547008547,0.536292260855632
183,Philadelphia,Commute Time,bg,9693,Feat-RGNN,3,0.7841880341880342,0.5128205128205128,0.5632911392405063,0.8636679085397034,0.5215318869165023,0.614164396731293
184,Philadelphia,Commute Time,bg,9693,Feat-RGNN,4,0.8205128205128205,0.5833333333333334,0.5886075949367089,0.8901307619256338,0.6502301117685733,0.6157667040538376
185,Philadelphia,Commute Time,bg,9693,Feat-RGNN,5,0.7756410256410257,0.5897435897435898,0.5379746835443038,0.8473409306742641,0.601413543721236,0.565294023393687
186,Philadelphia,Commute Time,bg,9693,Feat-RGNN,6,0.7158119658119658,0.6217948717948718,0.5506329113924051,0.8329680765578201,0.6849112426035504,0.5532767184746035
187,Philadelphia,Commute Time,bg,9693,Feat-RGNN,7,0.75,0.5512820512820513,0.5949367088607594,0.8514500693987873,0.6517094017094017,0.6431661592693477
188,Philadelphia,Commute Time,bg,9693,Feat-RGNN,8,0.7542735042735043,0.5384615384615384,0.6012658227848101,0.8517240119804221,0.5649243918474688,0.6148053196603108
189,Philadelphia,Commute Time,bg,9693,Feat-RGNN,9,0.7435897435897436,0.5512820512820513,0.5189873417721519,0.8221199503250785,0.5351742274819198,0.5492709501682422
190,Philadelphia,Commute Time,bg,9693,Feat\&PC-RGNN,0,0.7329059829059829,0.5833333333333334,0.5759493670886076,0.8151618087515523,0.6252465483234715,0.5787534049030604
191,Philadelphia,Commute Time,bg,9693,Feat\&PC-RGNN,1,0.75,0.5576923076923077,0.5379746835443038,0.825206370078165,0.5973044049967127,0.5543983336003846
192,Philadelphia,Commute Time,bg,9693,Feat\&PC-RGNN,2,0.7435897435897436,0.5512820512820513,0.5632911392405063,0.8383738768354153,0.6418474687705457,0.6208940874859799
193,Philadelphia,Commute Time,bg,9693,Feat\&PC-RGNN,3,0.7735042735042735,0.5705128205128205,0.5189873417721519,0.8376616261231646,0.5823471400394478,0.536612722320141
194,Philadelphia,Commute Time,bg,9693,Feat\&PC-RGNN,4,0.8098290598290598,0.6153846153846154,0.5506329113924051,0.9024033895828767,0.6318211702827087,0.5535971799391124
195,Philadelphia,Commute Time,bg,9693,Feat\&PC-RGNN,5,0.7564102564102564,0.5641025641025641,0.5822784810126582,0.8528745708232888,0.5930309007232084,0.5914116327511617
196,Philadelphia,Commute Time,bg,9693,Feat\&PC-RGNN,6,0.7051282051282052,0.5576923076923077,0.5506329113924051,0.7776499379063482,0.5780736357659434,0.5765101746514982
197,Philadelphia,Commute Time,bg,9693,Feat\&PC-RGNN,7,0.7777777777777778,0.6025641025641025,0.5379746835443038,0.8361823361823363,0.6507232084155161,0.565294023393687
198,Philadelphia,Commute Time,bg,9693,Feat\&PC-RGNN,8,0.7307692307692307,0.5961538461538461,0.6075949367088608,0.887226970560304,0.5826758711374096,0.6106393206216952
199,Philadelphia,Commute Time,bg,9693,Feat\&PC-RGNN,9,0.7670940170940171,0.5448717948717948,0.5126582278481012,0.8503360362334721,0.5438856015779092,0.5793943278320782
200,Philadelphia,Commute Time,bg,9693,LightGCN,0,0.9893162393162394,0.5641025641025641,0.6075949367088608,0.9982467674775366,0.6053583168967784,0.6305079314212466
201,Philadelphia,Commute Time,bg,9693,LightGCN,1,0.967948717948718,0.5576923076923077,0.620253164556962,0.9940463145591351,0.5885930309007232,0.610158628424932
202,Philadelphia,Commute Time,bg,9693,LightGCN,2,0.9465811965811965,0.6666666666666666,0.5886075949367089,0.9896997589305282,0.6739809335963182,0.5963787854510496
203,Philadelphia,Commute Time,bg,9693,LightGCN,3,0.9722222222222222,0.5192307692307693,0.5822784810126582,0.9945941997224048,0.5542406311637081,0.6200929338247075
204,Philadelphia,Commute Time,bg,9693,LightGCN,4,0.9914529914529915,0.6346153846153846,0.5759493670886076,0.9991599094163196,0.6510519395134781,0.63387277679859
205,Philadelphia,Commute Time,bg,9693,LightGCN,5,0.9743589743589743,0.5769230769230769,0.5949367088607594,0.9974979910877346,0.5756081525312294,0.6329113924050633
206,Philadelphia,Commute Time,bg,9693,LightGCN,6,0.9935897435897436,0.5705128205128205,0.569620253164557,0.9998904229673461,0.5678829717291256,0.6122416279442396
207,Philadelphia,Commute Time,bg,9693,LightGCN,7,0.9807692307692307,0.6217948717948718,0.6772151898734177,0.9962378552122142,0.6605851413543722,0.6947604550552796
208,Philadelphia,Commute Time,bg,9693,LightGCN,8,0.9722222222222222,0.6025641025641025,0.5506329113924051,0.9946672510775075,0.6149737015121631,0.6027880147412273
209,Philadelphia,Commute Time,bg,9693,LightGCN,9,0.9123931623931624,0.5512820512820513,0.5886075949367089,0.9677478267221857,0.5780736357659435,0.6293863162954655
210,Philadelphia,Commute Time,bg,9693,Feat-LightGCN,0,0.9978632478632479,0.5833333333333334,0.5506329113924051,0.9993425378040763,0.6004273504273504,0.5946162473962506
211,Philadelphia,Commute Time,bg,9693,Feat-LightGCN,1,1.0,0.5833333333333334,0.5886075949367089,1.0,0.6216305062458909,0.6120813972119853
212,Philadelphia,Commute Time,bg,9693,Feat-LightGCN,2,1.0,0.6474358974358975,0.5822784810126582,1.0,0.6479289940828403,0.6221759333440153
213,Philadelphia,Commute Time,bg,9693,Feat-LightGCN,3,1.0,0.5512820512820513,0.5632911392405063,1.0,0.5945101906640369,0.6112802435507131
214,Philadelphia,Commute Time,bg,9693,Feat-LightGCN,4,1.0,0.6089743589743589,0.5569620253164557,1.0,0.6332182774490467,0.6200929338247075
215,Philadelphia,Commute Time,bg,9693,Feat-LightGCN,5,1.0,0.48717948717948717,0.5949367088607594,1.0,0.5446252465483236,0.6124018586764942
216,Philadelphia,Commute Time,bg,9693,Feat-LightGCN,6,1.0,0.5769230769230769,0.5949367088607594,1.0,0.6071663379355686,0.6430059285370935
217,Philadelphia,Commute Time,bg,9693,Feat-LightGCN,7,1.0,0.6089743589743589,0.689873417721519,1.0,0.6599276791584483,0.7008492228809485
218,Philadelphia,Commute Time,bg,9693,Feat-LightGCN,8,1.0,0.5961538461538461,0.5632911392405063,1.0,0.619000657462196,0.6213747796827431
219,Philadelphia,Commute Time,bg,9693,Feat-LightGCN,9,1.0,0.5512820512820513,0.5759493670886076,1.0,0.5720742932281393,0.6184906265021632
220,Philadelphia,Commute Time,bg,9693,Feat\&PC-LightGCN,0,1.0,0.5448717948717948,0.6518987341772152,1.0,0.5848126232741616,0.6363563531485338
221,Philadelphia,Commute Time,bg,9693,Feat\&PC-LightGCN,1,1.0,0.5833333333333334,0.6075949367088608,1.0,0.6254109138724523,0.632110238743791
222,Philadelphia,Commute Time,bg,9693,Feat\&PC-LightGCN,2,1.0,0.6602564102564102,0.6012658227848101,1.0,0.6635437212360289,0.6476526197724723
223,Philadelphia,Commute Time,bg,9693,Feat\&PC-LightGCN,3,1.0,0.5512820512820513,0.5822784810126582,1.0,0.5779092702169625,0.6198525877263259
224,Philadelphia,Commute Time,bg,9693,Feat\&PC-LightGCN,4,1.0,0.6025641025641025,0.6012658227848101,1.0,0.6019888231426692,0.6595096939593013
225,Philadelphia,Commute Time,bg,9693,Feat\&PC-LightGCN,5,1.0,0.5256410256410257,0.5886075949367089,1.0,0.5514464168310323,0.5906905944560167
226,Philadelphia,Commute Time,bg,9693,Feat\&PC-LightGCN,6,1.0,0.5705128205128205,0.5886075949367089,1.0,0.5984549638395792,0.6100785130588047
227,Philadelphia,Commute Time,bg,9693,Feat\&PC-LightGCN,7,1.0,0.6089743589743589,0.620253164556962,1.0,0.6679815910585142,0.654702771991668
228,Philadelphia,Commute Time,bg,9693,Feat\&PC-LightGCN,8,1.0,0.5512820512820513,0.5316455696202531,1.0,0.5914694280078896,0.5785931741708059
229,Philadelphia,Commute Time,bg,9693,Feat\&PC-LightGCN,9,1.0,0.4935897435897436,0.6075949367088608,1.0,0.5060815253122946,0.6234577792020509
230,Philadelphia,Commute Time,bg,9693,NoPreTrain,0,0.9893162393162394,0.5769230769230769,0.5886075949367089,0.9995251661918328,0.5930309007232085,0.6141643967312931
231,Philadelphia,Commute Time,bg,9693,NoPreTrain,1,0.9850427350427351,0.532051282051282,0.5443037974683544,0.9989224925122361,0.5604865220249836,0.543021951610319
232,Philadelphia,Commute Time,bg,9693,NoPreTrain,2,0.9978632478632479,0.6153846153846154,0.5506329113924051,1.0,0.6441485864562788,0.5370934145169043
233,Philadelphia,Commute Time,bg,9693,NoPreTrain,3,0.9871794871794872,0.5769230769230769,0.5632911392405063,0.9994886405142815,0.5724852071005917,0.63819900656946
234,Philadelphia,Commute Time,bg,9693,NoPreTrain,4,0.9829059829059829,0.46153846153846156,0.5379746835443038,0.9989772810285631,0.4477317554240631,0.5619291780163435
235,Philadelphia,Commute Time,bg,9693,NoPreTrain,5,0.9914529914529915,0.5384615384615384,0.5316455696202531,0.9997260574183652,0.5609796186719265,0.5425412594135556
236,Philadelphia,Commute Time,bg,9693,NoPreTrain,6,0.9978632478632479,0.5641025641025641,0.5443037974683544,0.9999634743224487,0.5736357659434582,0.5867649415157826
237,Philadelphia,Commute Time,bg,9693,NoPreTrain,7,0.9978632478632479,0.5256410256410257,0.5379746835443038,1.0,0.5509533201840894,0.5321262618170166
238,Philadelphia,Commute Time,bg,9693,NoPreTrain,8,0.9935897435897436,0.5897435897435898,0.5379746835443038,0.9995251661918328,0.6433267587113741,0.5729850985419003
239,Philadelphia,Commute Time,bg,9693,NoPreTrain,9,0.9935897435897436,0.47435897435897434,0.5506329113924051,0.9996530060632626,0.5200525969756739,0.5435026438070821
240,Philadelphia,Median Age,bg,30573,Emb,0,0.9168081494057725,0.5891341256366723,0.6230899830220713,0.984823910731901,0.6497982243744955,0.6644644298397324
241,Philadelphia,Median Age,bg,30573,Emb,1,0.9411431805319751,0.6027164685908319,0.6230899830220713,0.991402436680887,0.6537760867058688,0.673031246396864
242,Philadelphia,Median Age,bg,30573,Emb,2,0.955291454442558,0.6078098471986417,0.6383701188455009,0.9920289019562627,0.6507898074484031,0.67909604519774
243,Philadelphia,Median Age,bg,30573,Emb,3,0.9411431805319751,0.599320882852292,0.6095076400679117,0.9873092739920827,0.6454283408278565,0.6687536031361696
244,Philadelphia,Median Age,bg,30573,Emb,4,0.9451046972269384,0.6247877758913413,0.6112054329371817,0.989107959568008,0.6740112994350282,0.6365963334486336
245,Philadelphia,Median Age,bg,30573,Emb,5,0.9541595925297114,0.6264855687606112,0.6146010186757216,0.9951996617856183,0.6845843422114609,0.6452092701487374
246,Philadelphia,Median Age,bg,30573,Emb,6,0.8771929824561403,0.6536502546689303,0.5857385398981324,0.9809510998372983,0.7008993427879626,0.6466505246166263
247,Philadelphia,Median Age,bg,30573,Emb,7,0.9451046972269384,0.5925297113752123,0.5840407470288624,0.9909028017986855,0.6382681886313848,0.6046004842615011
248,Philadelphia,Median Age,bg,30573,Emb,8,0.9473684210526315,0.6162988115449916,0.601018675721562,0.9923171528498405,0.6652023521272916,0.6401360544217687
249,Philadelphia,Median Age,bg,30573,Emb,9,0.9179400113186191,0.6383701188455009,0.6146010186757216,0.978705305097557,0.6852876743917906,0.6546062492793728
250,Philadelphia,Median Age,bg,30573,RGNN,0,0.6938313525749858,0.6061120543293718,0.5959252971137521,0.7907439435284472,0.6691802144586648,0.6798339674852991
251,Philadelphia,Median Age,bg,30573,RGNN,1,0.654782116581777,0.634974533106961,0.6078098471986417,0.727965461137374,0.6731926668972674,0.6427418424997117
252,Philadelphia,Median Age,bg,30573,RGNN,2,0.6791171477079796,0.5823429541595926,0.5925297113752123,0.7782902238108048,0.6477112879049924,0.6546062492793727
253,Philadelphia,Median Age,bg,30573,RGNN,3,0.6213921901528013,0.6095076400679117,0.6061120543293718,0.6858693006392764,0.6724662746454514,0.6510088781275223
254,Philadelphia,Median Age,bg,30573,RGNN,4,0.6728919071873232,0.6230899830220713,0.5789473684210527,0.7427713081466107,0.6836158192090396,0.6348552980514239
255,Philadelphia,Median Age,bg,30573,RGNN,5,0.656479909451047,0.633276740237691,0.6146010186757216,0.7083118746557002,0.6621353626196241,0.6551251008878127
256,Philadelphia,Median Age,bg,30573,RGNN,6,0.6876061120543294,0.6078098471986417,0.6027164685908319,0.7686306160882432,0.6725931050386256,0.6529343940966217
257,Philadelphia,Median Age,bg,30573,RGNN,7,0.7345783814374647,0.6129032258064516,0.5908319185059423,0.8009569929666782,0.6529805142395941,0.6304392943618125
258,Philadelphia,Median Age,bg,30573,RGNN,8,0.6983588002263724,0.6230899830220713,0.6281833616298812,0.7859026096314232,0.6751066528306239,0.6668742073100425
259,Philadelphia,Median Age,bg,30573,RGNN,9,0.6610073571024335,0.568760611205433,0.6146010186757216,0.7674609580178589,0.6314885276144355,0.6956531765248471
260,Philadelphia,Median Age,bg,30573,Feat-RGNN,0,0.6615732880588568,0.5891341256366723,0.6162988115449916,0.7377448531201558,0.653176524847227,0.675025942580422
261,Philadelphia,Median Age,bg,30573,Feat-RGNN,1,0.6411997736276174,0.6078098471986417,0.5891341256366723,0.7082683167428931,0.6732272570044966,0.6501441254467888
262,Philadelphia,Median Age,bg,30573,Feat-RGNN,2,0.7238256932654216,0.6095076400679117,0.6112054329371817,0.7901764095468697,0.6572235673930588,0.6697336561743341
263,Philadelphia,Median Age,bg,30573,Feat-RGNN,3,0.6553480475382003,0.6604414261460102,0.5806451612903226,0.7230639148314693,0.7159921595756947,0.6294707713593912
264,Philadelphia,Median Age,bg,30573,Feat-RGNN,4,0.7023203169213356,0.6247877758913413,0.6027164685908319,0.7850083913037909,0.6824628156347283,0.6486682808716707
265,Philadelphia,Median Age,bg,30573,Feat-RGNN,5,0.6474250141482739,0.6078098471986417,0.633276740237691,0.7250509243245321,0.6651331719128328,0.676997578692494
266,Philadelphia,Median Age,bg,30573,Feat-RGNN,6,0.7221279003961517,0.633276740237691,0.599320882852292,0.800577782902238,0.6808947307736654,0.6332065029401591
267,Philadelphia,Median Age,bg,30573,Feat-RGNN,7,0.6864742501414828,0.6281833616298812,0.568760611205433,0.7762519697144394,0.6841000807102502,0.6067220108382336
268,Philadelphia,Median Age,bg,30573,Feat-RGNN,8,0.7198641765704584,0.599320882852292,0.6213921901528013,0.7766094008224758,0.6411852876743918,0.6844921019255159
269,Philadelphia,Median Age,bg,30573,Feat-RGNN,9,0.7153367289190719,0.6400679117147708,0.6146010186757216,0.7827882188657007,0.6768822783350628,0.6595526346131673
270,Philadelphia,Median Age,bg,30573,Feat\&PC-RGNN,0,0.6706281833616299,0.565365025466893,0.6112054329371817,0.7445161868890684,0.6179522656520235,0.6601637265075522
271,Philadelphia,Median Age,bg,30573,Feat\&PC-RGNN,1,0.6570458404074703,0.6230899830220713,0.5891341256366723,0.7320265959491141,0.6529920442753372,0.6365848034128906
272,Philadelphia,Median Age,bg,30573,Feat\&PC-RGNN,2,0.6751556310130165,0.5891341256366723,0.6129032258064516,0.734769463340892,0.6280295168915023,0.6722933241093046
273,Philadelphia,Median Age,bg,30573,Feat\&PC-RGNN,3,0.6955291454442558,0.633276740237691,0.6383701188455009,0.7798147507590608,0.6653291825204657,0.6780583419808601
274,Philadelphia,Median Age,bg,30573,Feat\&PC-RGNN,4,0.6762874929258631,0.6604414261460102,0.5772495755517827,0.7542142280641069,0.7004727314654675,0.6335869941196818
275,Philadelphia,Median Age,bg,30573,Feat\&PC-RGNN,5,0.6694963214487832,0.5755517826825127,0.5636672325976231,0.7576873310529484,0.6400092240285945,0.6522310619162919
276,Philadelphia,Median Age,bg,30573,Feat\&PC-RGNN,6,0.6615732880588568,0.599320882852292,0.5806451612903226,0.7406882150223554,0.665548253199585,0.6447826588262424
277,Philadelphia,Median Age,bg,30573,Feat\&PC-RGNN,7,0.6819468024900962,0.597623089983022,0.5942275042444821,0.7802452054268035,0.63454398708636,0.608324685806526
278,Philadelphia,Median Age,bg,30573,Feat\&PC-RGNN,8,0.7074136955291455,0.631578947368421,0.597623089983022,0.7945283574823527,0.6779315115876859,0.6562896344978668
279,Philadelphia,Median Age,bg,30573,Feat\&PC-RGNN,9,0.6745897000565931,0.5891341256366723,0.6417657045840407,0.7591080876795163,0.6280295168915023,0.6820246742764902
280,Philadelphia,Median Age,bg,30573,LightGCN,0,0.797962648556876,0.6061120543293718,0.6502546689303905,0.895176601714132,0.6526000230600715,0.717052922864061
281,Philadelphia,Median Age,bg,30573,LightGCN,1,0.8109790605546123,0.6400679117147708,0.6196943972835314,0.8837682719038651,0.6859794765363774,0.6829701372074253
282,Philadelphia,Median Age,bg,30573,LightGCN,2,0.7928692699490663,0.6281833616298812,0.6264855687606112,0.8937609695478944,0.6900726392251816,0.6724432145739652
283,Philadelphia,Median Age,bg,30573,LightGCN,3,0.8126768534238823,0.6179966044142614,0.6434634974533107,0.8855554274440474,0.6707482993197278,0.7130865905684307
284,Philadelphia,Median Age,bg,30573,LightGCN,4,0.8172043010752689,0.6078098471986417,0.631578947368421,0.9059174705663811,0.6792113455551713,0.6829816672431686
285,Philadelphia,Median Age,bg,30573,LightGCN,5,0.808715336728919,0.6281833616298812,0.631578947368421,0.8922197881035653,0.6781275221953188,0.6763057765479072
286,Philadelphia,Median Age,bg,30573,LightGCN,6,0.8256932654216186,0.634974533106961,0.6095076400679117,0.9076123858206183,0.6982589646027901,0.6578577193589299
287,Philadelphia,Median Age,bg,30573,LightGCN,7,0.8205998868138087,0.6281833616298812,0.599320882852292,0.9017705010441088,0.677516430300934,0.6315231177216649
288,Philadelphia,Median Age,bg,30573,LightGCN,8,0.8200339558573854,0.6281833616298812,0.5891341256366723,0.9050898702230423,0.6864060878588722,0.6408624466735847
289,Philadelphia,Median Age,bg,30573,LightGCN,9,0.8041878890775326,0.6196943972835314,0.6129032258064516,0.8924696055446661,0.6616395710826704,0.6781275221953187
290,Philadelphia,Median Age,bg,30573,Feat-LightGCN,0,0.8511601584606678,0.6061120543293718,0.6417657045840407,0.925664578449082,0.645785771935893,0.7140666436065952
291,Philadelphia,Median Age,bg,30573,Feat-LightGCN,1,0.8670062252405206,0.6281833616298812,0.6383701188455009,0.9381195792818068,0.673665398362735,0.685748875821515
292,Philadelphia,Median Age,bg,30573,Feat-LightGCN,2,0.8392756083757782,0.5891341256366723,0.6061120543293718,0.9390009864586136,0.646512164187709,0.6592528536838465
293,Philadelphia,Median Age,bg,30573,Feat-LightGCN,3,0.8115449915110357,0.6196943972835314,0.6383701188455009,0.9351883879728915,0.6914331834428686,0.7102963219185979
294,Philadelphia,Median Age,bg,30573,Feat-LightGCN,4,0.8647425014148273,0.6213921901528013,0.6264855687606112,0.9406536249151262,0.6898305084745764,0.6820477343479765
295,Philadelphia,Median Age,bg,30573,Feat-LightGCN,5,0.8562535370684776,0.631578947368421,0.6044142614601019,0.9444841590120041,0.6847457627118644,0.6638302778738614
296,Philadelphia,Median Age,bg,30573,Feat-LightGCN,6,0.8573853989813243,0.6434634974533107,0.6196943972835314,0.9434977003984268,0.7124178484953303,0.6689611437795457
297,Philadelphia,Median Age,bg,30573,Feat-LightGCN,7,0.8788907753254103,0.6179966044142614,0.6129032258064516,0.9519133453758152,0.6624812636919174,0.6481148391560013
298,Philadelphia,Median Age,bg,30573,Feat-LightGCN,8,0.8036219581211093,0.6196943972835314,0.6061120543293718,0.9378889785669446,0.6918252046581344,0.6753833736884585
299,Philadelphia,Median Age,bg,30573,Feat-LightGCN,9,0.8573853989813243,0.6400679117147708,0.567062818336163,0.9463494625722229,0.6942003920212153,0.6308543756485646
300,Philadelphia,Median Age,bg,30573,Feat\&PC-LightGCN,0,0.8947368421052632,0.5942275042444821,0.6502546689303905,0.9605006597742675,0.6447538337368847,0.7038164418309696
301,Philadelphia,Median Age,bg,30573,Feat\&PC-LightGCN,1,0.8941709111488398,0.601018675721562,0.629881154499151,0.9595628835338279,0.6556093623890233,0.6615473307967255
302,Philadelphia,Median Age,bg,30573,Feat\&PC-LightGCN,2,0.8839841539332202,0.6213921901528013,0.6417657045840407,0.954762545319446,0.6577712440908566,0.6740747146316153
303,Philadelphia,Median Age,bg,30573,Feat\&PC-LightGCN,3,0.8624787775891342,0.6213921901528013,0.6383701188455009,0.9532943874348232,0.678784734232676,0.6676005995618586
304,Philadelphia,Median Age,bg,30573,Feat\&PC-LightGCN,4,0.9083191850594228,0.6078098471986417,0.6230899830220713,0.9732323814648269,0.6652772973596218,0.6652600023060071
305,Philadelphia,Median Age,bg,30573,Feat\&PC-LightGCN,5,0.8828522920203735,0.6264855687606112,0.6196943972835314,0.963946859346375,0.6646719704831084,0.6659402744148506
306,Philadelphia,Median Age,bg,30573,Feat\&PC-LightGCN,6,0.9286926994906621,0.6247877758913413,0.6129032258064516,0.978728365169043,0.6821803297590222,0.657235097428802
307,Philadelphia,Median Age,bg,30573,Feat\&PC-LightGCN,7,0.9139784946236559,0.5959252971137521,0.5823429541595926,0.9667986215201713,0.6332410930473884,0.6193935201199123
308,Philadelphia,Median Age,bg,30573,Feat\&PC-LightGCN,8,0.9292586304470855,0.6247877758913413,0.6112054329371817,0.9769143062121269,0.6734751527729735,0.6627752796033668
309,Philadelphia,Median Age,bg,30573,Feat\&PC-LightGCN,9,0.8834182229767968,0.6383701188455009,0.6078098471986417,0.960585213369717,0.6869134094315693,0.660982359045313
310,Philadelphia,Median Age,bg,30573,NoPreTrain,0,0.9932088285229203,0.6146010186757216,0.6213921901528013,0.9998193627733579,0.6458203620431224,0.641531188746685
311,Philadelphia,Median Age,bg,30573,NoPreTrain,1,0.9937747594793436,0.5823429541595926,0.6095076400679117,0.9993812214151198,0.6270148737461085,0.6348841231407818
312,Philadelphia,Median Age,bg,30573,NoPreTrain,2,0.9750990379173741,0.5959252971137521,0.6281833616298812,0.9971290210999655,0.6288366193935201,0.6517352703793382
313,Philadelphia,Median Age,bg,30573,NoPreTrain,3,0.9666100735710244,0.5908319185059423,0.5959252971137521,0.9949895589120771,0.6193704600484262,0.6287213190360891
314,Philadelphia,Median Age,bg,30573,NoPreTrain,4,0.8522920203735145,0.5806451612903226,0.5806451612903226,0.9237979937737807,0.6179061455090511,0.6179176755447942
315,Philadelphia,Median Age,bg,30573,NoPreTrain,5,0.966044142614601,0.6213921901528013,0.565365025466893,0.9943810292478573,0.661385910296322,0.5885391444713478
316,Philadelphia,Median Age,bg,30573,NoPreTrain,6,0.9830220713073005,0.6129032258064516,0.5874363327674024,0.9986522669331387,0.6493831430877435,0.6220915484838003
317,Philadelphia,Median Age,bg,30573,NoPreTrain,7,0.9932088285229203,0.6129032258064516,0.5517826825127334,0.9996656289634498,0.6324570506168568,0.5872477804681194
318,Philadelphia,Median Age,bg,30573,NoPreTrain,8,0.9711375212224108,0.5840407470288624,0.5959252971137521,0.9959683308351589,0.6356508705176986,0.635477919981552
319,Philadelphia,Median Age,bg,30573,NoPreTrain,9,0.989247311827957,0.631578947368421,0.6112054329371817,0.999697656840514,0.6725008647526807,0.6375072062723395
320,St. Louis,Median Income,bg,9177,Emb,0,1.0,0.6835443037974683,0.6265822784810127,1.0,0.7476365966992469,0.6885114564973562
321,St. Louis,Median Income,bg,9177,Emb,1,1.0,0.5886075949367089,0.6329113924050633,1.0,0.6583880788335204,0.6978849543342414
322,St. Louis,Median Income,bg,9177,Emb,2,1.0,0.6582278481012658,0.6329113924050633,1.0,0.7535651337926614,0.6630347700688991
323,St. Louis,Median Income,bg,9177,Emb,3,1.0,0.6772151898734177,0.6265822784810127,1.0,0.7599743630828393,0.6683223842332959
324,St. Louis,Median Income,bg,9177,Emb,4,1.0,0.620253164556962,0.6708860759493671,1.0,0.6974843775036053,0.7462746354750842
325,St. Louis,Median Income,bg,9177,Emb,5,0.9978768577494692,0.6582278481012658,0.6645569620253164,1.0,0.7064572985098542,0.7495593654863003
326,St. Louis,Median Income,bg,9177,Emb,6,1.0,0.6329113924050633,0.7025316455696202,1.0,0.678737381829835,0.7548469796506969
327,St. Louis,Median Income,bg,9177,Emb,7,1.0,0.6012658227848101,0.6962025316455697,1.0,0.6297067777599744,0.7495593654863003
328,St. Louis,Median Income,bg,9177,Emb,8,1.0,0.7278481012658228,0.6455696202531646,1.0,0.7848101265822784,0.7104630668162153
329,St. Louis,Median Income,bg,9177,Emb,9,1.0,0.6582278481012658,0.6708860759493671,1.0,0.7215189873417722,0.7139881429258131
330,St. Louis,Median Income,bg,9177,RGNN,0,0.7898089171974523,0.7025316455696202,0.620253164556962,0.8603678326721963,0.768466591892325,0.6441275436628745
331,St. Louis,Median Income,bg,9177,RGNN,1,0.7515923566878981,0.5886075949367089,0.7215189873417721,0.82836278398846,0.6462105431821823,0.7561288255087325
332,St. Louis,Median Income,bg,9177,RGNN,2,0.7494692144373672,0.6455696202531646,0.620253164556962,0.8217273710782546,0.6869091491748117,0.6885114564973562
333,St. Louis,Median Income,bg,9177,RGNN,3,0.8131634819532909,0.6582278481012658,0.6075949367088608,0.8843671114316625,0.7252042941836244,0.6737702291299471
334,St. Louis,Median Income,bg,9177,RGNN,4,0.7133757961783439,0.7025316455696202,0.6645569620253164,0.7995311936530833,0.7231212946643166,0.6872296106393206
335,St. Louis,Median Income,bg,9177,RGNN,5,0.7919320594479831,0.6835443037974683,0.6708860759493671,0.8835557158312297,0.7396250600865246,0.7210382951450087
336,St. Louis,Median Income,bg,9177,RGNN,6,0.7855626326963907,0.6139240506329114,0.6392405063291139,0.8575549945906962,0.6949206857875341,0.6603108476205737
337,St. Louis,Median Income,bg,9177,RGNN,7,0.7791932059447984,0.569620253164557,0.6645569620253164,0.8667508113956005,0.6500560807562891,0.7393045986220157
338,St. Louis,Median Income,bg,9177,RGNN,8,0.7239915074309978,0.6518987341772152,0.6772151898734177,0.7994590695997115,0.7051754526518186,0.753084441595898
339,St. Louis,Median Income,bg,9177,RGNN,9,0.8067940552016986,0.6835443037974683,0.5822784810126582,0.8797151099891813,0.707098221438872,0.6702451530203494
340,St. Louis,Median Income,bg,9177,Feat-RGNN,0,0.7664543524416136,0.6518987341772152,0.6265822784810127,0.8446447890371438,0.7050152219195642,0.6788976125620894
341,St. Louis,Median Income,bg,9177,Feat-RGNN,1,0.7430997876857749,0.6139240506329114,0.6645569620253164,0.8067255679769204,0.674090690594456,0.6984457618971318
342,St. Louis,Median Income,bg,9177,Feat-RGNN,2,0.7558386411889597,0.6455696202531646,0.6012658227848101,0.8258023800937613,0.7002082999519308,0.6747316135234738
343,St. Louis,Median Income,bg,9177,Feat-RGNN,3,0.8131634819532909,0.6645569620253164,0.6139240506329114,0.8844933285250632,0.7506809806120814,0.6564653100464668
344,St. Louis,Median Income,bg,9177,Feat-RGNN,4,0.7770700636942676,0.6392405063291139,0.6329113924050633,0.8529931482149296,0.7149495273193399,0.6937990706617528
345,St. Louis,Median Income,bg,9177,Feat-RGNN,5,0.7388535031847133,0.689873417721519,0.6329113924050633,0.8087270104579878,0.7457138279121934,0.665117769588207
346,St. Louis,Median Income,bg,9177,Feat-RGNN,6,0.7600849256900213,0.5759493670886076,0.689873417721519,0.8267219617742517,0.6551834641884313,0.7450729049831758
347,St. Louis,Median Income,bg,9177,Feat-RGNN,7,0.7600849256900213,0.569620253164557,0.6455696202531646,0.8414893617021276,0.6242589328633231,0.7320942156705657
348,St. Louis,Median Income,bg,9177,Feat-RGNN,8,0.8089171974522293,0.740506329113924,0.6708860759493671,0.8780923187883158,0.7692677455535971,0.7393045986220157
349,St. Louis,Median Income,bg,9177,Feat-RGNN,9,0.7770700636942676,0.5759493670886076,0.6265822784810127,0.8566534439235486,0.6348341611921167,0.7072584521711265
350,St. Louis,Median Income,bg,9177,Feat\&PC-RGNN,0,0.8195329087048833,0.7088607594936709,0.5506329113924051,0.8882618103137397,0.7676654382310527,0.6561448485819579
351,St. Louis,Median Income,bg,9177,Feat\&PC-RGNN,1,0.8174097664543525,0.6392405063291139,0.6708860759493671,0.8943562928236567,0.6926774555359718,0.7426694439993592
352,St. Louis,Median Income,bg,9177,Feat\&PC-RGNN,2,0.8004246284501062,0.6329113924050633,0.6772151898734177,0.8777857915614857,0.7058163755808363,0.7261656785771511
353,St. Louis,Median Income,bg,9177,Feat\&PC-RGNN,3,0.7388535031847133,0.6772151898734177,0.6075949367088608,0.8232419761990624,0.7391443678897612,0.6796987662233616
354,St. Louis,Median Income,bg,9177,Feat\&PC-RGNN,4,0.7919320594479831,0.6772151898734177,0.6518987341772152,0.8668950595023439,0.7285691395609677,0.702771991668002
355,St. Louis,Median Income,bg,9177,Feat\&PC-RGNN,5,0.7409766454352441,0.7151898734177216,0.6772151898734177,0.7730526505589614,0.7567697484377505,0.737622175933344
356,St. Louis,Median Income,bg,9177,Feat\&PC-RGNN,6,0.8110403397027601,0.7278481012658228,0.7215189873417721,0.8877930039668229,0.8056401217753565,0.768466591892325
357,St. Louis,Median Income,bg,9177,Feat\&PC-RGNN,7,0.8067940552016986,0.5632911392405063,0.689873417721519,0.8923187883159033,0.6300272392244832,0.7593334401538215
358,St. Louis,Median Income,bg,9177,Feat\&PC-RGNN,8,0.8004246284501062,0.7215189873417721,0.7215189873417721,0.8875405697800216,0.7711905143406506,0.7610959782086205
359,St. Louis,Median Income,bg,9177,Feat\&PC-RGNN,9,0.8747346072186837,0.7278481012658228,0.6139240506329114,0.9402452217814641,0.7735939753244672,0.7135074507290499
360,St. Louis,Median Income,bg,9177,LightGCN,0,0.8853503184713376,0.7278481012658228,0.6265822784810127,0.9364046159394158,0.7477968274315013,0.6853068418522672
361,St. Louis,Median Income,bg,9177,LightGCN,1,0.9002123142250531,0.6582278481012658,0.6708860759493671,0.9611431662459431,0.7205576029482454,0.7362602147091812
362,St. Louis,Median Income,bg,9177,LightGCN,2,0.8237791932059448,0.7151898734177216,0.6708860759493671,0.9011900468806346,0.763819900656946,0.7080596058323987
363,St. Louis,Median Income,bg,9177,LightGCN,3,0.861995753715499,0.6962025316455697,0.6455696202531646,0.9368734222863325,0.7410671366768147,0.6907546867489185
364,St. Louis,Median Income,bg,9177,LightGCN,4,0.8938428874734607,0.7088607594936709,0.6329113924050633,0.9586007933645871,0.7814452812049352,0.7165518346418844
365,St. Louis,Median Income,bg,9177,LightGCN,5,0.7091295116772823,0.7025316455696202,0.6392405063291139,0.9027587450414714,0.7801634353468995,0.7119051434065053
366,St. Louis,Median Income,bg,9177,LightGCN,6,0.8853503184713376,0.7025316455696202,0.6518987341772152,0.9744139920663542,0.7348181381188912,0.748758211825028
367,St. Louis,Median Income,bg,9177,LightGCN,7,0.8598726114649682,0.6012658227848101,0.6962025316455697,0.960061305445366,0.6404422368210223,0.7572504406345137
368,St. Louis,Median Income,bg,9177,LightGCN,8,0.7834394904458599,0.6329113924050633,0.6518987341772152,0.9357735304724125,0.7979490466271432,0.7574106713667682
369,St. Louis,Median Income,bg,9177,LightGCN,9,0.8789808917197452,0.6518987341772152,0.6329113924050633,0.9437252073566533,0.7054959141163275,0.7062970677775998
370,St. Louis,Median Income,bg,9177,Feat-LightGCN,0,1.0,0.7278481012658228,0.6962025316455697,1.0,0.7920205095337286,0.7284890241948406
371,St. Louis,Median Income,bg,9177,Feat-LightGCN,1,0.9596602972399151,0.6582278481012658,0.6962025316455697,0.9979985575189325,0.7374619452010897,0.744431982054158
372,St. Louis,Median Income,bg,9177,Feat-LightGCN,2,0.9851380042462845,0.6962025316455697,0.6645569620253164,0.9991886043995672,0.7653420926133633,0.7005287614164396
373,St. Louis,Median Income,bg,9177,Feat-LightGCN,3,0.9830148619957537,0.6835443037974683,0.6455696202531646,0.9933826181031374,0.7833680499919885,0.7064572985098541
374,St. Louis,Median Income,bg,9177,Feat-LightGCN,4,0.9978768577494692,0.6645569620253164,0.7088607594936709,0.9981608366390191,0.7357795225124178,0.7737542060567216
375,St. Louis,Median Income,bg,9177,Feat-LightGCN,5,0.9851380042462845,0.7151898734177216,0.6582278481012658,0.9987197980526505,0.7639000160230732,0.7421887518025956
376,St. Louis,Median Income,bg,9177,Feat-LightGCN,6,0.9978768577494692,0.6582278481012658,0.7088607594936709,0.999981968986657,0.7437910591251401,0.7534850184265343
377,St. Louis,Median Income,bg,9177,Feat-LightGCN,7,0.9851380042462845,0.6518987341772152,0.7341772151898734,0.9944464478903714,0.6814613042781605,0.8091651978849543
378,St. Louis,Median Income,bg,9177,Feat-LightGCN,8,0.9915074309978769,0.7531645569620253,0.6518987341772152,0.9999639379733141,0.7926614324627465,0.720076910751482
379,St. Louis,Median Income,bg,9177,Feat-LightGCN,9,0.9978768577494692,0.7341772151898734,0.7025316455696202,1.0,0.7715109758051595,0.7389841371575068
380,St. Louis,Median Income,bg,9177,Feat\&PC-LightGCN,0,0.9957537154989384,0.7025316455696202,0.6139240506329114,1.0,0.7611760935747477,0.6431661592693478
381,St. Louis,Median Income,bg,9177,Feat\&PC-LightGCN,1,0.9936305732484076,0.7025316455696202,0.6962025316455697,1.0,0.7324146771350744,0.7508412113443358
382,St. Louis,Median Income,bg,9177,Feat\&PC-LightGCN,2,0.9893842887473461,0.689873417721519,0.6012658227848101,0.9997655968265416,0.762057362602147,0.6788976125620895
383,St. Louis,Median Income,bg,9177,Feat\&PC-LightGCN,3,0.9872611464968153,0.6645569620253164,0.6012658227848101,0.9996934727731699,0.7158307963467393,0.6753725364524916
384,St. Louis,Median Income,bg,9177,Feat\&PC-LightGCN,4,0.9936305732484076,0.7025316455696202,0.6772151898734177,0.9998737829065993,0.7668642845697804,0.7687069379907067
385,St. Louis,Median Income,bg,9177,Feat\&PC-LightGCN,5,0.9936305732484076,0.7025316455696202,0.689873417721519,0.9997475658131987,0.7552475564813331,0.7323345617689472
386,St. Louis,Median Income,bg,9177,Feat\&PC-LightGCN,6,0.9830148619957537,0.7025316455696202,0.6708860759493671,0.99859358095925,0.7536452491587886,0.7212786412433906
387,St. Louis,Median Income,bg,9177,Feat\&PC-LightGCN,7,0.9639065817409767,0.5886075949367089,0.740506329113924,0.996411828344753,0.6664797308123698,0.7840089729210062
388,St. Louis,Median Income,bg,9177,Feat\&PC-LightGCN,8,0.9893842887473461,0.7151898734177216,0.6518987341772152,0.999278759466282,0.7868931261015862,0.7137477968274315
389,St. Louis,Median Income,bg,9177,Feat\&PC-LightGCN,9,0.9978768577494692,0.7088607594936709,0.6455696202531646,0.9994410385863686,0.7303316776157667,0.7208780644127543
390,St. Louis,Median Income,bg,9177,NoPreTrain,0,0.9893842887473461,0.689873417721519,0.6075949367088608,0.9997115037865127,0.7211985258772632,0.6745713827912194
391,St. Louis,Median Income,bg,9177,NoPreTrain,1,0.9957537154989384,0.620253164556962,0.6518987341772152,0.9997836278398846,0.6654382310527159,0.6936388399294985
392,St. Louis,Median Income,bg,9177,NoPreTrain,2,1.0,0.689873417721519,0.6075949367088608,1.0,0.72215991027079,0.6814613042781607
393,St. Louis,Median Income,bg,9177,NoPreTrain,3,0.9915074309978769,0.6329113924050633,0.620253164556962,0.9998737829065995,0.72360198686108,0.7014901458099664
394,St. Louis,Median Income,bg,9177,NoPreTrain,4,0.9978768577494692,0.6645569620253164,0.6835443037974683,0.9998196898665705,0.7109437590129787,0.7223201410030443
395,St. Louis,Median Income,bg,9177,NoPreTrain,5,1.0,0.7088607594936709,0.6265822784810127,1.0,0.7683063611600705,0.6657586925172247
396,St. Louis,Median Income,bg,9177,NoPreTrain,6,0.9830148619957537,0.6265822784810127,0.6265822784810127,0.9991345113595383,0.6756929979170004,0.6843454574587405
397,St. Louis,Median Income,bg,9177,NoPreTrain,7,0.9978768577494692,0.6329113924050633,0.7025316455696202,0.9999459069599712,0.6463707739144369,0.7287293702932223
398,St. Louis,Median Income,bg,9177,NoPreTrain,8,0.9766454352441614,0.7341772151898734,0.6139240506329114,0.9974936891453299,0.7888158948886397,0.6615926934786092
399,St. Louis,Median Income,bg,9177,NoPreTrain,9,0.9957537154989384,0.6645569620253164,0.6645569620253164,0.999621348719798,0.7284089088287133,0.7288896010254768
400,St. Louis,Median Home Value,bg,8938,Emb,0,1.0,0.7792207792207793,0.8376623376623377,1.0,0.8163265306122449,0.9077416090403103
401,St. Louis,Median Home Value,bg,8938,Emb,1,1.0,0.8376623376623377,0.8116883116883117,1.0,0.8734187890032046,0.8763703828638894
402,St. Louis,Median Home Value,bg,8938,Emb,2,1.0,0.7922077922077922,0.7857142857142857,1.0,0.8487940630797773,0.8514926631809749
403,St. Louis,Median Home Value,bg,8938,Emb,3,1.0,0.7662337662337663,0.8376623376623377,1.0,0.8109293304098497,0.8923933209647494
404,St. Louis,Median Home Value,bg,8938,Emb,4,1.0,0.7922077922077922,0.7987012987012987,1.0,0.8396019564850733,0.8476134255355035
405,St. Louis,Median Home Value,bg,8938,Emb,5,1.0,0.7922077922077922,0.7402597402597403,1.0,0.8866587957497049,0.8095800303592511
406,St. Louis,Median Home Value,bg,8938,Emb,6,1.0,0.8246753246753247,0.7857142857142857,1.0,0.8841288581548321,0.8445775004216561
407,St. Louis,Median Home Value,bg,8938,Emb,7,1.0,0.7792207792207793,0.7792207792207793,1.0,0.8478664192949907,0.8490470568392645
408,St. Louis,Median Home Value,bg,8938,Emb,8,1.0,0.8246753246753247,0.8181818181818182,1.0,0.8757800640917525,0.8793219767245741
409,St. Louis,Median Home Value,bg,8938,Emb,9,1.0,0.8116883116883117,0.7597402597402597,1.0,0.8881767583066285,0.8050261426884803
410,St. Louis,Median Home Value,bg,8938,RGNN,0,0.8571428571428571,0.7467532467532467,0.8636363636363636,0.9284308764828245,0.822735705852589,0.9455220104570754
411,St. Louis,Median Home Value,bg,8938,RGNN,1,0.8679653679653679,0.7727272727272727,0.7922077922077922,0.9277000056220835,0.833530106257379,0.8650699949401248
412,St. Louis,Median Home Value,bg,8938,RGNN,2,0.9264069264069265,0.8181818181818182,0.7922077922077922,0.9821592548865276,0.8871647832686793,0.8772136953955135
413,St. Louis,Median Home Value,bg,8938,RGNN,3,0.8701298701298701,0.7597402597402597,0.8246753246753247,0.9416240325331234,0.8175071681565188,0.8723224827120931
414,St. Louis,Median Home Value,bg,8938,RGNN,4,0.8939393939393939,0.8246753246753247,0.8246753246753247,0.9383819643559903,0.8578175071681565,0.8883454208129533
415,St. Louis,Median Home Value,bg,8938,RGNN,5,0.8744588744588745,0.8116883116883117,0.7467532467532467,0.9502258203556904,0.919885309495699,0.8186034744476303
416,St. Louis,Median Home Value,bg,8938,RGNN,6,0.9264069264069265,0.8246753246753247,0.7597402597402597,0.969884372481775,0.8851408331927811,0.8330241187384044
417,St. Louis,Median Home Value,bg,8938,RGNN,7,0.935064935064935,0.7987012987012987,0.7727272727272727,0.977680328329679,0.861528082307303,0.8455051442064428
418,St. Louis,Median Home Value,bg,8938,RGNN,8,0.829004329004329,0.7727272727272727,0.7337662337662337,0.9296864751410207,0.8701298701298701,0.8704671951425199
419,St. Louis,Median Home Value,bg,8938,RGNN,9,0.8787878787878788,0.7922077922077922,0.7662337662337663,0.9377822754446131,0.851914319446787,0.8419632315736212
420,St. Louis,Median Home Value,bg,8938,Feat-RGNN,0,0.8679653679653679,0.7272727272727273,0.8116883116883117,0.9467401285583105,0.8057007927137797,0.8954292460785968
421,St. Louis,Median Home Value,bg,8938,Feat-RGNN,1,0.8484848484848485,0.7402597402597403,0.7987012987012987,0.9381758212927044,0.8363973688649013,0.8743464327879913
422,St. Louis,Median Home Value,bg,8938,Feat-RGNN,2,0.8571428571428571,0.7727272727272727,0.7662337662337663,0.9447349187608928,0.8681059200539721,0.8675999325349975
423,St. Louis,Median Home Value,bg,8938,Feat-RGNN,3,0.841991341991342,0.7532467532467533,0.7597402597402597,0.9336594141788948,0.8089053803339517,0.8649013324338
424,St. Louis,Median Home Value,bg,8938,Feat-RGNN,4,0.8787878787878788,0.7987012987012987,0.8051948051948052,0.9499259759000019,0.8756957328385899,0.8741777702816663
425,St. Louis,Median Home Value,bg,8938,Feat-RGNN,5,0.8636363636363636,0.7922077922077922,0.7792207792207793,0.9505444050898597,0.8856468207117557,0.8397706189913982
426,St. Louis,Median Home Value,bg,8938,Feat-RGNN,6,0.9112554112554112,0.7727272727272727,0.7727272727272727,0.9594085568111542,0.8433125316242199,0.8272895935233597
427,St. Louis,Median Home Value,bg,8938,Feat-RGNN,7,0.8679653679653679,0.7532467532467533,0.8116883116883117,0.9483892730645979,0.8581548321808061,0.85410693202901
428,St. Louis,Median Home Value,bg,8938,Feat-RGNN,8,0.8874458874458875,0.8311688311688312,0.8311688311688312,0.9569348400517232,0.8775510204081632,0.8964412211165457
429,St. Louis,Median Home Value,bg,8938,Feat-RGNN,9,0.8917748917748918,0.7792207792207793,0.7792207792207793,0.9493450272671051,0.8444931691684938,0.8721538202057684
430,St. Louis,Median Home Value,bg,8938,Feat\&PC-RGNN,0,0.9025974025974026,0.7987012987012987,0.8961038961038961,0.9662862390135117,0.8509023444088379,0.9343902850396357
431,St. Louis,Median Home Value,bg,8938,Feat\&PC-RGNN,1,0.9047619047619048,0.7792207792207793,0.7987012987012987,0.9534678885328236,0.8615280823073032,0.8419632315736212
432,St. Louis,Median Home Value,bg,8938,Feat\&PC-RGNN,2,0.9155844155844156,0.7857142857142857,0.7727272727272727,0.9723768295196866,0.8667566200033733,0.8574801821555068
433,St. Louis,Median Home Value,bg,8938,Feat\&PC-RGNN,3,0.8831168831168831,0.7792207792207793,0.8441558441558441,0.952718277393602,0.8266149434980604,0.8841288581548321
434,St. Louis,Median Home Value,bg,8938,Feat\&PC-RGNN,4,0.8658008658008658,0.8051948051948052,0.7727272727272727,0.948707857798767,0.8721538202057683,0.8672626075223479
435,St. Louis,Median Home Value,bg,8938,Feat\&PC-RGNN,5,0.8787878787878788,0.8441558441558441,0.7857142857142857,0.9337905961282584,0.8868274582560297,0.8235790183842131
436,St. Louis,Median Home Value,bg,8938,Feat\&PC-RGNN,6,0.9264069264069265,0.8506493506493507,0.7662337662337663,0.9749629879500009,0.8981278461797942,0.8330241187384044
437,St. Louis,Median Home Value,bg,8938,Feat\&PC-RGNN,7,0.9285714285714286,0.7857142857142857,0.8181818181818182,0.9694346057982421,0.8649013324337999,0.8827795581042333
438,St. Louis,Median Home Value,bg,8938,Feat\&PC-RGNN,8,0.9025974025974026,0.8311688311688312,0.8441558441558441,0.9538052135454733,0.8733344577500423,0.8714791701804688
439,St. Louis,Median Home Value,bg,8938,Feat\&PC-RGNN,9,0.9112554112554112,0.8311688311688312,0.7987012987012987,0.9625944041528457,0.8988024962050936,0.8822735705852589
440,St. Louis,Median Home Value,bg,8938,LightGCN,0,0.9372294372294372,0.7597402597402597,0.8766233766233766,0.9877438578737281,0.8458424692190925,0.938438185191432
441,St. Louis,Median Home Value,bg,8938,LightGCN,1,0.9307359307359307,0.8376623376623377,0.8181818181818182,0.9743070782031821,0.8991398212177433,0.8675999325349975
442,St. Louis,Median Home Value,bg,8938,LightGCN,2,0.8982683982683982,0.8246753246753247,0.8506493506493507,0.9591836734693877,0.8858154832180807,0.8883454208129534
443,St. Louis,Median Home Value,bg,8938,LightGCN,3,0.8982683982683982,0.7207792207792207,0.8311688311688312,0.9703528794437886,0.7917018046888176,0.8952605835722719
444,St. Louis,Median Home Value,bg,8938,LightGCN,4,0.9393939393939394,0.8181818181818182,0.8246753246753247,0.9812409812409811,0.8831168831168832,0.895091921065947
445,St. Louis,Median Home Value,bg,8938,LightGCN,5,0.9285714285714286,0.8376623376623377,0.7857142857142857,0.9791420700511608,0.8967785461291954,0.8519143194467871
446,St. Louis,Median Home Value,bg,8938,LightGCN,6,0.9372294372294372,0.8181818181818182,0.7792207792207793,0.9868630647851426,0.8891887333445775,0.8642266824085006
447,St. Louis,Median Home Value,bg,8938,LightGCN,7,0.9285714285714286,0.8311688311688312,0.8116883116883117,0.9864320383800904,0.8971158711418451,0.8799122954967111
448,St. Louis,Median Home Value,bg,8938,LightGCN,8,0.8744588744588745,0.8051948051948052,0.7727272727272727,0.9665486029122392,0.8699612076235453,0.8873334457750042
449,St. Louis,Median Home Value,bg,8938,LightGCN,9,0.935064935064935,0.8571428571428571,0.7597402597402597,0.9690035793931898,0.8783943329397875,0.8601787822567044
450,St. Louis,Median Home Value,bg,8938,Feat-LightGCN,0,1.0,0.7597402597402597,0.8701298701298701,1.0,0.8528419632315736,0.944847360431776
451,St. Louis,Median Home Value,bg,8938,Feat-LightGCN,1,1.0,0.8506493506493507,0.8441558441558441,1.0,0.8949232585596222,0.8861528082307303
452,St. Louis,Median Home Value,bg,8938,Feat-LightGCN,2,0.9956709956709957,0.8506493506493507,0.8051948051948052,0.9998125972151947,0.9055489964580873,0.891887333445775
453,St. Louis,Median Home Value,bg,8938,Feat-LightGCN,3,0.9978354978354979,0.7337662337662337,0.8571428571428571,0.9998313374936751,0.8347107438016529,0.906898296508686
454,St. Louis,Median Home Value,bg,8938,Feat-LightGCN,4,1.0,0.7597402597402597,0.8181818181818182,1.0,0.8709731826614943,0.8945859335469725
455,St. Louis,Median Home Value,bg,8938,Feat-LightGCN,5,1.0,0.8116883116883117,0.7792207792207793,1.0,0.9126328217237308,0.8460954629785798
456,St. Louis,Median Home Value,bg,8938,Feat-LightGCN,6,0.9956709956709957,0.7792207792207793,0.7857142857142857,1.0,0.8703828638893574,0.8768763703828639
457,St. Louis,Median Home Value,bg,8938,Feat-LightGCN,7,1.0,0.8376623376623377,0.7727272727272727,1.0,0.8678529262944846,0.8726598077247428
458,St. Louis,Median Home Value,bg,8938,Feat-LightGCN,8,0.9978354978354979,0.8051948051948052,0.8246753246753247,0.9997188958227919,0.8861528082307303,0.9031033901163771
459,St. Louis,Median Home Value,bg,8938,Feat-LightGCN,9,0.9978354978354979,0.8181818181818182,0.8116883116883117,0.9996064541519086,0.8809242705346602,0.8928993084837242
460,St. Louis,Median Home Value,bg,8938,Feat\&PC-LightGCN,0,1.0,0.7792207792207793,0.8896103896103896,1.0,0.8666722887502107,0.9413054477989543
461,St. Louis,Median Home Value,bg,8938,Feat\&PC-LightGCN,1,1.0,0.8506493506493507,0.8116883116883117,1.0,0.9137291280148422,0.8842131894079946
462,St. Louis,Median Home Value,bg,8938,Feat\&PC-LightGCN,2,0.9956709956709957,0.8311688311688312,0.8181818181818182,0.9999437791645583,0.8875864395344916,0.8885984145724406
463,St. Louis,Median Home Value,bg,8938,Feat\&PC-LightGCN,3,1.0,0.7532467532467533,0.8636363636363636,1.0,0.831337493675156,0.9259571597233935
464,St. Louis,Median Home Value,bg,8938,Feat\&PC-LightGCN,4,0.9956709956709957,0.8051948051948052,0.8376623376623377,0.9999062986075973,0.8560465508517456,0.8907910271546634
465,St. Louis,Median Home Value,bg,8938,Feat\&PC-LightGCN,5,0.9978354978354979,0.8506493506493507,0.7792207792207793,1.0,0.894079946027998,0.8516613256872997
466,St. Louis,Median Home Value,bg,8938,Feat\&PC-LightGCN,6,1.0,0.8506493506493507,0.7922077922077922,1.0,0.9063923089897116,0.8719851576994434
467,St. Louis,Median Home Value,bg,8938,Feat\&PC-LightGCN,7,1.0,0.8246753246753247,0.8181818181818182,1.0,0.8763703828638894,0.8769607016360264
468,St. Louis,Median Home Value,bg,8938,Feat\&PC-LightGCN,8,0.9978354978354979,0.7987012987012987,0.8181818181818182,1.0,0.8600101197503794,0.9099342216225333
469,St. Louis,Median Home Value,bg,8938,Feat\&PC-LightGCN,9,1.0,0.8181818181818182,0.7857142857142857,1.0,0.8721538202057683,0.8483724068139653
470,St. Louis,Median Home Value,bg,8938,NoPreTrain,0,0.9848484848484849,0.7597402597402597,0.8701298701298701,0.9989318041266094,0.7976893236633497,0.9119581716984315
471,St. Louis,Median Home Value,bg,8938,NoPreTrain,1,1.0,0.7662337662337663,0.7532467532467533,1.0,0.8434811941305448,0.8060381177264294
472,St. Louis,Median Home Value,bg,8938,NoPreTrain,2,1.0,0.7792207792207793,0.7727272727272727,1.0,0.8571428571428572,0.8242536684095125
473,St. Louis,Median Home Value,bg,8938,NoPreTrain,3,0.9913419913419913,0.7207792207792207,0.8181818181818182,0.9998875583291167,0.7314892899308484,0.8517456569404621
474,St. Louis,Median Home Value,bg,8938,NoPreTrain,4,0.9935064935064936,0.7337662337662337,0.8051948051948052,0.9997001555443114,0.7763535166132568,0.8375780064091752
475,St. Louis,Median Home Value,bg,8938,NoPreTrain,5,0.9956709956709957,0.8181818181818182,0.7597402597402597,0.9998875583291168,0.8772136953955135,0.8196997807387417
476,St. Louis,Median Home Value,bg,8938,NoPreTrain,6,0.9805194805194806,0.8181818181818182,0.7597402597402597,0.9976762054684133,0.8434811941305448,0.8320121437004554
477,St. Louis,Median Home Value,bg,8938,NoPreTrain,7,0.9913419913419913,0.7922077922077922,0.7922077922077922,0.9996814152658309,0.8377466689155002,0.8301568561308821
478,St. Louis,Median Home Value,bg,8938,NoPreTrain,8,0.9891774891774892,0.7857142857142857,0.7922077922077922,0.9997938569367141,0.8374093439028505,0.8487097318266149
479,St. Louis,Median Home Value,bg,8938,NoPreTrain,9,0.9978354978354979,0.7597402597402597,0.7662337662337663,1.0,0.8552875695732838,0.8316748186878057
480,St. Louis,Commute Time,bg,1397,Emb,0,1.0,0.5769230769230769,0.6538461538461539,1.0,0.6863905325443788,0.7041420118343196
481,St. Louis,Commute Time,bg,1397,Emb,1,1.0,0.6153846153846154,0.7307692307692307,1.0,0.6686390532544378,0.8106508875739645
482,St. Louis,Commute Time,bg,1397,Emb,2,1.0,0.6538461538461539,0.5769230769230769,1.0,0.7396449704142012,0.727810650887574
483,St. Louis,Commute Time,bg,1397,Emb,3,1.0,0.8076923076923077,0.7307692307692307,1.0,0.8106508875739645,0.7869822485207101
484,St. Louis,Commute Time,bg,1397,Emb,4,1.0,0.5769230769230769,0.7307692307692307,1.0,0.6686390532544378,0.8047337278106509
485,St. Louis,Commute Time,bg,1397,Emb,5,1.0,0.6538461538461539,0.6153846153846154,1.0,0.6982248520710058,0.7041420118343196
486,St. Louis,Commute Time,bg,1397,Emb,6,1.0,0.5384615384615384,0.6153846153846154,1.0,0.6153846153846154,0.6627218934911243
487,St. Louis,Commute Time,bg,1397,Emb,7,1.0,0.5,0.6923076923076923,1.0,0.4970414201183432,0.8520710059171598
488,St. Louis,Commute Time,bg,1397,Emb,8,1.0,0.6923076923076923,0.5,1.0,0.7100591715976331,0.6094674556213018
489,St. Louis,Commute Time,bg,1397,Emb,9,1.0,0.6923076923076923,0.5769230769230769,1.0,0.621301775147929,0.7218934911242604
490,St. Louis,Commute Time,bg,1397,RGNN,0,1.0,0.6923076923076923,0.6538461538461539,1.0,0.7159763313609466,0.7041420118343196
491,St. Louis,Commute Time,bg,1397,RGNN,1,1.0,0.6153846153846154,0.8076923076923077,1.0,0.5857988165680473,0.8106508875739645
492,St. Louis,Commute Time,bg,1397,RGNN,2,1.0,0.7692307692307693,0.6153846153846154,1.0,0.7159763313609467,0.5976331360946745
493,St. Louis,Commute Time,bg,1397,RGNN,3,1.0,0.6153846153846154,0.6923076923076923,1.0,0.7337278106508875,0.7573964497041421
494,St. Louis,Commute Time,bg,1397,RGNN,4,1.0,0.6923076923076923,0.6923076923076923,1.0,0.7751479289940828,0.6272189349112426
495,St. Louis,Commute Time,bg,1397,RGNN,5,0.9459459459459459,0.8076923076923077,0.6153846153846154,0.9963476990504017,0.7751479289940828,0.650887573964497
496,St. Louis,Commute Time,bg,1397,RGNN,6,0.972972972972973,0.5384615384615384,0.5384615384615384,0.9956172388604821,0.5325443786982249,0.668639053254438
497,St. Louis,Commute Time,bg,1397,RGNN,7,1.0,0.4230769230769231,0.6153846153846154,1.0,0.4408284023668638,0.8047337278106509
498,St. Louis,Commute Time,bg,1397,RGNN,8,1.0,0.7307692307692307,0.5384615384615384,1.0,0.6745562130177515,0.5443786982248521
499,St. Louis,Commute Time,bg,1397,RGNN,9,1.0,0.5,0.8461538461538461,1.0,0.5621301775147929,0.8461538461538461
500,St. Louis,Commute Time,bg,1397,Feat-RGNN,0,0.972972972972973,0.46153846153846156,0.46153846153846156,0.9956172388604821,0.5088757396449703,0.4911242603550296
501,St. Louis,Commute Time,bg,1397,Feat-RGNN,1,1.0,0.6153846153846154,0.6923076923076923,1.0,0.6272189349112426,0.7988165680473372
502,St. Louis,Commute Time,bg,1397,Feat-RGNN,2,1.0,0.6538461538461539,0.5769230769230769,1.0,0.6863905325443787,0.6153846153846154
503,St. Louis,Commute Time,bg,1397,Feat-RGNN,3,0.972972972972973,0.6538461538461539,0.6153846153846154,0.9926953981008035,0.6627218934911243,0.5680473372781065
504,St. Louis,Commute Time,bg,1397,Feat-RGNN,4,0.9864864864864865,0.6538461538461539,0.5769230769230769,0.9992695398100804,0.7988165680473372,0.6627218934911242
505,St. Louis,Commute Time,bg,1397,Feat-RGNN,5,1.0,0.6153846153846154,0.5,1.0,0.7041420118343196,0.5325443786982249
506,St. Louis,Commute Time,bg,1397,Feat-RGNN,6,0.9864864864864865,0.6923076923076923,0.5769230769230769,0.9992695398100804,0.6923076923076923,0.5384615384615384
507,St. Louis,Commute Time,bg,1397,Feat-RGNN,7,1.0,0.34615384615384615,0.6538461538461539,1.0,0.37869822485207094,0.7396449704142012
508,St. Louis,Commute Time,bg,1397,Feat-RGNN,8,1.0,0.6538461538461539,0.5,1.0,0.7218934911242604,0.5798816568047338
509,St. Louis,Commute Time,bg,1397,Feat-RGNN,9,1.0,0.6153846153846154,0.5,1.0,0.6213017751479291,0.6863905325443787
510,St. Louis,Commute Time,bg,1397,Feat\&PC-RGNN,0,1.0,0.5384615384615384,0.46153846153846156,1.0,0.5798816568047337,0.5857988165680473
511,St. Louis,Commute Time,bg,1397,Feat\&PC-RGNN,1,1.0,0.5769230769230769,0.8076923076923077,1.0,0.6301775147928994,0.923076923076923
512,St. Louis,Commute Time,bg,1397,Feat\&PC-RGNN,2,1.0,0.7307692307692307,0.5384615384615384,1.0,0.7544378698224853,0.6094674556213018
513,St. Louis,Commute Time,bg,1397,Feat\&PC-RGNN,3,1.0,0.8076923076923077,0.6538461538461539,1.0,0.8698224852071006,0.7100591715976331
514,St. Louis,Commute Time,bg,1397,Feat\&PC-RGNN,4,1.0,0.7307692307692307,0.7307692307692307,1.0,0.7869822485207101,0.8106508875739644
515,St. Louis,Commute Time,bg,1397,Feat\&PC-RGNN,5,1.0,0.6923076923076923,0.6153846153846154,1.0,0.7810650887573963,0.6745562130177515
516,St. Louis,Commute Time,bg,1397,Feat\&PC-RGNN,6,1.0,0.6538461538461539,0.6153846153846154,1.0,0.6804733727810651,0.7041420118343196
517,St. Louis,Commute Time,bg,1397,Feat\&PC-RGNN,7,0.9864864864864865,0.5384615384615384,0.7307692307692307,1.0,0.4615384615384615,0.8875739644970414
518,St. Louis,Commute Time,bg,1397,Feat\&PC-RGNN,8,1.0,0.6923076923076923,0.5384615384615384,1.0,0.6923076923076924,0.5857988165680473
519,St. Louis,Commute Time,bg,1397,Feat\&PC-RGNN,9,1.0,0.6153846153846154,0.7692307692307693,1.0,0.7159763313609468,0.7633136094674556
520,St. Louis,Commute Time,bg,1397,LightGCN,0,1.0,0.6923076923076923,0.5769230769230769,1.0,0.6301775147928994,0.6863905325443788
521,St. Louis,Commute Time,bg,1397,LightGCN,1,1.0,0.5384615384615384,0.8076923076923077,1.0,0.6153846153846154,0.8757396449704142
522,St. Louis,Commute Time,bg,1397,LightGCN,2,1.0,0.7307692307692307,0.5769230769230769,1.0,0.7633136094674556,0.7100591715976332
523,St. Louis,Commute Time,bg,1397,LightGCN,3,1.0,0.7307692307692307,0.7692307692307693,1.0,0.8402366863905326,0.7455621301775147
524,St. Louis,Commute Time,bg,1397,LightGCN,4,1.0,0.6923076923076923,0.5769230769230769,1.0,0.7751479289940828,0.6568047337278107
525,St. Louis,Commute Time,bg,1397,LightGCN,5,1.0,0.6538461538461539,0.6153846153846154,1.0,0.7337278106508875,0.6863905325443788
526,St. Louis,Commute Time,bg,1397,LightGCN,6,1.0,0.5384615384615384,0.6153846153846154,1.0,0.6627218934911243,0.6272189349112426
527,St. Louis,Commute Time,bg,1397,LightGCN,7,1.0,0.5384615384615384,0.6538461538461539,1.0,0.4556213017751479,0.8698224852071006
528,St. Louis,Commute Time,bg,1397,LightGCN,8,1.0,0.7692307692307693,0.6153846153846154,1.0,0.8047337278106509,0.6153846153846154
529,St. Louis,Commute Time,bg,1397,LightGCN,9,1.0,0.7307692307692307,0.7307692307692307,1.0,0.7869822485207101,0.7751479289940829
530,St. Louis,Commute Time,bg,1397,Feat-LightGCN,0,1.0,0.6153846153846154,0.6538461538461539,1.0,0.6331360946745561,0.6331360946745561
531,St. Louis,Commute Time,bg,1397,Feat-LightGCN,1,1.0,0.5384615384615384,0.7692307692307693,1.0,0.636094674556213,0.8579881656804734
532,St. Louis,Commute Time,bg,1397,Feat-LightGCN,2,1.0,0.6153846153846154,0.6538461538461539,1.0,0.6804733727810651,0.6923076923076923
533,St. Louis,Commute Time,bg,1397,Feat-LightGCN,3,1.0,0.8076923076923077,0.5769230769230769,1.0,0.834319526627219,0.5857988165680473
534,St. Louis,Commute Time,bg,1397,Feat-LightGCN,4,1.0,0.6538461538461539,0.7307692307692307,1.0,0.7455621301775148,0.6923076923076923
535,St. Louis,Commute Time,bg,1397,Feat-LightGCN,5,1.0,0.6538461538461539,0.5769230769230769,1.0,0.7218934911242603,0.6568047337278107
536,St. Louis,Commute Time,bg,1397,Feat-LightGCN,6,1.0,0.6538461538461539,0.6153846153846154,1.0,0.6153846153846154,0.6923076923076923
537,St. Louis,Commute Time,bg,1397,Feat-LightGCN,7,1.0,0.5769230769230769,0.6538461538461539,1.0,0.5443786982248521,0.8284023668639053
538,St. Louis,Commute Time,bg,1397,Feat-LightGCN,8,1.0,0.5769230769230769,0.5384615384615384,1.0,0.668639053254438,0.5562130177514792
539,St. Louis,Commute Time,bg,1397,Feat-LightGCN,9,1.0,0.6923076923076923,0.6538461538461539,1.0,0.668639053254438,0.7988165680473374
540,St. Louis,Commute Time,bg,1397,Feat\&PC-LightGCN,0,1.0,0.5769230769230769,0.5769230769230769,1.0,0.5266272189349112,0.6745562130177515
541,St. Louis,Commute Time,bg,1397,Feat\&PC-LightGCN,1,1.0,0.6538461538461539,0.7307692307692307,1.0,0.5769230769230769,0.8698224852071006
542,St. Louis,Commute Time,bg,1397,Feat\&PC-LightGCN,2,1.0,0.7307692307692307,0.5769230769230769,1.0,0.7100591715976332,0.5355029585798816
543,St. Louis,Commute Time,bg,1397,Feat\&PC-LightGCN,3,1.0,0.8076923076923077,0.7692307692307693,1.0,0.8106508875739645,0.7396449704142012
544,St. Louis,Commute Time,bg,1397,Feat\&PC-LightGCN,4,1.0,0.7692307692307693,0.6923076923076923,1.0,0.7928994082840237,0.7396449704142012
545,St. Louis,Commute Time,bg,1397,Feat\&PC-LightGCN,5,1.0,0.6153846153846154,0.5769230769230769,1.0,0.7633136094674556,0.5739644970414202
546,St. Louis,Commute Time,bg,1397,Feat\&PC-LightGCN,6,1.0,0.6153846153846154,0.5769230769230769,1.0,0.6035502958579881,0.7041420118343196
547,St. Louis,Commute Time,bg,1397,Feat\&PC-LightGCN,7,1.0,0.5769230769230769,0.7307692307692307,1.0,0.5739644970414202,0.7988165680473374
548,St. Louis,Commute Time,bg,1397,Feat\&PC-LightGCN,8,1.0,0.6923076923076923,0.5,1.0,0.6331360946745561,0.5266272189349113
549,St. Louis,Commute Time,bg,1397,Feat\&PC-LightGCN,9,1.0,0.6538461538461539,0.7307692307692307,1.0,0.6449704142011834,0.8165680473372782
550,St. Louis,Commute Time,bg,1397,NoPreTrain,0,1.0,0.7307692307692307,0.5384615384615384,1.0,0.8106508875739645,0.5266272189349113
551,St. Louis,Commute Time,bg,1397,NoPreTrain,1,1.0,0.5769230769230769,0.5769230769230769,1.0,0.6213017751479291,0.5502958579881657
552,St. Louis,Commute Time,bg,1397,NoPreTrain,2,0.9864864864864865,0.5384615384615384,0.5,1.0,0.5739644970414202,0.5562130177514792
553,St. Louis,Commute Time,bg,1397,NoPreTrain,3,1.0,0.6538461538461539,0.6153846153846154,1.0,0.7633136094674556,0.6686390532544378
554,St. Louis,Commute Time,bg,1397,NoPreTrain,4,1.0,0.5769230769230769,0.6538461538461539,1.0,0.6982248520710059,0.6449704142011834
555,St. Louis,Commute Time,bg,1397,NoPreTrain,5,0.9594594594594594,0.6153846153846154,0.6538461538461539,0.9963476990504017,0.6568047337278107,0.7159763313609467
556,St. Louis,Commute Time,bg,1397,NoPreTrain,6,1.0,0.6153846153846154,0.46153846153846156,1.0,0.5798816568047338,0.3905325443786982
557,St. Louis,Commute Time,bg,1397,NoPreTrain,7,0.9594594594594594,0.46153846153846156,0.5,0.9985390796201608,0.514792899408284,0.5207100591715976
558,St. Louis,Commute Time,bg,1397,NoPreTrain,8,0.9864864864864865,0.46153846153846156,0.4230769230769231,1.0,0.4260355029585799,0.4201183431952662
559,St. Louis,Commute Time,bg,1397,NoPreTrain,9,1.0,0.6153846153846154,0.6538461538461539,1.0,0.5532544378698225,0.7573964497041421
560,St. Louis,Median Age,bg,9395,Emb,0,1.0,0.5060975609756098,0.6280487804878049,1.0,0.5464009518143963,0.6328078524687686
561,St. Louis,Median Age,bg,9395,Emb,1,1.0,0.5426829268292683,0.5853658536585366,1.0,0.5853658536585367,0.6139202855443189
562,St. Louis,Median Age,bg,9395,Emb,2,1.0,0.5487804878048781,0.5975609756097561,1.0,0.5621653777513386,0.6292385484830458
563,St. Louis,Median Age,bg,9395,Emb,3,1.0,0.5182926829268293,0.6219512195121951,1.0,0.550118976799524,0.6533313503866747
564,St. Louis,Median Age,bg,9395,Emb,4,1.0,0.6097560975609756,0.4817073170731707,1.0,0.6213563355145747,0.5052052349791791
565,St. Louis,Median Age,bg,9395,Emb,5,1.0,0.524390243902439,0.5975609756097561,1.0,0.5404521118381915,0.641656751933373
566,St. Louis,Median Age,bg,9395,Emb,6,1.0,0.5914634146341463,0.5548780487804879,1.0,0.588340273646639,0.5633551457465794
567,St. Louis,Median Age,bg,9395,Emb,7,1.0,0.5548780487804879,0.6158536585365854,1.0,0.5672218917311125,0.6148126115407495
568,St. Louis,Median Age,bg,9395,Emb,8,1.0,0.5792682926829268,0.5487804878048781,1.0,0.6029149315883402,0.5612730517549078
569,St. Louis,Median Age,bg,9395,Emb,9,1.0,0.5548780487804879,0.5365853658536586,1.0,0.5959250446162998,0.5264723378941106
570,St. Louis,Median Age,bg,9395,RGNN,0,0.7067209775967414,0.5609756097560976,0.5182926829268293,0.8260162601626017,0.581945270672219,0.592207019631172
571,St. Louis,Median Age,bg,9395,RGNN,1,0.7474541751527495,0.6158536585365854,0.5975609756097561,0.8287373485979757,0.6493158834027364,0.643664485425342
572,St. Louis,Median Age,bg,9395,RGNN,2,0.6415478615071283,0.5487804878048781,0.5670731707317073,0.7495934959349595,0.6032123735871505,0.6041046995835813
573,St. Louis,Median Age,bg,9395,RGNN,3,0.7617107942973523,0.5975609756097561,0.6280487804878049,0.855135224821636,0.6414336704342654,0.6597263533610945
574,St. Louis,Median Age,bg,9395,RGNN,4,0.7678207739307535,0.6158536585365854,0.5670731707317073,0.8404513024722083,0.669244497323022,0.6058893515764427
575,St. Louis,Median Age,bg,9395,RGNN,5,0.7617107942973523,0.5914634146341463,0.5548780487804879,0.8280238924838228,0.6197204045211184,0.6091612135633551
576,St. Louis,Median Age,bg,9395,RGNN,6,0.6863543788187373,0.6280487804878049,0.5365853658536586,0.7711962833914054,0.6519928613920285,0.5843248066627007
577,St. Louis,Median Age,bg,9395,RGNN,7,0.7515274949083504,0.5914634146341463,0.6036585365853658,0.8439024390243902,0.6127305175490779,0.6418798334324807
578,St. Louis,Median Age,bg,9395,RGNN,8,0.780040733197556,0.6402439024390244,0.5,0.8815828770532602,0.6905116002379537,0.515318262938727
579,St. Louis,Median Age,bg,9395,RGNN,9,0.725050916496945,0.5975609756097561,0.5487804878048781,0.804446656711465,0.6287923854848304,0.5728732897085069
580,St. Louis,Median Age,bg,9395,Feat-RGNN,0,0.6843177189409368,0.5792682926829268,0.5914634146341463,0.7754770200763232,0.5823914336704343,0.6424747174301012
581,St. Louis,Median Age,bg,9395,Feat-RGNN,1,0.7189409368635438,0.6402439024390244,0.5914634146341463,0.790028206404513,0.6823319452706722,0.6386079714455681
582,St. Louis,Median Age,bg,9395,Feat-RGNN,2,0.7270875763747454,0.5853658536585366,0.5853658536585366,0.801543056246889,0.6207614515169542,0.6179357525282569
583,St. Louis,Median Age,bg,9395,Feat-RGNN,3,0.6985743380855397,0.5365853658536586,0.6402439024390244,0.7792599966815994,0.5739143367043427,0.6899167162403331
584,St. Louis,Median Age,bg,9395,Feat-RGNN,4,0.7556008146639511,0.573170731707317,0.49390243902439024,0.82284718765555,0.6287923854848305,0.565437239738251
585,St. Louis,Median Age,bg,9395,Feat-RGNN,5,0.6924643584521385,0.5609756097560976,0.6158536585365854,0.7697693711630995,0.6044021415823915,0.6280487804878048
586,St. Louis,Median Age,bg,9395,Feat-RGNN,6,0.7291242362525459,0.5487804878048781,0.5914634146341463,0.8377799900447985,0.6157049375371801,0.607674003569304
587,St. Louis,Median Age,bg,9395,Feat-RGNN,7,0.6782077393075356,0.573170731707317,0.5975609756097561,0.7851999336319894,0.6076740035693041,0.630725758477097
588,St. Louis,Median Age,bg,9395,Feat-RGNN,8,0.7617107942973523,0.5609756097560976,0.5304878048780488,0.841662518666003,0.6226948245092208,0.5404521118381915
589,St. Louis,Median Age,bg,9395,Feat-RGNN,9,0.670061099796334,0.5670731707317073,0.6097560975609756,0.7526464244234279,0.6238845925044617,0.6453004164187983
590,St. Louis,Median Age,bg,9395,Feat\&PC-RGNN,0,0.6843177189409368,0.5487804878048781,0.573170731707317,0.7668989547038327,0.5484830458060678,0.627007733491969
591,St. Louis,Median Age,bg,9395,Feat\&PC-RGNN,1,0.6985743380855397,0.6097560975609756,0.5426829268292683,0.7651733864277418,0.6457465794170137,0.5923557406305772
592,St. Louis,Median Age,bg,9395,Feat\&PC-RGNN,2,0.7230142566191446,0.5182926829268293,0.5853658536585366,0.8443670150987225,0.5632064247471743,0.6499107674003569
593,St. Louis,Median Age,bg,9395,Feat\&PC-RGNN,3,0.7393075356415478,0.5792682926829268,0.573170731707317,0.8368840219014434,0.6276026174895896,0.639649018441404
594,St. Louis,Median Age,bg,9395,Feat\&PC-RGNN,4,0.7189409368635438,0.6402439024390244,0.6036585365853658,0.7803052928488469,0.6685008923259965,0.6298334324806664
595,St. Louis,Median Age,bg,9395,Feat\&PC-RGNN,5,0.7067209775967414,0.524390243902439,0.6036585365853658,0.8014269122283058,0.5872992266508031,0.6418798334324807
596,St. Louis,Median Age,bg,9395,Feat\&PC-RGNN,6,0.6863543788187373,0.5060975609756098,0.5670731707317073,0.8006636801061888,0.558893515764426,0.5850684116597263
597,St. Louis,Median Age,bg,9395,Feat\&PC-RGNN,7,0.7474541751527495,0.5426829268292683,0.5487804878048781,0.854720424755268,0.5983045806067817,0.5710886377156454
598,St. Louis,Median Age,bg,9395,Feat\&PC-RGNN,8,0.7169042769857433,0.5853658536585366,0.524390243902439,0.8207234113157458,0.620612730517549,0.550118976799524
599,St. Louis,Median Age,bg,9395,Feat\&PC-RGNN,9,0.7759674134419552,0.5670731707317073,0.5792682926829268,0.8608096897295504,0.6067816775728733,0.5902736466389055
600,St. Louis,Median Age,bg,9395,LightGCN,0,0.835030549898167,0.5609756097560976,0.6036585365853658,0.9237597478015597,0.6155562165377751,0.6387566924449732
601,St. Louis,Median Age,bg,9395,LightGCN,1,0.7617107942973523,0.5853658536585366,0.573170731707317,0.8720258835241415,0.6637418203450327,0.6157049375371803
602,St. Louis,Median Age,bg,9395,LightGCN,2,0.7861507128309573,0.5,0.5670731707317073,0.8637132901941266,0.5529446757882213,0.5862581796549673
603,St. Louis,Median Age,bg,9395,LightGCN,3,0.835030549898167,0.5609756097560976,0.6646341463414634,0.9161108345777336,0.6014277215942891,0.676977989292088
604,St. Louis,Median Age,bg,9395,LightGCN,4,0.8309572301425662,0.5670731707317073,0.5548780487804879,0.911929649908744,0.6235871505056514,0.5746579417013683
605,St. Louis,Median Age,bg,9395,LightGCN,5,0.8126272912423625,0.5365853658536586,0.5792682926829268,0.8897461423593828,0.5715348007138609,0.6146638905413445
606,St. Louis,Median Age,bg,9395,LightGCN,6,0.8329938900203666,0.6097560975609756,0.5792682926829268,0.8959515513522481,0.625520523497918,0.6000892325996432
607,St. Louis,Median Age,bg,9395,LightGCN,7,0.8370672097759674,0.5670731707317073,0.5182926829268293,0.9230628836900615,0.592207019631172,0.5655859607376562
608,St. Louis,Median Age,bg,9395,LightGCN,8,0.8268839103869654,0.6219512195121951,0.5182926829268293,0.9151484984237597,0.6548185603807257,0.5266210588935158
609,St. Louis,Median Age,bg,9395,LightGCN,9,0.8533604887983707,0.5426829268292683,0.5853658536585366,0.9199601791936286,0.6206127305175491,0.5788221296847115
610,St. Louis,Median Age,bg,9395,Feat-LightGCN,0,0.9979633401221996,0.6097560975609756,0.6219512195121951,1.0,0.6409875074360499,0.6661213563355145
611,St. Louis,Median Age,bg,9395,Feat-LightGCN,1,0.9918533604887984,0.6402439024390244,0.5792682926829268,0.9991040318566451,0.6415823914336704,0.608863771564545
612,St. Louis,Median Age,bg,9395,Feat-LightGCN,2,0.6863543788187373,0.5548780487804879,0.5609756097560976,0.993529118964659,0.6032123735871505,0.6621058893515764
613,St. Louis,Median Age,bg,9395,Feat-LightGCN,3,0.9918533604887984,0.6036585365853658,0.5853658536585366,0.9997345279575245,0.6475312314098751,0.6453747769185009
614,St. Louis,Median Age,bg,9395,Feat-LightGCN,4,0.9775967413441955,0.5914634146341463,0.5609756097560976,0.9964327194292352,0.6245538370017846,0.6325104104699584
615,St. Louis,Median Age,bg,9395,Feat-LightGCN,5,0.9511201629327902,0.5609756097560976,0.5914634146341463,0.9864775178364028,0.5837299226650803,0.6540749553837002
616,St. Louis,Median Age,bg,9395,Feat-LightGCN,6,0.9653767820773931,0.6097560975609756,0.5975609756097561,0.9972291355566617,0.6030636525877454,0.632584770969661
617,St. Louis,Median Age,bg,9395,Feat-LightGCN,7,0.9816700610997964,0.5670731707317073,0.6341463414634146,0.9989049278247885,0.6119869125520523,0.6632956573468175
618,St. Louis,Median Age,bg,9395,Feat-LightGCN,8,0.9979633401221996,0.6280487804878049,0.5487804878048781,0.9999668159946906,0.7198096371207615,0.5825401546698393
619,St. Louis,Median Age,bg,9395,Feat-LightGCN,9,0.9674134419551935,0.6036585365853658,0.6341463414634146,0.9937614070018251,0.6625520523497916,0.6429208804283165
620,St. Louis,Median Age,bg,9395,Feat\&PC-LightGCN,0,0.9877800407331976,0.5304878048780488,0.5914634146341463,0.9985233117637299,0.5579268292682926,0.6001635930993457
621,St. Louis,Median Age,bg,9395,Feat\&PC-LightGCN,1,0.9755600814663951,0.5914634146341463,0.5670731707317073,0.9971627675460428,0.6136228435455087,0.6060380725758476
622,St. Louis,Median Age,bg,9395,Feat\&PC-LightGCN,2,0.9755600814663951,0.5609756097560976,0.5426829268292683,0.9952380952380953,0.5785246876859012,0.6168947055324212
623,St. Louis,Median Age,bg,9395,Feat\&PC-LightGCN,3,0.9837067209775967,0.5792682926829268,0.6341463414634146,0.9986726397876223,0.5899018441403927,0.6743010113027961
624,St. Louis,Median Age,bg,9395,Feat\&PC-LightGCN,4,0.9613034623217923,0.6158536585365854,0.5487804878048781,0.9963663514186163,0.6331052944675788,0.5904223676383105
625,St. Louis,Median Age,bg,9395,Feat\&PC-LightGCN,5,0.955193482688391,0.5304878048780488,0.6158536585365854,0.9970300315248051,0.5469214753123142,0.6484235574063058
626,St. Louis,Median Age,bg,9395,Feat\&PC-LightGCN,6,0.8268839103869654,0.5792682926829268,0.5853658536585366,0.987887838062054,0.573022010707912,0.6113920285544319
627,St. Louis,Median Age,bg,9395,Feat\&PC-LightGCN,7,0.9877800407331976,0.5670731707317073,0.5548780487804879,0.9987390077982413,0.5989738251041047,0.6201665675193337
628,St. Louis,Median Age,bg,9395,Feat\&PC-LightGCN,8,0.9633401221995926,0.6219512195121951,0.5609756097560976,0.9952380952380953,0.6708804283164783,0.5275133848899465
629,St. Louis,Median Age,bg,9395,Feat\&PC-LightGCN,9,0.9633401221995926,0.6097560975609756,0.5487804878048781,0.9904761904761905,0.6548929208804284,0.5574063057703748
630,St. Louis,Median Age,bg,9395,NoPreTrain,0,0.9959266802443992,0.5365853658536586,0.5426829268292683,0.9999668159946906,0.5092207019631172,0.5872992266508031
631,St. Louis,Median Age,bg,9395,NoPreTrain,1,0.9837067209775967,0.5792682926829268,0.5792682926829268,0.9991869918699187,0.5881915526472338,0.5886377156454492
632,St. Louis,Median Age,bg,9395,NoPreTrain,2,0.9511201629327902,0.5304878048780488,0.5670731707317073,0.9947569271611083,0.5200773349196907,0.5548780487804879
633,St. Louis,Median Age,bg,9395,NoPreTrain,3,0.9877800407331976,0.5182926829268293,0.5792682926829268,0.9976107516177202,0.5492266508030933,0.6293872694824509
634,St. Louis,Median Age,bg,9395,NoPreTrain,4,0.9979633401221996,0.5548780487804879,0.524390243902439,0.9997179359548698,0.5514574657941702,0.5469958358120166
635,St. Louis,Median Age,bg,9395,NoPreTrain,5,0.9959266802443992,0.5182926829268293,0.573170731707317,0.9999668159946906,0.5517549077929804,0.6112433075550268
636,St. Louis,Median Age,bg,9395,NoPreTrain,6,0.9898167006109979,0.6097560975609756,0.6158536585365854,0.9996681599469055,0.6116894705532422,0.630725758477097
637,St. Louis,Median Age,bg,9395,NoPreTrain,7,0.9837067209775967,0.5,0.5365853658536586,0.9993695038991206,0.5028256989886971,0.5472932778108268
638,St. Louis,Median Age,bg,9395,NoPreTrain,8,0.9979633401221996,0.5670731707317073,0.47560975609756095,0.9999834079973453,0.6157049375371803,0.4843842950624629
639,St. Louis,Median Age,bg,9395,NoPreTrain,9,0.9816700610997964,0.4878048780487805,0.4878048780487805,0.997677119628339,0.5709399167162403,0.4913741820345032
640,Indianapolis,Median Income,bg,6145,Emb,0,1.0,0.7448979591836735,0.6224489795918368,1.0,0.78009162848813,0.6638900458142442
641,Indianapolis,Median Income,bg,6145,Emb,1,1.0,0.7346938775510204,0.6530612244897959,1.0,0.7630154102457309,0.7026239067055393
642,Indianapolis,Median Income,bg,6145,Emb,2,1.0,0.673469387755102,0.7448979591836735,1.0,0.7063723448563097,0.8017492711370262
643,Indianapolis,Median Income,bg,6145,Emb,3,1.0,0.6836734693877551,0.6122448979591837,1.0,0.7571845064556434,0.700124947938359
644,Indianapolis,Median Income,bg,6145,Emb,4,1.0,0.673469387755102,0.6122448979591837,1.0,0.7296959600166597,0.6480633069554353
645,Indianapolis,Median Income,bg,6145,Emb,5,1.0,0.6530612244897959,0.6632653061224489,1.0,0.7080383173677635,0.702832153269471
646,Indianapolis,Median Income,bg,6145,Emb,6,1.0,0.673469387755102,0.7142857142857143,1.0,0.7346938775510204,0.7696793002915452
647,Indianapolis,Median Income,bg,6145,Emb,7,1.0,0.6530612244897959,0.5918367346938775,1.0,0.6870054144106623,0.6934610578925448
648,Indianapolis,Median Income,bg,6145,Emb,8,1.0,0.6530612244897959,0.6122448979591837,1.0,0.770512286547272,0.6351520199916701
649,Indianapolis,Median Income,bg,6145,Emb,9,1.0,0.6632653061224489,0.6224489795918368,1.0,0.7238650562265723,0.6768013327780091
650,Indianapolis,Median Income,bg,6145,RGNN,0,0.7474402730375427,0.6020408163265306,0.7244897959183674,0.8481502189917063,0.6822157434402332,0.7280299875052062
651,Indianapolis,Median Income,bg,6145,RGNN,1,0.8361774744027304,0.6428571428571429,0.6530612244897959,0.904901686702078,0.7596834652228237,0.709704289879217
652,Indianapolis,Median Income,bg,6145,RGNN,2,0.8293515358361775,0.6122448979591837,0.7244897959183674,0.8875687261205852,0.6538942107455227,0.7996668054977093
653,Indianapolis,Median Income,bg,6145,RGNN,3,0.8054607508532423,0.6428571428571429,0.6836734693877551,0.8952101388500605,0.6763848396501457,0.6718034152436485
654,Indianapolis,Median Income,bg,6145,RGNN,4,0.7747440273037542,0.6020408163265306,0.6326530612244898,0.899496785015376,0.6830487296959601,0.6759683465222824
655,Indianapolis,Median Income,bg,6145,RGNN,5,0.7747440273037542,0.6428571428571429,0.6938775510204082,0.8779703662286832,0.7209496043315285,0.7713452728029987
656,Indianapolis,Median Income,bg,6145,RGNN,6,0.8600682593856656,0.6530612244897959,0.7346938775510204,0.9199049482806821,0.7080383173677633,0.7555185339441899
657,Indianapolis,Median Income,bg,6145,RGNN,7,0.7610921501706485,0.6020408163265306,0.7040816326530612,0.8814649147330166,0.6180758017492711,0.802582257392753
658,Indianapolis,Median Income,bg,6145,RGNN,8,0.8703071672354948,0.7551020408163265,0.6326530612244898,0.9282918646910818,0.8363182007496875,0.6609745939192004
659,Indianapolis,Median Income,bg,6145,RGNN,9,0.8839590443686007,0.6326530612244898,0.673469387755102,0.95494362128413,0.7022074135776761,0.7288629737609329
660,Indianapolis,Median Income,bg,6145,Feat-RGNN,0,0.8395904436860068,0.6938775510204082,0.673469387755102,0.9094678967477401,0.7396917950853811,0.7584339858392336
661,Indianapolis,Median Income,bg,6145,Feat-RGNN,1,0.8703071672354948,0.7857142857142857,0.6428571428571429,0.9117510017705712,0.8267388588088297,0.6480633069554352
662,Indianapolis,Median Income,bg,6145,Feat-RGNN,2,0.7679180887372014,0.5918367346938775,0.673469387755102,0.8168390643928805,0.6409829237817576,0.7621824239900042
663,Indianapolis,Median Income,bg,6145,Feat-RGNN,3,0.8054607508532423,0.6836734693877551,0.5816326530612245,0.8883142298015096,0.7505206164098291,0.6234902124114953
664,Indianapolis,Median Income,bg,6145,Feat-RGNN,4,0.8293515358361775,0.6428571428571429,0.6428571428571429,0.873031404342559,0.6547271970012495,0.6426488962932111
665,Indianapolis,Median Income,bg,6145,Feat-RGNN,5,0.7610921501706485,0.6938775510204082,0.7040816326530612,0.8628273227099059,0.8050812161599333,0.7371928363182008
666,Indianapolis,Median Income,bg,6145,Feat-RGNN,6,0.8020477815699659,0.6836734693877551,0.6938775510204082,0.8891529214425496,0.7292794668887963,0.7463556851311954
667,Indianapolis,Median Income,bg,6145,Feat-RGNN,7,0.8088737201365188,0.6530612244897959,0.6632653061224489,0.9001491007361848,0.6938775510204083,0.7900874635568513
668,Indianapolis,Median Income,bg,6145,Feat-RGNN,8,0.764505119453925,0.6938775510204082,0.5816326530612245,0.818796011555307,0.7263640149937527,0.6309870887130361
669,Indianapolis,Median Income,bg,6145,Feat-RGNN,9,0.8600682593856656,0.6530612244897959,0.6938775510204082,0.9350945857795172,0.7013744273219492,0.7184506455643482
670,Indianapolis,Median Income,bg,6145,Feat\&PC-RGNN,0,0.7918088737201365,0.6224489795918368,0.7244897959183674,0.8307706644301556,0.6913785922532278,0.7467721782590587
671,Indianapolis,Median Income,bg,6145,Feat\&PC-RGNN,1,0.8737201365187713,0.7551020408163265,0.6632653061224489,0.9377038486627527,0.7896709704289878,0.736359850062474
672,Indianapolis,Median Income,bg,6145,Feat\&PC-RGNN,2,0.8737201365187713,0.6836734693877551,0.7551020408163265,0.9391016680644859,0.738442315701791,0.8296543107038734
673,Indianapolis,Median Income,bg,6145,Feat\&PC-RGNN,3,0.8327645051194539,0.6632653061224489,0.673469387755102,0.9220482713633399,0.7076218242399002,0.7688463140358184
674,Indianapolis,Median Income,bg,6145,Feat\&PC-RGNN,4,0.8156996587030717,0.6122448979591837,0.6938775510204082,0.904948280682136,0.7292794668887962,0.6776343190337359
675,Indianapolis,Median Income,bg,6145,Feat\&PC-RGNN,5,0.8498293515358362,0.6836734693877551,0.7142857142857143,0.8960954244711582,0.751353602665556,0.764264889629321
676,Indianapolis,Median Income,bg,6145,Feat\&PC-RGNN,6,0.9044368600682594,0.7244897959183674,0.7755102040816326,0.95997577113037,0.8050812161599333,0.8025822573927529
677,Indianapolis,Median Income,bg,6145,Feat\&PC-RGNN,7,0.8156996587030717,0.7040816326530612,0.673469387755102,0.9092349268474512,0.7180341524364848,0.7900874635568513
678,Indianapolis,Median Income,bg,6145,Feat\&PC-RGNN,8,0.8122866894197952,0.7142857142857143,0.5918367346938775,0.9039232131208649,0.8254893794252394,0.675551853394419
679,Indianapolis,Median Income,bg,6145,Feat\&PC-RGNN,9,0.7201365187713311,0.6836734693877551,0.673469387755102,0.8757804491659678,0.7571845064556434,0.7513536026655561
680,Indianapolis,Median Income,bg,6145,LightGCN,0,0.8293515358361775,0.7346938775510204,0.6836734693877551,0.9179014071381977,0.7825905872553103,0.7667638483965015
681,Indianapolis,Median Income,bg,6145,LightGCN,1,0.9215017064846417,0.7346938775510204,0.6632653061224489,0.9803373404156183,0.8450645564348188,0.7209496043315285
682,Indianapolis,Median Income,bg,6145,LightGCN,2,0.9249146757679181,0.7040816326530612,0.7244897959183674,0.9804771223557915,0.7396917950853812,0.8304872969596001
683,Indianapolis,Median Income,bg,6145,LightGCN,3,0.9010238907849829,0.7142857142857143,0.673469387755102,0.9639362594352809,0.7742607246980425,0.7521865889212829
684,Indianapolis,Median Income,bg,6145,LightGCN,4,0.9146757679180887,0.6428571428571429,0.6530612244897959,0.9855092722020314,0.7259475218658892,0.7030403998334027
685,Indianapolis,Median Income,bg,6145,LightGCN,5,0.8464163822525598,0.7040816326530612,0.7142857142857143,0.9378436306029261,0.7584339858392337,0.7692628071636817
686,Indianapolis,Median Income,bg,6145,LightGCN,6,0.89419795221843,0.7346938775510204,0.7142857142857143,0.9713912962445252,0.8146605581007913,0.7925864223240315
687,Indianapolis,Median Income,bg,6145,LightGCN,7,0.9044368600682594,0.6632653061224489,0.7448979591836735,0.9744199049482807,0.7321949187838401,0.8367346938775511
688,Indianapolis,Median Income,bg,6145,LightGCN,8,0.8873720136518771,0.7551020408163265,0.673469387755102,0.9555027490448234,0.8042482299042065,0.6780508121615993
689,Indianapolis,Median Income,bg,6145,LightGCN,9,0.89419795221843,0.7142857142857143,0.7040816326530612,0.9616065604323921,0.7746772178259057,0.7463556851311953
690,Indianapolis,Median Income,bg,6145,Feat-LightGCN,0,1.0,0.673469387755102,0.6530612244897959,1.0,0.775926697209496,0.7428154935443565
691,Indianapolis,Median Income,bg,6145,Feat-LightGCN,1,1.0,0.7448979591836735,0.6530612244897959,1.0,0.8338192419825072,0.7238650562265723
692,Indianapolis,Median Income,bg,6145,Feat-LightGCN,2,1.0,0.7040816326530612,0.7040816326530612,1.0,0.7542690545605997,0.7859225322782174
693,Indianapolis,Median Income,bg,6145,Feat-LightGCN,3,1.0,0.7040816326530612,0.6326530612244898,1.0,0.7255310287380259,0.7301124531445231
694,Indianapolis,Median Income,bg,6145,Feat-LightGCN,4,0.9965870307167235,0.7040816326530612,0.6326530612244898,0.9981828347777466,0.7821740941274469,0.694710537276135
695,Indianapolis,Median Income,bg,6145,Feat-LightGCN,5,0.9931740614334471,0.6836734693877551,0.7142857142857143,0.9971577672164756,0.751353602665556,0.7296959600166597
696,Indianapolis,Median Income,bg,6145,Feat-LightGCN,6,1.0,0.7448979591836735,0.7040816326530612,1.0,0.7709287796751354,0.7646813827571846
697,Indianapolis,Median Income,bg,6145,Feat-LightGCN,7,0.9965870307167235,0.6938775510204082,0.7040816326530612,1.0,0.7480216576426488,0.8071636817992504
698,Indianapolis,Median Income,bg,6145,Feat-LightGCN,8,1.0,0.7040816326530612,0.6428571428571429,1.0,0.8063306955435235,0.6609745939192003
699,Indianapolis,Median Income,bg,6145,Feat-LightGCN,9,1.0,0.7040816326530612,0.6836734693877551,1.0,0.75551853394419,0.7567680133277801
700,Indianapolis,Median Income,bg,6145,Feat\&PC-LightGCN,0,0.9658703071672355,0.7040816326530612,0.673469387755102,0.9971577672164758,0.7734277384423156,0.7357351103706788
701,Indianapolis,Median Income,bg,6145,Feat\&PC-LightGCN,1,1.0,0.7551020408163265,0.6530612244897959,1.0,0.8300708038317367,0.7109537692628071
702,Indianapolis,Median Income,bg,6145,Feat\&PC-LightGCN,2,0.9965870307167235,0.673469387755102,0.7142857142857143,1.0,0.7692628071636818,0.7684298209079551
703,Indianapolis,Median Income,bg,6145,Feat\&PC-LightGCN,3,1.0,0.6428571428571429,0.7040816326530612,1.0,0.7438567263640149,0.743856726364015
704,Indianapolis,Median Income,bg,6145,Feat\&PC-LightGCN,4,1.0,0.673469387755102,0.6428571428571429,1.0,0.7586422324031653,0.7211578508954601
705,Indianapolis,Median Income,bg,6145,Feat\&PC-LightGCN,5,1.0,0.673469387755102,0.7244897959183674,1.0,0.7513536026655561,0.7859225322782173
706,Indianapolis,Median Income,bg,6145,Feat\&PC-LightGCN,6,1.0,0.7040816326530612,0.7244897959183674,1.0,0.7865472719700125,0.7890462307371928
707,Indianapolis,Median Income,bg,6145,Feat\&PC-LightGCN,7,1.0,0.673469387755102,0.7448979591836735,1.0,0.7509371095376927,0.8334027488546439
708,Indianapolis,Median Income,bg,6145,Feat\&PC-LightGCN,8,0.9965870307167235,0.7244897959183674,0.5816326530612245,1.0,0.8054977092877966,0.6434818825489378
709,Indianapolis,Median Income,bg,6145,Feat\&PC-LightGCN,9,0.9965870307167235,0.7448979591836735,0.7142857142857143,1.0,0.7775926697209496,0.7655143690129114
710,Indianapolis,Median Income,bg,6145,NoPreTrain,0,0.9761092150170648,0.6632653061224489,0.6020408163265306,0.9972043611965333,0.7184506455643482,0.6751353602665555
711,Indianapolis,Median Income,bg,6145,NoPreTrain,1,0.9863481228668942,0.7244897959183674,0.6530612244897959,0.9994408722393067,0.7584339858392337,0.6980424822990421
712,Indianapolis,Median Income,bg,6145,NoPreTrain,2,0.9897610921501706,0.6938775510204082,0.6632653061224489,0.9988351504985555,0.6959600166597251,0.7059558517284465
713,Indianapolis,Median Income,bg,6145,NoPreTrain,3,0.9795221843003413,0.5816326530612245,0.6224489795918368,0.99832261671792,0.6314035818408996,0.6601416076634735
714,Indianapolis,Median Income,bg,6145,NoPreTrain,4,0.9692832764505119,0.6326530612244898,0.6836734693877551,0.9975771130369956,0.7159516867971678,0.698042482299042
715,Indianapolis,Median Income,bg,6145,NoPreTrain,5,0.9761092150170648,0.6122448979591837,0.5918367346938775,0.9989283384586711,0.6601416076634736,0.6563931695127031
716,Indianapolis,Median Income,bg,6145,NoPreTrain,6,0.9863481228668942,0.6428571428571429,0.6530612244897959,0.9996272481595377,0.7013744273219492,0.7192836318200749
717,Indianapolis,Median Income,bg,6145,NoPreTrain,7,0.9931740614334471,0.6122448979591837,0.7346938775510204,0.9986953685583823,0.678883798417326,0.7517700957934195
718,Indianapolis,Median Income,bg,6145,NoPreTrain,8,0.9931740614334471,0.6020408163265306,0.6530612244897959,0.9998602180598266,0.65847563515202,0.6668054977092878
719,Indianapolis,Median Income,bg,6145,NoPreTrain,9,0.9726962457337884,0.673469387755102,0.6530612244897959,0.9907277979685024,0.6826322365680966,0.6372344856309872
720,Indianapolis,Median Home Value,bg,5784,Emb,0,1.0,0.723404255319149,0.8297872340425532,1.0,0.7573562698053418,0.8845631507469445
721,Indianapolis,Median Home Value,bg,5784,Emb,1,1.0,0.7978723404255319,0.776595744680851,1.0,0.8886373924852874,0.8325033952014486
722,Indianapolis,Median Home Value,bg,5784,Emb,2,1.0,0.7340425531914894,0.7553191489361702,1.0,0.8021729289271163,0.8220914440923495
723,Indianapolis,Median Home Value,bg,5784,Emb,3,1.0,0.723404255319149,0.7340425531914894,1.0,0.7858759619737438,0.8008148483476686
724,Indianapolis,Median Home Value,bg,5784,Emb,4,1.0,0.7872340425531915,0.7446808510638298,1.0,0.8564961521050248,0.8555907650520597
725,Indianapolis,Median Home Value,bg,5784,Emb,5,1.0,0.7659574468085106,0.7021276595744681,1.0,0.8460842009959257,0.7383431416930739
726,Indianapolis,Median Home Value,bg,5784,Emb,6,1.0,0.776595744680851,0.8404255319148937,1.0,0.8196016296966954,0.9253055681303757
727,Indianapolis,Median Home Value,bg,5784,Emb,7,1.0,0.776595744680851,0.7872340425531915,1.0,0.8392937980986872,0.8768673607967405
728,Indianapolis,Median Home Value,bg,5784,Emb,8,1.0,0.7872340425531915,0.723404255319149,1.0,0.8302399275690358,0.7922136713444997
729,Indianapolis,Median Home Value,bg,5784,Emb,9,1.0,0.7021276595744681,0.7446808510638298,1.0,0.776595744680851,0.8379357175192395
730,Indianapolis,Median Home Value,bg,5784,RGNN,0,0.9219858156028369,0.7127659574468085,0.776595744680851,0.9752527538856195,0.8293345405160707,0.8655500226346763
731,Indianapolis,Median Home Value,bg,5784,RGNN,1,0.9397163120567376,0.7659574468085106,0.776595744680851,0.9890347568029777,0.894522408329561,0.8216387505658669
732,Indianapolis,Median Home Value,bg,5784,RGNN,2,0.9042553191489362,0.7340425531914894,0.7978723404255319,0.9714803078315981,0.8506111362607516,0.8854685377999095
733,Indianapolis,Median Home Value,bg,5784,RGNN,3,0.925531914893617,0.7340425531914894,0.7021276595744681,0.9775665207987525,0.8483476686283387,0.8066998641919421
734,Indianapolis,Median Home Value,bg,5784,RGNN,4,0.8865248226950354,0.7446808510638298,0.7446808510638298,0.9662491826366882,0.8125848800362155,0.8352195563603441
735,Indianapolis,Median Home Value,bg,5784,RGNN,5,0.8652482269503546,0.7553191489361702,0.648936170212766,0.9349127307479503,0.8488003621548212,0.7093707559981891
736,Indianapolis,Median Home Value,bg,5784,RGNN,6,0.8652482269503546,0.6808510638297872,0.8085106382978723,0.9463306674714551,0.7922136713444997,0.9148936170212767
737,Indianapolis,Median Home Value,bg,5784,RGNN,7,0.8652482269503546,0.7340425531914894,0.776595744680851,0.9501031135254765,0.8239022181982798,0.8583069262109552
738,Indianapolis,Median Home Value,bg,5784,RGNN,8,0.8297872340425532,0.7340425531914894,0.6702127659574468,0.9839042301695086,0.8483476686283387,0.8184698958804889
739,Indianapolis,Median Home Value,bg,5784,RGNN,9,0.900709219858156,0.7340425531914894,0.7978723404255319,0.968663548111262,0.793119058397465,0.8705296514259846
740,Indianapolis,Median Home Value,bg,5784,Feat-RGNN,0,0.8439716312056738,0.6808510638297872,0.7553191489361702,0.9459785725064132,0.7460389316432774,0.7496604798551382
741,Indianapolis,Median Home Value,bg,5784,Feat-RGNN,1,0.9290780141843972,0.7659574468085106,0.7553191489361702,0.9909964287510689,0.8732458125848801,0.8546853779990946
742,Indianapolis,Median Home Value,bg,5784,Feat-RGNN,2,0.8404255319148937,0.776595744680851,0.7553191489361702,0.9097630903878074,0.8162064282480761,0.8415572657311001
743,Indianapolis,Median Home Value,bg,5784,Feat-RGNN,3,0.8936170212765957,0.7553191489361702,0.7872340425531915,0.9315426789396911,0.840651878678135,0.8465368945224083
744,Indianapolis,Median Home Value,bg,5784,Feat-RGNN,4,0.8262411347517731,0.6702127659574468,0.723404255319149,0.9226397062522006,0.8171118153010413,0.8442734268899954
745,Indianapolis,Median Home Value,bg,5784,Feat-RGNN,5,0.8439716312056738,0.7553191489361702,0.7021276595744681,0.9169055882500879,0.8347668628338615,0.7442281575373472
746,Indianapolis,Median Home Value,bg,5784,Feat-RGNN,6,0.8404255319148937,0.7340425531914894,0.8404255319148937,0.9004577234545545,0.7822544137618832,0.8741511996378453
747,Indianapolis,Median Home Value,bg,5784,Feat-RGNN,7,0.8865248226950354,0.7446808510638298,0.723404255319149,0.9691162416377446,0.8021729289271164,0.8488003621548211
748,Indianapolis,Median Home Value,bg,5784,Feat-RGNN,8,0.9078014184397163,0.7446808510638298,0.6808510638297872,0.9837533323273479,0.8832050701674965,0.7867813490267088
749,Indianapolis,Median Home Value,bg,5784,Feat-RGNN,9,0.8900709219858156,0.776595744680851,0.7978723404255319,0.9701222272521504,0.8746038931643277,0.8157537347215935
750,Indianapolis,Median Home Value,bg,5784,Feat\&PC-RGNN,0,0.9468085106382979,0.723404255319149,0.7872340425531915,0.9849605150646346,0.7808963331824355,0.8374830239927569
751,Indianapolis,Median Home Value,bg,5784,Feat\&PC-RGNN,1,0.875886524822695,0.7340425531914894,0.723404255319149,0.95774860419496,0.8279764599366228,0.812132186509733
752,Indianapolis,Median Home Value,bg,5784,Feat\&PC-RGNN,2,0.8723404255319149,0.7553191489361702,0.776595744680851,0.9587042905286455,0.8610230873698507,0.8718877320054323
753,Indianapolis,Median Home Value,bg,5784,Feat\&PC-RGNN,3,0.8156028368794326,0.7553191489361702,0.6808510638297872,0.9323474674312158,0.7976459936622907,0.8315980081484835
754,Indianapolis,Median Home Value,bg,5784,Feat\&PC-RGNN,4,0.9042553191489362,0.7659574468085106,0.723404255319149,0.951058799859162,0.7732005432322318,0.7949298325033951
755,Indianapolis,Median Home Value,bg,5784,Feat\&PC-RGNN,5,0.8971631205673759,0.8191489361702128,0.8085106382978723,0.9624767365826669,0.866908103214124,0.8569488456315075
756,Indianapolis,Median Home Value,bg,5784,Feat\&PC-RGNN,6,0.8014184397163121,0.6914893617021277,0.8191489361702128,0.9155978069513606,0.7754640108646447,0.92077863286555
757,Indianapolis,Median Home Value,bg,5784,Feat\&PC-RGNN,7,0.8617021276595744,0.776595744680851,0.7553191489361702,0.926210955183341,0.8433680398370302,0.8623811679492983
758,Indianapolis,Median Home Value,bg,5784,Feat\&PC-RGNN,8,0.9468085106382979,0.7553191489361702,0.7978723404255319,0.9835018359237463,0.8605703938433681,0.8392937980986872
759,Indianapolis,Median Home Value,bg,5784,Feat\&PC-RGNN,9,0.8652482269503546,0.776595744680851,0.7978723404255319,0.9412504401187063,0.8216387505658669,0.8474422815753735
760,Indianapolis,Median Home Value,bg,5784,LightGCN,0,0.9716312056737588,0.7340425531914894,0.7978723404255319,0.9973341381218248,0.8261656858306926,0.869171570846537
761,Indianapolis,Median Home Value,bg,5784,LightGCN,1,0.9397163120567376,0.8085106382978723,0.7446808510638298,0.9884814647150546,0.9216840199185152,0.8322770484382073
762,Indianapolis,Median Home Value,bg,5784,LightGCN,2,0.8829787234042553,0.7553191489361702,0.8191489361702128,0.958804889090086,0.8207333635129018,0.8854685377999094
763,Indianapolis,Median Home Value,bg,5784,LightGCN,3,0.9184397163120568,0.776595744680851,0.8085106382978723,0.9807353754841306,0.8492530556813037,0.8533272974196469
764,Indianapolis,Median Home Value,bg,5784,LightGCN,4,0.9290780141843972,0.7978723404255319,0.7340425531914894,0.9820431567828579,0.853327297419647,0.8515165233137166
765,Indianapolis,Median Home Value,bg,5784,LightGCN,5,0.9184397163120568,0.8297872340425532,0.7127659574468085,0.9738443740254515,0.8646446355817112,0.8153010411951109
766,Indianapolis,Median Home Value,bg,5784,LightGCN,6,0.9184397163120568,0.776595744680851,0.851063829787234,0.9759569438157034,0.8354459031235852,0.9130828429153464
767,Indianapolis,Median Home Value,bg,5784,LightGCN,7,0.9432624113475178,0.7553191489361702,0.8191489361702128,0.9789246013782003,0.8125848800362154,0.9094612947034858
768,Indianapolis,Median Home Value,bg,5784,LightGCN,8,0.9893617021276596,0.8191489361702128,0.7872340425531915,0.9993964086313566,0.8949751018560433,0.8474422815753736
769,Indianapolis,Median Home Value,bg,5784,LightGCN,9,0.9397163120567376,0.7659574468085106,0.7340425531914894,0.9826970474322216,0.8578542326844726,0.8306926210955183
770,Indianapolis,Median Home Value,bg,5784,Feat-LightGCN,0,1.0,0.7340425531914894,0.723404255319149,1.0,0.8248076052512449,0.860570393843368
771,Indianapolis,Median Home Value,bg,5784,Feat-LightGCN,1,1.0,0.7872340425531915,0.7659574468085106,1.0,0.9139882299683115,0.8381620642824807
772,Indianapolis,Median Home Value,bg,5784,Feat-LightGCN,2,1.0,0.776595744680851,0.851063829787234,1.0,0.8755092802172929,0.9148936170212766
773,Indianapolis,Median Home Value,bg,5784,Feat-LightGCN,3,0.9964539007092199,0.7978723404255319,0.7978723404255319,1.0,0.8639655952919874,0.8822996831145316
774,Indianapolis,Median Home Value,bg,5784,Feat-LightGCN,4,1.0,0.8085106382978723,0.7872340425531915,1.0,0.8560434585785422,0.8320507016749661
775,Indianapolis,Median Home Value,bg,5784,Feat-LightGCN,5,1.0,0.7872340425531915,0.6702127659574468,1.0,0.8476686283386148,0.8334087822544138
776,Indianapolis,Median Home Value,bg,5784,Feat-LightGCN,6,1.0,0.7340425531914894,0.8617021276595744,1.0,0.8130375735626981,0.9126301493888638
777,Indianapolis,Median Home Value,bg,5784,Feat-LightGCN,7,1.0,0.8085106382978723,0.8191489361702128,1.0,0.8610230873698506,0.8909008601177003
778,Indianapolis,Median Home Value,bg,5784,Feat-LightGCN,8,1.0,0.8297872340425532,0.7446808510638298,1.0,0.9198732458125849,0.8261656858306926
779,Indianapolis,Median Home Value,bg,5784,Feat-LightGCN,9,1.0,0.7872340425531915,0.7659574468085106,1.0,0.8637392485287461,0.8630602082390222
780,Indianapolis,Median Home Value,bg,5784,Feat\&PC-LightGCN,0,1.0,0.776595744680851,0.7659574468085106,1.0,0.8551380715255772,0.8614757808963331
781,Indianapolis,Median Home Value,bg,5784,Feat\&PC-LightGCN,1,1.0,0.7978723404255319,0.7553191489361702,1.0,0.9135355364418289,0.8501584427342689
782,Indianapolis,Median Home Value,bg,5784,Feat\&PC-LightGCN,2,1.0,0.7659574468085106,0.8297872340425532,1.0,0.8813942960615663,0.9221367134449977
783,Indianapolis,Median Home Value,bg,5784,Feat\&PC-LightGCN,3,1.0,0.7553191489361702,0.7872340425531915,1.0,0.8809416025350838,0.8598913535536442
784,Indianapolis,Median Home Value,bg,5784,Feat\&PC-LightGCN,4,1.0,0.7446808510638298,0.7553191489361702,1.0,0.8259393390674513,0.8474422815753735
785,Indianapolis,Median Home Value,bg,5784,Feat\&PC-LightGCN,5,1.0,0.8191489361702128,0.7127659574468085,1.0,0.9139882299683115,0.8066998641919421
786,Indianapolis,Median Home Value,bg,5784,Feat\&PC-LightGCN,6,1.0,0.7553191489361702,0.851063829787234,1.0,0.8005885015844273,0.9244001810774106
787,Indianapolis,Median Home Value,bg,5784,Feat\&PC-LightGCN,7,0.9893617021276596,0.8085106382978723,0.776595744680851,0.9996479050349579,0.8909008601177003,0.8886373924852875
788,Indianapolis,Median Home Value,bg,5784,Feat\&PC-LightGCN,8,1.0,0.8297872340425532,0.7446808510638298,1.0,0.9031235853327297,0.8442734268899954
789,Indianapolis,Median Home Value,bg,5784,Feat\&PC-LightGCN,9,1.0,0.7659574468085106,0.7872340425531915,1.0,0.8755092802172928,0.858985966500679
790,Indianapolis,Median Home Value,bg,5784,NoPreTrain,0,1.0,0.6808510638297872,0.7659574468085106,1.0,0.7505658669081032,0.8193752829334541
791,Indianapolis,Median Home Value,bg,5784,NoPreTrain,1,0.9964539007092199,0.7659574468085106,0.723404255319149,1.0,0.8076052512449073,0.7949298325033951
792,Indianapolis,Median Home Value,bg,5784,NoPreTrain,2,0.9964539007092199,0.7021276595744681,0.8085106382978723,1.0,0.7659574468085106,0.8709823449524672
793,Indianapolis,Median Home Value,bg,5784,NoPreTrain,3,0.9929078014184397,0.7553191489361702,0.7872340425531915,0.9996982043156782,0.7650520597555455,0.7980986871887731
794,Indianapolis,Median Home Value,bg,5784,NoPreTrain,4,0.9964539007092199,0.7872340425531915,0.723404255319149,0.9999497007192797,0.8696242643730194,0.790855590765052
795,Indianapolis,Median Home Value,bg,5784,NoPreTrain,5,0.9964539007092199,0.7553191489361702,0.6702127659574468,0.9999497007192797,0.8424626527840652,0.7437754640108646
796,Indianapolis,Median Home Value,bg,5784,NoPreTrain,6,1.0,0.6702127659574468,0.7978723404255319,1.0,0.7614305115436848,0.8639655952919872
797,Indianapolis,Median Home Value,bg,5784,NoPreTrain,7,0.9964539007092199,0.7872340425531915,0.776595744680851,1.0,0.8275237664101402,0.8078315980081484
798,Indianapolis,Median Home Value,bg,5784,NoPreTrain,8,0.9929078014184397,0.8085106382978723,0.7021276595744681,1.0,0.8750565866908102,0.7460389316432774
799,Indianapolis,Median Home Value,bg,5784,NoPreTrain,9,0.9929078014184397,0.7127659574468085,0.648936170212766,1.0,0.7288365776369399,0.6794929832503395
800,Indianapolis,Commute Time,bg,1156,Emb,0,1.0,0.6666666666666666,0.42857142857142855,1.0,0.6388888888888891,0.3673469387755102
801,Indianapolis,Commute Time,bg,1156,Emb,1,1.0,0.5833333333333334,0.6428571428571429,1.0,0.6666666666666667,0.8163265306122449
802,Indianapolis,Commute Time,bg,1156,Emb,2,1.0,0.5833333333333334,0.21428571428571427,1.0,0.75,0.1836734693877551
803,Indianapolis,Commute Time,bg,1156,Emb,3,1.0,0.4166666666666667,0.21428571428571427,1.0,0.3888888888888889,0.18367346938775514
804,Indianapolis,Commute Time,bg,1156,Emb,4,1.0,0.4166666666666667,0.5714285714285714,1.0,0.25,0.5918367346938775
805,Indianapolis,Commute Time,bg,1156,Emb,5,1.0,0.4166666666666667,0.42857142857142855,1.0,0.3611111111111111,0.22448979591836732
806,Indianapolis,Commute Time,bg,1156,Emb,6,1.0,0.3333333333333333,0.2857142857142857,1.0,0.33333333333333337,0.3469387755102041
807,Indianapolis,Commute Time,bg,1156,Emb,7,1.0,0.5,0.6428571428571429,1.0,0.5000000000000001,0.6122448979591837
808,Indianapolis,Commute Time,bg,1156,Emb,8,1.0,0.5,0.6428571428571429,1.0,0.6666666666666666,0.6428571428571429
809,Indianapolis,Commute Time,bg,1156,Emb,9,1.0,0.4166666666666667,0.5,1.0,0.41666666666666674,0.7551020408163266
810,Indianapolis,Commute Time,bg,1156,RGNN,0,0.9736842105263158,0.6666666666666666,0.42857142857142855,1.0,0.7222222222222221,0.6530612244897959
811,Indianapolis,Commute Time,bg,1156,RGNN,1,1.0,0.5833333333333334,0.5,1.0,0.5833333333333333,0.5510204081632654
812,Indianapolis,Commute Time,bg,1156,RGNN,2,1.0,0.5,0.35714285714285715,1.0,0.4166666666666667,0.2857142857142857
813,Indianapolis,Commute Time,bg,1156,RGNN,3,1.0,0.4166666666666667,0.35714285714285715,1.0,0.4166666666666667,0.326530612244898
814,Indianapolis,Commute Time,bg,1156,RGNN,4,1.0,0.3333333333333333,0.42857142857142855,1.0,0.2777777777777778,0.6122448979591836
815,Indianapolis,Commute Time,bg,1156,RGNN,5,1.0,0.3333333333333333,0.35714285714285715,1.0,0.2777777777777778,0.2857142857142857
816,Indianapolis,Commute Time,bg,1156,RGNN,6,1.0,0.25,0.35714285714285715,1.0,0.2222222222222222,0.40816326530612246
817,Indianapolis,Commute Time,bg,1156,RGNN,7,1.0,0.5,0.5714285714285714,1.0,0.41666666666666663,0.6734693877551019
818,Indianapolis,Commute Time,bg,1156,RGNN,8,1.0,0.6666666666666666,0.42857142857142855,1.0,0.6944444444444444,0.5306122448979591
819,Indianapolis,Commute Time,bg,1156,RGNN,9,1.0,0.3333333333333333,0.7142857142857143,1.0,0.33333333333333326,0.673469387755102
820,Indianapolis,Commute Time,bg,1156,Feat-RGNN,0,0.7105263157894737,0.5833333333333334,0.42857142857142855,0.9695290858725761,0.7777777777777778,0.5510204081632653
821,Indianapolis,Commute Time,bg,1156,Feat-RGNN,1,0.9736842105263158,0.6666666666666666,0.5714285714285714,1.0,0.6388888888888888,0.7142857142857143
822,Indianapolis,Commute Time,bg,1156,Feat-RGNN,2,1.0,0.3333333333333333,0.2857142857142857,1.0,0.5,0.20408163265306126
823,Indianapolis,Commute Time,bg,1156,Feat-RGNN,3,1.0,0.3333333333333333,0.14285714285714285,1.0,0.2777777777777778,0.16326530612244902
824,Indianapolis,Commute Time,bg,1156,Feat-RGNN,4,1.0,0.25,0.5,1.0,0.25,0.5918367346938775
825,Indianapolis,Commute Time,bg,1156,Feat-RGNN,5,1.0,0.25,0.2857142857142857,1.0,0.2777777777777778,0.326530612244898
826,Indianapolis,Commute Time,bg,1156,Feat-RGNN,6,1.0,0.3333333333333333,0.42857142857142855,1.0,0.3333333333333333,0.5102040816326531
827,Indianapolis,Commute Time,bg,1156,Feat-RGNN,7,1.0,0.4166666666666667,0.5714285714285714,1.0,0.41666666666666674,0.5918367346938775
828,Indianapolis,Commute Time,bg,1156,Feat-RGNN,8,1.0,0.5,0.5714285714285714,1.0,0.5555555555555556,0.5510204081632654
829,Indianapolis,Commute Time,bg,1156,Feat-RGNN,9,1.0,0.3333333333333333,0.5714285714285714,1.0,0.27777777777777773,0.5510204081632653
830,Indianapolis,Commute Time,bg,1156,Feat\&PC-RGNN,0,0.9736842105263158,0.75,0.5714285714285714,1.0,0.7777777777777778,0.5306122448979592
831,Indianapolis,Commute Time,bg,1156,Feat\&PC-RGNN,1,0.9473684210526315,0.5833333333333334,0.6428571428571429,0.9529085872576177,0.5555555555555556,0.5918367346938775
832,Indianapolis,Commute Time,bg,1156,Feat\&PC-RGNN,2,0.9210526315789473,0.75,0.35714285714285715,0.9889196675900278,0.6944444444444444,0.32653061224489793
833,Indianapolis,Commute Time,bg,1156,Feat\&PC-RGNN,3,1.0,0.5,0.42857142857142855,1.0,0.47222222222222227,0.326530612244898
834,Indianapolis,Commute Time,bg,1156,Feat\&PC-RGNN,4,1.0,0.5,0.6428571428571429,1.0,0.638888888888889,0.653061224489796
835,Indianapolis,Commute Time,bg,1156,Feat\&PC-RGNN,5,1.0,0.4166666666666667,0.35714285714285715,1.0,0.3055555555555556,0.4489795918367347
836,Indianapolis,Commute Time,bg,1156,Feat\&PC-RGNN,6,1.0,0.4166666666666667,0.5714285714285714,1.0,0.3888888888888889,0.44897959183673475
837,Indianapolis,Commute Time,bg,1156,Feat\&PC-RGNN,7,1.0,0.4166666666666667,0.6428571428571429,1.0,0.3888888888888889,0.6836734693877551
838,Indianapolis,Commute Time,bg,1156,Feat\&PC-RGNN,8,1.0,0.5833333333333334,0.5,1.0,0.6388888888888888,0.7346938775510203
839,Indianapolis,Commute Time,bg,1156,Feat\&PC-RGNN,9,1.0,0.4166666666666667,0.7857142857142857,1.0,0.5277777777777777,0.7551020408163266
840,Indianapolis,Commute Time,bg,1156,LightGCN,0,1.0,0.5,0.5,1.0,0.5833333333333334,0.5510204081632654
841,Indianapolis,Commute Time,bg,1156,LightGCN,1,1.0,0.5833333333333334,0.5,1.0,0.6111111111111112,0.6326530612244898
842,Indianapolis,Commute Time,bg,1156,LightGCN,2,1.0,0.6666666666666666,0.35714285714285715,1.0,0.7222222222222222,0.32653061224489793
843,Indianapolis,Commute Time,bg,1156,LightGCN,3,1.0,0.5,0.21428571428571427,1.0,0.38888888888888884,0.20408163265306123
844,Indianapolis,Commute Time,bg,1156,LightGCN,4,1.0,0.5,0.35714285714285715,1.0,0.41666666666666663,0.5102040816326531
845,Indianapolis,Commute Time,bg,1156,LightGCN,5,1.0,0.3333333333333333,0.2857142857142857,1.0,0.19444444444444445,0.3877551020408163
846,Indianapolis,Commute Time,bg,1156,LightGCN,6,1.0,0.3333333333333333,0.35714285714285715,1.0,0.3888888888888889,0.40816326530612246
847,Indianapolis,Commute Time,bg,1156,LightGCN,7,1.0,0.4166666666666667,0.5714285714285714,1.0,0.5833333333333334,0.5714285714285714
848,Indianapolis,Commute Time,bg,1156,LightGCN,8,1.0,0.6666666666666666,0.5714285714285714,1.0,0.638888888888889,0.6938775510204082
849,Indianapolis,Commute Time,bg,1156,LightGCN,9,1.0,0.3333333333333333,0.6428571428571429,1.0,0.2222222222222222,0.6326530612244898
850,Indianapolis,Commute Time,bg,1156,Feat-LightGCN,0,1.0,0.75,0.5,1.0,0.6666666666666667,0.46938775510204084
851,Indianapolis,Commute Time,bg,1156,Feat-LightGCN,1,1.0,0.5833333333333334,0.7142857142857143,1.0,0.5833333333333333,0.7142857142857143
852,Indianapolis,Commute Time,bg,1156,Feat-LightGCN,2,1.0,0.5833333333333334,0.42857142857142855,1.0,0.6944444444444444,0.32653061224489793
853,Indianapolis,Commute Time,bg,1156,Feat-LightGCN,3,1.0,0.5833333333333334,0.5,1.0,0.6111111111111112,0.3673469387755102
854,Indianapolis,Commute Time,bg,1156,Feat-LightGCN,4,1.0,0.5833333333333334,0.42857142857142855,1.0,0.5833333333333333,0.4489795918367347
855,Indianapolis,Commute Time,bg,1156,Feat-LightGCN,5,1.0,0.4166666666666667,0.2857142857142857,1.0,0.25,0.3877551020408163
856,Indianapolis,Commute Time,bg,1156,Feat-LightGCN,6,1.0,0.25,0.35714285714285715,1.0,0.33333333333333337,0.489795918367347
857,Indianapolis,Commute Time,bg,1156,Feat-LightGCN,7,1.0,0.5,0.5,1.0,0.5,0.4897959183673469
858,Indianapolis,Commute Time,bg,1156,Feat-LightGCN,8,1.0,0.6666666666666666,0.5714285714285714,1.0,0.5833333333333334,0.5102040816326531
859,Indianapolis,Commute Time,bg,1156,Feat-LightGCN,9,1.0,0.4166666666666667,0.7142857142857143,1.0,0.3333333333333333,0.7551020408163265
860,Indianapolis,Commute Time,bg,1156,Feat\&PC-LightGCN,0,1.0,0.5,0.5,1.0,0.5555555555555556,0.4897959183673469
861,Indianapolis,Commute Time,bg,1156,Feat\&PC-LightGCN,1,1.0,0.4166666666666667,0.5,1.0,0.5277777777777779,0.5714285714285714
862,Indianapolis,Commute Time,bg,1156,Feat\&PC-LightGCN,2,1.0,0.4166666666666667,0.42857142857142855,1.0,0.4166666666666667,0.30612244897959184
863,Indianapolis,Commute Time,bg,1156,Feat\&PC-LightGCN,3,1.0,0.5833333333333334,0.35714285714285715,1.0,0.4444444444444445,0.33673469387755106
864,Indianapolis,Commute Time,bg,1156,Feat\&PC-LightGCN,4,1.0,0.5,0.5,1.0,0.6111111111111112,0.6020408163265306
865,Indianapolis,Commute Time,bg,1156,Feat\&PC-LightGCN,5,1.0,0.5,0.35714285714285715,1.0,0.2777777777777778,0.2653061224489796
866,Indianapolis,Commute Time,bg,1156,Feat\&PC-LightGCN,6,1.0,0.3333333333333333,0.5714285714285714,1.0,0.27777777777777773,0.5816326530612245
867,Indianapolis,Commute Time,bg,1156,Feat\&PC-LightGCN,7,1.0,0.5,0.5714285714285714,1.0,0.4027777777777778,0.6938775510204083
868,Indianapolis,Commute Time,bg,1156,Feat\&PC-LightGCN,8,1.0,0.6666666666666666,0.5,1.0,0.5833333333333334,0.6122448979591837
869,Indianapolis,Commute Time,bg,1156,Feat\&PC-LightGCN,9,1.0,0.5,0.35714285714285715,1.0,0.5138888888888888,0.4897959183673469
870,Indianapolis,Commute Time,bg,1156,NoPreTrain,0,1.0,0.25,0.6428571428571429,1.0,0.3611111111111111,0.4897959183673469
871,Indianapolis,Commute Time,bg,1156,NoPreTrain,1,1.0,0.5833333333333334,0.5,1.0,0.4722222222222222,0.40816326530612246
872,Indianapolis,Commute Time,bg,1156,NoPreTrain,2,1.0,0.5,0.21428571428571427,1.0,0.5555555555555556,0.08163265306122451
873,Indianapolis,Commute Time,bg,1156,NoPreTrain,3,1.0,0.3333333333333333,0.35714285714285715,1.0,0.2222222222222222,0.3877551020408163
874,Indianapolis,Commute Time,bg,1156,NoPreTrain,4,1.0,0.5,0.35714285714285715,1.0,0.6388888888888888,0.26530612244897955
875,Indianapolis,Commute Time,bg,1156,NoPreTrain,5,1.0,0.4166666666666667,0.42857142857142855,1.0,0.38888888888888895,0.3673469387755102
876,Indianapolis,Commute Time,bg,1156,NoPreTrain,6,1.0,0.25,0.35714285714285715,1.0,0.36111111111111116,0.3469387755102041
877,Indianapolis,Commute Time,bg,1156,NoPreTrain,7,1.0,0.6666666666666666,0.42857142857142855,1.0,0.638888888888889,0.30612244897959184
878,Indianapolis,Commute Time,bg,1156,NoPreTrain,8,1.0,0.5833333333333334,0.42857142857142855,1.0,0.6111111111111112,0.3469387755102041
879,Indianapolis,Commute Time,bg,1156,NoPreTrain,9,1.0,0.5,0.7142857142857143,1.0,0.5277777777777778,0.7040816326530612
880,Indianapolis,Median Age,bg,6198,Emb,0,1.0,0.5353535353535354,0.5148514851485149,1.0,0.5281632653061226,0.5674509803921569
881,Indianapolis,Median Age,bg,6198,Emb,1,1.0,0.5151515151515151,0.5346534653465347,1.0,0.48693877551020404,0.5674509803921569
882,Indianapolis,Median Age,bg,6198,Emb,2,1.0,0.5656565656565656,0.5742574257425742,1.0,0.5595918367346939,0.5937254901960785
883,Indianapolis,Median Age,bg,6198,Emb,3,1.0,0.5454545454545454,0.5643564356435643,1.0,0.5306122448979591,0.5792156862745098
884,Indianapolis,Median Age,bg,6198,Emb,4,1.0,0.46464646464646464,0.5544554455445545,1.0,0.5036734693877551,0.583921568627451
885,Indianapolis,Median Age,bg,6198,Emb,5,1.0,0.6464646464646465,0.5445544554455446,1.0,0.6640816326530612,0.5741176470588236
886,Indianapolis,Median Age,bg,6198,Emb,6,1.0,0.5656565656565656,0.6237623762376238,1.0,0.6146938775510205,0.632156862745098
887,Indianapolis,Median Age,bg,6198,Emb,7,1.0,0.6161616161616161,0.594059405940594,1.0,0.6216326530612245,0.6152941176470589
888,Indianapolis,Median Age,bg,6198,Emb,8,1.0,0.6363636363636364,0.5148514851485149,1.0,0.6232653061224489,0.5427450980392157
889,Indianapolis,Median Age,bg,6198,Emb,9,1.0,0.5656565656565656,0.5841584158415841,1.0,0.5681632653061224,0.5703921568627451
890,Indianapolis,Median Age,bg,6198,RGNN,0,0.7214765100671141,0.5555555555555556,0.6237623762376238,0.7907657657657657,0.5759183673469388,0.643921568627451
891,Indianapolis,Median Age,bg,6198,RGNN,1,0.802013422818792,0.5151515151515151,0.5643564356435643,0.874954954954955,0.5310204081632652,0.5509803921568628
892,Indianapolis,Median Age,bg,6198,RGNN,2,0.7214765100671141,0.5454545454545454,0.5643564356435643,0.82,0.5636734693877551,0.571764705882353
893,Indianapolis,Median Age,bg,6198,RGNN,3,0.7281879194630873,0.5959595959595959,0.5742574257425742,0.8323873873873875,0.5755102040816326,0.5698039215686276
894,Indianapolis,Median Age,bg,6198,RGNN,4,0.7181208053691275,0.46464646464646464,0.49504950495049505,0.8197297297297297,0.5106122448979592,0.5192156862745099
895,Indianapolis,Median Age,bg,6198,RGNN,5,0.7449664429530202,0.6464646464646465,0.5841584158415841,0.8236936936936937,0.6648979591836734,0.6392156862745098
896,Indianapolis,Median Age,bg,6198,RGNN,6,0.7315436241610739,0.5454545454545454,0.6435643564356436,0.8079279279279279,0.5681632653061224,0.6996078431372549
897,Indianapolis,Median Age,bg,6198,RGNN,7,0.7986577181208053,0.5959595959595959,0.6138613861386139,0.8829279279279278,0.6367346938775511,0.5968627450980393
898,Indianapolis,Median Age,bg,6198,RGNN,8,0.8120805369127517,0.5050505050505051,0.6435643564356436,0.8858558558558559,0.5510204081632654,0.6486274509803922
899,Indianapolis,Median Age,bg,6198,RGNN,9,0.7583892617449665,0.5252525252525253,0.6138613861386139,0.8337387387387387,0.5542857142857143,0.636078431372549
900,Indianapolis,Median Age,bg,6198,Feat-RGNN,0,0.7181208053691275,0.5050505050505051,0.6336633663366337,0.7915765765765767,0.5253061224489796,0.6745098039215687
901,Indianapolis,Median Age,bg,6198,Feat-RGNN,1,0.8154362416107382,0.494949494949495,0.5643564356435643,0.9084234234234234,0.553469387755102,0.6007843137254902
902,Indianapolis,Median Age,bg,6198,Feat-RGNN,2,0.8187919463087249,0.6060606060606061,0.594059405940594,0.9181531531531532,0.6253061224489795,0.6525490196078432
903,Indianapolis,Median Age,bg,6198,Feat-RGNN,3,0.7248322147651006,0.5858585858585859,0.6039603960396039,0.7943693693693694,0.6220408163265306,0.6647058823529411
904,Indianapolis,Median Age,bg,6198,Feat-RGNN,4,0.7751677852348994,0.5454545454545454,0.6732673267326733,0.8482882882882884,0.6106122448979592,0.7003921568627451
905,Indianapolis,Median Age,bg,6198,Feat-RGNN,5,0.8322147651006712,0.6666666666666666,0.6534653465346535,0.8904504504504503,0.7261224489795918,0.6874509803921569
906,Indianapolis,Median Age,bg,6198,Feat-RGNN,6,0.6778523489932886,0.6161616161616161,0.6336633663366337,0.7513963963963964,0.6506122448979592,0.7152941176470587
907,Indianapolis,Median Age,bg,6198,Feat-RGNN,7,0.8389261744966443,0.5454545454545454,0.6435643564356436,0.921981981981982,0.5946938775510203,0.6184313725490196
908,Indianapolis,Median Age,bg,6198,Feat-RGNN,8,0.6778523489932886,0.5151515151515151,0.43564356435643564,0.7859009009009009,0.6142857142857143,0.5207843137254902
909,Indianapolis,Median Age,bg,6198,Feat-RGNN,9,0.8355704697986577,0.5353535353535354,0.6534653465346535,0.9037387387387388,0.5812244897959183,0.6525490196078432
910,Indianapolis,Median Age,bg,6198,Feat\&PC-RGNN,0,0.7315436241610739,0.5353535353535354,0.6435643564356436,0.8083333333333332,0.5648979591836735,0.6411764705882352
911,Indianapolis,Median Age,bg,6198,Feat\&PC-RGNN,1,0.7248322147651006,0.5050505050505051,0.5247524752475248,0.8248198198198198,0.5608163265306122,0.5627450980392157
912,Indianapolis,Median Age,bg,6198,Feat\&PC-RGNN,2,0.7181208053691275,0.6363636363636364,0.5742574257425742,0.8204054054054053,0.636734693877551,0.6435294117647059
913,Indianapolis,Median Age,bg,6198,Feat\&PC-RGNN,3,0.7080536912751678,0.5555555555555556,0.6138613861386139,0.7906756756756758,0.5391836734693877,0.5956862745098038
914,Indianapolis,Median Age,bg,6198,Feat\&PC-RGNN,4,0.8389261744966443,0.48484848484848486,0.6138613861386139,0.9257657657657657,0.5453061224489796,0.6325490196078432
915,Indianapolis,Median Age,bg,6198,Feat\&PC-RGNN,5,0.7248322147651006,0.5656565656565656,0.594059405940594,0.8023423423423424,0.6212244897959184,0.6607843137254903
916,Indianapolis,Median Age,bg,6198,Feat\&PC-RGNN,6,0.738255033557047,0.5757575757575758,0.5841584158415841,0.8422522522522523,0.6122448979591837,0.6666666666666669
917,Indianapolis,Median Age,bg,6198,Feat\&PC-RGNN,7,0.7651006711409396,0.5555555555555556,0.5742574257425742,0.8291441441441442,0.5951020408163264,0.5733333333333334
918,Indianapolis,Median Age,bg,6198,Feat\&PC-RGNN,8,0.6879194630872483,0.5757575757575758,0.5742574257425742,0.7785135135135136,0.6073469387755102,0.5933333333333334
919,Indianapolis,Median Age,bg,6198,Feat\&PC-RGNN,9,0.7986577181208053,0.5656565656565656,0.5841584158415841,0.8853153153153153,0.6016326530612244,0.6031372549019607
920,Indianapolis,Median Age,bg,6198,LightGCN,0,0.8489932885906041,0.5959595959595959,0.5841584158415841,0.952972972972973,0.5693877551020408,0.5854901960784313
921,Indianapolis,Median Age,bg,6198,LightGCN,1,0.825503355704698,0.5858585858585859,0.5742574257425742,0.9191891891891892,0.58,0.5992156862745098
922,Indianapolis,Median Age,bg,6198,LightGCN,2,0.7785234899328859,0.5656565656565656,0.6336633663366337,0.8918468468468469,0.6146938775510205,0.6525490196078432
923,Indianapolis,Median Age,bg,6198,LightGCN,3,0.7684563758389261,0.5050505050505051,0.6336633663366337,0.8656306306306307,0.5216326530612245,0.6564705882352941
924,Indianapolis,Median Age,bg,6198,LightGCN,4,0.9194630872483222,0.5555555555555556,0.594059405940594,0.9761711711711711,0.570204081632653,0.5854901960784313
925,Indianapolis,Median Age,bg,6198,LightGCN,5,0.8791946308724832,0.6464646464646465,0.5445544554455446,0.9528378378378377,0.6963265306122449,0.6125490196078431
926,Indianapolis,Median Age,bg,6198,LightGCN,6,0.8288590604026845,0.5959595959595959,0.6138613861386139,0.9139189189189189,0.6306122448979591,0.6615686274509803
927,Indianapolis,Median Age,bg,6198,LightGCN,7,0.8322147651006712,0.6565656565656566,0.5247524752475248,0.9006756756756756,0.6506122448979592,0.5470588235294118
928,Indianapolis,Median Age,bg,6198,LightGCN,8,0.8087248322147651,0.5757575757575758,0.6138613861386139,0.9368468468468468,0.6216326530612245,0.6070588235294118
929,Indianapolis,Median Age,bg,6198,LightGCN,9,0.8590604026845637,0.5454545454545454,0.504950495049505,0.9547747747747748,0.6008163265306123,0.528235294117647
930,Indianapolis,Median Age,bg,6198,Feat-LightGCN,0,1.0,0.6363636363636364,0.5841584158415841,1.0,0.6514285714285715,0.5833333333333334
931,Indianapolis,Median Age,bg,6198,Feat-LightGCN,1,1.0,0.5656565656565656,0.5346534653465347,1.0,0.5363265306122449,0.5654901960784314
932,Indianapolis,Median Age,bg,6198,Feat-LightGCN,2,0.9865771812080537,0.5555555555555556,0.6534653465346535,0.9953603603603604,0.623265306122449,0.6399999999999999
933,Indianapolis,Median Age,bg,6198,Feat-LightGCN,3,1.0,0.47474747474747475,0.6534653465346535,1.0,0.543265306122449,0.6654901960784314
934,Indianapolis,Median Age,bg,6198,Feat-LightGCN,4,1.0,0.5858585858585859,0.6039603960396039,1.0,0.5977551020408163,0.648235294117647
935,Indianapolis,Median Age,bg,6198,Feat-LightGCN,5,1.0,0.6464646464646465,0.594059405940594,1.0,0.7012244897959183,0.6356862745098039
936,Indianapolis,Median Age,bg,6198,Feat-LightGCN,6,0.9966442953020134,0.6262626262626263,0.5742574257425742,0.9936936936936936,0.6548979591836734,0.6519607843137255
937,Indianapolis,Median Age,bg,6198,Feat-LightGCN,7,1.0,0.6565656565656566,0.6039603960396039,1.0,0.6451020408163266,0.6429411764705883
938,Indianapolis,Median Age,bg,6198,Feat-LightGCN,8,1.0,0.5757575757575758,0.5544554455445545,1.0,0.6195918367346938,0.5862745098039216
939,Indianapolis,Median Age,bg,6198,Feat-LightGCN,9,1.0,0.5959595959595959,0.5841584158415841,1.0,0.6189795918367346,0.5772549019607843
940,Indianapolis,Median Age,bg,6198,Feat\&PC-LightGCN,0,0.9966442953020134,0.5656565656565656,0.5841584158415841,1.0,0.6306122448979592,0.5696078431372549
941,Indianapolis,Median Age,bg,6198,Feat\&PC-LightGCN,1,1.0,0.5353535353535354,0.5544554455445545,1.0,0.5675510204081633,0.5792156862745098
942,Indianapolis,Median Age,bg,6198,Feat\&PC-LightGCN,2,0.9899328859060402,0.6060606060606061,0.5841584158415841,0.9997747747747748,0.6608163265306123,0.6458823529411766
943,Indianapolis,Median Age,bg,6198,Feat\&PC-LightGCN,3,1.0,0.5353535353535354,0.6237623762376238,1.0,0.5216326530612245,0.6215686274509804
944,Indianapolis,Median Age,bg,6198,Feat\&PC-LightGCN,4,0.9966442953020134,0.494949494949495,0.5643564356435643,1.0,0.503673469387755,0.6221568627450981
945,Indianapolis,Median Age,bg,6198,Feat\&PC-LightGCN,5,1.0,0.6363636363636364,0.5841584158415841,1.0,0.6775510204081634,0.6137254901960785
946,Indianapolis,Median Age,bg,6198,Feat\&PC-LightGCN,6,0.9966442953020134,0.6161616161616161,0.6138613861386139,1.0,0.6326530612244898,0.6623529411764706
947,Indianapolis,Median Age,bg,6198,Feat\&PC-LightGCN,7,1.0,0.6363636363636364,0.5742574257425742,1.0,0.6612244897959183,0.6419607843137255
948,Indianapolis,Median Age,bg,6198,Feat\&PC-LightGCN,8,1.0,0.5858585858585859,0.6435643564356436,1.0,0.6126530612244898,0.6682352941176469
949,Indianapolis,Median Age,bg,6198,Feat\&PC-LightGCN,9,1.0,0.5858585858585859,0.5148514851485149,1.0,0.6281632653061224,0.5674509803921569
950,Indianapolis,Median Age,bg,6198,NoPreTrain,0,0.9899328859060402,0.5757575757575758,0.5841584158415841,0.9998198198198198,0.6077551020408163,0.6031372549019607
951,Indianapolis,Median Age,bg,6198,NoPreTrain,1,0.9932885906040269,0.48484848484848486,0.5445544554455446,0.9999549549549549,0.4310204081632653,0.5780392156862746
952,Indianapolis,Median Age,bg,6198,NoPreTrain,2,0.9966442953020134,0.5555555555555556,0.5742574257425742,1.0,0.5424489795918367,0.5862745098039216
953,Indianapolis,Median Age,bg,6198,NoPreTrain,3,0.9765100671140939,0.48484848484848486,0.5742574257425742,0.999054054054054,0.5359183673469388,0.5788235294117647
954,Indianapolis,Median Age,bg,6198,NoPreTrain,4,0.9798657718120806,0.5252525252525253,0.504950495049505,0.9990990990990991,0.5122448979591836,0.5258823529411765
955,Indianapolis,Median Age,bg,6198,NoPreTrain,5,1.0,0.6161616161616161,0.5445544554455446,1.0,0.6314285714285715,0.5772549019607843
956,Indianapolis,Median Age,bg,6198,NoPreTrain,6,0.9731543624161074,0.5858585858585859,0.5247524752475248,0.9982432432432432,0.5861224489795919,0.48745098039215684
957,Indianapolis,Median Age,bg,6198,NoPreTrain,7,0.9697986577181208,0.5757575757575758,0.5247524752475248,0.9973423423423423,0.5906122448979592,0.5407843137254902
958,Indianapolis,Median Age,bg,6198,NoPreTrain,8,0.9899328859060402,0.5656565656565656,0.5544554455445545,0.9999099099099099,0.6077551020408164,0.5678431372549019
959,Indianapolis,Median Age,bg,6198,NoPreTrain,9,0.9832214765100671,0.5454545454545454,0.5643564356435643,0.9990990990990991,0.5628571428571427,0.5588235294117647
960,Nashville,Median Income,bg,6597,Emb,0,1.0,0.6162790697674418,0.6744186046511628,1.0,0.7025419145484046,0.7533802055164953
961,Nashville,Median Income,bg,6597,Emb,1,1.0,0.7093023255813954,0.7209302325581395,1.0,0.7847485127095728,0.7636560302866413
962,Nashville,Median Income,bg,6597,Emb,2,1.0,0.6511627906976745,0.627906976744186,1.0,0.7230935640886966,0.6614386154678205
963,Nashville,Median Income,bg,6597,Emb,3,1.0,0.6511627906976745,0.686046511627907,1.0,0.7306652244456463,0.7685235262303948
964,Nashville,Median Income,bg,6597,Emb,4,1.0,0.686046511627907,0.686046511627907,1.0,0.7598702001081665,0.6333153055705786
965,Nashville,Median Income,bg,6597,Emb,5,1.0,0.6046511627906976,0.6976744186046512,1.0,0.656571119524067,0.7555435370470525
966,Nashville,Median Income,bg,6597,Emb,6,1.0,0.5930232558139535,0.7093023255813954,1.0,0.6333153055705788,0.7166035694970254
967,Nashville,Median Income,bg,6597,Emb,7,1.0,0.686046511627907,0.686046511627907,1.0,0.7528393726338561,0.7101135749053542
968,Nashville,Median Income,bg,6597,Emb,8,1.0,0.5930232558139535,0.6744186046511628,1.0,0.6768523526230396,0.7436452136289887
969,Nashville,Median Income,bg,6597,Emb,9,1.0,0.5813953488372093,0.5348837209302325,1.0,0.6598161168199026,0.5932936722552731
970,Nashville,Median Income,bg,6597,RGNN,0,0.796875,0.5930232558139535,0.6046511627906976,0.85205078125,0.6673877771768523,0.7106544077879935
971,Nashville,Median Income,bg,6597,RGNN,1,0.8515625,0.6162790697674418,0.6627906976744186,0.90936279296875,0.6901027582477014,0.7106544077879935
972,Nashville,Median Income,bg,6597,RGNN,2,0.78125,0.6162790697674418,0.6627906976744186,0.885986328125,0.6690102758247701,0.7360735532720389
973,Nashville,Median Income,bg,6597,RGNN,3,0.81640625,0.6744186046511628,0.627906976744186,0.884765625,0.775013520822066,0.6554894537587885
974,Nashville,Median Income,bg,6597,RGNN,4,0.87890625,0.7790697674418605,0.6046511627906976,0.92901611328125,0.8020551649540292,0.644131963223364
975,Nashville,Median Income,bg,6597,RGNN,5,0.73828125,0.6511627906976745,0.5930232558139535,0.8885498046875,0.6549486208761491,0.7533802055164954
976,Nashville,Median Income,bg,6597,RGNN,6,0.8671875,0.5232558139534884,0.6395348837209303,0.908935546875,0.5949161709031909,0.7312060573282856
977,Nashville,Median Income,bg,6597,RGNN,7,0.7734375,0.6511627906976745,0.686046511627907,0.89044189453125,0.6560302866414278,0.7458085451595456
978,Nashville,Median Income,bg,6597,RGNN,8,0.875,0.5581395348837209,0.6744186046511628,0.9014892578125,0.6187128177393186,0.7355327203893997
979,Nashville,Median Income,bg,6597,RGNN,9,0.86328125,0.5930232558139535,0.6744186046511628,0.92218017578125,0.6630611141157382,0.7658193618171986
980,Nashville,Median Income,bg,6597,Feat-RGNN,0,0.76171875,0.6511627906976745,0.6046511627906976,0.8414306640625,0.7593293672255274,0.6884802595997837
981,Nashville,Median Income,bg,6597,Feat-RGNN,1,0.7890625,0.686046511627907,0.627906976744186,0.881591796875,0.7360735532720389,0.7452677122769065
982,Nashville,Median Income,bg,6597,Feat-RGNN,2,0.76171875,0.5930232558139535,0.6511627906976745,0.849853515625,0.6809085992428339,0.6873985938345051
983,Nashville,Median Income,bg,6597,Feat-RGNN,3,0.7734375,0.6744186046511628,0.6627906976744186,0.8851318359375,0.7512168739859384,0.736073553272039
984,Nashville,Median Income,bg,6597,Feat-RGNN,4,0.69140625,0.6395348837209303,0.5697674418604651,0.84600830078125,0.750676041103299,0.644131963223364
985,Nashville,Median Income,bg,6597,Feat-RGNN,5,0.80859375,0.5813953488372093,0.6627906976744186,0.89990234375,0.6095186587344511,0.7447268793942672
986,Nashville,Median Income,bg,6597,Feat-RGNN,6,0.82421875,0.5581395348837209,0.686046511627907,0.89434814453125,0.6316928069226609,0.7285018929150893
987,Nashville,Median Income,bg,6597,Feat-RGNN,7,0.76953125,0.5697674418604651,0.627906976744186,0.8809814453125,0.6608977825851812,0.7577068685776094
988,Nashville,Median Income,bg,6597,Feat-RGNN,8,0.8125,0.5581395348837209,0.7209302325581395,0.8753662109375,0.625743645213629,0.7701460248783126
989,Nashville,Median Income,bg,6597,Feat-RGNN,9,0.84765625,0.627906976744186,0.6046511627906976,0.89471435546875,0.6873985938345052,0.6933477555435371
990,Nashville,Median Income,bg,6597,Feat\&PC-RGNN,0,0.75390625,0.6162790697674418,0.6744186046511628,0.84991455078125,0.662520281233099,0.738236884802596
991,Nashville,Median Income,bg,6597,Feat\&PC-RGNN,1,0.8515625,0.6511627906976745,0.6395348837209303,0.902587890625,0.7571660356949702,0.6630611141157382
992,Nashville,Median Income,bg,6597,Feat\&PC-RGNN,2,0.91015625,0.6744186046511628,0.6511627906976745,0.951171875,0.6603569497025419,0.7420227149810709
993,Nashville,Median Income,bg,6597,Feat\&PC-RGNN,3,0.7109375,0.627906976744186,0.6976744186046512,0.80926513671875,0.7030827474310438,0.7501352082206599
994,Nashville,Median Income,bg,6597,Feat\&PC-RGNN,4,0.80859375,0.686046511627907,0.627906976744186,0.90521240234375,0.738236884802596,0.6181719848566792
995,Nashville,Median Income,bg,6597,Feat\&PC-RGNN,5,0.82421875,0.5813953488372093,0.5930232558139535,0.8985595703125,0.6522444564629529,0.5938345051379124
996,Nashville,Median Income,bg,6597,Feat\&PC-RGNN,6,0.81640625,0.5813953488372093,0.6511627906976745,0.90447998046875,0.6262844780962682,0.7225527312060573
997,Nashville,Median Income,bg,6597,Feat\&PC-RGNN,7,0.828125,0.6046511627906976,0.627906976744186,0.9029541015625,0.6744186046511629,0.6992969172525689
998,Nashville,Median Income,bg,6597,Feat\&PC-RGNN,8,0.8046875,0.5697674418604651,0.686046511627907,0.89404296875,0.6219578150351541,0.7474310438074635
999,Nashville,Median Income,bg,6597,Feat\&PC-RGNN,9,0.80859375,0.6627906976744186,0.5697674418604651,0.9061279296875,0.6360194699837751,0.7095727420227149
1000,Nashville,Median Income,bg,6597,LightGCN,0,0.921875,0.6744186046511628,0.686046511627907,0.9710693359375,0.7458085451595458,0.7187669010275824
1001,Nashville,Median Income,bg,6597,LightGCN,1,0.9140625,0.627906976744186,0.6744186046511628,0.98095703125,0.7723093564088697,0.7723093564088697
1002,Nashville,Median Income,bg,6597,LightGCN,2,0.90234375,0.627906976744186,0.686046511627907,0.96929931640625,0.722011898323418,0.7474310438074635
1003,Nashville,Median Income,bg,6597,LightGCN,3,0.87890625,0.686046511627907,0.6627906976744186,0.9415283203125,0.7815035154137372,0.6998377501352081
1004,Nashville,Median Income,bg,6597,LightGCN,4,0.9140625,0.7441860465116279,0.627906976744186,0.97412109375,0.7885343428880477,0.7366143861546782
1005,Nashville,Median Income,bg,6597,LightGCN,5,0.921875,0.5697674418604651,0.6744186046511628,0.983642578125,0.662520281233099,0.7409410492157922
1006,Nashville,Median Income,bg,6597,LightGCN,6,0.98828125,0.6511627906976745,0.6744186046511628,0.99957275390625,0.7106544077879934,0.7631151974040022
1007,Nashville,Median Income,bg,6597,LightGCN,7,0.96484375,0.6162790697674418,0.7209302325581395,0.98095703125,0.7349918875067604,0.7701460248783126
1008,Nashville,Median Income,bg,6597,LightGCN,8,0.87109375,0.6976744186046512,0.7441860465116279,0.93463134765625,0.7217414818820985,0.8020551649540293
1009,Nashville,Median Income,bg,6597,LightGCN,9,0.9296875,0.5930232558139535,0.686046511627907,0.9970703125,0.6517036235803136,0.7209302325581395
1010,Nashville,Median Income,bg,6597,Feat-LightGCN,0,1.0,0.627906976744186,0.6395348837209303,1.0,0.677934018388318,0.7479718766901028
1011,Nashville,Median Income,bg,6597,Feat-LightGCN,1,1.0,0.7209302325581395,0.7325581395348837,1.0,0.785289345592212,0.738236884802596
1012,Nashville,Median Income,bg,6597,Feat-LightGCN,2,1.0,0.6744186046511628,0.6511627906976745,1.0,0.7133585722011898,0.7571660356949703
1013,Nashville,Median Income,bg,6597,Feat-LightGCN,3,1.0,0.7674418604651163,0.686046511627907,1.0,0.8253109789075176,0.7025419145484045
1014,Nashville,Median Income,bg,6597,Feat-LightGCN,4,1.0,0.7674418604651163,0.5930232558139535,1.0,0.8144943212547323,0.6830719307733911
1015,Nashville,Median Income,bg,6597,Feat-LightGCN,5,1.0,0.5697674418604651,0.6627906976744186,1.0,0.6592752839372633,0.6976744186046513
1016,Nashville,Median Income,bg,6597,Feat-LightGCN,6,1.0,0.5930232558139535,0.6976744186046512,1.0,0.6495402920497566,0.7723093564088698
1017,Nashville,Median Income,bg,6597,Feat-LightGCN,7,0.99609375,0.627906976744186,0.6976744186046512,1.0,0.6727961060032449,0.7712276906435911
1018,Nashville,Median Income,bg,6597,Feat-LightGCN,8,1.0,0.6162790697674418,0.7093023255813954,1.0,0.6982152514872905,0.813953488372093
1019,Nashville,Median Income,bg,6597,Feat-LightGCN,9,1.0,0.5813953488372093,0.6976744186046512,1.0,0.6303407247160627,0.7482422931314223
1020,Nashville,Median Income,bg,6597,Feat\&PC-LightGCN,0,1.0,0.6046511627906976,0.6511627906976745,1.0,0.6765819361817198,0.7025419145484044
1021,Nashville,Median Income,bg,6597,Feat\&PC-LightGCN,1,1.0,0.7209302325581395,0.627906976744186,1.0,0.7717685235262304,0.7087614926987561
1022,Nashville,Median Income,bg,6597,Feat\&PC-LightGCN,2,0.99609375,0.6395348837209303,0.7325581395348837,1.0,0.712547322877231,0.7928610059491616
1023,Nashville,Median Income,bg,6597,Feat\&PC-LightGCN,3,0.99609375,0.686046511627907,0.6976744186046512,1.0,0.7525689561925365,0.7382368848025961
1024,Nashville,Median Income,bg,6597,Feat\&PC-LightGCN,4,0.98828125,0.686046511627907,0.5813953488372093,1.0,0.7479718766901026,0.6376419686316928
1025,Nashville,Median Income,bg,6597,Feat\&PC-LightGCN,5,1.0,0.5930232558139535,0.686046511627907,1.0,0.6568415359653867,0.7501352082206598
1026,Nashville,Median Income,bg,6597,Feat\&PC-LightGCN,6,0.99609375,0.6162790697674418,0.7209302325581395,1.0,0.672796106003245,0.7598702001081664
1027,Nashville,Median Income,bg,6597,Feat\&PC-LightGCN,7,1.0,0.6395348837209303,0.7093023255813954,1.0,0.6895619253650621,0.7701460248783126
1028,Nashville,Median Income,bg,6597,Feat\&PC-LightGCN,8,1.0,0.6395348837209303,0.6744186046511628,1.0,0.6741481882098431,0.7693347755543537
1029,Nashville,Median Income,bg,6597,Feat\&PC-LightGCN,9,1.0,0.5232558139534884,0.6162790697674418,1.0,0.5976203353163873,0.656571119524067
1030,Nashville,Median Income,bg,6597,NoPreTrain,0,1.0,0.6162790697674418,0.6627906976744186,1.0,0.6938885884261764,0.6652244456462953
1031,Nashville,Median Income,bg,6597,NoPreTrain,1,0.984375,0.686046511627907,0.5930232558139535,0.99725341796875,0.752298539751217,0.6219578150351541
1032,Nashville,Median Income,bg,6597,NoPreTrain,2,1.0,0.6627906976744186,0.686046511627907,1.0,0.6755002704164412,0.7198485667928609
1033,Nashville,Median Income,bg,6597,NoPreTrain,3,1.0,0.5930232558139535,0.6162790697674418,1.0,0.6387236343969713,0.6982152514872905
1034,Nashville,Median Income,bg,6597,NoPreTrain,4,1.0,0.6046511627906976,0.6046511627906976,1.0,0.7339102217414819,0.6235803136830719
1035,Nashville,Median Income,bg,6597,NoPreTrain,5,0.9921875,0.5,0.6511627906976745,0.99908447265625,0.5657111952406706,0.707409410492158
1036,Nashville,Median Income,bg,6597,NoPreTrain,6,0.98046875,0.5813953488372093,0.6627906976744186,0.99908447265625,0.6268253109789075,0.7431043807463494
1037,Nashville,Median Income,bg,6597,NoPreTrain,7,1.0,0.5697674418604651,0.6395348837209303,1.0,0.6160086533261222,0.6852352623039482
1038,Nashville,Median Income,bg,6597,NoPreTrain,8,0.99609375,0.5232558139534884,0.686046511627907,1.0,0.5727420227149811,0.7052460789616007
1039,Nashville,Median Income,bg,6597,NoPreTrain,9,0.99609375,0.627906976744186,0.627906976744186,0.99993896484375,0.6387236343969713,0.6468361276365603
1040,Nashville,Median Home Value,bg,6199,Emb,0,1.0,0.7261904761904762,0.7738095238095238,1.0,0.8302154195011338,0.8565759637188208
1041,Nashville,Median Home Value,bg,6199,Emb,1,1.0,0.7857142857142857,0.75,1.0,0.8574263038548753,0.8435374149659864
1042,Nashville,Median Home Value,bg,6199,Emb,2,1.0,0.7261904761904762,0.7738095238095238,1.0,0.7970521541950113,0.7865646258503401
1043,Nashville,Median Home Value,bg,6199,Emb,3,1.0,0.8333333333333334,0.7857142857142857,1.0,0.8707482993197279,0.822562358276644
1044,Nashville,Median Home Value,bg,6199,Emb,4,1.0,0.7976190476190477,0.7380952380952381,1.0,0.8684807256235827,0.7658730158730158
1045,Nashville,Median Home Value,bg,6199,Emb,5,1.0,0.7619047619047619,0.7023809523809523,1.0,0.8486394557823129,0.7740929705215419
1046,Nashville,Median Home Value,bg,6199,Emb,6,1.0,0.7619047619047619,0.7619047619047619,1.0,0.7650226757369615,0.7811791383219955
1047,Nashville,Median Home Value,bg,6199,Emb,7,1.0,0.7261904761904762,0.7619047619047619,1.0,0.7993197278911566,0.8497732426303855
1048,Nashville,Median Home Value,bg,6199,Emb,8,1.0,0.7619047619047619,0.8333333333333334,1.0,0.8503401360544218,0.870748299319728
1049,Nashville,Median Home Value,bg,6199,Emb,9,1.0,0.8095238095238095,0.8333333333333334,1.0,0.8514739229024944,0.8877551020408164
1050,Nashville,Median Home Value,bg,6199,RGNN,0,0.98,0.7023809523809523,0.7380952380952381,0.997248,0.8140589569160998,0.8021541950113378
1051,Nashville,Median Home Value,bg,6199,RGNN,1,0.904,0.7738095238095238,0.7380952380952381,0.9688960000000001,0.8543083900226758,0.8520408163265306
1052,Nashville,Median Home Value,bg,6199,RGNN,2,0.92,0.6904761904761905,0.8095238095238095,0.9731839999999999,0.7692743764172336,0.8526077097505668
1053,Nashville,Median Home Value,bg,6199,RGNN,3,0.908,0.7976190476190477,0.7619047619047619,0.9637760000000001,0.876984126984127,0.8242630385487528
1054,Nashville,Median Home Value,bg,6199,RGNN,4,0.888,0.75,0.6904761904761905,0.964416,0.8339002267573696,0.7823129251700681
1055,Nashville,Median Home Value,bg,6199,RGNN,5,0.94,0.7619047619047619,0.7142857142857143,0.9888640000000001,0.8554421768707482,0.8089569160997732
1056,Nashville,Median Home Value,bg,6199,RGNN,6,0.952,0.7023809523809523,0.7023809523809523,0.983872,0.7845804988662132,0.7397959183673469
1057,Nashville,Median Home Value,bg,6199,RGNN,7,0.916,0.7976190476190477,0.8214285714285714,0.966272,0.8526077097505669,0.8662131519274376
1058,Nashville,Median Home Value,bg,6199,RGNN,8,0.884,0.7023809523809523,0.7023809523809523,0.966464,0.8310657596371882,0.8503401360544218
1059,Nashville,Median Home Value,bg,6199,RGNN,9,0.916,0.7142857142857143,0.8452380952380952,0.96416,0.7998866213151927,0.891156462585034
1060,Nashville,Median Home Value,bg,6199,Feat-RGNN,0,0.94,0.6666666666666666,0.7619047619047619,0.976512,0.8140589569160998,0.822562358276644
1061,Nashville,Median Home Value,bg,6199,Feat-RGNN,1,0.912,0.7976190476190477,0.7976190476190477,0.9669760000000001,0.8656462585034014,0.858843537414966
1062,Nashville,Median Home Value,bg,6199,Feat-RGNN,2,0.848,0.7380952380952381,0.7142857142857143,0.926592,0.7670068027210883,0.7732426303854876
1063,Nashville,Median Home Value,bg,6199,Feat-RGNN,3,0.916,0.7976190476190477,0.8095238095238095,0.9701759999999999,0.8486394557823129,0.888888888888889
1064,Nashville,Median Home Value,bg,6199,Feat-RGNN,4,0.912,0.8095238095238095,0.8095238095238095,0.9829760000000001,0.8849206349206349,0.8236961451247165
1065,Nashville,Median Home Value,bg,6199,Feat-RGNN,5,0.868,0.7738095238095238,0.7857142857142857,0.9674240000000001,0.8523242630385488,0.8095238095238095
1066,Nashville,Median Home Value,bg,6199,Feat-RGNN,6,0.932,0.7261904761904762,0.7261904761904762,0.975936,0.8134920634920635,0.7709750566893424
1067,Nashville,Median Home Value,bg,6199,Feat-RGNN,7,0.932,0.7976190476190477,0.8095238095238095,0.9833599999999999,0.876984126984127,0.8486394557823129
1068,Nashville,Median Home Value,bg,6199,Feat-RGNN,8,0.868,0.7857142857142857,0.7976190476190477,0.9351679999999999,0.8741496598639457,0.8435374149659863
1069,Nashville,Median Home Value,bg,6199,Feat-RGNN,9,0.876,0.75,0.7976190476190477,0.9472,0.8333333333333334,0.917233560090703
1070,Nashville,Median Home Value,bg,6199,Feat\&PC-RGNN,0,0.94,0.7619047619047619,0.7738095238095238,0.993216,0.816609977324263,0.8174603174603176
1071,Nashville,Median Home Value,bg,6199,Feat\&PC-RGNN,1,0.916,0.8333333333333334,0.7738095238095238,0.957824,0.858843537414966,0.8424036281179139
1072,Nashville,Median Home Value,bg,6199,Feat\&PC-RGNN,2,0.936,0.7976190476190477,0.7738095238095238,0.9889919999999999,0.8089569160997732,0.8259637188208617
1073,Nashville,Median Home Value,bg,6199,Feat\&PC-RGNN,3,0.944,0.7857142857142857,0.75,0.974784,0.8441043083900227,0.7993197278911564
1074,Nashville,Median Home Value,bg,6199,Feat\&PC-RGNN,4,0.932,0.7619047619047619,0.7023809523809523,0.9734400000000001,0.8883219954648526,0.8021541950113379
1075,Nashville,Median Home Value,bg,6199,Feat\&PC-RGNN,5,0.896,0.7857142857142857,0.6904761904761905,0.956288,0.8463718820861679,0.7698412698412699
1076,Nashville,Median Home Value,bg,6199,Feat\&PC-RGNN,6,0.96,0.7261904761904762,0.75,0.989056,0.7828798185941043,0.8168934240362812
1077,Nashville,Median Home Value,bg,6199,Feat\&PC-RGNN,7,0.9,0.8214285714285714,0.7976190476190477,0.977152,0.8514739229024944,0.8752834467120182
1078,Nashville,Median Home Value,bg,6199,Feat\&PC-RGNN,8,0.884,0.7857142857142857,0.7738095238095238,0.958528,0.8747165532879818,0.8565759637188207
1079,Nashville,Median Home Value,bg,6199,Feat\&PC-RGNN,9,0.916,0.8214285714285714,0.8095238095238095,0.9781759999999999,0.8520408163265306,0.8401360544217686
1080,Nashville,Median Home Value,bg,6199,LightGCN,0,0.968,0.75,0.8214285714285714,0.9883519999999999,0.8441043083900227,0.8571428571428572
1081,Nashville,Median Home Value,bg,6199,LightGCN,1,0.98,0.7976190476190477,0.7380952380952381,0.998528,0.8840702947845805,0.7871315192743764
1082,Nashville,Median Home Value,bg,6199,LightGCN,2,0.96,0.7619047619047619,0.7738095238095238,0.988736,0.8231292517006803,0.858843537414966
1083,Nashville,Median Home Value,bg,6199,LightGCN,3,0.968,0.75,0.7380952380952381,0.991104,0.8673469387755103,0.8316326530612246
1084,Nashville,Median Home Value,bg,6199,LightGCN,4,0.972,0.75,0.7976190476190477,0.997312,0.8645124716553287,0.8438208616780044
1085,Nashville,Median Home Value,bg,6199,LightGCN,5,0.948,0.8452380952380952,0.6904761904761905,0.987648,0.8684807256235827,0.8219954648526078
1086,Nashville,Median Home Value,bg,6199,LightGCN,6,0.984,0.7380952380952381,0.7023809523809523,0.9833599999999999,0.8078231292517007,0.7551020408163265
1087,Nashville,Median Home Value,bg,6199,LightGCN,7,0.928,0.7976190476190477,0.7976190476190477,0.988096,0.8605442176870749,0.9104308390022675
1088,Nashville,Median Home Value,bg,6199,LightGCN,8,0.872,0.8095238095238095,0.8214285714285714,0.9291520000000001,0.8786848072562359,0.8293650793650793
1089,Nashville,Median Home Value,bg,6199,LightGCN,9,0.976,0.7738095238095238,0.7738095238095238,0.995968,0.8384353741496597,0.8489229024943311
1090,Nashville,Median Home Value,bg,6199,Feat-LightGCN,0,1.0,0.7142857142857143,0.7738095238095238,1.0,0.8339002267573696,0.812358276643991
1091,Nashville,Median Home Value,bg,6199,Feat-LightGCN,1,1.0,0.8452380952380952,0.7857142857142857,1.0,0.8866213151927438,0.8574263038548753
1092,Nashville,Median Home Value,bg,6199,Feat-LightGCN,2,1.0,0.75,0.8333333333333334,1.0,0.8100907029478459,0.8616780045351474
1093,Nashville,Median Home Value,bg,6199,Feat-LightGCN,3,0.996,0.7857142857142857,0.7738095238095238,1.0,0.879251700680272,0.8696145124716552
1094,Nashville,Median Home Value,bg,6199,Feat-LightGCN,4,1.0,0.8214285714285714,0.7619047619047619,1.0,0.888888888888889,0.8259637188208616
1095,Nashville,Median Home Value,bg,6199,Feat-LightGCN,5,1.0,0.8214285714285714,0.7619047619047619,1.0,0.8784013605442176,0.822278911564626
1096,Nashville,Median Home Value,bg,6199,Feat-LightGCN,6,0.992,0.7619047619047619,0.7380952380952381,0.999872,0.7879818594104308,0.8157596371882088
1097,Nashville,Median Home Value,bg,6199,Feat-LightGCN,7,1.0,0.7857142857142857,0.7976190476190477,1.0,0.8577097505668934,0.8894557823129252
1098,Nashville,Median Home Value,bg,6199,Feat-LightGCN,8,1.0,0.7857142857142857,0.8214285714285714,1.0,0.8741496598639455,0.888888888888889
1099,Nashville,Median Home Value,bg,6199,Feat-LightGCN,9,1.0,0.7738095238095238,0.8333333333333334,1.0,0.8469387755102042,0.9007936507936508
1100,Nashville,Median Home Value,bg,6199,Feat\&PC-LightGCN,0,1.0,0.7380952380952381,0.7619047619047619,1.0,0.8489229024943311,0.8664965986394557
1101,Nashville,Median Home Value,bg,6199,Feat\&PC-LightGCN,1,1.0,0.8214285714285714,0.7142857142857143,1.0,0.8803854875283447,0.8344671201814058
1102,Nashville,Median Home Value,bg,6199,Feat\&PC-LightGCN,2,1.0,0.75,0.8095238095238095,1.0,0.7987528344671202,0.8942743764172336
1103,Nashville,Median Home Value,bg,6199,Feat\&PC-LightGCN,3,1.0,0.8095238095238095,0.8333333333333334,1.0,0.8917233560090703,0.8441043083900226
1104,Nashville,Median Home Value,bg,6199,Feat\&PC-LightGCN,4,1.0,0.8333333333333334,0.75,1.0,0.8877551020408164,0.8279478458049887
1105,Nashville,Median Home Value,bg,6199,Feat\&PC-LightGCN,5,1.0,0.8571428571428571,0.7380952380952381,1.0,0.8815192743764172,0.8171768707482994
1106,Nashville,Median Home Value,bg,6199,Feat\&PC-LightGCN,6,1.0,0.7261904761904762,0.7857142857142857,1.0,0.77437641723356,0.8401360544217688
1107,Nashville,Median Home Value,bg,6199,Feat\&PC-LightGCN,7,0.996,0.7857142857142857,0.8214285714285714,0.999936,0.8591269841269841,0.9081632653061225
1108,Nashville,Median Home Value,bg,6199,Feat\&PC-LightGCN,8,1.0,0.8333333333333334,0.8333333333333334,1.0,0.8942743764172336,0.8886054421768708
1109,Nashville,Median Home Value,bg,6199,Feat\&PC-LightGCN,9,1.0,0.7738095238095238,0.7738095238095238,1.0,0.8747165532879818,0.8679138321995465
1110,Nashville,Median Home Value,bg,6199,NoPreTrain,0,0.992,0.6428571428571429,0.7023809523809523,1.0,0.7125850340136054,0.8112244897959182
1111,Nashville,Median Home Value,bg,6199,NoPreTrain,1,0.996,0.6428571428571429,0.6904761904761905,1.0,0.8231292517006803,0.8112244897959183
1112,Nashville,Median Home Value,bg,6199,NoPreTrain,2,1.0,0.7023809523809523,0.7619047619047619,1.0,0.7579365079365079,0.8038548752834467
1113,Nashville,Median Home Value,bg,6199,NoPreTrain,3,0.992,0.7261904761904762,0.6785714285714286,0.999872,0.7366780045351473,0.7528344671201814
1114,Nashville,Median Home Value,bg,6199,NoPreTrain,4,1.0,0.75,0.6666666666666666,1.0,0.8764172335600907,0.7528344671201814
1115,Nashville,Median Home Value,bg,6199,NoPreTrain,5,1.0,0.75,0.7023809523809523,1.0,0.8083900226757369,0.7188208616780045
1116,Nashville,Median Home Value,bg,6199,NoPreTrain,6,0.996,0.6666666666666666,0.6904761904761905,0.999936,0.7057823129251701,0.731859410430839
1117,Nashville,Median Home Value,bg,6199,NoPreTrain,7,0.996,0.6904761904761905,0.7738095238095238,1.0,0.7380952380952381,0.822562358276644
1118,Nashville,Median Home Value,bg,6199,NoPreTrain,8,0.996,0.7380952380952381,0.7738095238095238,0.999936,0.8117913832199546,0.846938775510204
1119,Nashville,Median Home Value,bg,6199,NoPreTrain,9,0.996,0.75,0.7261904761904762,0.999552,0.7953514739229025,0.7930839002267573
1120,Nashville,Commute Time,bg,1676,Emb,0,1.0,0.6818181818181818,0.5833333333333334,1.0,0.6033057851239669,0.625
1121,Nashville,Commute Time,bg,1676,Emb,1,1.0,0.5,0.625,1.0,0.5041322314049587,0.6319444444444444
1122,Nashville,Commute Time,bg,1676,Emb,2,1.0,0.5,0.4583333333333333,1.0,0.628099173553719,0.4652777777777778
1123,Nashville,Commute Time,bg,1676,Emb,3,1.0,0.6818181818181818,0.625,1.0,0.7355371900826446,0.6041666666666666
1124,Nashville,Commute Time,bg,1676,Emb,4,1.0,0.6818181818181818,0.4166666666666667,1.0,0.7768595041322314,0.5416666666666666
1125,Nashville,Commute Time,bg,1676,Emb,5,1.0,0.6818181818181818,0.5416666666666666,1.0,0.71900826446281,0.5902777777777778
1126,Nashville,Commute Time,bg,1676,Emb,6,1.0,0.6363636363636364,0.5,1.0,0.6942148760330578,0.5
1127,Nashville,Commute Time,bg,1676,Emb,7,1.0,0.5,0.5416666666666666,1.0,0.6033057851239669,0.4652777777777778
1128,Nashville,Commute Time,bg,1676,Emb,8,1.0,0.6363636363636364,0.5,1.0,0.6859504132231405,0.4861111111111111
1129,Nashville,Commute Time,bg,1676,Emb,9,1.0,0.4090909090909091,0.6666666666666666,1.0,0.487603305785124,0.7708333333333333
1130,Nashville,Commute Time,bg,1676,RGNN,0,0.9850746268656716,0.6363636363636364,0.5,0.9973262032085561,0.6446280991735538,0.5
1131,Nashville,Commute Time,bg,1676,RGNN,1,0.9402985074626866,0.5909090909090909,0.4583333333333333,0.9937611408199644,0.5289256198347108,0.5555555555555556
1132,Nashville,Commute Time,bg,1676,RGNN,2,0.9701492537313433,0.5909090909090909,0.375,0.9964349376114082,0.6528925619834711,0.45138888888888884
1133,Nashville,Commute Time,bg,1676,RGNN,3,1.0,0.6363636363636364,0.5416666666666666,1.0,0.6446280991735537,0.5694444444444444
1134,Nashville,Commute Time,bg,1676,RGNN,4,0.9850746268656716,0.5454545454545454,0.4583333333333333,0.9973262032085561,0.6528925619834711,0.47916666666666663
1135,Nashville,Commute Time,bg,1676,RGNN,5,0.9552238805970149,0.5909090909090909,0.6666666666666666,0.9937611408199644,0.47107438016528924,0.7013888888888888
1136,Nashville,Commute Time,bg,1676,RGNN,6,1.0,0.7727272727272727,0.5,1.0,0.7603305785123966,0.4722222222222222
1137,Nashville,Commute Time,bg,1676,RGNN,7,1.0,0.6363636363636364,0.4583333333333333,1.0,0.5867768595041323,0.4861111111111111
1138,Nashville,Commute Time,bg,1676,RGNN,8,0.8208955223880597,0.5454545454545454,0.5,0.9001782531194296,0.6528925619834711,0.375
1139,Nashville,Commute Time,bg,1676,RGNN,9,0.9850746268656716,0.5,0.6666666666666666,0.9991087344028521,0.6115702479338843,0.6805555555555556
1140,Nashville,Commute Time,bg,1676,Feat-RGNN,0,0.9850746268656716,0.5909090909090909,0.375,1.0,0.5123966942148761,0.4027777777777778
1141,Nashville,Commute Time,bg,1676,Feat-RGNN,1,0.9552238805970149,0.5,0.6666666666666666,0.9982174688057041,0.4628099173553719,0.625
1142,Nashville,Commute Time,bg,1676,Feat-RGNN,2,1.0,0.5,0.5416666666666666,1.0,0.5371900826446281,0.5277777777777778
1143,Nashville,Commute Time,bg,1676,Feat-RGNN,3,0.9850746268656716,0.5909090909090909,0.6666666666666666,1.0,0.6033057851239669,0.7083333333333334
1144,Nashville,Commute Time,bg,1676,Feat-RGNN,4,0.8656716417910447,0.45454545454545453,0.4166666666666667,0.9652406417112299,0.5950413223140496,0.4722222222222222
1145,Nashville,Commute Time,bg,1676,Feat-RGNN,5,0.8805970149253731,0.5454545454545454,0.5,0.9759358288770055,0.5702479338842975,0.42361111111111116
1146,Nashville,Commute Time,bg,1676,Feat-RGNN,6,0.9850746268656716,0.5454545454545454,0.4583333333333333,0.9991087344028521,0.6033057851239669,0.47916666666666674
1147,Nashville,Commute Time,bg,1676,Feat-RGNN,7,1.0,0.7272727272727273,0.4583333333333333,1.0,0.7603305785123967,0.5069444444444444
1148,Nashville,Commute Time,bg,1676,Feat-RGNN,8,0.9701492537313433,0.5,0.5833333333333334,0.9955436720142602,0.6363636363636364,0.6041666666666667
1149,Nashville,Commute Time,bg,1676,Feat-RGNN,9,0.9253731343283582,0.45454545454545453,0.5416666666666666,0.9884135472370766,0.4628099173553719,0.6736111111111112
1150,Nashville,Commute Time,bg,1676,Feat\&PC-RGNN,0,1.0,0.6363636363636364,0.4583333333333333,1.0,0.6528925619834711,0.5347222222222222
1151,Nashville,Commute Time,bg,1676,Feat\&PC-RGNN,1,1.0,0.5,0.5833333333333334,1.0,0.47107438016528924,0.5069444444444444
1152,Nashville,Commute Time,bg,1676,Feat\&PC-RGNN,2,1.0,0.6363636363636364,0.5416666666666666,1.0,0.6528925619834711,0.6770833333333334
1153,Nashville,Commute Time,bg,1676,Feat\&PC-RGNN,3,0.9552238805970149,0.5909090909090909,0.625,0.9901960784313726,0.7520661157024794,0.6597222222222222
1154,Nashville,Commute Time,bg,1676,Feat\&PC-RGNN,4,0.9850746268656716,0.6363636363636364,0.5416666666666666,1.0,0.71900826446281,0.6041666666666666
1155,Nashville,Commute Time,bg,1676,Feat\&PC-RGNN,5,0.9402985074626866,0.5454545454545454,0.5833333333333334,0.9928698752228163,0.6776859504132231,0.611111111111111
1156,Nashville,Commute Time,bg,1676,Feat\&PC-RGNN,6,1.0,0.5454545454545454,0.6666666666666666,1.0,0.7024793388429752,0.7152777777777778
1157,Nashville,Commute Time,bg,1676,Feat\&PC-RGNN,7,1.0,0.5909090909090909,0.5,1.0,0.6942148760330579,0.4375
1158,Nashville,Commute Time,bg,1676,Feat\&PC-RGNN,8,0.9850746268656716,0.6363636363636364,0.5833333333333334,1.0,0.6363636363636365,0.6527777777777778
1159,Nashville,Commute Time,bg,1676,Feat\&PC-RGNN,9,0.7164179104477612,0.5454545454545454,0.5416666666666666,0.9919786096256684,0.628099173553719,0.6736111111111112
1160,Nashville,Commute Time,bg,1676,LightGCN,0,1.0,0.5,0.625,1.0,0.5867768595041322,0.7152777777777778
1161,Nashville,Commute Time,bg,1676,LightGCN,1,1.0,0.4090909090909091,0.5,1.0,0.42148760330578505,0.5208333333333333
1162,Nashville,Commute Time,bg,1676,LightGCN,2,1.0,0.45454545454545453,0.5,1.0,0.4380165289256198,0.5833333333333333
1163,Nashville,Commute Time,bg,1676,LightGCN,3,1.0,0.6818181818181818,0.625,1.0,0.71900826446281,0.6944444444444444
1164,Nashville,Commute Time,bg,1676,LightGCN,4,1.0,0.5909090909090909,0.5833333333333334,1.0,0.5041322314049587,0.6388888888888888
1165,Nashville,Commute Time,bg,1676,LightGCN,5,1.0,0.6363636363636364,0.625,1.0,0.7024793388429752,0.6666666666666666
1166,Nashville,Commute Time,bg,1676,LightGCN,6,1.0,0.7727272727272727,0.375,1.0,0.7272727272727273,0.48611111111111116
1167,Nashville,Commute Time,bg,1676,LightGCN,7,1.0,0.6818181818181818,0.375,1.0,0.7355371900826446,0.3229166666666667
1168,Nashville,Commute Time,bg,1676,LightGCN,8,1.0,0.5,0.5833333333333334,1.0,0.5619834710743802,0.6527777777777779
1169,Nashville,Commute Time,bg,1676,LightGCN,9,1.0,0.5909090909090909,0.6666666666666666,1.0,0.7107438016528926,0.6736111111111112
1170,Nashville,Commute Time,bg,1676,Feat-LightGCN,0,1.0,0.5,0.5416666666666666,1.0,0.5289256198347108,0.6458333333333334
1171,Nashville,Commute Time,bg,1676,Feat-LightGCN,1,1.0,0.5,0.4166666666666667,1.0,0.5371900826446281,0.3888888888888889
1172,Nashville,Commute Time,bg,1676,Feat-LightGCN,2,1.0,0.5454545454545454,0.5,1.0,0.6198347107438016,0.4930555555555556
1173,Nashville,Commute Time,bg,1676,Feat-LightGCN,3,1.0,0.5909090909090909,0.5833333333333334,1.0,0.5991735537190083,0.6145833333333334
1174,Nashville,Commute Time,bg,1676,Feat-LightGCN,4,1.0,0.6363636363636364,0.4583333333333333,1.0,0.6446280991735538,0.5555555555555556
1175,Nashville,Commute Time,bg,1676,Feat-LightGCN,5,1.0,0.5454545454545454,0.5833333333333334,1.0,0.6033057851239669,0.625
1176,Nashville,Commute Time,bg,1676,Feat-LightGCN,6,1.0,0.6818181818181818,0.5416666666666666,1.0,0.7355371900826446,0.5208333333333333
1177,Nashville,Commute Time,bg,1676,Feat-LightGCN,7,1.0,0.7272727272727273,0.5,1.0,0.7107438016528926,0.4305555555555556
1178,Nashville,Commute Time,bg,1676,Feat-LightGCN,8,1.0,0.5909090909090909,0.4166666666666667,1.0,0.628099173553719,0.5208333333333334
1179,Nashville,Commute Time,bg,1676,Feat-LightGCN,9,1.0,0.5909090909090909,0.5833333333333334,1.0,0.6942148760330579,0.6666666666666666
1180,Nashville,Commute Time,bg,1676,Feat\&PC-LightGCN,0,1.0,0.5454545454545454,0.5,1.0,0.5371900826446281,0.5972222222222223
1181,Nashville,Commute Time,bg,1676,Feat\&PC-LightGCN,1,1.0,0.5909090909090909,0.5416666666666666,1.0,0.524793388429752,0.46875
1182,Nashville,Commute Time,bg,1676,Feat\&PC-LightGCN,2,1.0,0.5454545454545454,0.625,1.0,0.5454545454545454,0.6527777777777777
1183,Nashville,Commute Time,bg,1676,Feat\&PC-LightGCN,3,1.0,0.6363636363636364,0.6666666666666666,1.0,0.5495867768595041,0.7708333333333334
1184,Nashville,Commute Time,bg,1676,Feat\&PC-LightGCN,4,1.0,0.6363636363636364,0.5833333333333334,1.0,0.6033057851239669,0.625
1185,Nashville,Commute Time,bg,1676,Feat\&PC-LightGCN,5,1.0,0.5909090909090909,0.6666666666666666,1.0,0.5909090909090909,0.638888888888889
1186,Nashville,Commute Time,bg,1676,Feat\&PC-LightGCN,6,1.0,0.5909090909090909,0.5,1.0,0.7024793388429752,0.5416666666666667
1187,Nashville,Commute Time,bg,1676,Feat\&PC-LightGCN,7,1.0,0.6818181818181818,0.4583333333333333,1.0,0.6363636363636364,0.4513888888888889
1188,Nashville,Commute Time,bg,1676,Feat\&PC-LightGCN,8,1.0,0.6363636363636364,0.3333333333333333,1.0,0.6033057851239669,0.3888888888888889
1189,Nashville,Commute Time,bg,1676,Feat\&PC-LightGCN,9,1.0,0.5909090909090909,0.625,1.0,0.6652892561983471,0.6666666666666667
1190,Nashville,Commute Time,bg,1676,NoPreTrain,0,1.0,0.5909090909090909,0.625,1.0,0.6074380165289257,0.625
1191,Nashville,Commute Time,bg,1676,NoPreTrain,1,0.9850746268656716,0.45454545454545453,0.4166666666666667,0.9982174688057041,0.47107438016528924,0.47916666666666663
1192,Nashville,Commute Time,bg,1676,NoPreTrain,2,1.0,0.45454545454545453,0.5833333333333334,1.0,0.40082644628099173,0.45833333333333337
1193,Nashville,Commute Time,bg,1676,NoPreTrain,3,1.0,0.5454545454545454,0.5416666666666666,1.0,0.5371900826446281,0.5625
1194,Nashville,Commute Time,bg,1676,NoPreTrain,4,1.0,0.5454545454545454,0.4583333333333333,1.0,0.5661157024793388,0.5208333333333333
1195,Nashville,Commute Time,bg,1676,NoPreTrain,5,1.0,0.5454545454545454,0.625,1.0,0.603305785123967,0.5625
1196,Nashville,Commute Time,bg,1676,NoPreTrain,6,0.9850746268656716,0.5909090909090909,0.5,0.9973262032085561,0.5454545454545454,0.4375
1197,Nashville,Commute Time,bg,1676,NoPreTrain,7,0.9850746268656716,0.6363636363636364,0.4583333333333333,1.0,0.5867768595041323,0.38888888888888884
1198,Nashville,Commute Time,bg,1676,NoPreTrain,8,0.9701492537313433,0.5909090909090909,0.6666666666666666,0.9973262032085561,0.5702479338842975,0.7291666666666667
1199,Nashville,Commute Time,bg,1676,NoPreTrain,9,0.9850746268656716,0.5,0.7083333333333334,1.0,0.5371900826446281,0.763888888888889
1200,Nashville,Median Age,bg,6722,Emb,0,1.0,0.5454545454545454,0.6022727272727273,1.0,0.5976239669421488,0.6658057851239669
1201,Nashville,Median Age,bg,6722,Emb,1,1.0,0.6136363636363636,0.5681818181818182,1.0,0.6683884297520661,0.6058884297520661
1202,Nashville,Median Age,bg,6722,Emb,2,1.0,0.625,0.6590909090909091,1.0,0.6472107438016529,0.7153925619834711
1203,Nashville,Median Age,bg,6722,Emb,3,1.0,0.6022727272727273,0.5681818181818182,1.0,0.6260330578512396,0.6611570247933884
1204,Nashville,Median Age,bg,6722,Emb,4,1.0,0.6477272727272727,0.625,1.0,0.6962809917355371,0.6523760330578512
1205,Nashville,Median Age,bg,6722,Emb,5,1.0,0.6590909090909091,0.5795454545454546,1.0,0.6823347107438016,0.6756198347107438
1206,Nashville,Median Age,bg,6722,Emb,6,1.0,0.6590909090909091,0.5681818181818182,1.0,0.7401859504132232,0.6265495867768596
1207,Nashville,Median Age,bg,6722,Emb,7,1.0,0.5909090909090909,0.6477272727272727,1.0,0.6771694214876034,0.6430785123966942
1208,Nashville,Median Age,bg,6722,Emb,8,1.0,0.7272727272727273,0.625,1.0,0.7835743801652892,0.6384297520661157
1209,Nashville,Median Age,bg,6722,Emb,9,1.0,0.5909090909090909,0.6477272727272727,1.0,0.6637396694214877,0.6704545454545456
1210,Nashville,Median Age,bg,6722,RGNN,0,0.767175572519084,0.6136363636363636,0.5909090909090909,0.87926111531962,0.6880165289256198,0.6275826446280992
1211,Nashville,Median Age,bg,6722,RGNN,1,0.8625954198473282,0.6136363636363636,0.5795454545454546,0.9397471009847911,0.6854338842975207,0.6084710743801653
1212,Nashville,Median Age,bg,6722,RGNN,2,0.8396946564885496,0.6818181818181818,0.7045454545454546,0.8932463143173475,0.7474173553719009,0.777892561983471
1213,Nashville,Median Age,bg,6722,RGNN,3,0.7862595419847328,0.5909090909090909,0.6363636363636364,0.8671406095215897,0.628615702479339,0.6570247933884298
1214,Nashville,Median Age,bg,6722,RGNN,4,0.7213740458015268,0.6022727272727273,0.6590909090909091,0.8680146844589477,0.7081611570247934,0.7427685950413223
1215,Nashville,Median Age,bg,6722,RGNN,5,0.8282442748091603,0.6477272727272727,0.6022727272727273,0.9249460987121964,0.728305785123967,0.675103305785124
1216,Nashville,Median Age,bg,6722,RGNN,6,0.8587786259541985,0.6022727272727273,0.7272727272727273,0.9497698269331625,0.6818181818181819,0.7603305785123967
1217,Nashville,Median Age,bg,6722,RGNN,7,0.8435114503816794,0.6136363636363636,0.6136363636363636,0.9267525202494027,0.6188016528925622,0.6327479338842976
1218,Nashville,Median Age,bg,6722,RGNN,8,0.7900763358778626,0.625,0.6136363636363636,0.8718606141833227,0.7257231404958678,0.7138429752066116
1219,Nashville,Median Age,bg,6722,RGNN,9,0.8320610687022901,0.6477272727272727,0.6136363636363636,0.8906240895052736,0.6926652892561983,0.6219008264462811
1220,Nashville,Median Age,bg,6722,Feat-RGNN,0,0.7786259541984732,0.6136363636363636,0.625,0.8417924363382087,0.65650826446281,0.6668388429752066
1221,Nashville,Median Age,bg,6722,Feat-RGNN,1,0.7633587786259542,0.6704545454545454,0.6022727272727273,0.8241943942660684,0.7102272727272728,0.6487603305785125
1222,Nashville,Median Age,bg,6722,Feat-RGNN,2,0.767175572519084,0.6477272727272727,0.6704545454545454,0.840160829788474,0.7076446280991735,0.7226239669421487
1223,Nashville,Median Age,bg,6722,Feat-RGNN,3,0.7595419847328244,0.6022727272727273,0.6704545454545454,0.8007109142823844,0.65599173553719,0.7386363636363636
1224,Nashville,Median Age,bg,6722,Feat-RGNN,4,0.7900763358778626,0.6590909090909091,0.6704545454545454,0.8938290309422527,0.7102272727272728,0.675103305785124
1225,Nashville,Median Age,bg,6722,Feat-RGNN,5,0.7557251908396947,0.5909090909090909,0.5795454545454546,0.8336926752520248,0.6224173553719008,0.6322314049586777
1226,Nashville,Median Age,bg,6722,Feat-RGNN,6,0.8320610687022901,0.6931818181818182,0.7386363636363636,0.8931297709923665,0.6931818181818182,0.7329545454545455
1227,Nashville,Median Age,bg,6722,Feat-RGNN,7,0.7442748091603053,0.6590909090909091,0.6477272727272727,0.8233203193287105,0.6890495867768596,0.6756198347107437
1228,Nashville,Median Age,bg,6722,Feat-RGNN,8,0.6717557251908397,0.5795454545454546,0.625,0.7712837247246663,0.6425619834710745,0.665289256198347
1229,Nashville,Median Age,bg,6722,Feat-RGNN,9,0.6908396946564885,0.5795454545454546,0.6022727272727273,0.8017015325447235,0.6575413223140496,0.6544421487603306
1230,Nashville,Median Age,bg,6722,Feat\&PC-RGNN,0,0.8129770992366412,0.6477272727272727,0.6363636363636364,0.8854961832061068,0.6466942148760331,0.609504132231405
1231,Nashville,Median Age,bg,6722,Feat\&PC-RGNN,1,0.8282442748091603,0.5909090909090909,0.5795454545454546,0.9350853679855486,0.6745867768595042,0.5661157024793388
1232,Nashville,Median Age,bg,6722,Feat\&PC-RGNN,2,0.7938931297709924,0.6590909090909091,0.6363636363636364,0.9151564594137871,0.737603305785124,0.6983471074380165
1233,Nashville,Median Age,bg,6722,Feat\&PC-RGNN,3,0.7748091603053435,0.6477272727272727,0.6590909090909091,0.8532719538488432,0.6544421487603306,0.7071280991735538
1234,Nashville,Median Age,bg,6722,Feat\&PC-RGNN,4,0.7290076335877863,0.5795454545454546,0.5568181818181818,0.8010022725948371,0.6446280991735538,0.6399793388429752
1235,Nashville,Median Age,bg,6722,Feat\&PC-RGNN,5,0.8091603053435115,0.6818181818181818,0.6136363636363636,0.9071732416525843,0.6745867768595042,0.675103305785124
1236,Nashville,Median Age,bg,6722,Feat\&PC-RGNN,6,0.7633587786259542,0.6136363636363636,0.6931818181818182,0.8304294621525553,0.6482438016528926,0.7174586776859505
1237,Nashville,Median Age,bg,6722,Feat\&PC-RGNN,7,0.7938931297709924,0.6818181818181818,0.6022727272727273,0.8925470543674612,0.724690082644628,0.6823347107438017
1238,Nashville,Median Age,bg,6722,Feat\&PC-RGNN,8,0.8282442748091603,0.6363636363636364,0.6363636363636364,0.8949944641920633,0.7205578512396695,0.6833677685950414
1239,Nashville,Median Age,bg,6722,Feat\&PC-RGNN,9,0.7824427480916031,0.6818181818181818,0.6022727272727273,0.8865450731309364,0.7324380165289257,0.6027892561983471
1240,Nashville,Median Age,bg,6722,LightGCN,0,0.8396946564885496,0.625,0.5681818181818182,0.9416700658469787,0.6193181818181818,0.6632231404958678
1241,Nashville,Median Age,bg,6722,LightGCN,1,0.9083969465648855,0.6590909090909091,0.5795454545454546,0.9647456441932288,0.6787190082644629,0.6058884297520662
1242,Nashville,Median Age,bg,6722,LightGCN,2,0.9007633587786259,0.6931818181818182,0.6704545454545454,0.9547229182448574,0.7360537190082644,0.6890495867768596
1243,Nashville,Median Age,bg,6722,LightGCN,3,0.9007633587786259,0.6477272727272727,0.6590909090909091,0.9638132975933804,0.6616735537190083,0.743801652892562
1244,Nashville,Median Age,bg,6722,LightGCN,4,0.8740458015267175,0.6590909090909091,0.6363636363636364,0.9511683468329352,0.7370867768595042,0.6446280991735538
1245,Nashville,Median Age,bg,6722,LightGCN,5,0.9389312977099237,0.6931818181818182,0.6590909090909091,0.9863644309772157,0.6983471074380165,0.7004132231404958
1246,Nashville,Median Age,bg,6722,LightGCN,6,0.8740458015267175,0.6590909090909091,0.6818181818181818,0.9658528057805489,0.7019628099173555,0.6988636363636364
1247,Nashville,Median Age,bg,6722,LightGCN,7,0.9351145038167938,0.6590909090909091,0.6818181818181818,0.9768078783287687,0.6673553719008265,0.6931818181818181
1248,Nashville,Median Age,bg,6722,LightGCN,8,0.9083969465648855,0.7272727272727273,0.6818181818181818,0.9730202202668843,0.7561983471074379,0.6998966942148761
1249,Nashville,Median Age,bg,6722,LightGCN,9,0.8893129770992366,0.6477272727272727,0.6363636363636364,0.9508187168579919,0.6776859504132231,0.681301652892562
1250,Nashville,Median Age,bg,6722,Feat-LightGCN,0,1.0,0.5795454545454546,0.5795454545454546,1.0,0.6441115702479339,0.6637396694214875
1251,Nashville,Median Age,bg,6722,Feat-LightGCN,1,1.0,0.6363636363636364,0.5340909090909091,1.0,0.7479338842975207,0.5893595041322314
1252,Nashville,Median Age,bg,6722,Feat-LightGCN,2,1.0,0.6704545454545454,0.6477272727272727,1.0,0.6875,0.7339876033057852
1253,Nashville,Median Age,bg,6722,Feat-LightGCN,3,1.0,0.6477272727272727,0.6477272727272727,1.0,0.6699380165289256,0.696797520661157
1254,Nashville,Median Age,bg,6722,Feat-LightGCN,4,1.0,0.6477272727272727,0.5795454545454546,1.0,0.7360537190082644,0.628099173553719
1255,Nashville,Median Age,bg,6722,Feat-LightGCN,5,1.0,0.6704545454545454,0.625,1.0,0.6885330578512397,0.7014462809917354
1256,Nashville,Median Age,bg,6722,Feat-LightGCN,6,1.0,0.6704545454545454,0.5909090909090909,1.0,0.6880165289256197,0.6973140495867768
1257,Nashville,Median Age,bg,6722,Feat-LightGCN,7,1.0,0.625,0.6704545454545454,1.0,0.6606404958677685,0.6813016528925621
1258,Nashville,Median Age,bg,6722,Feat-LightGCN,8,1.0,0.7045454545454546,0.6818181818181818,1.0,0.7696280991735537,0.7293388429752067
1259,Nashville,Median Age,bg,6722,Feat-LightGCN,9,1.0,0.6818181818181818,0.5681818181818182,1.0,0.6825929752066116,0.6425619834710744
1260,Nashville,Median Age,bg,6722,Feat\&PC-LightGCN,0,0.9923664122137404,0.6704545454545454,0.6363636363636364,1.0,0.6647727272727274,0.6952479338842976
1261,Nashville,Median Age,bg,6722,Feat\&PC-LightGCN,1,0.9923664122137404,0.6590909090909091,0.6136363636363636,0.9998834566750189,0.7254648760330579,0.6213842975206612
1262,Nashville,Median Age,bg,6722,Feat\&PC-LightGCN,2,0.9961832061068703,0.6931818181818182,0.6931818181818182,1.0,0.7293388429752067,0.7004132231404958
1263,Nashville,Median Age,bg,6722,Feat\&PC-LightGCN,3,1.0,0.7045454545454546,0.7159090909090909,1.0,0.7489669421487604,0.7639462809917356
1264,Nashville,Median Age,bg,6722,Feat\&PC-LightGCN,4,1.0,0.6477272727272727,0.6704545454545454,1.0,0.7370867768595041,0.6776859504132231
1265,Nashville,Median Age,bg,6722,Feat\&PC-LightGCN,5,1.0,0.7045454545454546,0.625,1.0,0.762654958677686,0.672004132231405
1266,Nashville,Median Age,bg,6722,Feat\&PC-LightGCN,6,1.0,0.6590909090909091,0.6704545454545454,1.0,0.7179752066115701,0.7244318181818182
1267,Nashville,Median Age,bg,6722,Feat\&PC-LightGCN,7,0.9961832061068703,0.6477272727272727,0.6704545454545454,1.0,0.6583161157024794,0.6784607438016529
1268,Nashville,Median Age,bg,6722,Feat\&PC-LightGCN,8,1.0,0.7386363636363636,0.6818181818181818,1.0,0.7693698347107438,0.7122933884297521
1269,Nashville,Median Age,bg,6722,Feat\&PC-LightGCN,9,1.0,0.7272727272727273,0.6818181818181818,1.0,0.7293388429752066,0.734504132231405
1270,Nashville,Median Age,bg,6722,NoPreTrain,0,1.0,0.625,0.6477272727272727,1.0,0.6208677685950413,0.7091942148760331
1271,Nashville,Median Age,bg,6722,NoPreTrain,1,0.9923664122137404,0.6136363636363636,0.5568181818181818,0.9997086416875474,0.6497933884297521,0.5831611570247933
1272,Nashville,Median Age,bg,6722,NoPreTrain,2,0.9885496183206107,0.6136363636363636,0.6363636363636364,0.9993007400501136,0.6213842975206612,0.6534090909090909
1273,Nashville,Median Age,bg,6722,NoPreTrain,3,1.0,0.625,0.6022727272727273,1.0,0.668904958677686,0.6466942148760331
1274,Nashville,Median Age,bg,6722,NoPreTrain,4,0.9847328244274809,0.625,0.6022727272727273,0.9967367869005302,0.7076446280991736,0.6027892561983471
1275,Nashville,Median Age,bg,6722,NoPreTrain,5,0.9656488549618321,0.6022727272727273,0.5909090909090909,0.9960375269506438,0.6673553719008264,0.6627066115702479
1276,Nashville,Median Age,bg,6722,NoPreTrain,6,0.9847328244274809,0.6704545454545454,0.5681818181818182,0.9994172833750946,0.6683884297520661,0.5996900826446281
1277,Nashville,Median Age,bg,6722,NoPreTrain,7,0.9580152671755725,0.6818181818181818,0.5681818181818182,0.9956296253132102,0.7050619834710744,0.6368801652892562
1278,Nashville,Median Age,bg,6722,NoPreTrain,8,0.9961832061068703,0.6704545454545454,0.5681818181818182,0.9998251850125284,0.7210743801652892,0.6126033057851239
1279,Nashville,Median Age,bg,6722,NoPreTrain,9,0.9885496183206107,0.5909090909090909,0.5795454545454546,0.9993590117126041,0.6270661157024793,0.5955578512396693
1280,Tampa,Median Income,bg,16293,Emb,0,1.0,0.6926229508196722,0.6747967479674797,1.0,0.7577264176296694,0.7260228699847973
1281,Tampa,Median Income,bg,16293,Emb,1,1.0,0.6598360655737705,0.6747967479674797,1.0,0.7191615157215803,0.7186859673474785
1282,Tampa,Median Income,bg,16293,Emb,2,1.0,0.7336065573770492,0.6382113821138211,1.0,0.8104004299919376,0.6827285346024191
1283,Tampa,Median Income,bg,16293,Emb,3,1.0,0.6762295081967213,0.6300813008130082,1.0,0.7321620532115023,0.6892061603542866
1284,Tampa,Median Income,bg,16293,Emb,4,1.0,0.6885245901639344,0.7154471544715447,1.0,0.7518140284869659,0.7758609293410008
1285,Tampa,Median Income,bg,16293,Emb,5,1.0,0.6844262295081968,0.6869918699186992,1.0,0.7468422467078742,0.7564941503073568
1286,Tampa,Median Income,bg,16293,Emb,6,1.0,0.7172131147540983,0.7398373983739838,1.0,0.7184560601988713,0.7902703417278075
1287,Tampa,Median Income,bg,16293,Emb,7,1.0,0.6967213114754098,0.6951219512195121,1.0,0.776404192421392,0.7289972899728997
1288,Tampa,Median Income,bg,16293,Emb,8,1.0,0.6721311475409836,0.6666666666666666,1.0,0.7146600376242945,0.7262872628726287
1289,Tampa,Median Income,bg,16293,Emb,9,1.0,0.7295081967213115,0.6788617886178862,1.0,0.7814431604407417,0.7503139665542997
1290,Tampa,Median Income,bg,16293,RGNN,0,0.744535519125683,0.6721311475409836,0.6300813008130082,0.8269506405088238,0.7408626713249128,0.6927093661180515
1291,Tampa,Median Income,bg,16293,RGNN,1,0.7281420765027322,0.6270491803278688,0.6422764227642277,0.797858998477112,0.6876511690405805,0.7030867869654306
1292,Tampa,Median Income,bg,16293,RGNN,2,0.7909836065573771,0.6639344262295082,0.6463414634146342,0.865717101137687,0.7574576726686375,0.7254940842091346
1293,Tampa,Median Income,bg,16293,RGNN,3,0.7295081967213115,0.6762295081967213,0.6219512195121951,0.8148645824001911,0.7402579951625907,0.6933042501156719
1294,Tampa,Median Income,bg,16293,RGNN,4,0.8183060109289617,0.6557377049180327,0.6504065040650406,0.8909343366478544,0.7070679924751411,0.7481657743406703
1295,Tampa,Median Income,bg,16293,RGNN,5,0.7937158469945356,0.6926229508196722,0.7317073170731707,0.875018662844516,0.7669309325450148,0.7829995373124462
1296,Tampa,Median Income,bg,16293,RGNN,6,0.7254098360655737,0.6598360655737705,0.7113821138211383,0.8164621218907702,0.7297769416823434,0.7890805737325667
1297,Tampa,Median Income,bg,16293,RGNN,7,0.7882513661202186,0.6352459016393442,0.6951219512195121,0.8612977395562722,0.7039102391830153,0.7545112036486218
1298,Tampa,Median Income,bg,16293,RGNN,8,0.7295081967213115,0.6762295081967213,0.6300813008130082,0.7958508764071784,0.7456328943832302,0.6881485888029613
1299,Tampa,Median Income,bg,16293,RGNN,9,0.7882513661202186,0.6844262295081968,0.6910569105691057,0.8665308011585895,0.7592045149153452,0.7611210258444049
1300,Tampa,Median Income,bg,16293,Feat-RGNN,0,0.7636612021857924,0.680327868852459,0.6910569105691057,0.8325569590014632,0.7529561945713518,0.743935488135369
1301,Tampa,Median Income,bg,16293,Feat-RGNN,1,0.7254098360655737,0.6516393442622951,0.7113821138211383,0.8425901042133238,0.72117710292932,0.7787031528851874
1302,Tampa,Median Income,bg,16293,Feat-RGNN,2,0.7663934426229508,0.6762295081967213,0.6504065040650406,0.8281002717310162,0.7709621069604945,0.7328970850684116
1303,Tampa,Median Income,bg,16293,Feat-RGNN,3,0.755464480874317,0.6844262295081968,0.6707317073170732,0.8202170862074114,0.7521499596882559,0.7271465397580805
1304,Tampa,Median Income,bg,16293,Feat-RGNN,4,0.7896174863387978,0.6434426229508197,0.6707317073170732,0.877302995013288,0.7337409298575651,0.7526604534338026
1305,Tampa,Median Income,bg,16293,Feat-RGNN,5,0.726775956284153,0.7008196721311475,0.6788617886178862,0.8305786974827554,0.7470438054286481,0.7578161147465133
1306,Tampa,Median Income,bg,16293,Feat-RGNN,6,0.7472677595628415,0.6434426229508197,0.6951219512195121,0.8443294813222252,0.7409970438054286,0.7514045872166039
1307,Tampa,Median Income,bg,16293,Feat-RGNN,7,0.7636612021857924,0.6885245901639344,0.6910569105691057,0.840238585804294,0.7363611932276269,0.742018639698592
1308,Tampa,Median Income,bg,16293,Feat-RGNN,8,0.7595628415300546,0.680327868852459,0.6788617886178862,0.8586177550837589,0.7614216608438592,0.7488928547822064
1309,Tampa,Median Income,bg,16293,Feat-RGNN,9,0.7363387978142076,0.6557377049180327,0.6585365853658537,0.8366926453462331,0.7424079548508465,0.724634807323683
1310,Tampa,Median Income,bg,16293,Feat\&PC-RGNN,0,0.8032786885245902,0.680327868852459,0.6626016260162602,0.881408820806832,0.776001074979844,0.7321700046268754
1311,Tampa,Median Income,bg,16293,Feat\&PC-RGNN,1,0.7978142076502732,0.6557377049180327,0.6910569105691057,0.8818343336617994,0.7620263370061812,0.7670698658206094
1312,Tampa,Median Income,bg,16293,Feat\&PC-RGNN,2,0.8060109289617486,0.7540983606557377,0.6544715447154471,0.8943160440741735,0.8208142972319269,0.7097627073831713
1313,Tampa,Median Income,bg,16293,Feat\&PC-RGNN,3,0.7158469945355191,0.6762295081967213,0.6016260162601627,0.8343784526262354,0.7249395323837677,0.702161411858021
1314,Tampa,Median Income,bg,16293,Feat\&PC-RGNN,4,0.7814207650273224,0.639344262295082,0.6910569105691057,0.8390217683418436,0.6842246707874228,0.7664749818229889
1315,Tampa,Median Income,bg,16293,Feat\&PC-RGNN,5,0.8579234972677595,0.7008196721311475,0.7032520325203252,0.9215787273433067,0.7796291319537758,0.7907991275034701
1316,Tampa,Median Income,bg,16293,Feat\&PC-RGNN,6,0.8060109289617486,0.6598360655737705,0.6747967479674797,0.888440980620502,0.749126578876646,0.7695815982550069
1317,Tampa,Median Income,bg,16293,Feat\&PC-RGNN,7,0.7568306010928961,0.6475409836065574,0.6869918699186992,0.8448072501418376,0.7319940876108573,0.7785709564412717
1318,Tampa,Median Income,bg,16293,Feat\&PC-RGNN,8,0.7527322404371585,0.6844262295081968,0.6544715447154471,0.8353265251276538,0.7538968019349638,0.7272787362019962
1319,Tampa,Median Income,bg,16293,Feat\&PC-RGNN,9,0.7923497267759563,0.6844262295081968,0.6991869918699187,0.8792887216698021,0.8097957538296157,0.773018705796814
1320,Tampa,Median Income,bg,16293,LightGCN,0,0.8770491803278688,0.7008196721311475,0.7073170731707317,0.9480426408671504,0.7631013168503091,0.7759270275629585
1321,Tampa,Median Income,bg,16293,LightGCN,1,0.9084699453551912,0.6762295081967213,0.7032520325203252,0.959524022813461,0.7380408492340769,0.7594024720735013
1322,Tampa,Median Income,bg,16293,LightGCN,2,0.8825136612021858,0.6844262295081968,0.6910569105691057,0.9644360834901012,0.7879602257457673,0.7642937404983806
1323,Tampa,Median Income,bg,16293,LightGCN,3,0.8784153005464481,0.7090163934426229,0.6747967479674797,0.9610394457881694,0.7972991131416285,0.7412254610350981
1324,Tampa,Median Income,bg,16293,LightGCN,4,0.907103825136612,0.7008196721311475,0.6869918699186992,0.9664442055600347,0.7542663262563827,0.7557670698658207
1325,Tampa,Median Income,bg,16293,LightGCN,5,0.837431693989071,0.6967213114754098,0.6869918699186992,0.9483785720684403,0.7694168234345606,0.7921210919426267
1326,Tampa,Median Income,bg,16293,LightGCN,6,0.912568306010929,0.6844262295081968,0.6910569105691057,0.9687733285556451,0.7579951625907014,0.7851807786370546
1327,Tampa,Median Income,bg,16293,LightGCN,7,0.8087431693989071,0.6598360655737705,0.6666666666666666,0.9585087640717849,0.750940607363612,0.7493555423359112
1328,Tampa,Median Income,bg,16293,LightGCN,8,0.8729508196721312,0.7008196721311475,0.6991869918699187,0.941980948968318,0.7564498790647675,0.7451913543525679
1329,Tampa,Median Income,bg,16293,LightGCN,9,0.9180327868852459,0.7336065573770492,0.7154471544715447,0.9708262414524171,0.7833243751679655,0.7990614052481988
1330,Tampa,Median Income,bg,16293,Feat-LightGCN,0,0.8879781420765027,0.6762295081967213,0.6585365853658537,0.9904446236077519,0.7861461972588013,0.734648687950294
1331,Tampa,Median Income,bg,16293,Feat-LightGCN,1,0.9726775956284153,0.6844262295081968,0.6951219512195121,0.9971333870823256,0.7650161246976618,0.7332606252891798
1332,Tampa,Median Income,bg,16293,Feat-LightGCN,2,0.9836065573770492,0.7172131147540983,0.6951219512195121,0.9974170623189703,0.803480247245364,0.7584770969660917
1333,Tampa,Median Income,bg,16293,Feat-LightGCN,3,0.9617486338797814,0.7459016393442623,0.6707317073170732,0.9936023768998776,0.7988443966675625,0.7272456870910172
1334,Tampa,Median Income,bg,16293,Feat-LightGCN,4,0.9863387978142076,0.7090163934426229,0.7113821138211383,0.9985965540923885,0.7482867508734211,0.760625289179721
1335,Tampa,Median Income,bg,16293,Feat-LightGCN,5,0.98224043715847,0.7172131147540983,0.7195121951219512,0.9982456926154857,0.7999193765116903,0.8124793443056382
1336,Tampa,Median Income,bg,16293,Feat-LightGCN,6,0.9617486338797814,0.6885245901639344,0.7357723577235772,0.9974917136970349,0.7820142434829347,0.8309207482318726
1337,Tampa,Median Income,bg,16293,Feat-LightGCN,7,0.9480874316939891,0.6844262295081968,0.6788617886178862,0.9963943384394875,0.763571620532115,0.7713662502478684
1338,Tampa,Median Income,bg,16293,Feat-LightGCN,8,0.9685792349726776,0.6885245901639344,0.6910569105691057,0.9942966347158768,0.7824509540446116,0.7695815982550069
1339,Tampa,Median Income,bg,16293,Feat-LightGCN,9,0.9685792349726776,0.7459016393442623,0.7560975609756098,0.9961703843052943,0.8135581832840635,0.7891466719545244
1340,Tampa,Median Income,bg,16293,Feat\&PC-LightGCN,0,0.9754098360655737,0.7090163934426229,0.6951219512195121,0.9958195228283914,0.7767401236226821,0.7629717760592241
1341,Tampa,Median Income,bg,16293,Feat\&PC-LightGCN,1,0.9904371584699454,0.6598360655737705,0.6910569105691057,0.9988652990534205,0.7257793603869928,0.7330623306233063
1342,Tampa,Median Income,bg,16293,Feat\&PC-LightGCN,2,0.976775956284153,0.7418032786885246,0.7113821138211383,0.9983576696825823,0.7999865627519485,0.7550730385352634
1343,Tampa,Median Income,bg,16293,Feat\&PC-LightGCN,3,0.9795081967213115,0.7295081967213115,0.6951219512195121,0.9978052494849055,0.8098293469497447,0.7551391367572213
1344,Tampa,Median Income,bg,16293,Feat\&PC-LightGCN,4,0.8579234972677595,0.7131147540983607,0.7479674796747967,0.9582922750753978,0.762765385649019,0.8259964306960144
1345,Tampa,Median Income,bg,16293,Feat\&PC-LightGCN,5,0.9863387978142076,0.7213114754098361,0.7560975609756098,0.9990743229120009,0.7717347487234614,0.8233194527067222
1346,Tampa,Median Income,bg,16293,Feat\&PC-LightGCN,6,0.9877049180327869,0.7418032786885246,0.7560975609756098,0.9997088596255487,0.8067387798978768,0.8330028422235443
1347,Tampa,Median Income,bg,16293,Feat\&PC-LightGCN,7,0.8729508196721312,0.6844262295081968,0.7154471544715447,0.9918331392397504,0.7409298575651707,0.7766541080044946
1348,Tampa,Median Income,bg,16293,Feat\&PC-LightGCN,8,0.9740437158469946,0.7049180327868853,0.7235772357723578,0.994669891606199,0.7875571083042192,0.8009121554630181
1349,Tampa,Median Income,bg,16293,Feat\&PC-LightGCN,9,0.9439890710382514,0.7418032786885246,0.7357723577235772,0.9958717787930366,0.8124160171996774,0.8190230682794631
1350,Tampa,Median Income,bg,16293,NoPreTrain,0,0.9931693989071039,0.6188524590163934,0.6504065040650406,0.9998880229329034,0.6655468959957,0.6910569105691057
1351,Tampa,Median Income,bg,16293,NoPreTrain,1,0.9931693989071039,0.5901639344262295,0.6260162601626016,0.9995744871450327,0.6091776404192422,0.6535792187190165
1352,Tampa,Median Income,bg,16293,NoPreTrain,2,0.9685792349726776,0.7008196721311475,0.5975609756097561,0.994199587924393,0.7313894114485354,0.6446559587547095
1353,Tampa,Median Income,bg,16293,NoPreTrain,3,0.98224043715847,0.680327868852459,0.6056910569105691,0.9991265788766461,0.6986025262026337,0.6439288783131734
1354,Tampa,Median Income,bg,16293,NoPreTrain,4,0.9836065573770492,0.6844262295081968,0.6585365853658537,0.9989324852936785,0.7166756248320344,0.734681737061273
1355,Tampa,Median Income,bg,16293,NoPreTrain,5,0.9726775956284153,0.6557377049180327,0.6951219512195121,0.997275224700648,0.7240661112604138,0.7197435388988036
1356,Tampa,Median Income,bg,16293,NoPreTrain,6,0.9904371584699454,0.6434426229508197,0.6869918699186992,0.9997013944877422,0.709285138403655,0.7414898539229295
1357,Tampa,Median Income,bg,16293,NoPreTrain,7,0.9986338797814208,0.6885245901639344,0.6504065040650406,0.9999925348621935,0.7328675087342111,0.7615176151761518
1358,Tampa,Median Income,bg,16293,NoPreTrain,8,0.9918032786885246,0.6475409836065574,0.6463414634146342,0.9998730926572904,0.7096882558452028,0.7256923788750081
1359,Tampa,Median Income,bg,16293,NoPreTrain,9,0.994535519125683,0.7008196721311475,0.6910569105691057,0.9998432321060646,0.7328675087342112,0.7325665939586226
1360,Tampa,Median Home Value,bg,15775,Emb,0,1.0,0.6974789915966386,0.7364016736401674,1.0,0.7398488807287621,0.8022058823529412
1361,Tampa,Median Home Value,bg,15775,Emb,1,1.0,0.726890756302521,0.702928870292887,1.0,0.8000847397782643,0.7710784313725491
1362,Tampa,Median Home Value,bg,15775,Emb,2,0.9971988795518207,0.7184873949579832,0.694560669456067,0.9971596481729947,0.7801002754042794,0.7446778711484594
1363,Tampa,Median Home Value,bg,15775,Emb,3,1.0,0.7142857142857143,0.6778242677824268,1.0,0.8009321375609068,0.7137254901960783
1364,Tampa,Median Home Value,bg,15775,Emb,4,1.0,0.6974789915966386,0.698744769874477,1.0,0.7828543181978673,0.7681372549019608
1365,Tampa,Median Home Value,bg,15775,Emb,5,1.0,0.6932773109243697,0.6736401673640168,1.0,0.7257608925923311,0.754201680672269
1366,Tampa,Median Home Value,bg,15775,Emb,6,1.0,0.7100840336134454,0.6778242677824268,1.0,0.760963208812937,0.7340336134453781
1367,Tampa,Median Home Value,bg,15775,Emb,7,1.0,0.6890756302521008,0.6861924686192469,1.0,0.7478285431819788,0.7794817927170868
1368,Tampa,Median Home Value,bg,15775,Emb,8,1.0,0.7394957983193278,0.694560669456067,1.0,0.8074994703763859,0.7550420168067228
1369,Tampa,Median Home Value,bg,15775,Emb,9,1.0,0.6890756302521008,0.6861924686192469,1.0,0.7350469599604547,0.7535714285714287
1370,Tampa,Median Home Value,bg,15775,RGNN,0,0.8305322128851541,0.7184873949579832,0.7238493723849372,0.8925923310500672,0.759833345102747,0.802170868347339
1371,Tampa,Median Home Value,bg,15775,RGNN,1,0.7689075630252101,0.7310924369747899,0.7322175732217573,0.8454362137011666,0.8005084386695854,0.7862044817927171
1372,Tampa,Median Home Value,bg,15775,RGNN,2,0.773109243697479,0.6974789915966386,0.7405857740585774,0.8927021789107801,0.7800296589223925,0.8064425770308123
1373,Tampa,Median Home Value,bg,15775,RGNN,3,0.757703081232493,0.634453781512605,0.6903765690376569,0.8426507858045179,0.7452863498340514,0.7301820728291317
1374,Tampa,Median Home Value,bg,15775,RGNN,4,0.7955182072829131,0.6848739495798319,0.6903765690376569,0.8837495782626776,0.7632229362333168,0.7539215686274511
1375,Tampa,Median Home Value,bg,15775,RGNN,5,0.7927170868347339,0.6848739495798319,0.6903765690376569,0.8946088239217255,0.76089259233105,0.7476190476190476
1376,Tampa,Median Home Value,bg,15775,RGNN,6,0.7941176470588235,0.7184873949579832,0.6652719665271967,0.8903012185266262,0.8029093990537391,0.7340336134453781
1377,Tampa,Median Home Value,bg,15775,RGNN,7,0.8333333333333334,0.6764705882352942,0.7112970711297071,0.9172296369528203,0.7339877127321516,0.7710784313725491
1378,Tampa,Median Home Value,bg,15775,RGNN,8,0.8277310924369747,0.7478991596638656,0.694560669456067,0.910575995103924,0.7936586399265588,0.7689075630252101
1379,Tampa,Median Home Value,bg,15775,RGNN,9,0.7296918767507002,0.6596638655462185,0.7112970711297071,0.8161460662696451,0.7284090106630887,0.7613445378151261
1380,Tampa,Median Home Value,bg,15775,Feat-RGNN,0,0.7436974789915967,0.6596638655462185,0.6820083682008368,0.8292885781763686,0.7423204575948026,0.759313725490196
1381,Tampa,Median Home Value,bg,15775,Feat-RGNN,1,0.7633053221288515,0.634453781512605,0.698744769874477,0.8400772073535298,0.745921898171033,0.7973389355742296
1382,Tampa,Median Home Value,bg,15775,Feat-RGNN,2,0.7492997198879552,0.6974789915966386,0.7154811715481172,0.817503471977026,0.784196031353718,0.7843837535014005
1383,Tampa,Median Home Value,bg,15775,Feat-RGNN,3,0.7983193277310925,0.7142857142857143,0.7154811715481172,0.883459266059365,0.7730386272155922,0.7485294117647059
1384,Tampa,Median Home Value,bg,15775,Feat-RGNN,4,0.7843137254901961,0.7058823529411765,0.7071129707112971,0.86083845302827,0.8010027540427935,0.7740896358543417
1385,Tampa,Median Home Value,bg,15775,Feat-RGNN,5,0.7801120448179272,0.6638655462184874,0.6652719665271967,0.871164151935284,0.7381540851634771,0.7223389355742298
1386,Tampa,Median Home Value,bg,15775,Feat-RGNN,6,0.8221288515406162,0.7352941176470589,0.6610878661087866,0.9065037779817811,0.780877056705035,0.7129551820728292
1387,Tampa,Median Home Value,bg,15775,Feat-RGNN,7,0.7843137254901961,0.6638655462184874,0.7364016736401674,0.8700892121554503,0.7375185368264953,0.7814425770308123
1388,Tampa,Median Home Value,bg,15775,Feat-RGNN,8,0.7843137254901961,0.6974789915966386,0.7071129707112971,0.8754717573303831,0.7525598474683992,0.7702380952380953
1389,Tampa,Median Home Value,bg,15775,Feat-RGNN,9,0.7675070028011205,0.6848739495798319,0.6736401673640168,0.8516583103829767,0.7522067650589648,0.7442577030812325
1390,Tampa,Median Home Value,bg,15775,Feat\&PC-RGNN,0,0.8095238095238095,0.6974789915966386,0.7364016736401674,0.8949069824008036,0.7540427935880235,0.7821428571428571
1391,Tampa,Median Home Value,bg,15775,Feat\&PC-RGNN,1,0.7941176470588235,0.6974789915966386,0.7656903765690377,0.8783434942604491,0.7760045194548408,0.822829131652661
1392,Tampa,Median Home Value,bg,15775,Feat\&PC-RGNN,2,0.8067226890756303,0.726890756302521,0.7071129707112971,0.8872333247024301,0.7729680107337051,0.769187675070028
1393,Tampa,Median Home Value,bg,15775,Feat\&PC-RGNN,3,0.84593837535014,0.7058823529411765,0.6652719665271967,0.9232948081193261,0.7915401454699527,0.7608543417366946
1394,Tampa,Median Home Value,bg,15775,Feat\&PC-RGNN,4,0.7899159663865546,0.6932773109243697,0.6443514644351465,0.8877747177302293,0.799661040886943,0.7394957983193278
1395,Tampa,Median Home Value,bg,15775,Feat\&PC-RGNN,5,0.7745098039215687,0.6512605042016807,0.6736401673640168,0.8564053072209274,0.7441564861238613,0.7565826330532213
1396,Tampa,Median Home Value,bg,15775,Feat\&PC-RGNN,6,0.8445378151260504,0.7100840336134454,0.7238493723849372,0.9147502138110146,0.7852552785820209,0.7609943977591037
1397,Tampa,Median Home Value,bg,15775,Feat\&PC-RGNN,7,0.7969187675070029,0.6470588235294118,0.7071129707112971,0.8935260378661269,0.7069416001694796,0.7931372549019607
1398,Tampa,Median Home Value,bg,15775,Feat\&PC-RGNN,8,0.8179271708683473,0.6932773109243697,0.698744769874477,0.8994892074476849,0.7812301391144694,0.7726190476190476
1399,Tampa,Median Home Value,bg,15775,Feat\&PC-RGNN,9,0.8235294117647058,0.6890756302521008,0.6903765690376569,0.9005170695729271,0.7749452722265378,0.7729691876750701
1400,Tampa,Median Home Value,bg,15775,LightGCN,0,0.8949579831932774,0.726890756302521,0.7238493723849372,0.9610824722045682,0.8145611185650732,0.8129551820728292
1401,Tampa,Median Home Value,bg,15775,LightGCN,1,0.896358543417367,0.7352941176470589,0.7740585774058577,0.9553233057929054,0.8365934609137772,0.8478991596638656
1402,Tampa,Median Home Value,bg,15775,LightGCN,2,0.8823529411764706,0.7394957983193278,0.7280334728033473,0.9497053723450165,0.8048160440646849,0.7994047619047618
1403,Tampa,Median Home Value,bg,15775,LightGCN,3,0.8977591036414566,0.7016806722689075,0.702928870292887,0.9733226623982927,0.8058046748111009,0.7625350140056023
1404,Tampa,Median Home Value,bg,15775,LightGCN,4,0.8907563025210085,0.7142857142857143,0.7196652719665272,0.954060055394707,0.822399548054516,0.8065826330532213
1405,Tampa,Median Home Value,bg,15775,LightGCN,5,0.9159663865546218,0.7058823529411765,0.7280334728033473,0.9740837511475179,0.8053103594378928,0.7945378151260505
1406,Tampa,Median Home Value,bg,15775,LightGCN,6,0.927170868347339,0.7310924369747899,0.7322175732217573,0.9831540459320984,0.8012146034884542,0.78109243697479
1407,Tampa,Median Home Value,bg,15775,LightGCN,7,0.9187675070028011,0.7016806722689075,0.7112970711297071,0.9746643755541433,0.7831367841254149,0.8101540616246499
1408,Tampa,Median Home Value,bg,15775,LightGCN,8,0.9285714285714286,0.7773109243697479,0.7364016736401674,0.9769476418018187,0.8377939411058541,0.7995098039215687
1409,Tampa,Median Home Value,bg,15775,LightGCN,9,0.9117647058823529,0.6932773109243697,0.7322175732217573,0.9732441996406406,0.7721206129510627,0.8009803921568627
1410,Tampa,Median Home Value,bg,15775,Feat-LightGCN,0,0.9243697478991597,0.7310924369747899,0.7280334728033473,0.9812003232665616,0.8097591977967658,0.8101540616246499
1411,Tampa,Median Home Value,bg,15775,Feat-LightGCN,1,0.9663865546218487,0.7226890756302521,0.7573221757322176,0.993817134697016,0.8197161217428147,0.8390056022408963
1412,Tampa,Median Home Value,bg,15775,Feat-LightGCN,2,0.9663865546218487,0.7226890756302521,0.7447698744769874,0.9962808652872913,0.7830661676435281,0.8058823529411765
1413,Tampa,Median Home Value,bg,15775,Feat-LightGCN,3,0.9845938375350141,0.7058823529411765,0.7112970711297071,0.9989878304262882,0.8051691264741191,0.7868347338935574
1414,Tampa,Median Home Value,bg,15775,Feat-LightGCN,4,0.9859943977591037,0.6932773109243697,0.7322175732217573,0.9985562852592017,0.8009321375609068,0.7904061624649861
1415,Tampa,Median Home Value,bg,15775,Feat-LightGCN,5,0.9901960784313726,0.7394957983193278,0.698744769874477,0.9979678145768112,0.8002965892239248,0.7854341736694679
1416,Tampa,Median Home Value,bg,15775,Feat-LightGCN,6,0.9621848739495799,0.726890756302521,0.7196652719665272,0.9974891917551334,0.7880093213756091,0.779481792717087
1417,Tampa,Median Home Value,bg,15775,Feat-LightGCN,7,0.9789915966386554,0.7100840336134454,0.7489539748953975,0.9991526022173576,0.7639997175340724,0.8358893557422968
1418,Tampa,Median Home Value,bg,15775,Feat-LightGCN,8,0.988795518207283,0.7563025210084033,0.7071129707112971,1.0,0.842878327801709,0.7738095238095238
1419,Tampa,Median Home Value,bg,15775,Feat-LightGCN,9,0.9761904761904762,0.7058823529411765,0.7405857740585774,0.9951039239225102,0.7805239742956007,0.8088235294117647
1420,Tampa,Median Home Value,bg,15775,Feat\&PC-LightGCN,0,0.9859943977591037,0.6974789915966386,0.7615062761506276,0.9994272218691398,0.7798531177176752,0.8240896358543418
1421,Tampa,Median Home Value,bg,15775,Feat\&PC-LightGCN,1,0.9789915966386554,0.7394957983193278,0.7615062761506276,0.9971674944487599,0.8167149212626228,0.838235294117647
1422,Tampa,Median Home Value,bg,15775,Feat\&PC-LightGCN,2,0.9943977591036415,0.7478991596638656,0.7071129707112971,0.9995292234540876,0.7939411058541064,0.785609243697479
1423,Tampa,Median Home Value,bg,15775,Feat\&PC-LightGCN,3,0.9901960784313726,0.7016806722689075,0.698744769874477,0.9994664532479659,0.7719087635054022,0.7767507002801121
1424,Tampa,Median Home Value,bg,15775,Feat\&PC-LightGCN,4,1.0,0.7184873949579832,0.694560669456067,1.0,0.8025210084033614,0.7514005602240895
1425,Tampa,Median Home Value,bg,15775,Feat\&PC-LightGCN,5,0.988795518207283,0.7016806722689075,0.6652719665271967,0.9995292234540876,0.8001553562601511,0.7670168067226891
1426,Tampa,Median Home Value,bg,15775,Feat\&PC-LightGCN,6,0.9817927170868347,0.7226890756302521,0.702928870292887,0.9987445958775667,0.8113127603982769,0.7746148459383754
1427,Tampa,Median Home Value,bg,15775,Feat\&PC-LightGCN,7,0.9761904761904762,0.7016806722689075,0.7238493723849372,0.9983679746408367,0.7926700091801426,0.7912464985994397
1428,Tampa,Median Home Value,bg,15775,Feat\&PC-LightGCN,8,0.9901960784313726,0.7647058823529411,0.6903765690376569,0.9992781426296009,0.8470447002330344,0.7915616246498599
1429,Tampa,Median Home Value,bg,15775,Feat\&PC-LightGCN,9,0.9957983193277311,0.7184873949579832,0.7489539748953975,0.9999293835181131,0.8001553562601511,0.8350140056022409
1430,Tampa,Median Home Value,bg,15775,NoPreTrain,0,0.9985994397759104,0.6890756302521008,0.6820083682008368,0.9999843074484696,0.7317279853117719,0.7282913165266106
1431,Tampa,Median Home Value,bg,15775,NoPreTrain,1,0.9873949579831933,0.6554621848739496,0.6820083682008368,0.9991761410446531,0.7096250264811808,0.749859943977591
1432,Tampa,Median Home Value,bg,15775,NoPreTrain,2,0.9971988795518207,0.6890756302521008,0.6527196652719666,0.9999215372423479,0.753760327660476,0.7010504201680673
1433,Tampa,Median Home Value,bg,15775,NoPreTrain,3,0.9817927170868347,0.7058823529411765,0.6485355648535565,0.9987132107745058,0.7164748252242072,0.6836134453781513
1434,Tampa,Median Home Value,bg,15775,NoPreTrain,4,0.9873949579831933,0.6638655462184874,0.6861924686192469,0.9994899920752615,0.7024221453287196,0.7264005602240896
1435,Tampa,Median Home Value,bg,15775,NoPreTrain,5,0.9985994397759104,0.7016806722689075,0.6736401673640168,0.9997489191755133,0.763717251606525,0.7358543417366947
1436,Tampa,Median Home Value,bg,15775,NoPreTrain,6,0.9873949579831933,0.680672268907563,0.6652719665271967,0.9992153724234791,0.7112492055645788,0.6923669467787116
1437,Tampa,Median Home Value,bg,15775,NoPreTrain,7,0.9761904761904762,0.6428571428571429,0.6317991631799164,0.9967281030059082,0.705599887013629,0.6981092436974791
1438,Tampa,Median Home Value,bg,15775,NoPreTrain,8,0.9943977591036415,0.6890756302521008,0.6485355648535565,0.9994586069722007,0.7620224560412401,0.6781512605042017
1439,Tampa,Median Home Value,bg,15775,NoPreTrain,9,0.9803921568627451,0.6722689075630253,0.694560669456067,0.9985955166380278,0.7209942800649672,0.7135854341736695
1440,Tampa,Commute Time,bg,3366,Emb,0,1.0,0.7045454545454546,0.6136363636363636,1.0,0.6838842975206612,0.5991735537190082
1441,Tampa,Commute Time,bg,3366,Emb,1,1.0,0.36363636363636365,0.6363636363636364,1.0,0.365702479338843,0.6735537190082644
1442,Tampa,Commute Time,bg,3366,Emb,2,1.0,0.7045454545454546,0.7954545454545454,1.0,0.6363636363636364,0.7913223140495868
1443,Tampa,Commute Time,bg,3366,Emb,3,1.0,0.6363636363636364,0.6590909090909091,1.0,0.6838842975206612,0.7107438016528926
1444,Tampa,Commute Time,bg,3366,Emb,4,1.0,0.5909090909090909,0.6136363636363636,1.0,0.6177685950413223,0.7128099173553718
1445,Tampa,Commute Time,bg,3366,Emb,5,1.0,0.6590909090909091,0.5909090909090909,1.0,0.7293388429752066,0.6363636363636364
1446,Tampa,Commute Time,bg,3366,Emb,6,1.0,0.5909090909090909,0.6590909090909091,1.0,0.5537190082644629,0.7045454545454546
1447,Tampa,Commute Time,bg,3366,Emb,7,1.0,0.6818181818181818,0.5681818181818182,1.0,0.7004132231404958,0.5909090909090909
1448,Tampa,Commute Time,bg,3366,Emb,8,1.0,0.6818181818181818,0.6136363636363636,1.0,0.7913223140495869,0.6694214876033058
1449,Tampa,Commute Time,bg,3366,Emb,9,1.0,0.5909090909090909,0.5909090909090909,1.0,0.6528925619834711,0.6673553719008265
1450,Tampa,Commute Time,bg,3366,RGNN,0,0.8992248062015504,0.6818181818181818,0.6590909090909091,0.961298076923077,0.6838842975206612,0.7293388429752066
1451,Tampa,Commute Time,bg,3366,RGNN,1,0.8294573643410853,0.5681818181818182,0.5681818181818182,0.8903846153846154,0.5785123966942148,0.6756198347107438
1452,Tampa,Commute Time,bg,3366,RGNN,2,0.8914728682170543,0.5909090909090909,0.7272727272727273,0.9401442307692307,0.7210743801652892,0.7975206611570247
1453,Tampa,Commute Time,bg,3366,RGNN,3,0.9147286821705426,0.5681818181818182,0.5909090909090909,0.9675480769230769,0.671487603305785,0.6900826446280992
1454,Tampa,Commute Time,bg,3366,RGNN,4,0.9302325581395349,0.5681818181818182,0.6363636363636364,0.981971153846154,0.6735537190082644,0.743801652892562
1455,Tampa,Commute Time,bg,3366,RGNN,5,0.9457364341085271,0.6818181818181818,0.5227272727272727,0.9814903846153846,0.7582644628099173,0.5867768595041323
1456,Tampa,Commute Time,bg,3366,RGNN,6,0.9069767441860465,0.6363636363636364,0.7045454545454546,0.9800480769230768,0.6611570247933884,0.7438016528925621
1457,Tampa,Commute Time,bg,3366,RGNN,7,0.937984496124031,0.6818181818181818,0.5909090909090909,0.9762019230769231,0.7107438016528926,0.6549586776859504
1458,Tampa,Commute Time,bg,3366,RGNN,8,0.8837209302325582,0.7272727272727273,0.6590909090909091,0.95,0.7458677685950413,0.7004132231404958
1459,Tampa,Commute Time,bg,3366,RGNN,9,0.8682170542635659,0.6136363636363636,0.5,0.9283653846153846,0.7252066115702479,0.5433884297520661
1460,Tampa,Commute Time,bg,3366,Feat-RGNN,0,0.9069767441860465,0.5909090909090909,0.6590909090909091,0.9439903846153845,0.6921487603305785,0.71900826446281
1461,Tampa,Commute Time,bg,3366,Feat-RGNN,1,0.8992248062015504,0.5,0.6818181818181818,0.9526442307692308,0.5785123966942148,0.774793388429752
1462,Tampa,Commute Time,bg,3366,Feat-RGNN,2,0.937984496124031,0.7045454545454546,0.6136363636363636,0.9745192307692307,0.6880165289256198,0.6797520661157025
1463,Tampa,Commute Time,bg,3366,Feat-RGNN,3,0.9224806201550387,0.5909090909090909,0.6590909090909091,0.9798076923076924,0.6942148760330579,0.7644628099173554
1464,Tampa,Commute Time,bg,3366,Feat-RGNN,4,0.8992248062015504,0.6590909090909091,0.6590909090909091,0.9516826923076923,0.6342975206611571,0.71900826446281
1465,Tampa,Commute Time,bg,3366,Feat-RGNN,5,0.8837209302325582,0.75,0.5909090909090909,0.9343750000000001,0.7355371900826446,0.6342975206611571
1466,Tampa,Commute Time,bg,3366,Feat-RGNN,6,0.8449612403100775,0.6363636363636364,0.7045454545454546,0.9423076923076922,0.7128099173553719,0.731404958677686
1467,Tampa,Commute Time,bg,3366,Feat-RGNN,7,0.9534883720930233,0.7272727272727273,0.6590909090909091,0.9975961538461537,0.8264462809917354,0.7644628099173554
1468,Tampa,Commute Time,bg,3366,Feat-RGNN,8,0.8682170542635659,0.7727272727272727,0.5909090909090909,0.9225961538461538,0.7458677685950413,0.6425619834710744
1469,Tampa,Commute Time,bg,3366,Feat-RGNN,9,0.9147286821705426,0.6818181818181818,0.5681818181818182,0.9766826923076922,0.6859504132231404,0.5971074380165289
1470,Tampa,Commute Time,bg,3366,Feat\&PC-RGNN,0,0.937984496124031,0.6590909090909091,0.5909090909090909,0.9685096153846153,0.6012396694214877,0.6425619834710744
1471,Tampa,Commute Time,bg,3366,Feat\&PC-RGNN,1,0.9844961240310077,0.5,0.6363636363636364,0.9966346153846154,0.5640495867768596,0.6177685950413223
1472,Tampa,Commute Time,bg,3366,Feat\&PC-RGNN,2,0.8992248062015504,0.5909090909090909,0.7272727272727273,0.94375,0.6466942148760331,0.737603305785124
1473,Tampa,Commute Time,bg,3366,Feat\&PC-RGNN,3,0.9922480620155039,0.6136363636363636,0.6590909090909091,1.0,0.6466942148760331,0.7210743801652892
1474,Tampa,Commute Time,bg,3366,Feat\&PC-RGNN,4,0.9457364341085271,0.6363636363636364,0.6590909090909091,0.9807692307692307,0.6549586776859504,0.6570247933884298
1475,Tampa,Commute Time,bg,3366,Feat\&PC-RGNN,5,0.9302325581395349,0.6363636363636364,0.5909090909090909,0.965625,0.731404958677686,0.5826446280991735
1476,Tampa,Commute Time,bg,3366,Feat\&PC-RGNN,6,0.9612403100775194,0.5227272727272727,0.5909090909090909,0.9939903846153847,0.615702479338843,0.6900826446280991
1477,Tampa,Commute Time,bg,3366,Feat\&PC-RGNN,7,0.9689922480620154,0.7272727272727273,0.5227272727272727,0.9906250000000001,0.7541322314049588,0.597107438016529
1478,Tampa,Commute Time,bg,3366,Feat\&PC-RGNN,8,0.9612403100775194,0.6818181818181818,0.6363636363636364,0.9860576923076924,0.7706611570247934,0.7355371900826446
1479,Tampa,Commute Time,bg,3366,Feat\&PC-RGNN,9,0.9534883720930233,0.6590909090909091,0.5454545454545454,0.9918269230769231,0.6880165289256199,0.6074380165289256
1480,Tampa,Commute Time,bg,3366,LightGCN,0,1.0,0.6590909090909091,0.6590909090909091,1.0,0.6611570247933884,0.7272727272727272
1481,Tampa,Commute Time,bg,3366,LightGCN,1,1.0,0.5,0.5454545454545454,1.0,0.5640495867768596,0.6384297520661157
1482,Tampa,Commute Time,bg,3366,LightGCN,2,1.0,0.7045454545454546,0.6818181818181818,1.0,0.7376033057851239,0.75
1483,Tampa,Commute Time,bg,3366,LightGCN,3,1.0,0.5909090909090909,0.7045454545454546,1.0,0.7014462809917356,0.756198347107438
1484,Tampa,Commute Time,bg,3366,LightGCN,4,1.0,0.7045454545454546,0.6590909090909091,1.0,0.7324380165289255,0.7231404958677686
1485,Tampa,Commute Time,bg,3366,LightGCN,5,1.0,0.7272727272727273,0.7045454545454546,1.0,0.8409090909090908,0.7045454545454546
1486,Tampa,Commute Time,bg,3366,LightGCN,6,1.0,0.5681818181818182,0.75,1.0,0.5537190082644629,0.7706611570247934
1487,Tampa,Commute Time,bg,3366,LightGCN,7,1.0,0.6590909090909091,0.5909090909090909,1.0,0.6590909090909091,0.6425619834710744
1488,Tampa,Commute Time,bg,3366,LightGCN,8,1.0,0.7727272727272727,0.7045454545454546,1.0,0.8409090909090909,0.731404958677686
1489,Tampa,Commute Time,bg,3366,LightGCN,9,1.0,0.7272727272727273,0.5909090909090909,1.0,0.7995867768595041,0.5289256198347108
1490,Tampa,Commute Time,bg,3366,Feat-LightGCN,0,1.0,0.7272727272727273,0.6363636363636364,1.0,0.7727272727272727,0.6756198347107438
1491,Tampa,Commute Time,bg,3366,Feat-LightGCN,1,1.0,0.5909090909090909,0.6136363636363636,1.0,0.6053719008264462,0.6632231404958677
1492,Tampa,Commute Time,bg,3366,Feat-LightGCN,2,1.0,0.6818181818181818,0.6363636363636364,1.0,0.7231404958677686,0.7086776859504132
1493,Tampa,Commute Time,bg,3366,Feat-LightGCN,3,1.0,0.6136363636363636,0.7272727272727273,1.0,0.7128099173553719,0.7262396694214877
1494,Tampa,Commute Time,bg,3366,Feat-LightGCN,4,1.0,0.6818181818181818,0.6363636363636364,1.0,0.7479338842975206,0.756198347107438
1495,Tampa,Commute Time,bg,3366,Feat-LightGCN,5,1.0,0.7045454545454546,0.6590909090909091,1.0,0.8119834710743801,0.6921487603305785
1496,Tampa,Commute Time,bg,3366,Feat-LightGCN,6,1.0,0.5909090909090909,0.6818181818181818,1.0,0.6632231404958677,0.7644628099173554
1497,Tampa,Commute Time,bg,3366,Feat-LightGCN,7,1.0,0.7272727272727273,0.75,1.0,0.7066115702479339,0.7561983471074379
1498,Tampa,Commute Time,bg,3366,Feat-LightGCN,8,1.0,0.7954545454545454,0.6136363636363636,1.0,0.8946280991735538,0.7293388429752066
1499,Tampa,Commute Time,bg,3366,Feat-LightGCN,9,1.0,0.7272727272727273,0.5681818181818182,1.0,0.768595041322314,0.5909090909090909
1500,Tampa,Commute Time,bg,3366,Feat\&PC-LightGCN,0,1.0,0.6363636363636364,0.6136363636363636,1.0,0.6962809917355373,0.7417355371900826
1501,Tampa,Commute Time,bg,3366,Feat\&PC-LightGCN,1,1.0,0.5227272727272727,0.5227272727272727,1.0,0.5495867768595042,0.640495867768595
1502,Tampa,Commute Time,bg,3366,Feat\&PC-LightGCN,2,1.0,0.5681818181818182,0.6590909090909091,1.0,0.6962809917355373,0.7355371900826446
1503,Tampa,Commute Time,bg,3366,Feat\&PC-LightGCN,3,1.0,0.5681818181818182,0.5454545454545454,1.0,0.625,0.7024793388429752
1504,Tampa,Commute Time,bg,3366,Feat\&PC-LightGCN,4,1.0,0.6818181818181818,0.6363636363636364,1.0,0.6632231404958677,0.6177685950413223
1505,Tampa,Commute Time,bg,3366,Feat\&PC-LightGCN,5,1.0,0.6363636363636364,0.5454545454545454,1.0,0.7603305785123967,0.6735537190082644
1506,Tampa,Commute Time,bg,3366,Feat\&PC-LightGCN,6,1.0,0.5227272727272727,0.6818181818181818,1.0,0.6177685950413223,0.7210743801652892
1507,Tampa,Commute Time,bg,3366,Feat\&PC-LightGCN,7,1.0,0.5454545454545454,0.5681818181818182,1.0,0.578512396694215,0.6663223140495868
1508,Tampa,Commute Time,bg,3366,Feat\&PC-LightGCN,8,1.0,0.6590909090909091,0.6136363636363636,1.0,0.7510330578512396,0.7231404958677686
1509,Tampa,Commute Time,bg,3366,Feat\&PC-LightGCN,9,1.0,0.6363636363636364,0.5681818181818182,1.0,0.7355371900826446,0.6983471074380165
1510,Tampa,Commute Time,bg,3366,NoPreTrain,0,0.9844961240310077,0.5681818181818182,0.6363636363636364,0.9995192307692308,0.5247933884297521,0.7128099173553719
1511,Tampa,Commute Time,bg,3366,NoPreTrain,1,1.0,0.45454545454545453,0.5454545454545454,1.0,0.40082644628099173,0.5805785123966942
1512,Tampa,Commute Time,bg,3366,NoPreTrain,2,0.9922480620155039,0.5454545454545454,0.6363636363636364,1.0,0.6446280991735538,0.6797520661157025
1513,Tampa,Commute Time,bg,3366,NoPreTrain,3,1.0,0.6590909090909091,0.5454545454545454,1.0,0.5867768595041323,0.5619834710743801
1514,Tampa,Commute Time,bg,3366,NoPreTrain,4,0.9922480620155039,0.5681818181818182,0.6363636363636364,0.9997596153846154,0.6053719008264463,0.6694214876033058
1515,Tampa,Commute Time,bg,3366,NoPreTrain,5,1.0,0.6136363636363636,0.6136363636363636,1.0,0.7086776859504131,0.5764462809917356
1516,Tampa,Commute Time,bg,3366,NoPreTrain,6,0.9922480620155039,0.5227272727272727,0.5227272727272727,1.0,0.518595041322314,0.5599173553719009
1517,Tampa,Commute Time,bg,3366,NoPreTrain,7,0.9922480620155039,0.45454545454545453,0.5909090909090909,0.998798076923077,0.5495867768595042,0.53099173553719
1518,Tampa,Commute Time,bg,3366,NoPreTrain,8,0.9922480620155039,0.5,0.5909090909090909,1.0,0.5041322314049587,0.6198347107438017
1519,Tampa,Commute Time,bg,3366,NoPreTrain,9,0.9922480620155039,0.6136363636363636,0.45454545454545453,1.0,0.6714876033057852,0.43388429752066116
1520,Tampa,Median Age,bg,16804,Emb,0,1.0,0.5833333333333334,0.5928853754940712,1.0,0.6320231796422273,0.6049243844519435
1521,Tampa,Median Age,bg,16804,Emb,1,0.9986737400530504,0.6309523809523809,0.6482213438735178,1.0,0.6858150667674477,0.7024746906636671
1522,Tampa,Median Age,bg,16804,Emb,2,0.9986737400530504,0.6190476190476191,0.6442687747035574,0.9998381740403017,0.6716427311665407,0.6539182602174728
1523,Tampa,Median Age,bg,16804,Emb,3,0.9986737400530504,0.6746031746031746,0.5928853754940712,0.9999788922661264,0.6826656588561351,0.6413573303337082
1524,Tampa,Median Age,bg,16804,Emb,4,0.9986737400530504,0.6626984126984127,0.6403162055335968,1.0,0.6851851851851852,0.6982877140357455
1525,Tampa,Median Age,bg,16804,Emb,5,0.9946949602122016,0.6031746031746031,0.6324110671936759,0.9999648204435438,0.6525573192239859,0.6696662917135359
1526,Tampa,Median Age,bg,16804,Emb,6,1.0,0.6150793650793651,0.6245059288537549,1.0,0.6783824640967497,0.6832895888013998
1527,Tampa,Median Age,bg,16804,Emb,7,1.0,0.6111111111111112,0.6205533596837944,1.0,0.6342907533383724,0.6461692288463942
1528,Tampa,Median Age,bg,16804,Emb,8,1.0,0.5555555555555556,0.6482213438735178,1.0,0.6148274124464601,0.6878827646544182
1529,Tampa,Median Age,bg,16804,Emb,9,1.0,0.6547619047619048,0.6245059288537549,1.0,0.6680524061476443,0.6614173228346457
1530,Tampa,Median Age,bg,16804,RGNN,0,0.7029177718832891,0.6111111111111112,0.6007905138339921,0.8059143870314083,0.6505416981607457,0.6579177602799651
1531,Tampa,Median Age,bg,16804,RGNN,1,0.7015915119363395,0.6865079365079365,0.6561264822134387,0.7720012946076776,0.6968379944570422,0.7080364954380702
1532,Tampa,Median Age,bg,16804,RGNN,2,0.6816976127320955,0.623015873015873,0.6324110671936759,0.7826818079477654,0.672209624590577,0.6873515810523685
1533,Tampa,Median Age,bg,16804,RGNN,3,0.6949602122015915,0.6150793650793651,0.6205533596837944,0.8187197455814478,0.6880196523053667,0.6676040494938134
1534,Tampa,Median Age,bg,16804,RGNN,4,0.7175066312997348,0.6111111111111112,0.6205533596837944,0.7880079927952268,0.6647140337616528,0.6892263467066617
1535,Tampa,Median Age,bg,16804,RGNN,5,0.7214854111405835,0.6190476190476191,0.6758893280632411,0.81295733423393,0.6758629377676997,0.7163479565054369
1536,Tampa,Median Age,bg,16804,RGNN,6,0.7281167108753316,0.623015873015873,0.6086956521739131,0.8315954632443994,0.7214663643235072,0.6741657292838396
1537,Tampa,Median Age,bg,16804,RGNN,7,0.7480106100795756,0.6071428571428571,0.5849802371541502,0.838244399414612,0.671957671957672,0.6409198850143732
1538,Tampa,Median Age,bg,16804,RGNN,8,0.6870026525198939,0.5952380952380952,0.6640316205533597,0.7605186873803895,0.6695011337868481,0.7353455818022747
1539,Tampa,Median Age,bg,16804,RGNN,9,0.6763925729442971,0.6587301587301587,0.6482213438735178,0.7655704716874929,0.6926807760141095,0.7047244094488189
1540,Tampa,Median Age,bg,16804,Feat-RGNN,0,0.6432360742705571,0.5753968253968254,0.525691699604743,0.7187605538669368,0.6196775006298816,0.5699287589051368
1541,Tampa,Median Age,bg,16804,Feat-RGNN,1,0.7307692307692307,0.6309523809523809,0.6521739130434783,0.8051967240797029,0.6854371378180901,0.7269716285464317
1542,Tampa,Median Age,bg,16804,Feat-RGNN,2,0.7281167108753316,0.6190476190476191,0.6047430830039525,0.8098474614432061,0.6600529100529101,0.6667291588551431
1543,Tampa,Median Age,bg,16804,Feat-RGNN,3,0.6816976127320955,0.6547619047619048,0.6640316205533597,0.7567615107508724,0.7018770471151423,0.7021622297212848
1544,Tampa,Median Age,bg,16804,Feat-RGNN,4,0.6750663129973474,0.6111111111111112,0.5889328063241107,0.74731228188675,0.6928067523305619,0.7006624171978503
1545,Tampa,Median Age,bg,16804,Feat-RGNN,5,0.7029177718832891,0.6111111111111112,0.6877470355731226,0.7797196892941575,0.6452506928697406,0.7419072615923009
1546,Tampa,Median Age,bg,16804,Feat-RGNN,6,0.6816976127320955,0.6349206349206349,0.6442687747035574,0.7562056737588652,0.7213403880070547,0.697787776527934
1547,Tampa,Median Age,bg,16804,Feat-RGNN,7,0.713527851458886,0.6428571428571429,0.5968379446640316,0.8046408870876957,0.6569035021415974,0.6574178227721535
1548,Tampa,Median Age,bg,16804,Feat-RGNN,8,0.6790450928381963,0.626984126984127,0.691699604743083,0.768138579308792,0.6483371126228269,0.7510311211098614
1549,Tampa,Median Age,bg,16804,Feat-RGNN,9,0.7082228116710876,0.6587301587301587,0.6482213438735178,0.7864741641337385,0.6969639707734946,0.7064116985376828
1550,Tampa,Median Age,bg,16804,Feat\&PC-RGNN,0,0.6976127320954907,0.6031746031746031,0.6007905138339921,0.7834979736575481,0.6652179390274628,0.615360579927509
1551,Tampa,Median Age,bg,16804,Feat\&PC-RGNN,1,0.7320954907161804,0.6190476190476191,0.6719367588932806,0.8040639423618147,0.6642731166540691,0.6992250968628921
1552,Tampa,Median Age,bg,16804,Feat\&PC-RGNN,2,0.7320954907161804,0.6071428571428571,0.6126482213438735,0.7988925475627603,0.6355505165028974,0.684039495063117
1553,Tampa,Median Age,bg,16804,Feat\&PC-RGNN,3,0.6989389920424404,0.6626984126984127,0.6521739130434783,0.7898514015535292,0.7144746787603931,0.6883514560679915
1554,Tampa,Median Age,bg,16804,Feat\&PC-RGNN,4,0.7254641909814323,0.6507936507936508,0.6403162055335968,0.7993428458853991,0.7076089695137313,0.6911011123609548
1555,Tampa,Median Age,bg,16804,Feat\&PC-RGNN,5,0.7440318302387268,0.6031746031746031,0.6798418972332015,0.8264592480018011,0.6456916099773242,0.7212848393950757
1556,Tampa,Median Age,bg,16804,Feat\&PC-RGNN,6,0.7453580901856764,0.5912698412698413,0.6324110671936759,0.8267125408082855,0.6773116654069035,0.6929758780152481
1557,Tampa,Median Age,bg,16804,Feat\&PC-RGNN,7,0.7851458885941645,0.6309523809523809,0.6126482213438735,0.8605271304739389,0.6629503653313177,0.6371703537057868
1558,Tampa,Median Age,bg,16804,Feat\&PC-RGNN,8,0.7175066312997348,0.5833333333333334,0.7075098814229249,0.800130867950017,0.6412194507432604,0.7331583552055992
1559,Tampa,Median Age,bg,16804,Feat\&PC-RGNN,9,0.6750663129973474,0.6388888888888888,0.6719367588932806,0.7145249352696161,0.7331191735953642,0.6980377452818398
1560,Tampa,Median Age,bg,16804,LightGCN,0,0.8183023872679045,0.6150793650793651,0.5968379446640316,0.9022641562535179,0.6484001007810531,0.6177352830896139
1561,Tampa,Median Age,bg,16804,LightGCN,1,0.8395225464190982,0.6468253968253969,0.5889328063241107,0.9223165034335247,0.7113252708490805,0.6619797525309336
1562,Tampa,Median Age,bg,16804,LightGCN,2,0.8488063660477454,0.6507936507936508,0.6363636363636364,0.9153509512552066,0.6863819601914841,0.6841644794400701
1563,Tampa,Median Age,bg,16804,LightGCN,3,0.7413793103448276,0.6507936507936508,0.6482213438735178,0.8597602161431949,0.6977828168304359,0.6944131983502062
1564,Tampa,Median Age,bg,16804,LightGCN,4,0.8315649867374005,0.623015873015873,0.6719367588932806,0.9117696724079702,0.6950743260267069,0.7262842144731908
1565,Tampa,Median Age,bg,16804,LightGCN,5,0.8129973474801061,0.623015873015873,0.6837944664031621,0.9078084543510075,0.6559586797682037,0.7207849018872641
1566,Tampa,Median Age,bg,16804,LightGCN,6,0.8421750663129973,0.626984126984127,0.6284584980237155,0.9209233929978611,0.6962081128747796,0.6784776902887139
1567,Tampa,Median Age,bg,16804,LightGCN,7,0.8607427055702918,0.6190476190476191,0.6284584980237155,0.9246031746031746,0.6643990929705216,0.657917760279965
1568,Tampa,Median Age,bg,16804,LightGCN,8,0.8527851458885941,0.5873015873015873,0.6403162055335968,0.9255952380952381,0.6580372889896701,0.6722284714410698
1569,Tampa,Median Age,bg,16804,LightGCN,9,0.830238726790451,0.6666666666666666,0.6521739130434783,0.9090538106495553,0.7075459813555052,0.7165979252593425
1570,Tampa,Median Age,bg,16804,Feat-LightGCN,0,0.8806366047745358,0.6111111111111112,0.5533596837944664,0.9730243161094225,0.6649029982363316,0.6262967129108862
1571,Tampa,Median Age,bg,16804,Feat-LightGCN,1,0.9124668435013262,0.6071428571428571,0.6284584980237155,0.9734394348756051,0.6853111615016377,0.6922884639420073
1572,Tampa,Median Age,bg,16804,Feat-LightGCN,2,0.9045092838196287,0.6547619047619048,0.616600790513834,0.9660376561972307,0.6813429075333838,0.677915260592426
1573,Tampa,Median Age,bg,16804,Feat-LightGCN,3,0.9217506631299734,0.6190476190476191,0.6205533596837944,0.9810241472475516,0.662257495590829,0.6447944006999126
1574,Tampa,Median Age,bg,16804,Feat-LightGCN,4,0.9270557029177718,0.6349206349206349,0.5810276679841897,0.9799828323764495,0.7062862181909801,0.6500437445319335
1575,Tampa,Median Age,bg,16804,Feat-LightGCN,5,0.8992042440318302,0.6388888888888888,0.6442687747035574,0.9590791399302037,0.6686822877299068,0.6868516435445569
1576,Tampa,Median Age,bg,16804,Feat-LightGCN,6,0.916445623342175,0.5753968253968254,0.6363636363636364,0.9784278959810875,0.6751070798689847,0.6686039245094363
1577,Tampa,Median Age,bg,16804,Feat-LightGCN,7,0.9257294429708223,0.6111111111111112,0.5889328063241107,0.9858226387481707,0.6475182665658856,0.6202974628171478
1578,Tampa,Median Age,bg,16804,Feat-LightGCN,8,0.8992042440318302,0.6111111111111112,0.6442687747035574,0.9668327141731398,0.6322751322751323,0.6897887764029497
1579,Tampa,Median Age,bg,16804,Feat-LightGCN,9,0.9217506631299734,0.6507936507936508,0.6482213438735178,0.9710190813914219,0.7255605946082138,0.6924134483189601
1580,Tampa,Median Age,bg,16804,Feat\&PC-LightGCN,0,0.9562334217506632,0.5952380952380952,0.5731225296442688,0.9902482269503546,0.653817082388511,0.588238970128734
1581,Tampa,Median Age,bg,16804,Feat\&PC-LightGCN,1,0.9655172413793104,0.5793650793650794,0.6205533596837944,0.9885666441517506,0.6519904257999497,0.6654793150856144
1582,Tampa,Median Age,bg,16804,Feat\&PC-LightGCN,2,0.9416445623342176,0.6190476190476191,0.5612648221343873,0.9891084093211753,0.6621945074326027,0.6187976502937134
1583,Tampa,Median Age,bg,16804,Feat\&PC-LightGCN,3,0.9681697612732095,0.6031746031746031,0.5810276679841897,0.9935199257007767,0.6510456034265558,0.6592300962379701
1584,Tampa,Median Age,bg,16804,Feat\&PC-LightGCN,4,0.9363395225464191,0.6746031746031746,0.5928853754940712,0.9804612743442531,0.6872637944066515,0.6739157605299337
1585,Tampa,Median Age,bg,16804,Feat\&PC-LightGCN,5,0.9403183023872679,0.5952380952380952,0.6205533596837944,0.9921127434425308,0.659297052154195,0.6743219597550306
1586,Tampa,Median Age,bg,16804,Feat\&PC-LightGCN,6,0.9336870026525199,0.6071428571428571,0.6245059288537549,0.9864840144095464,0.6510456034265558,0.6761029871266092
1587,Tampa,Median Age,bg,16804,Feat\&PC-LightGCN,7,0.9628647214854111,0.6031746031746031,0.6363636363636364,0.9958699200720477,0.6366213151927438,0.6304211973503313
1588,Tampa,Median Age,bg,16804,Feat\&PC-LightGCN,8,0.9137931034482759,0.6150793650793651,0.6007905138339921,0.986230721603062,0.6306689342403629,0.6607924009498812
1589,Tampa,Median Age,bg,16804,Feat\&PC-LightGCN,9,0.9628647214854111,0.5992063492063492,0.6126482213438735,0.993132950579759,0.655328798185941,0.6771653543307087
1590,Tampa,Median Age,bg,16804,NoPreTrain,0,0.9761273209549072,0.5476190476190477,0.49407114624505927,0.9967845885399078,0.5968757873519778,0.5245594300712411
1591,Tampa,Median Age,bg,16804,NoPreTrain,1,0.9973474801061007,0.6031746031746031,0.6007905138339921,0.9999929640887087,0.6023557571176619,0.6349831271091113
1592,Tampa,Median Age,bg,16804,NoPreTrain,2,0.9893899204244032,0.6111111111111112,0.5533596837944664,0.9998944613306315,0.6220710506424793,0.6051118610173728
1593,Tampa,Median Age,bg,16804,NoPreTrain,3,0.9986737400530504,0.5436507936507936,0.541501976284585,0.9999577845322526,0.600151171579743,0.5511811023622047
1594,Tampa,Median Age,bg,16804,NoPreTrain,4,0.9734748010610079,0.6150793650793651,0.6007905138339921,0.9976148260722728,0.6541950113378684,0.6002999625046868
1595,Tampa,Median Age,bg,16804,NoPreTrain,5,0.9986737400530504,0.6388888888888888,0.5968379446640316,0.9999929640887087,0.6822877299067776,0.6120484939382578
1596,Tampa,Median Age,bg,16804,NoPreTrain,6,0.9907161803713528,0.5634920634920635,0.5691699604743083,0.9995497016773612,0.5779793398841019,0.6162354705661792
1597,Tampa,Median Age,bg,16804,NoPreTrain,7,0.9907161803713528,0.5674603174603174,0.5533596837944664,0.9996552403467297,0.6104812295288485,0.6000499937507812
1598,Tampa,Median Age,bg,16804,NoPreTrain,8,0.9960212201591512,0.5277777777777778,0.6245059288537549,0.9998733535967579,0.5544847568657093,0.6302962129733783
1599,Tampa,Median Age,bg,16804,NoPreTrain,9,0.9907161803713528,0.5714285714285714,0.6007905138339921,0.9995215580321963,0.5964978584026203,0.6159230096237971
1600,Philadelphia,Median Income,tract,34772,Emb,0,0.9936868686868687,0.7424242424242424,0.7462121212121212,0.9995536169778594,0.810376492194674,0.8609389348025711
1601,Philadelphia,Median Income,tract,34772,Emb,1,0.9924242424242424,0.7765151515151515,0.75,0.9999107233955719,0.8461891643709826,0.8174070247933883
1602,Philadelphia,Median Income,tract,34772,Emb,2,1.0,0.7765151515151515,0.7651515151515151,1.0,0.8378099173553719,0.8312098255280074
1603,Philadelphia,Median Income,tract,34772,Emb,3,0.9974747474747475,0.7651515151515151,0.7916666666666666,1.0,0.8394742883379247,0.8556014692378329
1604,Philadelphia,Median Income,tract,34772,Emb,4,0.9974747474747475,0.7575757575757576,0.7462121212121212,0.9999107233955719,0.8534205693296603,0.8192148760330579
1605,Philadelphia,Median Income,tract,34772,Emb,5,1.0,0.678030303030303,0.7575757575757576,1.0,0.7745638200183654,0.7882231404958677
1606,Philadelphia,Median Income,tract,34772,Emb,6,0.9431818181818182,0.7651515151515151,0.7840909090909091,0.9971048872564023,0.8805096418732783,0.8543101469237833
1607,Philadelphia,Median Income,tract,34772,Emb,7,0.9974747474747475,0.7575757575757576,0.7310606060606061,0.9999872461993674,0.8191000918273645,0.8062729568411388
1608,Philadelphia,Median Income,tract,34772,Emb,8,0.9987373737373737,0.7803030303030303,0.7537878787878788,1.0,0.8565197428833794,0.815943526170799
1609,Philadelphia,Median Income,tract,34772,Emb,9,0.9974747474747475,0.7462121212121212,0.7916666666666666,0.9999808692990511,0.787534435261708,0.8246097337006427
1610,Philadelphia,Median Income,tract,34772,RGNN,0,0.7929292929292929,0.7310606060606061,0.7727272727272727,0.8925683603713908,0.808252984389348,0.8499770431588614
1611,Philadelphia,Median Income,tract,34772,RGNN,1,0.8257575757575758,0.7916666666666666,0.7727272727272727,0.9120689215386186,0.8693755739210285,0.8438934802571166
1612,Philadelphia,Median Income,tract,34772,RGNN,2,0.8042929292929293,0.7954545454545454,0.7386363636363636,0.8868163962860933,0.8402203856749311,0.8400482093663912
1613,Philadelphia,Median Income,tract,34772,RGNN,3,0.7878787878787878,0.75,0.7575757575757576,0.892013570043873,0.8400482093663912,0.8627180899908172
1614,Philadelphia,Median Income,tract,34772,RGNN,4,0.7967171717171717,0.7462121212121212,0.7765151515151515,0.8662955310682583,0.8319559228650137,0.8308654729109275
1615,Philadelphia,Median Income,tract,34772,RGNN,5,0.8181818181818182,0.7159090909090909,0.7159090909090909,0.9226800836649323,0.8074494949494949,0.8015381083562901
1616,Philadelphia,Median Income,tract,34772,RGNN,6,0.8005050505050505,0.8181818181818182,0.7992424242424242,0.8914332721150904,0.8717860422405878,0.8491161616161615
1617,Philadelphia,Median Income,tract,34772,RGNN,7,0.8421717171717171,0.75,0.75,0.9239490868278747,0.8236914600550964,0.8220270890725436
1618,Philadelphia,Median Income,tract,34772,RGNN,8,0.8585858585858586,0.7537878787878788,0.8068181818181818,0.9338970513212937,0.8256427915518825,0.8485422405876952
1619,Philadelphia,Median Income,tract,34772,RGNN,9,0.7878787878787878,0.75,0.7045454545454546,0.9168197122742577,0.8139348025711661,0.825068870523416
1620,Philadelphia,Median Income,tract,34772,Feat-RGNN,0,0.8333333333333334,0.7462121212121212,0.7575757575757576,0.9137332925211713,0.8211088154269972,0.8498048668503214
1621,Philadelphia,Median Income,tract,34772,Feat-RGNN,1,0.8446969696969697,0.7840909090909091,0.7689393939393939,0.9309509233751658,0.8690312213039486,0.8332759412304866
1622,Philadelphia,Median Income,tract,34772,Feat-RGNN,2,0.7916666666666666,0.7045454545454546,0.7878787878787878,0.9135292317110497,0.8438934802571166,0.8708103764921947
1623,Philadelphia,Median Income,tract,34772,Feat-RGNN,3,0.8156565656565656,0.7765151515151515,0.7878787878787878,0.9077708907254363,0.8570936639118458,0.8675390266299358
1624,Philadelphia,Median Income,tract,34772,Feat-RGNN,4,0.8257575757575758,0.7348484848484849,0.7727272727272727,0.9135930007142129,0.820018365472911,0.8473370064279155
1625,Philadelphia,Median Income,tract,34772,Feat-RGNN,5,0.8181818181818182,0.7537878787878788,0.7537878787878788,0.9045378022650751,0.8017676767676768,0.8246671258034894
1626,Philadelphia,Median Income,tract,34772,Feat-RGNN,6,0.7790404040404041,0.8106060606060606,0.7954545454545454,0.8988304764819917,0.8748852157943068,0.8669651056014693
1627,Philadelphia,Median Income,tract,34772,Feat-RGNN,7,0.8396464646464646,0.75,0.7537878787878788,0.9179420467299255,0.8194444444444444,0.8234618916437098
1628,Philadelphia,Median Income,tract,34772,Feat-RGNN,8,0.8813131313131313,0.7992424242424242,0.7651515151515151,0.946644475053566,0.865702479338843,0.834366391184573
1629,Philadelphia,Median Income,tract,34772,Feat-RGNN,9,0.8244949494949495,0.7121212121212122,0.7462121212121212,0.9053094072033465,0.7977502295684114,0.8450987144168962
1630,Philadelphia,Median Income,tract,34772,Feat\&PC-RGNN,0,0.8181818181818182,0.7310606060606061,0.7878787878787878,0.9041934496479951,0.8133034894398531,0.8647842056932966
1631,Philadelphia,Median Income,tract,34772,Feat\&PC-RGNN,1,0.851010101010101,0.7840909090909091,0.7765151515151515,0.9372704315886135,0.8746556473829202,0.8351124885215795
1632,Philadelphia,Median Income,tract,34772,Feat\&PC-RGNN,2,0.8661616161616161,0.7537878787878788,0.7916666666666666,0.9344518416488113,0.8250114784205693,0.8685720844811754
1633,Philadelphia,Median Income,tract,34772,Feat\&PC-RGNN,3,0.8320707070707071,0.7424242424242424,0.7272727272727273,0.9111634016937048,0.8597910927456381,0.8290289256198347
1634,Philadelphia,Median Income,tract,34772,Feat\&PC-RGNN,4,0.821969696969697,0.7462121212121212,0.75,0.9020890725436179,0.8278810835629017,0.8547979797979799
1635,Philadelphia,Median Income,tract,34772,Feat\&PC-RGNN,5,0.8421717171717171,0.7310606060606061,0.7348484848484849,0.929133506785022,0.8123852157943067,0.8197314049586776
1636,Philadelphia,Median Income,tract,34772,Feat\&PC-RGNN,6,0.8093434343434344,0.7765151515151515,0.7878787878787878,0.897408427711458,0.8645546372819101,0.8593319559228649
1637,Philadelphia,Median Income,tract,34772,Feat\&PC-RGNN,7,0.8181818181818182,0.75,0.7462121212121212,0.919274818896031,0.8250114784205693,0.828971533516988
1638,Philadelphia,Median Income,tract,34772,Feat\&PC-RGNN,8,0.8737373737373737,0.7878787878787878,0.7765151515151515,0.9409562799714315,0.8647842056932966,0.8282828282828283
1639,Philadelphia,Median Income,tract,34772,Feat\&PC-RGNN,9,0.8535353535353535,0.7348484848484849,0.7727272727272727,0.9370217324762778,0.8043503213957759,0.8566919191919191
1640,Philadelphia,Median Income,tract,34772,LightGCN,0,0.9419191919191919,0.7462121212121212,0.7840909090909091,0.9870230078563412,0.8161157024793388,0.8663337924701561
1641,Philadelphia,Median Income,tract,34772,LightGCN,1,0.9419191919191919,0.7878787878787878,0.7537878787878788,0.9894653606774819,0.8692607897153352,0.8451561065197428
1642,Philadelphia,Median Income,tract,34772,LightGCN,2,0.9494949494949495,0.7651515151515151,0.7613636363636364,0.9872653300683604,0.8655303030303031,0.868629476584022
1643,Philadelphia,Median Income,tract,34772,LightGCN,3,0.9570707070707071,0.7575757575757576,0.7689393939393939,0.9914804611774309,0.8477961432506887,0.8587580348943985
1644,Philadelphia,Median Income,tract,34772,LightGCN,4,0.9457070707070707,0.7613636363636364,0.7878787878787878,0.9886299867360473,0.8464187327823691,0.8533057851239669
1645,Philadelphia,Median Income,tract,34772,LightGCN,5,0.9558080808080808,0.7575757575757576,0.7424242424242424,0.9922711968166514,0.8114095500459138,0.8122130394857667
1646,Philadelphia,Median Income,tract,34772,LightGCN,6,0.9128787878787878,0.7992424242424242,0.8068181818181818,0.9800785634118968,0.8859618916437098,0.8555440771349863
1647,Philadelphia,Median Income,tract,34772,LightGCN,7,0.9343434343434344,0.7689393939393939,0.75,0.9827122232425263,0.830119375573921,0.8426308539944903
1648,Philadelphia,Median Income,tract,34772,LightGCN,8,0.9457070707070707,0.7310606060606061,0.7765151515151515,0.9913465462707887,0.827737603305785,0.8295454545454546
1649,Philadelphia,Median Income,tract,34772,LightGCN,9,0.898989898989899,0.7424242424242424,0.7651515151515151,0.982335986123865,0.828168044077135,0.8697199265381084
1650,Philadelphia,Median Income,tract,34772,Feat-LightGCN,0,0.9747474747474747,0.75,0.8106060606060606,0.9965500969288847,0.8345959595959596,0.8779556932966024
1651,Philadelphia,Median Income,tract,34772,Feat-LightGCN,1,0.9722222222222222,0.8068181818181818,0.7954545454545454,0.9958358840934598,0.8787304866850322,0.8620293847566575
1652,Philadelphia,Median Income,tract,34772,Feat-LightGCN,2,0.9835858585858586,0.7954545454545454,0.803030303030303,0.9966011121314152,0.8732782369146006,0.8814853076216713
1653,Philadelphia,Median Income,tract,34772,Feat-LightGCN,3,0.9785353535353535,0.7765151515151515,0.7651515151515151,0.9957976226915621,0.8636363636363638,0.857380624426079
1654,Philadelphia,Median Income,tract,34772,Feat-LightGCN,4,0.9507575757575758,0.7954545454545454,0.7840909090909091,0.9969199571472298,0.8491161616161617,0.8763200183654729
1655,Philadelphia,Median Income,tract,34772,Feat-LightGCN,5,0.9646464646464646,0.75,0.7424242424242424,0.9965182124273033,0.8245523415977961,0.8306359044995408
1656,Philadelphia,Median Income,tract,34772,Feat-LightGCN,6,0.9621212121212122,0.8333333333333334,0.8068181818181818,0.9936677379859199,0.8963498622589531,0.879074839302112
1657,Philadelphia,Median Income,tract,34772,Feat-LightGCN,7,0.9835858585858586,0.7689393939393939,0.7840909090909091,0.9991391184573003,0.8394742883379247,0.8419421487603306
1658,Philadelphia,Median Income,tract,34772,Feat-LightGCN,8,0.9772727272727273,0.8181818181818182,0.7878787878787878,0.9981188144066933,0.8830061983471075,0.8348829201101928
1659,Philadelphia,Median Income,tract,34772,Feat-LightGCN,9,0.9785353535353535,0.7840909090909091,0.7803030303030303,0.9948283338434853,0.8466196051423325,0.8690886134067952
1660,Philadelphia,Median Income,tract,34772,Feat\&PC-LightGCN,0,0.9848484848484849,0.7575757575757576,0.7727272727272727,0.9994197020712172,0.847738751147842,0.8665059687786961
1661,Philadelphia,Median Income,tract,34772,Feat\&PC-LightGCN,1,0.9873737373737373,0.7727272727272727,0.7651515151515151,0.9996620242832364,0.8521866391184574,0.8474230945821855
1662,Philadelphia,Median Income,tract,34772,Feat\&PC-LightGCN,2,0.9873737373737373,0.7916666666666666,0.7803030303030303,0.9994962248750128,0.856318870523416,0.8683425160697887
1663,Philadelphia,Median Income,tract,34772,Feat\&PC-LightGCN,3,0.98989898989899,0.7803030303030303,0.75,0.9998086929905112,0.8513257575757576,0.8409664830119374
1664,Philadelphia,Median Income,tract,34772,Feat\&PC-LightGCN,4,0.9797979797979798,0.7575757575757576,0.8068181818181818,0.996141975308642,0.8355429292929293,0.8519570707070707
1665,Philadelphia,Median Income,tract,34772,Feat\&PC-LightGCN,5,0.9949494949494949,0.7386363636363636,0.7689393939393939,0.9999298540965207,0.7944214876033058,0.8254132231404958
1666,Philadelphia,Median Income,tract,34772,Feat\&PC-LightGCN,6,0.9873737373737373,0.8371212121212122,0.7765151515151515,0.9985014284256708,0.8945994031221304,0.8574380165289257
1667,Philadelphia,Median Income,tract,34772,Feat\&PC-LightGCN,7,0.9924242424242424,0.7159090909090909,0.7575757575757576,0.9997449239873483,0.801251147842057,0.8359733700642791
1668,Philadelphia,Median Income,tract,34772,Feat\&PC-LightGCN,8,0.98989898989899,0.7727272727272727,0.7386363636363636,0.9999107233955719,0.8477961432506887,0.829401974288338
1669,Philadelphia,Median Income,tract,34772,Feat\&PC-LightGCN,9,0.9886363636363636,0.7954545454545454,0.7840909090909091,0.9995344862769105,0.8292011019283747,0.8586145546372819
1670,Philadelphia,Median Income,tract,34772,NoPreTrain,0,0.9974747474747475,0.6893939393939394,0.7537878787878788,0.9999744923987348,0.7654958677685951,0.8201905417814509
1671,Philadelphia,Median Income,tract,34772,NoPreTrain,1,0.9936868686868687,0.7424242424242424,0.7196969696969697,0.9999043464952556,0.8170339761248853,0.7571740128558311
1672,Philadelphia,Median Income,tract,34772,NoPreTrain,2,0.9747474747474747,0.7121212121212122,0.7159090909090909,0.9969327109478625,0.7816230486685033,0.7757116620752984
1673,Philadelphia,Median Income,tract,34772,NoPreTrain,3,0.9962121212121212,0.7196969696969697,0.696969696969697,0.9999553616977859,0.7634871441689624,0.7304292929292929
1674,Philadelphia,Median Income,tract,34772,NoPreTrain,4,0.9974747474747475,0.7272727272727273,0.696969696969697,0.9999107233955719,0.789657943067034,0.752467860422406
1675,Philadelphia,Median Income,tract,34772,NoPreTrain,5,0.9962121212121212,0.6931818181818182,0.696969696969697,0.9999744923987348,0.7317493112947658,0.7467286501377411
1676,Philadelphia,Median Income,tract,34772,NoPreTrain,6,0.9886363636363636,0.7121212121212122,0.7234848484848485,0.9995472400775431,0.8165748393021119,0.780016069788797
1677,Philadelphia,Median Income,tract,34772,NoPreTrain,7,0.9962121212121212,0.6818181818181818,0.7272727272727273,0.9998597081930415,0.7476469237832873,0.7835169880624425
1678,Philadelphia,Median Income,tract,34772,NoPreTrain,8,0.9987373737373737,0.7424242424242424,0.6931818181818182,1.0,0.7963728191000918,0.7289370982552801
1679,Philadelphia,Median Income,tract,34772,NoPreTrain,9,0.9936868686868687,0.7234848484848485,0.7310606060606061,0.9999489847974696,0.7796717171717172,0.8026859504132232
1680,Philadelphia,Median Home Value,tract,34645,Emb,0,1.0,0.8250950570342205,0.8295454545454546,1.0,0.903770529724728,0.9192493112947658
1681,Philadelphia,Median Home Value,tract,34645,Emb,1,0.6048284625158831,0.5703422053231939,0.5946969696969697,0.9714806060371217,0.8243696507055285,0.8665059687786961
1682,Philadelphia,Median Home Value,tract,34645,Emb,2,1.0,0.8365019011406845,0.8333333333333334,1.0,0.9210039324543141,0.9311868686868687
1683,Philadelphia,Median Home Value,tract,34645,Emb,3,0.9961880559085133,0.7946768060836502,0.7992424242424242,0.9994187623513,0.9125028915105251,0.9012281910009182
1684,Philadelphia,Median Home Value,tract,34645,Emb,4,1.0,0.870722433460076,0.8333333333333334,1.0,0.9303724265556327,0.9197084481175389
1685,Philadelphia,Median Home Value,tract,34645,Emb,5,0.9987293519695044,0.8060836501901141,0.8333333333333334,1.0,0.9327434651862132,0.9271981175390267
1686,Philadelphia,Median Home Value,tract,34645,Emb,6,0.96569250317662,0.8060836501901141,0.8068181818181818,0.9964867413234136,0.8913370344668055,0.8987890266299358
1687,Philadelphia,Median Home Value,tract,34645,Emb,7,1.0,0.844106463878327,0.8143939393939394,1.0,0.9042910016192459,0.9141127180899907
1688,Philadelphia,Median Home Value,tract,34645,Emb,8,0.9783989834815756,0.7946768060836502,0.7992424242424242,0.9966223634414435,0.9020934536201712,0.8943411386593205
1689,Philadelphia,Median Home Value,tract,34645,Emb,9,1.0,0.8212927756653993,0.8484848484848485,1.0,0.9166088364561646,0.9141988062442608
1690,Philadelphia,Median Home Value,tract,34645,RGNN,0,0.8958068614993647,0.8060836501901141,0.7916666666666666,0.9661332196690819,0.905563266250289,0.8876836547291094
1691,Philadelphia,Median Home Value,tract,34645,RGNN,1,0.9110546378653113,0.844106463878327,0.8106060606060606,0.9744901254181682,0.9208304418228083,0.9077134986225895
1692,Philadelphia,Median Home Value,tract,34645,RGNN,2,0.8589580686149937,0.8365019011406845,0.8371212121212122,0.9516668604125496,0.9302567661346287,0.9331955922865014
1693,Philadelphia,Median Home Value,tract,34645,RGNN,3,0.8945362134688691,0.7946768060836502,0.803030303030303,0.9663334237480786,0.9105366643534583,0.9059917355371901
1694,Philadelphia,Median Home Value,tract,34645,RGNN,4,0.9085133418043202,0.8631178707224335,0.8446969696969697,0.9772219423670581,0.9211774230858201,0.9198232323232323
1695,Philadelphia,Median Home Value,tract,34645,RGNN,5,0.8614993646759848,0.8098859315589354,0.803030303030303,0.9592552408261324,0.931413370344668,0.9082300275482094
1696,Philadelphia,Median Home Value,tract,34645,RGNN,6,0.9504447268106735,0.8555133079847909,0.8598484848484849,0.9841838777592643,0.9218135554013417,0.9432966023875115
1697,Philadelphia,Median Home Value,tract,34645,RGNN,7,0.8881829733163914,0.8403041825095057,0.821969696969697,0.9622905929915656,0.9157413832986351,0.921028466483012
1698,Philadelphia,Median Home Value,tract,34645,RGNN,8,0.9301143583227446,0.8479087452471483,0.8371212121212122,0.9807868666124179,0.9296206338191071,0.9318181818181818
1699,Philadelphia,Median Home Value,tract,34645,RGNN,9,0.8919949174078781,0.8403041825095057,0.8143939393939394,0.9682321334004985,0.9247628961369418,0.9163223140495868
1700,Philadelphia,Median Home Value,tract,34645,Feat-RGNN,0,0.9339263024142312,0.8517110266159695,0.8106060606060606,0.9845261621523876,0.91793893129771,0.9023186409550046
1701,Philadelphia,Median Home Value,tract,34645,Feat-RGNN,1,0.8856416772554002,0.844106463878327,0.8106060606060606,0.9584285917257591,0.9308928984501503,0.9162075298438934
1702,Philadelphia,Median Home Value,tract,34645,Feat-RGNN,2,0.841168996188056,0.8212927756653993,0.8181818181818182,0.9458480257294533,0.916204024982651,0.9281450872359964
1703,Philadelphia,Median Home Value,tract,34645,Feat-RGNN,3,0.8475222363405337,0.7756653992395437,0.7916666666666666,0.9574469459190659,0.909206569511913,0.9033516988062443
1704,Philadelphia,Median Home Value,tract,34645,Feat-RGNN,4,0.8805590851334181,0.7908745247148289,0.8522727272727273,0.9667790392787486,0.9153365718251215,0.9321051423324151
1705,Philadelphia,Median Home Value,tract,34645,Feat-RGNN,5,0.9275730622617535,0.8326996197718631,0.8295454545454546,0.9813745624572143,0.9308928984501503,0.9356060606060606
1706,Philadelphia,Median Home Value,tract,34645,Feat-RGNN,6,0.9364675984752223,0.8174904942965779,0.8371212121212122,0.9844163728187443,0.9183437427712238,0.9251606978879705
1707,Philadelphia,Median Home Value,tract,34645,Feat-RGNN,7,0.9072426937738246,0.8593155893536122,0.8446969696969697,0.9830149442657676,0.9389891279204255,0.9121326905417814
1708,Philadelphia,Median Home Value,tract,34645,Feat-RGNN,8,0.9364675984752223,0.8555133079847909,0.8522727272727273,0.982020382066881,0.9236062919269027,0.9207988980716254
1709,Philadelphia,Median Home Value,tract,34645,Feat-RGNN,9,0.9161372299872935,0.8783269961977186,0.8181818181818182,0.975245734361478,0.9501503585473051,0.9117309458218549
1710,Philadelphia,Median Home Value,tract,34645,Feat\&PC-RGNN,0,0.9301143583227446,0.8669201520912547,0.8181818181818182,0.9823820410482944,0.9290423317140875,0.8952594123048669
1711,Philadelphia,Median Home Value,tract,34645,Feat\&PC-RGNN,1,0.8945362134688691,0.8098859315589354,0.8446969696969697,0.9688262874413919,0.9214087439278279,0.9313590449954088
1712,Philadelphia,Median Home Value,tract,34645,Feat\&PC-RGNN,2,0.8881829733163914,0.8365019011406845,0.8143939393939394,0.951602278451583,0.9198473282442748,0.9162075298438935
1713,Philadelphia,Median Home Value,tract,34645,Feat\&PC-RGNN,3,0.9123252858958069,0.8136882129277566,0.8068181818181818,0.9764405006393615,0.9182280823502197,0.9047865013774105
1714,Philadelphia,Median Home Value,tract,34645,Feat\&PC-RGNN,4,0.8856416772554002,0.8060836501901141,0.7954545454545454,0.9659265573939887,0.919442516770761,0.9136248852157943
1715,Philadelphia,Median Home Value,tract,34645,Feat\&PC-RGNN,5,0.9148665819567979,0.8403041825095057,0.875,0.9758528047945647,0.9378325237103864,0.9538567493112947
1716,Philadelphia,Median Home Value,tract,34645,Feat\&PC-RGNN,6,0.9224904701397713,0.8326996197718631,0.8674242424242424,0.977202567778768,0.9051006245662735,0.9424931129476584
1717,Philadelphia,Median Home Value,tract,34645,Feat\&PC-RGNN,7,0.9377382465057179,0.8783269961977186,0.821969696969697,0.9836930548559177,0.9344205412907703,0.9104109274563821
1718,Philadelphia,Median Home Value,tract,34645,Feat\&PC-RGNN,8,0.9415501905972046,0.8326996197718631,0.8371212121212122,0.9792885651179912,0.9133703446680547,0.9274563820018367
1719,Philadelphia,Median Home Value,tract,34645,Feat\&PC-RGNN,9,0.9390088945362135,0.8517110266159695,0.8257575757575758,0.9780937988401078,0.9482997918112421,0.9192493112947658
1720,Philadelphia,Median Home Value,tract,34645,LightGCN,0,0.97712833545108,0.870722433460076,0.8371212121212122,0.9971261027369835,0.9324253990284525,0.9199954086317723
1721,Philadelphia,Median Home Value,tract,34645,LightGCN,1,0.9758576874205845,0.8288973384030418,0.8712121212121212,0.9972165174823369,0.92441591487393,0.9354912764003673
1722,Philadelphia,Median Home Value,tract,34645,LightGCN,2,0.951715374841169,0.8365019011406845,0.8446969696969697,0.994426576768577,0.9180545917187137,0.9419765840220387
1723,Philadelphia,Median Home Value,tract,34645,LightGCN,3,0.9733163913595934,0.8593155893536122,0.8484848484848485,0.9972681830511101,0.934767522553782,0.9209710743801652
1724,Philadelphia,Median Home Value,tract,34645,LightGCN,4,0.9758576874205845,0.8479087452471483,0.8674242424242424,0.9978365043076168,0.9482997918112422,0.9342860422405878
1725,Philadelphia,Median Home Value,tract,34645,LightGCN,5,0.963151207115629,0.8479087452471483,0.8446969696969697,0.9937032588057504,0.9362711080268332,0.9339416896235078
1726,Philadelphia,Median Home Value,tract,34645,LightGCN,6,0.9669631512071156,0.8136882129277566,0.8409090909090909,0.9961057077537103,0.9189509599814943,0.9283172635445363
1727,Philadelphia,Median Home Value,tract,34645,LightGCN,7,0.9720457433290979,0.8403041825095057,0.821969696969697,0.9986889861923768,0.9421119592875318,0.9393365472910927
1728,Philadelphia,Median Home Value,tract,34645,LightGCN,8,0.9783989834815756,0.8593155893536122,0.8636363636363636,0.9965642396765736,0.929794124450613,0.9368112947658402
1729,Philadelphia,Median Home Value,tract,34645,LightGCN,9,0.9707750952986023,0.9011406844106464,0.8333333333333334,0.9963252864209969,0.9568586629655332,0.9331382001836548
1730,Philadelphia,Median Home Value,tract,34645,Feat-LightGCN,0,0.9898348157560356,0.870722433460076,0.8484848484848485,0.99965125741078,0.9448299791811242,0.9332816804407713
1731,Philadelphia,Median Home Value,tract,34645,Feat-LightGCN,1,0.9923761118170267,0.8288973384030418,0.8522727272727273,0.99990312705855,0.9276254915567893,0.9353191000918274
1732,Philadelphia,Median Home Value,tract,34645,Feat-LightGCN,2,0.9860228716645489,0.8555133079847909,0.8863636363636364,0.9992185582723034,0.9310953041869072,0.9563820018365473
1733,Philadelphia,Median Home Value,tract,34645,Feat-LightGCN,3,0.9936467598475223,0.8555133079847909,0.8333333333333334,0.9996577156068767,0.9407818644459867,0.9257920110192839
1734,Philadelphia,Median Home Value,tract,34645,Feat-LightGCN,4,0.9936467598475223,0.8745247148288974,0.8825757575757576,0.9998062541171,0.9628151746472356,0.9423783287419651
1735,Philadelphia,Median Home Value,tract,34645,Feat-LightGCN,5,0.951715374841169,0.8136882129277566,0.8333333333333334,0.9996318828224899,0.9596345130696275,0.9446166207529845
1736,Philadelphia,Median Home Value,tract,34645,Feat-LightGCN,6,0.9923761118170267,0.8365019011406845,0.8636363636363636,0.9995285516849433,0.9268158686097617,0.9502697428833793
1737,Philadelphia,Median Home Value,tract,34645,Feat-LightGCN,7,0.9923761118170267,0.8821292775665399,0.8522727272727273,0.99996125082342,0.9482997918112421,0.9397382920110193
1738,Philadelphia,Median Home Value,tract,34645,Feat-LightGCN,8,0.9911054637865311,0.8631178707224335,0.8787878787878788,0.99986437788197,0.9391047883414295,0.9454201101928374
1739,Philadelphia,Median Home Value,tract,34645,Feat-LightGCN,9,0.9822109275730623,0.8669201520912547,0.8712121212121212,0.9984371165446068,0.9336687485542448,0.9527089072543617
1740,Philadelphia,Median Home Value,tract,34645,Feat\&PC-LightGCN,0,0.9911054637865311,0.8479087452471483,0.8446969696969697,0.9996770901951667,0.9252255378209577,0.9250459136822774
1741,Philadelphia,Median Home Value,tract,34645,Feat\&PC-LightGCN,1,1.0,0.844106463878327,0.8560606060606061,1.0,0.9247339810316909,0.9251606978879706
1742,Philadelphia,Median Home Value,tract,34645,Feat\&PC-LightGCN,2,0.9974587039390089,0.8669201520912547,0.8787878787878788,0.9999418762351301,0.9190377052972473,0.9573576675849403
1743,Philadelphia,Median Home Value,tract,34645,Feat\&PC-LightGCN,3,0.9987293519695044,0.8631178707224335,0.8295454545454546,1.0,0.9391626185519315,0.9211432506887053
1744,Philadelphia,Median Home Value,tract,34645,Feat\&PC-LightGCN,4,0.97712833545108,0.8593155893536122,0.8446969696969697,0.9954857209284302,0.9401457321304649,0.9207128099173554
1745,Philadelphia,Median Home Value,tract,34645,Feat\&PC-LightGCN,5,0.9974587039390089,0.8593155893536122,0.8787878787878788,0.9999870836078067,0.9555285681239879,0.9521923783287419
1746,Philadelphia,Median Home Value,tract,34645,Feat\&PC-LightGCN,6,1.0,0.8479087452471483,0.8409090909090909,1.0,0.9061126532500579,0.917498852157943
1747,Philadelphia,Median Home Value,tract,34645,Feat\&PC-LightGCN,7,1.0,0.8973384030418251,0.8863636363636364,1.0,0.9445408281286144,0.9594811753902663
1748,Philadelphia,Median Home Value,tract,34645,Feat\&PC-LightGCN,8,1.0,0.8403041825095057,0.8787878787878788,1.0,0.9405505436039787,0.9474862258953167
1749,Philadelphia,Median Home Value,tract,34645,Feat\&PC-LightGCN,9,0.9923761118170267,0.8631178707224335,0.8371212121212122,0.9998966688624533,0.9304013416608836,0.9270259412304866
1750,Philadelphia,Median Home Value,tract,34645,NoPreTrain,0,1.0,0.7414448669201521,0.75,1.0,0.8092759657645154,0.8540518824609733
1751,Philadelphia,Median Home Value,tract,34645,NoPreTrain,1,0.9923761118170267,0.7300380228136882,0.7424242424242424,0.99990312705855,0.8294587092297016,0.8613980716253443
1752,Philadelphia,Median Home Value,tract,34645,NoPreTrain,2,1.0,0.8060836501901141,0.8181818181818182,1.0,0.8637520240573675,0.8772382920110193
1753,Philadelphia,Median Home Value,tract,34645,NoPreTrain,3,1.0,0.8060836501901141,0.7234848484848485,1.0,0.8586629655331944,0.8180096418732783
1754,Philadelphia,Median Home Value,tract,34645,NoPreTrain,4,0.9987293519695044,0.8022813688212928,0.7803030303030303,0.9999095852546467,0.893939393939394,0.8578971533516989
1755,Philadelphia,Median Home Value,tract,34645,NoPreTrain,5,0.9911054637865311,0.7490494296577946,0.7386363636363636,0.9996964647834568,0.8624797594263244,0.8680555555555556
1756,Philadelphia,Median Home Value,tract,34645,NoPreTrain,6,0.9987293519695044,0.7566539923954373,0.7727272727272727,1.0,0.8455355077492482,0.8620293847566575
1757,Philadelphia,Median Home Value,tract,34645,NoPreTrain,7,0.9987293519695044,0.7946768060836502,0.7840909090909091,0.9999806254117101,0.864619477214897,0.8283976124885216
1758,Philadelphia,Median Home Value,tract,34645,NoPreTrain,8,0.9974587039390089,0.7414448669201521,0.7840909090909091,0.9999741672156133,0.8085820032384917,0.8561753902662993
1759,Philadelphia,Median Home Value,tract,34645,NoPreTrain,9,0.9974587039390089,0.752851711026616,0.7196969696969697,0.9998127123131966,0.8206685172334028,0.80162419651056
1760,Philadelphia,Commute Time,tract,32012,Emb,0,0.9862385321100917,0.6192660550458715,0.5616438356164384,1.0,0.6290716269674271,0.5758965804837364
1761,Philadelphia,Commute Time,tract,32012,Emb,1,0.9709480122324159,0.5504587155963303,0.6027397260273972,0.9988871120089031,0.5929635552562915,0.6396163469557965
1762,Philadelphia,Commute Time,tract,32012,Emb,2,0.9847094801223242,0.6100917431192661,0.5707762557077626,0.9991583200067334,0.635468394916253,0.6145954962468724
1763,Philadelphia,Commute Time,tract,32012,Emb,3,0.9831804281345565,0.5229357798165137,0.5753424657534246,0.9993827680049379,0.55298375557613,0.6212677231025855
1764,Philadelphia,Commute Time,tract,32012,Emb,4,0.9908256880733946,0.5779816513761468,0.5525114155251142,0.9966800400265596,0.5868192913054456,0.5538782318598833
1765,Philadelphia,Commute Time,tract,32012,Emb,5,0.9877675840978594,0.6055045871559633,0.6164383561643836,0.9995604560035163,0.6110596751115226,0.6515012510425354
1766,Philadelphia,Commute Time,tract,32012,Emb,6,0.9862385321100917,0.5412844036697247,0.5205479452054794,0.9998877760008977,0.5694806834441546,0.5698915763135947
1767,Philadelphia,Commute Time,tract,32012,Emb,7,0.9770642201834863,0.5825688073394495,0.6073059360730594,0.9997007360023941,0.602137867182897,0.6439532944120101
1768,Philadelphia,Commute Time,tract,32012,Emb,8,0.9984709480122325,0.5963302752293578,0.5799086757990868,0.9999438880004489,0.6389192828886456,0.5587989991659716
1769,Philadelphia,Commute Time,tract,32012,Emb,9,0.9831804281345565,0.555045871559633,0.593607305936073,0.9992424880060602,0.5963302752293579,0.6336947456213512
1770,Philadelphia,Commute Time,tract,32012,RGNN,0,0.6651376146788991,0.5504587155963303,0.5251141552511416,0.7780676897754586,0.5874084673007324,0.5733944954128442
1771,Philadelphia,Commute Time,tract,32012,RGNN,1,0.6529051987767585,0.555045871559633,0.5707762557077626,0.7450925380392597,0.6003703391970373,0.6023352793994997
1772,Philadelphia,Commute Time,tract,32012,RGNN,2,0.6253822629969419,0.5321100917431193,0.5570776255707762,0.6860440105116479,0.5554246275566029,0.6229357798165138
1773,Philadelphia,Commute Time,tract,32012,RGNN,3,0.6926605504587156,0.573394495412844,0.5388127853881278,0.7704551618363589,0.6150997390792021,0.5963302752293579
1774,Philadelphia,Commute Time,tract,32012,RGNN,4,0.691131498470948,0.6422018348623854,0.5707762557077626,0.7635346818917226,0.670145610638835,0.6175979983319433
1775,Philadelphia,Commute Time,tract,32012,RGNN,5,0.6406727828746177,0.555045871559633,0.54337899543379,0.7410057140719543,0.5981819712145442,0.5800667222685573
1776,Philadelphia,Commute Time,tract,32012,RGNN,6,0.6314984709480123,0.4724770642201835,0.593607305936073,0.6863900345088797,0.5270600117835199,0.5940783986655547
1777,Philadelphia,Commute Time,tract,32012,RGNN,7,0.7706422018348624,0.5688073394495413,0.547945205479452,0.8459725612322195,0.6355525629155795,0.5964136780650542
1778,Philadelphia,Commute Time,tract,32012,RGNN,8,0.6559633027522935,0.5871559633027523,0.54337899543379,0.7685567058515463,0.6372359229021126,0.56371976647206
1779,Philadelphia,Commute Time,tract,32012,RGNN,9,0.6819571865443425,0.555045871559633,0.5662100456621004,0.7424459220604326,0.6061779311505766,0.5849874895746456
1780,Philadelphia,Commute Time,tract,32012,Feat-RGNN,0,0.5948012232415902,0.5321100917431193,0.4977168949771689,0.7434746420522029,0.6092921471256628,0.5777314428690575
1781,Philadelphia,Commute Time,tract,32012,Feat-RGNN,1,0.6131498470948012,0.5642201834862385,0.54337899543379,0.6910566824715465,0.5958252672333979,0.5799833194328607
1782,Philadelphia,Commute Time,tract,32012,Feat-RGNN,2,0.7186544342507645,0.573394495412844,0.5981735159817352,0.8175144254598846,0.5794966753640266,0.6238532110091743
1783,Philadelphia,Commute Time,tract,32012,Feat-RGNN,3,0.6926605504587156,0.5504587155963303,0.6210045662100456,0.7387799380897605,0.5543304435653564,0.6452877397831527
1784,Philadelphia,Commute Time,tract,32012,Feat-RGNN,4,0.7018348623853211,0.5963302752293578,0.6118721461187214,0.778095745775234,0.6157730830738153,0.6225187656380318
1785,Philadelphia,Commute Time,tract,32012,Feat-RGNN,5,0.6880733944954128,0.4954128440366973,0.5844748858447488,0.7558005779535955,0.5334567797323457,0.5748957464553794
1786,Philadelphia,Commute Time,tract,32012,Feat-RGNN,6,0.7324159021406728,0.5091743119266054,0.6210045662100456,0.8073488015412095,0.5362343237101255,0.6212677231025856
1787,Philadelphia,Commute Time,tract,32012,Feat-RGNN,7,0.6941896024464832,0.6055045871559633,0.5753424657534246,0.7628426338972589,0.63201750694386,0.5984153461217682
1788,Philadelphia,Commute Time,tract,32012,Feat-RGNN,8,0.6804281345565749,0.5825688073394495,0.5570776255707762,0.7780910697752715,0.6046629071626969,0.5391993327773144
1789,Philadelphia,Commute Time,tract,32012,Feat-RGNN,9,0.6223241590214067,0.5412844036697247,0.5342465753424658,0.7254159301966726,0.5572763235417895,0.5953294412010008
1790,Philadelphia,Commute Time,tract,32012,Feat\&PC-RGNN,0,0.6788990825688074,0.6146788990825688,0.5068493150684932,0.7456723620346211,0.6185506270515951,0.5341951626355296
1791,Philadelphia,Commute Time,tract,32012,Feat\&PC-RGNN,1,0.7186544342507645,0.555045871559633,0.54337899543379,0.7892152736862778,0.6029795471761636,0.5525437864887407
1792,Philadelphia,Commute Time,tract,32012,Feat\&PC-RGNN,2,0.7140672782874617,0.5596330275229358,0.6210045662100456,0.7669575138643399,0.5826950593384396,0.6522935779816516
1793,Philadelphia,Commute Time,tract,32012,Feat\&PC-RGNN,3,0.7125382262996942,0.5229357798165137,0.6073059360730594,0.7801438337588492,0.5450719636394243,0.6365304420350292
1794,Philadelphia,Commute Time,tract,32012,Feat\&PC-RGNN,4,0.7308868501529052,0.536697247706422,0.547945205479452,0.8578496011372032,0.5915326992677384,0.5651376146788991
1795,Philadelphia,Commute Time,tract,32012,Feat\&PC-RGNN,5,0.6758409785932722,0.5642201834862385,0.5570776255707762,0.7628145778974833,0.5826108913391129,0.5937447873227689
1796,Philadelphia,Commute Time,tract,32012,Feat\&PC-RGNN,6,0.7125382262996942,0.5412844036697247,0.54337899543379,0.7967716896258266,0.5545829475633364,0.5522935779816515
1797,Philadelphia,Commute Time,tract,32012,Feat\&PC-RGNN,7,0.6391437308868502,0.591743119266055,0.6118721461187214,0.7422401780620786,0.5958252672333979,0.6306088407005839
1798,Philadelphia,Commute Time,tract,32012,Feat\&PC-RGNN,8,0.7201834862385321,0.5779816513761468,0.54337899543379,0.7877657136978744,0.634963386920293,0.6071726438698916
1799,Philadelphia,Commute Time,tract,32012,Feat\&PC-RGNN,9,0.6299694189602446,0.5275229357798165,0.5707762557077626,0.742511386059909,0.5941419072468648,0.5932443703085906
1800,Philadelphia,Commute Time,tract,32012,LightGCN,0,0.9021406727828746,0.6605504587155964,0.589041095890411,0.9669593842643249,0.6955643464354853,0.5893244370308591
1801,Philadelphia,Commute Time,tract,32012,LightGCN,1,0.8211009174311926,0.5871559633027523,0.5753424657534246,0.9586548083307616,0.6527228347782175,0.6133444537114263
1802,Philadelphia,Commute Time,tract,32012,LightGCN,2,0.863914373088685,0.5963302752293578,0.5616438356164384,0.9461231284310149,0.6508711387930308,0.609674728940784
1803,Philadelphia,Commute Time,tract,32012,LightGCN,3,0.9159021406727829,0.6192660550458715,0.6210045662100456,0.9656314002749488,0.622254019021968,0.6358632193494579
1804,Philadelphia,Commute Time,tract,32012,LightGCN,4,0.8899082568807339,0.5688073394495413,0.5251141552511416,0.9613575363091398,0.5927952192576383,0.5410341951626355
1805,Philadelphia,Commute Time,tract,32012,LightGCN,5,0.8975535168195719,0.6100917431192661,0.5616438356164384,0.9622740323018077,0.6565945627472435,0.6328607172643871
1806,Philadelphia,Commute Time,tract,32012,LightGCN,6,0.9021406727828746,0.5871559633027523,0.5296803652968036,0.9645559202835525,0.6036528911707768,0.5755629691409508
1807,Philadelphia,Commute Time,tract,32012,LightGCN,7,0.8746177370030581,0.6100917431192661,0.6027397260273972,0.9538852883689176,0.6231798670145611,0.6577981651376148
1808,Philadelphia,Commute Time,tract,32012,LightGCN,8,0.8990825688073395,0.6513761467889908,0.593607305936073,0.9580749843354002,0.688999242488006,0.6269391159299416
1809,Philadelphia,Commute Time,tract,32012,LightGCN,9,0.8853211009174312,0.6055045871559633,0.5707762557077626,0.9639293362885653,0.6331958589344331,0.6427022518765638
1810,Philadelphia,Commute Time,tract,32012,Feat-LightGCN,0,0.9495412844036697,0.6605504587155964,0.593607305936073,0.9904142000766865,0.6818449625452403,0.5944120100083403
1811,Philadelphia,Commute Time,tract,32012,Feat-LightGCN,1,0.9281345565749235,0.6284403669724771,0.6255707762557078,0.9831289921349681,0.6575204107398367,0.6803169307756464
1812,Philadelphia,Commute Time,tract,32012,Feat-LightGCN,2,0.8868501529051988,0.6055045871559633,0.5753424657534246,0.9838210401294317,0.6741015066071879,0.620350291909925
1813,Philadelphia,Commute Time,tract,32012,Feat-LightGCN,3,0.9296636085626911,0.5596330275229358,0.589041095890411,0.9864115441087076,0.5988553152091575,0.6371976647206006
1814,Philadelphia,Commute Time,tract,32012,Feat-LightGCN,4,0.9327217125382263,0.6513761467889908,0.5296803652968036,0.9874589681003283,0.6582779227337766,0.5782318598832361
1815,Philadelphia,Commute Time,tract,32012,Feat-LightGCN,5,0.9357798165137615,0.5871559633027523,0.5844748858447488,0.9926493280588053,0.6376567628987461,0.6465387823185988
1816,Philadelphia,Commute Time,tract,32012,Feat-LightGCN,6,0.944954128440367,0.5596330275229358,0.593607305936073,0.9855979201152166,0.6198131470414948,0.6337781484570476
1817,Philadelphia,Commute Time,tract,32012,Feat-LightGCN,7,0.9510703363914373,0.5779816513761468,0.6118721461187214,0.9874122081007024,0.6341217069270263,0.6608006672226856
1818,Philadelphia,Commute Time,tract,32012,Feat-LightGCN,8,0.9480122324159022,0.6330275229357798,0.589041095890411,0.9836527041307784,0.6967426984260584,0.6424520433694747
1819,Philadelphia,Commute Time,tract,32012,Feat-LightGCN,9,0.9495412844036697,0.6100917431192661,0.589041095890411,0.9891423280868613,0.6664422186684623,0.6229357798165137
1820,Philadelphia,Commute Time,tract,32012,Feat\&PC-LightGCN,0,0.9831804281345565,0.6146788990825688,0.5799086757990868,0.9974843120201254,0.6728810706169515,0.6068807339449541
1821,Philadelphia,Commute Time,tract,32012,Feat\&PC-LightGCN,1,0.9847094801223242,0.6055045871559633,0.589041095890411,0.9984475680124195,0.6658530426731757,0.6487906588824021
1822,Philadelphia,Commute Time,tract,32012,Feat\&PC-LightGCN,2,0.9724770642201835,0.6330275229357798,0.5799086757990868,0.9960908640312731,0.6800774345593806,0.6198915763135947
1823,Philadelphia,Commute Time,tract,32012,Feat\&PC-LightGCN,3,0.9740061162079511,0.5412844036697247,0.639269406392694,0.9958757680329938,0.5677973234576215,0.658256880733945
1824,Philadelphia,Commute Time,tract,32012,Feat\&PC-LightGCN,4,0.9464831804281345,0.6238532110091743,0.5753424657534246,0.9970260640237916,0.6430014308559885,0.6045037531276063
1825,Philadelphia,Commute Time,tract,32012,Feat\&PC-LightGCN,5,0.9663608562691132,0.573394495412844,0.5662100456621004,0.9955390960356872,0.6218331790253345,0.62581317764804
1826,Philadelphia,Commute Time,tract,32012,Feat\&PC-LightGCN,6,0.9755351681957186,0.573394495412844,0.589041095890411,0.9955390960356871,0.6126167830990658,0.6160133444537114
1827,Philadelphia,Commute Time,tract,32012,Feat\&PC-LightGCN,7,0.9464831804281345,0.5504587155963303,0.639269406392694,0.9965584640275322,0.5533204275734366,0.6793994995829858
1828,Philadelphia,Commute Time,tract,32012,Feat\&PC-LightGCN,8,0.9525993883792049,0.573394495412844,0.5753424657534246,0.9965771680273826,0.6451477148388183,0.6019182652210175
1829,Philadelphia,Commute Time,tract,32012,Feat\&PC-LightGCN,9,0.963302752293578,0.5963302752293578,0.6073059360730594,0.9952024240383806,0.6363521589091826,0.6476230191826523
1830,Philadelphia,Commute Time,tract,32012,NoPreTrain,0,0.9984709480122325,0.6513761467889908,0.5844748858447488,1.0,0.7105462503156301,0.6060884070058383
1831,Philadelphia,Commute Time,tract,32012,NoPreTrain,1,0.9831804281345565,0.6192660550458715,0.5616438356164384,0.9979332080165344,0.6416126588670988,0.5790658882402002
1832,Philadelphia,Commute Time,tract,32012,NoPreTrain,2,0.9908256880733946,0.5688073394495413,0.5388127853881278,0.9996165680030674,0.6279774429761804,0.5814845704753961
1833,Philadelphia,Commute Time,tract,32012,NoPreTrain,3,0.9938837920489296,0.573394495412844,0.5570776255707762,0.9998036080015712,0.558370507533036,0.6227689741451209
1834,Philadelphia,Commute Time,tract,32012,NoPreTrain,4,0.9862385321100917,0.591743119266055,0.5799086757990868,0.9996259200029927,0.6248632270010941,0.6146788990825688
1835,Philadelphia,Commute Time,tract,32012,NoPreTrain,5,0.9954128440366973,0.5091743119266054,0.5981735159817352,0.9997381440020949,0.5209157478326741,0.6247706422018349
1836,Philadelphia,Commute Time,tract,32012,NoPreTrain,6,0.9969418960244648,0.555045871559633,0.589041095890411,0.9999906480000748,0.5938052352495582,0.6129274395329442
1837,Philadelphia,Commute Time,tract,32012,NoPreTrain,7,0.9892966360856269,0.5642201834862385,0.547945205479452,0.9992237840062097,0.5751199393990405,0.6085070892410342
1838,Philadelphia,Commute Time,tract,32012,NoPreTrain,8,0.9892966360856269,0.5871559633027523,0.5753424657534246,0.9993640640050874,0.5983503072131975,0.5824854045037532
1839,Philadelphia,Commute Time,tract,32012,NoPreTrain,9,1.0,0.573394495412844,0.5707762557077626,1.0,0.6050837471593301,0.5991659716430359
1840,Philadelphia,Median Age,tract,34789,Emb,0,0.8169191919191919,0.6136363636363636,0.5939849624060151,0.9975066319763289,0.7811065197428834,0.7520492961727627
1841,Philadelphia,Median Age,tract,34789,Emb,1,0.8232323232323232,0.6098484848484849,0.6127819548872181,0.9928323640444852,0.7268709825528007,0.7080106280739442
1842,Philadelphia,Median Age,tract,34789,Emb,2,0.9684343434343434,0.7196969696969697,0.6691729323308271,0.9964735741250893,0.7694559228650139,0.7251399174628299
1843,Philadelphia,Median Age,tract,34789,Emb,3,0.9835858585858586,0.7462121212121212,0.6917293233082706,0.9984440363228242,0.7797291092745638,0.7995364350726439
1844,Philadelphia,Median Age,tract,34789,Emb,4,0.9406565656565656,0.6742424242424242,0.6691729323308271,0.9978446076930925,0.7442607897153352,0.7495053423031263
1845,Philadelphia,Median Age,tract,34789,Emb,5,0.9848484848484849,0.6590909090909091,0.6578947368421053,0.9991646260585654,0.7219926538108358,0.7203346712646278
1846,Philadelphia,Median Age,tract,34789,Emb,6,0.9772727272727273,0.7045454545454546,0.6541353383458647,0.9992092643607795,0.7897153351698807,0.71258974503929
1847,Philadelphia,Median Age,tract,34789,Emb,7,0.9785353535353535,0.6590909090909091,0.6616541353383458,0.9969390878481788,0.7365128558310376,0.7423822714681441
1848,Philadelphia,Median Age,tract,34789,Emb,8,0.9886363636363636,0.6931818181818182,0.6428571428571429,0.9982782369146006,0.7536730945821856,0.7052970772796653
1849,Philadelphia,Median Age,tract,34789,Emb,9,0.98989898989899,0.6515151515151515,0.6616541353383458,0.9988967962452812,0.7063820018365473,0.7323760529142405
1850,Philadelphia,Median Age,tract,34789,RGNN,0,0.7588383838383839,0.6818181818181818,0.6578947368421053,0.8312799714314867,0.7369146005509641,0.6947255356436204
1851,Philadelphia,Median Age,tract,34789,RGNN,1,0.7209595959595959,0.6590909090909091,0.6466165413533834,0.831024895418835,0.7419077134986226,0.7229916897506925
1852,Philadelphia,Median Age,tract,34789,RGNN,2,0.7234848484848485,0.6098484848484849,0.6353383458646616,0.8149678604224058,0.7200413223140496,0.7491096161456272
1853,Philadelphia,Median Age,tract,34789,RGNN,3,0.7765151515151515,0.6515151515151515,0.6127819548872181,0.8604415365779001,0.7117194674012856,0.707106111142518
1854,Philadelphia,Median Age,tract,34789,RGNN,4,0.7285353535353535,0.6590909090909091,0.6804511278195489,0.8134884195490256,0.7139577594123049,0.7634122901238058
1855,Philadelphia,Median Age,tract,34789,RGNN,5,0.7512626262626263,0.6363636363636364,0.6616541353383458,0.8416934496479951,0.7026515151515151,0.7248572559217592
1856,Philadelphia,Median Age,tract,34789,RGNN,6,0.7638888888888888,0.7083333333333334,0.6954887218045113,0.8513034384246506,0.766471533516988,0.7712702809655719
1857,Philadelphia,Median Age,tract,34789,RGNN,7,0.7525252525252525,0.6893939393939394,0.6691729323308271,0.8290926946229977,0.7489669421487604,0.7530668777206173
1858,Philadelphia,Median Age,tract,34789,RGNN,8,0.6982323232323232,0.6742424242424242,0.6390977443609023,0.8015827466585042,0.7799586776859505,0.7087455480807282
1859,Philadelphia,Median Age,tract,34789,RGNN,9,0.7411616161616161,0.6818181818181818,0.6466165413533834,0.8345768288950107,0.7449494949494949,0.723952738990333
1860,Philadelphia,Median Age,tract,34789,Feat-RGNN,0,0.7626262626262627,0.6477272727272727,0.6353383458646616,0.8395826956433017,0.7194100091827365,0.6914466617672
1861,Philadelphia,Median Age,tract,34789,Feat-RGNN,1,0.8472222222222222,0.6818181818181818,0.6428571428571429,0.9205820834608713,0.7595270890725435,0.707558369608231
1862,Philadelphia,Median Age,tract,34789,Feat-RGNN,2,0.7878787878787878,0.6893939393939394,0.6804511278195489,0.8755165289256199,0.7588957759412306,0.7271750805585392
1863,Philadelphia,Median Age,tract,34789,Feat-RGNN,3,0.75,0.6704545454545454,0.6804511278195489,0.8334226099377614,0.7195247933884298,0.7625077731923794
1864,Philadelphia,Median Age,tract,34789,Feat-RGNN,4,0.7272727272727273,0.6704545454545454,0.6954887218045113,0.8078831241710029,0.7288223140495868,0.7695177794109334
1865,Philadelphia,Median Age,tract,34789,Feat-RGNN,5,0.7727272727272727,0.6098484848484849,0.6203007518796992,0.8569852566064686,0.6808425160697889,0.6778789077958052
1866,Philadelphia,Median Age,tract,34789,Feat-RGNN,6,0.7563131313131313,0.6590909090909091,0.6541353383458647,0.8453091521273339,0.7342171717171717,0.7123636158064335
1867,Philadelphia,Median Age,tract,34789,Feat-RGNN,7,0.7777777777777778,0.6401515151515151,0.6240601503759399,0.8612960412202835,0.737431129476584,0.7117982927242918
1868,Philadelphia,Median Age,tract,34789,Feat-RGNN,8,0.7487373737373737,0.7234848484848485,0.6353383458646616,0.8342771145801449,0.7979224058769513,0.6794052801175872
1869,Philadelphia,Median Age,tract,34789,Feat-RGNN,9,0.7790404040404041,0.6477272727272727,0.6691729323308271,0.8556142230384656,0.7331267217630854,0.7210130589631975
1870,Philadelphia,Median Age,tract,34789,Feat\&PC-RGNN,0,0.7449494949494949,0.6439393939393939,0.6654135338345865,0.8306103968982756,0.6875,0.7169992650799931
1871,Philadelphia,Median Age,tract,34789,Feat\&PC-RGNN,1,0.7803030303030303,0.6742424242424242,0.6766917293233082,0.8729275073972044,0.7621097337006428,0.7222567697439087
1872,Philadelphia,Median Age,tract,34789,Feat\&PC-RGNN,2,0.7689393939393939,0.6931818181818182,0.6466165413533834,0.8385305070911131,0.756198347107438,0.7148510373678557
1873,Philadelphia,Median Age,tract,34789,Feat\&PC-RGNN,3,0.7967171717171717,0.6893939393939394,0.7255639097744361,0.8691013672074278,0.7564279155188246,0.7774888348691278
1874,Philadelphia,Median Age,tract,34789,Feat\&PC-RGNN,4,0.7525252525252525,0.6515151515151515,0.6842105263157895,0.8418401183552698,0.7096533516988063,0.7398948499067216
1875,Philadelphia,Median Age,tract,34789,Feat\&PC-RGNN,5,0.7828282828282829,0.678030303030303,0.6466165413533834,0.8819253137434956,0.7351928374655647,0.7060319972864492
1876,Philadelphia,Median Age,tract,34789,Feat\&PC-RGNN,6,0.7878787878787878,0.6666666666666666,0.6578947368421053,0.878577441077441,0.7487373737373737,0.7035445757250269
1877,Philadelphia,Median Age,tract,34789,Feat\&PC-RGNN,7,0.7651515151515151,0.6553030303030303,0.7255639097744361,0.8585475971839609,0.7231404958677686,0.7811069025948328
1878,Philadelphia,Median Age,tract,34789,Feat\&PC-RGNN,8,0.7727272727272727,0.7159090909090909,0.6353383458646616,0.8610537190082644,0.7886822773186409,0.6948951325682629
1879,Philadelphia,Median Age,tract,34789,Feat\&PC-RGNN,9,0.7563131313131313,0.6553030303030303,0.6390977443609023,0.8614937251300887,0.7186639118457301,0.7081236926903727
1880,Philadelphia,Median Age,tract,34789,LightGCN,0,0.9065656565656566,0.7310606060606061,0.6729323308270677,0.9701561065197429,0.7866735537190083,0.7547628469670418
1881,Philadelphia,Median Age,tract,34789,LightGCN,1,0.875,0.6931818181818182,0.6654135338345865,0.9645444342414039,0.7695133149678604,0.7197128158742722
1882,Philadelphia,Median Age,tract,34789,LightGCN,2,0.8535353535353535,0.7272727272727273,0.6466165413533834,0.9606672788490971,0.7553374655647382,0.7418169483860025
1883,Philadelphia,Median Age,tract,34789,LightGCN,3,0.9078282828282829,0.6628787878787878,0.6917293233082706,0.9662279359249056,0.7395546372819101,0.7644864039798744
1884,Philadelphia,Median Age,tract,34789,LightGCN,4,0.9090909090909091,0.6515151515151515,0.6616541353383458,0.9695949392919091,0.7495982552800734,0.7433433207077845
1885,Philadelphia,Median Age,tract,34789,LightGCN,5,0.8661616161616161,0.6401515151515151,0.6992481203007519,0.9678986838077747,0.7242309458218549,0.7681044717055798
1886,Philadelphia,Median Age,tract,34789,LightGCN,6,0.9040404040404041,0.7234848484848485,0.6992481203007519,0.9664702581369248,0.7722107438016529,0.76115099779524
1887,Philadelphia,Median Age,tract,34789,LightGCN,7,0.8787878787878788,0.6704545454545454,0.6729323308270677,0.9628354249566371,0.7408172635445363,0.7695743117191475
1888,Philadelphia,Median Age,tract,34789,LightGCN,8,0.898989898989899,0.7159090909090909,0.6879699248120301,0.9609287317620651,0.7835743801652892,0.7404601729888631
1889,Philadelphia,Median Age,tract,34789,LightGCN,9,0.9078282828282829,0.6666666666666666,0.6578947368421053,0.9607438016528925,0.7512052341597796,0.724687658997117
1890,Philadelphia,Median Age,tract,34789,Feat-LightGCN,0,0.9419191919191919,0.7462121212121212,0.6466165413533834,0.9892102846648301,0.8077938475665748,0.7335632313867375
1891,Philadelphia,Median Age,tract,34789,Feat-LightGCN,1,0.9532828282828283,0.7045454545454546,0.6654135338345865,0.9913019079685746,0.8029729109274564,0.7159251512239244
1892,Philadelphia,Median Age,tract,34789,Feat-LightGCN,2,0.9217171717171717,0.7083333333333334,0.6353383458646616,0.9821701867156413,0.7793273645546372,0.7495618746113404
1893,Philadelphia,Median Age,tract,34789,Feat-LightGCN,3,0.9204545454545454,0.7007575757575758,0.7443609022556391,0.9851992143658811,0.7406450872359964,0.8041720843462039
1894,Philadelphia,Median Age,tract,34789,Feat-LightGCN,4,0.952020202020202,0.7234848484848485,0.6917293233082706,0.9892421691664115,0.7825987144168963,0.7601334162473854
1895,Philadelphia,Median Age,tract,34789,Feat-LightGCN,5,0.9292929292929293,0.6553030303030303,0.7443609022556391,0.9797342107948169,0.7404155188246098,0.7953530442647974
1896,Philadelphia,Median Age,tract,34789,Feat-LightGCN,6,0.9343434343434344,0.6931818181818182,0.7218045112781954,0.985913427201306,0.7603305785123967,0.7976143365933631
1897,Philadelphia,Median Age,tract,34789,Feat-LightGCN,7,0.9444444444444444,0.6893939393939394,0.6842105263157895,0.9921755433119069,0.7497704315886135,0.7534060715699021
1898,Philadelphia,Median Age,tract,34789,Feat-LightGCN,8,0.9494949494949495,0.7159090909090909,0.6804511278195489,0.9869464850525457,0.7852961432506886,0.7481485669059869
1899,Philadelphia,Median Age,tract,34789,Feat-LightGCN,9,0.9343434343434344,0.7121212121212122,0.6729323308270677,0.9849505152535455,0.7696280991735538,0.7558369608231104
1900,Philadelphia,Median Age,tract,34789,Feat\&PC-LightGCN,0,0.9722222222222222,0.7045454545454546,0.6766917293233082,0.9966138659320478,0.7670741505968778,0.7648821301373736
1901,Philadelphia,Median Age,tract,34789,Feat\&PC-LightGCN,1,0.9823232323232324,0.6818181818181818,0.6804511278195489,0.9987883889399041,0.7679350321395776,0.7012832833964612
1902,Philadelphia,Median Age,tract,34789,Feat\&PC-LightGCN,2,0.9747474747474747,0.7121212121212122,0.6804511278195489,0.9963332823181308,0.7799299816345271,0.7322912544519192
1903,Philadelphia,Median Age,tract,34789,Feat\&PC-LightGCN,3,0.9583333333333334,0.7159090909090909,0.7105263157894737,0.9954596469747985,0.7819387052341599,0.7709310871162869
1904,Philadelphia,Median Age,tract,34789,Feat\&PC-LightGCN,4,0.9734848484848485,0.696969696969697,0.6616541353383458,0.9968816957453321,0.7842917814508723,0.7310758098253152
1905,Philadelphia,Median Age,tract,34789,Feat\&PC-LightGCN,5,0.9684343434343434,0.6515151515151515,0.6654135338345865,0.9952492092643608,0.7278466483011937,0.7378031545027983
1906,Philadelphia,Median Age,tract,34789,Feat\&PC-LightGCN,6,0.9671717171717171,0.7159090909090909,0.7142857142857143,0.9931001938577697,0.7675045913682277,0.785007631861609
1907,Philadelphia,Median Age,tract,34789,Feat\&PC-LightGCN,7,0.9684343434343434,0.7121212121212122,0.6842105263157895,0.9937888990919295,0.7789256198347108,0.7672282209282604
1908,Philadelphia,Median Age,tract,34789,Feat\&PC-LightGCN,8,0.9343434343434344,0.7196969696969697,0.6729323308270677,0.9948028262422202,0.7748220844811754,0.7279382667194302
1909,Philadelphia,Median Age,tract,34789,Feat\&PC-LightGCN,9,0.9545454545454546,0.7045454545454546,0.7030075187969925,0.9936868686868686,0.757518365472911,0.734920006783877
1910,Philadelphia,Median Age,tract,34789,NoPreTrain,0,0.9810606060606061,0.6931818181818182,0.6578947368421053,0.9985460667278848,0.7562557392102848,0.6925773079314828
1911,Philadelphia,Median Age,tract,34789,NoPreTrain,1,0.9911616161616161,0.6553030303030303,0.6127819548872181,0.9998788388939903,0.695821854912764,0.6384193566623325
1912,Philadelphia,Median Age,tract,34789,NoPreTrain,2,0.9835858585858586,0.6742424242424242,0.6578947368421053,0.998029537802265,0.725837924701561,0.7000395726157499
1913,Philadelphia,Median Age,tract,34789,NoPreTrain,3,0.9684343434343434,0.6704545454545454,0.6165413533834586,0.9947773186409551,0.6934113865932048,0.7170557973882073
1914,Philadelphia,Median Age,tract,34789,NoPreTrain,4,0.9861111111111112,0.6515151515151515,0.6127819548872181,0.9995982552800734,0.7094811753902663,0.6864152863361412
1915,Philadelphia,Median Age,tract,34789,NoPreTrain,5,0.9873737373737373,0.6515151515151515,0.6466165413533834,0.9996173859810223,0.6833677685950413,0.7021312680196733
1916,Philadelphia,Median Age,tract,34789,NoPreTrain,6,0.9962121212121212,0.6401515151515151,0.650375939849624,0.9999171002958882,0.6834825528007346,0.7022443326361016
1917,Philadelphia,Median Age,tract,34789,NoPreTrain,7,0.9949494949494949,0.6856060606060606,0.6541353383458647,0.9998788388939904,0.7261248852157943,0.6894114986714908
1918,Philadelphia,Median Age,tract,34789,NoPreTrain,8,0.9911616161616161,0.6666666666666666,0.6278195488721805,0.9997449239873483,0.7427112029384757,0.6768613262479507
1919,Philadelphia,Median Age,tract,34789,NoPreTrain,9,0.9861111111111112,0.625,0.5827067669172933,0.9994707172737476,0.672807621671258,0.656227033749788
1920,St. Louis,Median Income,tract,9832,Emb,0,1.0,0.6438356164383562,0.7162162162162162,1.0,0.7289789789789789,0.804236669101534
1921,St. Louis,Median Income,tract,9832,Emb,1,1.0,0.6438356164383562,0.6621621621621622,1.0,0.7154654654654654,0.7633308984660336
1922,St. Louis,Median Income,tract,9832,Emb,2,1.0,0.6438356164383562,0.6216216216216216,1.0,0.6884384384384384,0.689554419284149
1923,St. Louis,Median Income,tract,9832,Emb,3,1.0,0.684931506849315,0.7027027027027027,1.0,0.7177177177177178,0.8137326515704894
1924,St. Louis,Median Income,tract,9832,Emb,4,1.0,0.6712328767123288,0.7432432432432432,1.0,0.7102102102102102,0.8334550766983201
1925,St. Louis,Median Income,tract,9832,Emb,5,1.0,0.6712328767123288,0.6486486486486487,1.0,0.7515015015015015,0.7472607742878014
1926,St. Louis,Median Income,tract,9832,Emb,6,1.0,0.6986301369863014,0.7027027027027027,1.0,0.7875375375375375,0.8005843681519357
1927,St. Louis,Median Income,tract,9832,Emb,7,1.0,0.7397260273972602,0.6756756756756757,1.0,0.8123123123123123,0.7552958363769174
1928,St. Louis,Median Income,tract,9832,Emb,8,1.0,0.7945205479452054,0.6891891891891891,1.0,0.8063063063063063,0.7735573411249088
1929,St. Louis,Median Income,tract,9832,Emb,9,1.0,0.6575342465753424,0.7297297297297297,1.0,0.7927927927927928,0.8130021913805697
1930,St. Louis,Median Income,tract,9832,RGNN,0,0.8715596330275229,0.6438356164383562,0.7567567567567568,0.936621496507028,0.7132132132132132,0.8560993425858291
1931,St. Louis,Median Income,tract,9832,RGNN,1,0.8623853211009175,0.7123287671232876,0.6351351351351351,0.9542967763656257,0.7567567567567568,0.6859021183345507
1932,St. Louis,Median Income,tract,9832,RGNN,2,0.8761467889908257,0.6986301369863014,0.6756756756756757,0.9655752882753977,0.746996996996997,0.6800584368151936
1933,St. Louis,Median Income,tract,9832,RGNN,3,0.8669724770642202,0.6575342465753424,0.6756756756756757,0.9547176163622592,0.7995495495495495,0.6975894813732653
1934,St. Louis,Median Income,tract,9832,RGNN,4,0.8715596330275229,0.6301369863013698,0.7297297297297297,0.9439441124484472,0.698948948948949,0.7932797662527392
1935,St. Louis,Median Income,tract,9832,RGNN,5,0.9357798165137615,0.726027397260274,0.7432432432432432,0.9844289201245686,0.7552552552552553,0.8283418553688824
1936,St. Louis,Median Income,tract,9832,RGNN,6,0.9036697247706422,0.7534246575342466,0.6756756756756757,0.975759616193923,0.7439939939939939,0.7742878013148284
1937,St. Louis,Median Income,tract,9832,RGNN,7,0.8577981651376146,0.6712328767123288,0.7027027027027027,0.9292988805656089,0.8115615615615615,0.7720964207450695
1938,St. Louis,Median Income,tract,9832,RGNN,8,0.8119266055045872,0.7123287671232876,0.7702702702702703,0.9384731924922144,0.8273273273273273,0.8407596785975164
1939,St. Louis,Median Income,tract,9832,RGNN,9,0.8532110091743119,0.684931506849315,0.7567567567567568,0.9272788485817692,0.7815315315315314,0.8283418553688825
1940,St. Louis,Median Income,tract,9832,Feat-RGNN,0,0.8440366972477065,0.6575342465753424,0.7972972972972973,0.9314030805487754,0.7177177177177178,0.8736303871439007
1941,St. Louis,Median Income,tract,9832,Feat-RGNN,1,0.8899082568807339,0.6438356164383562,0.6621621621621622,0.9446174564430604,0.7394894894894894,0.6946676406135865
1942,St. Louis,Median Income,tract,9832,Feat-RGNN,2,0.8073394495412844,0.6438356164383562,0.6216216216216216,0.8905816008753473,0.713963963963964,0.7136596055514974
1943,St. Louis,Median Income,tract,9832,Feat-RGNN,3,0.8715596330275229,0.7397260273972602,0.6621621621621622,0.9275313525797493,0.7665165165165164,0.6932067202337472
1944,St. Louis,Median Income,tract,9832,Feat-RGNN,4,0.8165137614678899,0.6164383561643836,0.7972972972972973,0.8917599528659204,0.6809309309309308,0.8115412710007306
1945,St. Louis,Median Income,tract,9832,Feat-RGNN,5,0.9495412844036697,0.684931506849315,0.6081081081081081,0.9866172881070617,0.7267267267267267,0.706355003652301
1946,St. Louis,Median Income,tract,9832,Feat-RGNN,6,0.8348623853211009,0.6438356164383562,0.7162162162162162,0.8916757848665937,0.6869369369369369,0.8093498904309715
1947,St. Louis,Median Income,tract,9832,Feat-RGNN,7,0.7201834862385321,0.589041095890411,0.5675675675675675,0.8595236091238112,0.7177177177177178,0.7136596055514973
1948,St. Louis,Median Income,tract,9832,Feat-RGNN,8,0.8440366972477065,0.7534246575342466,0.7027027027027027,0.919030384647757,0.8325825825825826,0.77063550036523
1949,St. Louis,Median Income,tract,9832,Feat-RGNN,9,0.8440366972477065,0.6986301369863014,0.7702702702702703,0.9269421765844625,0.786036036036036,0.8217677136596055
1950,St. Louis,Median Income,tract,9832,Feat\&PC-RGNN,0,0.8715596330275229,0.6575342465753424,0.7432432432432432,0.9246696406026428,0.7417417417417417,0.845872899926954
1951,St. Louis,Median Income,tract,9832,Feat\&PC-RGNN,1,0.7752293577981652,0.6027397260273972,0.5675675675675675,0.9524450803804394,0.6974474474474475,0.7319211102994886
1952,St. Louis,Median Income,tract,9832,Feat\&PC-RGNN,2,0.8532110091743119,0.7808219178082192,0.7162162162162162,0.926353000589176,0.8490990990990991,0.7830533235938641
1953,St. Louis,Median Income,tract,9832,Feat\&PC-RGNN,3,0.8761467889908257,0.7671232876712328,0.7432432432432432,0.9262688325898494,0.7882882882882882,0.8100803506208912
1954,St. Louis,Median Income,tract,9832,Feat\&PC-RGNN,4,0.8256880733944955,0.684931506849315,0.7972972972972973,0.9047218247622254,0.756006006006006,0.8130021913805698
1955,St. Louis,Median Income,tract,9832,Feat\&PC-RGNN,5,0.8440366972477065,0.6712328767123288,0.6891891891891891,0.9436916084504672,0.71996996996997,0.7384952520087655
1956,St. Louis,Median Income,tract,9832,Feat\&PC-RGNN,6,0.8348623853211009,0.6301369863013698,0.7162162162162162,0.9431866004545072,0.7282282282282282,0.775018261504748
1957,St. Louis,Median Income,tract,9832,Feat\&PC-RGNN,7,0.944954128440367,0.7671232876712328,0.7162162162162162,0.9870381281036951,0.8325825825825826,0.7918188458729
1958,St. Louis,Median Income,tract,9832,Feat\&PC-RGNN,8,0.8027522935779816,0.7397260273972602,0.7297297297297297,0.9319922565440619,0.8858858858858859,0.772826880934989
1959,St. Louis,Median Income,tract,9832,Feat\&PC-RGNN,9,0.8899082568807339,0.7397260273972602,0.7162162162162162,0.9495833684033331,0.8280780780780781,0.8195763330898466
1960,St. Louis,Median Income,tract,9832,LightGCN,0,0.926605504587156,0.726027397260274,0.7972972972972973,0.991919872064641,0.8243243243243243,0.8590211833455078
1961,St. Louis,Median Income,tract,9832,LightGCN,1,0.9311926605504587,0.726027397260274,0.6621621621621622,0.9923407120612744,0.7785285285285285,0.7750182615047481
1962,St. Louis,Median Income,tract,9832,LightGCN,2,0.9220183486238532,0.6712328767123288,0.6891891891891891,0.9799680161602559,0.7777777777777777,0.7472607742878012
1963,St. Louis,Median Income,tract,9832,LightGCN,3,0.9403669724770642,0.7123287671232876,0.7432432432432432,0.9847655921218752,0.8258258258258258,0.8341855368882396
1964,St. Louis,Median Income,tract,9832,LightGCN,4,0.9357798165137615,0.684931506849315,0.7837837837837838,0.9897315040821482,0.7387387387387387,0.8298027757487217
1965,St. Louis,Median Income,tract,9832,LightGCN,5,0.9770642201834863,0.7397260273972602,0.7162162162162162,0.9976432960188536,0.7515015015015015,0.7976625273922571
1966,St. Louis,Median Income,tract,9832,LightGCN,6,0.926605504587156,0.6712328767123288,0.7567567567567568,0.9906573520747413,0.756006006006006,0.8305332359386413
1967,St. Louis,Median Income,tract,9832,LightGCN,7,0.963302752293578,0.8082191780821918,0.7567567567567568,0.9974749600202003,0.8513513513513513,0.8385682980277575
1968,St. Louis,Median Income,tract,9832,LightGCN,8,0.9403669724770642,0.7123287671232876,0.7702702702702703,0.988468984092248,0.8295795795795795,0.802045288531775
1969,St. Louis,Median Income,tract,9832,LightGCN,9,0.9220183486238532,0.7671232876712328,0.7972972972972973,0.9922565440619476,0.8355855855855856,0.8422205989773558
1970,St. Louis,Median Income,tract,9832,Feat-LightGCN,0,1.0,0.726027397260274,0.7972972972972973,1.0,0.8003003003003003,0.8882395909422937
1971,St. Louis,Median Income,tract,9832,Feat-LightGCN,1,1.0,0.6712328767123288,0.7162162162162162,1.0,0.743993993993994,0.799853907962016
1972,St. Louis,Median Income,tract,9832,Feat-LightGCN,2,1.0,0.6712328767123288,0.6351351351351351,1.0,0.7792792792792793,0.7118334550766983
1973,St. Louis,Median Income,tract,9832,Feat-LightGCN,3,1.0,0.7397260273972602,0.7432432432432432,1.0,0.8502252252252251,0.8224981738495253
1974,St. Louis,Median Income,tract,9832,Feat-LightGCN,4,1.0,0.6986301369863014,0.8108108108108109,1.0,0.7575075075075075,0.8754565376186998
1975,St. Louis,Median Income,tract,9832,Feat-LightGCN,5,1.0,0.6986301369863014,0.7027027027027027,1.0,0.7698948948948948,0.7695398100803507
1976,St. Louis,Median Income,tract,9832,Feat-LightGCN,6,1.0,0.6986301369863014,0.7432432432432432,1.0,0.8078078078078077,0.8392987582176772
1977,St. Louis,Median Income,tract,9832,Feat-LightGCN,7,1.0,0.7534246575342466,0.7432432432432432,1.0,0.8494744744744744,0.831263696128561
1978,St. Louis,Median Income,tract,9832,Feat-LightGCN,8,1.0,0.7671232876712328,0.7432432432432432,1.0,0.8205705705705706,0.8298027757487217
1979,St. Louis,Median Income,tract,9832,Feat-LightGCN,9,0.9954128440366973,0.7671232876712328,0.7432432432432432,1.0,0.8183183183183182,0.8838568298027758
1980,St. Louis,Median Income,tract,9832,Feat\&PC-LightGCN,0,0.9954128440366973,0.7945205479452054,0.8108108108108109,1.0,0.8014264264264264,0.8363769174579985
1981,St. Louis,Median Income,tract,9832,Feat\&PC-LightGCN,1,1.0,0.6712328767123288,0.6891891891891891,1.0,0.6996996996996997,0.7728268809349891
1982,St. Louis,Median Income,tract,9832,Feat\&PC-LightGCN,2,1.0,0.7534246575342466,0.6486486486486487,1.0,0.8340840840840841,0.7366691015339664
1983,St. Louis,Median Income,tract,9832,Feat\&PC-LightGCN,3,1.0,0.7397260273972602,0.7567567567567568,1.0,0.8074324324324325,0.8495252008765523
1984,St. Louis,Median Income,tract,9832,Feat\&PC-LightGCN,4,1.0,0.7397260273972602,0.7297297297297297,1.0,0.7935435435435436,0.7867056245434624
1985,St. Louis,Median Income,tract,9832,Feat\&PC-LightGCN,5,1.0,0.726027397260274,0.6351351351351351,1.0,0.8265765765765766,0.6866325785244705
1986,St. Louis,Median Income,tract,9832,Feat\&PC-LightGCN,6,1.0,0.726027397260274,0.7297297297297297,1.0,0.7912912912912913,0.8232286340394448
1987,St. Louis,Median Income,tract,9832,Feat\&PC-LightGCN,7,1.0,0.8356164383561644,0.7297297297297297,1.0,0.8648648648648648,0.8199415631848065
1988,St. Louis,Median Income,tract,9832,Feat\&PC-LightGCN,8,1.0,0.7123287671232876,0.7297297297297297,1.0,0.8014264264264265,0.7377647918188459
1989,St. Louis,Median Income,tract,9832,Feat\&PC-LightGCN,9,1.0,0.7534246575342466,0.7702702702702703,1.0,0.8445945945945945,0.8239590942293645
1990,St. Louis,Median Income,tract,9832,NoPreTrain,0,1.0,0.7534246575342466,0.7297297297297297,1.0,0.8288288288288288,0.7947406866325786
1991,St. Louis,Median Income,tract,9832,NoPreTrain,1,0.9954128440366973,0.6438356164383562,0.6756756756756757,0.9999158320006734,0.7072072072072072,0.7136596055514975
1992,St. Louis,Median Income,tract,9832,NoPreTrain,2,1.0,0.7397260273972602,0.6621621621621622,1.0,0.7905405405405406,0.75018261504748
1993,St. Louis,Median Income,tract,9832,NoPreTrain,3,1.0,0.6575342465753424,0.6351351351351351,1.0,0.7665165165165164,0.7195032870708546
1994,St. Louis,Median Income,tract,9832,NoPreTrain,4,1.0,0.6712328767123288,0.6891891891891891,1.0,0.7042042042042043,0.7487216946676406
1995,St. Louis,Median Income,tract,9832,NoPreTrain,5,1.0,0.5753424657534246,0.527027027027027,1.0,0.6576576576576576,0.5777940102264427
1996,St. Louis,Median Income,tract,9832,NoPreTrain,6,0.9954128440366973,0.6164383561643836,0.7297297297297297,1.0,0.7297297297297298,0.8086194302410519
1997,St. Louis,Median Income,tract,9832,NoPreTrain,7,0.9954128440366973,0.684931506849315,0.6621621621621622,1.0,0.7454954954954954,0.7618699780861943
1998,St. Louis,Median Income,tract,9832,NoPreTrain,8,1.0,0.7123287671232876,0.6756756756756757,1.0,0.7552552552552552,0.6997808619430241
1999,St. Louis,Median Income,tract,9832,NoPreTrain,9,1.0,0.6712328767123288,0.7162162162162162,1.0,0.7702702702702703,0.8100803506208912
2000,St. Louis,Median Home Value,tract,9817,Emb,0,1.0,0.7083333333333334,0.8783783783783784,1.0,0.7708333333333334,0.9492330168005844
2001,St. Louis,Median Home Value,tract,9817,Emb,1,1.0,0.75,0.8243243243243243,1.0,0.8464506172839507,0.912344777209642
2002,St. Louis,Median Home Value,tract,9817,Emb,2,1.0,0.7638888888888888,0.7702702702702703,1.0,0.8773148148148148,0.83345507669832
2003,St. Louis,Median Home Value,tract,9817,Emb,3,1.0,0.8333333333333334,0.7702702702702703,1.0,0.9166666666666666,0.864499634769905
2004,St. Louis,Median Home Value,tract,9817,Emb,4,1.0,0.8472222222222222,0.7702702702702703,1.0,0.908179012345679,0.8498904309715121
2005,St. Louis,Median Home Value,tract,9817,Emb,5,1.0,0.7777777777777778,0.7972972972972973,1.0,0.9058641975308642,0.8590211833455077
2006,St. Louis,Median Home Value,tract,9817,Emb,6,1.0,0.7916666666666666,0.9054054054054054,1.0,0.8742283950617284,0.9474068663257852
2007,St. Louis,Median Home Value,tract,9817,Emb,7,1.0,0.6805555555555556,0.7837837837837838,1.0,0.7611882716049383,0.9028487947406867
2008,St. Louis,Median Home Value,tract,9817,Emb,8,1.0,0.8194444444444444,0.8243243243243243,1.0,0.9205246913580247,0.8860482103725347
2009,St. Louis,Median Home Value,tract,9817,Emb,9,1.0,0.8333333333333334,0.7297297297297297,1.0,0.8688271604938271,0.8086194302410519
2010,St. Louis,Median Home Value,tract,9817,RGNN,0,0.9036697247706422,0.75,0.8648648648648649,0.9815672081474623,0.8233024691358025,0.9254930606281958
2011,St. Louis,Median Home Value,tract,9817,RGNN,1,0.8853211009174312,0.7222222222222222,0.8648648648648649,0.9596835283225318,0.8618827160493827,0.91672753834916
2012,St. Louis,Median Home Value,tract,9817,RGNN,2,0.9174311926605505,0.75,0.7702702702702703,0.9840080801279354,0.8479938271604938,0.9138056975894814
2013,St. Louis,Median Home Value,tract,9817,RGNN,3,0.9220183486238532,0.8333333333333334,0.7432432432432432,0.9808938641528491,0.8989197530864197,0.8429510591672754
2014,St. Louis,Median Home Value,tract,9817,RGNN,4,0.8302752293577982,0.7916666666666666,0.6891891891891891,0.9880481440956149,0.9189814814814816,0.8663257852447042
2015,St. Louis,Median Home Value,tract,9817,RGNN,5,0.9357798165137615,0.8194444444444444,0.7432432432432432,0.9824088881407289,0.9120370370370371,0.8159240321402483
2016,St. Louis,Median Home Value,tract,9817,RGNN,6,0.908256880733945,0.7916666666666666,0.8378378378378378,0.9706253682349971,0.8518518518518519,0.9233016800584369
2017,St. Louis,Median Home Value,tract,9817,RGNN,7,0.9036697247706422,0.7222222222222222,0.8243243243243243,0.978958000168336,0.8811728395061729,0.9094229364499635
2018,St. Louis,Median Home Value,tract,9817,RGNN,8,0.8853211009174312,0.7777777777777778,0.7837837837837838,0.9788738321690094,0.8927469135802469,0.877282688093499
2019,St. Louis,Median Home Value,tract,9817,RGNN,9,0.9724770642201835,0.8472222222222222,0.7297297297297297,0.9999158320006734,0.8896604938271604,0.7852447041636231
2020,St. Louis,Median Home Value,tract,9817,Feat-RGNN,0,0.8486238532110092,0.6666666666666666,0.8108108108108109,0.966248632270011,0.7685185185185185,0.9006574141709277
2021,St. Louis,Median Home Value,tract,9817,Feat-RGNN,1,0.9174311926605505,0.75,0.8243243243243243,0.9795471761636226,0.8487654320987654,0.9225712198685172
2022,St. Louis,Median Home Value,tract,9817,Feat-RGNN,2,0.8853211009174312,0.6944444444444444,0.7432432432432432,0.9463849844289199,0.7924382716049383,0.8466033601168736
2023,St. Louis,Median Home Value,tract,9817,Feat-RGNN,3,0.8348623853211009,0.7083333333333334,0.7567567567567568,0.9511825603905395,0.8194444444444444,0.8897005113221329
2024,St. Louis,Median Home Value,tract,9817,Feat-RGNN,4,0.8715596330275229,0.7777777777777778,0.7567567567567568,0.9532867603737059,0.8526234567901234,0.7910883856829802
2025,St. Louis,Median Home Value,tract,9817,Feat-RGNN,5,0.9220183486238532,0.7916666666666666,0.7972972972972973,0.9635552562915579,0.8680555555555556,0.835646457268079
2026,St. Louis,Median Home Value,tract,9817,Feat-RGNN,6,0.8853211009174312,0.7222222222222222,0.8108108108108109,0.9516034003871727,0.8325617283950618,0.8948137326515705
2027,St. Louis,Median Home Value,tract,9817,Feat-RGNN,7,0.9220183486238532,0.7361111111111112,0.7972972972972973,0.9836714081306288,0.8858024691358024,0.8940832724616509
2028,St. Louis,Median Home Value,tract,9817,Feat-RGNN,8,0.8853211009174312,0.7638888888888888,0.7702702702702703,0.9633869202929046,0.8317901234567902,0.8560993425858291
2029,St. Louis,Median Home Value,tract,9817,Feat-RGNN,9,0.944954128440367,0.7916666666666666,0.7027027027027027,0.9712987122296104,0.8425925925925926,0.8013148283418554
2030,St. Louis,Median Home Value,tract,9817,Feat\&PC-RGNN,0,0.8990825688073395,0.75,0.8918918918918919,0.9773588081811295,0.8472222222222222,0.9342585829072315
2031,St. Louis,Median Home Value,tract,9817,Feat\&PC-RGNN,1,0.8990825688073395,0.7638888888888888,0.8918918918918919,0.9631344162949247,0.8657407407407407,0.9364499634769905
2032,St. Louis,Median Home Value,tract,9817,Feat\&PC-RGNN,2,0.9678899082568807,0.7083333333333334,0.8378378378378378,0.9880481440956148,0.8287037037037037,0.9079620160701243
2033,St. Louis,Median Home Value,tract,9817,Feat\&PC-RGNN,3,0.9541284403669725,0.9027777777777778,0.8513513513513513,0.979463008164296,0.9027777777777778,0.9116143170197224
2034,St. Louis,Median Home Value,tract,9817,Feat\&PC-RGNN,4,0.981651376146789,0.8888888888888888,0.8378378378378378,0.9985691440114468,0.9498456790123456,0.9065010956902848
2035,St. Louis,Median Home Value,tract,9817,Feat\&PC-RGNN,5,0.9357798165137615,0.8333333333333334,0.7432432432432432,0.9879639760962883,0.9382716049382716,0.8539079620160701
2036,St. Louis,Median Home Value,tract,9817,Feat\&PC-RGNN,6,0.9036697247706422,0.75,0.8648648648648649,0.9710462082316303,0.8873456790123457,0.9663988312636962
2037,St. Louis,Median Home Value,tract,9817,Feat\&PC-RGNN,7,0.9036697247706422,0.7638888888888888,0.918918918918919,0.9802205201582358,0.8881172839506172,0.9634769905040175
2038,St. Louis,Median Home Value,tract,9817,Feat\&PC-RGNN,8,0.9220183486238532,0.8055555555555556,0.7972972972972973,0.9753387761972898,0.8935185185185186,0.8590211833455077
2039,St. Louis,Median Home Value,tract,9817,Feat\&PC-RGNN,9,0.9678899082568807,0.7916666666666666,0.7432432432432432,0.9976432960188536,0.8387345679012346,0.8159240321402483
2040,St. Louis,Median Home Value,tract,9817,LightGCN,0,0.9908256880733946,0.7777777777777778,0.8783783783783784,0.99949499200404,0.8117283950617283,0.9342585829072316
2041,St. Louis,Median Home Value,tract,9817,LightGCN,1,0.9770642201834863,0.7916666666666666,0.8918918918918919,0.9910781920713744,0.8981481481481481,0.9576333089846604
2042,St. Louis,Median Home Value,tract,9817,LightGCN,2,0.9495412844036697,0.7638888888888888,0.8108108108108109,0.9883006480935949,0.841820987654321,0.8984660336011687
2043,St. Louis,Median Home Value,tract,9817,LightGCN,3,0.9357798165137615,0.875,0.8513513513513513,0.9757596161939232,0.9135802469135803,0.9247626004382761
2044,St. Louis,Median Home Value,tract,9817,LightGCN,4,0.963302752293578,0.8472222222222222,0.8513513513513513,0.9890581600875347,0.9166666666666666,0.9371804236669102
2045,St. Louis,Median Home Value,tract,9817,LightGCN,5,0.9724770642201835,0.8611111111111112,0.7837837837837838,0.9952024240383806,0.9328703703703703,0.845872899926954
2046,St. Louis,Median Home Value,tract,9817,LightGCN,6,0.9954128440366973,0.8194444444444444,0.9054054054054054,0.9999158320006734,0.9228395061728396,0.9298758217677137
2047,St. Louis,Median Home Value,tract,9817,LightGCN,7,0.9495412844036697,0.7638888888888888,0.8513513513513513,0.9924248800606009,0.8796296296296297,0.9386413440467496
2048,St. Louis,Median Home Value,tract,9817,LightGCN,8,0.9770642201834863,0.8055555555555556,0.8378378378378378,0.989479000084168,0.8541666666666666,0.933528122717312
2049,St. Louis,Median Home Value,tract,9817,LightGCN,9,0.9724770642201835,0.8055555555555556,0.8108108108108109,0.9972224560222204,0.8865740740740741,0.8487947406866326
2050,St. Louis,Median Home Value,tract,9817,Feat-LightGCN,0,1.0,0.75,0.8918918918918919,1.0,0.8325617283950617,0.956172388604821
2051,St. Louis,Median Home Value,tract,9817,Feat-LightGCN,1,1.0,0.8194444444444444,0.8648648648648649,1.0,0.9135802469135803,0.9532505478451424
2052,St. Louis,Median Home Value,tract,9817,Feat-LightGCN,2,1.0,0.8333333333333334,0.7837837837837838,1.0,0.8904320987654322,0.9349890430971513
2053,St. Louis,Median Home Value,tract,9817,Feat-LightGCN,3,0.9954128440366973,0.9027777777777778,0.8513513513513513,1.0,0.9367283950617284,0.9196493791088386
2054,St. Louis,Median Home Value,tract,9817,Feat-LightGCN,4,1.0,0.8611111111111112,0.8648648648648649,1.0,0.9429012345679012,0.926953981008035
2055,St. Louis,Median Home Value,tract,9817,Feat-LightGCN,5,1.0,0.8611111111111112,0.7837837837837838,1.0,0.9405864197530864,0.8926223520818115
2056,St. Louis,Median Home Value,tract,9817,Feat-LightGCN,6,1.0,0.8055555555555556,0.8783783783783784,1.0,0.9135802469135802,0.9649379108838569
2057,St. Louis,Median Home Value,tract,9817,Feat-LightGCN,7,1.0,0.8055555555555556,0.8378378378378378,1.0,0.908179012345679,0.9663988312636962
2058,St. Louis,Median Home Value,tract,9817,Feat-LightGCN,8,1.0,0.8055555555555556,0.8783783783783784,1.0,0.8896604938271606,0.9430241051862673
2059,St. Louis,Median Home Value,tract,9817,Feat-LightGCN,9,1.0,0.8611111111111112,0.8378378378378378,1.0,0.8981481481481481,0.8772826880934989
2060,St. Louis,Median Home Value,tract,9817,Feat\&PC-LightGCN,0,1.0,0.7916666666666666,0.8648648648648649,1.0,0.8082561728395062,0.8867786705624543
2061,St. Louis,Median Home Value,tract,9817,Feat\&PC-LightGCN,1,0.9954128440366973,0.8194444444444444,0.8378378378378378,1.0,0.8958333333333333,0.9280496712929146
2062,St. Louis,Median Home Value,tract,9817,Feat\&PC-LightGCN,2,1.0,0.7222222222222222,0.8378378378378378,1.0,0.8109567901234568,0.9130752373995618
2063,St. Louis,Median Home Value,tract,9817,Feat\&PC-LightGCN,3,1.0,0.8611111111111112,0.8243243243243243,1.0,0.9035493827160493,0.9280496712929145
2064,St. Louis,Median Home Value,tract,9817,Feat\&PC-LightGCN,4,1.0,0.875,0.7837837837837838,1.0,0.9212962962962964,0.8849525200876553
2065,St. Louis,Median Home Value,tract,9817,Feat\&PC-LightGCN,5,1.0,0.875,0.7837837837837838,1.0,0.9479166666666667,0.8546384222059898
2066,St. Louis,Median Home Value,tract,9817,Feat\&PC-LightGCN,6,1.0,0.8472222222222222,0.918918918918919,1.0,0.90625,0.9503287070854639
2067,St. Louis,Median Home Value,tract,9817,Feat\&PC-LightGCN,7,1.0,0.7777777777777778,0.8243243243243243,1.0,0.853395061728395,0.956172388604821
2068,St. Louis,Median Home Value,tract,9817,Feat\&PC-LightGCN,8,0.9954128440366973,0.8194444444444444,0.8648648648648649,1.0,0.8912037037037037,0.9357195032870709
2069,St. Louis,Median Home Value,tract,9817,Feat\&PC-LightGCN,9,1.0,0.7777777777777778,0.7702702702702703,1.0,0.849537037037037,0.8531775018261505
2070,St. Louis,Median Home Value,tract,9817,NoPreTrain,0,1.0,0.6527777777777778,0.8378378378378378,1.0,0.7137345679012346,0.8692476260043828
2071,St. Louis,Median Home Value,tract,9817,NoPreTrain,1,1.0,0.75,0.7702702702702703,1.0,0.8587962962962963,0.872899926953981
2072,St. Louis,Median Home Value,tract,9817,NoPreTrain,2,1.0,0.75,0.7972972972972973,1.0,0.7608024691358024,0.8473338203067933
2073,St. Louis,Median Home Value,tract,9817,NoPreTrain,3,1.0,0.7638888888888888,0.7297297297297297,1.0,0.7885802469135803,0.7531044558071585
2074,St. Louis,Median Home Value,tract,9817,NoPreTrain,4,1.0,0.7638888888888888,0.7702702702702703,1.0,0.8364197530864198,0.8531775018261505
2075,St. Louis,Median Home Value,tract,9817,NoPreTrain,5,1.0,0.7222222222222222,0.6756756756756757,1.0,0.8541666666666666,0.7626004382761139
2076,St. Louis,Median Home Value,tract,9817,NoPreTrain,6,0.9908256880733946,0.7083333333333334,0.7972972972972973,0.9984849760121202,0.7993827160493827,0.914536157779401
2077,St. Louis,Median Home Value,tract,9817,NoPreTrain,7,1.0,0.7083333333333334,0.7837837837837838,1.0,0.7646604938271605,0.8977355734112491
2078,St. Louis,Median Home Value,tract,9817,NoPreTrain,8,1.0,0.7638888888888888,0.7972972972972973,1.0,0.8016975308641976,0.8911614317019723
2079,St. Louis,Median Home Value,tract,9817,NoPreTrain,9,1.0,0.75,0.6891891891891891,1.0,0.8425925925925926,0.7626004382761139
2080,St. Louis,Commute Time,tract,6714,Emb,0,1.0,0.6458333333333334,0.5714285714285714,1.0,0.7135416666666666,0.6466666666666666
2081,St. Louis,Commute Time,tract,6714,Emb,1,1.0,0.6666666666666666,0.5102040816326531,1.0,0.7934027777777779,0.6116666666666666
2082,St. Louis,Commute Time,tract,6714,Emb,2,1.0,0.5416666666666666,0.6326530612244898,1.0,0.5694444444444444,0.68
2083,St. Louis,Commute Time,tract,6714,Emb,3,1.0,0.625,0.5510204081632653,1.0,0.6788194444444444,0.6433333333333333
2084,St. Louis,Commute Time,tract,6714,Emb,4,1.0,0.6041666666666666,0.5306122448979592,1.0,0.6597222222222222,0.5466666666666666
2085,St. Louis,Commute Time,tract,6714,Emb,5,1.0,0.6458333333333334,0.5510204081632653,1.0,0.6440972222222222,0.5633333333333334
2086,St. Louis,Commute Time,tract,6714,Emb,6,1.0,0.6875,0.5714285714285714,1.0,0.7534722222222222,0.6541666666666667
2087,St. Louis,Commute Time,tract,6714,Emb,7,1.0,0.7708333333333334,0.6326530612244898,1.0,0.7638888888888888,0.69
2088,St. Louis,Commute Time,tract,6714,Emb,8,1.0,0.6666666666666666,0.6938775510204082,1.0,0.701388888888889,0.725
2089,St. Louis,Commute Time,tract,6714,Emb,9,1.0,0.6875,0.5714285714285714,1.0,0.6718750000000001,0.6416666666666666
2090,St. Louis,Commute Time,tract,6714,RGNN,0,0.7916666666666666,0.5625,0.4897959183673469,0.8549382716049383,0.578125,0.57
2091,St. Louis,Commute Time,tract,6714,RGNN,1,0.9652777777777778,0.7291666666666666,0.4489795918367347,0.9768518518518519,0.7864583333333334,0.4566666666666666
2092,St. Louis,Commute Time,tract,6714,RGNN,2,0.8263888888888888,0.5416666666666666,0.5918367346938775,0.9021990740740742,0.5729166666666667,0.6583333333333333
2093,St. Louis,Commute Time,tract,6714,RGNN,3,0.875,0.625,0.5306122448979592,0.9562114197530864,0.6423611111111112,0.5633333333333334
2094,St. Louis,Commute Time,tract,6714,RGNN,4,0.9166666666666666,0.6041666666666666,0.4897959183673469,0.9483024691358025,0.6423611111111112,0.5433333333333333
2095,St. Louis,Commute Time,tract,6714,RGNN,5,0.8472222222222222,0.6041666666666666,0.5714285714285714,0.9282407407407407,0.6475694444444444,0.71
2096,St. Louis,Commute Time,tract,6714,RGNN,6,0.8194444444444444,0.6458333333333334,0.5510204081632653,0.9166666666666667,0.7083333333333334,0.5783333333333334
2097,St. Louis,Commute Time,tract,6714,RGNN,7,0.8958333333333334,0.6041666666666666,0.5510204081632653,0.9498456790123457,0.6770833333333335,0.5999999999999999
2098,St. Louis,Commute Time,tract,6714,RGNN,8,0.8680555555555556,0.6458333333333334,0.7142857142857143,0.943287037037037,0.704861111111111,0.7250000000000001
2099,St. Louis,Commute Time,tract,6714,RGNN,9,0.8472222222222222,0.6666666666666666,0.5918367346938775,0.904320987654321,0.6666666666666667,0.6566666666666666
2100,St. Louis,Commute Time,tract,6714,Feat-RGNN,0,0.875,0.6458333333333334,0.5918367346938775,0.9353780864197531,0.7187500000000001,0.6766666666666667
2101,St. Louis,Commute Time,tract,6714,Feat-RGNN,1,0.8472222222222222,0.6875,0.5510204081632653,0.9072145061728395,0.71875,0.5516666666666666
2102,St. Louis,Commute Time,tract,6714,Feat-RGNN,2,0.8472222222222222,0.5625,0.673469387755102,0.9288194444444444,0.6232638888888888,0.6983333333333333
2103,St. Louis,Commute Time,tract,6714,Feat-RGNN,3,0.7569444444444444,0.5208333333333334,0.5306122448979592,0.9153163580246915,0.7013888888888888,0.6549999999999999
2104,St. Louis,Commute Time,tract,6714,Feat-RGNN,4,0.8125,0.6458333333333334,0.5918367346938775,0.9172453703703703,0.6631944444444444,0.5566666666666666
2105,St. Louis,Commute Time,tract,6714,Feat-RGNN,5,0.9097222222222222,0.5625,0.5918367346938775,0.9554398148148149,0.5729166666666666,0.72
2106,St. Louis,Commute Time,tract,6714,Feat-RGNN,6,0.8680555555555556,0.6875,0.6326530612244898,0.9241898148148149,0.7100694444444444,0.6649999999999999
2107,St. Louis,Commute Time,tract,6714,Feat-RGNN,7,0.9236111111111112,0.625,0.5510204081632653,0.9855324074074073,0.7534722222222222,0.6216666666666666
2108,St. Louis,Commute Time,tract,6714,Feat-RGNN,8,0.8194444444444444,0.6458333333333334,0.673469387755102,0.8898533950617284,0.6944444444444444,0.77
2109,St. Louis,Commute Time,tract,6714,Feat-RGNN,9,0.7916666666666666,0.6458333333333334,0.6122448979591837,0.8728780864197531,0.703125,0.7050000000000001
2110,St. Louis,Commute Time,tract,6714,Feat\&PC-RGNN,0,0.8611111111111112,0.7083333333333334,0.6122448979591837,0.9274691358024691,0.6840277777777778,0.755
2111,St. Louis,Commute Time,tract,6714,Feat\&PC-RGNN,1,0.9027777777777778,0.7291666666666666,0.5510204081632653,0.9650848765432098,0.8125,0.5233333333333333
2112,St. Louis,Commute Time,tract,6714,Feat\&PC-RGNN,2,0.9444444444444444,0.5625,0.5918367346938775,0.9812885802469136,0.5381944444444444,0.6866666666666668
2113,St. Louis,Commute Time,tract,6714,Feat\&PC-RGNN,3,0.8680555555555556,0.5208333333333334,0.5306122448979592,0.9602623456790124,0.6024305555555556,0.6283333333333333
2114,St. Louis,Commute Time,tract,6714,Feat\&PC-RGNN,4,0.875,0.625,0.5306122448979592,0.9483024691358025,0.6666666666666666,0.5716666666666668
2115,St. Louis,Commute Time,tract,6714,Feat\&PC-RGNN,5,0.8611111111111112,0.6666666666666666,0.5102040816326531,0.9564043209876543,0.640625,0.6133333333333334
2116,St. Louis,Commute Time,tract,6714,Feat\&PC-RGNN,6,0.8541666666666666,0.625,0.5306122448979592,0.904320987654321,0.6597222222222222,0.6366666666666667
2117,St. Louis,Commute Time,tract,6714,Feat\&PC-RGNN,7,0.8680555555555556,0.6458333333333334,0.5102040816326531,0.9508101851851852,0.6354166666666666,0.5933333333333334
2118,St. Louis,Commute Time,tract,6714,Feat\&PC-RGNN,8,0.9166666666666666,0.6458333333333334,0.6530612244897959,0.9714506172839507,0.6354166666666666,0.6866666666666666
2119,St. Louis,Commute Time,tract,6714,Feat\&PC-RGNN,9,0.8402777777777778,0.625,0.7346938775510204,0.9440586419753088,0.6875,0.7083333333333334
2120,St. Louis,Commute Time,tract,6714,LightGCN,0,0.9791666666666666,0.6458333333333334,0.5102040816326531,0.9990354938271605,0.6927083333333333,0.6716666666666666
2121,St. Louis,Commute Time,tract,6714,LightGCN,1,1.0,0.7291666666666666,0.5918367346938775,1.0,0.7864583333333334,0.5983333333333334
2122,St. Louis,Commute Time,tract,6714,LightGCN,2,0.9513888888888888,0.5625,0.6122448979591837,0.9961419753086419,0.642361111111111,0.7266666666666666
2123,St. Louis,Commute Time,tract,6714,LightGCN,3,0.9722222222222222,0.5833333333333334,0.6326530612244898,0.990162037037037,0.65625,0.6716666666666666
2124,St. Louis,Commute Time,tract,6714,LightGCN,4,0.9722222222222222,0.6458333333333334,0.5714285714285714,0.9971064814814815,0.6284722222222223,0.5850000000000001
2125,St. Louis,Commute Time,tract,6714,LightGCN,5,0.9930555555555556,0.7083333333333334,0.5510204081632653,1.0,0.5920138888888888,0.6633333333333334
2126,St. Louis,Commute Time,tract,6714,LightGCN,6,0.9444444444444444,0.6875,0.5918367346938775,0.9901620370370371,0.7725694444444444,0.68
2127,St. Louis,Commute Time,tract,6714,LightGCN,7,0.9652777777777778,0.625,0.5918367346938775,0.9961419753086419,0.7013888888888888,0.7150000000000001
2128,St. Louis,Commute Time,tract,6714,LightGCN,8,0.9097222222222222,0.6666666666666666,0.6326530612244898,0.9839891975308642,0.7291666666666666,0.7533333333333333
2129,St. Louis,Commute Time,tract,6714,LightGCN,9,0.9652777777777778,0.6666666666666666,0.6326530612244898,0.9891975308641976,0.7048611111111112,0.645
2130,St. Louis,Commute Time,tract,6714,Feat-LightGCN,0,1.0,0.6875,0.7142857142857143,1.0,0.7829861111111112,0.775
2131,St. Louis,Commute Time,tract,6714,Feat-LightGCN,1,1.0,0.8125,0.5306122448979592,1.0,0.8177083333333334,0.6016666666666667
2132,St. Louis,Commute Time,tract,6714,Feat-LightGCN,2,1.0,0.5833333333333334,0.6938775510204082,1.0,0.5954861111111112,0.7266666666666667
2133,St. Louis,Commute Time,tract,6714,Feat-LightGCN,3,1.0,0.5833333333333334,0.6530612244897959,1.0,0.6701388888888888,0.6683333333333333
2134,St. Louis,Commute Time,tract,6714,Feat-LightGCN,4,1.0,0.5625,0.46938775510204084,1.0,0.6128472222222222,0.4466666666666666
2135,St. Louis,Commute Time,tract,6714,Feat-LightGCN,5,1.0,0.6875,0.6326530612244898,1.0,0.6675347222222222,0.645
2136,St. Louis,Commute Time,tract,6714,Feat-LightGCN,6,1.0,0.7708333333333334,0.6530612244897959,1.0,0.7552083333333334,0.6716666666666666
2137,St. Louis,Commute Time,tract,6714,Feat-LightGCN,7,1.0,0.7083333333333334,0.673469387755102,1.0,0.78125,0.65
2138,St. Louis,Commute Time,tract,6714,Feat-LightGCN,8,1.0,0.6875,0.6938775510204082,1.0,0.7152777777777778,0.75
2139,St. Louis,Commute Time,tract,6714,Feat-LightGCN,9,1.0,0.625,0.5306122448979592,1.0,0.6927083333333334,0.52
2140,St. Louis,Commute Time,tract,6714,Feat\&PC-LightGCN,0,1.0,0.5625,0.5918367346938775,1.0,0.6692708333333334,0.6499999999999999
2141,St. Louis,Commute Time,tract,6714,Feat\&PC-LightGCN,1,1.0,0.6041666666666666,0.5102040816326531,1.0,0.7005208333333334,0.5108333333333333
2142,St. Louis,Commute Time,tract,6714,Feat\&PC-LightGCN,2,1.0,0.6666666666666666,0.6326530612244898,1.0,0.6050347222222223,0.6941666666666666
2143,St. Louis,Commute Time,tract,6714,Feat\&PC-LightGCN,3,1.0,0.5625,0.5918367346938775,1.0,0.5633680555555556,0.6074999999999999
2144,St. Louis,Commute Time,tract,6714,Feat\&PC-LightGCN,4,1.0,0.6666666666666666,0.5102040816326531,1.0,0.6701388888888888,0.5091666666666667
2145,St. Louis,Commute Time,tract,6714,Feat\&PC-LightGCN,5,1.0,0.6666666666666666,0.5714285714285714,1.0,0.638888888888889,0.6283333333333334
2146,St. Louis,Commute Time,tract,6714,Feat\&PC-LightGCN,6,1.0,0.6875,0.6530612244897959,1.0,0.6649305555555555,0.6349999999999999
2147,St. Louis,Commute Time,tract,6714,Feat\&PC-LightGCN,7,1.0,0.7291666666666666,0.5306122448979592,1.0,0.8142361111111112,0.5233333333333333
2148,St. Louis,Commute Time,tract,6714,Feat\&PC-LightGCN,8,1.0,0.6041666666666666,0.7551020408163265,1.0,0.6085069444444444,0.7216666666666667
2149,St. Louis,Commute Time,tract,6714,Feat\&PC-LightGCN,9,1.0,0.6666666666666666,0.6326530612244898,1.0,0.6562499999999999,0.6358333333333334
2150,St. Louis,Commute Time,tract,6714,NoPreTrain,0,1.0,0.5208333333333334,0.5102040816326531,1.0,0.578125,0.5133333333333333
2151,St. Louis,Commute Time,tract,6714,NoPreTrain,1,1.0,0.6666666666666666,0.42857142857142855,1.0,0.6996527777777778,0.4916666666666667
2152,St. Louis,Commute Time,tract,6714,NoPreTrain,2,0.9930555555555556,0.4791666666666667,0.6530612244897959,1.0,0.5017361111111112,0.65
2153,St. Louis,Commute Time,tract,6714,NoPreTrain,3,1.0,0.5833333333333334,0.46938775510204084,1.0,0.5711805555555556,0.51
2154,St. Louis,Commute Time,tract,6714,NoPreTrain,4,0.9930555555555556,0.4583333333333333,0.5102040816326531,1.0,0.5503472222222222,0.5266666666666667
2155,St. Louis,Commute Time,tract,6714,NoPreTrain,5,1.0,0.5416666666666666,0.5714285714285714,1.0,0.5625,0.5516666666666666
2156,St. Louis,Commute Time,tract,6714,NoPreTrain,6,0.9930555555555556,0.7083333333333334,0.5918367346938775,0.9998070987654322,0.7517361111111112,0.5599999999999999
2157,St. Louis,Commute Time,tract,6714,NoPreTrain,7,1.0,0.4791666666666667,0.5102040816326531,1.0,0.4895833333333333,0.635
2158,St. Louis,Commute Time,tract,6714,NoPreTrain,8,1.0,0.6458333333333334,0.5918367346938775,1.0,0.7291666666666667,0.5733333333333334
2159,St. Louis,Commute Time,tract,6714,NoPreTrain,9,0.9791666666666666,0.6458333333333334,0.5714285714285714,0.9851466049382716,0.6319444444444444,0.5983333333333333
2160,St. Louis,Median Age,tract,9835,Emb,0,1.0,0.6756756756756757,0.6891891891891891,1.0,0.7421475529583638,0.7092768444119796
2161,St. Louis,Median Age,tract,9835,Emb,1,1.0,0.581081081081081,0.6486486486486487,1.0,0.6201607012417824,0.7143900657414171
2162,St. Louis,Median Age,tract,9835,Emb,2,1.0,0.5945945945945946,0.6081081081081081,1.0,0.6683710737764792,0.6479181884587291
2163,St. Louis,Median Age,tract,9835,Emb,3,1.0,0.581081081081081,0.7027027027027027,1.0,0.6289262235208181,0.7574872169466763
2164,St. Louis,Median Age,tract,9835,Emb,4,1.0,0.6621621621621622,0.7432432432432432,1.0,0.6997808619430241,0.7713659605551498
2165,St. Louis,Median Age,tract,9835,Emb,5,1.0,0.6621621621621622,0.6756756756756757,1.0,0.6997808619430241,0.7319211102994887
2166,St. Louis,Median Age,tract,9835,Emb,6,1.0,0.7027027027027027,0.6351351351351351,1.0,0.7815924032140249,0.6859021183345507
2167,St. Louis,Median Age,tract,9835,Emb,7,1.0,0.6756756756756757,0.5945945945945946,1.0,0.7377647918188458,0.7282688093498904
2168,St. Louis,Median Age,tract,9835,Emb,8,1.0,0.7027027027027027,0.6216216216216216,1.0,0.7757487216946677,0.6289262235208182
2169,St. Louis,Median Age,tract,9835,Emb,9,1.0,0.6486486486486487,0.581081081081081,1.0,0.7056245434623813,0.6274653031409788
2170,St. Louis,Median Age,tract,9835,RGNN,0,0.8165137614678899,0.6756756756756757,0.5945945945945946,0.9032909687736723,0.7399561723886049,0.6859021183345507
2171,St. Louis,Median Age,tract,9835,RGNN,1,0.8073394495412844,0.5945945945945946,0.6216216216216216,0.8647420250820638,0.66691015339664,0.7070854638422206
2172,St. Louis,Median Age,tract,9835,RGNN,2,0.8577981651376146,0.6486486486486487,0.6891891891891891,0.934938136520495,0.6866325785244705,0.7268078889700511
2173,St. Louis,Median Age,tract,9835,RGNN,3,0.8394495412844036,0.5945945945945946,0.5945945945945946,0.9155794966753641,0.6523009495982468,0.6150474799123449
2174,St. Louis,Median Age,tract,9835,RGNN,4,0.8669724770642202,0.6216216216216216,0.5945945945945946,0.9412507364699941,0.6201607012417825,0.7136596055514974
2175,St. Louis,Median Age,tract,9835,RGNN,5,0.7247706422018348,0.6081081081081081,0.6756756756756757,0.8091069775271442,0.6508400292184076,0.6983199415631849
2176,St. Louis,Median Age,tract,9835,RGNN,6,0.7889908256880734,0.6621621621621622,0.6351351351351351,0.8768622169851021,0.7005113221329438,0.6691015339663988
2177,St. Louis,Median Age,tract,9835,RGNN,7,0.8440366972477065,0.6351351351351351,0.6351351351351351,0.9600202003198385,0.6844411979547114,0.7669831994156319
2178,St. Louis,Median Age,tract,9835,RGNN,8,0.7981651376146789,0.6351351351351351,0.6351351351351351,0.8687820890497433,0.743608473338203,0.6493791088385683
2179,St. Louis,Median Age,tract,9835,RGNN,9,0.7844036697247706,0.6486486486486487,0.6486486486486487,0.8528743371770052,0.7231555880204529,0.6661796932067202
2180,St. Louis,Median Age,tract,9835,Feat-RGNN,0,0.8761467889908257,0.6756756756756757,0.6621621621621622,0.9535392643716859,0.7114682249817386,0.6939371804236669
2181,St. Louis,Median Age,tract,9835,Feat-RGNN,1,0.7889908256880734,0.7027027027027027,0.6756756756756757,0.8735796650113626,0.6880934989043096,0.7253469685902117
2182,St. Louis,Median Age,tract,9835,Feat-RGNN,2,0.8211009174311926,0.5540540540540541,0.6756756756756757,0.9032909687736722,0.6691015339663988,0.6654492330168006
2183,St. Louis,Median Age,tract,9835,Feat-RGNN,3,0.8669724770642202,0.5945945945945946,0.6486486486486487,0.9266896725864826,0.6340394448502557,0.6815193571950329
2184,St. Louis,Median Age,tract,9835,Feat-RGNN,4,0.7568807339449541,0.6216216216216216,0.6621621621621622,0.8635636730914906,0.6968590211833455,0.7216946676406136
2185,St. Louis,Median Age,tract,9835,Feat-RGNN,5,0.8486238532110092,0.6351351351351351,0.6486486486486487,0.9320764245433886,0.664718772826881,0.7114682249817386
2186,St. Louis,Median Age,tract,9835,Feat-RGNN,6,0.7935779816513762,0.6216216216216216,0.6621621621621622,0.8803131049574953,0.7129291453615779,0.7238860482103725
2187,St. Louis,Median Age,tract,9835,Feat-RGNN,7,0.7798165137614679,0.6891891891891891,0.6486486486486487,0.8433633532530933,0.7260774287801315,0.660336011687363
2188,St. Louis,Median Age,tract,9835,Feat-RGNN,8,0.7431192660550459,0.6351351351351351,0.5945945945945946,0.8599444491204444,0.7092768444119796,0.6639883126369612
2189,St. Louis,Median Age,tract,9835,Feat-RGNN,9,0.7752293577981652,0.6891891891891891,0.6216216216216216,0.8676879050584967,0.6990504017531044,0.6281957633308984
2190,St. Louis,Median Age,tract,9835,Feat\&PC-RGNN,0,0.8853211009174312,0.6486486486486487,0.6756756756756757,0.9451224644390204,0.6895544192841491,0.7238860482103725
2191,St. Louis,Median Age,tract,9835,Feat\&PC-RGNN,1,0.7752293577981652,0.6351351351351351,0.5945945945945946,0.8416799932665601,0.6946676406135865,0.6610664718772827
2192,St. Louis,Median Age,tract,9835,Feat\&PC-RGNN,2,0.7935779816513762,0.581081081081081,0.6486486486486487,0.89504250483966,0.6442658875091307,0.6859021183345507
2193,St. Louis,Median Age,tract,9835,Feat\&PC-RGNN,3,0.8623853211009175,0.5945945945945946,0.6756756756756757,0.9323289285413686,0.6362308254200146,0.7085463842220598
2194,St. Louis,Median Age,tract,9835,Feat\&PC-RGNN,4,0.8394495412844036,0.6756756756756757,0.6486486486486487,0.919030384647757,0.6902848794740687,0.706355003652301
2195,St. Louis,Median Age,tract,9835,Feat\&PC-RGNN,5,0.8532110091743119,0.6756756756756757,0.7162162162162162,0.9071626967426984,0.6983199415631848,0.7304601899196492
2196,St. Louis,Median Age,tract,9835,Feat\&PC-RGNN,6,0.8853211009174312,0.7297297297297297,0.6756756756756757,0.9560643043514855,0.7888970051132214,0.7180423666910153
2197,St. Louis,Median Age,tract,9835,Feat\&PC-RGNN,7,0.8302752293577982,0.6891891891891891,0.6351351351351351,0.8955475128356198,0.762600438276114,0.6639883126369612
2198,St. Louis,Median Age,tract,9835,Feat\&PC-RGNN,8,0.8532110091743119,0.7432432432432432,0.6216216216216216,0.9184412086524704,0.794010226442659,0.6493791088385682
2199,St. Louis,Median Age,tract,9835,Feat\&PC-RGNN,9,0.8532110091743119,0.7162162162162162,0.6081081081081081,0.9234071206127431,0.7341124908692476,0.6501095690284879
2200,St. Louis,Median Age,tract,9835,LightGCN,0,0.9128440366972477,0.6891891891891891,0.6486486486486487,0.9803888561568891,0.7786705624543462,0.7005113221329439
2201,St. Louis,Median Age,tract,9835,LightGCN,1,0.8899082568807339,0.6756756756756757,0.6891891891891891,0.9620402323036782,0.6953981008035063,0.7574872169466764
2202,St. Louis,Median Age,tract,9835,LightGCN,2,0.8623853211009175,0.5675675675675675,0.6351351351351351,0.9473108324215134,0.647918188458729,0.7070854638422206
2203,St. Louis,Median Age,tract,9835,LightGCN,3,0.8899082568807339,0.6351351351351351,0.6351351351351351,0.9664169682686643,0.6734842951059167,0.7158509861212564
2204,St. Louis,Median Age,tract,9835,LightGCN,4,0.8853211009174312,0.6081081081081081,0.6351351351351351,0.9560643043514856,0.6544923301680059,0.6829802775748721
2205,St. Louis,Median Age,tract,9835,LightGCN,5,0.908256880733945,0.6351351351351351,0.7162162162162162,0.9768538001851697,0.7384952520087655,0.7436084733382031
2206,St. Louis,Median Age,tract,9835,LightGCN,6,0.8944954128440367,0.5675675675675675,0.6216216216216216,0.9741604242067166,0.704163623082542,0.6764061358655954
2207,St. Louis,Median Age,tract,9835,LightGCN,7,0.8990825688073395,0.6891891891891891,0.6891891891891891,0.9703728642370171,0.7129291453615779,0.7304601899196496
2208,St. Louis,Median Age,tract,9835,LightGCN,8,0.8990825688073395,0.6756756756756757,0.6216216216216216,0.9535392643716859,0.7596785975164354,0.623082542001461
2209,St. Louis,Median Age,tract,9835,LightGCN,9,0.8899082568807339,0.6081081081081081,0.6486486486486487,0.9700361922397105,0.7216946676406135,0.7202337472607743
2210,St. Louis,Median Age,tract,9835,Feat-LightGCN,0,1.0,0.6891891891891891,0.5675675675675675,1.0,0.7903579254930606,0.6318480642804967
2211,St. Louis,Median Age,tract,9835,Feat-LightGCN,1,1.0,0.6081081081081081,0.6891891891891891,1.0,0.6811541271000731,0.7257121986851717
2212,St. Louis,Median Age,tract,9835,Feat-LightGCN,2,1.0,0.6081081081081081,0.7027027027027027,1.0,0.701972242512783,0.743608473338203
2213,St. Louis,Median Age,tract,9835,Feat-LightGCN,3,1.0,0.6081081081081081,0.7027027027027027,1.0,0.6691015339663989,0.7662527392257122
2214,St. Louis,Median Age,tract,9835,Feat-LightGCN,4,1.0,0.6486486486486487,0.6621621621621622,1.0,0.6829802775748722,0.6961285609934259
2215,St. Louis,Median Age,tract,9835,Feat-LightGCN,5,1.0,0.6756756756756757,0.6891891891891891,1.0,0.6800584368151936,0.7932797662527392
2216,St. Louis,Median Age,tract,9835,Feat-LightGCN,6,1.0,0.7297297297297297,0.5945945945945946,1.0,0.7487216946676406,0.6464572680788897
2217,St. Louis,Median Age,tract,9835,Feat-LightGCN,7,0.9954128440366973,0.7027027027027027,0.6756756756756757,1.0,0.7348429510591673,0.7523739956172388
2218,St. Louis,Median Age,tract,9835,Feat-LightGCN,8,0.9954128440366973,0.6891891891891891,0.6216216216216216,1.0,0.7461650840029218,0.6362308254200146
2219,St. Louis,Median Age,tract,9835,Feat-LightGCN,9,1.0,0.6621621621621622,0.6081081081081081,1.0,0.7048940832724617,0.6617969320672024
2220,St. Louis,Median Age,tract,9835,Feat\&PC-LightGCN,0,0.9954128440366973,0.5945945945945946,0.5675675675675675,1.0,0.6318480642804967,0.64572680788897
2221,St. Louis,Median Age,tract,9835,Feat\&PC-LightGCN,1,0.9954128440366973,0.6486486486486487,0.6891891891891891,0.9995791600033668,0.6596055514974435,0.7005113221329438
2222,St. Louis,Median Age,tract,9835,Feat\&PC-LightGCN,2,1.0,0.581081081081081,0.6216216216216216,1.0,0.7012417823228635,0.6793279766252739
2223,St. Louis,Median Age,tract,9835,Feat\&PC-LightGCN,3,1.0,0.581081081081081,0.6756756756756757,1.0,0.6205259313367422,0.7333820306793281
2224,St. Louis,Median Age,tract,9835,Feat\&PC-LightGCN,4,0.7247706422018348,0.6216216216216216,0.6486486486486487,0.9978958000168336,0.7107377647918187,0.6742147552958365
2225,St. Louis,Median Age,tract,9835,Feat\&PC-LightGCN,5,0.9954128440366973,0.6216216216216216,0.6486486486486487,1.0,0.6742147552958365,0.7319211102994887
2226,St. Louis,Median Age,tract,9835,Feat\&PC-LightGCN,6,1.0,0.6756756756756757,0.5945945945945946,1.0,0.7567567567567568,0.6238130021913806
2227,St. Louis,Median Age,tract,9835,Feat\&PC-LightGCN,7,0.9541284403669725,0.7297297297297297,0.5945945945945946,0.9927615520579076,0.7238860482103725,0.6252739225712198
2228,St. Louis,Median Age,tract,9835,Feat\&PC-LightGCN,8,1.0,0.6891891891891891,0.6081081081081081,1.0,0.7341124908692477,0.6471877282688093
2229,St. Louis,Median Age,tract,9835,Feat\&PC-LightGCN,9,1.0,0.6216216216216216,0.6351351351351351,1.0,0.7114682249817385,0.6260043827611396
2230,St. Louis,Median Age,tract,9835,NoPreTrain,0,1.0,0.6621621621621622,0.5540540540540541,1.0,0.6479181884587291,0.5186267348429511
2231,St. Louis,Median Age,tract,9835,NoPreTrain,1,0.9954128440366973,0.527027027027027,0.6351351351351351,1.0,0.5756026296566837,0.6274653031409788
2232,St. Louis,Median Age,tract,9835,NoPreTrain,2,1.0,0.5135135135135135,0.5945945945945946,1.0,0.5259313367421475,0.6099342585829073
2233,St. Louis,Median Age,tract,9835,NoPreTrain,3,0.9954128440366973,0.47297297297297297,0.6351351351351351,1.0,0.5178962746530315,0.6705624543462382
2234,St. Louis,Median Age,tract,9835,NoPreTrain,4,1.0,0.6081081081081081,0.5675675675675675,1.0,0.56245434623813,0.6135865595325055
2235,St. Louis,Median Age,tract,9835,NoPreTrain,5,0.9678899082568807,0.5675675675675675,0.6486486486486487,0.9954549280363605,0.618699780861943,0.6376917457998539
2236,St. Louis,Median Age,tract,9835,NoPreTrain,6,0.9770642201834863,0.581081081081081,0.5405405405405406,0.9987374800101001,0.5982468955441929,0.5814463111760408
2237,St. Louis,Median Age,tract,9835,NoPreTrain,7,0.9862385321100917,0.581081081081081,0.6351351351351351,0.9998316640013467,0.6523009495982468,0.6406135865595326
2238,St. Louis,Median Age,tract,9835,NoPreTrain,8,0.9908256880733946,0.6216216216216216,0.581081081081081,0.99974749600202,0.6968590211833455,0.5843681519357196
2239,St. Louis,Median Age,tract,9835,NoPreTrain,9,1.0,0.5675675675675675,0.5135135135135135,1.0,0.6092037983929875,0.4331628926223521
2240,Indianapolis,Median Income,tract,6800,Emb,0,1.0,0.7391304347826086,0.723404255319149,1.0,0.776937618147448,0.7807971014492754
2241,Indianapolis,Median Income,tract,6800,Emb,1,1.0,0.717391304347826,0.6808510638297872,1.0,0.8185255198487713,0.7826086956521738
2242,Indianapolis,Median Income,tract,6800,Emb,2,1.0,0.8260869565217391,0.7446808510638298,1.0,0.833648393194707,0.8188405797101449
2243,Indianapolis,Median Income,tract,6800,Emb,3,1.0,0.6086956521739131,0.8085106382978723,1.0,0.6994328922495273,0.8967391304347826
2244,Indianapolis,Median Income,tract,6800,Emb,4,1.0,0.7608695652173914,0.7446808510638298,1.0,0.8185255198487712,0.7844202898550724
2245,Indianapolis,Median Income,tract,6800,Emb,5,1.0,0.6521739130434783,0.7659574468085106,1.0,0.7145557655954632,0.8442028985507246
2246,Indianapolis,Median Income,tract,6800,Emb,6,1.0,0.717391304347826,0.7659574468085106,1.0,0.7646502835538752,0.8315217391304348
2247,Indianapolis,Median Income,tract,6800,Emb,7,1.0,0.7608695652173914,0.7872340425531915,1.0,0.7911153119092627,0.8115942028985508
2248,Indianapolis,Median Income,tract,6800,Emb,8,1.0,0.7608695652173914,0.723404255319149,1.0,0.8062381852551985,0.7427536231884058
2249,Indianapolis,Median Income,tract,6800,Emb,9,1.0,0.6521739130434783,0.8085106382978723,1.0,0.7977315689981097,0.8460144927536233
2250,Indianapolis,Median Income,tract,6800,RGNN,0,0.9420289855072463,0.6956521739130435,0.7659574468085106,0.9695442134005462,0.7882797731568998,0.822463768115942
2251,Indianapolis,Median Income,tract,6800,RGNN,1,0.8478260869565217,0.717391304347826,0.7021276595744681,0.9235454736399916,0.7618147448015122,0.7626811594202898
2252,Indianapolis,Median Income,tract,6800,RGNN,2,0.9202898550724637,0.6739130434782609,0.7446808510638298,0.9603024574669188,0.7372400756143667,0.8115942028985507
2253,Indianapolis,Median Income,tract,6800,RGNN,3,0.8623188405797102,0.6739130434782609,0.7872340425531915,0.9428691451375761,0.718336483931947,0.8731884057971014
2254,Indianapolis,Median Income,tract,6800,RGNN,4,0.8913043478260869,0.717391304347826,0.7446808510638298,0.9529510607015333,0.8185255198487712,0.7572463768115941
2255,Indianapolis,Median Income,tract,6800,RGNN,5,0.9202898550724637,0.6521739130434783,0.7021276595744681,0.9613526570048309,0.7410207939508506,0.7427536231884058
2256,Indianapolis,Median Income,tract,6800,RGNN,6,0.8985507246376812,0.717391304347826,0.723404255319149,0.9798361688720857,0.8034026465028354,0.8586956521739131
2257,Indianapolis,Median Income,tract,6800,RGNN,7,0.8840579710144928,0.6304347826086957,0.723404255319149,0.9621928166351608,0.7580340264650284,0.8387681159420289
2258,Indianapolis,Median Income,tract,6800,RGNN,8,0.9565217391304348,0.6739130434782609,0.6808510638297872,0.977105650073514,0.8090737240075615,0.7971014492753624
2259,Indianapolis,Median Income,tract,6800,RGNN,9,0.8840579710144928,0.7608695652173914,0.7446808510638298,0.9468599033816425,0.8846880907372401,0.7717391304347826
2260,Indianapolis,Median Income,tract,6800,Feat-RGNN,0,0.9130434782608695,0.6521739130434783,0.7872340425531915,0.9592522579290066,0.771266540642722,0.9039855072463769
2261,Indianapolis,Median Income,tract,6800,Feat-RGNN,1,0.9130434782608695,0.6521739130434783,0.7446808510638298,0.9674438143247218,0.77882797731569,0.7771739130434783
2262,Indianapolis,Median Income,tract,6800,Feat-RGNN,2,0.927536231884058,0.717391304347826,0.7446808510638298,0.966183574879227,0.8147448015122872,0.8333333333333334
2263,Indianapolis,Median Income,tract,6800,Feat-RGNN,3,0.9202898550724637,0.6956521739130435,0.8085106382978723,0.957571938668347,0.7580340264650284,0.8242753623188406
2264,Indianapolis,Median Income,tract,6800,Feat-RGNN,4,0.7898550724637681,0.7608695652173914,0.7021276595744681,0.9638731358958202,0.9376181474480152,0.7862318840579711
2265,Indianapolis,Median Income,tract,6800,Feat-RGNN,5,0.9347826086956522,0.6956521739130435,0.7446808510638298,0.9827767275782398,0.7504725897920606,0.8097826086956521
2266,Indianapolis,Median Income,tract,6800,Feat-RGNN,6,0.8405797101449275,0.8478260869565217,0.6595744680851063,0.9191346355807604,0.8865784499054821,0.7608695652173914
2267,Indianapolis,Median Income,tract,6800,Feat-RGNN,7,0.9347826086956522,0.6739130434782609,0.723404255319149,0.9712245326612057,0.7807183364839321,0.8351449275362318
2268,Indianapolis,Median Income,tract,6800,Feat-RGNN,8,0.9347826086956522,0.7391304347826086,0.7659574468085106,0.9729048519218653,0.8185255198487713,0.8460144927536232
2269,Indianapolis,Median Income,tract,6800,Feat-RGNN,9,0.855072463768116,0.7608695652173914,0.7446808510638298,0.9229153539172442,0.8695652173913043,0.7934782608695652
2270,Indianapolis,Median Income,tract,6800,Feat\&PC-RGNN,0,0.8913043478260869,0.6521739130434783,0.7872340425531915,0.9588321781138417,0.7372400756143668,0.8695652173913043
2271,Indianapolis,Median Income,tract,6800,Feat\&PC-RGNN,1,0.8623188405797102,0.6521739130434783,0.851063829787234,0.9521109010712034,0.77882797731569,0.8822463768115941
2272,Indianapolis,Median Income,tract,6800,Feat\&PC-RGNN,2,0.9420289855072463,0.6956521739130435,0.7446808510638298,0.9825666876706575,0.782608695652174,0.8043478260869565
2273,Indianapolis,Median Income,tract,6800,Feat\&PC-RGNN,3,0.8913043478260869,0.6521739130434783,0.7659574468085106,0.9498004620877967,0.7391304347826088,0.8623188405797102
2274,Indianapolis,Median Income,tract,6800,Feat\&PC-RGNN,4,0.9347826086956522,0.7391304347826086,0.6808510638297872,0.9813064482251628,0.8827977315689981,0.7318840579710144
2275,Indianapolis,Median Income,tract,6800,Feat\&PC-RGNN,5,0.9057971014492754,0.6304347826086957,0.7021276595744681,0.9544213400546103,0.7523629489603024,0.8278985507246376
2276,Indianapolis,Median Income,tract,6800,Feat\&PC-RGNN,6,0.9130434782608695,0.7391304347826086,0.7021276595744681,0.9527410207939508,0.8147448015122873,0.7355072463768115
2277,Indianapolis,Median Income,tract,6800,Feat\&PC-RGNN,7,0.8840579710144928,0.717391304347826,0.7659574468085106,0.9512707414408738,0.7844990548204159,0.8985507246376812
2278,Indianapolis,Median Income,tract,6800,Feat\&PC-RGNN,8,0.9347826086956522,0.6739130434782609,0.7446808510638298,0.9819365679479102,0.7693761814744802,0.7952898550724637
2279,Indianapolis,Median Income,tract,6800,Feat\&PC-RGNN,9,0.8840579710144928,0.782608695652174,0.6808510638297872,0.9453896240285654,0.892249527410208,0.7753623188405797
2280,Indianapolis,Median Income,tract,6800,LightGCN,0,0.9347826086956522,0.717391304347826,0.8085106382978723,0.9955891619407686,0.7448015122873345,0.8804347826086957
2281,Indianapolis,Median Income,tract,6800,LightGCN,1,0.9347826086956522,0.7391304347826086,0.723404255319149,0.9775257298886789,0.8034026465028355,0.8369565217391305
2282,Indianapolis,Median Income,tract,6800,LightGCN,2,0.9565217391304348,0.7391304347826086,0.7872340425531915,0.9957992018483511,0.8034026465028355,0.8442028985507246
2283,Indianapolis,Median Income,tract,6800,LightGCN,3,0.8768115942028986,0.6739130434782609,0.7659574468085106,0.9781558496114262,0.7277882797731569,0.842391304347826
2284,Indianapolis,Median Income,tract,6800,LightGCN,4,0.9347826086956522,0.8260869565217391,0.7446808510638298,0.9903381642512077,0.8620037807183365,0.7681159420289855
2285,Indianapolis,Median Income,tract,6800,LightGCN,5,0.9420289855072463,0.717391304347826,0.7446808510638298,0.9903381642512078,0.7466918714555766,0.8134057971014493
2286,Indianapolis,Median Income,tract,6800,LightGCN,6,0.9202898550724637,0.7608695652173914,0.7446808510638298,0.9915984036967024,0.8185255198487712,0.7101449275362318
2287,Indianapolis,Median Income,tract,6800,LightGCN,7,0.9565217391304348,0.717391304347826,0.723404255319149,0.9781558496114262,0.8241965973534972,0.8134057971014492
2288,Indianapolis,Median Income,tract,6800,LightGCN,8,0.9782608695652174,0.8043478260869565,0.6808510638297872,0.9964293215710984,0.8260869565217391,0.7826086956521738
2289,Indianapolis,Median Income,tract,6800,LightGCN,9,0.9710144927536232,0.6956521739130435,0.8085106382978723,0.9901281243436253,0.8733459357277883,0.894927536231884
2290,Indianapolis,Median Income,tract,6800,Feat-LightGCN,0,1.0,0.717391304347826,0.7659574468085106,1.0,0.7410207939508506,0.8423913043478262
2291,Indianapolis,Median Income,tract,6800,Feat-LightGCN,1,1.0,0.6956521739130435,0.7659574468085106,1.0,0.7523629489603024,0.802536231884058
2292,Indianapolis,Median Income,tract,6800,Feat-LightGCN,2,1.0,0.7391304347826086,0.7872340425531915,1.0,0.7712665406427222,0.8541666666666666
2293,Indianapolis,Median Income,tract,6800,Feat-LightGCN,3,1.0,0.6739130434782609,0.8085106382978723,1.0,0.7069943289224951,0.8822463768115941
2294,Indianapolis,Median Income,tract,6800,Feat-LightGCN,4,1.0,0.8478260869565217,0.6808510638297872,1.0,0.8582230623818525,0.8079710144927535
2295,Indianapolis,Median Income,tract,6800,Feat-LightGCN,5,1.0,0.6739130434782609,0.7659574468085106,1.0,0.6805293005671077,0.826086956521739
2296,Indianapolis,Median Income,tract,6800,Feat-LightGCN,6,1.0,0.7391304347826086,0.7021276595744681,1.0,0.8090737240075614,0.75
2297,Indianapolis,Median Income,tract,6800,Feat-LightGCN,7,1.0,0.7608695652173914,0.7446808510638298,1.0,0.8525519848771267,0.8858695652173914
2298,Indianapolis,Median Income,tract,6800,Feat-LightGCN,8,1.0,0.6739130434782609,0.7446808510638298,1.0,0.7939508506616256,0.7880434782608696
2299,Indianapolis,Median Income,tract,6800,Feat-LightGCN,9,1.0,0.8043478260869565,0.7872340425531915,1.0,0.9149338374291115,0.8822463768115942
2300,Indianapolis,Median Income,tract,6800,Feat\&PC-LightGCN,0,1.0,0.7608695652173914,0.7872340425531915,1.0,0.7901701323251418,0.8967391304347827
2301,Indianapolis,Median Income,tract,6800,Feat\&PC-LightGCN,1,1.0,0.8043478260869565,0.8085106382978723,1.0,0.8506616257088846,0.8369565217391304
2302,Indianapolis,Median Income,tract,6800,Feat\&PC-LightGCN,2,1.0,0.7391304347826086,0.7659574468085106,1.0,0.7873345935727788,0.8985507246376812
2303,Indianapolis,Median Income,tract,6800,Feat\&PC-LightGCN,3,1.0,0.782608695652174,0.7659574468085106,1.0,0.8034026465028355,0.8478260869565218
2304,Indianapolis,Median Income,tract,6800,Feat\&PC-LightGCN,4,1.0,0.7608695652173914,0.723404255319149,1.0,0.8638941398865785,0.7898550724637681
2305,Indianapolis,Median Income,tract,6800,Feat\&PC-LightGCN,5,1.0,0.7608695652173914,0.7659574468085106,1.0,0.8147448015122873,0.8605072463768115
2306,Indianapolis,Median Income,tract,6800,Feat\&PC-LightGCN,6,1.0,0.7608695652173914,0.7659574468085106,1.0,0.8279773156899811,0.8297101449275363
2307,Indianapolis,Median Income,tract,6800,Feat\&PC-LightGCN,7,1.0,0.7608695652173914,0.7872340425531915,1.0,0.8837429111531191,0.822463768115942
2308,Indianapolis,Median Income,tract,6800,Feat\&PC-LightGCN,8,1.0,0.6956521739130435,0.723404255319149,1.0,0.6862003780718336,0.7789855072463768
2309,Indianapolis,Median Income,tract,6800,Feat\&PC-LightGCN,9,1.0,0.7608695652173914,0.7446808510638298,1.0,0.8506616257088847,0.8315217391304347
2310,Indianapolis,Median Income,tract,6800,NoPreTrain,0,0.9855072463768116,0.6956521739130435,0.7872340425531915,0.9993698802772527,0.7826086956521738,0.8496376811594203
2311,Indianapolis,Median Income,tract,6800,NoPreTrain,1,1.0,0.7608695652173914,0.6808510638297872,1.0,0.826086956521739,0.7554347826086957
2312,Indianapolis,Median Income,tract,6800,NoPreTrain,2,1.0,0.717391304347826,0.6808510638297872,1.0,0.720226843100189,0.7735507246376812
2313,Indianapolis,Median Income,tract,6800,NoPreTrain,3,1.0,0.6304347826086957,0.7021276595744681,1.0,0.7126654064272212,0.7318840579710144
2314,Indianapolis,Median Income,tract,6800,NoPreTrain,4,0.9927536231884058,0.7608695652173914,0.5531914893617021,1.0,0.7977315689981096,0.572463768115942
2315,Indianapolis,Median Income,tract,6800,NoPreTrain,5,0.9927536231884058,0.7391304347826086,0.7872340425531915,0.9995799201848352,0.7731568998109641,0.8134057971014492
2316,Indianapolis,Median Income,tract,6800,NoPreTrain,6,0.9855072463768116,0.782608695652174,0.7446808510638298,0.9995799201848351,0.8223062381852552,0.7916666666666666
2317,Indianapolis,Median Income,tract,6800,NoPreTrain,7,0.9927536231884058,0.6304347826086957,0.7872340425531915,0.9995799201848351,0.6862003780718336,0.822463768115942
2318,Indianapolis,Median Income,tract,6800,NoPreTrain,8,1.0,0.6304347826086957,0.7021276595744681,1.0,0.6899810964083175,0.7445652173913043
2319,Indianapolis,Median Income,tract,6800,NoPreTrain,9,0.9855072463768116,0.6304347826086957,0.6595744680851063,1.0,0.6918714555765595,0.6648550724637681
2320,Indianapolis,Median Home Value,tract,6727,Emb,0,1.0,0.8043478260869565,0.8043478260869565,1.0,0.8733459357277882,0.8525519848771266
2321,Indianapolis,Median Home Value,tract,6727,Emb,1,1.0,0.6956521739130435,0.8260869565217391,1.0,0.7372400756143667,0.9054820415879018
2322,Indianapolis,Median Home Value,tract,6727,Emb,2,1.0,0.6956521739130435,0.717391304347826,1.0,0.780718336483932,0.7901701323251418
2323,Indianapolis,Median Home Value,tract,6727,Emb,3,1.0,0.7608695652173914,0.782608695652174,1.0,0.8241965973534972,0.8638941398865785
2324,Indianapolis,Median Home Value,tract,6727,Emb,4,1.0,0.6739130434782609,0.6739130434782609,1.0,0.775047258979206,0.7032136105860114
2325,Indianapolis,Median Home Value,tract,6727,Emb,5,1.0,0.8478260869565217,0.6304347826086957,1.0,0.9130434782608695,0.6776937618147447
2326,Indianapolis,Median Home Value,tract,6727,Emb,6,1.0,0.782608695652174,0.7608695652173914,1.0,0.8393194706994329,0.8128544423440454
2327,Indianapolis,Median Home Value,tract,6727,Emb,7,1.0,0.717391304347826,0.7391304347826086,1.0,0.8582230623818526,0.8175803402646503
2328,Indianapolis,Median Home Value,tract,6727,Emb,8,1.0,0.6739130434782609,0.6956521739130435,1.0,0.776937618147448,0.8241965973534972
2329,Indianapolis,Median Home Value,tract,6727,Emb,9,1.0,0.7608695652173914,0.782608695652174,1.0,0.824196597353497,0.8733459357277883
2330,Indianapolis,Median Home Value,tract,6727,RGNN,0,0.8759124087591241,0.7391304347826086,0.717391304347826,0.9454390451832908,0.8506616257088846,0.8109640831758034
2331,Indianapolis,Median Home Value,tract,6727,RGNN,1,0.9416058394160584,0.717391304347826,0.8260869565217391,0.9757033248081841,0.7693761814744802,0.8771266540642721
2332,Indianapolis,Median Home Value,tract,6727,RGNN,2,0.9635036496350365,0.7391304347826086,0.7391304347826086,0.9908354646206308,0.7561436672967864,0.7977315689981096
2333,Indianapolis,Median Home Value,tract,6727,RGNN,3,0.8759124087591241,0.9130434782608695,0.717391304347826,0.9379795396419438,0.9546313799621928,0.8166351606805293
2334,Indianapolis,Median Home Value,tract,6727,RGNN,4,0.9708029197080292,0.7608695652173914,0.8043478260869565,0.9906223358908781,0.7958412098298677,0.8204158790170133
2335,Indianapolis,Median Home Value,tract,6727,RGNN,5,0.9708029197080292,0.782608695652174,0.6304347826086957,0.9816709292412618,0.8620037807183365,0.6540642722117201
2336,Indianapolis,Median Home Value,tract,6727,RGNN,6,0.8613138686131386,0.6521739130434783,0.6956521739130435,0.940537084398977,0.7977315689981097,0.7561436672967864
2337,Indianapolis,Median Home Value,tract,6727,RGNN,7,0.9343065693430657,0.7391304347826086,0.6956521739130435,0.9776214833759591,0.8355387523629489,0.7391304347826088
2338,Indianapolis,Median Home Value,tract,6727,RGNN,8,0.9854014598540146,0.8260869565217391,0.7391304347826086,0.9985080988917306,0.8317580340264651,0.7731568998109641
2339,Indianapolis,Median Home Value,tract,6727,RGNN,9,0.9562043795620438,0.717391304347826,0.7391304347826086,0.9820971867007673,0.7807183364839319,0.8166351606805292
2340,Indianapolis,Median Home Value,tract,6727,Feat-RGNN,0,0.927007299270073,0.6086956521739131,0.7608695652173914,0.965686274509804,0.727788279773157,0.8525519848771267
2341,Indianapolis,Median Home Value,tract,6727,Feat-RGNN,1,0.9343065693430657,0.7391304347826086,0.8478260869565217,0.9712276214833759,0.7920604914933838,0.9054820415879017
2342,Indianapolis,Median Home Value,tract,6727,Feat-RGNN,2,0.9635036496350365,0.717391304347826,0.717391304347826,0.9978687127024722,0.7844990548204159,0.8128544423440454
2343,Indianapolis,Median Home Value,tract,6727,Feat-RGNN,3,0.9343065693430657,0.7608695652173914,0.6956521739130435,0.9614236999147485,0.8638941398865785,0.780718336483932
2344,Indianapolis,Median Home Value,tract,6727,Feat-RGNN,4,0.9562043795620438,0.7391304347826086,0.6956521739130435,0.9970161977834613,0.7618147448015122,0.8317580340264651
2345,Indianapolis,Median Home Value,tract,6727,Feat-RGNN,5,0.9416058394160584,0.782608695652174,0.6956521739130435,0.9893435635123615,0.8998109640831758,0.7655954631379962
2346,Indianapolis,Median Home Value,tract,6727,Feat-RGNN,6,0.7518248175182481,0.6521739130434783,0.6304347826086957,0.8653026427962489,0.8015122873345936,0.8015122873345936
2347,Indianapolis,Median Home Value,tract,6727,Feat-RGNN,7,0.9051094890510949,0.7608695652173914,0.717391304347826,0.9595055413469735,0.8109640831758035,0.8468809073724007
2348,Indianapolis,Median Home Value,tract,6727,Feat-RGNN,8,0.927007299270073,0.7608695652173914,0.8260869565217391,0.9929667519181585,0.7977315689981096,0.8015122873345936
2349,Indianapolis,Median Home Value,tract,6727,Feat-RGNN,9,0.8686131386861314,0.6956521739130435,0.7608695652173914,0.9644075021312873,0.7731568998109641,0.7807183364839319
2350,Indianapolis,Median Home Value,tract,6727,Feat\&PC-RGNN,0,0.8905109489051095,0.6521739130434783,0.782608695652174,0.9546035805626598,0.771266540642722,0.833648393194707
2351,Indianapolis,Median Home Value,tract,6727,Feat\&PC-RGNN,1,0.9197080291970803,0.7391304347826086,0.782608695652174,0.9671781756180733,0.8185255198487712,0.8544423440453686
2352,Indianapolis,Median Home Value,tract,6727,Feat\&PC-RGNN,2,0.948905109489051,0.717391304347826,0.782608695652174,0.978687127024723,0.7939508506616257,0.8071833648393194
2353,Indianapolis,Median Home Value,tract,6727,Feat\&PC-RGNN,3,0.9197080291970803,0.7391304347826086,0.7391304347826086,0.9823103154305199,0.8431001890359168,0.8412098298676748
2354,Indianapolis,Median Home Value,tract,6727,Feat\&PC-RGNN,4,0.9708029197080292,0.7608695652173914,0.6739130434782609,0.983375959079284,0.8034026465028355,0.7372400756143667
2355,Indianapolis,Median Home Value,tract,6727,Feat\&PC-RGNN,5,0.8905109489051095,0.8478260869565217,0.6956521739130435,0.9633418584825235,0.8979206049149338,0.7315689981096408
2356,Indianapolis,Median Home Value,tract,6727,Feat\&PC-RGNN,6,0.8832116788321168,0.8043478260869565,0.7608695652173914,0.9352088661551577,0.8034026465028355,0.780718336483932
2357,Indianapolis,Median Home Value,tract,6727,Feat\&PC-RGNN,7,0.9197080291970803,0.6521739130434783,0.6304347826086957,0.9784739982949702,0.7693761814744802,0.780718336483932
2358,Indianapolis,Median Home Value,tract,6727,Feat\&PC-RGNN,8,0.9197080291970803,0.7391304347826086,0.8043478260869565,0.9714407502131288,0.8109640831758034,0.8393194706994329
2359,Indianapolis,Median Home Value,tract,6727,Feat\&PC-RGNN,9,0.8686131386861314,0.717391304347826,0.717391304347826,0.9560954816709293,0.773156899810964,0.7485822306238185
2360,Indianapolis,Median Home Value,tract,6727,LightGCN,0,0.948905109489051,0.6956521739130435,0.7608695652173914,0.988917306052856,0.7901701323251418,0.8393194706994329
2361,Indianapolis,Median Home Value,tract,6727,LightGCN,1,0.9708029197080292,0.6956521739130435,0.8043478260869565,0.9976555839727195,0.7457466918714556,0.8544423440453686
2362,Indianapolis,Median Home Value,tract,6727,LightGCN,2,0.9854014598540146,0.7391304347826086,0.7608695652173914,0.9995737425404945,0.8052930056710775,0.7844990548204158
2363,Indianapolis,Median Home Value,tract,6727,LightGCN,3,0.9708029197080292,0.7608695652173914,0.8260869565217391,0.9946717817561808,0.8733459357277883,0.896030245746692
2364,Indianapolis,Median Home Value,tract,6727,LightGCN,4,0.9854014598540146,0.7608695652173914,0.6739130434782609,0.9938192668371697,0.8355387523629489,0.7939508506616257
2365,Indianapolis,Median Home Value,tract,6727,LightGCN,5,0.9343065693430657,0.8913043478260869,0.717391304347826,0.986999147485081,0.9224952741020794,0.7466918714555766
2366,Indianapolis,Median Home Value,tract,6727,LightGCN,6,0.948905109489051,0.8043478260869565,0.6304347826086957,0.9931798806479113,0.8638941398865785,0.7504725897920606
2367,Indianapolis,Median Home Value,tract,6727,LightGCN,7,0.9562043795620438,0.7608695652173914,0.782608695652174,0.988917306052856,0.8090737240075614,0.8223062381852552
2368,Indianapolis,Median Home Value,tract,6727,LightGCN,8,0.9927007299270073,0.7608695652173914,0.717391304347826,0.9987212276214834,0.7977315689981097,0.8204158790170133
2369,Indianapolis,Median Home Value,tract,6727,LightGCN,9,0.9416058394160584,0.7391304347826086,0.7391304347826086,0.9872122762148338,0.8071833648393194,0.8241965973534972
2370,Indianapolis,Median Home Value,tract,6727,Feat-LightGCN,0,1.0,0.8043478260869565,0.7608695652173914,1.0,0.834593572778828,0.8601134215500945
2371,Indianapolis,Median Home Value,tract,6727,Feat-LightGCN,1,1.0,0.6956521739130435,0.8043478260869565,1.0,0.7608695652173914,0.8497164461247637
2372,Indianapolis,Median Home Value,tract,6727,Feat-LightGCN,2,1.0,0.7608695652173914,0.7608695652173914,1.0,0.8355387523629489,0.7542533081285444
2373,Indianapolis,Median Home Value,tract,6727,Feat-LightGCN,3,1.0,0.8043478260869565,0.6956521739130435,1.0,0.8676748582230623,0.8270321361058601
2374,Indianapolis,Median Home Value,tract,6727,Feat-LightGCN,4,1.0,0.717391304347826,0.7391304347826086,1.0,0.8393194706994329,0.7693761814744803
2375,Indianapolis,Median Home Value,tract,6727,Feat-LightGCN,5,0.9635036496350365,0.8695652173913043,0.6739130434782609,0.9980818414322251,0.9659735349716446,0.7088846880907371
2376,Indianapolis,Median Home Value,tract,6727,Feat-LightGCN,6,1.0,0.8260869565217391,0.6521739130434783,1.0,0.8497164461247637,0.719281663516068
2377,Indianapolis,Median Home Value,tract,6727,Feat-LightGCN,7,1.0,0.8260869565217391,0.8043478260869565,1.0,0.833648393194707,0.8695652173913044
2378,Indianapolis,Median Home Value,tract,6727,Feat-LightGCN,8,1.0,0.782608695652174,0.6739130434782609,1.0,0.8705103969754253,0.7807183364839319
2379,Indianapolis,Median Home Value,tract,6727,Feat-LightGCN,9,0.9927007299270073,0.7391304347826086,0.6956521739130435,0.997229326513214,0.7655954631379962,0.771266540642722
2380,Indianapolis,Median Home Value,tract,6727,Feat\&PC-LightGCN,0,1.0,0.7608695652173914,0.7608695652173914,1.0,0.8289224952741021,0.8790170132325142
2381,Indianapolis,Median Home Value,tract,6727,Feat\&PC-LightGCN,1,1.0,0.6739130434782609,0.7391304347826086,1.0,0.7637051039697542,0.8506616257088847
2382,Indianapolis,Median Home Value,tract,6727,Feat\&PC-LightGCN,2,1.0,0.6739130434782609,0.717391304347826,1.0,0.7429111531190926,0.723062381852552
2383,Indianapolis,Median Home Value,tract,6727,Feat\&PC-LightGCN,3,1.0,0.6739130434782609,0.8043478260869565,1.0,0.780718336483932,0.8629489603024575
2384,Indianapolis,Median Home Value,tract,6727,Feat\&PC-LightGCN,4,1.0,0.6956521739130435,0.8043478260869565,1.0,0.7438563327032136,0.8223062381852552
2385,Indianapolis,Median Home Value,tract,6727,Feat\&PC-LightGCN,5,1.0,0.8913043478260869,0.6304347826086957,1.0,0.947069943289225,0.6691871455576559
2386,Indianapolis,Median Home Value,tract,6727,Feat\&PC-LightGCN,6,1.0,0.717391304347826,0.8043478260869565,1.0,0.7967863894139886,0.7901701323251418
2387,Indianapolis,Median Home Value,tract,6727,Feat\&PC-LightGCN,7,1.0,0.8043478260869565,0.8043478260869565,1.0,0.8534971644612477,0.8412098298676749
2388,Indianapolis,Median Home Value,tract,6727,Feat\&PC-LightGCN,8,1.0,0.717391304347826,0.7608695652173914,1.0,0.7750472589792061,0.7920604914933836
2389,Indianapolis,Median Home Value,tract,6727,Feat\&PC-LightGCN,9,1.0,0.782608695652174,0.7608695652173914,1.0,0.8544423440453687,0.8440453686200379
2390,Indianapolis,Median Home Value,tract,6727,NoPreTrain,0,1.0,0.6739130434782609,0.6521739130434783,1.0,0.6521739130434783,0.6899810964083175
2391,Indianapolis,Median Home Value,tract,6727,NoPreTrain,1,1.0,0.5869565217391305,0.6304347826086957,1.0,0.6918714555765595,0.7561436672967864
2392,Indianapolis,Median Home Value,tract,6727,NoPreTrain,2,1.0,0.6086956521739131,0.7391304347826086,1.0,0.6994328922495274,0.780718336483932
2393,Indianapolis,Median Home Value,tract,6727,NoPreTrain,3,1.0,0.6956521739130435,0.6739130434782609,1.0,0.7353497164461247,0.724007561436673
2394,Indianapolis,Median Home Value,tract,6727,NoPreTrain,4,1.0,0.6956521739130435,0.6521739130434783,1.0,0.7618147448015122,0.7126654064272213
2395,Indianapolis,Median Home Value,tract,6727,NoPreTrain,5,0.9854014598540146,0.8695652173913043,0.5217391304347826,0.9995737425404945,0.9035916824196597,0.5708884688090737
2396,Indianapolis,Median Home Value,tract,6727,NoPreTrain,6,1.0,0.7391304347826086,0.7608695652173914,1.0,0.8204158790170132,0.7429111531190926
2397,Indianapolis,Median Home Value,tract,6727,NoPreTrain,7,1.0,0.8043478260869565,0.6086956521739131,1.0,0.8544423440453686,0.6767485822306238
2398,Indianapolis,Median Home Value,tract,6727,NoPreTrain,8,1.0,0.717391304347826,0.717391304347826,1.0,0.7901701323251418,0.7372400756143667
2399,Indianapolis,Median Home Value,tract,6727,NoPreTrain,9,1.0,0.6521739130434783,0.6521739130434783,1.0,0.7069943289224953,0.7674858223062382
2400,Indianapolis,Commute Time,tract,4716,Emb,0,1.0,0.6428571428571429,0.6551724137931034,1.0,0.6632653061224489,0.7428571428571429
2401,Indianapolis,Commute Time,tract,4716,Emb,1,1.0,0.6785714285714286,0.6896551724137931,1.0,0.7244897959183674,0.7047619047619047
2402,Indianapolis,Commute Time,tract,4716,Emb,2,1.0,0.6785714285714286,0.8275862068965517,1.0,0.7244897959183674,0.8714285714285714
2403,Indianapolis,Commute Time,tract,4716,Emb,3,1.0,0.6785714285714286,0.6896551724137931,1.0,0.6989795918367347,0.7095238095238094
2404,Indianapolis,Commute Time,tract,4716,Emb,4,1.0,0.6785714285714286,0.5172413793103449,1.0,0.7602040816326531,0.6095238095238096
2405,Indianapolis,Commute Time,tract,4716,Emb,5,1.0,0.5357142857142857,0.7931034482758621,1.0,0.6683673469387755,0.8476190476190476
2406,Indianapolis,Commute Time,tract,4716,Emb,6,1.0,0.6785714285714286,0.4827586206896552,1.0,0.75,0.6
2407,Indianapolis,Commute Time,tract,4716,Emb,7,1.0,0.6428571428571429,0.7586206896551724,1.0,0.7602040816326531,0.761904761904762
2408,Indianapolis,Commute Time,tract,4716,Emb,8,1.0,0.8214285714285714,0.6896551724137931,1.0,0.8826530612244898,0.7476190476190476
2409,Indianapolis,Commute Time,tract,4716,Emb,9,1.0,0.6428571428571429,0.5517241379310345,1.0,0.5204081632653061,0.6523809523809524
2410,Indianapolis,Commute Time,tract,4716,RGNN,0,0.9642857142857143,0.6428571428571429,0.7241379310344828,0.9654195011337867,0.6428571428571429,0.7571428571428571
2411,Indianapolis,Commute Time,tract,4716,RGNN,1,0.9285714285714286,0.7857142857142857,0.6206896551724138,0.9523809523809524,0.7755102040816326,0.6904761904761905
2412,Indianapolis,Commute Time,tract,4716,RGNN,2,0.8928571428571429,0.5714285714285714,0.7241379310344828,0.9467120181405896,0.5459183673469388,0.819047619047619
2413,Indianapolis,Commute Time,tract,4716,RGNN,3,0.8333333333333334,0.6785714285714286,0.6896551724137931,0.9126984126984127,0.7551020408163265,0.6619047619047619
2414,Indianapolis,Commute Time,tract,4716,RGNN,4,0.9166666666666666,0.75,0.5862068965517241,0.9829931972789115,0.7653061224489796,0.6333333333333333
2415,Indianapolis,Commute Time,tract,4716,RGNN,5,0.8095238095238095,0.6428571428571429,0.6551724137931034,0.9501133786848072,0.7040816326530612,0.6523809523809524
2416,Indianapolis,Commute Time,tract,4716,RGNN,6,0.8928571428571429,0.39285714285714285,0.5517241379310345,0.935374149659864,0.3673469387755102,0.7428571428571429
2417,Indianapolis,Commute Time,tract,4716,RGNN,7,0.9523809523809523,0.6071428571428571,0.6206896551724138,0.9688208616780045,0.6989795918367347,0.6857142857142857
2418,Indianapolis,Commute Time,tract,4716,RGNN,8,0.9642857142857143,0.7142857142857143,0.6551724137931034,0.9693877551020408,0.8928571428571428,0.6952380952380953
2419,Indianapolis,Commute Time,tract,4716,RGNN,9,0.8809523809523809,0.6071428571428571,0.6206896551724138,0.967687074829932,0.673469387755102,0.6476190476190475
2420,Indianapolis,Commute Time,tract,4716,Feat-RGNN,0,0.9047619047619048,0.5357142857142857,0.7586206896551724,0.9427437641723355,0.5714285714285714,0.8714285714285714
2421,Indianapolis,Commute Time,tract,4716,Feat-RGNN,1,0.9642857142857143,0.7857142857142857,0.5517241379310345,0.993764172335601,0.8724489795918368,0.7095238095238096
2422,Indianapolis,Commute Time,tract,4716,Feat-RGNN,2,0.9523809523809523,0.8214285714285714,0.6206896551724138,1.0,0.8673469387755102,0.7095238095238094
2423,Indianapolis,Commute Time,tract,4716,Feat-RGNN,3,0.9523809523809523,0.7857142857142857,0.6551724137931034,0.9750566893424035,0.8418367346938775,0.738095238095238
2424,Indianapolis,Commute Time,tract,4716,Feat-RGNN,4,0.8690476190476191,0.7857142857142857,0.5862068965517241,0.9489795918367347,0.8214285714285714,0.6142857142857142
2425,Indianapolis,Commute Time,tract,4716,Feat-RGNN,5,0.8928571428571429,0.5357142857142857,0.7241379310344828,0.927437641723356,0.6122448979591837,0.8047619047619049
2426,Indianapolis,Commute Time,tract,4716,Feat-RGNN,6,0.8690476190476191,0.4642857142857143,0.8275862068965517,0.9251700680272109,0.4642857142857143,0.7952380952380953
2427,Indianapolis,Commute Time,tract,4716,Feat-RGNN,7,0.8928571428571429,0.5357142857142857,0.6896551724137931,0.9603174603174603,0.6836734693877551,0.7285714285714286
2428,Indianapolis,Commute Time,tract,4716,Feat-RGNN,8,0.9404761904761905,0.7142857142857143,0.7586206896551724,0.9739229024943311,0.8622448979591837,0.7666666666666666
2429,Indianapolis,Commute Time,tract,4716,Feat-RGNN,9,0.9047619047619048,0.5,0.6896551724137931,0.9608843537414966,0.5561224489795918,0.7761904761904762
2430,Indianapolis,Commute Time,tract,4716,Feat\&PC-RGNN,0,0.8333333333333334,0.6785714285714286,0.6551724137931034,0.9041950113378685,0.7040816326530612,0.7238095238095239
2431,Indianapolis,Commute Time,tract,4716,Feat\&PC-RGNN,1,0.9642857142857143,0.8214285714285714,0.7586206896551724,0.9603174603174601,0.7959183673469388,0.7000000000000001
2432,Indianapolis,Commute Time,tract,4716,Feat\&PC-RGNN,2,0.9047619047619048,0.6071428571428571,0.6551724137931034,0.9875283446712019,0.6173469387755103,0.6571428571428571
2433,Indianapolis,Commute Time,tract,4716,Feat\&PC-RGNN,3,0.8809523809523809,0.6428571428571429,0.7241379310344828,0.9138321995464852,0.7653061224489797,0.7238095238095239
2434,Indianapolis,Commute Time,tract,4716,Feat\&PC-RGNN,4,0.9642857142857143,0.8214285714285714,0.6551724137931034,0.9824263038548752,0.8316326530612245,0.6428571428571429
2435,Indianapolis,Commute Time,tract,4716,Feat\&PC-RGNN,5,0.9166666666666666,0.7142857142857143,0.6896551724137931,0.9631519274376417,0.7602040816326531,0.8
2436,Indianapolis,Commute Time,tract,4716,Feat\&PC-RGNN,6,0.7976190476190477,0.4642857142857143,0.6551724137931034,0.8917233560090703,0.46938775510204084,0.7523809523809524
2437,Indianapolis,Commute Time,tract,4716,Feat\&PC-RGNN,7,0.8214285714285714,0.5714285714285714,0.5172413793103449,0.933673469387755,0.7091836734693879,0.6476190476190476
2438,Indianapolis,Commute Time,tract,4716,Feat\&PC-RGNN,8,0.9166666666666666,0.7142857142857143,0.6896551724137931,0.9467120181405896,0.7959183673469388,0.7095238095238094
2439,Indianapolis,Commute Time,tract,4716,Feat\&PC-RGNN,9,0.7976190476190477,0.5714285714285714,0.5862068965517241,0.9438775510204082,0.6326530612244898,0.5666666666666667
2440,Indianapolis,Commute Time,tract,4716,LightGCN,0,0.9642857142857143,0.5357142857142857,0.6896551724137931,0.9648526077097506,0.5918367346938775,0.8
2441,Indianapolis,Commute Time,tract,4716,LightGCN,1,0.9642857142857143,0.7142857142857143,0.6206896551724138,0.9705215419501132,0.8010204081632653,0.6428571428571428
2442,Indianapolis,Commute Time,tract,4716,LightGCN,2,0.9880952380952381,0.6428571428571429,0.7586206896551724,0.9988662131519274,0.7040816326530613,0.8095238095238095
2443,Indianapolis,Commute Time,tract,4716,LightGCN,3,0.9404761904761905,0.6785714285714286,0.6551724137931034,0.9727891156462585,0.7908163265306123,0.6904761904761905
2444,Indianapolis,Commute Time,tract,4716,LightGCN,4,0.9761904761904762,0.6071428571428571,0.4827586206896552,0.9988662131519274,0.8214285714285714,0.6047619047619047
2445,Indianapolis,Commute Time,tract,4716,LightGCN,5,0.9523809523809523,0.5714285714285714,0.7241379310344828,0.9761904761904762,0.6224489795918368,0.7857142857142857
2446,Indianapolis,Commute Time,tract,4716,LightGCN,6,0.9523809523809523,0.4642857142857143,0.5517241379310345,0.9892290249433107,0.46938775510204084,0.6000000000000001
2447,Indianapolis,Commute Time,tract,4716,LightGCN,7,0.9642857142857143,0.5714285714285714,0.6206896551724138,0.9773242630385487,0.6428571428571429,0.6523809523809524
2448,Indianapolis,Commute Time,tract,4716,LightGCN,8,1.0,0.7142857142857143,0.6896551724137931,1.0,0.7397959183673469,0.6952380952380952
2449,Indianapolis,Commute Time,tract,4716,LightGCN,9,0.9761904761904762,0.5357142857142857,0.5172413793103449,0.985827664399093,0.6377551020408163,0.6000000000000001
2450,Indianapolis,Commute Time,tract,4716,Feat-LightGCN,0,1.0,0.6428571428571429,0.7241379310344828,1.0,0.7015306122448979,0.8476190476190477
2451,Indianapolis,Commute Time,tract,4716,Feat-LightGCN,1,1.0,0.8571428571428571,0.6896551724137931,1.0,0.8418367346938775,0.7428571428571429
2452,Indianapolis,Commute Time,tract,4716,Feat-LightGCN,2,1.0,0.75,0.7241379310344828,1.0,0.7397959183673469,0.7904761904761904
2453,Indianapolis,Commute Time,tract,4716,Feat-LightGCN,3,1.0,0.7857142857142857,0.6896551724137931,1.0,0.8341836734693877,0.7857142857142857
2454,Indianapolis,Commute Time,tract,4716,Feat-LightGCN,4,1.0,0.6071428571428571,0.5862068965517241,1.0,0.6887755102040816,0.7047619047619047
2455,Indianapolis,Commute Time,tract,4716,Feat-LightGCN,5,1.0,0.6428571428571429,0.7931034482758621,1.0,0.6989795918367347,0.8523809523809524
2456,Indianapolis,Commute Time,tract,4716,Feat-LightGCN,6,1.0,0.5,0.5862068965517241,1.0,0.576530612244898,0.6904761904761905
2457,Indianapolis,Commute Time,tract,4716,Feat-LightGCN,7,1.0,0.5714285714285714,0.7586206896551724,1.0,0.6479591836734694,0.6857142857142858
2458,Indianapolis,Commute Time,tract,4716,Feat-LightGCN,8,1.0,0.7857142857142857,0.7241379310344828,1.0,0.8520408163265305,0.7047619047619048
2459,Indianapolis,Commute Time,tract,4716,Feat-LightGCN,9,1.0,0.5357142857142857,0.4482758620689655,1.0,0.6683673469387756,0.5714285714285714
2460,Indianapolis,Commute Time,tract,4716,Feat\&PC-LightGCN,0,1.0,0.5714285714285714,0.5862068965517241,1.0,0.6811224489795918,0.6904761904761905
2461,Indianapolis,Commute Time,tract,4716,Feat\&PC-LightGCN,1,1.0,0.7142857142857143,0.6551724137931034,1.0,0.7908163265306123,0.7047619047619047
2462,Indianapolis,Commute Time,tract,4716,Feat\&PC-LightGCN,2,1.0,0.5714285714285714,0.6551724137931034,1.0,0.6734693877551021,0.8
2463,Indianapolis,Commute Time,tract,4716,Feat\&PC-LightGCN,3,1.0,0.7857142857142857,0.6551724137931034,1.0,0.8724489795918366,0.6952380952380952
2464,Indianapolis,Commute Time,tract,4716,Feat\&PC-LightGCN,4,1.0,0.7142857142857143,0.6206896551724138,1.0,0.8316326530612245,0.5761904761904763
2465,Indianapolis,Commute Time,tract,4716,Feat\&PC-LightGCN,5,1.0,0.6428571428571429,0.6896551724137931,1.0,0.7142857142857143,0.7428571428571429
2466,Indianapolis,Commute Time,tract,4716,Feat\&PC-LightGCN,6,1.0,0.4642857142857143,0.6896551724137931,1.0,0.5025510204081634,0.7166666666666667
2467,Indianapolis,Commute Time,tract,4716,Feat\&PC-LightGCN,7,1.0,0.5714285714285714,0.5862068965517241,1.0,0.6658163265306123,0.5547619047619048
2468,Indianapolis,Commute Time,tract,4716,Feat\&PC-LightGCN,8,1.0,0.6785714285714286,0.6551724137931034,1.0,0.7959183673469389,0.7095238095238096
2469,Indianapolis,Commute Time,tract,4716,Feat\&PC-LightGCN,9,1.0,0.4642857142857143,0.6896551724137931,1.0,0.538265306122449,0.6904761904761905
2470,Indianapolis,Commute Time,tract,4716,NoPreTrain,0,1.0,0.5,0.5172413793103449,1.0,0.6581632653061225,0.5761904761904761
2471,Indianapolis,Commute Time,tract,4716,NoPreTrain,1,0.9642857142857143,0.75,0.7241379310344828,0.9965986394557824,0.7908163265306123,0.7761904761904762
2472,Indianapolis,Commute Time,tract,4716,NoPreTrain,2,1.0,0.5714285714285714,0.6206896551724138,1.0,0.653061224489796,0.6428571428571428
2473,Indianapolis,Commute Time,tract,4716,NoPreTrain,3,0.9761904761904762,0.75,0.6206896551724138,0.9988662131519274,0.7551020408163265,0.5857142857142856
2474,Indianapolis,Commute Time,tract,4716,NoPreTrain,4,1.0,0.5357142857142857,0.5172413793103449,1.0,0.5204081632653061,0.49047619047619045
2475,Indianapolis,Commute Time,tract,4716,NoPreTrain,5,0.9880952380952381,0.5357142857142857,0.8275862068965517,0.9982993197278912,0.6173469387755102,0.8619047619047618
2476,Indianapolis,Commute Time,tract,4716,NoPreTrain,6,1.0,0.5357142857142857,0.5517241379310345,1.0,0.5612244897959183,0.5761904761904763
2477,Indianapolis,Commute Time,tract,4716,NoPreTrain,7,1.0,0.6071428571428571,0.6206896551724138,1.0,0.6377551020408163,0.6095238095238096
2478,Indianapolis,Commute Time,tract,4716,NoPreTrain,8,0.9761904761904762,0.6071428571428571,0.6206896551724138,0.9982993197278911,0.7704081632653061,0.719047619047619
2479,Indianapolis,Commute Time,tract,4716,NoPreTrain,9,1.0,0.5714285714285714,0.4482758620689655,1.0,0.5867346938775511,0.5047619047619047
2480,Indianapolis,Median Age,tract,6800,Emb,0,1.0,0.717391304347826,0.7021276595744681,1.0,0.7032136105860113,0.8079710144927537
2481,Indianapolis,Median Age,tract,6800,Emb,1,1.0,0.6304347826086957,0.5531914893617021,1.0,0.6427221172022685,0.588768115942029
2482,Indianapolis,Median Age,tract,6800,Emb,2,1.0,0.5434782608695652,0.6170212765957447,1.0,0.6219281663516069,0.6648550724637681
2483,Indianapolis,Median Age,tract,6800,Emb,3,1.0,0.6086956521739131,0.6595744680851063,1.0,0.6805293005671077,0.7101449275362319
2484,Indianapolis,Median Age,tract,6800,Emb,4,1.0,0.6086956521739131,0.5531914893617021,1.0,0.5992438563327032,0.5507246376811594
2485,Indianapolis,Median Age,tract,6800,Emb,5,1.0,0.8695652173913043,0.574468085106383,1.0,0.8790170132325141,0.5452898550724637
2486,Indianapolis,Median Age,tract,6800,Emb,6,1.0,0.5869565217391305,0.6170212765957447,1.0,0.6559546313799622,0.6829710144927537
2487,Indianapolis,Median Age,tract,6800,Emb,7,1.0,0.6739130434782609,0.6595744680851063,1.0,0.7448015122873345,0.7282608695652174
2488,Indianapolis,Median Age,tract,6800,Emb,8,1.0,0.6086956521739131,0.6808510638297872,1.0,0.6767485822306237,0.7717391304347825
2489,Indianapolis,Median Age,tract,6800,Emb,9,1.0,0.6304347826086957,0.7446808510638298,1.0,0.6389413988657845,0.7445652173913043
2490,Indianapolis,Median Age,tract,6800,RGNN,0,0.8405797101449275,0.6739130434782609,0.5957446808510638,0.9453781512605042,0.6559546313799622,0.6594202898550725
2491,Indianapolis,Median Age,tract,6800,RGNN,1,0.8913043478260869,0.6086956521739131,0.5106382978723404,0.959873949579832,0.6597353497164461,0.5634057971014493
2492,Indianapolis,Median Age,tract,6800,RGNN,2,0.8695652173913043,0.6304347826086957,0.6808510638297872,0.9466386554621848,0.6975425330812854,0.7409420289855072
2493,Indianapolis,Median Age,tract,6800,RGNN,3,0.855072463768116,0.5652173913043478,0.723404255319149,0.9411764705882353,0.6332703213610585,0.7083333333333334
2494,Indianapolis,Median Age,tract,6800,RGNN,4,0.8695652173913043,0.5,0.5319148936170213,0.9455882352941177,0.4782608695652174,0.6467391304347826
2495,Indianapolis,Median Age,tract,6800,RGNN,5,0.8768115942028986,0.6304347826086957,0.5319148936170213,0.9254201680672269,0.6843100189035917,0.5344202898550725
2496,Indianapolis,Median Age,tract,6800,RGNN,6,0.927536231884058,0.5869565217391305,0.6382978723404256,0.9886554621848739,0.661625708884688,0.6539855072463768
2497,Indianapolis,Median Age,tract,6800,RGNN,7,0.7536231884057971,0.6739130434782609,0.6808510638297872,0.8701680672268908,0.6805293005671077,0.713768115942029
2498,Indianapolis,Median Age,tract,6800,RGNN,8,0.8695652173913043,0.5869565217391305,0.6382978723404256,0.9689075630252101,0.6446124763705103,0.6068840579710144
2499,Indianapolis,Median Age,tract,6800,RGNN,9,0.782608695652174,0.6086956521739131,0.6170212765957447,0.8798319327731093,0.6275992438563327,0.6884057971014492
2500,Indianapolis,Median Age,tract,6800,Feat-RGNN,0,0.7971014492753623,0.5869565217391305,0.574468085106383,0.8838235294117648,0.6257088846880907,0.6793478260869565
2501,Indianapolis,Median Age,tract,6800,Feat-RGNN,1,0.8478260869565217,0.6739130434782609,0.5957446808510638,0.9403361344537815,0.6937618147448015,0.6195652173913043
2502,Indianapolis,Median Age,tract,6800,Feat-RGNN,2,0.8913043478260869,0.5652173913043478,0.7021276595744681,0.9781512605042016,0.5406427221172023,0.7445652173913043
2503,Indianapolis,Median Age,tract,6800,Feat-RGNN,3,0.9057971014492754,0.5869565217391305,0.5319148936170213,0.9750000000000001,0.6597353497164462,0.6068840579710145
2504,Indianapolis,Median Age,tract,6800,Feat-RGNN,4,0.7681159420289855,0.5869565217391305,0.5957446808510638,0.8439075630252101,0.5784499054820416,0.6086956521739131
2505,Indianapolis,Median Age,tract,6800,Feat-RGNN,5,0.9057971014492754,0.5869565217391305,0.5319148936170213,0.9596638655462185,0.6086956521739131,0.5235507246376812
2506,Indianapolis,Median Age,tract,6800,Feat-RGNN,6,0.8768115942028986,0.7391304347826086,0.5957446808510638,0.9468487394957984,0.7164461247637051,0.6539855072463768
2507,Indianapolis,Median Age,tract,6800,Feat-RGNN,7,0.8478260869565217,0.6304347826086957,0.723404255319149,0.944327731092437,0.7032136105860114,0.6956521739130435
2508,Indianapolis,Median Age,tract,6800,Feat-RGNN,8,0.8840579710144928,0.6521739130434783,0.6808510638297872,0.9581932773109244,0.6597353497164461,0.7228260869565217
2509,Indianapolis,Median Age,tract,6800,Feat-RGNN,9,0.8405797101449275,0.5434782608695652,0.6808510638297872,0.8651260504201681,0.555765595463138,0.6920289855072463
2510,Indianapolis,Median Age,tract,6800,Feat\&PC-RGNN,0,0.8623188405797102,0.6304347826086957,0.6808510638297872,0.9088235294117647,0.6389413988657845,0.7771739130434783
2511,Indianapolis,Median Age,tract,6800,Feat\&PC-RGNN,1,0.855072463768116,0.6521739130434783,0.6595744680851063,0.9292016806722689,0.6805293005671077,0.6177536231884058
2512,Indianapolis,Median Age,tract,6800,Feat\&PC-RGNN,2,0.9202898550724637,0.5652173913043478,0.6382978723404256,0.9588235294117647,0.6143667296786389,0.7355072463768116
2513,Indianapolis,Median Age,tract,6800,Feat\&PC-RGNN,3,0.855072463768116,0.5,0.5957446808510638,0.9407563025210085,0.5860113421550095,0.7210144927536233
2514,Indianapolis,Median Age,tract,6800,Feat\&PC-RGNN,4,0.8478260869565217,0.6956521739130435,0.6170212765957447,0.9247899159663866,0.6937618147448015,0.6394927536231884
2515,Indianapolis,Median Age,tract,6800,Feat\&PC-RGNN,5,0.8333333333333334,0.6304347826086957,0.6170212765957447,0.9630252100840336,0.7372400756143667,0.6956521739130435
2516,Indianapolis,Median Age,tract,6800,Feat\&PC-RGNN,6,0.8768115942028986,0.6521739130434783,0.5957446808510638,0.9716386554621849,0.7221172022684309,0.6304347826086957
2517,Indianapolis,Median Age,tract,6800,Feat\&PC-RGNN,7,0.8405797101449275,0.6304347826086957,0.6808510638297872,0.9216386554621849,0.66351606805293,0.730072463768116
2518,Indianapolis,Median Age,tract,6800,Feat\&PC-RGNN,8,0.8695652173913043,0.5869565217391305,0.574468085106383,0.926890756302521,0.6956521739130436,0.7119565217391305
2519,Indianapolis,Median Age,tract,6800,Feat\&PC-RGNN,9,0.8188405797101449,0.6739130434782609,0.5531914893617021,0.9042016806722689,0.6843100189035917,0.6503623188405796
2520,Indianapolis,Median Age,tract,6800,LightGCN,0,0.8985507246376812,0.717391304347826,0.6808510638297872,0.9907563025210084,0.8109640831758034,0.7753623188405797
2521,Indianapolis,Median Age,tract,6800,LightGCN,1,0.9420289855072463,0.6304347826086957,0.574468085106383,0.9909663865546219,0.66351606805293,0.6431159420289855
2522,Indianapolis,Median Age,tract,6800,LightGCN,2,0.927536231884058,0.6304347826086957,0.7446808510638298,0.9834033613445379,0.7051039697542534,0.7880434782608695
2523,Indianapolis,Median Age,tract,6800,LightGCN,3,0.9855072463768116,0.6304347826086957,0.6595744680851063,0.998109243697479,0.6805293005671077,0.6739130434782609
2524,Indianapolis,Median Age,tract,6800,LightGCN,4,0.9347826086956522,0.6521739130434783,0.7021276595744681,0.9806722689075631,0.6389413988657846,0.697463768115942
2525,Indianapolis,Median Age,tract,6800,LightGCN,5,0.9057971014492754,0.7391304347826086,0.5957446808510638,0.9752100840336135,0.7523629489603024,0.5126811594202898
2526,Indianapolis,Median Age,tract,6800,LightGCN,6,0.9420289855072463,0.6521739130434783,0.6595744680851063,0.9901260504201681,0.7693761814744802,0.7065217391304348
2527,Indianapolis,Median Age,tract,6800,LightGCN,7,0.9782608695652174,0.6739130434782609,0.7021276595744681,0.9972689075630252,0.7221172022684309,0.7807971014492753
2528,Indianapolis,Median Age,tract,6800,LightGCN,8,0.9637681159420289,0.5652173913043478,0.6808510638297872,0.9972689075630252,0.6559546313799621,0.8115942028985508
2529,Indianapolis,Median Age,tract,6800,LightGCN,9,0.855072463768116,0.6304347826086957,0.7446808510638298,0.9554621848739496,0.6994328922495273,0.7300724637681159
2530,Indianapolis,Median Age,tract,6800,Feat-LightGCN,0,1.0,0.6956521739130435,0.6382978723404256,1.0,0.7240075614366729,0.7608695652173914
2531,Indianapolis,Median Age,tract,6800,Feat-LightGCN,1,1.0,0.5869565217391305,0.6170212765957447,1.0,0.6843100189035918,0.6503623188405797
2532,Indianapolis,Median Age,tract,6800,Feat-LightGCN,2,1.0,0.6521739130434783,0.6382978723404256,1.0,0.7296786389413988,0.7545289855072463
2533,Indianapolis,Median Age,tract,6800,Feat-LightGCN,3,1.0,0.6521739130434783,0.6382978723404256,1.0,0.6710775047258979,0.7264492753623188
2534,Indianapolis,Median Age,tract,6800,Feat-LightGCN,4,1.0,0.6086956521739131,0.5531914893617021,1.0,0.6748582230623819,0.6775362318840579
2535,Indianapolis,Median Age,tract,6800,Feat-LightGCN,5,1.0,0.6956521739130435,0.6170212765957447,1.0,0.7145557655954631,0.5942028985507246
2536,Indianapolis,Median Age,tract,6800,Feat-LightGCN,6,1.0,0.7391304347826086,0.6382978723404256,1.0,0.7334593572778828,0.6684782608695652
2537,Indianapolis,Median Age,tract,6800,Feat-LightGCN,7,1.0,0.7391304347826086,0.723404255319149,1.0,0.7258979206049149,0.8007246376811594
2538,Indianapolis,Median Age,tract,6800,Feat-LightGCN,8,1.0,0.6739130434782609,0.6170212765957447,1.0,0.6880907372400756,0.7753623188405797
2539,Indianapolis,Median Age,tract,6800,Feat-LightGCN,9,1.0,0.6521739130434783,0.7446808510638298,1.0,0.7296786389413988,0.8115942028985507
2540,Indianapolis,Median Age,tract,6800,Feat\&PC-LightGCN,0,1.0,0.5869565217391305,0.6170212765957447,1.0,0.6465028355387522,0.707427536231884
2541,Indianapolis,Median Age,tract,6800,Feat\&PC-LightGCN,1,1.0,0.6521739130434783,0.5957446808510638,1.0,0.7060491493383743,0.6521739130434783
2542,Indianapolis,Median Age,tract,6800,Feat\&PC-LightGCN,2,0.9710144927536232,0.5869565217391305,0.6382978723404256,1.0,0.6786389413988658,0.6358695652173912
2543,Indianapolis,Median Age,tract,6800,Feat\&PC-LightGCN,3,1.0,0.5434782608695652,0.6170212765957447,1.0,0.6238185255198487,0.681159420289855
2544,Indianapolis,Median Age,tract,6800,Feat\&PC-LightGCN,4,1.0,0.6086956521739131,0.723404255319149,1.0,0.6068052930056711,0.7753623188405796
2545,Indianapolis,Median Age,tract,6800,Feat\&PC-LightGCN,5,1.0,0.6739130434782609,0.5106382978723404,1.0,0.7353497164461248,0.5217391304347826
2546,Indianapolis,Median Age,tract,6800,Feat\&PC-LightGCN,6,1.0,0.6521739130434783,0.6808510638297872,1.0,0.7079395085066162,0.7608695652173914
2547,Indianapolis,Median Age,tract,6800,Feat\&PC-LightGCN,7,1.0,0.6304347826086957,0.723404255319149,1.0,0.6616257088846881,0.759963768115942
2548,Indianapolis,Median Age,tract,6800,Feat\&PC-LightGCN,8,1.0,0.6521739130434783,0.6595744680851063,1.0,0.7504725897920604,0.7518115942028986
2549,Indianapolis,Median Age,tract,6800,Feat\&PC-LightGCN,9,1.0,0.6739130434782609,0.723404255319149,1.0,0.7088846880907372,0.7409420289855073
2550,Indianapolis,Median Age,tract,6800,NoPreTrain,0,1.0,0.5217391304347826,0.5957446808510638,1.0,0.550094517958412,0.6648550724637681
2551,Indianapolis,Median Age,tract,6800,NoPreTrain,1,0.9927536231884058,0.6304347826086957,0.5957446808510638,1.0,0.6465028355387524,0.6865942028985507
2552,Indianapolis,Median Age,tract,6800,NoPreTrain,2,1.0,0.6304347826086957,0.6170212765957447,1.0,0.7391304347826088,0.6920289855072463
2553,Indianapolis,Median Age,tract,6800,NoPreTrain,3,1.0,0.5434782608695652,0.5106382978723404,1.0,0.555765595463138,0.5416666666666666
2554,Indianapolis,Median Age,tract,6800,NoPreTrain,4,1.0,0.6086956521739131,0.40425531914893614,1.0,0.725897920604915,0.5090579710144928
2555,Indianapolis,Median Age,tract,6800,NoPreTrain,5,1.0,0.6086956521739131,0.44680851063829785,1.0,0.7013232514177694,0.47101449275362317
2556,Indianapolis,Median Age,tract,6800,NoPreTrain,6,1.0,0.5652173913043478,0.574468085106383,1.0,0.6143667296786389,0.6141304347826086
2557,Indianapolis,Median Age,tract,6800,NoPreTrain,7,1.0,0.5434782608695652,0.6808510638297872,1.0,0.6465028355387523,0.7807971014492754
2558,Indianapolis,Median Age,tract,6800,NoPreTrain,8,0.9927536231884058,0.6739130434782609,0.5531914893617021,1.0,0.6918714555765595,0.5887681159420289
2559,Indianapolis,Median Age,tract,6800,NoPreTrain,9,1.0,0.5652173913043478,0.6595744680851063,1.0,0.6427221172022685,0.6956521739130435
2560,Nashville,Median Income,tract,7663,Emb,0,1.0,0.6363636363636364,0.7045454545454546,1.0,0.7541322314049587,0.7128099173553719
2561,Nashville,Median Income,tract,7663,Emb,1,1.0,0.6590909090909091,0.6590909090909091,1.0,0.6797520661157025,0.7231404958677686
2562,Nashville,Median Income,tract,7663,Emb,2,1.0,0.6136363636363636,0.6590909090909091,1.0,0.6652892561983471,0.7210743801652892
2563,Nashville,Median Income,tract,7663,Emb,3,1.0,0.7272727272727273,0.75,1.0,0.793388429752066,0.7871900826446281
2564,Nashville,Median Income,tract,7663,Emb,4,1.0,0.7045454545454546,0.6590909090909091,1.0,0.8037190082644629,0.737603305785124
2565,Nashville,Median Income,tract,7663,Emb,5,1.0,0.75,0.5681818181818182,1.0,0.830578512396694,0.6012396694214877
2566,Nashville,Median Income,tract,7663,Emb,6,1.0,0.6590909090909091,0.7954545454545454,1.0,0.7190082644628099,0.8037190082644627
2567,Nashville,Median Income,tract,7663,Emb,7,1.0,0.6363636363636364,0.7272727272727273,1.0,0.6652892561983471,0.7665289256198347
2568,Nashville,Median Income,tract,7663,Emb,8,1.0,0.6818181818181818,0.6363636363636364,1.0,0.6983471074380165,0.6735537190082644
2569,Nashville,Median Income,tract,7663,Emb,9,1.0,0.7045454545454546,0.6363636363636364,1.0,0.6900826446280993,0.7231404958677686
2570,Nashville,Median Income,tract,7663,RGNN,0,0.9609375,0.6363636363636364,0.7045454545454546,0.988037109375,0.7727272727272727,0.7520661157024793
2571,Nashville,Median Income,tract,7663,RGNN,1,0.875,0.6136363636363636,0.6363636363636364,0.90966796875,0.7066115702479339,0.7004132231404958
2572,Nashville,Median Income,tract,7663,RGNN,2,0.9296875,0.6818181818181818,0.7045454545454546,0.971923828125,0.731404958677686,0.7231404958677686
2573,Nashville,Median Income,tract,7663,RGNN,3,0.8984375,0.75,0.8181818181818182,0.96875,0.8016528925619835,0.8574380165289255
2574,Nashville,Median Income,tract,7663,RGNN,4,0.9375,0.8181818181818182,0.7272727272727273,0.982177734375,0.871900826446281,0.8842975206611571
2575,Nashville,Median Income,tract,7663,RGNN,5,0.9375,0.6818181818181818,0.6136363636363636,0.970703125,0.8202479338842975,0.6570247933884297
2576,Nashville,Median Income,tract,7663,RGNN,6,0.859375,0.7272727272727273,0.7045454545454546,0.93359375,0.7438016528925621,0.7479338842975207
2577,Nashville,Median Income,tract,7663,RGNN,7,0.9140625,0.6590909090909091,0.6363636363636364,0.984375,0.7148760330578512,0.7789256198347108
2578,Nashville,Median Income,tract,7663,RGNN,8,0.8515625,0.7272727272727273,0.6363636363636364,0.906982421875,0.8367768595041323,0.6921487603305785
2579,Nashville,Median Income,tract,7663,RGNN,9,0.953125,0.75,0.6136363636363636,0.98046875,0.7995867768595041,0.731404958677686
2580,Nashville,Median Income,tract,7663,Feat-RGNN,0,0.9296875,0.7045454545454546,0.6818181818181818,0.96142578125,0.7789256198347108,0.7231404958677685
2581,Nashville,Median Income,tract,7663,Feat-RGNN,1,0.7890625,0.6818181818181818,0.7272727272727273,0.908447265625,0.7376033057851239,0.7148760330578512
2582,Nashville,Median Income,tract,7663,Feat-RGNN,2,0.8515625,0.6590909090909091,0.6590909090909091,0.94970703125,0.7086776859504132,0.731404958677686
2583,Nashville,Median Income,tract,7663,Feat-RGNN,3,0.90625,0.7954545454545454,0.7954545454545454,0.950439453125,0.8037190082644629,0.7830578512396695
2584,Nashville,Median Income,tract,7663,Feat-RGNN,4,0.8828125,0.7954545454545454,0.7727272727272727,0.923095703125,0.7933884297520661,0.8078512396694215
2585,Nashville,Median Income,tract,7663,Feat-RGNN,5,0.90625,0.6818181818181818,0.75,0.969482421875,0.7706611570247933,0.8264462809917356
2586,Nashville,Median Income,tract,7663,Feat-RGNN,6,0.859375,0.7272727272727273,0.6363636363636364,0.88916015625,0.75,0.7086776859504132
2587,Nashville,Median Income,tract,7663,Feat-RGNN,7,0.8828125,0.6590909090909091,0.6818181818181818,0.964111328125,0.7293388429752066,0.725206611570248
2588,Nashville,Median Income,tract,7663,Feat-RGNN,8,0.859375,0.6590909090909091,0.5909090909090909,0.942138671875,0.7603305785123967,0.7128099173553719
2589,Nashville,Median Income,tract,7663,Feat-RGNN,9,0.8984375,0.6363636363636364,0.6590909090909091,0.9501953125,0.7665289256198348,0.7396694214876034
2590,Nashville,Median Income,tract,7663,Feat\&PC-RGNN,0,0.9453125,0.7727272727272727,0.6818181818181818,0.984375,0.8326446280991735,0.7417355371900827
2591,Nashville,Median Income,tract,7663,Feat\&PC-RGNN,1,0.859375,0.6590909090909091,0.7045454545454546,0.923583984375,0.6735537190082646,0.6942148760330579
2592,Nashville,Median Income,tract,7663,Feat\&PC-RGNN,2,0.953125,0.7272727272727273,0.6590909090909091,0.979736328125,0.7210743801652894,0.7128099173553719
2593,Nashville,Median Income,tract,7663,Feat\&PC-RGNN,3,0.9375,0.7272727272727273,0.7272727272727273,0.97265625,0.8140495867768596,0.7975206611570248
2594,Nashville,Median Income,tract,7663,Feat\&PC-RGNN,4,0.9453125,0.8181818181818182,0.7727272727272727,0.9775390625,0.8388429752066117,0.8078512396694215
2595,Nashville,Median Income,tract,7663,Feat\&PC-RGNN,5,0.9140625,0.7954545454545454,0.7045454545454546,0.98828125,0.8243801652892563,0.7665289256198348
2596,Nashville,Median Income,tract,7663,Feat\&PC-RGNN,6,0.8828125,0.6363636363636364,0.6818181818181818,0.929443359375,0.7438016528925621,0.7417355371900827
2597,Nashville,Median Income,tract,7663,Feat\&PC-RGNN,7,0.9375,0.75,0.7045454545454546,0.975830078125,0.7706611570247933,0.7789256198347108
2598,Nashville,Median Income,tract,7663,Feat\&PC-RGNN,8,0.8359375,0.6363636363636364,0.6818181818181818,0.922119140625,0.7665289256198347,0.7913223140495868
2599,Nashville,Median Income,tract,7663,Feat\&PC-RGNN,9,0.8984375,0.7045454545454546,0.6818181818181818,0.961181640625,0.8181818181818182,0.737603305785124
2600,Nashville,Median Income,tract,7663,LightGCN,0,0.9765625,0.8181818181818182,0.6818181818181818,0.998779296875,0.8471074380165289,0.7479338842975207
2601,Nashville,Median Income,tract,7663,LightGCN,1,0.984375,0.6818181818181818,0.7272727272727273,0.999267578125,0.734504132231405,0.7066115702479339
2602,Nashville,Median Income,tract,7663,LightGCN,2,0.96875,0.7727272727272727,0.7272727272727273,0.995849609375,0.7995867768595041,0.8243801652892563
2603,Nashville,Median Income,tract,7663,LightGCN,3,0.953125,0.7727272727272727,0.75,0.9951171875,0.8491735537190082,0.8326446280991735
2604,Nashville,Median Income,tract,7663,LightGCN,4,0.9140625,0.7272727272727273,0.75,0.96826171875,0.7975206611570248,0.8533057851239669
2605,Nashville,Median Income,tract,7663,LightGCN,5,0.9921875,0.7727272727272727,0.75,0.99951171875,0.865702479338843,0.7933884297520661
2606,Nashville,Median Income,tract,7663,LightGCN,6,0.953125,0.7045454545454546,0.7727272727272727,0.9921875,0.75,0.8471074380165289
2607,Nashville,Median Income,tract,7663,LightGCN,7,0.9453125,0.6590909090909091,0.8181818181818182,0.988525390625,0.7851239669421487,0.8553719008264462
2608,Nashville,Median Income,tract,7663,LightGCN,8,0.9453125,0.6590909090909091,0.6818181818181818,0.993408203125,0.7706611570247934,0.753099173553719
2609,Nashville,Median Income,tract,7663,LightGCN,9,0.984375,0.7954545454545454,0.75,0.999267578125,0.8698347107438016,0.8057851239669421
2610,Nashville,Median Income,tract,7663,Feat-LightGCN,0,1.0,0.7954545454545454,0.6818181818181818,1.0,0.8409090909090909,0.7954545454545454
2611,Nashville,Median Income,tract,7663,Feat-LightGCN,1,1.0,0.6590909090909091,0.6590909090909091,1.0,0.7252066115702479,0.7644628099173554
2612,Nashville,Median Income,tract,7663,Feat-LightGCN,2,1.0,0.7272727272727273,0.75,1.0,0.75,0.8491735537190083
2613,Nashville,Median Income,tract,7663,Feat-LightGCN,3,1.0,0.75,0.7954545454545454,1.0,0.8398760330578512,0.8409090909090908
2614,Nashville,Median Income,tract,7663,Feat-LightGCN,4,1.0,0.7954545454545454,0.8181818181818182,1.0,0.8367768595041323,0.8429752066115702
2615,Nashville,Median Income,tract,7663,Feat-LightGCN,5,1.0,0.7954545454545454,0.7272727272727273,1.0,0.8450413223140495,0.7913223140495868
2616,Nashville,Median Income,tract,7663,Feat-LightGCN,6,1.0,0.7045454545454546,0.7045454545454546,1.0,0.8016528925619834,0.7582644628099173
2617,Nashville,Median Income,tract,7663,Feat-LightGCN,7,1.0,0.7272727272727273,0.7045454545454546,1.0,0.7293388429752066,0.8305785123966942
2618,Nashville,Median Income,tract,7663,Feat-LightGCN,8,1.0,0.6818181818181818,0.7272727272727273,1.0,0.7541322314049587,0.7706611570247934
2619,Nashville,Median Income,tract,7663,Feat-LightGCN,9,1.0,0.7272727272727273,0.6818181818181818,1.0,0.8161157024793387,0.7520661157024794
2620,Nashville,Median Income,tract,7663,Feat\&PC-LightGCN,0,1.0,0.8181818181818182,0.7272727272727273,1.0,0.859504132231405,0.7355371900826446
2621,Nashville,Median Income,tract,7663,Feat\&PC-LightGCN,1,1.0,0.6818181818181818,0.7272727272727273,1.0,0.7603305785123968,0.7954545454545454
2622,Nashville,Median Income,tract,7663,Feat\&PC-LightGCN,2,1.0,0.7272727272727273,0.75,1.0,0.7303719008264463,0.8326446280991735
2623,Nashville,Median Income,tract,7663,Feat\&PC-LightGCN,3,1.0,0.75,0.8181818181818182,1.0,0.8119834710743802,0.8853305785123967
2624,Nashville,Median Income,tract,7663,Feat\&PC-LightGCN,4,1.0,0.8181818181818182,0.75,1.0,0.8822314049586777,0.8450413223140495
2625,Nashville,Median Income,tract,7663,Feat\&PC-LightGCN,5,0.9921875,0.75,0.7045454545454546,0.999755859375,0.8419421487603306,0.8429752066115702
2626,Nashville,Median Income,tract,7663,Feat\&PC-LightGCN,6,1.0,0.7045454545454546,0.75,1.0,0.7768595041322315,0.7995867768595041
2627,Nashville,Median Income,tract,7663,Feat\&PC-LightGCN,7,1.0,0.7045454545454546,0.7272727272727273,1.0,0.740702479338843,0.8161157024793388
2628,Nashville,Median Income,tract,7663,Feat\&PC-LightGCN,8,1.0,0.6818181818181818,0.75,1.0,0.7871900826446282,0.762396694214876
2629,Nashville,Median Income,tract,7663,Feat\&PC-LightGCN,9,0.9921875,0.7272727272727273,0.6363636363636364,1.0,0.8367768595041322,0.7665289256198348
2630,Nashville,Median Income,tract,7663,NoPreTrain,0,1.0,0.5909090909090909,0.6590909090909091,1.0,0.5929752066115702,0.7396694214876034
2631,Nashville,Median Income,tract,7663,NoPreTrain,1,1.0,0.6136363636363636,0.7272727272727273,1.0,0.6053719008264463,0.762396694214876
2632,Nashville,Median Income,tract,7663,NoPreTrain,2,1.0,0.6818181818181818,0.6818181818181818,1.0,0.7128099173553719,0.8119834710743801
2633,Nashville,Median Income,tract,7663,NoPreTrain,3,0.9921875,0.5,0.6590909090909091,1.0,0.6446280991735537,0.7830578512396693
2634,Nashville,Median Income,tract,7663,NoPreTrain,4,0.9921875,0.7727272727272727,0.6590909090909091,0.9990234375,0.8181818181818182,0.7128099173553719
2635,Nashville,Median Income,tract,7663,NoPreTrain,5,0.9921875,0.7727272727272727,0.6818181818181818,1.0,0.8099173553719008,0.6983471074380166
2636,Nashville,Median Income,tract,7663,NoPreTrain,6,0.9921875,0.5909090909090909,0.6136363636363636,1.0,0.634297520661157,0.737603305785124
2637,Nashville,Median Income,tract,7663,NoPreTrain,7,0.984375,0.6363636363636364,0.6136363636363636,0.99951171875,0.6818181818181818,0.737603305785124
2638,Nashville,Median Income,tract,7663,NoPreTrain,8,1.0,0.5681818181818182,0.5,1.0,0.6549586776859504,0.6466942148760331
2639,Nashville,Median Income,tract,7663,NoPreTrain,9,1.0,0.6136363636363636,0.6818181818181818,1.0,0.6301652892561984,0.7458677685950414
2640,Nashville,Median Home Value,tract,7508,Emb,0,1.0,0.8604651162790697,0.8181818181818182,1.0,0.8852813852813853,0.8801652892561984
2641,Nashville,Median Home Value,tract,7508,Emb,1,1.0,0.7906976744186046,0.75,1.0,0.9155844155844155,0.7623966942148761
2642,Nashville,Median Home Value,tract,7508,Emb,2,1.0,0.8604651162790697,0.7727272727272727,1.0,0.8744588744588744,0.8181818181818181
2643,Nashville,Median Home Value,tract,7508,Emb,3,0.5078125,0.4883720930232558,0.5,0.97314453125,0.7727272727272727,0.7293388429752066
2644,Nashville,Median Home Value,tract,7508,Emb,4,1.0,0.6744186046511628,0.8863636363636364,1.0,0.7554112554112554,0.9235537190082644
2645,Nashville,Median Home Value,tract,7508,Emb,5,1.0,0.8604651162790697,0.6818181818181818,1.0,0.8961038961038961,0.7913223140495868
2646,Nashville,Median Home Value,tract,7508,Emb,6,1.0,0.7906976744186046,0.7727272727272727,1.0,0.8354978354978355,0.8161157024793388
2647,Nashville,Median Home Value,tract,7508,Emb,7,1.0,0.813953488372093,0.75,1.0,0.8008658008658007,0.8553719008264463
2648,Nashville,Median Home Value,tract,7508,Emb,8,1.0,0.8604651162790697,0.7272727272727273,1.0,0.9004329004329004,0.8884297520661156
2649,Nashville,Median Home Value,tract,7508,Emb,9,1.0,0.627906976744186,0.7727272727272727,1.0,0.7186147186147186,0.8140495867768595
2650,Nashville,Median Home Value,tract,7508,RGNN,0,0.9296875,0.8837209302325582,0.8181818181818182,0.95556640625,0.8636363636363636,0.8760330578512396
2651,Nashville,Median Home Value,tract,7508,RGNN,1,0.9140625,0.813953488372093,0.75,0.976318359375,0.8030303030303031,0.7995867768595041
2652,Nashville,Median Home Value,tract,7508,RGNN,2,0.890625,0.813953488372093,0.6818181818181818,0.95703125,0.8614718614718615,0.7871900826446281
2653,Nashville,Median Home Value,tract,7508,RGNN,3,0.9453125,0.813953488372093,0.7727272727272727,0.974365234375,0.8636363636363636,0.8615702479338843
2654,Nashville,Median Home Value,tract,7508,RGNN,4,0.9609375,0.627906976744186,0.8409090909090909,0.97265625,0.7359307359307359,0.8677685950413223
2655,Nashville,Median Home Value,tract,7508,RGNN,5,0.921875,0.813953488372093,0.7727272727272727,0.974365234375,0.9307359307359307,0.828512396694215
2656,Nashville,Median Home Value,tract,7508,RGNN,6,0.890625,0.7906976744186046,0.7045454545454546,0.932373046875,0.8246753246753247,0.8119834710743801
2657,Nashville,Median Home Value,tract,7508,RGNN,7,0.9765625,0.8372093023255814,0.7954545454545454,0.998291015625,0.8571428571428571,0.8615702479338843
2658,Nashville,Median Home Value,tract,7508,RGNN,8,0.8984375,0.7674418604651163,0.7727272727272727,0.961181640625,0.8809523809523808,0.8450413223140496
2659,Nashville,Median Home Value,tract,7508,RGNN,9,0.953125,0.7209302325581395,0.75,0.98095703125,0.7532467532467533,0.8367768595041323
2660,Nashville,Median Home Value,tract,7508,Feat-RGNN,0,0.953125,0.8372093023255814,0.8636363636363636,0.986572265625,0.8722943722943722,0.8884297520661156
2661,Nashville,Median Home Value,tract,7508,Feat-RGNN,1,0.90625,0.7209302325581395,0.7045454545454546,0.9765625,0.8398268398268398,0.8140495867768596
2662,Nashville,Median Home Value,tract,7508,Feat-RGNN,2,0.9453125,0.7674418604651163,0.7727272727272727,0.98828125,0.8679653679653679,0.7892561983471075
2663,Nashville,Median Home Value,tract,7508,Feat-RGNN,3,0.921875,0.7674418604651163,0.7272727272727273,0.9697265625,0.8506493506493507,0.859504132231405
2664,Nashville,Median Home Value,tract,7508,Feat-RGNN,4,0.96875,0.6976744186046512,0.9090909090909091,0.990234375,0.7683982683982684,0.9483471074380165
2665,Nashville,Median Home Value,tract,7508,Feat-RGNN,5,0.953125,0.9069767441860465,0.7954545454545454,0.98193359375,0.9199134199134198,0.890495867768595
2666,Nashville,Median Home Value,tract,7508,Feat-RGNN,6,0.9453125,0.8604651162790697,0.7954545454545454,0.986328125,0.8658008658008658,0.8822314049586777
2667,Nashville,Median Home Value,tract,7508,Feat-RGNN,7,0.984375,0.8604651162790697,0.7727272727272727,0.99560546875,0.8874458874458875,0.878099173553719
2668,Nashville,Median Home Value,tract,7508,Feat-RGNN,8,0.8828125,0.8372093023255814,0.7727272727272727,0.959228515625,0.9112554112554112,0.8987603305785123
2669,Nashville,Median Home Value,tract,7508,Feat-RGNN,9,0.921875,0.7441860465116279,0.75,0.9765625,0.7792207792207791,0.8326446280991736
2670,Nashville,Median Home Value,tract,7508,Feat\&PC-RGNN,0,0.96875,0.8372093023255814,0.8181818181818182,0.9814453125,0.9285714285714286,0.871900826446281
2671,Nashville,Median Home Value,tract,7508,Feat\&PC-RGNN,1,0.9453125,0.7441860465116279,0.8181818181818182,0.992431640625,0.8311688311688311,0.8181818181818181
2672,Nashville,Median Home Value,tract,7508,Feat\&PC-RGNN,2,1.0,0.7906976744186046,0.7954545454545454,1.0,0.8722943722943722,0.7892561983471075
2673,Nashville,Median Home Value,tract,7508,Feat\&PC-RGNN,3,0.953125,0.8372093023255814,0.7954545454545454,0.98974609375,0.8787878787878788,0.8264462809917354
2674,Nashville,Median Home Value,tract,7508,Feat\&PC-RGNN,4,0.9609375,0.6511627906976745,0.8409090909090909,0.998046875,0.774891774891775,0.8760330578512396
2675,Nashville,Median Home Value,tract,7508,Feat\&PC-RGNN,5,0.984375,0.7674418604651163,0.7727272727272727,0.999267578125,0.8982683982683982,0.8409090909090908
2676,Nashville,Median Home Value,tract,7508,Feat\&PC-RGNN,6,0.9453125,0.8372093023255814,0.7954545454545454,0.991455078125,0.8982683982683982,0.8574380165289256
2677,Nashville,Median Home Value,tract,7508,Feat\&PC-RGNN,7,0.9609375,0.7674418604651163,0.7727272727272727,0.989013671875,0.7943722943722944,0.8429752066115702
2678,Nashville,Median Home Value,tract,7508,Feat\&PC-RGNN,8,0.9765625,0.8604651162790697,0.8181818181818182,0.997802734375,0.8658008658008658,0.8698347107438017
2679,Nashville,Median Home Value,tract,7508,Feat\&PC-RGNN,9,0.9765625,0.7441860465116279,0.7954545454545454,0.999267578125,0.8073593073593073,0.7975206611570248
2680,Nashville,Median Home Value,tract,7508,LightGCN,0,0.9765625,0.8837209302325582,0.8409090909090909,0.999267578125,0.8917748917748917,0.8884297520661157
2681,Nashville,Median Home Value,tract,7508,LightGCN,1,0.84375,0.6511627906976745,0.7272727272727273,0.994873046875,0.8614718614718614,0.8471074380165289
2682,Nashville,Median Home Value,tract,7508,LightGCN,2,0.984375,0.8372093023255814,0.7727272727272727,0.999755859375,0.8896103896103896,0.8037190082644627
2683,Nashville,Median Home Value,tract,7508,LightGCN,3,0.9765625,0.8372093023255814,0.75,0.99609375,0.8787878787878787,0.8822314049586777
2684,Nashville,Median Home Value,tract,7508,LightGCN,4,0.96875,0.6511627906976745,0.8636363636363636,1.0,0.7597402597402597,0.9524793388429752
2685,Nashville,Median Home Value,tract,7508,LightGCN,5,0.9765625,0.813953488372093,0.8181818181818182,0.997314453125,0.9090909090909091,0.8388429752066116
2686,Nashville,Median Home Value,tract,7508,LightGCN,6,0.953125,0.7906976744186046,0.75,0.9970703125,0.8333333333333333,0.8347107438016529
2687,Nashville,Median Home Value,tract,7508,LightGCN,7,0.8515625,0.813953488372093,0.8181818181818182,0.96240234375,0.8398268398268398,0.8615702479338843
2688,Nashville,Median Home Value,tract,7508,LightGCN,8,0.984375,0.7906976744186046,0.7727272727272727,0.999267578125,0.8203463203463202,0.8966942148760331
2689,Nashville,Median Home Value,tract,7508,LightGCN,9,0.953125,0.7209302325581395,0.75,0.988037109375,0.761904761904762,0.8099173553719009
2690,Nashville,Median Home Value,tract,7508,Feat-LightGCN,0,1.0,0.8604651162790697,0.8409090909090909,1.0,0.8961038961038961,0.8842975206611571
2691,Nashville,Median Home Value,tract,7508,Feat-LightGCN,1,1.0,0.8604651162790697,0.7272727272727273,1.0,0.9134199134199135,0.8305785123966942
2692,Nashville,Median Home Value,tract,7508,Feat-LightGCN,2,0.875,0.813953488372093,0.7045454545454546,0.971435546875,0.9134199134199134,0.7644628099173554
2693,Nashville,Median Home Value,tract,7508,Feat-LightGCN,3,0.8671875,0.7906976744186046,0.6590909090909091,0.96728515625,0.8354978354978356,0.7954545454545455
2694,Nashville,Median Home Value,tract,7508,Feat-LightGCN,4,1.0,0.6511627906976745,0.8636363636363636,1.0,0.7294372294372294,0.9524793388429752
2695,Nashville,Median Home Value,tract,7508,Feat-LightGCN,5,0.9921875,0.813953488372093,0.7727272727272727,1.0,0.9155844155844155,0.8760330578512396
2696,Nashville,Median Home Value,tract,7508,Feat-LightGCN,6,1.0,0.7906976744186046,0.7727272727272727,1.0,0.804112554112554,0.8698347107438017
2697,Nashville,Median Home Value,tract,7508,Feat-LightGCN,7,1.0,0.813953488372093,0.7954545454545454,1.0,0.8571428571428571,0.8471074380165289
2698,Nashville,Median Home Value,tract,7508,Feat-LightGCN,8,0.8515625,0.813953488372093,0.7727272727272727,0.96533203125,0.8658008658008658,0.9173553719008265
2699,Nashville,Median Home Value,tract,7508,Feat-LightGCN,9,0.9375,0.7906976744186046,0.75,0.994384765625,0.8225108225108224,0.8099173553719008
2700,Nashville,Median Home Value,tract,7508,Feat\&PC-LightGCN,0,1.0,0.8837209302325582,0.8181818181818182,1.0,0.8874458874458875,0.9049586776859504
2701,Nashville,Median Home Value,tract,7508,Feat\&PC-LightGCN,1,1.0,0.7906976744186046,0.8409090909090909,1.0,0.854978354978355,0.8760330578512397
2702,Nashville,Median Home Value,tract,7508,Feat\&PC-LightGCN,2,1.0,0.8604651162790697,0.7272727272727273,1.0,0.9047619047619048,0.8078512396694215
2703,Nashville,Median Home Value,tract,7508,Feat\&PC-LightGCN,3,1.0,0.8604651162790697,0.7272727272727273,1.0,0.9285714285714285,0.7902892561983471
2704,Nashville,Median Home Value,tract,7508,Feat\&PC-LightGCN,4,1.0,0.7441860465116279,0.8636363636363636,1.0,0.7077922077922078,0.890495867768595
2705,Nashville,Median Home Value,tract,7508,Feat\&PC-LightGCN,5,1.0,0.8604651162790697,0.7727272727272727,1.0,0.9047619047619048,0.7747933884297521
2706,Nashville,Median Home Value,tract,7508,Feat\&PC-LightGCN,6,1.0,0.8372093023255814,0.7727272727272727,1.0,0.8658008658008659,0.890495867768595
2707,Nashville,Median Home Value,tract,7508,Feat\&PC-LightGCN,7,0.8984375,0.7674418604651163,0.7954545454545454,0.9775390625,0.7922077922077921,0.8698347107438016
2708,Nashville,Median Home Value,tract,7508,Feat\&PC-LightGCN,8,1.0,0.8372093023255814,0.8181818181818182,1.0,0.9134199134199135,0.9462809917355373
2709,Nashville,Median Home Value,tract,7508,Feat\&PC-LightGCN,9,1.0,0.7209302325581395,0.7727272727272727,1.0,0.8571428571428571,0.8181818181818181
2710,Nashville,Median Home Value,tract,7508,NoPreTrain,0,0.9921875,0.7441860465116279,0.7954545454545454,1.0,0.7510822510822511,0.8223140495867768
2711,Nashville,Median Home Value,tract,7508,NoPreTrain,1,1.0,0.6976744186046512,0.7727272727272727,1.0,0.751082251082251,0.8161157024793388
2712,Nashville,Median Home Value,tract,7508,NoPreTrain,2,1.0,0.5813953488372093,0.6363636363636364,1.0,0.5714285714285714,0.5867768595041322
2713,Nashville,Median Home Value,tract,7508,NoPreTrain,3,0.9921875,0.7441860465116279,0.7045454545454546,1.0,0.7705627705627704,0.7272727272727273
2714,Nashville,Median Home Value,tract,7508,NoPreTrain,4,0.9921875,0.6511627906976745,0.7954545454545454,1.0,0.6363636363636365,0.8533057851239669
2715,Nashville,Median Home Value,tract,7508,NoPreTrain,5,1.0,0.7209302325581395,0.5681818181818182,1.0,0.7813852813852814,0.6136363636363636
2716,Nashville,Median Home Value,tract,7508,NoPreTrain,6,0.984375,0.6511627906976745,0.7954545454545454,0.998779296875,0.7034632034632035,0.8367768595041322
2717,Nashville,Median Home Value,tract,7508,NoPreTrain,7,0.9921875,0.6046511627906976,0.7045454545454546,1.0,0.6796536796536796,0.8491735537190083
2718,Nashville,Median Home Value,tract,7508,NoPreTrain,8,1.0,0.7674418604651163,0.7272727272727273,1.0,0.7987012987012987,0.7541322314049588
2719,Nashville,Median Home Value,tract,7508,NoPreTrain,9,1.0,0.627906976744186,0.6363636363636364,1.0,0.6753246753246753,0.743801652892562
2720,Nashville,Commute Time,tract,5198,Emb,0,1.0,0.6176470588235294,0.5294117647058824,1.0,0.5847750865051903,0.5813148788927336
2721,Nashville,Commute Time,tract,5198,Emb,1,1.0,0.5588235294117647,0.5882352941176471,1.0,0.57439446366782,0.6089965397923875
2722,Nashville,Commute Time,tract,5198,Emb,2,1.0,0.5294117647058824,0.6470588235294118,1.0,0.5155709342560553,0.7439446366782008
2723,Nashville,Commute Time,tract,5198,Emb,3,1.0,0.5588235294117647,0.5588235294117647,1.0,0.5916955017301038,0.6470588235294117
2724,Nashville,Commute Time,tract,5198,Emb,4,1.0,0.7058823529411765,0.47058823529411764,1.0,0.6332179930795848,0.5155709342560554
2725,Nashville,Commute Time,tract,5198,Emb,5,1.0,0.7058823529411765,0.5882352941176471,1.0,0.7923875432525951,0.5709342560553633
2726,Nashville,Commute Time,tract,5198,Emb,6,1.0,0.6176470588235294,0.5882352941176471,1.0,0.6332179930795848,0.5570934256055362
2727,Nashville,Commute Time,tract,5198,Emb,7,1.0,0.7352941176470589,0.6470588235294118,1.0,0.7612456747404844,0.7474048442906575
2728,Nashville,Commute Time,tract,5198,Emb,8,1.0,0.6470588235294118,0.5588235294117647,1.0,0.698961937716263,0.6608996539792387
2729,Nashville,Commute Time,tract,5198,Emb,9,1.0,0.6176470588235294,0.5,1.0,0.6539792387543253,0.6366782006920415
2730,Nashville,Commute Time,tract,5198,RGNN,0,0.88,0.5294117647058824,0.7058823529411765,0.952,0.588235294117647,0.6678200692041523
2731,Nashville,Commute Time,tract,5198,RGNN,1,0.81,0.5294117647058824,0.5588235294117647,0.9156,0.5640138408304498,0.5086505190311419
2732,Nashville,Commute Time,tract,5198,RGNN,2,0.98,0.6176470588235294,0.6176470588235294,0.9992,0.5709342560553633,0.657439446366782
2733,Nashville,Commute Time,tract,5198,RGNN,3,0.9,0.5588235294117647,0.5588235294117647,0.9304,0.5709342560553633,0.6124567474048442
2734,Nashville,Commute Time,tract,5198,RGNN,4,0.88,0.5,0.5588235294117647,0.942,0.560553633217993,0.5847750865051904
2735,Nashville,Commute Time,tract,5198,RGNN,5,0.9,0.7647058823529411,0.5882352941176471,0.9636,0.7716262975778547,0.6470588235294118
2736,Nashville,Commute Time,tract,5198,RGNN,6,0.94,0.5882352941176471,0.5882352941176471,0.988,0.5916955017301038,0.615916955017301
2737,Nashville,Commute Time,tract,5198,RGNN,7,0.91,0.6764705882352942,0.6176470588235294,0.9732,0.6816608996539792,0.6124567474048442
2738,Nashville,Commute Time,tract,5198,RGNN,8,0.94,0.5588235294117647,0.6176470588235294,0.9948,0.5051903114186851,0.5778546712802768
2739,Nashville,Commute Time,tract,5198,RGNN,9,0.93,0.5882352941176471,0.5294117647058824,0.9524,0.6262975778546713,0.5086505190311419
2740,Nashville,Commute Time,tract,5198,Feat-RGNN,0,0.82,0.5588235294117647,0.47058823529411764,0.862,0.6643598615916955,0.5570934256055363
2741,Nashville,Commute Time,tract,5198,Feat-RGNN,1,0.95,0.5294117647058824,0.5294117647058824,0.9836,0.5259515570934257,0.5570934256055363
2742,Nashville,Commute Time,tract,5198,Feat-RGNN,2,0.91,0.5882352941176471,0.5588235294117647,0.9787999999999999,0.5778546712802768,0.629757785467128
2743,Nashville,Commute Time,tract,5198,Feat-RGNN,3,0.85,0.5,0.5882352941176471,0.9256,0.532871972318339,0.6712802768166091
2744,Nashville,Commute Time,tract,5198,Feat-RGNN,4,0.86,0.5588235294117647,0.5,0.9372,0.7197231833910035,0.57439446366782
2745,Nashville,Commute Time,tract,5198,Feat-RGNN,5,0.81,0.7352941176470589,0.5294117647058824,0.8872,0.6816608996539792,0.5121107266435986
2746,Nashville,Commute Time,tract,5198,Feat-RGNN,6,0.85,0.7058823529411765,0.5294117647058824,0.9328,0.8027681660899655,0.6193771626297577
2747,Nashville,Commute Time,tract,5198,Feat-RGNN,7,0.85,0.6470588235294118,0.6470588235294118,0.9116000000000001,0.685121107266436,0.6332179930795848
2748,Nashville,Commute Time,tract,5198,Feat-RGNN,8,0.76,0.7058823529411765,0.6176470588235294,0.8548,0.7024221453287197,0.6505190311418685
2749,Nashville,Commute Time,tract,5198,Feat-RGNN,9,0.8,0.6764705882352942,0.5,0.8836,0.5951557093425606,0.5432525951557093
2750,Nashville,Commute Time,tract,5198,Feat\&PC-RGNN,0,0.66,0.5588235294117647,0.5,0.9224,0.6782006920415224,0.5778546712802768
2751,Nashville,Commute Time,tract,5198,Feat\&PC-RGNN,1,0.9,0.47058823529411764,0.5294117647058824,0.9652000000000001,0.5155709342560554,0.5743944636678201
2752,Nashville,Commute Time,tract,5198,Feat\&PC-RGNN,2,0.86,0.47058823529411764,0.7352941176470589,0.9344,0.5155709342560554,0.7993079584775087
2753,Nashville,Commute Time,tract,5198,Feat\&PC-RGNN,3,0.8,0.5882352941176471,0.6176470588235294,0.8876000000000001,0.6193771626297577,0.6262975778546713
2754,Nashville,Commute Time,tract,5198,Feat\&PC-RGNN,4,0.89,0.5588235294117647,0.6470588235294118,0.9359999999999999,0.6193771626297577,0.6608996539792388
2755,Nashville,Commute Time,tract,5198,Feat\&PC-RGNN,5,0.89,0.7058823529411765,0.5882352941176471,0.9612,0.7474048442906573,0.5674740484429066
2756,Nashville,Commute Time,tract,5198,Feat\&PC-RGNN,6,0.9,0.6470588235294118,0.7058823529411765,0.9672,0.6470588235294118,0.6678200692041523
2757,Nashville,Commute Time,tract,5198,Feat\&PC-RGNN,7,0.87,0.6176470588235294,0.5,0.9244,0.7508650519031143,0.5640138408304498
2758,Nashville,Commute Time,tract,5198,Feat\&PC-RGNN,8,0.92,0.6176470588235294,0.6176470588235294,0.964,0.6643598615916955,0.7093425605536332
2759,Nashville,Commute Time,tract,5198,Feat\&PC-RGNN,9,0.97,0.6470588235294118,0.7058823529411765,0.992,0.71280276816609,0.7162629757785468
2760,Nashville,Commute Time,tract,5198,LightGCN,0,1.0,0.5588235294117647,0.6176470588235294,1.0,0.6885813148788927,0.6712802768166091
2761,Nashville,Commute Time,tract,5198,LightGCN,1,0.99,0.5294117647058824,0.5882352941176471,1.0,0.5743944636678201,0.5813148788927336
2762,Nashville,Commute Time,tract,5198,LightGCN,2,1.0,0.6176470588235294,0.6764705882352942,1.0,0.6262975778546713,0.6608996539792387
2763,Nashville,Commute Time,tract,5198,LightGCN,3,0.98,0.5294117647058824,0.6470588235294118,0.9987999999999999,0.6055363321799307,0.7681660899653979
2764,Nashville,Commute Time,tract,5198,LightGCN,4,0.99,0.5294117647058824,0.5882352941176471,0.9995999999999999,0.5605536332179931,0.6401384083044983
2765,Nashville,Commute Time,tract,5198,LightGCN,5,0.97,0.6764705882352942,0.5588235294117647,0.998,0.71280276816609,0.6505190311418685
2766,Nashville,Commute Time,tract,5198,LightGCN,6,0.98,0.5882352941176471,0.6764705882352942,0.9987999999999999,0.6470588235294118,0.7370242214532872
2767,Nashville,Commute Time,tract,5198,LightGCN,7,0.99,0.6176470588235294,0.7058823529411765,1.0,0.726643598615917,0.7508650519031141
2768,Nashville,Commute Time,tract,5198,LightGCN,8,0.96,0.6764705882352942,0.5588235294117647,1.0,0.685121107266436,0.615916955017301
2769,Nashville,Commute Time,tract,5198,LightGCN,9,0.98,0.7058823529411765,0.5882352941176471,0.9984,0.7958477508650519,0.5813148788927335
2770,Nashville,Commute Time,tract,5198,Feat-LightGCN,0,1.0,0.7058823529411765,0.6764705882352942,1.0,0.726643598615917,0.6816608996539792
2771,Nashville,Commute Time,tract,5198,Feat-LightGCN,1,1.0,0.4411764705882353,0.6176470588235294,1.0,0.49480968858131485,0.6159169550173009
2772,Nashville,Commute Time,tract,5198,Feat-LightGCN,2,1.0,0.5882352941176471,0.6470588235294118,1.0,0.5640138408304498,0.7162629757785467
2773,Nashville,Commute Time,tract,5198,Feat-LightGCN,3,1.0,0.5588235294117647,0.6764705882352942,1.0,0.657439446366782,0.6643598615916954
2774,Nashville,Commute Time,tract,5198,Feat-LightGCN,4,1.0,0.6470588235294118,0.5294117647058824,1.0,0.6505190311418685,0.615916955017301
2775,Nashville,Commute Time,tract,5198,Feat-LightGCN,5,1.0,0.7058823529411765,0.6176470588235294,1.0,0.7474048442906575,0.6539792387543253
2776,Nashville,Commute Time,tract,5198,Feat-LightGCN,6,1.0,0.6764705882352942,0.6176470588235294,1.0,0.71280276816609,0.6816608996539792
2777,Nashville,Commute Time,tract,5198,Feat-LightGCN,7,1.0,0.6176470588235294,0.6764705882352942,1.0,0.6747404844290656,0.6782006920415224
2778,Nashville,Commute Time,tract,5198,Feat-LightGCN,8,1.0,0.6470588235294118,0.5882352941176471,1.0,0.6608996539792387,0.6920415224913495
2779,Nashville,Commute Time,tract,5198,Feat-LightGCN,9,1.0,0.6764705882352942,0.5588235294117647,1.0,0.7197231833910035,0.5605536332179931
2780,Nashville,Commute Time,tract,5198,Feat\&PC-LightGCN,0,1.0,0.6764705882352942,0.5588235294117647,1.0,0.7612456747404844,0.6903114186851211
2781,Nashville,Commute Time,tract,5198,Feat\&PC-LightGCN,1,1.0,0.47058823529411764,0.5,1.0,0.5380622837370241,0.5830449826989619
2782,Nashville,Commute Time,tract,5198,Feat\&PC-LightGCN,2,1.0,0.5,0.6176470588235294,1.0,0.6332179930795848,0.6920415224913495
2783,Nashville,Commute Time,tract,5198,Feat\&PC-LightGCN,3,1.0,0.5588235294117647,0.6470588235294118,1.0,0.5847750865051904,0.7024221453287197
2784,Nashville,Commute Time,tract,5198,Feat\&PC-LightGCN,4,1.0,0.5588235294117647,0.5882352941176471,1.0,0.6193771626297577,0.6228373702422145
2785,Nashville,Commute Time,tract,5198,Feat\&PC-LightGCN,5,1.0,0.6176470588235294,0.6176470588235294,1.0,0.6678200692041523,0.6539792387543253
2786,Nashville,Commute Time,tract,5198,Feat\&PC-LightGCN,6,1.0,0.6176470588235294,0.6176470588235294,1.0,0.6782006920415224,0.6366782006920415
2787,Nashville,Commute Time,tract,5198,Feat\&PC-LightGCN,7,1.0,0.47058823529411764,0.6176470588235294,1.0,0.5380622837370241,0.7145328719723183
2788,Nashville,Commute Time,tract,5198,Feat\&PC-LightGCN,8,1.0,0.6764705882352942,0.6764705882352942,1.0,0.6505190311418685,0.7335640138408305
2789,Nashville,Commute Time,tract,5198,Feat\&PC-LightGCN,9,1.0,0.6176470588235294,0.6176470588235294,1.0,0.6920415224913494,0.6505190311418685
2790,Nashville,Commute Time,tract,5198,NoPreTrain,0,0.99,0.6470588235294118,0.6176470588235294,0.9995999999999999,0.6712802768166091,0.5709342560553633
2791,Nashville,Commute Time,tract,5198,NoPreTrain,1,1.0,0.5294117647058824,0.47058823529411764,1.0,0.5674740484429066,0.5017301038062283
2792,Nashville,Commute Time,tract,5198,NoPreTrain,2,0.99,0.5882352941176471,0.6176470588235294,1.0,0.5432525951557095,0.5397923875432525
2793,Nashville,Commute Time,tract,5198,NoPreTrain,3,1.0,0.5,0.6764705882352942,1.0,0.5847750865051904,0.6782006920415224
2794,Nashville,Commute Time,tract,5198,NoPreTrain,4,1.0,0.5588235294117647,0.6470588235294118,1.0,0.5916955017301038,0.6643598615916955
2795,Nashville,Commute Time,tract,5198,NoPreTrain,5,1.0,0.5,0.5882352941176471,1.0,0.5640138408304498,0.6020761245674741
2796,Nashville,Commute Time,tract,5198,NoPreTrain,6,1.0,0.5294117647058824,0.6764705882352942,1.0,0.5709342560553634,0.7128027681660899
2797,Nashville,Commute Time,tract,5198,NoPreTrain,7,1.0,0.5294117647058824,0.7058823529411765,1.0,0.5882352941176471,0.7162629757785467
2798,Nashville,Commute Time,tract,5198,NoPreTrain,8,1.0,0.5588235294117647,0.6764705882352942,1.0,0.6228373702422145,0.726643598615917
2799,Nashville,Commute Time,tract,5198,NoPreTrain,9,1.0,0.7058823529411765,0.5588235294117647,1.0,0.7612456747404844,0.5813148788927336
2800,Nashville,Median Age,tract,7663,Emb,0,1.0,0.75,0.7045454545454546,1.0,0.78099173553719,0.7768595041322314
2801,Nashville,Median Age,tract,7663,Emb,1,1.0,0.6818181818181818,0.5909090909090909,1.0,0.75,0.6549586776859504
2802,Nashville,Median Age,tract,7663,Emb,2,1.0,0.6590909090909091,0.6818181818181818,1.0,0.609504132231405,0.7727272727272727
2803,Nashville,Median Age,tract,7663,Emb,3,1.0,0.7045454545454546,0.7272727272727273,1.0,0.7520661157024793,0.8057851239669421
2804,Nashville,Median Age,tract,7663,Emb,4,1.0,0.7272727272727273,0.7272727272727273,1.0,0.8202479338842974,0.7561983471074379
2805,Nashville,Median Age,tract,7663,Emb,5,1.0,0.6363636363636364,0.75,1.0,0.6611570247933884,0.7933884297520661
2806,Nashville,Median Age,tract,7663,Emb,6,1.0,0.7045454545454546,0.5909090909090909,1.0,0.7634297520661157,0.6590909090909091
2807,Nashville,Median Age,tract,7663,Emb,7,1.0,0.7045454545454546,0.7272727272727273,1.0,0.7128099173553719,0.7045454545454546
2808,Nashville,Median Age,tract,7663,Emb,8,1.0,0.7045454545454546,0.6363636363636364,1.0,0.8161157024793388,0.6735537190082644
2809,Nashville,Median Age,tract,7663,Emb,9,1.0,0.6136363636363636,0.7272727272727273,1.0,0.7024793388429752,0.756198347107438
2810,Nashville,Median Age,tract,7663,RGNN,0,0.9140625,0.7272727272727273,0.7727272727272727,0.94677734375,0.7789256198347108,0.8037190082644627
2811,Nashville,Median Age,tract,7663,RGNN,1,0.875,0.7727272727272727,0.6818181818181818,0.972900390625,0.7892561983471074,0.7665289256198347
2812,Nashville,Median Age,tract,7663,RGNN,2,0.890625,0.6818181818181818,0.6363636363636364,0.945556640625,0.7272727272727273,0.7066115702479339
2813,Nashville,Median Age,tract,7663,RGNN,3,0.84375,0.7045454545454546,0.75,0.899169921875,0.7458677685950413,0.8181818181818181
2814,Nashville,Median Age,tract,7663,RGNN,4,0.9375,0.7272727272727273,0.7727272727272727,0.958984375,0.8512396694214877,0.7954545454545455
2815,Nashville,Median Age,tract,7663,RGNN,5,0.9296875,0.6136363636363636,0.6590909090909091,0.965576171875,0.6818181818181819,0.7169421487603306
2816,Nashville,Median Age,tract,7663,RGNN,6,0.9375,0.75,0.5681818181818182,0.971923828125,0.75,0.6115702479338844
2817,Nashville,Median Age,tract,7663,RGNN,7,0.90625,0.7045454545454546,0.75,0.94482421875,0.7355371900826446,0.7747933884297521
2818,Nashville,Median Age,tract,7663,RGNN,8,0.8359375,0.7272727272727273,0.7045454545454546,0.922119140625,0.8347107438016529,0.7396694214876033
2819,Nashville,Median Age,tract,7663,RGNN,9,0.8515625,0.5909090909090909,0.6363636363636364,0.949462890625,0.6859504132231404,0.6694214876033057
2820,Nashville,Median Age,tract,7663,Feat-RGNN,0,0.796875,0.7045454545454546,0.6136363636363636,0.927001953125,0.7541322314049587,0.6983471074380165
2821,Nashville,Median Age,tract,7663,Feat-RGNN,1,0.875,0.7045454545454546,0.6363636363636364,0.93115234375,0.8181818181818182,0.6694214876033058
2822,Nashville,Median Age,tract,7663,Feat-RGNN,2,0.8046875,0.5681818181818182,0.6363636363636364,0.96826171875,0.6384297520661156,0.7396694214876033
2823,Nashville,Median Age,tract,7663,Feat-RGNN,3,0.828125,0.8181818181818182,0.6818181818181818,0.923583984375,0.7995867768595043,0.7665289256198347
2824,Nashville,Median Age,tract,7663,Feat-RGNN,4,0.859375,0.7727272727272727,0.75,0.954833984375,0.8078512396694215,0.756198347107438
2825,Nashville,Median Age,tract,7663,Feat-RGNN,5,0.8515625,0.5681818181818182,0.6136363636363636,0.921875,0.6508264462809917,0.7024793388429752
2826,Nashville,Median Age,tract,7663,Feat-RGNN,6,0.9296875,0.7272727272727273,0.5681818181818182,0.950439453125,0.7190082644628099,0.5454545454545454
2827,Nashville,Median Age,tract,7663,Feat-RGNN,7,0.9296875,0.75,0.6818181818181818,0.9638671875,0.7913223140495866,0.7210743801652892
2828,Nashville,Median Age,tract,7663,Feat-RGNN,8,0.875,0.75,0.75,0.92333984375,0.7851239669421488,0.7768595041322315
2829,Nashville,Median Age,tract,7663,Feat-RGNN,9,0.9609375,0.75,0.6818181818181818,0.985107421875,0.7479338842975207,0.6590909090909091
2830,Nashville,Median Age,tract,7663,Feat\&PC-RGNN,0,0.8828125,0.6818181818181818,0.75,0.9482421875,0.8140495867768595,0.7871900826446282
2831,Nashville,Median Age,tract,7663,Feat\&PC-RGNN,1,0.921875,0.7727272727272727,0.5909090909090909,0.97412109375,0.847107438016529,0.7148760330578512
2832,Nashville,Median Age,tract,7663,Feat\&PC-RGNN,2,0.8359375,0.6363636363636364,0.6590909090909091,0.958251953125,0.7024793388429753,0.8078512396694214
2833,Nashville,Median Age,tract,7663,Feat\&PC-RGNN,3,0.890625,0.6590909090909091,0.7272727272727273,0.9384765625,0.7727272727272727,0.8388429752066116
2834,Nashville,Median Age,tract,7663,Feat\&PC-RGNN,4,0.9375,0.8181818181818182,0.75,0.978271484375,0.8223140495867768,0.7623966942148761
2835,Nashville,Median Age,tract,7663,Feat\&PC-RGNN,5,0.875,0.6136363636363636,0.6363636363636364,0.94482421875,0.6487603305785123,0.768595041322314
2836,Nashville,Median Age,tract,7663,Feat\&PC-RGNN,6,0.875,0.6590909090909091,0.5454545454545454,0.938232421875,0.7458677685950413,0.5227272727272727
2837,Nashville,Median Age,tract,7663,Feat\&PC-RGNN,7,0.8671875,0.6818181818181818,0.6363636363636364,0.953857421875,0.731404958677686,0.7975206611570248
2838,Nashville,Median Age,tract,7663,Feat\&PC-RGNN,8,0.765625,0.7272727272727273,0.7727272727272727,0.90625,0.7851239669421487,0.7995867768595042
2839,Nashville,Median Age,tract,7663,Feat\&PC-RGNN,9,0.890625,0.6136363636363636,0.6136363636363636,0.968994140625,0.8140495867768596,0.6466942148760331
2840,Nashville,Median Age,tract,7663,LightGCN,0,0.8671875,0.7954545454545454,0.75,0.9931640625,0.8171487603305786,0.8057851239669421
2841,Nashville,Median Age,tract,7663,LightGCN,1,0.984375,0.8409090909090909,0.6818181818181818,0.99658203125,0.9111570247933884,0.7809917355371901
2842,Nashville,Median Age,tract,7663,LightGCN,2,0.921875,0.6590909090909091,0.75,0.986083984375,0.7479338842975206,0.7954545454545455
2843,Nashville,Median Age,tract,7663,LightGCN,3,0.96875,0.7727272727272727,0.7954545454545454,0.995849609375,0.8512396694214875,0.8150826446280992
2844,Nashville,Median Age,tract,7663,LightGCN,4,0.984375,0.8181818181818182,0.7954545454545454,0.998779296875,0.902892561983471,0.8212809917355371
2845,Nashville,Median Age,tract,7663,LightGCN,5,0.9921875,0.6818181818181818,0.7272727272727273,1.0,0.7458677685950413,0.7933884297520661
2846,Nashville,Median Age,tract,7663,LightGCN,6,0.9140625,0.7045454545454546,0.5681818181818182,0.97021484375,0.7871900826446281,0.6043388429752066
2847,Nashville,Median Age,tract,7663,LightGCN,7,0.90625,0.8409090909090909,0.7272727272727273,0.975830078125,0.8491735537190083,0.8202479338842975
2848,Nashville,Median Age,tract,7663,LightGCN,8,0.9609375,0.75,0.7727272727272727,0.997802734375,0.8636363636363636,0.7995867768595042
2849,Nashville,Median Age,tract,7663,LightGCN,9,0.9765625,0.7272727272727273,0.6590909090909091,0.99853515625,0.8016528925619835,0.7293388429752066
2850,Nashville,Median Age,tract,7663,Feat-LightGCN,0,1.0,0.7954545454545454,0.75,1.0,0.828512396694215,0.7727272727272727
2851,Nashville,Median Age,tract,7663,Feat-LightGCN,1,1.0,0.7954545454545454,0.7272727272727273,1.0,0.8739669421487603,0.7851239669421488
2852,Nashville,Median Age,tract,7663,Feat-LightGCN,2,1.0,0.6136363636363636,0.7045454545454546,1.0,0.75,0.8553719008264463
2853,Nashville,Median Age,tract,7663,Feat-LightGCN,3,1.0,0.7954545454545454,0.7727272727272727,1.0,0.8450413223140496,0.8088842975206612
2854,Nashville,Median Age,tract,7663,Feat-LightGCN,4,1.0,0.8409090909090909,0.7727272727272727,1.0,0.8615702479338843,0.7954545454545453
2855,Nashville,Median Age,tract,7663,Feat-LightGCN,5,1.0,0.6590909090909091,0.7045454545454546,1.0,0.756198347107438,0.8078512396694214
2856,Nashville,Median Age,tract,7663,Feat-LightGCN,6,1.0,0.6818181818181818,0.6136363636363636,1.0,0.7954545454545454,0.5929752066115703
2857,Nashville,Median Age,tract,7663,Feat-LightGCN,7,1.0,0.75,0.7045454545454546,1.0,0.8316115702479339,0.8202479338842975
2858,Nashville,Median Age,tract,7663,Feat-LightGCN,8,1.0,0.6818181818181818,0.6818181818181818,1.0,0.7851239669421488,0.7665289256198347
2859,Nashville,Median Age,tract,7663,Feat-LightGCN,9,1.0,0.7045454545454546,0.7272727272727273,1.0,0.7789256198347108,0.7520661157024793
2860,Nashville,Median Age,tract,7663,Feat\&PC-LightGCN,0,1.0,0.7954545454545454,0.7045454545454546,1.0,0.8078512396694215,0.7355371900826446
2861,Nashville,Median Age,tract,7663,Feat\&PC-LightGCN,1,0.984375,0.75,0.6818181818181818,0.99951171875,0.8161157024793388,0.7210743801652892
2862,Nashville,Median Age,tract,7663,Feat\&PC-LightGCN,2,0.9921875,0.5909090909090909,0.7272727272727273,1.0,0.634297520661157,0.7489669421487604
2863,Nashville,Median Age,tract,7663,Feat\&PC-LightGCN,3,1.0,0.75,0.8181818181818182,1.0,0.7727272727272728,0.8295454545454545
2864,Nashville,Median Age,tract,7663,Feat\&PC-LightGCN,4,1.0,0.7727272727272727,0.7954545454545454,1.0,0.8388429752066116,0.7458677685950413
2865,Nashville,Median Age,tract,7663,Feat\&PC-LightGCN,5,1.0,0.75,0.7045454545454546,1.0,0.7324380165289256,0.7685950413223139
2866,Nashville,Median Age,tract,7663,Feat\&PC-LightGCN,6,1.0,0.75,0.6590909090909091,1.0,0.8068181818181819,0.6900826446280992
2867,Nashville,Median Age,tract,7663,Feat\&PC-LightGCN,7,1.0,0.7727272727272727,0.6818181818181818,1.0,0.8471074380165289,0.8181818181818181
2868,Nashville,Median Age,tract,7663,Feat\&PC-LightGCN,8,1.0,0.7272727272727273,0.6363636363636364,1.0,0.8006198347107438,0.7066115702479339
2869,Nashville,Median Age,tract,7663,Feat\&PC-LightGCN,9,0.984375,0.6818181818181818,0.6590909090909091,0.9990234375,0.7458677685950413,0.7458677685950413
2870,Nashville,Median Age,tract,7663,NoPreTrain,0,1.0,0.7045454545454546,0.6590909090909091,1.0,0.6756198347107438,0.743801652892562
2871,Nashville,Median Age,tract,7663,NoPreTrain,1,0.984375,0.6590909090909091,0.5681818181818182,0.99951171875,0.768595041322314,0.5826446280991736
2872,Nashville,Median Age,tract,7663,NoPreTrain,2,0.9921875,0.5909090909090909,0.5681818181818182,1.0,0.5929752066115702,0.5681818181818181
2873,Nashville,Median Age,tract,7663,NoPreTrain,3,0.9921875,0.7045454545454546,0.7272727272727273,0.99951171875,0.7685950413223139,0.7541322314049587
2874,Nashville,Median Age,tract,7663,NoPreTrain,4,1.0,0.7045454545454546,0.6590909090909091,1.0,0.7396694214876033,0.7231404958677686
2875,Nashville,Median Age,tract,7663,NoPreTrain,5,0.9921875,0.5909090909090909,0.5681818181818182,1.0,0.6363636363636365,0.6239669421487604
2876,Nashville,Median Age,tract,7663,NoPreTrain,6,1.0,0.6818181818181818,0.5681818181818182,1.0,0.828512396694215,0.6280991735537189
2877,Nashville,Median Age,tract,7663,NoPreTrain,7,1.0,0.6818181818181818,0.7045454545454546,1.0,0.6632231404958677,0.6239669421487604
2878,Nashville,Median Age,tract,7663,NoPreTrain,8,0.9921875,0.6136363636363636,0.5227272727272727,1.0,0.6859504132231404,0.6301652892561983
2879,Nashville,Median Age,tract,7663,NoPreTrain,9,0.9921875,0.6590909090909091,0.6136363636363636,1.0,0.7210743801652894,0.7004132231404959
2880,Tampa,Median Income,tract,18213,Emb,0,1.0,0.725,0.6,1.0,0.7711111111111111,0.65875
2881,Tampa,Median Income,tract,18213,Emb,1,1.0,0.6583333333333333,0.6666666666666666,1.0,0.7002777777777778,0.7508333333333334
2882,Tampa,Median Income,tract,18213,Emb,2,1.0,0.7,0.725,1.0,0.7788888888888887,0.7719444444444444
2883,Tampa,Median Income,tract,18213,Emb,3,1.0,0.6416666666666667,0.7083333333333334,1.0,0.7166666666666667,0.7441666666666666
2884,Tampa,Median Income,tract,18213,Emb,4,1.0,0.6333333333333333,0.725,1.0,0.7030555555555555,0.8038888888888889
2885,Tampa,Median Income,tract,18213,Emb,5,1.0,0.7083333333333334,0.725,1.0,0.7922222222222222,0.7727777777777778
2886,Tampa,Median Income,tract,18213,Emb,6,1.0,0.6416666666666667,0.6666666666666666,1.0,0.7122222222222222,0.7386111111111111
2887,Tampa,Median Income,tract,18213,Emb,7,1.0,0.6583333333333333,0.65,1.0,0.6945833333333333,0.7280555555555556
2888,Tampa,Median Income,tract,18213,Emb,8,1.0,0.6666666666666666,0.675,1.0,0.7505555555555555,0.7694444444444445
2889,Tampa,Median Income,tract,18213,Emb,9,1.0,0.7333333333333333,0.65,1.0,0.7838888888888889,0.7255555555555555
2890,Tampa,Median Income,tract,18213,RGNN,0,0.7861111111111111,0.7166666666666667,0.6166666666666667,0.8791049382716049,0.7805555555555557,0.6286111111111111
2891,Tampa,Median Income,tract,18213,RGNN,1,0.8194444444444444,0.7083333333333334,0.6916666666666667,0.8861419753086419,0.7483333333333334,0.7644444444444445
2892,Tampa,Median Income,tract,18213,RGNN,2,0.8527777777777777,0.6416666666666667,0.6916666666666667,0.9203703703703704,0.7583333333333333,0.7697222222222223
2893,Tampa,Median Income,tract,18213,RGNN,3,0.8388888888888889,0.675,0.675,0.905246913580247,0.7641666666666667,0.7547222222222221
2894,Tampa,Median Income,tract,18213,RGNN,4,0.7972222222222223,0.6916666666666667,0.8166666666666667,0.8855246913580247,0.7658333333333333,0.8269444444444445
2895,Tampa,Median Income,tract,18213,RGNN,5,0.825,0.7,0.675,0.8942901234567902,0.7733333333333333,0.7536111111111111
2896,Tampa,Median Income,tract,18213,RGNN,6,0.8416666666666667,0.65,0.675,0.9094135802469138,0.6963888888888888,0.7272222222222222
2897,Tampa,Median Income,tract,18213,RGNN,7,0.8305555555555556,0.7166666666666667,0.6916666666666667,0.8950617283950616,0.74,0.7536111111111112
2898,Tampa,Median Income,tract,18213,RGNN,8,0.7472222222222222,0.6083333333333333,0.7166666666666667,0.8016666666666666,0.6933333333333332,0.7830555555555556
2899,Tampa,Median Income,tract,18213,RGNN,9,0.825,0.7,0.65,0.9116666666666666,0.7722222222222223,0.7372222222222221
2900,Tampa,Median Income,tract,18213,Feat-RGNN,0,0.8527777777777777,0.6666666666666666,0.6416666666666667,0.9259567901234568,0.7455555555555555,0.6802777777777779
2901,Tampa,Median Income,tract,18213,Feat-RGNN,1,0.8027777777777778,0.65,0.7083333333333334,0.8805555555555555,0.73,0.7877777777777778
2902,Tampa,Median Income,tract,18213,Feat-RGNN,2,0.8194444444444444,0.7083333333333334,0.7166666666666667,0.8942592592592593,0.7552777777777777,0.8138888888888889
2903,Tampa,Median Income,tract,18213,Feat-RGNN,3,0.8444444444444444,0.7,0.7,0.9137962962962963,0.7594444444444445,0.7455555555555555
2904,Tampa,Median Income,tract,18213,Feat-RGNN,4,0.8416666666666667,0.7166666666666667,0.7416666666666667,0.9059876543209877,0.8055555555555555,0.7833333333333334
2905,Tampa,Median Income,tract,18213,Feat-RGNN,5,0.8111111111111111,0.7,0.7,0.8834876543209877,0.7388888888888888,0.7855555555555556
2906,Tampa,Median Income,tract,18213,Feat-RGNN,6,0.8138888888888889,0.6583333333333333,0.6333333333333333,0.9175000000000001,0.7180555555555556,0.7519444444444445
2907,Tampa,Median Income,tract,18213,Feat-RGNN,7,0.7944444444444444,0.7166666666666667,0.6666666666666666,0.8742901234567901,0.7327777777777778,0.7063888888888887
2908,Tampa,Median Income,tract,18213,Feat-RGNN,8,0.7916666666666666,0.6583333333333333,0.725,0.8650617283950617,0.7388888888888889,0.821388888888889
2909,Tampa,Median Income,tract,18213,Feat-RGNN,9,0.8055555555555556,0.7083333333333334,0.725,0.8753086419753087,0.7530555555555555,0.7933333333333333
2910,Tampa,Median Income,tract,18213,Feat\&PC-RGNN,0,0.8583333333333333,0.6666666666666666,0.5916666666666667,0.9386111111111111,0.7672222222222222,0.673611111111111
2911,Tampa,Median Income,tract,18213,Feat\&PC-RGNN,1,0.8694444444444445,0.6583333333333333,0.7166666666666667,0.9454320987654321,0.7380555555555556,0.7783333333333333
2912,Tampa,Median Income,tract,18213,Feat\&PC-RGNN,2,0.8222222222222222,0.675,0.75,0.9078086419753086,0.7569444444444444,0.8336111111111111
2913,Tampa,Median Income,tract,18213,Feat\&PC-RGNN,3,0.8555555555555555,0.6583333333333333,0.6833333333333333,0.9407098765432098,0.7430555555555555,0.7452777777777777
2914,Tampa,Median Income,tract,18213,Feat\&PC-RGNN,4,0.8083333333333333,0.7416666666666667,0.7666666666666667,0.8893827160493827,0.7947222222222222,0.8255555555555556
2915,Tampa,Median Income,tract,18213,Feat\&PC-RGNN,5,0.8444444444444444,0.6916666666666667,0.7583333333333333,0.9451234567901234,0.8033333333333333,0.8236111111111111
2916,Tampa,Median Income,tract,18213,Feat\&PC-RGNN,6,0.8944444444444445,0.675,0.6416666666666667,0.9434876543209876,0.7311111111111112,0.7461111111111111
2917,Tampa,Median Income,tract,18213,Feat\&PC-RGNN,7,0.8222222222222222,0.65,0.7416666666666667,0.9265432098765433,0.7175,0.8180555555555555
2918,Tampa,Median Income,tract,18213,Feat\&PC-RGNN,8,0.8138888888888889,0.6583333333333333,0.7,0.8811728395061729,0.7183333333333334,0.7297222222222223
2919,Tampa,Median Income,tract,18213,Feat\&PC-RGNN,9,0.8194444444444444,0.6666666666666666,0.7083333333333334,0.899074074074074,0.7491666666666666,0.8008333333333334
2920,Tampa,Median Income,tract,18213,LightGCN,0,0.975,0.7166666666666667,0.6083333333333333,0.9980246913580247,0.8438888888888888,0.6945833333333333
2921,Tampa,Median Income,tract,18213,LightGCN,1,0.8972222222222223,0.7,0.6916666666666667,0.9843672839506173,0.7716666666666667,0.8122222222222222
2922,Tampa,Median Income,tract,18213,LightGCN,2,0.8972222222222223,0.725,0.725,0.9750154320987654,0.7913888888888889,0.8002777777777778
2923,Tampa,Median Income,tract,18213,LightGCN,3,0.9583333333333334,0.6833333333333333,0.6416666666666667,0.988503086419753,0.7641666666666667,0.7505555555555555
2924,Tampa,Median Income,tract,18213,LightGCN,4,0.9388888888888889,0.7083333333333334,0.7083333333333334,0.9788425925925927,0.7925,0.8069444444444445
2925,Tampa,Median Income,tract,18213,LightGCN,5,0.9277777777777778,0.7083333333333334,0.7333333333333333,0.9913271604938272,0.8191666666666666,0.8216666666666667
2926,Tampa,Median Income,tract,18213,LightGCN,6,0.9333333333333333,0.7083333333333334,0.7,0.9758641975308642,0.7816666666666667,0.7769444444444445
2927,Tampa,Median Income,tract,18213,LightGCN,7,0.9638888888888889,0.7083333333333334,0.7083333333333334,0.9918827160493827,0.7308333333333332,0.7866666666666666
2928,Tampa,Median Income,tract,18213,LightGCN,8,0.9111111111111111,0.7,0.7666666666666667,0.9667746913580246,0.7855555555555556,0.8452777777777778
2929,Tampa,Median Income,tract,18213,LightGCN,9,0.9055555555555556,0.7416666666666667,0.8,0.9753086419753086,0.7727777777777778,0.8308333333333333
2930,Tampa,Median Income,tract,18213,Feat-LightGCN,0,0.9944444444444445,0.7166666666666667,0.625,0.9993518518518519,0.8258333333333332,0.7026388888888888
2931,Tampa,Median Income,tract,18213,Feat-LightGCN,1,0.9916666666666667,0.7,0.6916666666666667,0.9950462962962963,0.7622222222222222,0.7863888888888889
2932,Tampa,Median Income,tract,18213,Feat-LightGCN,2,0.9666666666666667,0.6833333333333333,0.6916666666666667,0.9944135802469136,0.8011111111111111,0.8238888888888889
2933,Tampa,Median Income,tract,18213,Feat-LightGCN,3,0.9916666666666667,0.6833333333333333,0.6333333333333333,0.9914351851851851,0.7844444444444445,0.7697222222222222
2934,Tampa,Median Income,tract,18213,Feat-LightGCN,4,0.9583333333333334,0.7,0.7666666666666667,0.9931481481481482,0.7977777777777778,0.8347222222222223
2935,Tampa,Median Income,tract,18213,Feat-LightGCN,5,0.9694444444444444,0.7916666666666666,0.725,0.9951543209876543,0.8694444444444445,0.8170833333333334
2936,Tampa,Median Income,tract,18213,Feat-LightGCN,6,0.9861111111111112,0.7083333333333334,0.6583333333333333,0.9981172839506173,0.7888888888888889,0.7816666666666666
2937,Tampa,Median Income,tract,18213,Feat-LightGCN,7,0.9944444444444445,0.7083333333333334,0.7166666666666667,0.9999691358024692,0.7577777777777778,0.7875000000000001
2938,Tampa,Median Income,tract,18213,Feat-LightGCN,8,0.9555555555555556,0.725,0.7166666666666667,0.9921296296296296,0.8066666666666665,0.8
2939,Tampa,Median Income,tract,18213,Feat-LightGCN,9,0.9305555555555556,0.6916666666666667,0.7833333333333333,0.9952777777777777,0.7833333333333334,0.8252777777777778
2940,Tampa,Median Income,tract,18213,Feat\&PC-LightGCN,0,1.0,0.775,0.6166666666666667,1.0,0.8384722222222223,0.7122222222222223
2941,Tampa,Median Income,tract,18213,Feat\&PC-LightGCN,1,0.9888888888888889,0.725,0.725,0.9997222222222222,0.7637499999999999,0.8027777777777778
2942,Tampa,Median Income,tract,18213,Feat\&PC-LightGCN,2,0.9861111111111112,0.725,0.7333333333333333,0.9990740740740741,0.8080555555555555,0.8004166666666667
2943,Tampa,Median Income,tract,18213,Feat\&PC-LightGCN,3,0.9972222222222222,0.7166666666666667,0.6916666666666667,1.0,0.8025,0.7716666666666666
2944,Tampa,Median Income,tract,18213,Feat\&PC-LightGCN,4,0.9583333333333334,0.675,0.7666666666666667,0.996820987654321,0.7306944444444444,0.8333333333333333
2945,Tampa,Median Income,tract,18213,Feat\&PC-LightGCN,5,1.0,0.7333333333333333,0.7166666666666667,1.0,0.8358333333333333,0.8109722222222221
2946,Tampa,Median Income,tract,18213,Feat\&PC-LightGCN,6,1.0,0.7,0.6583333333333333,1.0,0.7516666666666667,0.7388888888888889
2947,Tampa,Median Income,tract,18213,Feat\&PC-LightGCN,7,0.9944444444444445,0.7083333333333334,0.6833333333333333,0.9983641975308643,0.768888888888889,0.7727777777777778
2948,Tampa,Median Income,tract,18213,Feat\&PC-LightGCN,8,0.9972222222222222,0.65,0.6583333333333333,0.9999074074074075,0.758888888888889,0.7663888888888889
2949,Tampa,Median Income,tract,18213,Feat\&PC-LightGCN,9,0.9861111111111112,0.7416666666666667,0.7166666666666667,0.999567901234568,0.8156944444444445,0.7691666666666667
2950,Tampa,Median Income,tract,18213,NoPreTrain,0,0.9972222222222222,0.7083333333333334,0.5833333333333334,0.9999691358024692,0.7383333333333334,0.5911111111111111
2951,Tampa,Median Income,tract,18213,NoPreTrain,1,1.0,0.6833333333333333,0.625,1.0,0.7244444444444444,0.6947222222222222
2952,Tampa,Median Income,tract,18213,NoPreTrain,2,1.0,0.65,0.6666666666666666,1.0,0.6811111111111111,0.7594444444444445
2953,Tampa,Median Income,tract,18213,NoPreTrain,3,0.9944444444444445,0.6083333333333333,0.6333333333333333,0.9997530864197531,0.6716666666666666,0.6805555555555556
2954,Tampa,Median Income,tract,18213,NoPreTrain,4,0.9916666666666667,0.6333333333333333,0.6833333333333333,0.9994444444444444,0.6852777777777779,0.7441666666666668
2955,Tampa,Median Income,tract,18213,NoPreTrain,5,0.9972222222222222,0.7083333333333334,0.5916666666666667,0.9998456790123457,0.7325,0.6705555555555556
2956,Tampa,Median Income,tract,18213,NoPreTrain,6,1.0,0.625,0.675,1.0,0.6397222222222222,0.6777777777777778
2957,Tampa,Median Income,tract,18213,NoPreTrain,7,1.0,0.575,0.65,1.0,0.6502777777777777,0.6994444444444445
2958,Tampa,Median Income,tract,18213,NoPreTrain,8,0.9972222222222222,0.6416666666666667,0.6666666666666666,1.0,0.6780555555555556,0.6847222222222222
2959,Tampa,Median Income,tract,18213,NoPreTrain,9,1.0,0.6583333333333333,0.6,1.0,0.7447222222222223,0.6322222222222221
2960,Tampa,Median Home Value,tract,17823,Emb,0,1.0,0.711864406779661,0.625,1.0,0.8069520252800919,0.7144444444444444
2961,Tampa,Median Home Value,tract,17823,Emb,1,1.0,0.7288135593220338,0.7416666666666667,1.0,0.7572536627405918,0.7919444444444445
2962,Tampa,Median Home Value,tract,17823,Emb,2,1.0,0.7457627118644068,0.7083333333333334,1.0,0.81801206549842,0.8075
2963,Tampa,Median Home Value,tract,17823,Emb,3,1.0,0.711864406779661,0.7333333333333333,1.0,0.7865555874748635,0.7438888888888888
2964,Tampa,Median Home Value,tract,17823,Emb,4,1.0,0.7033898305084746,0.7083333333333334,1.0,0.7739155415110601,0.7655555555555555
2965,Tampa,Median Home Value,tract,17823,Emb,5,1.0,0.6864406779661016,0.7333333333333333,1.0,0.7810973858086757,0.7880555555555555
2966,Tampa,Median Home Value,tract,17823,Emb,6,1.0,0.7033898305084746,0.7083333333333334,1.0,0.7615627693191612,0.7936111111111112
2967,Tampa,Median Home Value,tract,17823,Emb,7,1.0,0.6949152542372882,0.75,1.0,0.7595518529158287,0.8220833333333334
2968,Tampa,Median Home Value,tract,17823,Emb,8,1.0,0.6779661016949152,0.7666666666666667,1.0,0.7563918414248779,0.8305555555555556
2969,Tampa,Median Home Value,tract,17823,Emb,9,1.0,0.6610169491525424,0.725,1.0,0.7589773053720195,0.7891666666666666
2970,Tampa,Median Home Value,tract,17823,RGNN,0,0.8559322033898306,0.711864406779661,0.7166666666666667,0.9206486003383446,0.7914392415972421,0.7708333333333334
2971,Tampa,Median Home Value,tract,17823,RGNN,1,0.8615819209039548,0.652542372881356,0.7416666666666667,0.9311500526668582,0.7411663315139329,0.8102777777777777
2972,Tampa,Median Home Value,tract,17823,RGNN,2,0.8248587570621468,0.788135593220339,0.7666666666666667,0.911232404481471,0.8391266877334098,0.8424999999999999
2973,Tampa,Median Home Value,tract,17823,RGNN,3,0.7994350282485876,0.7372881355932204,0.7166666666666667,0.905455009735389,0.8376903188738868,0.7805555555555556
2974,Tampa,Median Home Value,tract,17823,RGNN,4,0.8418079096045198,0.7372881355932204,0.7166666666666667,0.9130518050368668,0.7971847170353347,0.8011111111111112
2975,Tampa,Median Home Value,tract,17823,RGNN,5,0.8615819209039548,0.6864406779661016,0.725,0.9119984678732165,0.7767882792301063,0.8027777777777778
2976,Tampa,Median Home Value,tract,17823,RGNN,6,0.8050847457627118,0.6864406779661016,0.7,0.9118069520252801,0.7882792301062913,0.7813888888888889
2977,Tampa,Median Home Value,tract,17823,RGNN,7,0.844632768361582,0.7203389830508474,0.7333333333333333,0.912828369880941,0.800057454754381,0.8205555555555556
2978,Tampa,Median Home Value,tract,17823,RGNN,8,0.8926553672316384,0.7542372881355932,0.7666666666666667,0.9549618564269526,0.8534903763286411,0.8238888888888888
2979,Tampa,Median Home Value,tract,17823,RGNN,9,0.8305084745762712,0.7457627118644068,0.7333333333333333,0.8753231829933926,0.824475725366274,0.7738888888888888
2980,Tampa,Median Home Value,tract,17823,Feat-RGNN,0,0.8615819209039548,0.6949152542372882,0.7083333333333334,0.9451945481821954,0.7971847170353347,0.7530555555555555
2981,Tampa,Median Home Value,tract,17823,Feat-RGNN,1,0.844632768361582,0.7033898305084746,0.7166666666666667,0.9326502601423601,0.7733409939672508,0.7841666666666667
2982,Tampa,Median Home Value,tract,17823,Feat-RGNN,2,0.8135593220338984,0.711864406779661,0.6666666666666666,0.8991030674454978,0.813846595805803,0.8183333333333334
2983,Tampa,Median Home Value,tract,17823,Feat-RGNN,3,0.7994350282485876,0.6779661016949152,0.7,0.8989115515975613,0.8141338695777075,0.7680555555555555
2984,Tampa,Median Home Value,tract,17823,Feat-RGNN,4,0.8361581920903954,0.6694915254237288,0.7,0.9116154361773436,0.7765010054582016,0.793611111111111
2985,Tampa,Median Home Value,tract,17823,Feat-RGNN,5,0.8192090395480226,0.711864406779661,0.725,0.8869098917935458,0.7908646940534328,0.7830555555555555
2986,Tampa,Median Home Value,tract,17823,Feat-RGNN,6,0.864406779661017,0.7203389830508474,0.675,0.928436911487759,0.7635736857224935,0.756388888888889
2987,Tampa,Median Home Value,tract,17823,Feat-RGNN,7,0.7853107344632768,0.6694915254237288,0.65,0.9322672284464872,0.7678827923010629,0.8300000000000001
2988,Tampa,Median Home Value,tract,17823,Feat-RGNN,8,0.7768361581920904,0.7457627118644068,0.7666666666666667,0.8543841169523445,0.8517667336972133,0.8141666666666666
2989,Tampa,Median Home Value,tract,17823,Feat-RGNN,9,0.847457627118644,0.7033898305084746,0.65,0.9463436432698139,0.7991956334386671,0.7466666666666667
2990,Tampa,Median Home Value,tract,17823,Feat\&PC-RGNN,0,0.8954802259887006,0.7033898305084746,0.6583333333333333,0.9621117814165789,0.7917265153691467,0.7188888888888889
2991,Tampa,Median Home Value,tract,17823,Feat\&PC-RGNN,1,0.8728813559322034,0.7288135593220338,0.7166666666666667,0.9443646461744709,0.8144211433496121,0.7927777777777777
2992,Tampa,Median Home Value,tract,17823,Feat\&PC-RGNN,2,0.8813559322033898,0.7542372881355932,0.7083333333333334,0.9547384212710268,0.8316575696638897,0.8202777777777778
2993,Tampa,Median Home Value,tract,17823,Feat\&PC-RGNN,3,0.8361581920903954,0.6779661016949152,0.7333333333333333,0.921701937501995,0.7971847170353347,0.8119444444444446
2994,Tampa,Median Home Value,tract,17823,Feat\&PC-RGNN,4,0.8502824858757062,0.711864406779661,0.7583333333333333,0.9572919659101791,0.8066647515081874,0.8044444444444444
2995,Tampa,Median Home Value,tract,17823,Feat\&PC-RGNN,5,0.8305084745762712,0.7288135593220338,0.6666666666666666,0.9222445657378148,0.7960356219477163,0.7372222222222223
2996,Tampa,Median Home Value,tract,17823,Feat\&PC-RGNN,6,0.8785310734463276,0.7033898305084746,0.7333333333333333,0.9467266749656867,0.7494972708991668,0.7863888888888889
2997,Tampa,Median Home Value,tract,17823,Feat\&PC-RGNN,7,0.867231638418079,0.7033898305084746,0.8583333333333333,0.9401512975198698,0.7584027578282103,0.893888888888889
2998,Tampa,Median Home Value,tract,17823,Feat\&PC-RGNN,8,0.8192090395480226,0.711864406779661,0.7666666666666667,0.9093810846180855,0.822177535191037,0.826111111111111
2999,Tampa,Median Home Value,tract,17823,Feat\&PC-RGNN,9,0.8418079096045198,0.7372881355932204,0.6833333333333333,0.9064764275910498,0.802355644929618,0.7355555555555555
3000,Tampa,Median Home Value,tract,17823,LightGCN,0,0.8502824858757062,0.6610169491525424,0.6,0.9817102365220722,0.8081011203677104,0.7183333333333333
3001,Tampa,Median Home Value,tract,17823,LightGCN,1,0.943502824858757,0.7288135593220338,0.7333333333333333,0.9946056369497909,0.8284975581729389,0.7980555555555555
3002,Tampa,Median Home Value,tract,17823,LightGCN,2,0.9661016949152542,0.7711864406779662,0.775,0.9939353314820135,0.8577994829072105,0.8488888888888889
3003,Tampa,Median Home Value,tract,17823,LightGCN,3,0.9661016949152542,0.7457627118644068,0.7166666666666667,0.9945098790258228,0.8598103993105429,0.7947222222222221
3004,Tampa,Median Home Value,tract,17823,LightGCN,4,0.9463276836158192,0.7372881355932204,0.7583333333333333,0.9962654409652398,0.8032174662453317,0.8255555555555555
3005,Tampa,Median Home Value,tract,17823,LightGCN,5,0.9350282485875706,0.7711864406779662,0.75,0.9939034121740241,0.8428612467681701,0.811111111111111
3006,Tampa,Median Home Value,tract,17823,LightGCN,6,0.943502824858757,0.7711864406779662,0.725,0.983753072233394,0.8687158862395863,0.7702777777777777
3007,Tampa,Median Home Value,tract,17823,LightGCN,7,0.9293785310734464,0.7288135593220338,0.775,0.9841361039292669,0.7963228957196208,0.8555555555555556
3008,Tampa,Median Home Value,tract,17823,LightGCN,8,0.9152542372881356,0.7711864406779662,0.8,0.9953078617255579,0.8316575696638897,0.8647222222222222
3009,Tampa,Median Home Value,tract,17823,LightGCN,9,0.940677966101695,0.7288135593220338,0.7083333333333334,0.9923074467745538,0.7552427463372593,0.7794444444444444
3010,Tampa,Median Home Value,tract,17823,Feat-LightGCN,0,1.0,0.7627118644067796,0.675,1.0,0.8425739729962655,0.7780555555555555
3011,Tampa,Median Home Value,tract,17823,Feat-LightGCN,1,1.0,0.7372881355932204,0.7333333333333333,1.0,0.8356794024705544,0.7997222222222222
3012,Tampa,Median Home Value,tract,17823,Feat-LightGCN,2,0.9943502824858758,0.788135593220339,0.725,0.9999361613840212,0.8848032174662452,0.8519444444444444
3013,Tampa,Median Home Value,tract,17823,Feat-LightGCN,3,0.9943502824858758,0.7457627118644068,0.7666666666666667,0.9999042420760318,0.8600976730824476,0.8211111111111111
3014,Tampa,Median Home Value,tract,17823,Feat-LightGCN,4,0.9971751412429378,0.7203389830508474,0.75,1.0,0.8081011203677104,0.8130555555555555
3015,Tampa,Median Home Value,tract,17823,Feat-LightGCN,5,1.0,0.7627118644067796,0.775,1.0,0.8213157138753232,0.7925
3016,Tampa,Median Home Value,tract,17823,Feat-LightGCN,6,0.9971751412429378,0.7796610169491526,0.675,0.9999680806920106,0.8325193909796036,0.8038888888888889
3017,Tampa,Median Home Value,tract,17823,Feat-LightGCN,7,0.9887005649717514,0.7288135593220338,0.8,0.9999680806920106,0.7914392415972422,0.8666666666666666
3018,Tampa,Median Home Value,tract,17823,Feat-LightGCN,8,0.9971751412429378,0.7372881355932204,0.8,1.0,0.8106865843148521,0.8694444444444444
3019,Tampa,Median Home Value,tract,17823,Feat-LightGCN,9,0.9943502824858758,0.7627118644067796,0.7583333333333333,0.9999680806920106,0.7977592645791439,0.8127777777777777
3020,Tampa,Median Home Value,tract,17823,Feat\&PC-LightGCN,0,1.0,0.7457627118644068,0.6833333333333333,1.0,0.835966676242459,0.76
3021,Tampa,Median Home Value,tract,17823,Feat\&PC-LightGCN,1,1.0,0.711864406779661,0.675,1.0,0.7990519965527147,0.7388888888888889
3022,Tampa,Median Home Value,tract,17823,Feat\&PC-LightGCN,2,0.9830508474576272,0.8050847457627118,0.7833333333333333,0.9995850489961378,0.8700086182131572,0.8451388888888889
3023,Tampa,Median Home Value,tract,17823,Feat\&PC-LightGCN,3,1.0,0.8050847457627118,0.7666666666666667,1.0,0.845159436943407,0.8429166666666668
3024,Tampa,Median Home Value,tract,17823,Feat\&PC-LightGCN,4,1.0,0.7457627118644068,0.7333333333333333,1.0,0.7819592071243895,0.8069444444444445
3025,Tampa,Median Home Value,tract,17823,Feat\&PC-LightGCN,5,0.9887005649717514,0.7542372881355932,0.7333333333333333,1.0,0.7874174087905773,0.8234722222222223
3026,Tampa,Median Home Value,tract,17823,Feat\&PC-LightGCN,6,1.0,0.7711864406779662,0.7333333333333333,1.0,0.8368284975581729,0.7630555555555556
3027,Tampa,Median Home Value,tract,17823,Feat\&PC-LightGCN,7,0.9971751412429378,0.711864406779661,0.7583333333333333,1.0,0.7782246480896294,0.8461111111111111
3028,Tampa,Median Home Value,tract,17823,Feat\&PC-LightGCN,8,1.0,0.711864406779661,0.725,1.0,0.7520827348463084,0.7933333333333332
3029,Tampa,Median Home Value,tract,17823,Feat\&PC-LightGCN,9,1.0,0.6949152542372882,0.7,1.0,0.788135593220339,0.7322222222222221
3030,Tampa,Median Home Value,tract,17823,NoPreTrain,0,0.9971751412429378,0.6271186440677966,0.6333333333333333,1.0,0.6831370295891985,0.6791666666666666
3031,Tampa,Median Home Value,tract,17823,NoPreTrain,1,1.0,0.652542372881356,0.6083333333333333,1.0,0.7107153116920425,0.6455555555555554
3032,Tampa,Median Home Value,tract,17823,NoPreTrain,2,0.9971751412429378,0.6694915254237288,0.7083333333333334,0.9999680806920106,0.7397299626544096,0.763611111111111
3033,Tampa,Median Home Value,tract,17823,NoPreTrain,3,1.0,0.6864406779661016,0.6166666666666667,1.0,0.7543809250215456,0.6913888888888889
3034,Tampa,Median Home Value,tract,17823,NoPreTrain,4,0.9971751412429378,0.6440677966101694,0.7,0.9999680806920106,0.7161735133582304,0.7158333333333332
3035,Tampa,Median Home Value,tract,17823,NoPreTrain,5,0.9971751412429378,0.6016949152542372,0.65,1.0,0.6136167767882792,0.7069444444444445
3036,Tampa,Median Home Value,tract,17823,NoPreTrain,6,0.9971751412429378,0.635593220338983,0.6916666666666667,0.9999680806920106,0.7138753231829934,0.7263888888888889
3037,Tampa,Median Home Value,tract,17823,NoPreTrain,7,0.9971751412429378,0.6186440677966102,0.6083333333333333,0.9999680806920106,0.7291008330939385,0.6836111111111112
3038,Tampa,Median Home Value,tract,17823,NoPreTrain,8,0.9971751412429378,0.6610169491525424,0.7083333333333334,1.0,0.7342717609882219,0.76
3039,Tampa,Median Home Value,tract,17823,NoPreTrain,9,0.9971751412429378,0.6779661016949152,0.7,1.0,0.7673082447572537,0.7133333333333333
3040,Tampa,Commute Time,tract,14212,Emb,0,1.0,0.6195652173913043,0.5851063829787234,1.0,0.6294896030245747,0.6215482118605704
3041,Tampa,Commute Time,tract,14212,Emb,1,1.0,0.5543478260869565,0.5957446808510638,1.0,0.5619092627599244,0.7030330466274332
3042,Tampa,Commute Time,tract,14212,Emb,2,1.0,0.6195652173913043,0.574468085106383,1.0,0.6309073724007561,0.6713444997736532
3043,Tampa,Commute Time,tract,14212,Emb,3,1.0,0.6304347826086957,0.5212765957446809,1.0,0.7150283553875236,0.5794477138976912
3044,Tampa,Commute Time,tract,14212,Emb,4,1.0,0.5760869565217391,0.6276595744680851,1.0,0.6592627599243855,0.6618379357175193
3045,Tampa,Commute Time,tract,14212,Emb,5,1.0,0.6304347826086957,0.5851063829787234,1.0,0.6639886578449906,0.5925758261656858
3046,Tampa,Commute Time,tract,14212,Emb,6,1.0,0.6195652173913043,0.5638297872340425,1.0,0.693289224952741,0.6306020823902219
3047,Tampa,Commute Time,tract,14212,Emb,7,1.0,0.5,0.574468085106383,1.0,0.5349716446124764,0.6265278406518786
3048,Tampa,Commute Time,tract,14212,Emb,8,1.0,0.5869565217391305,0.5531914893617021,1.0,0.6512287334593573,0.5835219556360344
3049,Tampa,Commute Time,tract,14212,Emb,9,1.0,0.6086956521739131,0.5957446808510638,1.0,0.6403591682419659,0.6478044363965595
3050,Tampa,Commute Time,tract,14212,RGNN,0,0.8231046931407943,0.5978260869565217,0.5638297872340425,0.8754561568136795,0.6356332703213612,0.5821638750565866
3051,Tampa,Commute Time,tract,14212,RGNN,1,0.7581227436823105,0.5,0.5851063829787234,0.8521009279532895,0.552930056710775,0.6233589859665007
3052,Tampa,Commute Time,tract,14212,RGNN,2,0.703971119133574,0.5652173913043478,0.5425531914893617,0.757898029402565,0.5997164461247637,0.5622453598913535
3053,Tampa,Commute Time,tract,14212,RGNN,3,0.8844765342960289,0.6304347826086957,0.5,0.9350432697320404,0.6498109640831758,0.5273879583521955
3054,Tampa,Commute Time,tract,14212,RGNN,4,0.8592057761732852,0.5543478260869565,0.648936170212766,0.9293087269314984,0.6422495274102079,0.6813037573562698
3055,Tampa,Commute Time,tract,14212,RGNN,5,0.8303249097472925,0.5978260869565217,0.6382978723404256,0.9096027525805442,0.6706049149338374,0.6324128564961522
3056,Tampa,Commute Time,tract,14212,RGNN,6,0.740072202166065,0.532608695652174,0.5638297872340425,0.8344281096861641,0.6408317580340264,0.5355364418288818
3057,Tampa,Commute Time,tract,14212,RGNN,7,0.7472924187725631,0.5760869565217391,0.5851063829787234,0.8534042331352308,0.5496219281663516,0.6555002263467631
3058,Tampa,Commute Time,tract,14212,RGNN,8,0.7292418772563177,0.532608695652174,0.5425531914893617,0.8599728912522157,0.6327977315689981,0.5771842462652784
3059,Tampa,Commute Time,tract,14212,RGNN,9,0.7870036101083032,0.5760869565217391,0.5638297872340425,0.8568449588155562,0.6502835538752363,0.5771842462652784
3060,Tampa,Commute Time,tract,14212,Feat-RGNN,0,0.8122743682310469,0.6630434782608695,0.574468085106383,0.8915128766551976,0.6535916824196597,0.6473517428700769
3061,Tampa,Commute Time,tract,14212,Feat-RGNN,1,0.7148014440433214,0.5760869565217391,0.5638297872340425,0.8033573141486811,0.6001890359168242,0.5894069714803077
3062,Tampa,Commute Time,tract,14212,Feat-RGNN,2,0.7509025270758123,0.6304347826086957,0.5638297872340425,0.8338025231988322,0.6706049149338374,0.6405613399728384
3063,Tampa,Commute Time,tract,14212,Feat-RGNN,3,0.7833935018050542,0.6304347826086957,0.5531914893617021,0.8657074340527579,0.6488657844990549,0.5862381167949298
3064,Tampa,Commute Time,tract,14212,Feat-RGNN,4,0.6823104693140795,0.6413043478260869,0.6382978723404256,0.7729642373058075,0.668241965973535,0.71480307831598
3065,Tampa,Commute Time,tract,14212,Feat-RGNN,5,0.8050541516245487,0.5543478260869565,0.5425531914893617,0.8946929412991346,0.6309073724007561,0.6306020823902219
3066,Tampa,Commute Time,tract,14212,Feat-RGNN,6,0.7328519855595668,0.5978260869565217,0.5425531914893617,0.8193097695756437,0.6531190926275993,0.5654142145767316
3067,Tampa,Commute Time,tract,14212,Feat-RGNN,7,0.6787003610108303,0.5652173913043478,0.6595744680851063,0.7732770305494735,0.5945179584120983,0.7143503847894975
3068,Tampa,Commute Time,tract,14212,Feat-RGNN,8,0.6931407942238267,0.6086956521739131,0.574468085106383,0.836878323428214,0.6568998109640832,0.5993662290629245
3069,Tampa,Commute Time,tract,14212,Feat-RGNN,9,0.703971119133574,0.5978260869565217,0.5638297872340425,0.7667083724324887,0.6602079395085066,0.626075147125396
3070,Tampa,Commute Time,tract,14212,Feat\&PC-RGNN,0,0.855595667870036,0.5652173913043478,0.6276595744680851,0.9450526535293504,0.6625708884688091,0.6631960162969669
3071,Tampa,Commute Time,tract,14212,Feat\&PC-RGNN,1,0.8628158844765343,0.5760869565217391,0.5851063829787234,0.9434365551037431,0.5770321361058601,0.6464463558171117
3072,Tampa,Commute Time,tract,14212,Feat\&PC-RGNN,2,0.8303249097472925,0.6413043478260869,0.6382978723404256,0.882650401417996,0.6479206049149339,0.6758714350384789
3073,Tampa,Commute Time,tract,14212,Feat\&PC-RGNN,3,0.8158844765342961,0.6086956521739131,0.5319148936170213,0.9065790845584402,0.6739130434782608,0.6043458578542327
3074,Tampa,Commute Time,tract,14212,Feat\&PC-RGNN,4,0.776173285198556,0.6195652173913043,0.6595744680851063,0.8790532791158377,0.6540642722117203,0.7048438207333635
3075,Tampa,Commute Time,tract,14212,Feat\&PC-RGNN,5,0.7581227436823105,0.5434782608695652,0.6382978723404256,0.9055364404128872,0.5770321361058601,0.6713444997736532
3076,Tampa,Commute Time,tract,14212,Feat\&PC-RGNN,6,0.7870036101083032,0.6086956521739131,0.5531914893617021,0.8637785423834846,0.7117202268431002,0.5228610230873698
3077,Tampa,Commute Time,tract,14212,Feat\&PC-RGNN,7,0.6967509025270758,0.5434782608695652,0.648936170212766,0.8755082890209571,0.5817580340264651,0.6794929832503395
3078,Tampa,Commute Time,tract,14212,Feat\&PC-RGNN,8,0.7870036101083032,0.5652173913043478,0.6170212765957447,0.86899176311125,0.6545368620037808,0.6663648709823449
3079,Tampa,Commute Time,tract,14212,Feat\&PC-RGNN,9,0.7509025270758123,0.6413043478260869,0.5957446808510638,0.8464706495673027,0.7155009451795842,0.6265278406518787
3080,Tampa,Commute Time,tract,14212,LightGCN,0,0.9386281588447654,0.6086956521739131,0.5957446808510638,0.9807632155145449,0.6564272211720227,0.5948392937980986
3081,Tampa,Commute Time,tract,14212,LightGCN,1,0.9314079422382672,0.5760869565217391,0.6276595744680851,0.9811281409654885,0.5921550094517959,0.6704391127206881
3082,Tampa,Commute Time,tract,14212,LightGCN,2,0.9422382671480144,0.6304347826086957,0.6170212765957447,0.9695547909498489,0.6767485822306237,0.6840199185151652
3083,Tampa,Commute Time,tract,14212,LightGCN,3,0.9422382671480144,0.6630434782608695,0.574468085106383,0.9907204671045772,0.6814744801512288,0.5903123585332729
3084,Tampa,Commute Time,tract,14212,LightGCN,4,0.9133574007220217,0.6195652173913043,0.648936170212766,0.9832134292565946,0.6611531190926276,0.7301946582163875
3085,Tampa,Commute Time,tract,14212,LightGCN,5,0.9711191335740073,0.5978260869565217,0.6063829787234043,0.9838390157439266,0.6956521739130436,0.6423721140787686
3086,Tampa,Commute Time,tract,14212,LightGCN,6,0.9530685920577617,0.6086956521739131,0.5638297872340425,0.9946303826504015,0.7022684310018904,0.6265278406518786
3087,Tampa,Commute Time,tract,14212,LightGCN,7,0.9422382671480144,0.5869565217391305,0.5638297872340425,0.9822229173183193,0.5713610586011343,0.6559529198732459
3088,Tampa,Commute Time,tract,14212,LightGCN,8,0.9133574007220217,0.6413043478260869,0.5638297872340425,0.9900427484099676,0.6776937618147448,0.6102308736985061
3089,Tampa,Commute Time,tract,14212,LightGCN,9,0.9422382671480144,0.6413043478260869,0.5531914893617021,0.9861328328641434,0.7051039697542533,0.6464463558171119
3090,Tampa,Commute Time,tract,14212,Feat-LightGCN,0,0.9675090252707581,0.5869565217391305,0.5425531914893617,0.9997914711708894,0.7164461247637052,0.5930285196921684
3091,Tampa,Commute Time,tract,14212,Feat-LightGCN,1,0.9963898916967509,0.6304347826086957,0.6276595744680851,1.0,0.6138941398865784,0.6500679040289724
3092,Tampa,Commute Time,tract,14212,Feat-LightGCN,2,0.9819494584837545,0.6195652173913043,0.6595744680851063,0.9938483995412365,0.6417769376181474,0.6908103214124038
3093,Tampa,Commute Time,tract,14212,Feat-LightGCN,3,0.9927797833935018,0.6739130434782609,0.5425531914893617,0.999687206756334,0.749054820415879,0.5916704391127208
3094,Tampa,Commute Time,tract,14212,Feat-LightGCN,4,0.9819494584837545,0.6195652173913043,0.6702127659574468,0.998018976123449,0.6833648393194707,0.6994114984155726
3095,Tampa,Commute Time,tract,14212,Feat-LightGCN,5,0.9963898916967509,0.6630434782608695,0.6063829787234043,0.9997914711708894,0.7263705103969755,0.6618379357175191
3096,Tampa,Commute Time,tract,14212,Feat-LightGCN,6,0.9927797833935018,0.6521739130434783,0.5957446808510638,0.9992701490981128,0.6687145557655955,0.6328655500226347
3097,Tampa,Commute Time,tract,14212,Feat-LightGCN,7,0.9891696750902527,0.5652173913043478,0.5957446808510638,0.9998957355854448,0.6143667296786389,0.6889995473064734
3098,Tampa,Commute Time,tract,14212,Feat-LightGCN,8,0.9963898916967509,0.5760869565217391,0.6276595744680851,1.0,0.6389413988657845,0.6446355817111815
3099,Tampa,Commute Time,tract,14212,Feat-LightGCN,9,0.9891696750902527,0.6413043478260869,0.6276595744680851,0.999687206756334,0.669187145557656,0.7270258035310094
3100,Tampa,Commute Time,tract,14212,Feat\&PC-LightGCN,0,0.9458483754512635,0.6413043478260869,0.5425531914893617,0.9976019184652278,0.7020321361058601,0.6355817111815301
3101,Tampa,Commute Time,tract,14212,Feat\&PC-LightGCN,1,0.9819494584837545,0.5978260869565217,0.574468085106383,0.9988530914398916,0.6082230623818525,0.6129470348574015
3102,Tampa,Commute Time,tract,14212,Feat\&PC-LightGCN,2,0.9819494584837545,0.6304347826086957,0.6382978723404256,0.9982275049525597,0.6812381852551985,0.7471706654594839
3103,Tampa,Commute Time,tract,14212,Feat\&PC-LightGCN,3,1.0,0.6739130434782609,0.5106382978723404,1.0,0.7157372400756143,0.5636034404708012
3104,Tampa,Commute Time,tract,14212,Feat\&PC-LightGCN,4,0.9963898916967509,0.6195652173913043,0.6276595744680851,1.0,0.6779300567107751,0.717971933001358
3105,Tampa,Commute Time,tract,14212,Feat\&PC-LightGCN,5,0.9963898916967509,0.6195652173913043,0.5531914893617021,0.9960379522468982,0.6706049149338373,0.6351290176550475
3106,Tampa,Commute Time,tract,14212,Feat\&PC-LightGCN,6,1.0,0.6086956521739131,0.6063829787234043,1.0,0.6469754253308129,0.6263014938886372
3107,Tampa,Commute Time,tract,14212,Feat\&PC-LightGCN,7,1.0,0.5869565217391305,0.6063829787234043,1.0,0.6767485822306238,0.6833408782254414
3108,Tampa,Commute Time,tract,14212,Feat\&PC-LightGCN,8,0.9927797833935018,0.5652173913043478,0.5851063829787234,0.996507142112397,0.626890359168242,0.6414667270258035
3109,Tampa,Commute Time,tract,14212,Feat\&PC-LightGCN,9,0.9891696750902527,0.6630434782608695,0.6063829787234043,1.0,0.7145557655954631,0.6960162969669533
3110,Tampa,Commute Time,tract,14212,NoPreTrain,0,0.9927797833935018,0.6521739130434783,0.574468085106383,1.0,0.7121928166351607,0.5875961973743775
3111,Tampa,Commute Time,tract,14212,NoPreTrain,1,1.0,0.5869565217391305,0.5638297872340425,1.0,0.6020793950850661,0.5916704391127207
3112,Tampa,Commute Time,tract,14212,NoPreTrain,2,0.9963898916967509,0.5108695652173914,0.6063829787234043,0.9996872067563342,0.5534026465028354,0.637845178813943
3113,Tampa,Commute Time,tract,14212,NoPreTrain,3,1.0,0.5543478260869565,0.5319148936170213,1.0,0.5888468809073725,0.5414214576731552
3114,Tampa,Commute Time,tract,14212,NoPreTrain,4,0.9927797833935018,0.4891304347826087,0.6276595744680851,0.9997393389636117,0.5302457466918714,0.6749660479855139
3115,Tampa,Commute Time,tract,14212,NoPreTrain,5,1.0,0.532608695652174,0.6063829787234043,1.0,0.6011342155009451,0.6161158895427795
3116,Tampa,Commute Time,tract,14212,NoPreTrain,6,1.0,0.5652173913043478,0.5425531914893617,1.0,0.6190926275992439,0.5559076505205975
3117,Tampa,Commute Time,tract,14212,NoPreTrain,7,0.9963898916967509,0.5543478260869565,0.6063829787234043,0.9999478677927224,0.6006616257088847,0.6401086464463559
3118,Tampa,Commute Time,tract,14212,NoPreTrain,8,1.0,0.5978260869565217,0.574468085106383,1.0,0.6020793950850661,0.5445903123585333
3119,Tampa,Commute Time,tract,14212,NoPreTrain,9,0.9927797833935018,0.5652173913043478,0.6170212765957447,0.9998957355854448,0.5982986767485823,0.6622906292440018
3120,Tampa,Median Age,tract,18240,Emb,0,1.0,0.7851239669421488,0.7272727272727273,1.0,0.8180327868852459,0.739344262295082
3121,Tampa,Median Age,tract,18240,Emb,1,1.0,0.6859504132231405,0.7355371900826446,1.0,0.776775956284153,0.7797814207650273
3122,Tampa,Median Age,tract,18240,Emb,2,1.0,0.6694214876033058,0.743801652892562,1.0,0.7505464480874317,0.7923497267759563
3123,Tampa,Median Age,tract,18240,Emb,3,1.0,0.7107438016528925,0.6776859504132231,1.0,0.7631147540983606,0.7581967213114754
3124,Tampa,Median Age,tract,18240,Emb,4,1.0,0.7107438016528925,0.7024793388429752,1.0,0.7795081967213116,0.764207650273224
3125,Tampa,Median Age,tract,18240,Emb,5,1.0,0.6942148760330579,0.743801652892562,1.0,0.7322404371584701,0.8027322404371584
3126,Tampa,Median Age,tract,18240,Emb,6,1.0,0.7107438016528925,0.6611570247933884,1.0,0.7926229508196722,0.7185792349726775
3127,Tampa,Median Age,tract,18240,Emb,7,1.0,0.743801652892562,0.6859504132231405,1.0,0.7636612021857923,0.7489071038251367
3128,Tampa,Median Age,tract,18240,Emb,8,1.0,0.7024793388429752,0.7024793388429752,1.0,0.7726775956284153,0.7584699453551913
3129,Tampa,Median Age,tract,18240,Emb,9,0.997229916897507,0.6776859504132231,0.7272727272727273,1.0,0.7341530054644809,0.7816939890710382
3130,Tampa,Median Age,tract,18240,RGNN,0,0.8393351800554016,0.7272727272727273,0.71900826446281,0.9203450181103813,0.7811475409836065,0.7669398907103825
3131,Tampa,Median Age,tract,18240,RGNN,1,0.8448753462603878,0.7024793388429752,0.8264462809917356,0.9297071643440359,0.7551912568306011,0.8743169398907104
3132,Tampa,Median Age,tract,18240,RGNN,2,0.8005540166204986,0.7603305785123967,0.6776859504132231,0.9096015716127449,0.807103825136612,0.7568306010928962
3133,Tampa,Median Age,tract,18240,RGNN,3,0.8642659279778393,0.6942148760330579,0.7107438016528925,0.946252071950396,0.7825136612021858,0.7587431693989071
3134,Tampa,Median Age,tract,18240,RGNN,4,0.8365650969529086,0.7933884297520661,0.7107438016528925,0.9158634661427958,0.7879781420765027,0.7907103825136612
3135,Tampa,Median Age,tract,18240,RGNN,5,0.7479224376731302,0.6694214876033058,0.71900826446281,0.8672416968506353,0.7172131147540984,0.8330601092896175
3136,Tampa,Median Age,tract,18240,RGNN,6,0.7977839335180056,0.7520661157024794,0.6859504132231405,0.8872858984590828,0.8199453551912569,0.7349726775956283
3137,Tampa,Median Age,tract,18240,RGNN,7,0.8088642659279779,0.7024793388429752,0.6446280991735537,0.9239670943581557,0.7707650273224044,0.7387978142076502
3138,Tampa,Median Age,tract,18240,RGNN,8,0.8310249307479224,0.743801652892562,0.7024793388429752,0.9124869543863957,0.7959016393442623,0.7920765027322404
3139,Tampa,Median Age,tract,18240,RGNN,9,0.7977839335180056,0.6694214876033058,0.7603305785123967,0.8856283381423046,0.739071038251366,0.7907103825136612
3140,Tampa,Median Age,tract,18240,Feat-RGNN,0,0.7673130193905817,0.7851239669421488,0.6942148760330579,0.8466449751365953,0.8117486338797815,0.7587431693989072
3141,Tampa,Median Age,tract,18240,Feat-RGNN,1,0.7479224376731302,0.6694214876033058,0.6776859504132231,0.8922278838479956,0.766120218579235,0.8341530054644809
3142,Tampa,Median Age,tract,18240,Feat-RGNN,2,0.7728531855955678,0.7355371900826446,0.71900826446281,0.8758671496101663,0.7969945355191256,0.7685792349726775
3143,Tampa,Median Age,tract,18240,Feat-RGNN,3,0.817174515235457,0.6776859504132231,0.6859504132231405,0.9024802013628829,0.7560109289617486,0.7333333333333333
3144,Tampa,Median Age,tract,18240,Feat-RGNN,4,0.8254847645429363,0.743801652892562,0.743801652892562,0.9173368530910431,0.8024590163934426,0.8027322404371584
3145,Tampa,Median Age,tract,18240,Feat-RGNN,5,0.8199445983379502,0.6942148760330579,0.7851239669421488,0.8894345877586101,0.7581967213114754,0.8319672131147542
3146,Tampa,Median Age,tract,18240,Feat-RGNN,6,0.814404432132964,0.8016528925619835,0.6528925619834711,0.8929645773221192,0.8357923497267759,0.728688524590164
3147,Tampa,Median Age,tract,18240,Feat-RGNN,7,0.7977839335180056,0.7107438016528925,0.6942148760330579,0.9052121063294248,0.7989071038251366,0.7579234972677596
3148,Tampa,Median Age,tract,18240,Feat-RGNN,8,0.8060941828254847,0.71900826446281,0.6942148760330579,0.88470747129965,0.7674863387978142,0.7571038251366121
3149,Tampa,Median Age,tract,18240,Feat-RGNN,9,0.853185595567867,0.6694214876033058,0.7768595041322314,0.9396832218061268,0.7565573770491804,0.8065573770491804
3150,Tampa,Median Age,tract,18240,Feat\&PC-RGNN,0,0.7867036011080333,0.6859504132231405,0.6942148760330579,0.8822518263859046,0.7680327868852459,0.7565573770491802
3151,Tampa,Median Age,tract,18240,Feat\&PC-RGNN,1,0.7590027700831025,0.6446280991735537,0.7107438016528925,0.8896494566885629,0.7434426229508195,0.794535519125683
3152,Tampa,Median Age,tract,18240,Feat\&PC-RGNN,2,0.8282548476454293,0.7520661157024794,0.7272727272727273,0.9276812572901958,0.7822404371584699,0.7939890710382513
3153,Tampa,Median Age,tract,18240,Feat\&PC-RGNN,3,0.8033240997229917,0.6611570247933884,0.6694214876033058,0.8864878138621156,0.7316939890710382,0.719672131147541
3154,Tampa,Median Age,tract,18240,Feat\&PC-RGNN,4,0.8476454293628809,0.7272727272727273,0.6694214876033058,0.9383940082264105,0.7762295081967213,0.7497267759562841
3155,Tampa,Median Age,tract,18240,Feat\&PC-RGNN,5,0.8393351800554016,0.7107438016528925,0.743801652892562,0.9116274786665848,0.742896174863388,0.8117486338797815
3156,Tampa,Median Age,tract,18240,Feat\&PC-RGNN,6,0.8088642659279779,0.7107438016528925,0.6776859504132231,0.8991343851679048,0.8166666666666667,0.7221311475409835
3157,Tampa,Median Age,tract,18240,Feat\&PC-RGNN,7,0.7867036011080333,0.6776859504132231,0.7024793388429752,0.8902940634784209,0.7275956284153006,0.7486338797814208
3158,Tampa,Median Age,tract,18240,Feat\&PC-RGNN,8,0.7229916897506925,0.6611570247933884,0.6694214876033058,0.8837252133341518,0.7789617486338798,0.7860655737704917
3159,Tampa,Median Age,tract,18240,Feat\&PC-RGNN,9,0.7811634349030471,0.6528925619834711,0.7355371900826446,0.8733808091349989,0.716120218579235,0.8076502732240437
3160,Tampa,Median Age,tract,18240,LightGCN,0,0.8642659279778393,0.7107438016528925,0.71900826446281,0.9663576646816869,0.8352459016393443,0.7693989071038252
3161,Tampa,Median Age,tract,18240,LightGCN,1,0.9196675900277008,0.7024793388429752,0.743801652892562,0.9799557983915526,0.7461748633879782,0.8254098360655737
3162,Tampa,Median Age,tract,18240,LightGCN,2,0.8975069252077562,0.6942148760330579,0.6694214876033058,0.9694579163852906,0.8008196721311476,0.7513661202185793
3163,Tampa,Median Age,tract,18240,LightGCN,3,0.8698060941828255,0.6942148760330579,0.7107438016528925,0.9468045920559888,0.7549180327868852,0.7387978142076503
3164,Tampa,Median Age,tract,18240,LightGCN,4,0.9058171745152355,0.7851239669421488,0.7107438016528925,0.976333722143778,0.8103825136612022,0.7759562841530054
3165,Tampa,Median Age,tract,18240,LightGCN,5,0.9168975069252078,0.7355371900826446,0.7768595041322314,0.9761495487752471,0.7931693989071039,0.8251366120218578
3166,Tampa,Median Age,tract,18240,LightGCN,6,0.9362880886426593,0.7768595041322314,0.6859504132231405,0.9815826631469089,0.8281420765027323,0.7885245901639344
3167,Tampa,Median Age,tract,18240,LightGCN,7,0.9224376731301939,0.743801652892562,0.6446280991735537,0.9840690036220762,0.7997267759562843,0.7494535519125683
3168,Tampa,Median Age,tract,18240,LightGCN,8,0.9030470914127424,0.7355371900826446,0.71900826446281,0.9705015654736324,0.8068306010928963,0.7852459016393442
3169,Tampa,Median Age,tract,18240,LightGCN,9,0.8975069252077562,0.6528925619834711,0.7272727272727273,0.9721898213518325,0.7560109289617486,0.8204918032786885
3170,Tampa,Median Age,tract,18240,Feat-LightGCN,0,0.9806094182825484,0.7520661157024794,0.71900826446281,0.9983731352446436,0.8087431693989071,0.757103825136612
3171,Tampa,Median Age,tract,18240,Feat-LightGCN,1,0.9806094182825484,0.6942148760330579,0.7520661157024794,0.9963165326293818,0.7562841530054646,0.828688524590164
3172,Tampa,Median Age,tract,18240,Feat-LightGCN,2,0.9750692520775623,0.7107438016528925,0.6942148760330579,0.9992633065258764,0.7806010928961749,0.7989071038251365
3173,Tampa,Median Age,tract,18240,Feat-LightGCN,3,0.9722991689750693,0.71900826446281,0.7107438016528925,0.9986800908588618,0.7718579234972678,0.7510928961748634
3174,Tampa,Median Age,tract,18240,Feat-LightGCN,4,0.9778393351800554,0.743801652892562,0.7107438016528925,0.9978206151390508,0.8215846994535518,0.7598360655737705
3175,Tampa,Median Age,tract,18240,Feat-LightGCN,5,0.9750692520775623,0.71900826446281,0.768595041322314,0.9990791331573454,0.7598360655737705,0.8270491803278688
3176,Tampa,Median Age,tract,18240,Feat-LightGCN,6,0.9944598337950139,0.743801652892562,0.7024793388429752,0.9997544355086255,0.8027322404371584,0.7628415300546448
3177,Tampa,Median Age,tract,18240,Feat-LightGCN,7,0.9806094182825484,0.71900826446281,0.71900826446281,0.9993860887715637,0.7907103825136613,0.7543715846994536
3178,Tampa,Median Age,tract,18240,Feat-LightGCN,8,0.9667590027700831,0.743801652892562,0.7024793388429752,0.996470010436491,0.8098360655737705,0.769945355191257
3179,Tampa,Median Age,tract,18240,Feat-LightGCN,9,0.961218836565097,0.6776859504132231,0.7355371900826446,0.99054576708208,0.7426229508196721,0.7920765027322405
3180,Tampa,Median Age,tract,18240,Feat\&PC-LightGCN,0,0.9944598337950139,0.71900826446281,0.71900826446281,0.9999693044385782,0.7879781420765027,0.7684426229508197
3181,Tampa,Median Age,tract,18240,Feat\&PC-LightGCN,1,0.9889196675900277,0.7024793388429752,0.7768595041322314,0.9995088710172508,0.784016393442623,0.8087431693989071
3182,Tampa,Median Age,tract,18240,Feat\&PC-LightGCN,2,0.9916897506925207,0.7107438016528925,0.7520661157024794,0.9999386088771564,0.7568306010928961,0.7762295081967213
3183,Tampa,Median Age,tract,18240,Feat\&PC-LightGCN,3,0.9861495844875346,0.6528925619834711,0.7024793388429752,0.9967769660507091,0.7557377049180328,0.7439890710382514
3184,Tampa,Median Age,tract,18240,Feat\&PC-LightGCN,4,0.9806094182825484,0.7272727272727273,0.7024793388429752,0.9997851310700473,0.7836065573770493,0.7370218579234973
3185,Tampa,Median Age,tract,18240,Feat\&PC-LightGCN,5,1.0,0.6859504132231405,0.743801652892562,1.0,0.7188524590163935,0.7848360655737705
3186,Tampa,Median Age,tract,18240,Feat\&PC-LightGCN,6,0.9944598337950139,0.6611570247933884,0.7272727272727273,1.0,0.7653005464480874,0.7896174863387979
3187,Tampa,Median Age,tract,18240,Feat\&PC-LightGCN,7,0.9916897506925207,0.6776859504132231,0.6776859504132231,0.9998772177543127,0.7717213114754098,0.7039617486338798
3188,Tampa,Median Age,tract,18240,Feat\&PC-LightGCN,8,0.9889196675900277,0.768595041322314,0.6611570247933884,0.9998772177543127,0.8453551912568306,0.7330601092896176
3189,Tampa,Median Age,tract,18240,Feat\&PC-LightGCN,9,0.9916897506925207,0.628099173553719,0.7603305785123967,0.9983424396832219,0.7251366120218579,0.8098360655737704
3190,Tampa,Median Age,tract,18240,NoPreTrain,0,0.9889196675900277,0.6363636363636364,0.5702479338842975,0.9997237399472036,0.6827868852459016,0.6459016393442623
3191,Tampa,Median Age,tract,18240,NoPreTrain,1,0.9916897506925207,0.628099173553719,0.628099173553719,0.9994474798944072,0.6622950819672131,0.6685792349726777
3192,Tampa,Median Age,tract,18240,NoPreTrain,2,0.9944598337950139,0.5867768595041323,0.6198347107438017,0.9998158266314692,0.6204918032786887,0.6715846994535519
3193,Tampa,Median Age,tract,18240,NoPreTrain,3,0.9944598337950139,0.6859504132231405,0.5950413223140496,0.9976978328933637,0.6964480874316941,0.6180327868852459
3194,Tampa,Median Age,tract,18240,NoPreTrain,4,0.9944598337950139,0.5867768595041323,0.6033057851239669,0.9998772177543127,0.6587431693989071,0.6551912568306011
3195,Tampa,Median Age,tract,18240,NoPreTrain,5,0.9944598337950139,0.512396694214876,0.6528925619834711,0.9999693044385782,0.5672131147540983,0.680327868852459
3196,Tampa,Median Age,tract,18240,NoPreTrain,6,1.0,0.6694214876033058,0.6115702479338843,1.0,0.7166666666666668,0.6778688524590164
3197,Tampa,Median Age,tract,18240,NoPreTrain,7,0.9806094182825484,0.6942148760330579,0.6115702479338843,0.9977285284547854,0.7202185792349727,0.6316939890710384
3198,Tampa,Median Age,tract,18240,NoPreTrain,8,1.0,0.6363636363636364,0.6446280991735537,1.0,0.6904371584699454,0.6532786885245901
3199,Tampa,Median Age,tract,18240,NoPreTrain,9,0.9916897506925207,0.5950413223140496,0.6446280991735537,0.9998158266314691,0.6387978142076502,0.7155737704918033
3200,Philadelphia,Median Income,zip,16983,Emb,0,1.0,0.675,0.65,1.0,0.7424999999999999,0.7675000000000001
3201,Philadelphia,Median Income,zip,16983,Emb,1,1.0,0.625,0.75,1.0,0.6675,0.7925
3202,Philadelphia,Median Income,zip,16983,Emb,2,1.0,0.675,0.675,1.0,0.805,0.7475
3203,Philadelphia,Median Income,zip,16983,Emb,3,0.9327731092436975,0.6,0.75,0.9997175141242938,0.6825,0.9624999999999999
3204,Philadelphia,Median Income,zip,16983,Emb,4,1.0,0.75,0.65,1.0,0.7825,0.6799999999999999
3205,Philadelphia,Median Income,zip,16983,Emb,5,1.0,0.625,0.725,1.0,0.7875,0.7899999999999999
3206,Philadelphia,Median Income,zip,16983,Emb,6,1.0,0.775,0.675,1.0,0.8025,0.785
3207,Philadelphia,Median Income,zip,16983,Emb,7,1.0,0.6,0.65,1.0,0.77,0.7825000000000001
3208,Philadelphia,Median Income,zip,16983,Emb,8,1.0,0.625,0.7,1.0,0.6950000000000001,0.7625
3209,Philadelphia,Median Income,zip,16983,Emb,9,1.0,0.675,0.7,1.0,0.7525,0.8225
3210,Philadelphia,Median Income,zip,16983,RGNN,0,0.9243697478991597,0.725,0.7,0.9641242937853107,0.8300000000000001,0.8
3211,Philadelphia,Median Income,zip,16983,RGNN,1,0.9327731092436975,0.75,0.675,0.9624293785310735,0.8325,0.775
3212,Philadelphia,Median Income,zip,16983,RGNN,2,0.907563025210084,0.7,0.675,0.969774011299435,0.785,0.76
3213,Philadelphia,Median Income,zip,16983,RGNN,3,0.907563025210084,0.7,0.85,0.961864406779661,0.745,0.92
3214,Philadelphia,Median Income,zip,16983,RGNN,4,0.9495798319327731,0.775,0.7,0.984180790960452,0.815,0.815
3215,Philadelphia,Median Income,zip,16983,RGNN,5,0.9243697478991597,0.775,0.8,0.9768361581920904,0.8374999999999999,0.8525
3216,Philadelphia,Median Income,zip,16983,RGNN,6,0.8319327731092437,0.725,0.625,0.9480225988700565,0.8900000000000001,0.7925
3217,Philadelphia,Median Income,zip,16983,RGNN,7,0.8823529411764706,0.725,0.75,0.942090395480226,0.8875,0.84
3218,Philadelphia,Median Income,zip,16983,RGNN,8,0.8991596638655462,0.75,0.8,0.9720338983050847,0.78,0.8775
3219,Philadelphia,Median Income,zip,16983,RGNN,9,0.9243697478991597,0.75,0.7,0.9807909604519774,0.85,0.7975
3220,Philadelphia,Median Income,zip,16983,Feat-RGNN,0,0.8991596638655462,0.775,0.775,0.9522598870056498,0.905,0.89
3221,Philadelphia,Median Income,zip,16983,Feat-RGNN,1,0.9663865546218487,0.75,0.85,0.997457627118644,0.8,0.8925
3222,Philadelphia,Median Income,zip,16983,Feat-RGNN,2,0.865546218487395,0.775,0.7,0.957909604519774,0.8225,0.7849999999999999
3223,Philadelphia,Median Income,zip,16983,Feat-RGNN,3,0.8571428571428571,0.675,0.875,0.9361581920903955,0.77,0.9500000000000001
3224,Philadelphia,Median Income,zip,16983,Feat-RGNN,4,0.957983193277311,0.75,0.7,0.9757062146892655,0.8275,0.8049999999999999
3225,Philadelphia,Median Income,zip,16983,Feat-RGNN,5,0.9243697478991597,0.65,0.75,0.9748587570621469,0.805,0.865
3226,Philadelphia,Median Income,zip,16983,Feat-RGNN,6,0.9243697478991597,0.775,0.75,0.977683615819209,0.885,0.845
3227,Philadelphia,Median Income,zip,16983,Feat-RGNN,7,0.957983193277311,0.825,0.75,0.9799435028248588,0.925,0.8375
3228,Philadelphia,Median Income,zip,16983,Feat-RGNN,8,0.9411764705882353,0.7,0.725,0.9790960451977402,0.7375,0.7849999999999999
3229,Philadelphia,Median Income,zip,16983,Feat-RGNN,9,0.9327731092436975,0.7,0.775,0.984180790960452,0.7899999999999999,0.8674999999999999
3230,Philadelphia,Median Income,zip,16983,Feat\&PC-RGNN,0,0.9159663865546218,0.775,0.65,0.9706214689265538,0.8400000000000001,0.81
3231,Philadelphia,Median Income,zip,16983,Feat\&PC-RGNN,1,0.9747899159663865,0.725,0.75,0.9991525423728813,0.7575,0.8225
3232,Philadelphia,Median Income,zip,16983,Feat\&PC-RGNN,2,0.9327731092436975,0.775,0.7,0.9488700564971752,0.8475,0.8049999999999999
3233,Philadelphia,Median Income,zip,16983,Feat\&PC-RGNN,3,0.9831932773109243,0.75,0.875,0.9717514124293786,0.78,0.955
3234,Philadelphia,Median Income,zip,16983,Feat\&PC-RGNN,4,0.957983193277311,0.725,0.775,0.9853107344632768,0.775,0.8400000000000001
3235,Philadelphia,Median Income,zip,16983,Feat\&PC-RGNN,5,0.9243697478991597,0.7,0.775,0.9562146892655368,0.8025,0.8425
3236,Philadelphia,Median Income,zip,16983,Feat\&PC-RGNN,6,0.957983193277311,0.875,0.65,0.9768361581920905,0.9125,0.745
3237,Philadelphia,Median Income,zip,16983,Feat\&PC-RGNN,7,0.9411764705882353,0.75,0.7,0.9652542372881355,0.935,0.7949999999999999
3238,Philadelphia,Median Income,zip,16983,Feat\&PC-RGNN,8,0.957983193277311,0.725,0.75,0.983050847457627,0.825,0.8625
3239,Philadelphia,Median Income,zip,16983,Feat\&PC-RGNN,9,0.9327731092436975,0.775,0.7,0.9494350282485875,0.89,0.815
3240,Philadelphia,Median Income,zip,16983,LightGCN,0,1.0,0.725,0.7,1.0,0.83,0.8225
3241,Philadelphia,Median Income,zip,16983,LightGCN,1,1.0,0.7,0.775,1.0,0.74875,0.845
3242,Philadelphia,Median Income,zip,16983,LightGCN,2,0.9915966386554622,0.725,0.725,1.0,0.78,0.7437499999999999
3243,Philadelphia,Median Income,zip,16983,LightGCN,3,0.9915966386554622,0.625,0.85,1.0,0.6799999999999999,0.9349999999999999
3244,Philadelphia,Median Income,zip,16983,LightGCN,4,1.0,0.675,0.675,1.0,0.79375,0.78375
3245,Philadelphia,Median Income,zip,16983,LightGCN,5,1.0,0.75,0.775,1.0,0.7424999999999999,0.7875
3246,Philadelphia,Median Income,zip,16983,LightGCN,6,1.0,0.7,0.65,1.0,0.8175,0.7649999999999999
3247,Philadelphia,Median Income,zip,16983,LightGCN,7,0.9495798319327731,0.825,0.675,0.9884180790960452,0.86,0.7799999999999999
3248,Philadelphia,Median Income,zip,16983,LightGCN,8,1.0,0.65,0.725,1.0,0.71625,0.825
3249,Philadelphia,Median Income,zip,16983,LightGCN,9,0.9915966386554622,0.675,0.75,0.9994350282485875,0.8062499999999999,0.8287500000000001
3250,Philadelphia,Median Income,zip,16983,Feat-LightGCN,0,1.0,0.775,0.75,1.0,0.8674999999999999,0.8200000000000001
3251,Philadelphia,Median Income,zip,16983,Feat-LightGCN,1,1.0,0.75,0.75,1.0,0.78,0.8474999999999999
3252,Philadelphia,Median Income,zip,16983,Feat-LightGCN,2,0.9327731092436975,0.775,0.75,0.9884180790960452,0.8624999999999999,0.775
3253,Philadelphia,Median Income,zip,16983,Feat-LightGCN,3,1.0,0.65,0.9,1.0,0.73375,0.9725
3254,Philadelphia,Median Income,zip,16983,Feat-LightGCN,4,0.680672268907563,0.675,0.575,0.9988700564971752,0.83375,0.79125
3255,Philadelphia,Median Income,zip,16983,Feat-LightGCN,5,1.0,0.7,0.8,1.0,0.735,0.8325
3256,Philadelphia,Median Income,zip,16983,Feat-LightGCN,6,1.0,0.825,0.75,1.0,0.885,0.825
3257,Philadelphia,Median Income,zip,16983,Feat-LightGCN,7,0.907563025210084,0.75,0.75,0.9853107344632768,0.8625,0.84
3258,Philadelphia,Median Income,zip,16983,Feat-LightGCN,8,1.0,0.675,0.725,1.0,0.7725000000000001,0.84
3259,Philadelphia,Median Income,zip,16983,Feat-LightGCN,9,1.0,0.75,0.775,1.0,0.8012499999999999,0.81625
3260,Philadelphia,Median Income,zip,16983,Feat\&PC-LightGCN,0,1.0,0.675,0.7,1.0,0.7825,0.7575000000000001
3261,Philadelphia,Median Income,zip,16983,Feat\&PC-LightGCN,1,1.0,0.675,0.725,1.0,0.6925,0.70625
3262,Philadelphia,Median Income,zip,16983,Feat\&PC-LightGCN,2,1.0,0.575,0.675,1.0,0.6925,0.6749999999999999
3263,Philadelphia,Median Income,zip,16983,Feat\&PC-LightGCN,3,1.0,0.6,0.75,1.0,0.665,0.8949999999999999
3264,Philadelphia,Median Income,zip,16983,Feat\&PC-LightGCN,4,1.0,0.65,0.725,1.0,0.72,0.735
3265,Philadelphia,Median Income,zip,16983,Feat\&PC-LightGCN,5,1.0,0.625,0.575,1.0,0.7025,0.5449999999999999
3266,Philadelphia,Median Income,zip,16983,Feat\&PC-LightGCN,6,1.0,0.75,0.625,1.0,0.8424999999999999,0.77
3267,Philadelphia,Median Income,zip,16983,Feat\&PC-LightGCN,7,1.0,0.725,0.6,1.0,0.72875,0.6849999999999999
3268,Philadelphia,Median Income,zip,16983,Feat\&PC-LightGCN,8,1.0,0.725,0.65,1.0,0.7625,0.6975
3269,Philadelphia,Median Income,zip,16983,Feat\&PC-LightGCN,9,1.0,0.775,0.7,1.0,0.7374999999999999,0.73875
3270,Philadelphia,Median Income,zip,16983,NoPreTrain,0,0.9915966386554622,0.65,0.575,1.0,0.5175000000000001,0.6575
3271,Philadelphia,Median Income,zip,16983,NoPreTrain,1,1.0,0.525,0.525,1.0,0.5725,0.5875
3272,Philadelphia,Median Income,zip,16983,NoPreTrain,2,0.9915966386554622,0.525,0.6,1.0,0.6375,0.7475
3273,Philadelphia,Median Income,zip,16983,NoPreTrain,3,0.9915966386554622,0.6,0.65,1.0,0.63,0.685
3274,Philadelphia,Median Income,zip,16983,NoPreTrain,4,1.0,0.4,0.45,1.0,0.5175000000000001,0.41000000000000003
3275,Philadelphia,Median Income,zip,16983,NoPreTrain,5,0.9915966386554622,0.625,0.675,0.9997175141242938,0.7075,0.7275
3276,Philadelphia,Median Income,zip,16983,NoPreTrain,6,0.9915966386554622,0.525,0.425,1.0,0.54,0.4325
3277,Philadelphia,Median Income,zip,16983,NoPreTrain,7,0.9831932773109243,0.55,0.525,0.9980225988700565,0.6174999999999999,0.5625
3278,Philadelphia,Median Income,zip,16983,NoPreTrain,8,1.0,0.525,0.65,1.0,0.5499999999999999,0.5675
3279,Philadelphia,Median Income,zip,16983,NoPreTrain,9,1.0,0.55,0.65,1.0,0.565,0.6825
3280,Philadelphia,Median Home Value,zip,16994,Emb,0,1.0,0.775,0.675,1.0,0.8724999999999999,0.8025
3281,Philadelphia,Median Home Value,zip,16994,Emb,1,1.0,0.775,0.75,1.0,0.835,0.8275
3282,Philadelphia,Median Home Value,zip,16994,Emb,2,1.0,0.75,0.675,1.0,0.8375,0.78125
3283,Philadelphia,Median Home Value,zip,16994,Emb,3,1.0,0.8,0.775,1.0,0.8725,0.8425
3284,Philadelphia,Median Home Value,zip,16994,Emb,4,1.0,0.725,0.625,1.0,0.7625,0.6725
3285,Philadelphia,Median Home Value,zip,16994,Emb,5,0.7333333333333333,0.65,0.575,0.9936111111111111,0.84125,0.835
3286,Philadelphia,Median Home Value,zip,16994,Emb,6,1.0,0.825,0.725,1.0,0.8675,0.825
3287,Philadelphia,Median Home Value,zip,16994,Emb,7,1.0,0.725,0.775,1.0,0.855,0.91
3288,Philadelphia,Median Home Value,zip,16994,Emb,8,1.0,0.75,0.825,1.0,0.7975,0.815
3289,Philadelphia,Median Home Value,zip,16994,Emb,9,1.0,0.85,0.675,1.0,0.945,0.715
3290,Philadelphia,Median Home Value,zip,16994,RGNN,0,0.9083333333333333,0.725,0.775,0.9572222222222222,0.85,0.9275
3291,Philadelphia,Median Home Value,zip,16994,RGNN,1,0.9333333333333333,0.775,0.725,0.99,0.8325,0.8325
3292,Philadelphia,Median Home Value,zip,16994,RGNN,2,0.9083333333333333,0.7,0.675,0.9669444444444444,0.8275,0.7525
3293,Philadelphia,Median Home Value,zip,16994,RGNN,3,0.9333333333333333,0.775,0.8,0.9897222222222223,0.885,0.7975
3294,Philadelphia,Median Home Value,zip,16994,RGNN,4,0.95,0.725,0.8,0.9930555555555556,0.8625,0.8775000000000001
3295,Philadelphia,Median Home Value,zip,16994,RGNN,5,0.9083333333333333,0.7,0.825,0.9583333333333333,0.7775000000000001,0.895
3296,Philadelphia,Median Home Value,zip,16994,RGNN,6,0.9833333333333333,0.7,0.7,0.9997222222222222,0.84,0.7575000000000001
3297,Philadelphia,Median Home Value,zip,16994,RGNN,7,0.95,0.75,0.85,0.9886111111111111,0.8899999999999999,0.9075000000000001
3298,Philadelphia,Median Home Value,zip,16994,RGNN,8,0.925,0.7,0.875,0.9750000000000001,0.785,0.8925000000000001
3299,Philadelphia,Median Home Value,zip,16994,RGNN,9,0.925,0.85,0.7,0.9772222222222222,0.8775000000000001,0.83
3300,Philadelphia,Median Home Value,zip,16994,Feat-RGNN,0,0.9166666666666666,0.85,0.85,0.9797222222222223,0.8925000000000001,0.9325
3301,Philadelphia,Median Home Value,zip,16994,Feat-RGNN,1,0.95,0.725,0.8,0.9872222222222222,0.815,0.8750000000000001
3302,Philadelphia,Median Home Value,zip,16994,Feat-RGNN,2,0.9333333333333333,0.825,0.7,0.9797222222222222,0.915,0.7374999999999999
3303,Philadelphia,Median Home Value,zip,16994,Feat-RGNN,3,0.975,0.8,0.85,0.9950000000000001,0.9049999999999999,0.9424999999999999
3304,Philadelphia,Median Home Value,zip,16994,Feat-RGNN,4,0.9166666666666666,0.725,0.8,0.9713888888888889,0.86,0.8274999999999999
3305,Philadelphia,Median Home Value,zip,16994,Feat-RGNN,5,0.9333333333333333,0.7,0.85,0.9838888888888889,0.7775000000000001,0.895
3306,Philadelphia,Median Home Value,zip,16994,Feat-RGNN,6,0.9583333333333334,0.8,0.7,0.99,0.875,0.77
3307,Philadelphia,Median Home Value,zip,16994,Feat-RGNN,7,0.9416666666666667,0.8,0.95,0.9780555555555555,0.905,0.9925
3308,Philadelphia,Median Home Value,zip,16994,Feat-RGNN,8,0.9416666666666667,0.8,0.85,0.9622222222222222,0.84,0.89
3309,Philadelphia,Median Home Value,zip,16994,Feat-RGNN,9,0.925,0.85,0.775,0.9847222222222222,0.8899999999999999,0.885
3310,Philadelphia,Median Home Value,zip,16994,Feat\&PC-RGNN,0,0.9833333333333333,0.8,0.825,0.9969444444444444,0.9075,0.8674999999999999
3311,Philadelphia,Median Home Value,zip,16994,Feat\&PC-RGNN,1,0.9583333333333334,0.775,0.775,0.9866666666666666,0.845,0.8674999999999999
3312,Philadelphia,Median Home Value,zip,16994,Feat\&PC-RGNN,2,0.9416666666666667,0.85,0.7,0.9875,0.8925,0.7849999999999999
3313,Philadelphia,Median Home Value,zip,16994,Feat\&PC-RGNN,3,0.9666666666666667,0.8,0.875,0.9955555555555555,0.8775000000000001,0.9325000000000001
3314,Philadelphia,Median Home Value,zip,16994,Feat\&PC-RGNN,4,0.9916666666666667,0.8,0.75,1.0,0.825,0.8075
3315,Philadelphia,Median Home Value,zip,16994,Feat\&PC-RGNN,5,0.95,0.75,0.9,0.9827777777777779,0.765,0.9299999999999999
3316,Philadelphia,Median Home Value,zip,16994,Feat\&PC-RGNN,6,0.9916666666666667,0.725,0.7,1.0,0.845,0.7999999999999999
3317,Philadelphia,Median Home Value,zip,16994,Feat\&PC-RGNN,7,0.9833333333333333,0.825,0.85,0.9883333333333333,0.9125,0.9275
3318,Philadelphia,Median Home Value,zip,16994,Feat\&PC-RGNN,8,0.975,0.775,0.775,0.9919444444444444,0.86,0.8925000000000001
3319,Philadelphia,Median Home Value,zip,16994,Feat\&PC-RGNN,9,0.9416666666666667,0.725,0.825,0.986111111111111,0.855,0.825
3320,Philadelphia,Median Home Value,zip,16994,LightGCN,0,1.0,0.75,0.8,1.0,0.8775,0.9225000000000001
3321,Philadelphia,Median Home Value,zip,16994,LightGCN,1,0.9916666666666667,0.775,0.75,1.0,0.8925,0.875
3322,Philadelphia,Median Home Value,zip,16994,LightGCN,2,0.775,0.7,0.625,0.9994444444444444,0.91,0.7949999999999999
3323,Philadelphia,Median Home Value,zip,16994,LightGCN,3,1.0,0.825,0.875,1.0,0.9025000000000001,0.94
3324,Philadelphia,Median Home Value,zip,16994,LightGCN,4,1.0,0.725,0.725,1.0,0.8200000000000001,0.8225
3325,Philadelphia,Median Home Value,zip,16994,LightGCN,5,0.9916666666666667,0.725,0.8,1.0,0.8099999999999999,0.84375
3326,Philadelphia,Median Home Value,zip,16994,LightGCN,6,1.0,0.775,0.65,1.0,0.8700000000000001,0.7625
3327,Philadelphia,Median Home Value,zip,16994,LightGCN,7,1.0,0.8,0.75,1.0,0.83375,0.9
3328,Philadelphia,Median Home Value,zip,16994,LightGCN,8,0.95,0.725,0.8,0.9941666666666666,0.8275,0.87125
3329,Philadelphia,Median Home Value,zip,16994,LightGCN,9,0.9166666666666666,0.75,0.775,0.9925,0.8825,0.805
3330,Philadelphia,Median Home Value,zip,16994,Feat-LightGCN,0,1.0,0.8,0.8,1.0,0.9275,0.9299999999999999
3331,Philadelphia,Median Home Value,zip,16994,Feat-LightGCN,1,1.0,0.775,0.825,1.0,0.8775,0.8625
3332,Philadelphia,Median Home Value,zip,16994,Feat-LightGCN,2,1.0,0.825,0.75,1.0,0.94,0.8625
3333,Philadelphia,Median Home Value,zip,16994,Feat-LightGCN,3,0.925,0.75,0.8,0.9994444444444445,0.9075,0.94
3334,Philadelphia,Median Home Value,zip,16994,Feat-LightGCN,4,0.9583333333333334,0.8,0.725,0.9975,0.865,0.7725
3335,Philadelphia,Median Home Value,zip,16994,Feat-LightGCN,5,0.975,0.7,0.775,0.9991666666666666,0.81,0.8975
3336,Philadelphia,Median Home Value,zip,16994,Feat-LightGCN,6,1.0,0.775,0.725,1.0,0.8625,0.815
3337,Philadelphia,Median Home Value,zip,16994,Feat-LightGCN,7,1.0,0.75,0.875,1.0,0.86,0.9425000000000001
3338,Philadelphia,Median Home Value,zip,16994,Feat-LightGCN,8,1.0,0.775,0.9,1.0,0.8825,0.9125000000000001
3339,Philadelphia,Median Home Value,zip,16994,Feat-LightGCN,9,0.975,0.875,0.775,0.9977777777777778,0.9675,0.8574999999999999
3340,Philadelphia,Median Home Value,zip,16994,Feat\&PC-LightGCN,0,1.0,0.725,0.7,1.0,0.7625,0.8175
3341,Philadelphia,Median Home Value,zip,16994,Feat\&PC-LightGCN,1,1.0,0.675,0.65,1.0,0.79,0.7075
3342,Philadelphia,Median Home Value,zip,16994,Feat\&PC-LightGCN,2,1.0,0.775,0.575,1.0,0.8450000000000001,0.6124999999999999
3343,Philadelphia,Median Home Value,zip,16994,Feat\&PC-LightGCN,3,1.0,0.725,0.775,1.0,0.7949999999999999,0.8350000000000001
3344,Philadelphia,Median Home Value,zip,16994,Feat\&PC-LightGCN,4,1.0,0.725,0.625,1.0,0.70875,0.7375
3345,Philadelphia,Median Home Value,zip,16994,Feat\&PC-LightGCN,5,1.0,0.65,0.8,1.0,0.7025,0.85125
3346,Philadelphia,Median Home Value,zip,16994,Feat\&PC-LightGCN,6,1.0,0.575,0.725,1.0,0.7175,0.77
3347,Philadelphia,Median Home Value,zip,16994,Feat\&PC-LightGCN,7,1.0,0.7,0.675,1.0,0.76,0.7825
3348,Philadelphia,Median Home Value,zip,16994,Feat\&PC-LightGCN,8,1.0,0.725,0.775,1.0,0.8025,0.855
3349,Philadelphia,Median Home Value,zip,16994,Feat\&PC-LightGCN,9,1.0,0.6,0.725,1.0,0.6824999999999999,0.8025
3350,Philadelphia,Median Home Value,zip,16994,NoPreTrain,0,1.0,0.525,0.525,1.0,0.4475,0.4525
3351,Philadelphia,Median Home Value,zip,16994,NoPreTrain,1,1.0,0.6,0.5,1.0,0.6225,0.425
3352,Philadelphia,Median Home Value,zip,16994,NoPreTrain,2,1.0,0.55,0.55,1.0,0.5525,0.4875
3353,Philadelphia,Median Home Value,zip,16994,NoPreTrain,3,0.9916666666666667,0.65,0.65,1.0,0.6900000000000001,0.7324999999999999
3354,Philadelphia,Median Home Value,zip,16994,NoPreTrain,4,1.0,0.7,0.575,1.0,0.7075,0.6000000000000001
3355,Philadelphia,Median Home Value,zip,16994,NoPreTrain,5,1.0,0.575,0.575,1.0,0.575,0.5725
3356,Philadelphia,Median Home Value,zip,16994,NoPreTrain,6,1.0,0.6,0.65,1.0,0.5774999999999999,0.64
3357,Philadelphia,Median Home Value,zip,16994,NoPreTrain,7,1.0,0.6,0.6,1.0,0.6375,0.5475
3358,Philadelphia,Median Home Value,zip,16994,NoPreTrain,8,1.0,0.55,0.6,1.0,0.5875,0.5325
3359,Philadelphia,Median Home Value,zip,16994,NoPreTrain,9,1.0,0.575,0.65,1.0,0.6699999999999999,0.6599999999999999
3360,Philadelphia,Commute Time,zip,16983,Emb,0,1.0,0.65,0.6,1.0,0.725,0.7125
3361,Philadelphia,Commute Time,zip,16983,Emb,1,1.0,0.65,0.675,1.0,0.7175,0.7725
3362,Philadelphia,Commute Time,zip,16983,Emb,2,1.0,0.7,0.55,1.0,0.71,0.645
3363,Philadelphia,Commute Time,zip,16983,Emb,3,1.0,0.575,0.6,1.0,0.7175,0.6125
3364,Philadelphia,Commute Time,zip,16983,Emb,4,1.0,0.625,0.55,1.0,0.70125,0.665
3365,Philadelphia,Commute Time,zip,16983,Emb,5,1.0,0.675,0.775,1.0,0.8200000000000001,0.81
3366,Philadelphia,Commute Time,zip,16983,Emb,6,1.0,0.65,0.775,1.0,0.6825,0.925
3367,Philadelphia,Commute Time,zip,16983,Emb,7,1.0,0.625,0.65,1.0,0.6925,0.6499999999999999
3368,Philadelphia,Commute Time,zip,16983,Emb,8,1.0,0.575,0.625,1.0,0.6075,0.7050000000000001
3369,Philadelphia,Commute Time,zip,16983,Emb,9,1.0,0.575,0.75,1.0,0.6074999999999999,0.8325
3370,Philadelphia,Commute Time,zip,16983,RGNN,0,0.7815126050420168,0.575,0.625,0.9392655367231639,0.6074999999999999,0.735
3371,Philadelphia,Commute Time,zip,16983,RGNN,1,0.8235294117647058,0.65,0.575,0.9833333333333333,0.5825,0.6174999999999999
3372,Philadelphia,Commute Time,zip,16983,RGNN,2,0.7983193277310925,0.625,0.575,0.9621468926553672,0.6625,0.645
3373,Philadelphia,Commute Time,zip,16983,RGNN,3,0.8151260504201681,0.55,0.625,0.9748587570621469,0.6525000000000001,0.5900000000000001
3374,Philadelphia,Commute Time,zip,16983,RGNN,4,0.8487394957983193,0.575,0.675,0.9401129943502825,0.555,0.74
3375,Philadelphia,Commute Time,zip,16983,RGNN,5,0.8151260504201681,0.675,0.775,0.9745762711864407,0.72,0.815
3376,Philadelphia,Commute Time,zip,16983,RGNN,6,0.7983193277310925,0.65,0.675,0.956779661016949,0.7150000000000001,0.7250000000000001
3377,Philadelphia,Commute Time,zip,16983,RGNN,7,0.9495798319327731,0.5,0.65,0.9759887005649717,0.6,0.6625
3378,Philadelphia,Commute Time,zip,16983,RGNN,8,0.7899159663865546,0.6,0.65,0.9802259887005649,0.72,0.7649999999999999
3379,Philadelphia,Commute Time,zip,16983,RGNN,9,0.9327731092436975,0.55,0.65,0.9477401129943502,0.6375000000000001,0.6675
3380,Philadelphia,Commute Time,zip,16983,Feat-RGNN,0,0.8151260504201681,0.575,0.575,0.9570621468926553,0.675,0.7525000000000001
3381,Philadelphia,Commute Time,zip,16983,Feat-RGNN,1,0.8571428571428571,0.725,0.625,0.9401129943502825,0.7075,0.6875000000000001
3382,Philadelphia,Commute Time,zip,16983,Feat-RGNN,2,0.9159663865546218,0.675,0.675,0.9725988700564971,0.7424999999999999,0.6975000000000001
3383,Philadelphia,Commute Time,zip,16983,Feat-RGNN,3,0.8235294117647058,0.575,0.525,0.9728813559322034,0.6999999999999998,0.5774999999999999
3384,Philadelphia,Commute Time,zip,16983,Feat-RGNN,4,0.8319327731092437,0.6,0.65,0.9511299435028249,0.6,0.8049999999999999
3385,Philadelphia,Commute Time,zip,16983,Feat-RGNN,5,0.8823529411764706,0.725,0.725,0.9451977401129944,0.7575000000000001,0.78
3386,Philadelphia,Commute Time,zip,16983,Feat-RGNN,6,0.9243697478991597,0.7,0.675,0.978813559322034,0.7575,0.7324999999999999
3387,Philadelphia,Commute Time,zip,16983,Feat-RGNN,7,0.8739495798319328,0.6,0.6,0.9757062146892655,0.705,0.6525
3388,Philadelphia,Commute Time,zip,16983,Feat-RGNN,8,0.7647058823529411,0.65,0.65,0.8635593220338983,0.6925,0.8125
3389,Philadelphia,Commute Time,zip,16983,Feat-RGNN,9,0.8907563025210085,0.6,0.6,0.9553672316384181,0.6875,0.7175
3390,Philadelphia,Commute Time,zip,16983,Feat\&PC-RGNN,0,0.9495798319327731,0.625,0.7,0.988135593220339,0.6375,0.715
3391,Philadelphia,Commute Time,zip,16983,Feat\&PC-RGNN,1,0.907563025210084,0.6,0.675,0.952542372881356,0.6,0.7525000000000001
3392,Philadelphia,Commute Time,zip,16983,Feat\&PC-RGNN,2,0.9159663865546218,0.575,0.725,0.9703389830508474,0.675,0.7925
3393,Philadelphia,Commute Time,zip,16983,Feat\&PC-RGNN,3,0.9915966386554622,0.725,0.6,1.0,0.7725,0.6225
3394,Philadelphia,Commute Time,zip,16983,Feat\&PC-RGNN,4,0.907563025210084,0.625,0.8,0.9734463276836158,0.7124999999999999,0.8225
3395,Philadelphia,Commute Time,zip,16983,Feat\&PC-RGNN,5,0.9159663865546218,0.75,0.725,0.9694915254237289,0.7700000000000001,0.8175000000000001
3396,Philadelphia,Commute Time,zip,16983,Feat\&PC-RGNN,6,0.9243697478991597,0.6,0.675,0.9646892655367232,0.7275,0.7775000000000001
3397,Philadelphia,Commute Time,zip,16983,Feat\&PC-RGNN,7,0.9747899159663865,0.575,0.6,0.9991525423728813,0.6000000000000001,0.6925
3398,Philadelphia,Commute Time,zip,16983,Feat\&PC-RGNN,8,0.8487394957983193,0.575,0.6,0.9720338983050847,0.765,0.7600000000000001
3399,Philadelphia,Commute Time,zip,16983,Feat\&PC-RGNN,9,0.9327731092436975,0.7,0.75,0.9742937853107344,0.7625,0.7650000000000001
3400,Philadelphia,Commute Time,zip,16983,LightGCN,0,1.0,0.575,0.7,1.0,0.7075000000000001,0.7774999999999999
3401,Philadelphia,Commute Time,zip,16983,LightGCN,1,1.0,0.65,0.575,1.0,0.6587500000000001,0.6275000000000001
3402,Philadelphia,Commute Time,zip,16983,LightGCN,2,1.0,0.7,0.65,1.0,0.7275,0.7725
3403,Philadelphia,Commute Time,zip,16983,LightGCN,3,1.0,0.675,0.525,1.0,0.7412500000000001,0.60875
3404,Philadelphia,Commute Time,zip,16983,LightGCN,4,0.9747899159663865,0.575,0.7,0.9977401129943503,0.64375,0.75625
3405,Philadelphia,Commute Time,zip,16983,LightGCN,5,1.0,0.625,0.7,1.0,0.6975,0.75
3406,Philadelphia,Commute Time,zip,16983,LightGCN,6,1.0,0.55,0.8,1.0,0.655,0.8425
3407,Philadelphia,Commute Time,zip,16983,LightGCN,7,1.0,0.6,0.5,1.0,0.63375,0.5625
3408,Philadelphia,Commute Time,zip,16983,LightGCN,8,1.0,0.575,0.75,1.0,0.6775,0.79125
3409,Philadelphia,Commute Time,zip,16983,LightGCN,9,1.0,0.65,0.75,1.0,0.7324999999999999,0.7875
3410,Philadelphia,Commute Time,zip,16983,Feat-LightGCN,0,1.0,0.6,0.675,1.0,0.6875,0.8125
3411,Philadelphia,Commute Time,zip,16983,Feat-LightGCN,1,1.0,0.65,0.65,1.0,0.6125,0.675
3412,Philadelphia,Commute Time,zip,16983,Feat-LightGCN,2,1.0,0.65,0.65,1.0,0.7374999999999999,0.7375
3413,Philadelphia,Commute Time,zip,16983,Feat-LightGCN,3,1.0,0.625,0.575,1.0,0.7,0.64125
3414,Philadelphia,Commute Time,zip,16983,Feat-LightGCN,4,1.0,0.575,0.75,1.0,0.6425,0.79
3415,Philadelphia,Commute Time,zip,16983,Feat-LightGCN,5,1.0,0.675,0.75,1.0,0.74375,0.8175
3416,Philadelphia,Commute Time,zip,16983,Feat-LightGCN,6,1.0,0.65,0.8,1.0,0.6825,0.8
3417,Philadelphia,Commute Time,zip,16983,Feat-LightGCN,7,1.0,0.55,0.575,1.0,0.655,0.6125
3418,Philadelphia,Commute Time,zip,16983,Feat-LightGCN,8,0.9327731092436975,0.625,0.725,0.9960451977401129,0.6950000000000001,0.8425
3419,Philadelphia,Commute Time,zip,16983,Feat-LightGCN,9,1.0,0.65,0.675,1.0,0.71,0.8625
3420,Philadelphia,Commute Time,zip,16983,Feat\&PC-LightGCN,0,1.0,0.6,0.5,1.0,0.65,0.475
3421,Philadelphia,Commute Time,zip,16983,Feat\&PC-LightGCN,1,1.0,0.6,0.65,1.0,0.60625,0.7174999999999999
3422,Philadelphia,Commute Time,zip,16983,Feat\&PC-LightGCN,2,1.0,0.7,0.6,1.0,0.7025,0.63
3423,Philadelphia,Commute Time,zip,16983,Feat\&PC-LightGCN,3,1.0,0.55,0.65,1.0,0.65875,0.685
3424,Philadelphia,Commute Time,zip,16983,Feat\&PC-LightGCN,4,1.0,0.55,0.725,1.0,0.55375,0.7225
3425,Philadelphia,Commute Time,zip,16983,Feat\&PC-LightGCN,5,1.0,0.625,0.725,1.0,0.5999999999999999,0.695
3426,Philadelphia,Commute Time,zip,16983,Feat\&PC-LightGCN,6,1.0,0.625,0.625,1.0,0.64,0.6425000000000001
3427,Philadelphia,Commute Time,zip,16983,Feat\&PC-LightGCN,7,1.0,0.5,0.6,1.0,0.57375,0.6125
3428,Philadelphia,Commute Time,zip,16983,Feat\&PC-LightGCN,8,1.0,0.7,0.55,1.0,0.69,0.5662499999999999
3429,Philadelphia,Commute Time,zip,16983,Feat\&PC-LightGCN,9,1.0,0.475,0.75,1.0,0.42999999999999994,0.7825
3430,Philadelphia,Commute Time,zip,16983,NoPreTrain,0,1.0,0.6,0.55,1.0,0.6375,0.6249999999999999
3431,Philadelphia,Commute Time,zip,16983,NoPreTrain,1,1.0,0.5,0.675,1.0,0.56,0.6174999999999999
3432,Philadelphia,Commute Time,zip,16983,NoPreTrain,2,0.9915966386554622,0.55,0.575,1.0,0.4875,0.46749999999999997
3433,Philadelphia,Commute Time,zip,16983,NoPreTrain,3,1.0,0.6,0.6,1.0,0.605,0.6625
3434,Philadelphia,Commute Time,zip,16983,NoPreTrain,4,0.9915966386554622,0.525,0.575,1.0,0.5575,0.525
3435,Philadelphia,Commute Time,zip,16983,NoPreTrain,5,0.9915966386554622,0.55,0.625,1.0,0.56,0.6475
3436,Philadelphia,Commute Time,zip,16983,NoPreTrain,6,1.0,0.6,0.475,1.0,0.5650000000000001,0.515
3437,Philadelphia,Commute Time,zip,16983,NoPreTrain,7,1.0,0.5,0.6,1.0,0.35250000000000004,0.42
3438,Philadelphia,Commute Time,zip,16983,NoPreTrain,8,1.0,0.575,0.6,1.0,0.5925,0.5774999999999999
3439,Philadelphia,Commute Time,zip,16983,NoPreTrain,9,1.0,0.65,0.55,1.0,0.5875,0.61
3440,Philadelphia,Median Age,zip,16994,Emb,0,1.0,0.625,0.5609756097560976,1.0,0.66,0.6357142857142858
3441,Philadelphia,Median Age,zip,16994,Emb,1,1.0,0.65,0.7073170731707317,1.0,0.6599999999999999,0.8190476190476191
3442,Philadelphia,Median Age,zip,16994,Emb,2,1.0,0.5,0.5853658536585366,1.0,0.5575,0.6642857142857144
3443,Philadelphia,Median Age,zip,16994,Emb,3,1.0,0.75,0.43902439024390244,1.0,0.8125,0.530952380952381
3444,Philadelphia,Median Age,zip,16994,Emb,4,1.0,0.65,0.6097560975609756,1.0,0.6825,0.6821428571428572
3445,Philadelphia,Median Age,zip,16994,Emb,5,1.0,0.525,0.7317073170731707,1.0,0.655,0.7833333333333333
3446,Philadelphia,Median Age,zip,16994,Emb,6,1.0,0.625,0.5609756097560976,1.0,0.705,0.6595238095238096
3447,Philadelphia,Median Age,zip,16994,Emb,7,1.0,0.675,0.5609756097560976,1.0,0.7625,0.5714285714285714
3448,Philadelphia,Median Age,zip,16994,Emb,8,1.0,0.7,0.6341463414634146,1.0,0.6975,0.6904761904761905
3449,Philadelphia,Median Age,zip,16994,Emb,9,1.0,0.5,0.5609756097560976,1.0,0.6175,0.6190476190476191
3450,Philadelphia,Median Age,zip,16994,RGNN,0,0.9495798319327731,0.625,0.7317073170731707,0.9827586206896552,0.7324999999999999,0.8023809523809523
3451,Philadelphia,Median Age,zip,16994,RGNN,1,0.9327731092436975,0.55,0.8536585365853658,0.9819106840022612,0.675,0.8714285714285714
3452,Philadelphia,Median Age,zip,16994,RGNN,2,0.9327731092436975,0.5,0.6585365853658537,0.9799321650650085,0.615,0.7023809523809523
3453,Philadelphia,Median Age,zip,16994,RGNN,3,0.9663865546218487,0.775,0.5609756097560976,0.9980214810627474,0.79,0.611904761904762
3454,Philadelphia,Median Age,zip,16994,RGNN,4,0.8487394957983193,0.65,0.7317073170731707,0.9293386093838327,0.7575,0.830952380952381
3455,Philadelphia,Median Age,zip,16994,RGNN,5,0.8907563025210085,0.8,0.6829268292682927,0.9556246466930468,0.8425,0.7976190476190477
3456,Philadelphia,Median Age,zip,16994,RGNN,6,0.9411764705882353,0.725,0.6097560975609756,0.9932165065008479,0.7949999999999999,0.7166666666666667
3457,Philadelphia,Median Age,zip,16994,RGNN,7,0.9411764705882353,0.725,0.7073170731707317,0.9821933295647258,0.81,0.7047619047619047
3458,Philadelphia,Median Age,zip,16994,RGNN,8,0.907563025210084,0.65,0.7560975609756098,0.9629734313171283,0.7525,0.7952380952380952
3459,Philadelphia,Median Age,zip,16994,RGNN,9,0.9495798319327731,0.575,0.6585365853658537,0.9824759751271905,0.6950000000000001,0.6952380952380952
3460,Philadelphia,Median Age,zip,16994,Feat-RGNN,0,0.8907563025210085,0.75,0.7317073170731707,0.965799886941775,0.7625000000000001,0.7761904761904762
3461,Philadelphia,Median Age,zip,16994,Feat-RGNN,1,0.9243697478991597,0.65,0.7560975609756098,0.9697569248162804,0.6849999999999999,0.8738095238095238
3462,Philadelphia,Median Age,zip,16994,Feat-RGNN,2,0.9663865546218487,0.6,0.6097560975609756,0.997456189937818,0.6625,0.6833333333333333
3463,Philadelphia,Median Age,zip,16994,Feat-RGNN,3,0.9495798319327731,0.8,0.5609756097560976,0.9926512153759186,0.875,0.5904761904761905
3464,Philadelphia,Median Age,zip,16994,Feat-RGNN,4,0.8403361344537815,0.675,0.6097560975609756,0.9366873940079141,0.71,0.75
3465,Philadelphia,Median Age,zip,16994,Feat-RGNN,5,0.957983193277311,0.65,0.6341463414634146,0.9824759751271905,0.7,0.6785714285714286
3466,Philadelphia,Median Age,zip,16994,Feat-RGNN,6,0.9411764705882353,0.7,0.6829268292682927,0.9790842283776146,0.7675,0.7928571428571429
3467,Philadelphia,Median Age,zip,16994,Feat-RGNN,7,0.9495798319327731,0.75,0.6585365853658537,0.9759751271905031,0.7975,0.7380952380952381
3468,Philadelphia,Median Age,zip,16994,Feat-RGNN,8,0.9327731092436975,0.7,0.6829268292682927,0.9881288863764839,0.78,0.7452380952380953
3469,Philadelphia,Median Age,zip,16994,Feat-RGNN,9,0.8571428571428571,0.625,0.5609756097560976,0.9448841153193895,0.7424999999999999,0.6476190476190475
3470,Philadelphia,Median Age,zip,16994,Feat\&PC-RGNN,0,0.9327731092436975,0.6,0.6829268292682927,0.9923685698134539,0.6775,0.6761904761904762
3471,Philadelphia,Median Age,zip,16994,Feat\&PC-RGNN,1,0.9495798319327731,0.575,0.7560975609756098,0.9926512153759186,0.5825,0.8333333333333333
3472,Philadelphia,Median Age,zip,16994,Feat\&PC-RGNN,2,0.9411764705882353,0.65,0.6097560975609756,0.9539287733182589,0.685,0.6452380952380953
3473,Philadelphia,Median Age,zip,16994,Feat\&PC-RGNN,3,0.9831932773109243,0.675,0.5853658536585366,0.9830412662521198,0.78,0.6309523809523809
3474,Philadelphia,Median Age,zip,16994,Feat\&PC-RGNN,4,0.9831932773109243,0.725,0.7073170731707317,0.9994347088750707,0.7625,0.7214285714285714
3475,Philadelphia,Median Age,zip,16994,Feat\&PC-RGNN,5,0.9411764705882353,0.6,0.7073170731707317,0.9788015828151498,0.6299999999999999,0.769047619047619
3476,Philadelphia,Median Age,zip,16994,Feat\&PC-RGNN,6,0.9915966386554622,0.75,0.6097560975609756,0.9994347088750707,0.7975,0.6428571428571429
3477,Philadelphia,Median Age,zip,16994,Feat\&PC-RGNN,7,0.9915966386554622,0.725,0.6341463414634146,0.99576031656303,0.76,0.5714285714285714
3478,Philadelphia,Median Age,zip,16994,Feat\&PC-RGNN,8,0.957983193277311,0.7,0.6585365853658537,0.9821933295647258,0.7575000000000001,0.7238095238095238
3479,Philadelphia,Median Age,zip,16994,Feat\&PC-RGNN,9,0.9411764705882353,0.5,0.6585365853658537,0.9793668739400792,0.61,0.6642857142857143
3480,Philadelphia,Median Age,zip,16994,LightGCN,0,1.0,0.625,0.6097560975609756,1.0,0.63875,0.6190476190476191
3481,Philadelphia,Median Age,zip,16994,LightGCN,1,1.0,0.575,0.8048780487804879,1.0,0.6212500000000001,0.869047619047619
3482,Philadelphia,Median Age,zip,16994,LightGCN,2,1.0,0.7,0.6097560975609756,1.0,0.7075,0.6904761904761906
3483,Philadelphia,Median Age,zip,16994,LightGCN,3,1.0,0.725,0.6585365853658537,1.0,0.825,0.6880952380952381
3484,Philadelphia,Median Age,zip,16994,LightGCN,4,1.0,0.75,0.7073170731707317,1.0,0.8025,0.7880952380952381
3485,Philadelphia,Median Age,zip,16994,LightGCN,5,1.0,0.7,0.6341463414634146,1.0,0.7625000000000001,0.661904761904762
3486,Philadelphia,Median Age,zip,16994,LightGCN,6,1.0,0.85,0.7073170731707317,1.0,0.875,0.780952380952381
3487,Philadelphia,Median Age,zip,16994,LightGCN,7,0.9915966386554622,0.675,0.6585365853658537,1.0,0.8025,0.6726190476190477
3488,Philadelphia,Median Age,zip,16994,LightGCN,8,1.0,0.625,0.6585365853658537,1.0,0.69,0.7690476190476191
3489,Philadelphia,Median Age,zip,16994,LightGCN,9,1.0,0.575,0.6585365853658537,1.0,0.7000000000000001,0.7297619047619048
3490,Philadelphia,Median Age,zip,16994,Feat-LightGCN,0,1.0,0.625,0.6097560975609756,1.0,0.6950000000000001,0.719047619047619
3491,Philadelphia,Median Age,zip,16994,Feat-LightGCN,1,1.0,0.625,0.7804878048780488,1.0,0.645,0.861904761904762
3492,Philadelphia,Median Age,zip,16994,Feat-LightGCN,2,0.8739495798319328,0.6,0.5853658536585366,0.9771057094403618,0.6475,0.6666666666666667
3493,Philadelphia,Median Age,zip,16994,Feat-LightGCN,3,1.0,0.775,0.5853658536585366,1.0,0.865,0.6023809523809524
3494,Philadelphia,Median Age,zip,16994,Feat-LightGCN,4,0.8991596638655462,0.6,0.7560975609756098,0.9739966082532504,0.6900000000000001,0.7678571428571429
3495,Philadelphia,Median Age,zip,16994,Feat-LightGCN,5,0.957983193277311,0.625,0.6585365853658537,0.9940644431882419,0.73,0.6976190476190476
3496,Philadelphia,Median Age,zip,16994,Feat-LightGCN,6,0.9243697478991597,0.675,0.6341463414634146,0.9881288863764839,0.8525,0.7666666666666667
3497,Philadelphia,Median Age,zip,16994,Feat-LightGCN,7,1.0,0.8,0.6097560975609756,1.0,0.8724999999999999,0.6333333333333333
3498,Philadelphia,Median Age,zip,16994,Feat-LightGCN,8,1.0,0.6,0.7073170731707317,1.0,0.72875,0.7714285714285715
3499,Philadelphia,Median Age,zip,16994,Feat-LightGCN,9,0.8403361344537815,0.6,0.6829268292682927,1.0,0.7075,0.7619047619047619
3500,Philadelphia,Median Age,zip,16994,Feat\&PC-LightGCN,0,1.0,0.675,0.5609756097560976,1.0,0.7,0.5452380952380953
3501,Philadelphia,Median Age,zip,16994,Feat\&PC-LightGCN,1,1.0,0.65,0.7560975609756098,1.0,0.7425,0.8666666666666666
3502,Philadelphia,Median Age,zip,16994,Feat\&PC-LightGCN,2,1.0,0.65,0.6585365853658537,1.0,0.7275,0.7142857142857143
3503,Philadelphia,Median Age,zip,16994,Feat\&PC-LightGCN,3,1.0,0.6,0.6097560975609756,1.0,0.665,0.7214285714285714
3504,Philadelphia,Median Age,zip,16994,Feat\&PC-LightGCN,4,1.0,0.55,0.6829268292682927,1.0,0.7025,0.7119047619047619
3505,Philadelphia,Median Age,zip,16994,Feat\&PC-LightGCN,5,1.0,0.65,0.6585365853658537,1.0,0.71,0.7071428571428571
3506,Philadelphia,Median Age,zip,16994,Feat\&PC-LightGCN,6,1.0,0.65,0.6585365853658537,1.0,0.7050000000000001,0.7380952380952381
3507,Philadelphia,Median Age,zip,16994,Feat\&PC-LightGCN,7,1.0,0.65,0.6341463414634146,1.0,0.74,0.7142857142857144
3508,Philadelphia,Median Age,zip,16994,Feat\&PC-LightGCN,8,1.0,0.575,0.8048780487804879,1.0,0.63,0.8404761904761905
3509,Philadelphia,Median Age,zip,16994,Feat\&PC-LightGCN,9,1.0,0.625,0.6829268292682927,1.0,0.655,0.719047619047619
3510,Philadelphia,Median Age,zip,16994,NoPreTrain,0,1.0,0.5,0.5609756097560976,1.0,0.5025,0.46190476190476193
3511,Philadelphia,Median Age,zip,16994,NoPreTrain,1,1.0,0.6,0.5365853658536586,1.0,0.5125,0.55
3512,Philadelphia,Median Age,zip,16994,NoPreTrain,2,1.0,0.475,0.4634146341463415,1.0,0.53,0.48809523809523814
3513,Philadelphia,Median Age,zip,16994,NoPreTrain,3,1.0,0.45,0.4878048780487805,1.0,0.505,0.4166666666666667
3514,Philadelphia,Median Age,zip,16994,NoPreTrain,4,1.0,0.625,0.5121951219512195,1.0,0.5975,0.5357142857142857
3515,Philadelphia,Median Age,zip,16994,NoPreTrain,5,1.0,0.375,0.6829268292682927,1.0,0.34750000000000003,0.6761904761904762
3516,Philadelphia,Median Age,zip,16994,NoPreTrain,6,1.0,0.425,0.4878048780487805,1.0,0.43000000000000005,0.5833333333333333
3517,Philadelphia,Median Age,zip,16994,NoPreTrain,7,1.0,0.7,0.5853658536585366,1.0,0.7175,0.49047619047619045
3518,Philadelphia,Median Age,zip,16994,NoPreTrain,8,1.0,0.575,0.4878048780487805,1.0,0.6749999999999999,0.5333333333333333
3519,Philadelphia,Median Age,zip,16994,NoPreTrain,9,1.0,0.425,0.6097560975609756,1.0,0.45499999999999996,0.6166666666666667
3520,St. Louis,Median Income,zip,2670,Emb,0,1.0,0.7,0.75,1.0,0.7200000000000002,0.6944444444444444
3521,St. Louis,Median Income,zip,2670,Emb,1,1.0,0.3,0.3333333333333333,1.0,0.16000000000000003,0.5833333333333333
3522,St. Louis,Median Income,zip,2670,Emb,2,1.0,0.6,0.25,1.0,0.64,0.3055555555555555
3523,St. Louis,Median Income,zip,2670,Emb,3,1.0,0.6,0.5,1.0,0.64,0.5
3524,St. Louis,Median Income,zip,2670,Emb,4,1.0,0.6,0.8333333333333334,1.0,0.64,0.8333333333333334
3525,St. Louis,Median Income,zip,2670,Emb,5,1.0,0.7,0.3333333333333333,1.0,0.7600000000000001,0.2777777777777778
3526,St. Louis,Median Income,zip,2670,Emb,6,1.0,0.6,0.6666666666666666,1.0,0.6,0.7222222222222222
3527,St. Louis,Median Income,zip,2670,Emb,7,1.0,0.7,0.75,1.0,0.78,0.75
3528,St. Louis,Median Income,zip,2670,Emb,8,1.0,0.5,0.6666666666666666,1.0,0.52,0.5
3529,St. Louis,Median Income,zip,2670,Emb,9,1.0,0.3,0.6666666666666666,1.0,0.44,0.6666666666666666
3530,St. Louis,Median Income,zip,2670,RGNN,0,1.0,0.8,0.75,1.0,0.92,0.6527777777777778
3531,St. Louis,Median Income,zip,2670,RGNN,1,1.0,0.6,0.6666666666666666,1.0,0.72,0.7777777777777779
3532,St. Louis,Median Income,zip,2670,RGNN,2,1.0,0.8,0.6666666666666666,1.0,0.88,0.7777777777777779
3533,St. Louis,Median Income,zip,2670,RGNN,3,1.0,0.7,0.5,1.0,0.88,0.6666666666666666
3534,St. Louis,Median Income,zip,2670,RGNN,4,1.0,0.9,0.9166666666666666,1.0,1.0,0.888888888888889
3535,St. Louis,Median Income,zip,2670,RGNN,5,1.0,0.8,0.4166666666666667,1.0,0.8,0.4166666666666667
3536,St. Louis,Median Income,zip,2670,RGNN,6,1.0,0.5,0.5833333333333334,1.0,0.4,0.6944444444444444
3537,St. Louis,Median Income,zip,2670,RGNN,7,1.0,0.7,0.8333333333333334,1.0,0.8400000000000001,0.8055555555555556
3538,St. Louis,Median Income,zip,2670,RGNN,8,1.0,0.8,0.75,1.0,0.72,0.7222222222222223
3539,St. Louis,Median Income,zip,2670,RGNN,9,1.0,0.7,0.6666666666666666,1.0,0.76,0.763888888888889
3540,St. Louis,Median Income,zip,2670,Feat-RGNN,0,1.0,0.7,0.6666666666666666,1.0,0.92,0.5555555555555556
3541,St. Louis,Median Income,zip,2670,Feat-RGNN,1,1.0,0.6,0.5,1.0,0.6,0.5277777777777778
3542,St. Louis,Median Income,zip,2670,Feat-RGNN,2,1.0,0.6,0.4166666666666667,1.0,0.64,0.5833333333333334
3543,St. Louis,Median Income,zip,2670,Feat-RGNN,3,1.0,0.6,0.5,1.0,0.39999999999999997,0.5555555555555556
3544,St. Louis,Median Income,zip,2670,Feat-RGNN,4,0.96875,0.7,0.75,0.984375,0.68,0.7222222222222223
3545,St. Louis,Median Income,zip,2670,Feat-RGNN,5,1.0,0.9,0.4166666666666667,1.0,0.92,0.40277777777777785
3546,St. Louis,Median Income,zip,2670,Feat-RGNN,6,1.0,0.4,0.6666666666666666,1.0,0.4,0.4722222222222222
3547,St. Louis,Median Income,zip,2670,Feat-RGNN,7,1.0,0.7,0.5,1.0,0.56,0.5
3548,St. Louis,Median Income,zip,2670,Feat-RGNN,8,0.96875,0.6,0.6666666666666666,0.9921875,0.7600000000000001,0.6666666666666667
3549,St. Louis,Median Income,zip,2670,Feat-RGNN,9,1.0,0.5,0.5833333333333334,1.0,0.44000000000000006,0.7222222222222222
3550,St. Louis,Median Income,zip,2670,Feat\&PC-RGNN,0,1.0,0.9,0.5833333333333334,1.0,0.8800000000000001,0.5277777777777778
3551,St. Louis,Median Income,zip,2670,Feat\&PC-RGNN,1,1.0,0.5,0.75,1.0,0.64,0.7222222222222222
3552,St. Louis,Median Income,zip,2670,Feat\&PC-RGNN,2,1.0,0.6,0.6666666666666666,1.0,0.76,0.6944444444444444
3553,St. Louis,Median Income,zip,2670,Feat\&PC-RGNN,3,1.0,0.6,0.75,1.0,0.6799999999999999,0.9166666666666667
3554,St. Louis,Median Income,zip,2670,Feat\&PC-RGNN,4,1.0,0.7,0.9166666666666666,1.0,0.92,0.8611111111111112
3555,St. Louis,Median Income,zip,2670,Feat\&PC-RGNN,5,1.0,0.9,0.5,1.0,1.0,0.3888888888888889
3556,St. Louis,Median Income,zip,2670,Feat\&PC-RGNN,6,1.0,0.8,0.6666666666666666,1.0,0.8200000000000001,0.5833333333333334
3557,St. Louis,Median Income,zip,2670,Feat\&PC-RGNN,7,1.0,0.7,0.75,1.0,0.8400000000000001,0.6111111111111112
3558,St. Louis,Median Income,zip,2670,Feat\&PC-RGNN,8,1.0,0.5,0.6666666666666666,1.0,0.64,0.7222222222222223
3559,St. Louis,Median Income,zip,2670,Feat\&PC-RGNN,9,1.0,0.6,0.75,1.0,0.68,0.75
3560,St. Louis,Median Income,zip,2670,LightGCN,0,1.0,0.9,0.5833333333333334,1.0,0.9600000000000001,0.6666666666666667
3561,St. Louis,Median Income,zip,2670,LightGCN,1,1.0,0.4,0.5833333333333334,1.0,0.48,0.7777777777777778
3562,St. Louis,Median Income,zip,2670,LightGCN,2,1.0,0.7,0.5833333333333334,1.0,0.64,0.5555555555555556
3563,St. Louis,Median Income,zip,2670,LightGCN,3,1.0,0.7,0.5833333333333334,1.0,0.72,0.6944444444444444
3564,St. Louis,Median Income,zip,2670,LightGCN,4,1.0,0.8,0.8333333333333334,1.0,0.92,0.9722222222222223
3565,St. Louis,Median Income,zip,2670,LightGCN,5,1.0,0.8,0.5,1.0,0.9600000000000001,0.47222222222222227
3566,St. Louis,Median Income,zip,2670,LightGCN,6,1.0,0.5,0.5833333333333334,1.0,0.36,0.7222222222222223
3567,St. Louis,Median Income,zip,2670,LightGCN,7,1.0,0.7,0.5,1.0,0.76,0.6944444444444444
3568,St. Louis,Median Income,zip,2670,LightGCN,8,1.0,0.6,0.75,1.0,0.64,0.8055555555555556
3569,St. Louis,Median Income,zip,2670,LightGCN,9,1.0,0.6,0.5833333333333334,1.0,0.36000000000000004,0.8055555555555556
3570,St. Louis,Median Income,zip,2670,Feat-LightGCN,0,1.0,0.9,0.8333333333333334,1.0,1.0,0.888888888888889
3571,St. Louis,Median Income,zip,2670,Feat-LightGCN,1,1.0,0.5,0.5833333333333334,1.0,0.8400000000000001,0.7777777777777778
3572,St. Louis,Median Income,zip,2670,Feat-LightGCN,2,1.0,0.7,0.6666666666666666,1.0,0.8,0.8611111111111112
3573,St. Louis,Median Income,zip,2670,Feat-LightGCN,3,1.0,0.8,0.8333333333333334,1.0,0.92,0.9166666666666667
3574,St. Louis,Median Income,zip,2670,Feat-LightGCN,4,1.0,0.6,0.8333333333333334,1.0,0.72,0.9444444444444445
3575,St. Louis,Median Income,zip,2670,Feat-LightGCN,5,1.0,0.9,0.4166666666666667,1.0,0.9600000000000001,0.5555555555555556
3576,St. Louis,Median Income,zip,2670,Feat-LightGCN,6,1.0,0.6,0.75,1.0,0.31999999999999995,0.8333333333333333
3577,St. Louis,Median Income,zip,2670,Feat-LightGCN,7,1.0,0.6,0.5833333333333334,1.0,0.72,0.7222222222222222
3578,St. Louis,Median Income,zip,2670,Feat-LightGCN,8,1.0,0.8,0.75,1.0,0.88,0.9444444444444444
3579,St. Louis,Median Income,zip,2670,Feat-LightGCN,9,1.0,0.4,0.75,1.0,0.31999999999999995,0.75
3580,St. Louis,Median Income,zip,2670,Feat\&PC-LightGCN,0,1.0,0.6,0.75,1.0,0.84,0.7777777777777779
3581,St. Louis,Median Income,zip,2670,Feat\&PC-LightGCN,1,1.0,0.6,0.75,1.0,0.6000000000000001,0.6944444444444444
3582,St. Louis,Median Income,zip,2670,Feat\&PC-LightGCN,2,1.0,0.8,0.5,1.0,1.0,0.5
3583,St. Louis,Median Income,zip,2670,Feat\&PC-LightGCN,3,1.0,0.7,0.75,1.0,0.72,0.6944444444444444
3584,St. Louis,Median Income,zip,2670,Feat\&PC-LightGCN,4,1.0,0.6,0.9166666666666666,1.0,0.72,0.9722222222222223
3585,St. Louis,Median Income,zip,2670,Feat\&PC-LightGCN,5,1.0,0.9,0.5833333333333334,1.0,0.8400000000000001,0.5833333333333335
3586,St. Louis,Median Income,zip,2670,Feat\&PC-LightGCN,6,1.0,0.6,0.5833333333333334,1.0,0.44,0.6111111111111112
3587,St. Louis,Median Income,zip,2670,Feat\&PC-LightGCN,7,1.0,0.7,0.5833333333333334,1.0,0.7,0.6666666666666667
3588,St. Louis,Median Income,zip,2670,Feat\&PC-LightGCN,8,1.0,0.7,0.6666666666666666,1.0,0.8400000000000001,0.8055555555555556
3589,St. Louis,Median Income,zip,2670,Feat\&PC-LightGCN,9,1.0,0.5,0.75,1.0,0.64,0.8333333333333334
3590,St. Louis,Median Income,zip,2670,NoPreTrain,0,1.0,0.5,0.5833333333333334,1.0,0.4000000000000001,0.6388888888888888
3591,St. Louis,Median Income,zip,2670,NoPreTrain,1,1.0,0.5,0.5,1.0,0.4,0.5
3592,St. Louis,Median Income,zip,2670,NoPreTrain,2,1.0,0.8,0.25,1.0,0.88,0.3055555555555556
3593,St. Louis,Median Income,zip,2670,NoPreTrain,3,1.0,0.5,0.6666666666666666,1.0,0.72,0.6944444444444444
3594,St. Louis,Median Income,zip,2670,NoPreTrain,4,1.0,0.7,0.75,1.0,0.8400000000000001,0.75
3595,St. Louis,Median Income,zip,2670,NoPreTrain,5,1.0,0.8,0.5,1.0,0.8,0.5833333333333334
3596,St. Louis,Median Income,zip,2670,NoPreTrain,6,1.0,0.5,0.6666666666666666,1.0,0.44000000000000006,0.5
3597,St. Louis,Median Income,zip,2670,NoPreTrain,7,1.0,0.7,0.4166666666666667,1.0,0.76,0.27777777777777785
3598,St. Louis,Median Income,zip,2670,NoPreTrain,8,1.0,0.4,0.6666666666666666,1.0,0.4,0.7777777777777779
3599,St. Louis,Median Income,zip,2670,NoPreTrain,9,1.0,0.6,0.8333333333333334,1.0,0.52,0.8055555555555556
3600,St. Louis,Median Home Value,zip,2670,Emb,0,1.0,0.8,0.8333333333333334,1.0,0.84,0.888888888888889
3601,St. Louis,Median Home Value,zip,2670,Emb,1,1.0,0.5,0.5,1.0,0.52,0.7777777777777778
3602,St. Louis,Median Home Value,zip,2670,Emb,2,1.0,0.5,0.75,1.0,0.6399999999999999,0.8333333333333334
3603,St. Louis,Median Home Value,zip,2670,Emb,3,1.0,0.8,0.5,1.0,1.0,0.4444444444444444
3604,St. Louis,Median Home Value,zip,2670,Emb,4,1.0,0.8,0.75,1.0,0.84,0.8055555555555556
3605,St. Louis,Median Home Value,zip,2670,Emb,5,1.0,0.6,0.5833333333333334,1.0,0.56,0.4444444444444444
3606,St. Louis,Median Home Value,zip,2670,Emb,6,1.0,0.7,0.75,1.0,0.72,0.6944444444444444
3607,St. Louis,Median Home Value,zip,2670,Emb,7,1.0,0.8,0.5833333333333334,1.0,0.9600000000000001,0.5
3608,St. Louis,Median Home Value,zip,2670,Emb,8,1.0,0.7,0.16666666666666666,1.0,0.68,0.2777777777777778
3609,St. Louis,Median Home Value,zip,2670,Emb,9,1.0,0.4,0.6666666666666666,1.0,0.6,0.7777777777777779
3610,St. Louis,Median Home Value,zip,2670,RGNN,0,1.0,0.8,0.5833333333333334,1.0,0.88,0.8055555555555556
3611,St. Louis,Median Home Value,zip,2670,RGNN,1,1.0,0.7,1.0,1.0,0.84,1.0
3612,St. Louis,Median Home Value,zip,2670,RGNN,2,1.0,0.8,0.8333333333333334,1.0,0.92,1.0
3613,St. Louis,Median Home Value,zip,2670,RGNN,3,1.0,0.8,0.5833333333333334,1.0,1.0,0.6944444444444444
3614,St. Louis,Median Home Value,zip,2670,RGNN,4,1.0,0.8,0.75,1.0,0.92,0.7777777777777778
3615,St. Louis,Median Home Value,zip,2670,RGNN,5,1.0,0.5,0.75,1.0,0.36,0.7777777777777778
3616,St. Louis,Median Home Value,zip,2670,RGNN,6,1.0,0.8,0.6666666666666666,1.0,0.88,0.8055555555555556
3617,St. Louis,Median Home Value,zip,2670,RGNN,7,1.0,0.9,0.5,1.0,1.0,0.611111111111111
3618,St. Louis,Median Home Value,zip,2670,RGNN,8,1.0,0.8,0.6666666666666666,1.0,0.9600000000000001,0.6388888888888888
3619,St. Louis,Median Home Value,zip,2670,RGNN,9,1.0,0.4,0.8333333333333334,1.0,0.6799999999999999,0.9166666666666667
3620,St. Louis,Median Home Value,zip,2670,Feat-RGNN,0,1.0,0.8,0.75,1.0,0.88,0.7222222222222223
3621,St. Louis,Median Home Value,zip,2670,Feat-RGNN,1,1.0,1.0,0.5833333333333334,1.0,1.0,0.638888888888889
3622,St. Louis,Median Home Value,zip,2670,Feat-RGNN,2,1.0,0.8,0.75,1.0,0.9600000000000001,0.888888888888889
3623,St. Louis,Median Home Value,zip,2670,Feat-RGNN,3,1.0,0.7,0.4166666666666667,1.0,0.88,0.5555555555555556
3624,St. Louis,Median Home Value,zip,2670,Feat-RGNN,4,1.0,0.8,0.75,1.0,0.8800000000000001,0.7777777777777778
3625,St. Louis,Median Home Value,zip,2670,Feat-RGNN,5,1.0,0.5,0.75,1.0,0.6,0.8333333333333333
3626,St. Louis,Median Home Value,zip,2670,Feat-RGNN,6,1.0,0.7,0.5,1.0,0.6800000000000002,0.6388888888888888
3627,St. Louis,Median Home Value,zip,2670,Feat-RGNN,7,1.0,0.9,0.5,1.0,0.9600000000000001,0.5416666666666667
3628,St. Louis,Median Home Value,zip,2670,Feat-RGNN,8,1.0,0.5,0.4166666666666667,1.0,0.68,0.5833333333333333
3629,St. Louis,Median Home Value,zip,2670,Feat-RGNN,9,1.0,0.4,0.5833333333333334,1.0,0.64,0.8055555555555556
3630,St. Louis,Median Home Value,zip,2670,Feat\&PC-RGNN,0,1.0,0.7,0.6666666666666666,1.0,0.78,0.8333333333333334
3631,St. Louis,Median Home Value,zip,2670,Feat\&PC-RGNN,1,1.0,0.8,0.9166666666666666,1.0,0.84,1.0
3632,St. Louis,Median Home Value,zip,2670,Feat\&PC-RGNN,2,1.0,0.8,0.8333333333333334,1.0,0.8,0.9166666666666667
3633,St. Louis,Median Home Value,zip,2670,Feat\&PC-RGNN,3,1.0,0.8,0.75,1.0,0.8800000000000001,0.6111111111111112
3634,St. Louis,Median Home Value,zip,2670,Feat\&PC-RGNN,4,1.0,0.9,0.5833333333333334,1.0,0.88,0.5833333333333333
3635,St. Louis,Median Home Value,zip,2670,Feat\&PC-RGNN,5,1.0,0.4,0.9166666666666666,1.0,0.4,0.9722222222222223
3636,St. Louis,Median Home Value,zip,2670,Feat\&PC-RGNN,6,1.0,0.8,0.4166666666666667,1.0,0.8400000000000001,0.5555555555555556
3637,St. Louis,Median Home Value,zip,2670,Feat\&PC-RGNN,7,1.0,0.8,0.6666666666666666,1.0,0.8,0.8611111111111112
3638,St. Louis,Median Home Value,zip,2670,Feat\&PC-RGNN,8,1.0,0.9,0.4166666666666667,1.0,0.92,0.41666666666666663
3639,St. Louis,Median Home Value,zip,2670,Feat\&PC-RGNN,9,1.0,0.5,0.8333333333333334,1.0,0.56,0.888888888888889
3640,St. Louis,Median Home Value,zip,2670,LightGCN,0,1.0,0.8,0.5833333333333334,1.0,0.9600000000000001,0.8611111111111112
3641,St. Louis,Median Home Value,zip,2670,LightGCN,1,1.0,0.8,0.75,1.0,0.8,1.0
3642,St. Louis,Median Home Value,zip,2670,LightGCN,2,1.0,0.9,0.8333333333333334,1.0,0.88,0.9444444444444445
3643,St. Louis,Median Home Value,zip,2670,LightGCN,3,1.0,0.9,0.6666666666666666,1.0,0.92,0.8333333333333333
3644,St. Louis,Median Home Value,zip,2670,LightGCN,4,1.0,0.8,0.6666666666666666,1.0,0.92,0.7222222222222222
3645,St. Louis,Median Home Value,zip,2670,LightGCN,5,1.0,0.7,0.75,1.0,0.6799999999999999,0.7777777777777778
3646,St. Louis,Median Home Value,zip,2670,LightGCN,6,1.0,0.7,0.6666666666666666,1.0,0.8400000000000001,0.7222222222222222
3647,St. Louis,Median Home Value,zip,2670,LightGCN,7,1.0,0.8,0.3333333333333333,1.0,1.0,0.5
3648,St. Louis,Median Home Value,zip,2670,LightGCN,8,1.0,0.7,0.5833333333333334,1.0,0.84,0.6388888888888888
3649,St. Louis,Median Home Value,zip,2670,LightGCN,9,1.0,0.5,0.5833333333333334,1.0,0.42000000000000004,0.7777777777777778
3650,St. Louis,Median Home Value,zip,2670,Feat-LightGCN,0,1.0,0.8,0.75,1.0,0.9600000000000001,1.0
3651,St. Louis,Median Home Value,zip,2670,Feat-LightGCN,1,1.0,0.9,1.0,1.0,0.92,1.0
3652,St. Louis,Median Home Value,zip,2670,Feat-LightGCN,2,1.0,0.9,1.0,1.0,1.0,1.0
3653,St. Louis,Median Home Value,zip,2670,Feat-LightGCN,3,1.0,0.9,0.6666666666666666,1.0,0.92,0.8055555555555556
3654,St. Louis,Median Home Value,zip,2670,Feat-LightGCN,4,1.0,0.8,0.75,1.0,0.84,0.9166666666666667
3655,St. Louis,Median Home Value,zip,2670,Feat-LightGCN,5,1.0,0.6,0.75,1.0,0.76,0.8333333333333333
3656,St. Louis,Median Home Value,zip,2670,Feat-LightGCN,6,1.0,0.8,0.6666666666666666,1.0,0.88,0.888888888888889
3657,St. Louis,Median Home Value,zip,2670,Feat-LightGCN,7,1.0,0.8,0.6666666666666666,1.0,1.0,0.8333333333333334
3658,St. Louis,Median Home Value,zip,2670,Feat-LightGCN,8,1.0,0.8,0.6666666666666666,1.0,1.0,0.7500000000000001
3659,St. Louis,Median Home Value,zip,2670,Feat-LightGCN,9,1.0,0.7,0.5833333333333334,1.0,0.8,0.7777777777777779
3660,St. Louis,Median Home Value,zip,2670,Feat\&PC-LightGCN,0,1.0,0.8,0.75,1.0,0.92,0.7500000000000001
3661,St. Louis,Median Home Value,zip,2670,Feat\&PC-LightGCN,1,1.0,0.9,0.75,1.0,0.8,0.888888888888889
3662,St. Louis,Median Home Value,zip,2670,Feat\&PC-LightGCN,2,1.0,0.8,0.9166666666666666,1.0,0.8800000000000001,0.9722222222222223
3663,St. Louis,Median Home Value,zip,2670,Feat\&PC-LightGCN,3,1.0,0.7,0.5833333333333334,1.0,0.88,0.75
3664,St. Louis,Median Home Value,zip,2670,Feat\&PC-LightGCN,4,1.0,0.7,0.75,1.0,0.92,1.0
3665,St. Louis,Median Home Value,zip,2670,Feat\&PC-LightGCN,5,1.0,0.4,0.75,1.0,0.64,0.8611111111111112
3666,St. Louis,Median Home Value,zip,2670,Feat\&PC-LightGCN,6,1.0,0.6,0.75,1.0,0.8400000000000001,0.888888888888889
3667,St. Louis,Median Home Value,zip,2670,Feat\&PC-LightGCN,7,1.0,0.9,0.5,1.0,0.9600000000000001,0.6388888888888888
3668,St. Louis,Median Home Value,zip,2670,Feat\&PC-LightGCN,8,1.0,0.8,0.6666666666666666,1.0,0.9600000000000001,0.9166666666666667
3669,St. Louis,Median Home Value,zip,2670,Feat\&PC-LightGCN,9,1.0,0.6,0.75,1.0,0.64,0.8333333333333334
3670,St. Louis,Median Home Value,zip,2670,NoPreTrain,0,1.0,0.6,0.5833333333333334,1.0,0.64,0.75
3671,St. Louis,Median Home Value,zip,2670,NoPreTrain,1,1.0,0.7,0.75,1.0,0.8400000000000001,0.8055555555555556
3672,St. Louis,Median Home Value,zip,2670,NoPreTrain,2,1.0,0.6,0.75,1.0,0.64,0.7777777777777778
3673,St. Louis,Median Home Value,zip,2670,NoPreTrain,3,1.0,0.6,0.4166666666666667,1.0,0.72,0.6666666666666666
3674,St. Louis,Median Home Value,zip,2670,NoPreTrain,4,1.0,0.7,0.6666666666666666,1.0,0.64,0.5833333333333334
3675,St. Louis,Median Home Value,zip,2670,NoPreTrain,5,1.0,0.6,0.75,1.0,0.64,0.8055555555555555
3676,St. Louis,Median Home Value,zip,2670,NoPreTrain,6,1.0,0.7,0.8333333333333334,1.0,0.52,0.8055555555555556
3677,St. Louis,Median Home Value,zip,2670,NoPreTrain,7,0.96875,0.8,0.8333333333333334,1.0,0.8,0.8333333333333334
3678,St. Louis,Median Home Value,zip,2670,NoPreTrain,8,0.96875,0.4,0.5,1.0,0.32,0.5555555555555556
3679,St. Louis,Median Home Value,zip,2670,NoPreTrain,9,1.0,0.6,0.8333333333333334,1.0,0.72,0.7222222222222223
3680,St. Louis,Commute Time,zip,2670,Emb,0,1.0,0.5,0.6666666666666666,1.0,0.4,0.75
3681,St. Louis,Commute Time,zip,2670,Emb,1,1.0,0.5,0.5,1.0,0.44,0.6944444444444444
3682,St. Louis,Commute Time,zip,2670,Emb,2,1.0,0.5,0.3333333333333333,1.0,0.76,0.16666666666666663
3683,St. Louis,Commute Time,zip,2670,Emb,3,1.0,0.5,0.6666666666666666,1.0,0.68,0.6111111111111112
3684,St. Louis,Commute Time,zip,2670,Emb,4,1.0,0.6,0.25,1.0,0.8,0.2222222222222222
3685,St. Louis,Commute Time,zip,2670,Emb,5,1.0,0.6,0.25,1.0,0.44,0.19444444444444442
3686,St. Louis,Commute Time,zip,2670,Emb,6,1.0,0.5,0.4166666666666667,1.0,0.4,0.25
3687,St. Louis,Commute Time,zip,2670,Emb,7,1.0,0.8,0.5833333333333334,1.0,0.84,0.7222222222222221
3688,St. Louis,Commute Time,zip,2670,Emb,8,1.0,0.4,0.4166666666666667,1.0,0.39999999999999997,0.36111111111111116
3689,St. Louis,Commute Time,zip,2670,Emb,9,1.0,0.6,0.5,1.0,0.7200000000000001,0.6944444444444444
3690,St. Louis,Commute Time,zip,2670,RGNN,0,0.96875,0.5,0.75,1.0,0.52,0.8055555555555557
3691,St. Louis,Commute Time,zip,2670,RGNN,1,0.96875,0.5,0.6666666666666666,1.0,0.44,0.7222222222222223
3692,St. Louis,Commute Time,zip,2670,RGNN,2,0.96875,0.6,0.5833333333333334,1.0,0.8,0.611111111111111
3693,St. Louis,Commute Time,zip,2670,RGNN,3,0.96875,0.5,0.5,1.0,0.4,0.5555555555555556
3694,St. Louis,Commute Time,zip,2670,RGNN,4,1.0,0.8,0.4166666666666667,1.0,0.8,0.41666666666666663
3695,St. Louis,Commute Time,zip,2670,RGNN,5,1.0,0.4,0.4166666666666667,1.0,0.36,0.3333333333333333
3696,St. Louis,Commute Time,zip,2670,RGNN,6,1.0,0.7,0.3333333333333333,1.0,0.76,0.11111111111111112
3697,St. Louis,Commute Time,zip,2670,RGNN,7,1.0,0.7,0.5833333333333334,1.0,0.88,0.5555555555555556
3698,St. Louis,Commute Time,zip,2670,RGNN,8,1.0,0.5,0.6666666666666666,1.0,0.6799999999999999,0.5833333333333333
3699,St. Louis,Commute Time,zip,2670,RGNN,9,1.0,0.5,0.6666666666666666,1.0,0.56,0.6666666666666667
3700,St. Louis,Commute Time,zip,2670,Feat-RGNN,0,1.0,0.5,0.6666666666666666,1.0,0.72,0.7222222222222222
3701,St. Louis,Commute Time,zip,2670,Feat-RGNN,1,0.96875,0.4,0.75,1.0,0.36,1.0
3702,St. Louis,Commute Time,zip,2670,Feat-RGNN,2,1.0,0.4,0.6666666666666666,1.0,0.52,0.8333333333333334
3703,St. Louis,Commute Time,zip,2670,Feat-RGNN,3,0.9375,0.4,0.3333333333333333,0.99609375,0.36,0.4444444444444444
3704,St. Louis,Commute Time,zip,2670,Feat-RGNN,4,1.0,0.7,0.5,1.0,0.92,0.3888888888888889
3705,St. Louis,Commute Time,zip,2670,Feat-RGNN,5,1.0,0.6,0.5833333333333334,1.0,0.52,0.5555555555555556
3706,St. Louis,Commute Time,zip,2670,Feat-RGNN,6,1.0,0.9,0.5833333333333334,1.0,0.8400000000000001,0.3888888888888889
3707,St. Louis,Commute Time,zip,2670,Feat-RGNN,7,1.0,0.7,0.6666666666666666,1.0,0.76,0.6666666666666667
3708,St. Louis,Commute Time,zip,2670,Feat-RGNN,8,1.0,0.2,0.5,1.0,0.24,0.4722222222222222
3709,St. Louis,Commute Time,zip,2670,Feat-RGNN,9,0.96875,0.7,0.6666666666666666,0.99609375,0.8,0.7222222222222223
3710,St. Louis,Commute Time,zip,2670,Feat\&PC-RGNN,0,1.0,0.6,0.5833333333333334,1.0,0.56,0.5555555555555556
3711,St. Louis,Commute Time,zip,2670,Feat\&PC-RGNN,1,0.96875,0.3,0.75,1.0,0.28,0.8055555555555556
3712,St. Louis,Commute Time,zip,2670,Feat\&PC-RGNN,2,1.0,0.4,0.8333333333333334,1.0,0.52,0.8611111111111112
3713,St. Louis,Commute Time,zip,2670,Feat\&PC-RGNN,3,1.0,0.4,0.25,1.0,0.24,0.3055555555555556
3714,St. Louis,Commute Time,zip,2670,Feat\&PC-RGNN,4,1.0,0.8,0.4166666666666667,1.0,0.72,0.4444444444444444
3715,St. Louis,Commute Time,zip,2670,Feat\&PC-RGNN,5,1.0,0.6,0.3333333333333333,1.0,0.48,0.3888888888888889
3716,St. Louis,Commute Time,zip,2670,Feat\&PC-RGNN,6,1.0,0.5,0.08333333333333333,1.0,0.56,0.11111111111111108
3717,St. Louis,Commute Time,zip,2670,Feat\&PC-RGNN,7,1.0,0.8,0.4166666666666667,1.0,0.76,0.41666666666666663
3718,St. Louis,Commute Time,zip,2670,Feat\&PC-RGNN,8,1.0,0.3,0.4166666666666667,1.0,0.36,0.3888888888888889
3719,St. Louis,Commute Time,zip,2670,Feat\&PC-RGNN,9,1.0,0.6,0.5833333333333334,1.0,0.52,0.6111111111111112
3720,St. Louis,Commute Time,zip,2670,LightGCN,0,1.0,0.6,0.5833333333333334,1.0,0.8,0.75
3721,St. Louis,Commute Time,zip,2670,LightGCN,1,1.0,0.6,0.8333333333333334,1.0,0.6000000000000001,0.9166666666666667
3722,St. Louis,Commute Time,zip,2670,LightGCN,2,1.0,0.4,0.8333333333333334,1.0,0.48,0.8333333333333334
3723,St. Louis,Commute Time,zip,2670,LightGCN,3,1.0,0.5,0.5,1.0,0.39999999999999997,0.5833333333333333
3724,St. Louis,Commute Time,zip,2670,LightGCN,4,1.0,0.9,0.5833333333333334,1.0,0.8800000000000001,0.7222222222222222
3725,St. Louis,Commute Time,zip,2670,LightGCN,5,1.0,0.3,0.5833333333333334,1.0,0.48,0.38888888888888895
3726,St. Louis,Commute Time,zip,2670,LightGCN,6,1.0,0.7,0.3333333333333333,1.0,0.48,0.25
3727,St. Louis,Commute Time,zip,2670,LightGCN,7,1.0,0.7,0.6666666666666666,1.0,0.8,0.8055555555555556
3728,St. Louis,Commute Time,zip,2670,LightGCN,8,1.0,0.3,0.5,1.0,0.32,0.6111111111111112
3729,St. Louis,Commute Time,zip,2670,LightGCN,9,1.0,0.6,0.5833333333333334,1.0,0.64,0.6527777777777778
3730,St. Louis,Commute Time,zip,2670,Feat-LightGCN,0,1.0,0.6,0.5,1.0,0.6399999999999999,0.75
3731,St. Louis,Commute Time,zip,2670,Feat-LightGCN,1,1.0,0.5,0.8333333333333334,1.0,0.64,0.9166666666666667
3732,St. Louis,Commute Time,zip,2670,Feat-LightGCN,2,1.0,0.5,0.75,1.0,0.48000000000000004,0.75
3733,St. Louis,Commute Time,zip,2670,Feat-LightGCN,3,1.0,0.5,0.6666666666666666,1.0,0.4,0.7777777777777778
3734,St. Louis,Commute Time,zip,2670,Feat-LightGCN,4,1.0,0.7,0.5833333333333334,1.0,0.76,0.6944444444444444
3735,St. Louis,Commute Time,zip,2670,Feat-LightGCN,5,1.0,0.5,0.4166666666666667,1.0,0.56,0.5
3736,St. Louis,Commute Time,zip,2670,Feat-LightGCN,6,1.0,0.8,0.25,1.0,0.76,0.22222222222222224
3737,St. Louis,Commute Time,zip,2670,Feat-LightGCN,7,1.0,0.7,0.75,1.0,0.76,0.7777777777777779
3738,St. Louis,Commute Time,zip,2670,Feat-LightGCN,8,1.0,0.5,0.5,1.0,0.6,0.4444444444444444
3739,St. Louis,Commute Time,zip,2670,Feat-LightGCN,9,1.0,0.6,0.5833333333333334,1.0,0.68,0.75
3740,St. Louis,Commute Time,zip,2670,Feat\&PC-LightGCN,0,1.0,0.7,0.5833333333333334,1.0,0.8,0.8333333333333334
3741,St. Louis,Commute Time,zip,2670,Feat\&PC-LightGCN,1,1.0,0.5,0.75,1.0,0.52,0.9166666666666667
3742,St. Louis,Commute Time,zip,2670,Feat\&PC-LightGCN,2,1.0,0.5,0.75,1.0,0.56,0.5555555555555556
3743,St. Louis,Commute Time,zip,2670,Feat\&PC-LightGCN,3,1.0,0.7,0.5833333333333334,1.0,0.6000000000000001,0.5277777777777778
3744,St. Louis,Commute Time,zip,2670,Feat\&PC-LightGCN,4,1.0,0.8,0.5,1.0,0.8,0.6666666666666667
3745,St. Louis,Commute Time,zip,2670,Feat\&PC-LightGCN,5,1.0,0.5,0.4166666666666667,1.0,0.56,0.5277777777777778
3746,St. Louis,Commute Time,zip,2670,Feat\&PC-LightGCN,6,1.0,0.8,0.4166666666666667,1.0,0.8,0.3888888888888889
3747,St. Louis,Commute Time,zip,2670,Feat\&PC-LightGCN,7,1.0,0.8,0.6666666666666666,1.0,0.74,0.5555555555555556
3748,St. Louis,Commute Time,zip,2670,Feat\&PC-LightGCN,8,1.0,0.4,0.5833333333333334,1.0,0.4,0.6666666666666667
3749,St. Louis,Commute Time,zip,2670,Feat\&PC-LightGCN,9,1.0,0.5,0.5833333333333334,1.0,0.56,0.5833333333333334
3750,St. Louis,Commute Time,zip,2670,NoPreTrain,0,1.0,0.6,0.5,1.0,0.6,0.5277777777777778
3751,St. Louis,Commute Time,zip,2670,NoPreTrain,1,0.96875,0.5,0.6666666666666666,1.0,0.48,0.75
3752,St. Louis,Commute Time,zip,2670,NoPreTrain,2,0.96875,0.6,0.5833333333333334,1.0,0.48000000000000004,0.6388888888888888
3753,St. Louis,Commute Time,zip,2670,NoPreTrain,3,0.96875,0.4,0.5833333333333334,1.0,0.56,0.5555555555555556
3754,St. Louis,Commute Time,zip,2670,NoPreTrain,4,1.0,0.6,0.5,1.0,0.52,0.5555555555555556
3755,St. Louis,Commute Time,zip,2670,NoPreTrain,5,1.0,0.7,0.3333333333333333,1.0,0.48,0.25
3756,St. Louis,Commute Time,zip,2670,NoPreTrain,6,1.0,0.6,0.3333333333333333,1.0,0.6,0.41666666666666663
3757,St. Louis,Commute Time,zip,2670,NoPreTrain,7,1.0,0.8,0.5833333333333334,1.0,0.8,0.47222222222222227
3758,St. Louis,Commute Time,zip,2670,NoPreTrain,8,1.0,0.5,0.6666666666666666,1.0,0.39999999999999997,0.6111111111111112
3759,St. Louis,Commute Time,zip,2670,NoPreTrain,9,1.0,0.9,0.5833333333333334,1.0,0.8400000000000001,0.5277777777777778
3760,St. Louis,Median Age,zip,2670,Emb,0,1.0,0.6363636363636364,0.9090909090909091,1.0,0.7,1.0
3761,St. Louis,Median Age,zip,2670,Emb,1,1.0,0.6363636363636364,0.5454545454545454,1.0,0.5,0.6666666666666666
3762,St. Louis,Median Age,zip,2670,Emb,2,1.0,0.6363636363636364,0.5454545454545454,1.0,0.7666666666666667,0.5666666666666667
3763,St. Louis,Median Age,zip,2670,Emb,3,1.0,0.5454545454545454,0.5454545454545454,1.0,0.7,0.4
3764,St. Louis,Median Age,zip,2670,Emb,4,1.0,0.6363636363636364,0.36363636363636365,1.0,0.8,0.3
3765,St. Louis,Median Age,zip,2670,Emb,5,1.0,0.6363636363636364,0.7272727272727273,1.0,0.7666666666666667,0.6333333333333333
3766,St. Louis,Median Age,zip,2670,Emb,6,1.0,0.6363636363636364,0.45454545454545453,1.0,0.7,0.3
3767,St. Louis,Median Age,zip,2670,Emb,7,1.0,0.6363636363636364,0.7272727272727273,1.0,0.5666666666666667,0.9666666666666667
3768,St. Louis,Median Age,zip,2670,Emb,8,1.0,0.2727272727272727,0.18181818181818182,1.0,0.43333333333333335,0.3
3769,St. Louis,Median Age,zip,2670,Emb,9,1.0,0.6363636363636364,0.5454545454545454,1.0,0.6333333333333333,0.5333333333333333
3770,St. Louis,Median Age,zip,2670,RGNN,0,0.65625,0.36363636363636365,0.6363636363636364,1.0,0.4,0.9
3771,St. Louis,Median Age,zip,2670,RGNN,1,1.0,0.45454545454545453,0.6363636363636364,1.0,0.4,0.7333333333333334
3772,St. Louis,Median Age,zip,2670,RGNN,2,1.0,0.6363636363636364,0.7272727272727273,1.0,0.7333333333333334,0.7000000000000001
3773,St. Louis,Median Age,zip,2670,RGNN,3,1.0,0.45454545454545453,0.5454545454545454,1.0,0.5333333333333333,0.7
3774,St. Louis,Median Age,zip,2670,RGNN,4,1.0,0.5454545454545454,0.5454545454545454,1.0,0.7333333333333334,0.5833333333333333
3775,St. Louis,Median Age,zip,2670,RGNN,5,1.0,0.5454545454545454,0.6363636363636364,1.0,0.6666666666666667,0.8666666666666667
3776,St. Louis,Median Age,zip,2670,RGNN,6,0.96875,0.8181818181818182,0.45454545454545453,0.9450980392156862,0.8333333333333334,0.5666666666666667
3777,St. Louis,Median Age,zip,2670,RGNN,7,1.0,0.5454545454545454,0.8181818181818182,1.0,0.5333333333333332,0.9333333333333333
3778,St. Louis,Median Age,zip,2670,RGNN,8,1.0,0.45454545454545453,0.36363636363636365,1.0,0.5,0.3
3779,St. Louis,Median Age,zip,2670,RGNN,9,0.96875,0.5454545454545454,0.7272727272727273,0.984313725490196,0.5333333333333333,0.9
3780,St. Louis,Median Age,zip,2670,Feat-RGNN,0,1.0,0.7272727272727273,0.9090909090909091,1.0,0.6666666666666667,0.8333333333333334
3781,St. Louis,Median Age,zip,2670,Feat-RGNN,1,1.0,0.5454545454545454,0.7272727272727273,1.0,0.4,0.8
3782,St. Louis,Median Age,zip,2670,Feat-RGNN,2,1.0,0.7272727272727273,0.5454545454545454,1.0,0.8666666666666667,0.7333333333333334
3783,St. Louis,Median Age,zip,2670,Feat-RGNN,3,1.0,0.5454545454545454,0.7272727272727273,1.0,0.7333333333333334,0.6666666666666666
3784,St. Louis,Median Age,zip,2670,Feat-RGNN,4,1.0,0.7272727272727273,0.5454545454545454,1.0,0.9333333333333333,0.5333333333333333
3785,St. Louis,Median Age,zip,2670,Feat-RGNN,5,1.0,0.6363636363636364,0.7272727272727273,1.0,0.7333333333333334,0.6666666666666667
3786,St. Louis,Median Age,zip,2670,Feat-RGNN,6,1.0,0.9090909090909091,0.45454545454545453,1.0,0.8666666666666667,0.3833333333333333
3787,St. Louis,Median Age,zip,2670,Feat-RGNN,7,1.0,0.5454545454545454,0.9090909090909091,1.0,0.6000000000000001,0.9
3788,St. Louis,Median Age,zip,2670,Feat-RGNN,8,1.0,0.6363636363636364,0.5454545454545454,1.0,0.5333333333333334,0.6
3789,St. Louis,Median Age,zip,2670,Feat-RGNN,9,0.96875,0.8181818181818182,0.7272727272727273,0.996078431372549,0.7,0.9
3790,St. Louis,Median Age,zip,2670,Feat\&PC-RGNN,0,1.0,0.36363636363636365,0.7272727272727273,1.0,0.33333333333333337,0.7333333333333334
3791,St. Louis,Median Age,zip,2670,Feat\&PC-RGNN,1,1.0,0.45454545454545453,0.8181818181818182,1.0,0.33333333333333337,0.7666666666666667
3792,St. Louis,Median Age,zip,2670,Feat\&PC-RGNN,2,1.0,0.7272727272727273,0.5454545454545454,1.0,0.7000000000000001,0.6
3793,St. Louis,Median Age,zip,2670,Feat\&PC-RGNN,3,1.0,0.45454545454545453,0.6363636363636364,1.0,0.43333333333333335,0.7666666666666666
3794,St. Louis,Median Age,zip,2670,Feat\&PC-RGNN,4,1.0,0.7272727272727273,0.45454545454545453,1.0,0.75,0.4666666666666667
3795,St. Louis,Median Age,zip,2670,Feat\&PC-RGNN,5,1.0,0.5454545454545454,0.5454545454545454,1.0,0.6333333333333333,0.6000000000000001
3796,St. Louis,Median Age,zip,2670,Feat\&PC-RGNN,6,1.0,0.6363636363636364,0.45454545454545453,1.0,0.8333333333333334,0.36666666666666664
3797,St. Louis,Median Age,zip,2670,Feat\&PC-RGNN,7,1.0,0.5454545454545454,0.8181818181818182,1.0,0.5,0.8833333333333334
3798,St. Louis,Median Age,zip,2670,Feat\&PC-RGNN,8,1.0,0.45454545454545453,0.36363636363636365,1.0,0.4,0.31666666666666665
3799,St. Louis,Median Age,zip,2670,Feat\&PC-RGNN,9,1.0,0.45454545454545453,0.5454545454545454,1.0,0.6,0.7666666666666667
3800,St. Louis,Median Age,zip,2670,LightGCN,0,1.0,0.45454545454545453,0.9090909090909091,1.0,0.4,1.0
3801,St. Louis,Median Age,zip,2670,LightGCN,1,1.0,0.45454545454545453,0.6363636363636364,1.0,0.4666666666666667,0.8333333333333334
3802,St. Louis,Median Age,zip,2670,LightGCN,2,1.0,0.7272727272727273,0.7272727272727273,1.0,0.7000000000000001,0.6000000000000001
3803,St. Louis,Median Age,zip,2670,LightGCN,3,1.0,0.45454545454545453,0.7272727272727273,1.0,0.39999999999999997,0.7
3804,St. Louis,Median Age,zip,2670,LightGCN,4,1.0,0.6363636363636364,0.5454545454545454,1.0,0.8333333333333334,0.4666666666666667
3805,St. Louis,Median Age,zip,2670,LightGCN,5,1.0,0.6363636363636364,0.6363636363636364,1.0,0.7666666666666667,0.6666666666666667
3806,St. Louis,Median Age,zip,2670,LightGCN,6,1.0,0.8181818181818182,0.45454545454545453,1.0,0.8,0.38333333333333336
3807,St. Louis,Median Age,zip,2670,LightGCN,7,1.0,0.5454545454545454,0.8181818181818182,1.0,0.43333333333333335,0.9
3808,St. Louis,Median Age,zip,2670,LightGCN,8,1.0,0.45454545454545453,0.2727272727272727,1.0,0.6666666666666667,0.4
3809,St. Louis,Median Age,zip,2670,LightGCN,9,1.0,0.45454545454545453,0.6363636363636364,1.0,0.6333333333333333,0.6666666666666667
3810,St. Louis,Median Age,zip,2670,Feat-LightGCN,0,1.0,0.5454545454545454,0.9090909090909091,1.0,0.4666666666666667,1.0
3811,St. Louis,Median Age,zip,2670,Feat-LightGCN,1,1.0,0.45454545454545453,0.8181818181818182,1.0,0.6000000000000001,0.9333333333333333
3812,St. Louis,Median Age,zip,2670,Feat-LightGCN,2,1.0,0.7272727272727273,0.6363636363636364,1.0,0.8333333333333334,0.6000000000000001
3813,St. Louis,Median Age,zip,2670,Feat-LightGCN,3,1.0,0.5454545454545454,0.6363636363636364,1.0,0.5,0.7666666666666666
3814,St. Louis,Median Age,zip,2670,Feat-LightGCN,4,1.0,0.7272727272727273,0.45454545454545453,1.0,0.8,0.4666666666666667
3815,St. Louis,Median Age,zip,2670,Feat-LightGCN,5,1.0,0.6363636363636364,0.6363636363636364,1.0,0.8333333333333334,0.6333333333333333
3816,St. Louis,Median Age,zip,2670,Feat-LightGCN,6,1.0,0.8181818181818182,0.36363636363636365,1.0,0.9000000000000001,0.5
3817,St. Louis,Median Age,zip,2670,Feat-LightGCN,7,1.0,0.5454545454545454,0.8181818181818182,1.0,0.4666666666666667,0.9
3818,St. Louis,Median Age,zip,2670,Feat-LightGCN,8,1.0,0.5454545454545454,0.36363636363636365,1.0,0.5666666666666667,0.4
3819,St. Louis,Median Age,zip,2670,Feat-LightGCN,9,1.0,0.6363636363636364,0.6363636363636364,1.0,0.6666666666666666,0.7
3820,St. Louis,Median Age,zip,2670,Feat\&PC-LightGCN,0,1.0,0.5454545454545454,0.7272727272727273,1.0,0.6333333333333333,0.8333333333333334
3821,St. Louis,Median Age,zip,2670,Feat\&PC-LightGCN,1,1.0,0.36363636363636365,0.6363636363636364,1.0,0.4666666666666667,0.6333333333333333
3822,St. Louis,Median Age,zip,2670,Feat\&PC-LightGCN,2,1.0,0.5454545454545454,0.6363636363636364,1.0,0.5666666666666667,0.7333333333333333
3823,St. Louis,Median Age,zip,2670,Feat\&PC-LightGCN,3,1.0,0.6363636363636364,0.5454545454545454,1.0,0.6333333333333333,0.6
3824,St. Louis,Median Age,zip,2670,Feat\&PC-LightGCN,4,1.0,0.9090909090909091,0.5454545454545454,1.0,0.9,0.5666666666666667
3825,St. Louis,Median Age,zip,2670,Feat\&PC-LightGCN,5,1.0,0.7272727272727273,0.45454545454545453,1.0,0.7333333333333334,0.4666666666666667
3826,St. Louis,Median Age,zip,2670,Feat\&PC-LightGCN,6,1.0,0.6363636363636364,0.36363636363636365,1.0,0.7666666666666666,0.2
3827,St. Louis,Median Age,zip,2670,Feat\&PC-LightGCN,7,1.0,0.36363636363636365,0.6363636363636364,1.0,0.5666666666666667,0.9666666666666667
3828,St. Louis,Median Age,zip,2670,Feat\&PC-LightGCN,8,1.0,0.5454545454545454,0.2727272727272727,1.0,0.5333333333333334,0.3333333333333333
3829,St. Louis,Median Age,zip,2670,Feat\&PC-LightGCN,9,1.0,0.5454545454545454,0.6363636363636364,1.0,0.6,0.9
3830,St. Louis,Median Age,zip,2670,NoPreTrain,0,1.0,0.5454545454545454,0.45454545454545453,1.0,0.4,0.3
3831,St. Louis,Median Age,zip,2670,NoPreTrain,1,1.0,0.6363636363636364,0.6363636363636364,1.0,0.3666666666666667,0.6000000000000001
3832,St. Louis,Median Age,zip,2670,NoPreTrain,2,1.0,0.6363636363636364,0.36363636363636365,1.0,0.4666666666666667,0.43333333333333335
3833,St. Louis,Median Age,zip,2670,NoPreTrain,3,1.0,0.7272727272727273,0.5454545454545454,1.0,0.5333333333333333,0.6666666666666667
3834,St. Louis,Median Age,zip,2670,NoPreTrain,4,1.0,0.6363636363636364,0.36363636363636365,1.0,0.4666666666666667,0.36666666666666664
3835,St. Louis,Median Age,zip,2670,NoPreTrain,5,1.0,0.36363636363636365,0.36363636363636365,1.0,0.5,0.30000000000000004
3836,St. Louis,Median Age,zip,2670,NoPreTrain,6,1.0,0.45454545454545453,0.45454545454545453,1.0,0.6666666666666667,0.33333333333333337
3837,St. Louis,Median Age,zip,2670,NoPreTrain,7,1.0,0.36363636363636365,0.36363636363636365,1.0,0.33333333333333337,0.6666666666666667
3838,St. Louis,Median Age,zip,2670,NoPreTrain,8,1.0,0.45454545454545453,0.36363636363636365,1.0,0.2,0.4666666666666667
3839,St. Louis,Median Age,zip,2670,NoPreTrain,9,0.9375,0.7272727272727273,0.5454545454545454,0.9921568627450981,0.6,0.7333333333333334
3840,Indianapolis,Median Income,zip,2745,Emb,0,1.0,0.6666666666666666,0.42857142857142855,1.0,0.6666666666666666,0.0
3841,Indianapolis,Median Income,zip,2745,Emb,1,1.0,0.5,0.8571428571428571,1.0,0.4444444444444445,0.8333333333333333
3842,Indianapolis,Median Income,zip,2745,Emb,2,1.0,0.6666666666666666,0.8571428571428571,1.0,0.7777777777777778,1.0
3843,Indianapolis,Median Income,zip,2745,Emb,3,1.0,0.5,0.8571428571428571,1.0,0.6666666666666666,0.9166666666666666
3844,Indianapolis,Median Income,zip,2745,Emb,4,1.0,0.6666666666666666,0.7142857142857143,1.0,0.6666666666666666,0.8333333333333334
3845,Indianapolis,Median Income,zip,2745,Emb,5,1.0,0.6666666666666666,0.7142857142857143,1.0,0.888888888888889,0.6666666666666666
3846,Indianapolis,Median Income,zip,2745,Emb,6,1.0,0.6666666666666666,0.8571428571428571,1.0,0.888888888888889,1.0
3847,Indianapolis,Median Income,zip,2745,Emb,7,1.0,1.0,0.5714285714285714,1.0,1.0,0.6666666666666666
3848,Indianapolis,Median Income,zip,2745,Emb,8,1.0,1.0,0.8571428571428571,1.0,1.0,0.75
3849,Indianapolis,Median Income,zip,2745,Emb,9,1.0,0.8333333333333334,0.42857142857142855,1.0,0.888888888888889,0.3333333333333333
3850,Indianapolis,Median Income,zip,2745,RGNN,0,1.0,1.0,0.42857142857142855,1.0,1.0,0.0
3851,Indianapolis,Median Income,zip,2745,RGNN,1,1.0,0.5,0.8571428571428571,1.0,0.888888888888889,0.9166666666666666
3852,Indianapolis,Median Income,zip,2745,RGNN,2,1.0,0.5,1.0,1.0,0.6666666666666666,1.0
3853,Indianapolis,Median Income,zip,2745,RGNN,3,1.0,0.8333333333333334,0.5714285714285714,1.0,0.7777777777777778,1.0
3854,Indianapolis,Median Income,zip,2745,RGNN,4,1.0,0.6666666666666666,0.7142857142857143,1.0,0.7777777777777778,0.9166666666666666
3855,Indianapolis,Median Income,zip,2745,RGNN,5,1.0,0.6666666666666666,0.5714285714285714,1.0,0.888888888888889,0.75
3856,Indianapolis,Median Income,zip,2745,RGNN,6,1.0,0.6666666666666666,0.8571428571428571,1.0,1.0,1.0
3857,Indianapolis,Median Income,zip,2745,RGNN,7,1.0,1.0,0.8571428571428571,1.0,1.0,0.9166666666666666
3858,Indianapolis,Median Income,zip,2745,RGNN,8,1.0,0.8333333333333334,0.8571428571428571,1.0,1.0,0.9166666666666666
3859,Indianapolis,Median Income,zip,2745,RGNN,9,1.0,0.8333333333333334,0.5714285714285714,1.0,1.0,0.6666666666666666
3860,Indianapolis,Median Income,zip,2745,Feat-RGNN,0,1.0,1.0,0.42857142857142855,1.0,1.0,0.08333333333333333
3861,Indianapolis,Median Income,zip,2745,Feat-RGNN,1,1.0,0.5,0.8571428571428571,1.0,0.5555555555555556,0.9166666666666666
3862,Indianapolis,Median Income,zip,2745,Feat-RGNN,2,1.0,0.6666666666666666,1.0,1.0,0.6666666666666666,1.0
3863,Indianapolis,Median Income,zip,2745,Feat-RGNN,3,1.0,1.0,0.7142857142857143,1.0,1.0,0.9166666666666666
3864,Indianapolis,Median Income,zip,2745,Feat-RGNN,4,1.0,0.6666666666666666,0.5714285714285714,1.0,0.7777777777777779,0.5833333333333334
3865,Indianapolis,Median Income,zip,2745,Feat-RGNN,5,1.0,0.5,0.5714285714285714,1.0,0.888888888888889,0.75
3866,Indianapolis,Median Income,zip,2745,Feat-RGNN,6,1.0,0.8333333333333334,0.7142857142857143,1.0,0.7777777777777778,0.75
3867,Indianapolis,Median Income,zip,2745,Feat-RGNN,7,0.8888888888888888,0.6666666666666666,0.5714285714285714,0.9876543209876543,1.0,0.6666666666666666
3868,Indianapolis,Median Income,zip,2745,Feat-RGNN,8,1.0,0.8333333333333334,0.8571428571428571,1.0,1.0,0.8333333333333333
3869,Indianapolis,Median Income,zip,2745,Feat-RGNN,9,1.0,0.8333333333333334,0.42857142857142855,1.0,1.0,0.5
3870,Indianapolis,Median Income,zip,2745,Feat\&PC-RGNN,0,1.0,0.6666666666666666,0.7142857142857143,1.0,0.7777777777777778,0.5
3871,Indianapolis,Median Income,zip,2745,Feat\&PC-RGNN,1,1.0,0.8333333333333334,0.7142857142857143,1.0,0.888888888888889,0.75
3872,Indianapolis,Median Income,zip,2745,Feat\&PC-RGNN,2,1.0,0.3333333333333333,0.7142857142857143,1.0,0.6666666666666666,0.8333333333333334
3873,Indianapolis,Median Income,zip,2745,Feat\&PC-RGNN,3,1.0,0.6666666666666666,0.8571428571428571,1.0,0.6666666666666667,0.8333333333333333
3874,Indianapolis,Median Income,zip,2745,Feat\&PC-RGNN,4,1.0,0.5,0.7142857142857143,1.0,0.7777777777777778,0.6666666666666666
3875,Indianapolis,Median Income,zip,2745,Feat\&PC-RGNN,5,1.0,0.8333333333333334,0.7142857142857143,1.0,0.6666666666666666,0.75
3876,Indianapolis,Median Income,zip,2745,Feat\&PC-RGNN,6,1.0,0.8333333333333334,0.5714285714285714,1.0,0.888888888888889,0.8333333333333333
3877,Indianapolis,Median Income,zip,2745,Feat\&PC-RGNN,7,1.0,0.8333333333333334,0.5714285714285714,1.0,0.6666666666666667,0.75
3878,Indianapolis,Median Income,zip,2745,Feat\&PC-RGNN,8,1.0,0.8333333333333334,0.8571428571428571,1.0,1.0,0.8333333333333333
3879,Indianapolis,Median Income,zip,2745,Feat\&PC-RGNN,9,1.0,0.6666666666666666,0.42857142857142855,1.0,0.7777777777777778,0.3333333333333333
3880,Indianapolis,Median Income,zip,2745,LightGCN,0,1.0,0.8333333333333334,0.42857142857142855,1.0,1.0,0.25
3881,Indianapolis,Median Income,zip,2745,LightGCN,1,1.0,0.5,1.0,1.0,0.6666666666666666,1.0
3882,Indianapolis,Median Income,zip,2745,LightGCN,2,1.0,0.6666666666666666,0.8571428571428571,1.0,0.6666666666666666,1.0
3883,Indianapolis,Median Income,zip,2745,LightGCN,3,1.0,0.6666666666666666,0.8571428571428571,1.0,0.888888888888889,0.9166666666666666
3884,Indianapolis,Median Income,zip,2745,LightGCN,4,1.0,0.6666666666666666,0.7142857142857143,1.0,0.7777777777777778,0.8333333333333334
3885,Indianapolis,Median Income,zip,2745,LightGCN,5,1.0,0.5,0.7142857142857143,1.0,0.7777777777777778,0.75
3886,Indianapolis,Median Income,zip,2745,LightGCN,6,1.0,0.6666666666666666,0.8571428571428571,1.0,0.888888888888889,0.9166666666666666
3887,Indianapolis,Median Income,zip,2745,LightGCN,7,1.0,1.0,0.8571428571428571,1.0,1.0,0.75
3888,Indianapolis,Median Income,zip,2745,LightGCN,8,1.0,0.8333333333333334,0.8571428571428571,1.0,1.0,1.0
3889,Indianapolis,Median Income,zip,2745,LightGCN,9,1.0,0.8333333333333334,0.42857142857142855,1.0,0.7777777777777778,0.5833333333333333
3890,Indianapolis,Median Income,zip,2745,Feat-LightGCN,0,1.0,1.0,0.42857142857142855,1.0,1.0,0.5833333333333334
3891,Indianapolis,Median Income,zip,2745,Feat-LightGCN,1,1.0,0.5,0.8571428571428571,1.0,0.888888888888889,1.0
3892,Indianapolis,Median Income,zip,2745,Feat-LightGCN,2,1.0,0.6666666666666666,1.0,1.0,0.6666666666666666,1.0
3893,Indianapolis,Median Income,zip,2745,Feat-LightGCN,3,1.0,0.8333333333333334,0.8571428571428571,1.0,0.888888888888889,0.9166666666666666
3894,Indianapolis,Median Income,zip,2745,Feat-LightGCN,4,1.0,0.6666666666666666,0.8571428571428571,1.0,0.888888888888889,0.9166666666666666
3895,Indianapolis,Median Income,zip,2745,Feat-LightGCN,5,1.0,0.5,0.7142857142857143,1.0,1.0,0.75
3896,Indianapolis,Median Income,zip,2745,Feat-LightGCN,6,1.0,0.8333333333333334,0.8571428571428571,1.0,0.888888888888889,0.9166666666666666
3897,Indianapolis,Median Income,zip,2745,Feat-LightGCN,7,1.0,1.0,0.7142857142857143,1.0,1.0,0.8333333333333333
3898,Indianapolis,Median Income,zip,2745,Feat-LightGCN,8,1.0,1.0,0.7142857142857143,1.0,1.0,1.0
3899,Indianapolis,Median Income,zip,2745,Feat-LightGCN,9,1.0,0.8333333333333334,0.42857142857142855,1.0,0.7777777777777778,0.5833333333333333
3900,Indianapolis,Median Income,zip,2745,Feat\&PC-LightGCN,0,1.0,0.8333333333333334,0.42857142857142855,1.0,1.0,0.5833333333333334
3901,Indianapolis,Median Income,zip,2745,Feat\&PC-LightGCN,1,1.0,0.3333333333333333,0.7142857142857143,1.0,0.6666666666666667,1.0
3902,Indianapolis,Median Income,zip,2745,Feat\&PC-LightGCN,2,1.0,0.5,0.8571428571428571,1.0,0.5555555555555556,0.8333333333333334
3903,Indianapolis,Median Income,zip,2745,Feat\&PC-LightGCN,3,1.0,0.6666666666666666,0.7142857142857143,1.0,0.7777777777777779,0.8333333333333334
3904,Indianapolis,Median Income,zip,2745,Feat\&PC-LightGCN,4,1.0,0.3333333333333333,0.5714285714285714,1.0,0.11111111111111112,0.75
3905,Indianapolis,Median Income,zip,2745,Feat\&PC-LightGCN,5,1.0,0.8333333333333334,0.5714285714285714,1.0,0.888888888888889,0.5833333333333333
3906,Indianapolis,Median Income,zip,2745,Feat\&PC-LightGCN,6,1.0,0.8333333333333334,0.7142857142857143,1.0,0.888888888888889,0.9166666666666666
3907,Indianapolis,Median Income,zip,2745,Feat\&PC-LightGCN,7,1.0,1.0,0.7142857142857143,1.0,1.0,0.5
3908,Indianapolis,Median Income,zip,2745,Feat\&PC-LightGCN,8,1.0,0.8333333333333334,1.0,1.0,0.6666666666666667,1.0
3909,Indianapolis,Median Income,zip,2745,Feat\&PC-LightGCN,9,1.0,0.5,0.42857142857142855,1.0,0.7777777777777778,0.5
3910,Indianapolis,Median Income,zip,2745,NoPreTrain,0,1.0,0.5,0.2857142857142857,1.0,0.5555555555555556,0.3333333333333333
3911,Indianapolis,Median Income,zip,2745,NoPreTrain,1,1.0,0.8333333333333334,0.42857142857142855,1.0,1.0,0.3333333333333333
3912,Indianapolis,Median Income,zip,2745,NoPreTrain,2,1.0,0.5,0.7142857142857143,1.0,0.5555555555555556,1.0
3913,Indianapolis,Median Income,zip,2745,NoPreTrain,3,1.0,0.5,0.42857142857142855,1.0,0.5555555555555556,0.5833333333333333
3914,Indianapolis,Median Income,zip,2745,NoPreTrain,4,1.0,0.5,0.42857142857142855,1.0,0.22222222222222224,0.5833333333333334
3915,Indianapolis,Median Income,zip,2745,NoPreTrain,5,1.0,0.6666666666666666,0.5714285714285714,1.0,0.7777777777777778,0.75
3916,Indianapolis,Median Income,zip,2745,NoPreTrain,6,1.0,0.6666666666666666,0.7142857142857143,1.0,0.6666666666666666,0.5833333333333333
3917,Indianapolis,Median Income,zip,2745,NoPreTrain,7,1.0,0.5,0.14285714285714285,1.0,0.6666666666666666,0.25
3918,Indianapolis,Median Income,zip,2745,NoPreTrain,8,1.0,0.5,0.2857142857142857,1.0,0.5555555555555556,0.5
3919,Indianapolis,Median Income,zip,2745,NoPreTrain,9,1.0,0.5,0.8571428571428571,1.0,0.5555555555555556,0.8333333333333334
3920,Indianapolis,Median Home Value,zip,2745,Emb,0,1.0,0.6666666666666666,0.7142857142857143,1.0,0.5555555555555556,0.8333333333333334
3921,Indianapolis,Median Home Value,zip,2745,Emb,1,1.0,0.8333333333333334,0.8571428571428571,1.0,1.0,0.9166666666666666
3922,Indianapolis,Median Home Value,zip,2745,Emb,2,1.0,0.8333333333333334,0.8571428571428571,1.0,1.0,1.0
3923,Indianapolis,Median Home Value,zip,2745,Emb,3,1.0,0.8333333333333334,1.0,1.0,0.888888888888889,1.0
3924,Indianapolis,Median Home Value,zip,2745,Emb,4,1.0,0.6666666666666666,0.5714285714285714,1.0,0.6666666666666667,0.6666666666666666
3925,Indianapolis,Median Home Value,zip,2745,Emb,5,1.0,0.6666666666666666,0.7142857142857143,1.0,1.0,0.41666666666666663
3926,Indianapolis,Median Home Value,zip,2745,Emb,6,1.0,0.6666666666666666,0.42857142857142855,1.0,0.888888888888889,0.5833333333333333
3927,Indianapolis,Median Home Value,zip,2745,Emb,7,1.0,0.8333333333333334,0.8571428571428571,1.0,0.888888888888889,0.9166666666666666
3928,Indianapolis,Median Home Value,zip,2745,Emb,8,1.0,0.6666666666666666,0.7142857142857143,1.0,0.7777777777777779,1.0
3929,Indianapolis,Median Home Value,zip,2745,Emb,9,1.0,0.6666666666666666,0.42857142857142855,1.0,1.0,0.6666666666666666
3930,Indianapolis,Median Home Value,zip,2745,RGNN,0,1.0,0.8333333333333334,0.8571428571428571,1.0,1.0,0.9166666666666666
3931,Indianapolis,Median Home Value,zip,2745,RGNN,1,1.0,0.6666666666666666,0.8571428571428571,1.0,1.0,1.0
3932,Indianapolis,Median Home Value,zip,2745,RGNN,2,1.0,0.5,1.0,1.0,1.0,1.0
3933,Indianapolis,Median Home Value,zip,2745,RGNN,3,1.0,0.8333333333333334,1.0,1.0,0.888888888888889,1.0
3934,Indianapolis,Median Home Value,zip,2745,RGNN,4,1.0,0.8333333333333334,0.8571428571428571,1.0,0.7777777777777779,1.0
3935,Indianapolis,Median Home Value,zip,2745,RGNN,5,1.0,0.8333333333333334,0.5714285714285714,1.0,1.0,0.5
3936,Indianapolis,Median Home Value,zip,2745,RGNN,6,1.0,0.8333333333333334,0.5714285714285714,1.0,1.0,0.6666666666666666
3937,Indianapolis,Median Home Value,zip,2745,RGNN,7,1.0,0.6666666666666666,0.8571428571428571,1.0,0.7777777777777778,0.8333333333333333
3938,Indianapolis,Median Home Value,zip,2745,RGNN,8,1.0,0.6666666666666666,1.0,1.0,1.0,1.0
3939,Indianapolis,Median Home Value,zip,2745,RGNN,9,1.0,0.6666666666666666,0.2857142857142857,1.0,0.888888888888889,0.41666666666666663
3940,Indianapolis,Median Home Value,zip,2745,Feat-RGNN,0,1.0,0.8333333333333334,0.5714285714285714,1.0,0.888888888888889,0.8333333333333334
3941,Indianapolis,Median Home Value,zip,2745,Feat-RGNN,1,1.0,0.5,0.8571428571428571,1.0,1.0,1.0
3942,Indianapolis,Median Home Value,zip,2745,Feat-RGNN,2,1.0,0.3333333333333333,1.0,1.0,0.6666666666666666,1.0
3943,Indianapolis,Median Home Value,zip,2745,Feat-RGNN,3,1.0,0.8333333333333334,0.7142857142857143,1.0,1.0,0.9166666666666666
3944,Indianapolis,Median Home Value,zip,2745,Feat-RGNN,4,1.0,0.8333333333333334,0.5714285714285714,1.0,0.888888888888889,0.6666666666666666
3945,Indianapolis,Median Home Value,zip,2745,Feat-RGNN,5,1.0,0.6666666666666666,0.5714285714285714,1.0,1.0,0.8333333333333333
3946,Indianapolis,Median Home Value,zip,2745,Feat-RGNN,6,1.0,0.6666666666666666,0.7142857142857143,1.0,0.7777777777777778,0.75
3947,Indianapolis,Median Home Value,zip,2745,Feat-RGNN,7,1.0,0.8333333333333334,1.0,1.0,1.0,1.0
3948,Indianapolis,Median Home Value,zip,2745,Feat-RGNN,8,1.0,0.6666666666666666,1.0,1.0,0.888888888888889,1.0
3949,Indianapolis,Median Home Value,zip,2745,Feat-RGNN,9,1.0,0.8333333333333334,0.5714285714285714,1.0,0.888888888888889,0.5833333333333334
3950,Indianapolis,Median Home Value,zip,2745,Feat\&PC-RGNN,0,1.0,0.5,0.7142857142857143,1.0,0.6666666666666667,0.8333333333333333
3951,Indianapolis,Median Home Value,zip,2745,Feat\&PC-RGNN,1,1.0,0.6666666666666666,0.7142857142857143,1.0,0.888888888888889,0.75
3952,Indianapolis,Median Home Value,zip,2745,Feat\&PC-RGNN,2,1.0,0.6666666666666666,0.7142857142857143,1.0,1.0,1.0
3953,Indianapolis,Median Home Value,zip,2745,Feat\&PC-RGNN,3,1.0,0.5,0.8571428571428571,1.0,0.6666666666666667,1.0
3954,Indianapolis,Median Home Value,zip,2745,Feat\&PC-RGNN,4,1.0,0.6666666666666666,0.7142857142857143,1.0,1.0,0.8333333333333333
3955,Indianapolis,Median Home Value,zip,2745,Feat\&PC-RGNN,5,1.0,0.8333333333333334,0.42857142857142855,1.0,1.0,0.6666666666666666
3956,Indianapolis,Median Home Value,zip,2745,Feat\&PC-RGNN,6,1.0,0.6666666666666666,0.7142857142857143,1.0,0.888888888888889,0.8333333333333333
3957,Indianapolis,Median Home Value,zip,2745,Feat\&PC-RGNN,7,1.0,0.6666666666666666,0.7142857142857143,1.0,0.7777777777777778,0.75
3958,Indianapolis,Median Home Value,zip,2745,Feat\&PC-RGNN,8,1.0,0.6666666666666666,0.8571428571428571,1.0,0.888888888888889,0.9166666666666666
3959,Indianapolis,Median Home Value,zip,2745,Feat\&PC-RGNN,9,1.0,0.8333333333333334,0.5714285714285714,1.0,1.0,0.5833333333333334
3960,Indianapolis,Median Home Value,zip,2745,LightGCN,0,1.0,0.8333333333333334,0.8571428571428571,1.0,0.888888888888889,1.0
3961,Indianapolis,Median Home Value,zip,2745,LightGCN,1,1.0,0.6666666666666666,0.8571428571428571,1.0,1.0,1.0
3962,Indianapolis,Median Home Value,zip,2745,LightGCN,2,1.0,0.8333333333333334,1.0,1.0,1.0,1.0
3963,Indianapolis,Median Home Value,zip,2745,LightGCN,3,1.0,0.8333333333333334,1.0,1.0,1.0,1.0
3964,Indianapolis,Median Home Value,zip,2745,LightGCN,4,1.0,0.8333333333333334,0.8571428571428571,1.0,1.0,0.9166666666666666
3965,Indianapolis,Median Home Value,zip,2745,LightGCN,5,1.0,0.6666666666666666,0.7142857142857143,1.0,1.0,0.5833333333333333
3966,Indianapolis,Median Home Value,zip,2745,LightGCN,6,1.0,0.8333333333333334,0.7142857142857143,1.0,1.0,0.8333333333333334
3967,Indianapolis,Median Home Value,zip,2745,LightGCN,7,1.0,0.8333333333333334,1.0,1.0,0.6666666666666666,1.0
3968,Indianapolis,Median Home Value,zip,2745,LightGCN,8,1.0,0.6666666666666666,1.0,1.0,0.6666666666666666,1.0
3969,Indianapolis,Median Home Value,zip,2745,LightGCN,9,1.0,0.8333333333333334,0.5714285714285714,1.0,1.0,0.75
3970,Indianapolis,Median Home Value,zip,2745,Feat-LightGCN,0,1.0,0.8333333333333334,1.0,1.0,0.6666666666666666,1.0
3971,Indianapolis,Median Home Value,zip,2745,Feat-LightGCN,1,1.0,0.8333333333333334,1.0,1.0,1.0,1.0
3972,Indianapolis,Median Home Value,zip,2745,Feat-LightGCN,2,1.0,0.6666666666666666,1.0,1.0,0.888888888888889,1.0
3973,Indianapolis,Median Home Value,zip,2745,Feat-LightGCN,3,1.0,0.8333333333333334,0.8571428571428571,1.0,0.888888888888889,1.0
3974,Indianapolis,Median Home Value,zip,2745,Feat-LightGCN,4,1.0,0.8333333333333334,0.8571428571428571,1.0,0.888888888888889,0.8333333333333333
3975,Indianapolis,Median Home Value,zip,2745,Feat-LightGCN,5,1.0,0.8333333333333334,0.5714285714285714,1.0,1.0,0.5
3976,Indianapolis,Median Home Value,zip,2745,Feat-LightGCN,6,1.0,0.8333333333333334,0.8571428571428571,1.0,1.0,0.9166666666666666
3977,Indianapolis,Median Home Value,zip,2745,Feat-LightGCN,7,1.0,0.6666666666666666,0.8571428571428571,1.0,0.6666666666666666,1.0
3978,Indianapolis,Median Home Value,zip,2745,Feat-LightGCN,8,1.0,0.6666666666666666,1.0,1.0,0.6666666666666666,1.0
3979,Indianapolis,Median Home Value,zip,2745,Feat-LightGCN,9,1.0,0.8333333333333334,0.5714285714285714,1.0,1.0,0.5833333333333333
3980,Indianapolis,Median Home Value,zip,2745,Feat\&PC-LightGCN,0,1.0,0.6666666666666666,0.5714285714285714,1.0,1.0,0.6666666666666666
3981,Indianapolis,Median Home Value,zip,2745,Feat\&PC-LightGCN,1,1.0,1.0,0.7142857142857143,1.0,1.0,0.9166666666666666
3982,Indianapolis,Median Home Value,zip,2745,Feat\&PC-LightGCN,2,1.0,0.8333333333333334,1.0,1.0,1.0,1.0
3983,Indianapolis,Median Home Value,zip,2745,Feat\&PC-LightGCN,3,1.0,0.6666666666666666,0.8571428571428571,1.0,0.888888888888889,1.0
3984,Indianapolis,Median Home Value,zip,2745,Feat\&PC-LightGCN,4,1.0,0.6666666666666666,0.8571428571428571,1.0,0.6666666666666666,0.9166666666666666
3985,Indianapolis,Median Home Value,zip,2745,Feat\&PC-LightGCN,5,1.0,1.0,0.42857142857142855,1.0,1.0,0.41666666666666663
3986,Indianapolis,Median Home Value,zip,2745,Feat\&PC-LightGCN,6,1.0,0.8333333333333334,0.8571428571428571,1.0,1.0,1.0
3987,Indianapolis,Median Home Value,zip,2745,Feat\&PC-LightGCN,7,1.0,0.8333333333333334,0.7142857142857143,1.0,0.888888888888889,1.0
3988,Indianapolis,Median Home Value,zip,2745,Feat\&PC-LightGCN,8,1.0,0.6666666666666666,1.0,1.0,1.0,1.0
3989,Indianapolis,Median Home Value,zip,2745,Feat\&PC-LightGCN,9,1.0,0.8333333333333334,0.5714285714285714,1.0,1.0,0.5833333333333333
3990,Indianapolis,Median Home Value,zip,2745,NoPreTrain,0,1.0,0.3333333333333333,0.5714285714285714,1.0,0.33333333333333337,0.75
3991,Indianapolis,Median Home Value,zip,2745,NoPreTrain,1,1.0,0.8333333333333334,0.42857142857142855,1.0,0.888888888888889,0.5
3992,Indianapolis,Median Home Value,zip,2745,NoPreTrain,2,1.0,0.6666666666666666,0.5714285714285714,1.0,0.6666666666666667,0.5833333333333333
3993,Indianapolis,Median Home Value,zip,2745,NoPreTrain,3,1.0,0.6666666666666666,0.5714285714285714,1.0,0.6666666666666667,0.8333333333333333
3994,Indianapolis,Median Home Value,zip,2745,NoPreTrain,4,1.0,0.5,0.5714285714285714,1.0,0.6666666666666667,0.41666666666666663
3995,Indianapolis,Median Home Value,zip,2745,NoPreTrain,5,1.0,0.5,0.5714285714285714,1.0,0.7777777777777779,0.5
3996,Indianapolis,Median Home Value,zip,2745,NoPreTrain,6,1.0,0.5,0.42857142857142855,1.0,0.5555555555555556,0.6666666666666666
3997,Indianapolis,Median Home Value,zip,2745,NoPreTrain,7,1.0,0.5,0.5714285714285714,1.0,0.4444444444444445,0.75
3998,Indianapolis,Median Home Value,zip,2745,NoPreTrain,8,1.0,0.6666666666666666,0.5714285714285714,1.0,0.6666666666666667,0.8333333333333333
3999,Indianapolis,Median Home Value,zip,2745,NoPreTrain,9,1.0,0.8333333333333334,0.42857142857142855,1.0,0.888888888888889,0.41666666666666663
4000,Indianapolis,Commute Time,zip,2745,Emb,0,1.0,0.3333333333333333,0.5714285714285714,1.0,0.4444444444444445,0.75
4001,Indianapolis,Commute Time,zip,2745,Emb,1,1.0,0.5,0.5714285714285714,1.0,0.6666666666666666,0.9166666666666666
4002,Indianapolis,Commute Time,zip,2745,Emb,2,1.0,0.8333333333333334,0.2857142857142857,1.0,0.6666666666666667,0.3333333333333333
4003,Indianapolis,Commute Time,zip,2745,Emb,3,1.0,0.5,0.42857142857142855,1.0,1.0,0.41666666666666663
4004,Indianapolis,Commute Time,zip,2745,Emb,4,1.0,0.5,0.5714285714285714,1.0,1.0,0.3333333333333333
4005,Indianapolis,Commute Time,zip,2745,Emb,5,1.0,0.16666666666666666,0.42857142857142855,1.0,0.0,0.5
4006,Indianapolis,Commute Time,zip,2745,Emb,6,1.0,0.5,0.7142857142857143,1.0,0.4444444444444445,1.0
4007,Indianapolis,Commute Time,zip,2745,Emb,7,1.0,0.6666666666666666,0.5714285714285714,1.0,0.6666666666666666,0.6666666666666666
4008,Indianapolis,Commute Time,zip,2745,Emb,8,1.0,0.6666666666666666,0.2857142857142857,1.0,0.5555555555555556,0.2916666666666667
4009,Indianapolis,Commute Time,zip,2745,Emb,9,1.0,0.5,0.42857142857142855,1.0,0.888888888888889,0.75
4010,Indianapolis,Commute Time,zip,2745,RGNN,0,1.0,0.3333333333333333,0.7142857142857143,1.0,0.6666666666666666,0.9166666666666666
4011,Indianapolis,Commute Time,zip,2745,RGNN,1,1.0,0.5,0.5714285714285714,1.0,0.6666666666666666,0.625
4012,Indianapolis,Commute Time,zip,2745,RGNN,2,1.0,0.5,0.2857142857142857,1.0,0.7777777777777778,0.41666666666666663
4013,Indianapolis,Commute Time,zip,2745,RGNN,3,1.0,1.0,0.42857142857142855,1.0,1.0,0.3333333333333333
4014,Indianapolis,Commute Time,zip,2745,RGNN,4,1.0,1.0,0.2857142857142857,1.0,1.0,0.3333333333333333
4015,Indianapolis,Commute Time,zip,2745,RGNN,5,1.0,0.8333333333333334,0.7142857142857143,1.0,0.6666666666666667,0.6666666666666666
4016,Indianapolis,Commute Time,zip,2745,RGNN,6,1.0,0.6666666666666666,0.5714285714285714,1.0,0.5555555555555556,0.8333333333333333
4017,Indianapolis,Commute Time,zip,2745,RGNN,7,1.0,0.5,0.7142857142857143,1.0,0.6666666666666667,0.75
4018,Indianapolis,Commute Time,zip,2745,RGNN,8,1.0,0.6666666666666666,0.5714285714285714,1.0,1.0,0.5
4019,Indianapolis,Commute Time,zip,2745,RGNN,9,1.0,0.6666666666666666,0.5714285714285714,1.0,1.0,1.0
4020,Indianapolis,Commute Time,zip,2745,Feat-RGNN,0,1.0,0.6666666666666666,0.7142857142857143,1.0,0.7777777777777778,0.6666666666666666
4021,Indianapolis,Commute Time,zip,2745,Feat-RGNN,1,1.0,0.5,0.42857142857142855,1.0,0.6666666666666666,0.5416666666666666
4022,Indianapolis,Commute Time,zip,2745,Feat-RGNN,2,1.0,0.6666666666666666,0.2857142857142857,1.0,0.7222222222222223,0.5
4023,Indianapolis,Commute Time,zip,2745,Feat-RGNN,3,1.0,1.0,0.14285714285714285,1.0,1.0,0.25
4024,Indianapolis,Commute Time,zip,2745,Feat-RGNN,4,1.0,0.8333333333333334,0.42857142857142855,1.0,1.0,0.3333333333333333
4025,Indianapolis,Commute Time,zip,2745,Feat-RGNN,5,1.0,0.5,0.5714285714285714,1.0,0.888888888888889,0.8333333333333334
4026,Indianapolis,Commute Time,zip,2745,Feat-RGNN,6,1.0,0.6666666666666666,0.5714285714285714,1.0,0.6666666666666667,0.6666666666666666
4027,Indianapolis,Commute Time,zip,2745,Feat-RGNN,7,1.0,0.6666666666666666,0.5714285714285714,1.0,0.888888888888889,0.41666666666666663
4028,Indianapolis,Commute Time,zip,2745,Feat-RGNN,8,1.0,0.6666666666666666,0.2857142857142857,1.0,0.4444444444444444,0.5
4029,Indianapolis,Commute Time,zip,2745,Feat-RGNN,9,1.0,0.5,0.2857142857142857,1.0,0.888888888888889,0.08333333333333333
4030,Indianapolis,Commute Time,zip,2745,Feat\&PC-RGNN,0,1.0,0.5,0.5714285714285714,1.0,0.4444444444444445,0.6666666666666666
4031,Indianapolis,Commute Time,zip,2745,Feat\&PC-RGNN,1,1.0,0.5,0.7142857142857143,1.0,0.4444444444444445,0.75
4032,Indianapolis,Commute Time,zip,2745,Feat\&PC-RGNN,2,1.0,0.3333333333333333,0.42857142857142855,1.0,0.22222222222222224,0.5
4033,Indianapolis,Commute Time,zip,2745,Feat\&PC-RGNN,3,1.0,0.8333333333333334,0.42857142857142855,1.0,1.0,0.3333333333333333
4034,Indianapolis,Commute Time,zip,2745,Feat\&PC-RGNN,4,1.0,0.8333333333333334,0.42857142857142855,1.0,0.7777777777777778,0.41666666666666663
4035,Indianapolis,Commute Time,zip,2745,Feat\&PC-RGNN,5,1.0,0.5,0.42857142857142855,1.0,0.22222222222222224,0.25
4036,Indianapolis,Commute Time,zip,2745,Feat\&PC-RGNN,6,1.0,0.8333333333333334,1.0,1.0,0.6666666666666666,1.0
4037,Indianapolis,Commute Time,zip,2745,Feat\&PC-RGNN,7,1.0,0.5,0.7142857142857143,1.0,0.6666666666666666,0.5833333333333334
4038,Indianapolis,Commute Time,zip,2745,Feat\&PC-RGNN,8,1.0,0.6666666666666666,0.42857142857142855,1.0,0.5555555555555556,0.5
4039,Indianapolis,Commute Time,zip,2745,Feat\&PC-RGNN,9,1.0,0.6666666666666666,0.42857142857142855,1.0,0.6666666666666666,0.5
4040,Indianapolis,Commute Time,zip,2745,LightGCN,0,1.0,0.5,0.7142857142857143,1.0,0.4444444444444445,0.5
4041,Indianapolis,Commute Time,zip,2745,LightGCN,1,1.0,0.5,0.7142857142857143,1.0,0.6666666666666666,0.7916666666666666
4042,Indianapolis,Commute Time,zip,2745,LightGCN,2,1.0,0.6666666666666666,0.5714285714285714,1.0,0.7777777777777779,0.5
4043,Indianapolis,Commute Time,zip,2745,LightGCN,3,1.0,1.0,0.14285714285714285,1.0,1.0,0.16666666666666666
4044,Indianapolis,Commute Time,zip,2745,LightGCN,4,1.0,0.6666666666666666,0.2857142857142857,1.0,1.0,0.25
4045,Indianapolis,Commute Time,zip,2745,LightGCN,5,1.0,0.5,0.42857142857142855,1.0,0.6666666666666667,0.6666666666666666
4046,Indianapolis,Commute Time,zip,2745,LightGCN,6,1.0,0.5,0.7142857142857143,1.0,0.4444444444444444,0.8333333333333334
4047,Indianapolis,Commute Time,zip,2745,LightGCN,7,1.0,0.5,0.42857142857142855,1.0,0.5555555555555556,0.75
4048,Indianapolis,Commute Time,zip,2745,LightGCN,8,1.0,0.6666666666666666,0.14285714285714285,1.0,0.3333333333333333,0.3333333333333333
4049,Indianapolis,Commute Time,zip,2745,LightGCN,9,1.0,0.8333333333333334,0.42857142857142855,1.0,0.7777777777777779,0.5833333333333334
4050,Indianapolis,Commute Time,zip,2745,Feat-LightGCN,0,1.0,0.6666666666666666,0.8571428571428571,1.0,0.6666666666666666,0.75
4051,Indianapolis,Commute Time,zip,2745,Feat-LightGCN,1,1.0,0.5,0.7142857142857143,1.0,0.6666666666666666,0.8333333333333334
4052,Indianapolis,Commute Time,zip,2745,Feat-LightGCN,2,1.0,1.0,0.2857142857142857,1.0,1.0,0.3333333333333333
4053,Indianapolis,Commute Time,zip,2745,Feat-LightGCN,3,1.0,1.0,0.42857142857142855,1.0,1.0,0.5
4054,Indianapolis,Commute Time,zip,2745,Feat-LightGCN,4,1.0,0.8333333333333334,0.5714285714285714,1.0,1.0,0.75
4055,Indianapolis,Commute Time,zip,2745,Feat-LightGCN,5,1.0,0.6666666666666666,0.5714285714285714,1.0,1.0,0.6666666666666666
4056,Indianapolis,Commute Time,zip,2745,Feat-LightGCN,6,1.0,0.6666666666666666,0.5714285714285714,1.0,0.6666666666666667,0.75
4057,Indianapolis,Commute Time,zip,2745,Feat-LightGCN,7,1.0,0.5,0.5714285714285714,1.0,0.5555555555555556,0.6666666666666666
4058,Indianapolis,Commute Time,zip,2745,Feat-LightGCN,8,1.0,0.6666666666666666,0.14285714285714285,1.0,0.3333333333333333,0.3333333333333333
4059,Indianapolis,Commute Time,zip,2745,Feat-LightGCN,9,1.0,0.6666666666666666,0.5714285714285714,1.0,0.888888888888889,0.75
4060,Indianapolis,Commute Time,zip,2745,Feat\&PC-LightGCN,0,1.0,0.5,0.5714285714285714,1.0,0.4444444444444444,0.75
4061,Indianapolis,Commute Time,zip,2745,Feat\&PC-LightGCN,1,1.0,0.6666666666666666,0.5714285714285714,1.0,0.7777777777777778,0.5833333333333334
4062,Indianapolis,Commute Time,zip,2745,Feat\&PC-LightGCN,2,1.0,0.8333333333333334,0.2857142857142857,1.0,1.0,0.3333333333333333
4063,Indianapolis,Commute Time,zip,2745,Feat\&PC-LightGCN,3,1.0,0.8333333333333334,0.42857142857142855,1.0,0.888888888888889,0.5833333333333333
4064,Indianapolis,Commute Time,zip,2745,Feat\&PC-LightGCN,4,1.0,0.8333333333333334,0.5714285714285714,1.0,0.888888888888889,0.41666666666666663
4065,Indianapolis,Commute Time,zip,2745,Feat\&PC-LightGCN,5,1.0,0.6666666666666666,0.42857142857142855,1.0,0.6666666666666667,0.41666666666666663
4066,Indianapolis,Commute Time,zip,2745,Feat\&PC-LightGCN,6,1.0,0.6666666666666666,0.8571428571428571,1.0,0.6666666666666667,0.9166666666666666
4067,Indianapolis,Commute Time,zip,2745,Feat\&PC-LightGCN,7,1.0,0.8333333333333334,0.5714285714285714,1.0,0.7777777777777779,0.5833333333333333
4068,Indianapolis,Commute Time,zip,2745,Feat\&PC-LightGCN,8,1.0,0.6666666666666666,0.5714285714285714,1.0,0.4444444444444444,0.5
4069,Indianapolis,Commute Time,zip,2745,Feat\&PC-LightGCN,9,1.0,0.8333333333333334,0.2857142857142857,1.0,0.888888888888889,0.0
4070,Indianapolis,Commute Time,zip,2745,NoPreTrain,0,1.0,0.5,0.42857142857142855,1.0,0.5555555555555556,0.8333333333333334
4071,Indianapolis,Commute Time,zip,2745,NoPreTrain,1,1.0,0.5,0.42857142857142855,1.0,1.0,0.5
4072,Indianapolis,Commute Time,zip,2745,NoPreTrain,2,1.0,0.6666666666666666,0.42857142857142855,1.0,0.6666666666666667,0.5833333333333334
4073,Indianapolis,Commute Time,zip,2745,NoPreTrain,3,1.0,0.6666666666666666,0.42857142857142855,1.0,1.0,0.20833333333333331
4074,Indianapolis,Commute Time,zip,2745,NoPreTrain,4,1.0,0.5,0.5714285714285714,1.0,0.33333333333333337,0.5
4075,Indianapolis,Commute Time,zip,2745,NoPreTrain,5,1.0,0.5,0.42857142857142855,1.0,0.6666666666666667,0.5833333333333333
4076,Indianapolis,Commute Time,zip,2745,NoPreTrain,6,1.0,0.6666666666666666,0.7142857142857143,1.0,0.7777777777777779,0.9166666666666666
4077,Indianapolis,Commute Time,zip,2745,NoPreTrain,7,1.0,0.6666666666666666,0.42857142857142855,1.0,0.33333333333333337,0.75
4078,Indianapolis,Commute Time,zip,2745,NoPreTrain,8,1.0,0.6666666666666666,0.42857142857142855,1.0,1.0,0.3333333333333333
4079,Indianapolis,Commute Time,zip,2745,NoPreTrain,9,1.0,0.5,0.42857142857142855,1.0,0.5555555555555556,0.6666666666666666
4080,Indianapolis,Median Age,zip,2745,Emb,0,1.0,0.16666666666666666,0.7142857142857143,1.0,0.33333333333333337,0.8333333333333333
4081,Indianapolis,Median Age,zip,2745,Emb,1,1.0,0.6666666666666666,1.0,1.0,0.5555555555555556,1.0
4082,Indianapolis,Median Age,zip,2745,Emb,2,1.0,0.3333333333333333,0.8571428571428571,1.0,0.6666666666666667,1.0
4083,Indianapolis,Median Age,zip,2745,Emb,3,1.0,0.5,0.5714285714285714,1.0,0.7777777777777779,0.5
4084,Indianapolis,Median Age,zip,2745,Emb,4,1.0,0.5,0.7142857142857143,1.0,0.5555555555555556,0.5833333333333333
4085,Indianapolis,Median Age,zip,2745,Emb,5,1.0,0.5,0.42857142857142855,1.0,0.888888888888889,0.5
4086,Indianapolis,Median Age,zip,2745,Emb,6,1.0,0.5,0.5714285714285714,1.0,0.33333333333333337,0.75
4087,Indianapolis,Median Age,zip,2745,Emb,7,1.0,0.8333333333333334,0.5714285714285714,1.0,0.7777777777777779,0.3333333333333333
4088,Indianapolis,Median Age,zip,2745,Emb,8,1.0,0.5,0.42857142857142855,1.0,0.7777777777777779,0.5833333333333333
4089,Indianapolis,Median Age,zip,2745,Emb,9,1.0,0.3333333333333333,0.42857142857142855,1.0,0.4444444444444445,0.6666666666666666
4090,Indianapolis,Median Age,zip,2745,RGNN,0,1.0,0.6666666666666666,0.5714285714285714,1.0,0.5555555555555556,1.0
4091,Indianapolis,Median Age,zip,2745,RGNN,1,1.0,0.6666666666666666,0.5714285714285714,1.0,0.5555555555555556,0.6666666666666666
4092,Indianapolis,Median Age,zip,2745,RGNN,2,1.0,0.5,0.5714285714285714,1.0,0.5555555555555556,0.75
4093,Indianapolis,Median Age,zip,2745,RGNN,3,1.0,0.5,0.5714285714285714,1.0,0.6666666666666667,0.5833333333333333
4094,Indianapolis,Median Age,zip,2745,RGNN,4,1.0,0.6666666666666666,0.7142857142857143,1.0,0.6666666666666667,0.75
4095,Indianapolis,Median Age,zip,2745,RGNN,5,1.0,0.8333333333333334,0.5714285714285714,1.0,0.7777777777777778,0.75
4096,Indianapolis,Median Age,zip,2745,RGNN,6,1.0,0.5,0.7142857142857143,1.0,0.6666666666666667,0.8333333333333334
4097,Indianapolis,Median Age,zip,2745,RGNN,7,1.0,0.6666666666666666,0.42857142857142855,1.0,0.7777777777777778,0.41666666666666663
4098,Indianapolis,Median Age,zip,2745,RGNN,8,1.0,0.8333333333333334,0.42857142857142855,1.0,0.888888888888889,0.6666666666666666
4099,Indianapolis,Median Age,zip,2745,RGNN,9,1.0,0.5,0.42857142857142855,1.0,0.5555555555555556,0.3333333333333333
4100,Indianapolis,Median Age,zip,2745,Feat-RGNN,0,1.0,0.3333333333333333,0.7142857142857143,1.0,0.22222222222222224,0.8333333333333333
4101,Indianapolis,Median Age,zip,2745,Feat-RGNN,1,1.0,0.6666666666666666,0.5714285714285714,1.0,0.5555555555555556,0.8333333333333333
4102,Indianapolis,Median Age,zip,2745,Feat-RGNN,2,1.0,0.3333333333333333,0.7142857142857143,1.0,0.4444444444444444,0.75
4103,Indianapolis,Median Age,zip,2745,Feat-RGNN,3,1.0,0.6666666666666666,0.42857142857142855,1.0,0.7777777777777778,0.5
4104,Indianapolis,Median Age,zip,2745,Feat-RGNN,4,1.0,0.5,0.7142857142857143,1.0,0.4444444444444445,0.8333333333333333
4105,Indianapolis,Median Age,zip,2745,Feat-RGNN,5,1.0,0.8333333333333334,0.5714285714285714,1.0,0.7777777777777778,0.6666666666666666
4106,Indianapolis,Median Age,zip,2745,Feat-RGNN,6,1.0,0.8333333333333334,0.7142857142857143,1.0,0.7777777777777779,0.75
4107,Indianapolis,Median Age,zip,2745,Feat-RGNN,7,1.0,0.5,0.42857142857142855,1.0,0.5555555555555556,0.5
4108,Indianapolis,Median Age,zip,2745,Feat-RGNN,8,1.0,0.8333333333333334,0.5714285714285714,1.0,0.7777777777777779,1.0
4109,Indianapolis,Median Age,zip,2745,Feat-RGNN,9,1.0,0.8333333333333334,0.5714285714285714,1.0,0.888888888888889,0.41666666666666663
4110,Indianapolis,Median Age,zip,2745,Feat\&PC-RGNN,0,1.0,0.3333333333333333,0.5714285714285714,1.0,0.33333333333333337,0.8333333333333333
4111,Indianapolis,Median Age,zip,2745,Feat\&PC-RGNN,1,1.0,0.6666666666666666,0.42857142857142855,1.0,0.4444444444444445,0.5833333333333334
4112,Indianapolis,Median Age,zip,2745,Feat\&PC-RGNN,2,1.0,0.5,0.8571428571428571,1.0,0.4444444444444445,1.0
4113,Indianapolis,Median Age,zip,2745,Feat\&PC-RGNN,3,1.0,0.8333333333333334,0.42857142857142855,1.0,0.6666666666666666,0.5
4114,Indianapolis,Median Age,zip,2745,Feat\&PC-RGNN,4,1.0,0.5,0.7142857142857143,1.0,0.5555555555555556,0.41666666666666663
4115,Indianapolis,Median Age,zip,2745,Feat\&PC-RGNN,5,1.0,0.8333333333333334,0.42857142857142855,1.0,0.7777777777777778,0.5
4116,Indianapolis,Median Age,zip,2745,Feat\&PC-RGNN,6,1.0,0.6666666666666666,0.5714285714285714,1.0,1.0,0.6666666666666666
4117,Indianapolis,Median Age,zip,2745,Feat\&PC-RGNN,7,1.0,0.6666666666666666,0.42857142857142855,1.0,0.6666666666666667,0.25
4118,Indianapolis,Median Age,zip,2745,Feat\&PC-RGNN,8,1.0,0.5,0.5714285714285714,1.0,0.6666666666666667,0.5833333333333333
4119,Indianapolis,Median Age,zip,2745,Feat\&PC-RGNN,9,1.0,0.5,0.42857142857142855,1.0,0.33333333333333337,0.5
4120,Indianapolis,Median Age,zip,2745,LightGCN,0,1.0,0.16666666666666666,0.7142857142857143,1.0,0.22222222222222224,0.8333333333333334
4121,Indianapolis,Median Age,zip,2745,LightGCN,1,1.0,0.6666666666666666,0.5714285714285714,1.0,0.5555555555555556,0.9166666666666666
4122,Indianapolis,Median Age,zip,2745,LightGCN,2,1.0,0.5,0.5714285714285714,1.0,0.33333333333333337,0.8333333333333333
4123,Indianapolis,Median Age,zip,2745,LightGCN,3,1.0,0.6666666666666666,0.5714285714285714,1.0,0.5555555555555556,0.5
4124,Indianapolis,Median Age,zip,2745,LightGCN,4,1.0,0.5,0.5714285714285714,1.0,0.5555555555555556,0.6666666666666666
4125,Indianapolis,Median Age,zip,2745,LightGCN,5,1.0,0.5,0.42857142857142855,1.0,0.6666666666666666,0.5
4126,Indianapolis,Median Age,zip,2745,LightGCN,6,1.0,0.5,0.42857142857142855,1.0,0.4444444444444444,0.5
4127,Indianapolis,Median Age,zip,2745,LightGCN,7,1.0,0.6666666666666666,0.42857142857142855,1.0,0.7777777777777779,0.41666666666666663
4128,Indianapolis,Median Age,zip,2745,LightGCN,8,1.0,0.5,0.5714285714285714,1.0,0.3333333333333333,0.5
4129,Indianapolis,Median Age,zip,2745,LightGCN,9,1.0,0.6666666666666666,0.5714285714285714,1.0,0.6666666666666667,0.5
4130,Indianapolis,Median Age,zip,2745,Feat-LightGCN,0,1.0,0.3333333333333333,0.42857142857142855,1.0,0.33333333333333337,0.5
4131,Indianapolis,Median Age,zip,2745,Feat-LightGCN,1,1.0,0.6666666666666666,0.5714285714285714,1.0,0.5555555555555556,0.6666666666666666
4132,Indianapolis,Median Age,zip,2745,Feat-LightGCN,2,1.0,0.5,0.7142857142857143,1.0,0.4444444444444444,0.9166666666666666
4133,Indianapolis,Median Age,zip,2745,Feat-LightGCN,3,1.0,0.6666666666666666,0.5714285714285714,1.0,0.5555555555555556,0.41666666666666663
4134,Indianapolis,Median Age,zip,2745,Feat-LightGCN,4,1.0,0.6666666666666666,0.7142857142857143,1.0,0.7777777777777778,0.75
4135,Indianapolis,Median Age,zip,2745,Feat-LightGCN,5,1.0,0.6666666666666666,0.42857142857142855,1.0,0.7777777777777778,0.5
4136,Indianapolis,Median Age,zip,2745,Feat-LightGCN,6,1.0,0.6666666666666666,0.5714285714285714,1.0,0.5555555555555556,0.6666666666666666
4137,Indianapolis,Median Age,zip,2745,Feat-LightGCN,7,1.0,0.5,0.42857142857142855,1.0,0.5555555555555556,0.25
4138,Indianapolis,Median Age,zip,2745,Feat-LightGCN,8,1.0,0.5,0.5714285714285714,1.0,0.5555555555555556,0.5
4139,Indianapolis,Median Age,zip,2745,Feat-LightGCN,9,1.0,0.8333333333333334,0.5714285714285714,1.0,0.6666666666666666,0.5
4140,Indianapolis,Median Age,zip,2745,Feat\&PC-LightGCN,0,1.0,0.16666666666666666,0.5714285714285714,1.0,0.0,0.5833333333333334
4141,Indianapolis,Median Age,zip,2745,Feat\&PC-LightGCN,1,1.0,0.5,0.5714285714285714,1.0,0.5555555555555556,0.5
4142,Indianapolis,Median Age,zip,2745,Feat\&PC-LightGCN,2,1.0,0.16666666666666666,0.8571428571428571,1.0,0.3333333333333333,1.0
4143,Indianapolis,Median Age,zip,2745,Feat\&PC-LightGCN,3,1.0,0.5,0.7142857142857143,1.0,0.5555555555555556,0.8333333333333333
4144,Indianapolis,Median Age,zip,2745,Feat\&PC-LightGCN,4,1.0,0.5,0.7142857142857143,1.0,0.5555555555555556,0.5
4145,Indianapolis,Median Age,zip,2745,Feat\&PC-LightGCN,5,1.0,0.8333333333333334,0.2857142857142857,1.0,1.0,0.5
4146,Indianapolis,Median Age,zip,2745,Feat\&PC-LightGCN,6,1.0,0.6666666666666666,0.5714285714285714,1.0,0.6666666666666666,0.6666666666666666
4147,Indianapolis,Median Age,zip,2745,Feat\&PC-LightGCN,7,1.0,0.6666666666666666,0.42857142857142855,1.0,0.7777777777777778,0.41666666666666663
4148,Indianapolis,Median Age,zip,2745,Feat\&PC-LightGCN,8,1.0,0.5,0.8571428571428571,1.0,0.5555555555555556,0.75
4149,Indianapolis,Median Age,zip,2745,Feat\&PC-LightGCN,9,1.0,0.6666666666666666,0.42857142857142855,1.0,0.7777777777777778,0.5
4150,Indianapolis,Median Age,zip,2745,NoPreTrain,0,1.0,0.5,0.42857142857142855,1.0,0.6666666666666666,0.5
4151,Indianapolis,Median Age,zip,2745,NoPreTrain,1,1.0,0.5,0.7142857142857143,1.0,0.6666666666666666,0.8333333333333333
4152,Indianapolis,Median Age,zip,2745,NoPreTrain,2,1.0,0.5,0.42857142857142855,1.0,0.5555555555555556,0.5
4153,Indianapolis,Median Age,zip,2745,NoPreTrain,3,1.0,1.0,0.2857142857142857,1.0,1.0,0.16666666666666666
4154,Indianapolis,Median Age,zip,2745,NoPreTrain,4,1.0,0.3333333333333333,0.2857142857142857,1.0,0.6666666666666667,0.16666666666666666
4155,Indianapolis,Median Age,zip,2745,NoPreTrain,5,1.0,0.6666666666666666,0.7142857142857143,1.0,1.0,0.6666666666666666
4156,Indianapolis,Median Age,zip,2745,NoPreTrain,6,1.0,0.6666666666666666,0.5714285714285714,1.0,0.7777777777777779,0.5833333333333333
4157,Indianapolis,Median Age,zip,2745,NoPreTrain,7,1.0,0.3333333333333333,0.5714285714285714,1.0,0.33333333333333337,0.3333333333333333
4158,Indianapolis,Median Age,zip,2745,NoPreTrain,8,1.0,0.6666666666666666,0.5714285714285714,1.0,0.33333333333333337,0.5833333333333333
4159,Indianapolis,Median Age,zip,2745,NoPreTrain,9,1.0,0.3333333333333333,0.42857142857142855,1.0,0.4444444444444445,0.41666666666666663
4160,Nashville,Median Income,zip,2678,Emb,0,1.0,0.5,0.5,1.0,0.25,0.5
4161,Nashville,Median Income,zip,2678,Emb,1,1.0,0.75,0.5,1.0,0.5,0.5
4162,Nashville,Median Income,zip,2678,Emb,2,1.0,0.25,0.25,1.0,0.5,0.25
4163,Nashville,Median Income,zip,2678,Emb,3,1.0,0.25,0.5,1.0,0.25,1.0
4164,Nashville,Median Income,zip,2678,Emb,4,1.0,0.25,0.25,1.0,0.0,0.5
4165,Nashville,Median Income,zip,2678,Emb,5,1.0,0.75,0.25,1.0,1.0,0.25
4166,Nashville,Median Income,zip,2678,Emb,6,1.0,0.5,0.25,1.0,0.5,0.5
4167,Nashville,Median Income,zip,2678,Emb,7,1.0,0.25,0.25,1.0,0.25,0.25
4168,Nashville,Median Income,zip,2678,Emb,8,1.0,0.5,0.25,1.0,0.25,0.25
4169,Nashville,Median Income,zip,2678,Emb,9,1.0,0.5,0.5,1.0,0.0,0.0
4170,Nashville,Median Income,zip,2678,RGNN,0,1.0,0.25,0.5,1.0,0.5,0.75
4171,Nashville,Median Income,zip,2678,RGNN,1,1.0,0.5,0.5,1.0,0.5,0.5
4172,Nashville,Median Income,zip,2678,RGNN,2,1.0,0.5,0.25,1.0,1.0,0.0
4173,Nashville,Median Income,zip,2678,RGNN,3,0.9166666666666666,0.0,0.75,1.0,0.0,1.0
4174,Nashville,Median Income,zip,2678,RGNN,4,1.0,0.0,0.0,1.0,0.0,0.0
4175,Nashville,Median Income,zip,2678,RGNN,5,1.0,0.75,0.25,1.0,1.0,0.0
4176,Nashville,Median Income,zip,2678,RGNN,6,0.9166666666666666,0.5,0.5,1.0,0.5,0.5
4177,Nashville,Median Income,zip,2678,RGNN,7,1.0,0.25,0.5,1.0,0.5,0.5
4178,Nashville,Median Income,zip,2678,RGNN,8,1.0,0.25,0.25,1.0,0.25,0.5
4179,Nashville,Median Income,zip,2678,RGNN,9,1.0,0.0,0.5,1.0,0.0,0.5
4180,Nashville,Median Income,zip,2678,Feat-RGNN,0,1.0,0.25,0.75,1.0,0.5,0.5
4181,Nashville,Median Income,zip,2678,Feat-RGNN,1,1.0,0.5,0.5,1.0,0.5,0.5
4182,Nashville,Median Income,zip,2678,Feat-RGNN,2,1.0,0.5,0.25,1.0,0.5,0.5
4183,Nashville,Median Income,zip,2678,Feat-RGNN,3,0.8333333333333334,0.25,0.75,0.7777777777777779,0.25,0.75
4184,Nashville,Median Income,zip,2678,Feat-RGNN,4,1.0,0.0,0.25,1.0,0.0,0.5
4185,Nashville,Median Income,zip,2678,Feat-RGNN,5,1.0,0.75,0.5,1.0,1.0,0.0
4186,Nashville,Median Income,zip,2678,Feat-RGNN,6,0.9166666666666666,0.5,0.75,0.9444444444444445,1.0,0.5
4187,Nashville,Median Income,zip,2678,Feat-RGNN,7,0.8333333333333334,0.5,0.0,1.0,1.0,0.0
4188,Nashville,Median Income,zip,2678,Feat-RGNN,8,1.0,0.5,0.5,1.0,0.25,0.25
4189,Nashville,Median Income,zip,2678,Feat-RGNN,9,1.0,0.0,0.5,1.0,0.0,0.5
4190,Nashville,Median Income,zip,2678,Feat\&PC-RGNN,0,1.0,0.25,0.75,1.0,0.5,0.75
4191,Nashville,Median Income,zip,2678,Feat\&PC-RGNN,1,1.0,0.5,0.25,1.0,0.5,0.25
4192,Nashville,Median Income,zip,2678,Feat\&PC-RGNN,2,1.0,0.5,0.25,1.0,1.0,0.5
4193,Nashville,Median Income,zip,2678,Feat\&PC-RGNN,3,1.0,0.5,1.0,1.0,0.5,1.0
4194,Nashville,Median Income,zip,2678,Feat\&PC-RGNN,4,1.0,0.5,0.25,1.0,0.5,0.25
4195,Nashville,Median Income,zip,2678,Feat\&PC-RGNN,5,1.0,0.75,0.5,1.0,1.0,0.25
4196,Nashville,Median Income,zip,2678,Feat\&PC-RGNN,6,1.0,0.5,0.75,1.0,0.5,0.5
4197,Nashville,Median Income,zip,2678,Feat\&PC-RGNN,7,1.0,0.5,0.5,1.0,1.0,0.5
4198,Nashville,Median Income,zip,2678,Feat\&PC-RGNN,8,1.0,0.5,0.5,1.0,0.25,0.5
4199,Nashville,Median Income,zip,2678,Feat\&PC-RGNN,9,1.0,0.25,0.5,1.0,0.0,0.25
4200,Nashville,Median Income,zip,2678,LightGCN,0,1.0,0.25,0.75,1.0,0.25,0.5
4201,Nashville,Median Income,zip,2678,LightGCN,1,1.0,0.75,0.5,1.0,0.5,0.5
4202,Nashville,Median Income,zip,2678,LightGCN,2,1.0,0.75,0.25,1.0,0.75,0.25
4203,Nashville,Median Income,zip,2678,LightGCN,3,1.0,0.25,0.75,1.0,0.25,0.75
4204,Nashville,Median Income,zip,2678,LightGCN,4,1.0,0.0,0.25,1.0,0.0,0.5
4205,Nashville,Median Income,zip,2678,LightGCN,5,1.0,0.75,0.0,1.0,1.0,0.0
4206,Nashville,Median Income,zip,2678,LightGCN,6,1.0,0.5,0.5,1.0,0.5,0.5
4207,Nashville,Median Income,zip,2678,LightGCN,7,1.0,0.25,0.25,1.0,0.5,0.25
4208,Nashville,Median Income,zip,2678,LightGCN,8,1.0,0.5,0.25,1.0,0.5,0.25
4209,Nashville,Median Income,zip,2678,LightGCN,9,1.0,0.5,0.5,1.0,0.0,0.0
4210,Nashville,Median Income,zip,2678,Feat-LightGCN,0,1.0,0.25,0.75,1.0,0.25,0.5
4211,Nashville,Median Income,zip,2678,Feat-LightGCN,1,1.0,0.5,0.75,1.0,0.5,0.5
4212,Nashville,Median Income,zip,2678,Feat-LightGCN,2,1.0,0.5,0.25,1.0,1.0,0.0
4213,Nashville,Median Income,zip,2678,Feat-LightGCN,3,1.0,0.25,0.5,1.0,0.25,0.5
4214,Nashville,Median Income,zip,2678,Feat-LightGCN,4,1.0,0.25,0.5,1.0,0.0,0.5
4215,Nashville,Median Income,zip,2678,Feat-LightGCN,5,1.0,0.75,0.0,1.0,1.0,0.0
4216,Nashville,Median Income,zip,2678,Feat-LightGCN,6,1.0,0.5,0.75,1.0,0.5,0.5
4217,Nashville,Median Income,zip,2678,Feat-LightGCN,7,1.0,0.25,0.25,1.0,0.5,0.5
4218,Nashville,Median Income,zip,2678,Feat-LightGCN,8,1.0,0.5,0.5,1.0,0.25,0.5
4219,Nashville,Median Income,zip,2678,Feat-LightGCN,9,1.0,0.25,0.5,1.0,0.0,0.25
4220,Nashville,Median Income,zip,2678,Feat\&PC-LightGCN,0,1.0,0.25,0.5,1.0,0.5,0.25
4221,Nashville,Median Income,zip,2678,Feat\&PC-LightGCN,1,1.0,0.5,0.5,1.0,0.25,0.5
4222,Nashville,Median Income,zip,2678,Feat\&PC-LightGCN,2,1.0,0.5,0.5,1.0,1.0,0.0
4223,Nashville,Median Income,zip,2678,Feat\&PC-LightGCN,3,1.0,0.25,0.75,1.0,0.5,0.5
4224,Nashville,Median Income,zip,2678,Feat\&PC-LightGCN,4,1.0,0.5,0.5,1.0,0.5,0.5
4225,Nashville,Median Income,zip,2678,Feat\&PC-LightGCN,5,1.0,0.5,0.25,1.0,1.0,0.0
4226,Nashville,Median Income,zip,2678,Feat\&PC-LightGCN,6,1.0,0.75,0.5,1.0,0.5,0.5
4227,Nashville,Median Income,zip,2678,Feat\&PC-LightGCN,7,1.0,0.25,0.5,1.0,0.5,0.25
4228,Nashville,Median Income,zip,2678,Feat\&PC-LightGCN,8,1.0,0.25,0.25,1.0,0.25,0.5
4229,Nashville,Median Income,zip,2678,Feat\&PC-LightGCN,9,1.0,0.5,0.75,1.0,0.5,0.5
4230,Nashville,Median Income,zip,2678,NoPreTrain,0,1.0,0.25,0.5,1.0,0.25,0.0
4231,Nashville,Median Income,zip,2678,NoPreTrain,1,1.0,0.0,0.75,1.0,0.0,0.5
4232,Nashville,Median Income,zip,2678,NoPreTrain,2,1.0,0.5,0.5,1.0,0.5,0.25
4233,Nashville,Median Income,zip,2678,NoPreTrain,3,1.0,0.5,0.25,1.0,0.25,0.5
4234,Nashville,Median Income,zip,2678,NoPreTrain,4,1.0,0.75,0.5,1.0,0.75,0.25
4235,Nashville,Median Income,zip,2678,NoPreTrain,5,1.0,0.5,0.5,1.0,1.0,0.75
4236,Nashville,Median Income,zip,2678,NoPreTrain,6,1.0,0.5,0.75,1.0,0.75,0.5
4237,Nashville,Median Income,zip,2678,NoPreTrain,7,1.0,0.75,0.25,1.0,0.75,0.0
4238,Nashville,Median Income,zip,2678,NoPreTrain,8,1.0,0.5,0.5,1.0,0.25,0.25
4239,Nashville,Median Income,zip,2678,NoPreTrain,9,1.0,0.5,0.5,1.0,0.75,0.25
4240,Nashville,Median Home Value,zip,2678,Emb,0,1.0,0.5,0.5,1.0,0.5,0.75
4241,Nashville,Median Home Value,zip,2678,Emb,1,1.0,0.75,1.0,1.0,0.75,1.0
4242,Nashville,Median Home Value,zip,2678,Emb,2,1.0,0.5,0.5,1.0,1.0,0.5
4243,Nashville,Median Home Value,zip,2678,Emb,3,1.0,0.75,0.75,1.0,0.75,1.0
4244,Nashville,Median Home Value,zip,2678,Emb,4,1.0,0.5,1.0,1.0,1.0,1.0
4245,Nashville,Median Home Value,zip,2678,Emb,5,1.0,0.75,0.75,1.0,1.0,0.75
4246,Nashville,Median Home Value,zip,2678,Emb,6,1.0,0.0,1.0,1.0,0.0,1.0
4247,Nashville,Median Home Value,zip,2678,Emb,7,1.0,0.25,0.5,1.0,0.5,0.25
4248,Nashville,Median Home Value,zip,2678,Emb,8,1.0,0.75,0.75,1.0,1.0,1.0
4249,Nashville,Median Home Value,zip,2678,Emb,9,1.0,0.25,0.5,1.0,0.5,0.75
4250,Nashville,Median Home Value,zip,2678,RGNN,0,1.0,0.75,0.5,1.0,0.5,0.75
4251,Nashville,Median Home Value,zip,2678,RGNN,1,1.0,0.75,0.75,1.0,1.0,0.75
4252,Nashville,Median Home Value,zip,2678,RGNN,2,1.0,0.75,0.5,1.0,0.75,0.5
4253,Nashville,Median Home Value,zip,2678,RGNN,3,1.0,0.75,0.75,1.0,1.0,1.0
4254,Nashville,Median Home Value,zip,2678,RGNN,4,1.0,0.5,1.0,1.0,1.0,1.0
4255,Nashville,Median Home Value,zip,2678,RGNN,5,1.0,0.75,0.25,1.0,1.0,0.5
4256,Nashville,Median Home Value,zip,2678,RGNN,6,1.0,0.5,0.75,1.0,0.0,0.75
4257,Nashville,Median Home Value,zip,2678,RGNN,7,1.0,0.75,0.5,1.0,0.75,0.5
4258,Nashville,Median Home Value,zip,2678,RGNN,8,1.0,0.75,1.0,1.0,1.0,1.0
4259,Nashville,Median Home Value,zip,2678,RGNN,9,0.9166666666666666,0.5,0.5,1.0,0.25,0.25
4260,Nashville,Median Home Value,zip,2678,Feat-RGNN,0,1.0,0.75,0.5,1.0,1.0,0.75
4261,Nashville,Median Home Value,zip,2678,Feat-RGNN,1,1.0,1.0,1.0,1.0,1.0,1.0
4262,Nashville,Median Home Value,zip,2678,Feat-RGNN,2,1.0,0.75,0.5,1.0,0.75,0.5
4263,Nashville,Median Home Value,zip,2678,Feat-RGNN,3,1.0,0.75,1.0,1.0,0.75,1.0
4264,Nashville,Median Home Value,zip,2678,Feat-RGNN,4,1.0,0.75,0.5,1.0,1.0,0.75
4265,Nashville,Median Home Value,zip,2678,Feat-RGNN,5,1.0,0.5,0.25,1.0,1.0,0.0
4266,Nashville,Median Home Value,zip,2678,Feat-RGNN,6,1.0,0.5,0.75,1.0,0.0,1.0
4267,Nashville,Median Home Value,zip,2678,Feat-RGNN,7,1.0,0.5,0.75,1.0,0.5,0.5
4268,Nashville,Median Home Value,zip,2678,Feat-RGNN,8,1.0,0.75,1.0,1.0,1.0,1.0
4269,Nashville,Median Home Value,zip,2678,Feat-RGNN,9,1.0,0.75,0.5,1.0,0.75,0.75
4270,Nashville,Median Home Value,zip,2678,Feat\&PC-RGNN,0,1.0,0.25,0.75,1.0,0.5,0.75
4271,Nashville,Median Home Value,zip,2678,Feat\&PC-RGNN,1,1.0,0.5,0.75,1.0,1.0,0.75
4272,Nashville,Median Home Value,zip,2678,Feat\&PC-RGNN,2,1.0,0.5,0.5,1.0,0.5,0.5
4273,Nashville,Median Home Value,zip,2678,Feat\&PC-RGNN,3,1.0,0.5,0.75,1.0,1.0,0.75
4274,Nashville,Median Home Value,zip,2678,Feat\&PC-RGNN,4,1.0,0.75,0.5,1.0,1.0,0.75
4275,Nashville,Median Home Value,zip,2678,Feat\&PC-RGNN,5,1.0,0.75,0.5,1.0,0.75,0.5
4276,Nashville,Median Home Value,zip,2678,Feat\&PC-RGNN,6,1.0,0.5,0.75,1.0,0.0,1.0
4277,Nashville,Median Home Value,zip,2678,Feat\&PC-RGNN,7,1.0,0.75,0.75,1.0,0.5,0.5
4278,Nashville,Median Home Value,zip,2678,Feat\&PC-RGNN,8,1.0,0.5,1.0,1.0,0.5,1.0
4279,Nashville,Median Home Value,zip,2678,Feat\&PC-RGNN,9,1.0,0.75,0.5,1.0,1.0,1.0
4280,Nashville,Median Home Value,zip,2678,LightGCN,0,1.0,0.75,0.75,1.0,1.0,1.0
4281,Nashville,Median Home Value,zip,2678,LightGCN,1,1.0,0.75,0.75,1.0,1.0,1.0
4282,Nashville,Median Home Value,zip,2678,LightGCN,2,1.0,0.75,0.5,1.0,1.0,0.75
4283,Nashville,Median Home Value,zip,2678,LightGCN,3,1.0,1.0,1.0,1.0,1.0,1.0
4284,Nashville,Median Home Value,zip,2678,LightGCN,4,1.0,1.0,0.75,1.0,1.0,1.0
4285,Nashville,Median Home Value,zip,2678,LightGCN,5,1.0,1.0,0.5,1.0,1.0,1.0
4286,Nashville,Median Home Value,zip,2678,LightGCN,6,1.0,0.25,0.75,1.0,0.0,1.0
4287,Nashville,Median Home Value,zip,2678,LightGCN,7,1.0,0.5,0.5,1.0,0.5,0.75
4288,Nashville,Median Home Value,zip,2678,LightGCN,8,1.0,0.75,1.0,1.0,1.0,1.0
4289,Nashville,Median Home Value,zip,2678,LightGCN,9,1.0,1.0,0.25,1.0,1.0,0.5
4290,Nashville,Median Home Value,zip,2678,Feat-LightGCN,0,1.0,1.0,0.5,1.0,1.0,1.0
4291,Nashville,Median Home Value,zip,2678,Feat-LightGCN,1,1.0,0.75,1.0,1.0,1.0,1.0
4292,Nashville,Median Home Value,zip,2678,Feat-LightGCN,2,1.0,0.5,0.5,1.0,1.0,0.75
4293,Nashville,Median Home Value,zip,2678,Feat-LightGCN,3,1.0,0.75,0.75,1.0,1.0,1.0
4294,Nashville,Median Home Value,zip,2678,Feat-LightGCN,4,1.0,0.75,1.0,1.0,1.0,1.0
4295,Nashville,Median Home Value,zip,2678,Feat-LightGCN,5,1.0,1.0,0.75,1.0,1.0,0.75
4296,Nashville,Median Home Value,zip,2678,Feat-LightGCN,6,1.0,0.25,0.75,1.0,0.0,1.0
4297,Nashville,Median Home Value,zip,2678,Feat-LightGCN,7,1.0,0.5,0.75,1.0,0.5,0.75
4298,Nashville,Median Home Value,zip,2678,Feat-LightGCN,8,1.0,1.0,1.0,1.0,1.0,1.0
4299,Nashville,Median Home Value,zip,2678,Feat-LightGCN,9,1.0,0.75,0.5,1.0,1.0,0.5
4300,Nashville,Median Home Value,zip,2678,Feat\&PC-LightGCN,0,1.0,0.5,0.75,1.0,0.5,1.0
4301,Nashville,Median Home Value,zip,2678,Feat\&PC-LightGCN,1,1.0,0.5,1.0,1.0,0.5,1.0
4302,Nashville,Median Home Value,zip,2678,Feat\&PC-LightGCN,2,1.0,0.5,0.5,1.0,1.0,1.0
4303,Nashville,Median Home Value,zip,2678,Feat\&PC-LightGCN,3,1.0,0.5,0.5,1.0,1.0,0.75
4304,Nashville,Median Home Value,zip,2678,Feat\&PC-LightGCN,4,1.0,0.5,0.5,1.0,1.0,0.75
4305,Nashville,Median Home Value,zip,2678,Feat\&PC-LightGCN,5,1.0,0.75,0.25,1.0,0.5,0.0
4306,Nashville,Median Home Value,zip,2678,Feat\&PC-LightGCN,6,1.0,0.5,0.5,1.0,0.25,0.75
4307,Nashville,Median Home Value,zip,2678,Feat\&PC-LightGCN,7,1.0,0.5,0.5,1.0,0.5,0.5
4308,Nashville,Median Home Value,zip,2678,Feat\&PC-LightGCN,8,1.0,0.75,0.5,1.0,1.0,0.75
4309,Nashville,Median Home Value,zip,2678,Feat\&PC-LightGCN,9,1.0,0.75,0.25,1.0,0.5,0.0
4310,Nashville,Median Home Value,zip,2678,NoPreTrain,0,1.0,0.25,0.25,1.0,0.0,0.25
4311,Nashville,Median Home Value,zip,2678,NoPreTrain,1,1.0,0.75,0.5,1.0,0.75,1.0
4312,Nashville,Median Home Value,zip,2678,NoPreTrain,2,1.0,0.5,0.25,1.0,1.0,0.5
4313,Nashville,Median Home Value,zip,2678,NoPreTrain,3,1.0,0.75,0.5,1.0,1.0,0.25
4314,Nashville,Median Home Value,zip,2678,NoPreTrain,4,1.0,0.5,0.5,1.0,0.0,0.0
4315,Nashville,Median Home Value,zip,2678,NoPreTrain,5,1.0,0.5,0.5,1.0,1.0,0.75
4316,Nashville,Median Home Value,zip,2678,NoPreTrain,6,1.0,0.75,0.5,1.0,0.75,0.5
4317,Nashville,Median Home Value,zip,2678,NoPreTrain,7,1.0,0.5,0.5,1.0,1.0,0.75
4318,Nashville,Median Home Value,zip,2678,NoPreTrain,8,1.0,0.25,0.75,1.0,0.0,0.75
4319,Nashville,Median Home Value,zip,2678,NoPreTrain,9,1.0,0.25,0.5,1.0,0.5,0.75
4320,Nashville,Commute Time,zip,2678,Emb,0,1.0,0.25,0.75,1.0,0.25,0.5
4321,Nashville,Commute Time,zip,2678,Emb,1,1.0,0.5,0.5,1.0,0.75,0.75
4322,Nashville,Commute Time,zip,2678,Emb,2,1.0,0.5,0.5,1.0,0.625,0.5
4323,Nashville,Commute Time,zip,2678,Emb,3,1.0,0.75,0.5,1.0,0.75,0.0
4324,Nashville,Commute Time,zip,2678,Emb,4,1.0,0.5,0.75,1.0,0.5,0.75
4325,Nashville,Commute Time,zip,2678,Emb,5,1.0,0.5,0.5,1.0,0.0,0.75
4326,Nashville,Commute Time,zip,2678,Emb,6,1.0,0.5,0.5,1.0,0.25,0.5
4327,Nashville,Commute Time,zip,2678,Emb,7,1.0,0.5,0.5,1.0,0.75,0.25
4328,Nashville,Commute Time,zip,2678,Emb,8,1.0,0.5,0.75,1.0,0.5,0.75
4329,Nashville,Commute Time,zip,2678,Emb,9,1.0,0.5,0.25,1.0,1.0,0.0
4330,Nashville,Commute Time,zip,2678,RGNN,0,1.0,0.5,0.5,1.0,0.5,0.75
4331,Nashville,Commute Time,zip,2678,RGNN,1,1.0,0.75,0.75,1.0,0.5,0.75
4332,Nashville,Commute Time,zip,2678,RGNN,2,1.0,0.75,0.5,1.0,0.75,0.25
4333,Nashville,Commute Time,zip,2678,RGNN,3,1.0,0.5,0.5,1.0,0.5,0.5
4334,Nashville,Commute Time,zip,2678,RGNN,4,1.0,0.5,0.75,1.0,0.75,1.0
4335,Nashville,Commute Time,zip,2678,RGNN,5,1.0,0.5,0.5,1.0,0.5,0.5
4336,Nashville,Commute Time,zip,2678,RGNN,6,1.0,0.5,0.5,1.0,0.375,1.0
4337,Nashville,Commute Time,zip,2678,RGNN,7,1.0,1.0,0.25,1.0,1.0,0.375
4338,Nashville,Commute Time,zip,2678,RGNN,8,1.0,0.75,0.5,1.0,0.75,0.5
4339,Nashville,Commute Time,zip,2678,RGNN,9,1.0,0.25,0.5,1.0,0.5,0.5
4340,Nashville,Commute Time,zip,2678,Feat-RGNN,0,1.0,0.5,0.5,1.0,0.5,0.625
4341,Nashville,Commute Time,zip,2678,Feat-RGNN,1,1.0,0.75,0.75,1.0,1.0,0.5
4342,Nashville,Commute Time,zip,2678,Feat-RGNN,2,1.0,0.75,0.5,1.0,1.0,0.5
4343,Nashville,Commute Time,zip,2678,Feat-RGNN,3,1.0,0.5,0.5,1.0,0.5,0.375
4344,Nashville,Commute Time,zip,2678,Feat-RGNN,4,1.0,0.5,0.5,1.0,0.5,0.75
4345,Nashville,Commute Time,zip,2678,Feat-RGNN,5,1.0,0.5,0.5,1.0,0.25,0.5
4346,Nashville,Commute Time,zip,2678,Feat-RGNN,6,1.0,0.75,0.5,1.0,0.75,1.0
4347,Nashville,Commute Time,zip,2678,Feat-RGNN,7,1.0,0.5,0.25,1.0,1.0,0.5
4348,Nashville,Commute Time,zip,2678,Feat-RGNN,8,1.0,0.75,0.75,1.0,0.75,0.75
4349,Nashville,Commute Time,zip,2678,Feat-RGNN,9,1.0,0.5,0.5,1.0,0.5,0.5
4350,Nashville,Commute Time,zip,2678,Feat\&PC-RGNN,0,1.0,0.5,0.5,1.0,0.25,0.625
4351,Nashville,Commute Time,zip,2678,Feat\&PC-RGNN,1,1.0,0.5,0.5,1.0,0.25,0.75
4352,Nashville,Commute Time,zip,2678,Feat\&PC-RGNN,2,1.0,0.75,0.5,1.0,0.75,0.25
4353,Nashville,Commute Time,zip,2678,Feat\&PC-RGNN,3,1.0,0.5,0.5,1.0,0.5,0.75
4354,Nashville,Commute Time,zip,2678,Feat\&PC-RGNN,4,1.0,0.5,0.25,1.0,0.5,0.5
4355,Nashville,Commute Time,zip,2678,Feat\&PC-RGNN,5,1.0,0.5,0.5,1.0,0.25,0.25
4356,Nashville,Commute Time,zip,2678,Feat\&PC-RGNN,6,1.0,0.5,0.5,1.0,0.5,1.0
4357,Nashville,Commute Time,zip,2678,Feat\&PC-RGNN,7,1.0,0.75,0.5,1.0,1.0,0.375
4358,Nashville,Commute Time,zip,2678,Feat\&PC-RGNN,8,1.0,0.5,0.25,1.0,0.75,0.5
4359,Nashville,Commute Time,zip,2678,Feat\&PC-RGNN,9,1.0,0.0,0.5,1.0,0.0,0.5
4360,Nashville,Commute Time,zip,2678,LightGCN,0,1.0,0.75,0.5,1.0,0.5,0.75
4361,Nashville,Commute Time,zip,2678,LightGCN,1,1.0,0.75,0.75,1.0,0.5,0.75
4362,Nashville,Commute Time,zip,2678,LightGCN,2,1.0,0.75,0.5,1.0,0.75,0.375
4363,Nashville,Commute Time,zip,2678,LightGCN,3,1.0,0.25,0.5,1.0,0.5,0.625
4364,Nashville,Commute Time,zip,2678,LightGCN,4,1.0,0.5,0.5,1.0,0.75,0.5
4365,Nashville,Commute Time,zip,2678,LightGCN,5,1.0,0.5,0.5,1.0,0.75,0.75
4366,Nashville,Commute Time,zip,2678,LightGCN,6,1.0,0.5,0.5,1.0,1.0,1.0
4367,Nashville,Commute Time,zip,2678,LightGCN,7,1.0,1.0,0.5,1.0,1.0,0.5
4368,Nashville,Commute Time,zip,2678,LightGCN,8,1.0,0.5,0.75,1.0,0.5,0.75
4369,Nashville,Commute Time,zip,2678,LightGCN,9,1.0,0.25,0.25,1.0,0.5,0.0
4370,Nashville,Commute Time,zip,2678,Feat-LightGCN,0,1.0,0.75,0.5,1.0,0.5,0.625
4371,Nashville,Commute Time,zip,2678,Feat-LightGCN,1,1.0,0.5,0.5,1.0,0.25,0.75
4372,Nashville,Commute Time,zip,2678,Feat-LightGCN,2,1.0,0.75,0.5,1.0,0.75,0.375
4373,Nashville,Commute Time,zip,2678,Feat-LightGCN,3,1.0,0.25,0.5,1.0,0.5,0.625
4374,Nashville,Commute Time,zip,2678,Feat-LightGCN,4,1.0,0.5,0.25,1.0,1.0,0.5
4375,Nashville,Commute Time,zip,2678,Feat-LightGCN,5,1.0,0.5,0.5,1.0,0.0,0.5
4376,Nashville,Commute Time,zip,2678,Feat-LightGCN,6,1.0,0.5,0.5,1.0,1.0,0.75
4377,Nashville,Commute Time,zip,2678,Feat-LightGCN,7,1.0,0.75,0.5,1.0,1.0,0.5
4378,Nashville,Commute Time,zip,2678,Feat-LightGCN,8,1.0,0.5,0.5,1.0,0.75,0.5
4379,Nashville,Commute Time,zip,2678,Feat-LightGCN,9,1.0,0.25,0.5,1.0,0.25,0.5
4380,Nashville,Commute Time,zip,2678,Feat\&PC-LightGCN,0,1.0,0.25,0.5,1.0,0.25,0.75
4381,Nashville,Commute Time,zip,2678,Feat\&PC-LightGCN,1,1.0,0.5,0.75,1.0,0.75,0.5
4382,Nashville,Commute Time,zip,2678,Feat\&PC-LightGCN,2,1.0,0.5,0.75,1.0,0.5,0.5
4383,Nashville,Commute Time,zip,2678,Feat\&PC-LightGCN,3,1.0,0.5,0.25,1.0,0.5,0.25
4384,Nashville,Commute Time,zip,2678,Feat\&PC-LightGCN,4,1.0,0.5,0.25,1.0,0.75,0.25
4385,Nashville,Commute Time,zip,2678,Feat\&PC-LightGCN,5,1.0,0.75,0.75,1.0,0.75,0.5
4386,Nashville,Commute Time,zip,2678,Feat\&PC-LightGCN,6,1.0,0.5,0.5,1.0,1.0,0.5
4387,Nashville,Commute Time,zip,2678,Feat\&PC-LightGCN,7,1.0,0.75,0.25,1.0,0.75,0.25
4388,Nashville,Commute Time,zip,2678,Feat\&PC-LightGCN,8,1.0,0.5,0.5,1.0,0.5,0.5
4389,Nashville,Commute Time,zip,2678,Feat\&PC-LightGCN,9,1.0,0.25,0.5,1.0,0.25,0.5
4390,Nashville,Commute Time,zip,2678,NoPreTrain,0,1.0,0.5,0.75,1.0,0.25,1.0
4391,Nashville,Commute Time,zip,2678,NoPreTrain,1,1.0,0.5,0.5,1.0,0.5,0.5
4392,Nashville,Commute Time,zip,2678,NoPreTrain,2,1.0,0.75,0.5,1.0,0.5,0.25
4393,Nashville,Commute Time,zip,2678,NoPreTrain,3,1.0,0.75,0.5,1.0,1.0,0.5
4394,Nashville,Commute Time,zip,2678,NoPreTrain,4,1.0,0.5,0.5,1.0,0.0,0.75
4395,Nashville,Commute Time,zip,2678,NoPreTrain,5,1.0,0.5,0.5,1.0,1.0,0.25
4396,Nashville,Commute Time,zip,2678,NoPreTrain,6,1.0,0.25,0.5,1.0,0.0,0.0
4397,Nashville,Commute Time,zip,2678,NoPreTrain,7,1.0,0.5,0.5,1.0,0.0,0.25
4398,Nashville,Commute Time,zip,2678,NoPreTrain,8,1.0,0.5,0.75,1.0,1.0,0.75
4399,Nashville,Commute Time,zip,2678,NoPreTrain,9,1.0,0.5,0.5,1.0,1.0,0.5
4400,Nashville,Median Age,zip,2678,Emb,0,1.0,0.5,0.75,1.0,0.5,1.0
4401,Nashville,Median Age,zip,2678,Emb,1,1.0,0.5,1.0,1.0,0.5,1.0
4402,Nashville,Median Age,zip,2678,Emb,2,1.0,0.75,0.75,1.0,0.5,0.5
4403,Nashville,Median Age,zip,2678,Emb,3,1.0,0.5,1.0,1.0,0.75,1.0
4404,Nashville,Median Age,zip,2678,Emb,4,1.0,0.5,0.75,1.0,1.0,1.0
4405,Nashville,Median Age,zip,2678,Emb,5,1.0,0.75,0.5,1.0,1.0,0.5
4406,Nashville,Median Age,zip,2678,Emb,6,1.0,0.75,0.75,1.0,0.5,1.0
4407,Nashville,Median Age,zip,2678,Emb,7,1.0,1.0,0.25,1.0,1.0,0.0
4408,Nashville,Median Age,zip,2678,Emb,8,1.0,0.75,1.0,1.0,0.5,1.0
4409,Nashville,Median Age,zip,2678,Emb,9,1.0,0.75,0.5,1.0,0.75,0.5
4410,Nashville,Median Age,zip,2678,RGNN,0,1.0,0.5,1.0,1.0,0.5,1.0
4411,Nashville,Median Age,zip,2678,RGNN,1,1.0,0.5,0.75,1.0,0.0,1.0
4412,Nashville,Median Age,zip,2678,RGNN,2,1.0,0.75,0.5,1.0,0.5,0.75
4413,Nashville,Median Age,zip,2678,RGNN,3,1.0,0.5,1.0,1.0,0.5,1.0
4414,Nashville,Median Age,zip,2678,RGNN,4,1.0,0.75,0.75,1.0,0.5,1.0
4415,Nashville,Median Age,zip,2678,RGNN,5,1.0,0.75,1.0,1.0,0.75,1.0
4416,Nashville,Median Age,zip,2678,RGNN,6,1.0,0.5,1.0,1.0,0.5,1.0
4417,Nashville,Median Age,zip,2678,RGNN,7,1.0,0.75,0.5,1.0,1.0,0.5
4418,Nashville,Median Age,zip,2678,RGNN,8,1.0,0.75,0.75,1.0,0.5,1.0
4419,Nashville,Median Age,zip,2678,RGNN,9,1.0,0.75,0.75,1.0,0.75,0.75
4420,Nashville,Median Age,zip,2678,Feat-RGNN,0,1.0,1.0,1.0,1.0,1.0,1.0
4421,Nashville,Median Age,zip,2678,Feat-RGNN,1,1.0,0.25,0.75,1.0,0.25,1.0
4422,Nashville,Median Age,zip,2678,Feat-RGNN,2,1.0,0.5,0.5,1.0,0.25,0.75
4423,Nashville,Median Age,zip,2678,Feat-RGNN,3,1.0,0.5,1.0,1.0,0.5,1.0
4424,Nashville,Median Age,zip,2678,Feat-RGNN,4,1.0,0.5,0.75,1.0,1.0,1.0
4425,Nashville,Median Age,zip,2678,Feat-RGNN,5,1.0,0.75,0.75,1.0,1.0,1.0
4426,Nashville,Median Age,zip,2678,Feat-RGNN,6,1.0,0.5,0.75,1.0,0.5,1.0
4427,Nashville,Median Age,zip,2678,Feat-RGNN,7,1.0,0.75,0.5,1.0,0.75,0.5
4428,Nashville,Median Age,zip,2678,Feat-RGNN,8,1.0,0.5,0.75,1.0,0.5,1.0
4429,Nashville,Median Age,zip,2678,Feat-RGNN,9,1.0,0.75,0.5,1.0,1.0,1.0
4430,Nashville,Median Age,zip,2678,Feat\&PC-RGNN,0,1.0,1.0,0.75,1.0,1.0,1.0
4431,Nashville,Median Age,zip,2678,Feat\&PC-RGNN,1,1.0,0.5,0.75,1.0,0.25,1.0
4432,Nashville,Median Age,zip,2678,Feat\&PC-RGNN,2,1.0,0.5,0.75,1.0,0.25,0.75
4433,Nashville,Median Age,zip,2678,Feat\&PC-RGNN,3,1.0,0.25,1.0,1.0,0.25,1.0
4434,Nashville,Median Age,zip,2678,Feat\&PC-RGNN,4,1.0,0.5,0.75,1.0,1.0,1.0
4435,Nashville,Median Age,zip,2678,Feat\&PC-RGNN,5,1.0,1.0,0.75,1.0,1.0,0.75
4436,Nashville,Median Age,zip,2678,Feat\&PC-RGNN,6,1.0,0.75,1.0,1.0,0.75,1.0
4437,Nashville,Median Age,zip,2678,Feat\&PC-RGNN,7,1.0,1.0,0.75,1.0,1.0,1.0
4438,Nashville,Median Age,zip,2678,Feat\&PC-RGNN,8,1.0,0.5,0.75,1.0,0.75,1.0
4439,Nashville,Median Age,zip,2678,Feat\&PC-RGNN,9,1.0,1.0,0.5,1.0,1.0,0.5
4440,Nashville,Median Age,zip,2678,LightGCN,0,1.0,0.75,1.0,1.0,0.5,1.0
4441,Nashville,Median Age,zip,2678,LightGCN,1,1.0,0.25,0.75,1.0,0.25,1.0
4442,Nashville,Median Age,zip,2678,LightGCN,2,1.0,0.75,0.75,1.0,0.5,0.75
4443,Nashville,Median Age,zip,2678,LightGCN,3,1.0,0.5,1.0,1.0,0.5,1.0
4444,Nashville,Median Age,zip,2678,LightGCN,4,1.0,0.75,0.75,1.0,0.5,1.0
4445,Nashville,Median Age,zip,2678,LightGCN,5,1.0,1.0,0.5,1.0,1.0,1.0
4446,Nashville,Median Age,zip,2678,LightGCN,6,1.0,0.5,1.0,1.0,0.5,1.0
4447,Nashville,Median Age,zip,2678,LightGCN,7,1.0,1.0,0.5,1.0,1.0,0.25
4448,Nashville,Median Age,zip,2678,LightGCN,8,1.0,0.25,0.75,1.0,0.5,1.0
4449,Nashville,Median Age,zip,2678,LightGCN,9,1.0,0.75,0.5,1.0,1.0,0.75
4450,Nashville,Median Age,zip,2678,Feat-LightGCN,0,1.0,1.0,1.0,1.0,1.0,1.0
4451,Nashville,Median Age,zip,2678,Feat-LightGCN,1,1.0,0.25,1.0,1.0,0.5,1.0
4452,Nashville,Median Age,zip,2678,Feat-LightGCN,2,1.0,0.75,0.25,1.0,0.5,0.25
4453,Nashville,Median Age,zip,2678,Feat-LightGCN,3,1.0,0.5,1.0,1.0,0.25,1.0
4454,Nashville,Median Age,zip,2678,Feat-LightGCN,4,1.0,0.5,0.75,1.0,1.0,1.0
4455,Nashville,Median Age,zip,2678,Feat-LightGCN,5,1.0,0.75,0.75,1.0,1.0,1.0
4456,Nashville,Median Age,zip,2678,Feat-LightGCN,6,1.0,0.5,1.0,1.0,0.75,1.0
4457,Nashville,Median Age,zip,2678,Feat-LightGCN,7,1.0,0.75,0.5,1.0,1.0,1.0
4458,Nashville,Median Age,zip,2678,Feat-LightGCN,8,1.0,0.75,0.75,1.0,0.5,1.0
4459,Nashville,Median Age,zip,2678,Feat-LightGCN,9,1.0,0.5,0.5,1.0,0.75,0.75
4460,Nashville,Median Age,zip,2678,Feat\&PC-LightGCN,0,1.0,0.75,1.0,1.0,1.0,1.0
4461,Nashville,Median Age,zip,2678,Feat\&PC-LightGCN,1,1.0,0.25,0.75,1.0,0.25,1.0
4462,Nashville,Median Age,zip,2678,Feat\&PC-LightGCN,2,1.0,0.5,0.75,1.0,0.5,0.5
4463,Nashville,Median Age,zip,2678,Feat\&PC-LightGCN,3,1.0,0.75,0.75,1.0,1.0,1.0
4464,Nashville,Median Age,zip,2678,Feat\&PC-LightGCN,4,1.0,0.75,0.5,1.0,1.0,1.0
4465,Nashville,Median Age,zip,2678,Feat\&PC-LightGCN,5,1.0,1.0,0.75,1.0,1.0,0.75
4466,Nashville,Median Age,zip,2678,Feat\&PC-LightGCN,6,1.0,0.75,1.0,1.0,1.0,1.0
4467,Nashville,Median Age,zip,2678,Feat\&PC-LightGCN,7,1.0,0.75,0.5,1.0,1.0,0.5
4468,Nashville,Median Age,zip,2678,Feat\&PC-LightGCN,8,1.0,0.5,1.0,1.0,0.75,1.0
4469,Nashville,Median Age,zip,2678,Feat\&PC-LightGCN,9,1.0,1.0,0.25,1.0,1.0,0.5
4470,Nashville,Median Age,zip,2678,NoPreTrain,0,1.0,0.5,0.5,1.0,0.75,0.0
4471,Nashville,Median Age,zip,2678,NoPreTrain,1,1.0,0.25,0.5,1.0,0.25,0.5
4472,Nashville,Median Age,zip,2678,NoPreTrain,2,1.0,0.5,0.25,1.0,0.5,0.5
4473,Nashville,Median Age,zip,2678,NoPreTrain,3,1.0,0.5,0.5,1.0,1.0,0.5
4474,Nashville,Median Age,zip,2678,NoPreTrain,4,1.0,0.5,0.5,1.0,0.75,1.0
4475,Nashville,Median Age,zip,2678,NoPreTrain,5,1.0,0.25,0.0,1.0,0.25,0.0
4476,Nashville,Median Age,zip,2678,NoPreTrain,6,1.0,0.75,0.5,1.0,1.0,0.5
4477,Nashville,Median Age,zip,2678,NoPreTrain,7,1.0,0.5,0.75,1.0,0.0,0.75
4478,Nashville,Median Age,zip,2678,NoPreTrain,8,1.0,0.5,0.5,1.0,0.0,0.25
4479,Nashville,Median Age,zip,2678,NoPreTrain,9,1.0,0.5,0.5,1.0,1.0,0.5
4480,Tampa,Median Income,zip,9509,Emb,0,1.0,0.6363636363636364,0.7272727272727273,1.0,0.6776859504132231,0.8677685950413224
4481,Tampa,Median Income,zip,9509,Emb,1,1.0,0.7727272727272727,0.5909090909090909,1.0,0.7933884297520661,0.6363636363636364
4482,Tampa,Median Income,zip,9509,Emb,2,1.0,0.6818181818181818,0.6818181818181818,1.0,0.7272727272727273,0.7107438016528925
4483,Tampa,Median Income,zip,9509,Emb,3,1.0,0.6818181818181818,0.5454545454545454,1.0,0.7520661157024793,0.6776859504132231
4484,Tampa,Median Income,zip,9509,Emb,4,1.0,0.6818181818181818,0.7727272727272727,1.0,0.7768595041322314,0.8016528925619835
4485,Tampa,Median Income,zip,9509,Emb,5,1.0,0.8181818181818182,0.8181818181818182,1.0,0.8512396694214875,0.8181818181818182
4486,Tampa,Median Income,zip,9509,Emb,6,1.0,0.7727272727272727,0.7272727272727273,1.0,0.8016528925619835,0.7107438016528926
4487,Tampa,Median Income,zip,9509,Emb,7,1.0,0.6363636363636364,0.4090909090909091,1.0,0.5950413223140496,0.48760330578512395
4488,Tampa,Median Income,zip,9509,Emb,8,1.0,0.6363636363636364,0.6818181818181818,1.0,0.7107438016528926,0.7603305785123966
4489,Tampa,Median Income,zip,9509,Emb,9,1.0,0.6363636363636364,0.6818181818181818,1.0,0.6446280991735538,0.8181818181818181
4490,Tampa,Median Income,zip,9509,RGNN,0,0.9516129032258065,0.6818181818181818,0.6818181818181818,0.995837669094693,0.7024793388429752,0.7272727272727273
4491,Tampa,Median Income,zip,9509,RGNN,1,0.9838709677419355,0.6363636363636364,0.5,1.0,0.8099173553719008,0.628099173553719
4492,Tampa,Median Income,zip,9509,RGNN,2,0.9354838709677419,0.8181818181818182,0.7272727272727273,0.9947970863683663,0.8099173553719008,0.8181818181818181
4493,Tampa,Median Income,zip,9509,RGNN,3,1.0,0.7272727272727273,0.7727272727272727,1.0,0.9008264462809917,0.8347107438016529
4494,Tampa,Median Income,zip,9509,RGNN,4,0.9354838709677419,0.7272727272727273,0.6818181818181818,0.9906347554630593,0.7933884297520661,0.6611570247933884
4495,Tampa,Median Income,zip,9509,RGNN,5,0.9354838709677419,0.8636363636363636,0.8636363636363636,0.9760665972944849,0.9256198347107438,0.9421487603305785
4496,Tampa,Median Income,zip,9509,RGNN,6,0.9516129032258065,0.7727272727272727,0.5909090909090909,0.9968782518210197,0.7355371900826446,0.8429752066115703
4497,Tampa,Median Income,zip,9509,RGNN,7,1.0,0.5454545454545454,0.5454545454545454,1.0,0.71900826446281,0.6528925619834711
4498,Tampa,Median Income,zip,9509,RGNN,8,0.9838709677419355,0.6363636363636364,0.7272727272727273,1.0,0.7933884297520661,0.7851239669421488
4499,Tampa,Median Income,zip,9509,RGNN,9,0.9516129032258065,0.5909090909090909,0.7727272727272727,0.9979188345473465,0.6115702479338843,0.8512396694214875
4500,Tampa,Median Income,zip,9509,Feat-RGNN,0,0.967741935483871,0.6363636363636364,0.7272727272727273,0.9989594172736733,0.6611570247933884,0.8429752066115702
4501,Tampa,Median Income,zip,9509,Feat-RGNN,1,0.9032258064516129,0.6363636363636364,0.5454545454545454,0.9365244536940687,0.8925619834710744,0.5950413223140496
4502,Tampa,Median Income,zip,9509,Feat-RGNN,2,0.9838709677419355,0.5909090909090909,0.7727272727272727,0.9979188345473465,0.7355371900826446,0.859504132231405
4503,Tampa,Median Income,zip,9509,Feat-RGNN,3,0.9516129032258065,0.7272727272727273,0.5454545454545454,0.991675338189386,0.7851239669421488,0.7355371900826446
4504,Tampa,Median Income,zip,9509,Feat-RGNN,4,0.8870967741935484,0.6818181818181818,0.7272727272727273,0.9698231009365245,0.8264462809917356,0.7272727272727273
4505,Tampa,Median Income,zip,9509,Feat-RGNN,5,0.8870967741935484,0.8636363636363636,0.9090909090909091,0.9739854318418314,0.8925619834710743,0.9173553719008264
4506,Tampa,Median Income,zip,9509,Feat-RGNN,6,0.9354838709677419,0.6818181818181818,0.6363636363636364,0.9927159209157128,0.7768595041322315,0.743801652892562
4507,Tampa,Median Income,zip,9509,Feat-RGNN,7,0.9354838709677419,0.6818181818181818,0.6818181818181818,0.9875130072840792,0.6611570247933884,0.7107438016528926
4508,Tampa,Median Income,zip,9509,Feat-RGNN,8,0.9516129032258065,0.7727272727272727,0.45454545454545453,0.9968782518210197,0.8264462809917356,0.6115702479338844
4509,Tampa,Median Income,zip,9509,Feat-RGNN,9,0.9193548387096774,0.5909090909090909,0.6818181818181818,0.9708636836628513,0.7190082644628099,0.859504132231405
4510,Tampa,Median Income,zip,9509,Feat\&PC-RGNN,0,0.967741935483871,0.5454545454545454,0.8181818181818182,1.0,0.4793388429752066,0.8595041322314049
4511,Tampa,Median Income,zip,9509,Feat\&PC-RGNN,1,0.967741935483871,0.6363636363636364,0.6818181818181818,0.9854318418314256,0.768595041322314,0.768595041322314
4512,Tampa,Median Income,zip,9509,Feat\&PC-RGNN,2,0.9838709677419355,0.6818181818181818,0.6818181818181818,0.9989594172736733,0.7603305785123967,0.8264462809917354
4513,Tampa,Median Income,zip,9509,Feat\&PC-RGNN,3,0.967741935483871,0.5909090909090909,0.6818181818181818,1.0,0.7355371900826446,0.71900826446281
4514,Tampa,Median Income,zip,9509,Feat\&PC-RGNN,4,0.9516129032258065,0.6363636363636364,0.6363636363636364,0.9521331945889697,0.6776859504132231,0.6611570247933884
4515,Tampa,Median Income,zip,9509,Feat\&PC-RGNN,5,0.967741935483871,0.6818181818181818,0.7272727272727273,0.9802289281997919,0.7024793388429752,0.8347107438016529
4516,Tampa,Median Income,zip,9509,Feat\&PC-RGNN,6,0.9838709677419355,0.6363636363636364,0.6818181818181818,0.9989594172736733,0.6776859504132232,0.6859504132231405
4517,Tampa,Median Income,zip,9509,Feat\&PC-RGNN,7,0.967741935483871,0.5454545454545454,0.6363636363636364,0.9750260145681582,0.6776859504132231,0.7272727272727273
4518,Tampa,Median Income,zip,9509,Feat\&PC-RGNN,8,1.0,0.7727272727272727,0.7272727272727273,1.0,0.7272727272727273,0.6776859504132232
4519,Tampa,Median Income,zip,9509,Feat\&PC-RGNN,9,0.9838709677419355,0.5909090909090909,0.7272727272727273,0.9968782518210197,0.5950413223140496,0.7768595041322314
4520,Tampa,Median Income,zip,9509,LightGCN,0,1.0,0.7272727272727273,0.7727272727272727,1.0,0.768595041322314,0.8016528925619835
4521,Tampa,Median Income,zip,9509,LightGCN,1,1.0,0.7272727272727273,0.6818181818181818,1.0,0.7272727272727272,0.6942148760330579
4522,Tampa,Median Income,zip,9509,LightGCN,2,1.0,0.6818181818181818,0.7272727272727273,1.0,0.7272727272727273,0.8347107438016529
4523,Tampa,Median Income,zip,9509,LightGCN,3,1.0,0.7727272727272727,0.8636363636363636,1.0,0.8512396694214877,0.8760330578512396
4524,Tampa,Median Income,zip,9509,LightGCN,4,1.0,0.7727272727272727,0.7272727272727273,1.0,0.8347107438016528,0.8099173553719008
4525,Tampa,Median Income,zip,9509,LightGCN,5,1.0,0.7727272727272727,0.9090909090909091,1.0,0.8677685950413223,0.9008264462809916
4526,Tampa,Median Income,zip,9509,LightGCN,6,1.0,0.5909090909090909,0.7272727272727273,1.0,0.7190082644628099,0.8264462809917357
4527,Tampa,Median Income,zip,9509,LightGCN,7,1.0,0.7272727272727273,0.6818181818181818,1.0,0.6611570247933884,0.7520661157024794
4528,Tampa,Median Income,zip,9509,LightGCN,8,1.0,0.6818181818181818,0.7727272727272727,1.0,0.768595041322314,0.834710743801653
4529,Tampa,Median Income,zip,9509,LightGCN,9,1.0,0.6363636363636364,0.8636363636363636,1.0,0.6776859504132231,0.8512396694214877
4530,Tampa,Median Income,zip,9509,Feat-LightGCN,0,1.0,0.7272727272727273,0.7272727272727273,1.0,0.8099173553719008,0.8347107438016529
4531,Tampa,Median Income,zip,9509,Feat-LightGCN,1,1.0,0.6818181818181818,0.6818181818181818,1.0,0.7520661157024794,0.6776859504132231
4532,Tampa,Median Income,zip,9509,Feat-LightGCN,2,1.0,0.7272727272727273,0.7272727272727273,1.0,0.7933884297520661,0.8347107438016529
4533,Tampa,Median Income,zip,9509,Feat-LightGCN,3,1.0,0.7727272727272727,0.6818181818181818,1.0,0.8264462809917356,0.8016528925619835
4534,Tampa,Median Income,zip,9509,Feat-LightGCN,4,1.0,0.6818181818181818,0.7727272727272727,1.0,0.7768595041322314,0.859504132231405
4535,Tampa,Median Income,zip,9509,Feat-LightGCN,5,1.0,0.6818181818181818,0.7272727272727273,1.0,0.7933884297520661,0.8347107438016529
4536,Tampa,Median Income,zip,9509,Feat-LightGCN,6,1.0,0.7727272727272727,0.6363636363636364,1.0,0.768595041322314,0.7933884297520661
4537,Tampa,Median Income,zip,9509,Feat-LightGCN,7,1.0,0.6363636363636364,0.7272727272727273,1.0,0.7107438016528925,0.7272727272727273
4538,Tampa,Median Income,zip,9509,Feat-LightGCN,8,1.0,0.6818181818181818,0.6363636363636364,1.0,0.8347107438016529,0.6942148760330579
4539,Tampa,Median Income,zip,9509,Feat-LightGCN,9,0.6612903225806451,0.5909090909090909,0.5909090909090909,1.0,0.8264462809917356,0.7933884297520661
4540,Tampa,Median Income,zip,9509,Feat\&PC-LightGCN,0,1.0,0.5454545454545454,0.7727272727272727,1.0,0.47107438016528924,0.768595041322314
4541,Tampa,Median Income,zip,9509,Feat\&PC-LightGCN,1,1.0,0.5454545454545454,0.45454545454545453,1.0,0.6198347107438017,0.5454545454545455
4542,Tampa,Median Income,zip,9509,Feat\&PC-LightGCN,2,1.0,0.7272727272727273,0.5909090909090909,1.0,0.7148760330578512,0.6942148760330579
4543,Tampa,Median Income,zip,9509,Feat\&PC-LightGCN,3,1.0,0.6818181818181818,0.6818181818181818,1.0,0.7355371900826446,0.7024793388429752
4544,Tampa,Median Income,zip,9509,Feat\&PC-LightGCN,4,1.0,0.5909090909090909,0.6363636363636364,1.0,0.6198347107438017,0.5867768595041323
4545,Tampa,Median Income,zip,9509,Feat\&PC-LightGCN,5,1.0,0.6363636363636364,0.7272727272727273,1.0,0.628099173553719,0.6776859504132232
4546,Tampa,Median Income,zip,9509,Feat\&PC-LightGCN,6,1.0,0.5454545454545454,0.6363636363636364,1.0,0.6694214876033058,0.5371900826446281
4547,Tampa,Median Income,zip,9509,Feat\&PC-LightGCN,7,1.0,0.5909090909090909,0.5,1.0,0.6900826446280992,0.4421487603305785
4548,Tampa,Median Income,zip,9509,Feat\&PC-LightGCN,8,1.0,0.7727272727272727,0.6363636363636364,1.0,0.7768595041322314,0.6611570247933884
4549,Tampa,Median Income,zip,9509,Feat\&PC-LightGCN,9,1.0,0.7272727272727273,0.6818181818181818,1.0,0.5537190082644629,0.7355371900826447
4550,Tampa,Median Income,zip,9509,NoPreTrain,0,1.0,0.5,0.5,1.0,0.5289256198347108,0.628099173553719
4551,Tampa,Median Income,zip,9509,NoPreTrain,1,1.0,0.5909090909090909,0.4090909090909091,1.0,0.47107438016528924,0.47107438016528924
4552,Tampa,Median Income,zip,9509,NoPreTrain,2,1.0,0.5,0.6363636363636364,1.0,0.48760330578512395,0.6776859504132231
4553,Tampa,Median Income,zip,9509,NoPreTrain,3,0.9838709677419355,0.5454545454545454,0.45454545454545453,1.0,0.628099173553719,0.4297520661157025
4554,Tampa,Median Income,zip,9509,NoPreTrain,4,1.0,0.45454545454545453,0.36363636363636365,1.0,0.5371900826446281,0.42975206611570244
4555,Tampa,Median Income,zip,9509,NoPreTrain,5,1.0,0.6818181818181818,0.5909090909090909,1.0,0.8099173553719008,0.6033057851239669
4556,Tampa,Median Income,zip,9509,NoPreTrain,6,1.0,0.45454545454545453,0.5454545454545454,1.0,0.487603305785124,0.5950413223140496
4557,Tampa,Median Income,zip,9509,NoPreTrain,7,1.0,0.6363636363636364,0.5,1.0,0.4380165289256198,0.5702479338842975
4558,Tampa,Median Income,zip,9509,NoPreTrain,8,1.0,0.6818181818181818,0.3181818181818182,1.0,0.6776859504132231,0.2892561983471074
4559,Tampa,Median Income,zip,9509,NoPreTrain,9,1.0,0.5454545454545454,0.5,1.0,0.5619834710743802,0.6528925619834711
4560,Tampa,Median Home Value,zip,9498,Emb,0,1.0,0.7142857142857143,0.5909090909090909,1.0,0.7181818181818183,0.71900826446281
4561,Tampa,Median Home Value,zip,9498,Emb,1,1.0,0.5714285714285714,0.6363636363636364,1.0,0.5545454545454546,0.6446280991735536
4562,Tampa,Median Home Value,zip,9498,Emb,2,1.0,0.7142857142857143,0.7727272727272727,1.0,0.7454545454545455,0.8016528925619836
4563,Tampa,Median Home Value,zip,9498,Emb,3,1.0,0.6190476190476191,0.6818181818181818,1.0,0.6363636363636364,0.6776859504132231
4564,Tampa,Median Home Value,zip,9498,Emb,4,1.0,0.7142857142857143,0.6818181818181818,1.0,0.7181818181818181,0.652892561983471
4565,Tampa,Median Home Value,zip,9498,Emb,5,1.0,0.5714285714285714,0.7272727272727273,1.0,0.6454545454545454,0.7107438016528925
4566,Tampa,Median Home Value,zip,9498,Emb,6,1.0,0.7142857142857143,0.6363636363636364,1.0,0.8090909090909091,0.6652892561983471
4567,Tampa,Median Home Value,zip,9498,Emb,7,1.0,0.6666666666666666,0.6363636363636364,1.0,0.8909090909090909,0.6115702479338844
4568,Tampa,Median Home Value,zip,9498,Emb,8,1.0,0.8095238095238095,0.6818181818181818,1.0,0.8454545454545455,0.71900826446281
4569,Tampa,Median Home Value,zip,9498,Emb,9,1.0,0.5238095238095238,0.6363636363636364,1.0,0.6545454545454545,0.6942148760330579
4570,Tampa,Median Home Value,zip,9498,RGNN,0,0.9838709677419355,0.8095238095238095,0.7727272727272727,0.991675338189386,0.9,0.9090909090909091
4571,Tampa,Median Home Value,zip,9498,RGNN,1,0.9838709677419355,0.6666666666666666,0.7727272727272727,0.9979188345473465,0.790909090909091,0.884297520661157
4572,Tampa,Median Home Value,zip,9498,RGNN,2,1.0,0.7142857142857143,0.6818181818181818,1.0,0.7454545454545454,0.7603305785123967
4573,Tampa,Median Home Value,zip,9498,RGNN,3,0.9516129032258065,0.7142857142857143,0.7272727272727273,0.9812695109261187,0.8545454545454545,0.8264462809917356
4574,Tampa,Median Home Value,zip,9498,RGNN,4,0.9516129032258065,0.7619047619047619,0.7727272727272727,0.9802289281997919,0.7636363636363637,0.8677685950413223
4575,Tampa,Median Home Value,zip,9498,RGNN,5,0.9354838709677419,0.7619047619047619,0.8181818181818182,0.9947970863683663,0.8363636363636363,0.8925619834710743
4576,Tampa,Median Home Value,zip,9498,RGNN,6,1.0,0.6666666666666666,0.7727272727272727,1.0,0.7818181818181819,0.884297520661157
4577,Tampa,Median Home Value,zip,9498,RGNN,7,0.9838709677419355,0.7142857142857143,0.5909090909090909,0.9989594172736733,0.790909090909091,0.7851239669421488
4578,Tampa,Median Home Value,zip,9498,RGNN,8,0.967741935483871,0.8571428571428571,0.8181818181818182,0.9989594172736733,0.9181818181818181,0.8842975206611571
4579,Tampa,Median Home Value,zip,9498,RGNN,9,1.0,0.8095238095238095,0.7727272727272727,1.0,0.790909090909091,0.7603305785123967
4580,Tampa,Median Home Value,zip,9498,Feat-RGNN,0,0.967741935483871,0.8095238095238095,0.7272727272727273,0.9823100936524454,0.8454545454545455,0.8925619834710744
4581,Tampa,Median Home Value,zip,9498,Feat-RGNN,1,0.9032258064516129,0.5714285714285714,0.8181818181818182,0.984391259105099,0.7181818181818183,0.8429752066115702
4582,Tampa,Median Home Value,zip,9498,Feat-RGNN,2,0.9354838709677419,0.5238095238095238,0.8181818181818182,0.9781477627471384,0.6727272727272726,0.8760330578512396
4583,Tampa,Median Home Value,zip,9498,Feat-RGNN,3,0.9354838709677419,0.8095238095238095,0.6818181818181818,0.9906347554630595,0.8636363636363636,0.7272727272727273
4584,Tampa,Median Home Value,zip,9498,Feat-RGNN,4,0.967741935483871,0.7619047619047619,0.6818181818181818,0.9885535900104059,0.8636363636363636,0.8264462809917356
4585,Tampa,Median Home Value,zip,9498,Feat-RGNN,5,0.9354838709677419,0.8571428571428571,0.7727272727272727,0.9812695109261187,0.8727272727272727,0.8760330578512396
4586,Tampa,Median Home Value,zip,9498,Feat-RGNN,6,1.0,0.8095238095238095,0.7727272727272727,1.0,0.8454545454545455,0.8264462809917354
4587,Tampa,Median Home Value,zip,9498,Feat-RGNN,7,0.9354838709677419,0.8095238095238095,0.7272727272727273,0.9854318418314256,0.8272727272727274,0.8677685950413223
4588,Tampa,Median Home Value,zip,9498,Feat-RGNN,8,0.9354838709677419,0.8095238095238095,0.6818181818181818,0.9864724245577523,0.9545454545454546,0.7520661157024794
4589,Tampa,Median Home Value,zip,9498,Feat-RGNN,9,0.967741935483871,0.7619047619047619,0.5909090909090909,0.9927159209157128,0.7454545454545455,0.6363636363636364
4590,Tampa,Median Home Value,zip,9498,Feat\&PC-RGNN,0,0.9838709677419355,0.8571428571428571,0.8181818181818182,0.9947970863683663,0.9636363636363636,0.8925619834710744
4591,Tampa,Median Home Value,zip,9498,Feat\&PC-RGNN,1,0.967741935483871,0.6666666666666666,0.7727272727272727,0.984391259105099,0.7,0.8181818181818182
4592,Tampa,Median Home Value,zip,9498,Feat\&PC-RGNN,2,1.0,0.7142857142857143,0.7727272727272727,1.0,0.8181818181818182,0.859504132231405
4593,Tampa,Median Home Value,zip,9498,Feat\&PC-RGNN,3,0.9838709677419355,0.6666666666666666,0.7272727272727273,0.9989594172736733,0.8090909090909091,0.8429752066115703
4594,Tampa,Median Home Value,zip,9498,Feat\&PC-RGNN,4,0.8870967741935484,0.8095238095238095,0.7727272727272727,0.9791883454734651,0.9181818181818182,0.8181818181818182
4595,Tampa,Median Home Value,zip,9498,Feat\&PC-RGNN,5,0.9838709677419355,0.7619047619047619,0.8636363636363636,1.0,0.8545454545454545,0.8512396694214875
4596,Tampa,Median Home Value,zip,9498,Feat\&PC-RGNN,6,0.967741935483871,0.6190476190476191,0.7272727272727273,0.9937565036420395,0.7545454545454545,0.7520661157024794
4597,Tampa,Median Home Value,zip,9498,Feat\&PC-RGNN,7,1.0,0.7142857142857143,0.8181818181818182,1.0,0.7272727272727273,0.8429752066115702
4598,Tampa,Median Home Value,zip,9498,Feat\&PC-RGNN,8,0.967741935483871,0.7142857142857143,0.7727272727272727,0.9979188345473465,0.8545454545454545,0.8512396694214877
4599,Tampa,Median Home Value,zip,9498,Feat\&PC-RGNN,9,1.0,0.7619047619047619,0.6363636363636364,1.0,0.8,0.5950413223140496
4600,Tampa,Median Home Value,zip,9498,LightGCN,0,1.0,0.8095238095238095,0.7272727272727273,1.0,0.9,0.9090909090909091
4601,Tampa,Median Home Value,zip,9498,LightGCN,1,0.9354838709677419,0.6666666666666666,0.7272727272727273,0.9895941727367326,0.7,0.743801652892562
4602,Tampa,Median Home Value,zip,9498,LightGCN,2,1.0,0.7619047619047619,0.8181818181818182,1.0,0.8545454545454546,0.9090909090909091
4603,Tampa,Median Home Value,zip,9498,LightGCN,3,1.0,0.7142857142857143,0.6363636363636364,1.0,0.8727272727272727,0.7603305785123967
4604,Tampa,Median Home Value,zip,9498,LightGCN,4,1.0,0.7142857142857143,0.9090909090909091,1.0,0.8090909090909091,0.9090909090909091
4605,Tampa,Median Home Value,zip,9498,LightGCN,5,1.0,0.8571428571428571,0.8181818181818182,1.0,0.9363636363636363,0.9173553719008264
4606,Tampa,Median Home Value,zip,9498,LightGCN,6,1.0,0.7142857142857143,0.8181818181818182,1.0,0.8,0.884297520661157
4607,Tampa,Median Home Value,zip,9498,LightGCN,7,1.0,0.6666666666666666,0.7727272727272727,1.0,0.7727272727272728,0.7975206611570247
4608,Tampa,Median Home Value,zip,9498,LightGCN,8,0.8709677419354839,0.8571428571428571,0.7727272727272727,0.9958376690946931,0.9272727272727272,0.884297520661157
4609,Tampa,Median Home Value,zip,9498,LightGCN,9,1.0,0.8095238095238095,0.6363636363636364,1.0,0.8227272727272728,0.7603305785123967
4610,Tampa,Median Home Value,zip,9498,Feat-LightGCN,0,1.0,0.7619047619047619,0.7272727272727273,1.0,0.8727272727272727,0.8429752066115702
4611,Tampa,Median Home Value,zip,9498,Feat-LightGCN,1,1.0,0.7619047619047619,0.6818181818181818,1.0,0.7727272727272728,0.743801652892562
4612,Tampa,Median Home Value,zip,9498,Feat-LightGCN,2,1.0,0.7142857142857143,0.7727272727272727,1.0,0.8363636363636364,0.8677685950413223
4613,Tampa,Median Home Value,zip,9498,Feat-LightGCN,3,1.0,0.6666666666666666,0.7727272727272727,1.0,0.7272727272727273,0.768595041322314
4614,Tampa,Median Home Value,zip,9498,Feat-LightGCN,4,1.0,0.6190476190476191,0.9090909090909091,1.0,0.7909090909090909,0.9173553719008264
4615,Tampa,Median Home Value,zip,9498,Feat-LightGCN,5,1.0,0.7619047619047619,0.7727272727272727,1.0,0.9,0.8347107438016529
4616,Tampa,Median Home Value,zip,9498,Feat-LightGCN,6,1.0,0.7142857142857143,0.7727272727272727,1.0,0.8454545454545455,0.884297520661157
4617,Tampa,Median Home Value,zip,9498,Feat-LightGCN,7,1.0,0.6666666666666666,0.7272727272727273,1.0,0.7818181818181819,0.9090909090909091
4618,Tampa,Median Home Value,zip,9498,Feat-LightGCN,8,0.8709677419354839,0.6190476190476191,0.5909090909090909,0.9823100936524454,0.7727272727272728,0.8677685950413223
4619,Tampa,Median Home Value,zip,9498,Feat-LightGCN,9,1.0,0.8571428571428571,0.5909090909090909,1.0,0.8818181818181817,0.7520661157024794
4620,Tampa,Median Home Value,zip,9498,Feat\&PC-LightGCN,0,1.0,0.6666666666666666,0.6818181818181818,1.0,0.7545454545454545,0.7933884297520661
4621,Tampa,Median Home Value,zip,9498,Feat\&PC-LightGCN,1,1.0,0.5714285714285714,0.5909090909090909,1.0,0.6181818181818182,0.628099173553719
4622,Tampa,Median Home Value,zip,9498,Feat\&PC-LightGCN,2,1.0,0.5238095238095238,0.5454545454545454,1.0,0.4545454545454546,0.6859504132231405
4623,Tampa,Median Home Value,zip,9498,Feat\&PC-LightGCN,3,1.0,0.6190476190476191,0.5,1.0,0.6909090909090909,0.5289256198347108
4624,Tampa,Median Home Value,zip,9498,Feat\&PC-LightGCN,4,1.0,0.5714285714285714,0.7272727272727273,1.0,0.690909090909091,0.6818181818181819
4625,Tampa,Median Home Value,zip,9498,Feat\&PC-LightGCN,5,1.0,0.7142857142857143,0.5,1.0,0.6818181818181819,0.5289256198347108
4626,Tampa,Median Home Value,zip,9498,Feat\&PC-LightGCN,6,1.0,0.6666666666666666,0.45454545454545453,1.0,0.790909090909091,0.4793388429752066
4627,Tampa,Median Home Value,zip,9498,Feat\&PC-LightGCN,7,1.0,0.6190476190476191,0.45454545454545453,1.0,0.6636363636363636,0.47933884297520657
4628,Tampa,Median Home Value,zip,9498,Feat\&PC-LightGCN,8,1.0,0.6190476190476191,0.6818181818181818,1.0,0.6863636363636364,0.768595041322314
4629,Tampa,Median Home Value,zip,9498,Feat\&PC-LightGCN,9,1.0,0.6666666666666666,0.5454545454545454,1.0,0.7999999999999999,0.487603305785124
4630,Tampa,Median Home Value,zip,9498,NoPreTrain,0,1.0,0.47619047619047616,0.6363636363636364,1.0,0.44545454545454544,0.7107438016528926
4631,Tampa,Median Home Value,zip,9498,NoPreTrain,1,1.0,0.5238095238095238,0.36363636363636365,1.0,0.5727272727272728,0.3801652892561983
4632,Tampa,Median Home Value,zip,9498,NoPreTrain,2,1.0,0.5714285714285714,0.5,1.0,0.4636363636363636,0.5123966942148761
4633,Tampa,Median Home Value,zip,9498,NoPreTrain,3,1.0,0.6666666666666666,0.5454545454545454,1.0,0.7272727272727272,0.5206611570247934
4634,Tampa,Median Home Value,zip,9498,NoPreTrain,4,1.0,0.6190476190476191,0.5909090909090909,1.0,0.7272727272727273,0.6198347107438016
4635,Tampa,Median Home Value,zip,9498,NoPreTrain,5,1.0,0.5238095238095238,0.5909090909090909,1.0,0.5909090909090908,0.39669421487603307
4636,Tampa,Median Home Value,zip,9498,NoPreTrain,6,1.0,0.5238095238095238,0.5,1.0,0.7909090909090909,0.7768595041322313
4637,Tampa,Median Home Value,zip,9498,NoPreTrain,7,1.0,0.5238095238095238,0.5909090909090909,1.0,0.509090909090909,0.5950413223140496
4638,Tampa,Median Home Value,zip,9498,NoPreTrain,8,1.0,0.5714285714285714,0.6363636363636364,1.0,0.6818181818181818,0.6115702479338843
4639,Tampa,Median Home Value,zip,9498,NoPreTrain,9,1.0,0.47619047619047616,0.5454545454545454,1.0,0.5,0.42148760330578516
4640,Tampa,Commute Time,zip,9498,Emb,0,1.0,0.5714285714285714,0.7727272727272727,1.0,0.6090909090909091,0.7933884297520661
4641,Tampa,Commute Time,zip,9498,Emb,1,1.0,0.5238095238095238,0.7727272727272727,1.0,0.5818181818181818,0.8016528925619835
4642,Tampa,Commute Time,zip,9498,Emb,2,1.0,0.6666666666666666,0.7272727272727273,1.0,0.790909090909091,0.7024793388429752
4643,Tampa,Commute Time,zip,9498,Emb,3,1.0,0.7142857142857143,0.6818181818181818,1.0,0.8272727272727274,0.6198347107438017
4644,Tampa,Commute Time,zip,9498,Emb,4,1.0,0.7619047619047619,0.5909090909090909,1.0,0.8090909090909091,0.6528925619834711
4645,Tampa,Commute Time,zip,9498,Emb,5,1.0,0.6190476190476191,0.45454545454545453,1.0,0.790909090909091,0.5123966942148761
4646,Tampa,Commute Time,zip,9498,Emb,6,1.0,0.5714285714285714,0.6363636363636364,1.0,0.6818181818181819,0.7190082644628097
4647,Tampa,Commute Time,zip,9498,Emb,7,1.0,0.7142857142857143,0.5909090909090909,1.0,0.7545454545454546,0.6363636363636364
4648,Tampa,Commute Time,zip,9498,Emb,8,1.0,0.6190476190476191,0.6818181818181818,1.0,0.6727272727272727,0.71900826446281
4649,Tampa,Commute Time,zip,9498,Emb,9,1.0,0.6190476190476191,0.6363636363636364,1.0,0.6,0.7024793388429752
4650,Tampa,Commute Time,zip,9498,RGNN,0,0.8870967741935484,0.47619047619047616,0.6818181818181818,0.9375650364203953,0.6272727272727272,0.7768595041322314
4651,Tampa,Commute Time,zip,9498,RGNN,1,0.967741935483871,0.5238095238095238,0.6818181818181818,0.9989594172736733,0.5363636363636364,0.8347107438016529
4652,Tampa,Commute Time,zip,9498,RGNN,2,0.8870967741935484,0.7142857142857143,0.5909090909090909,0.9646201873048907,0.7,0.7272727272727273
4653,Tampa,Commute Time,zip,9498,RGNN,3,0.9516129032258065,0.8095238095238095,0.5454545454545454,0.9729448491155048,0.7545454545454545,0.5289256198347108
4654,Tampa,Commute Time,zip,9498,RGNN,4,0.9838709677419355,0.5238095238095238,0.6818181818181818,0.9989594172736733,0.6090909090909091,0.6859504132231405
4655,Tampa,Commute Time,zip,9498,RGNN,5,0.8064516129032258,0.6666666666666666,0.4090909090909091,0.9344432882414152,0.7272727272727272,0.49586776859504134
4656,Tampa,Commute Time,zip,9498,RGNN,6,0.9032258064516129,0.47619047619047616,0.6363636363636364,0.9105098855359001,0.5,0.7272727272727273
4657,Tampa,Commute Time,zip,9498,RGNN,7,0.9516129032258065,0.6190476190476191,0.5909090909090909,0.9750260145681582,0.5545454545454545,0.5702479338842975
4658,Tampa,Commute Time,zip,9498,RGNN,8,0.9354838709677419,0.7142857142857143,0.5454545454545454,0.9667013527575441,0.6363636363636365,0.6446280991735537
4659,Tampa,Commute Time,zip,9498,RGNN,9,0.9354838709677419,0.5238095238095238,0.6363636363636364,0.9854318418314256,0.5454545454545454,0.6033057851239669
4660,Tampa,Commute Time,zip,9498,Feat-RGNN,0,0.9354838709677419,0.6190476190476191,0.5909090909090909,0.9583766909469302,0.6000000000000001,0.768595041322314
4661,Tampa,Commute Time,zip,9498,Feat-RGNN,1,0.8548387096774194,0.5714285714285714,0.7272727272727273,0.9229968782518211,0.5,0.7851239669421488
4662,Tampa,Commute Time,zip,9498,Feat-RGNN,2,0.9032258064516129,0.7142857142857143,0.6363636363636364,0.9417273673257023,0.8545454545454545,0.7272727272727273
4663,Tampa,Commute Time,zip,9498,Feat-RGNN,3,0.9193548387096774,0.6666666666666666,0.6818181818181818,0.9344432882414152,0.7363636363636363,0.6446280991735538
4664,Tampa,Commute Time,zip,9498,Feat-RGNN,4,0.8870967741935484,0.7142857142857143,0.6363636363636364,0.9989594172736733,0.7272727272727273,0.6198347107438017
4665,Tampa,Commute Time,zip,9498,Feat-RGNN,5,0.9516129032258065,0.6190476190476191,0.45454545454545453,0.9864724245577524,0.7909090909090909,0.5289256198347106
4666,Tampa,Commute Time,zip,9498,Feat-RGNN,6,0.8225806451612904,0.6190476190476191,0.5909090909090909,0.9063475546305932,0.5909090909090908,0.6859504132231404
4667,Tampa,Commute Time,zip,9498,Feat-RGNN,7,0.8548387096774194,0.6666666666666666,0.5454545454545454,0.935483870967742,0.7,0.6115702479338844
4668,Tampa,Commute Time,zip,9498,Feat-RGNN,8,0.967741935483871,0.7142857142857143,0.5454545454545454,0.9947970863683664,0.7363636363636364,0.5702479338842975
4669,Tampa,Commute Time,zip,9498,Feat-RGNN,9,0.9516129032258065,0.6666666666666666,0.5454545454545454,0.9864724245577523,0.6545454545454545,0.5371900826446281
4670,Tampa,Commute Time,zip,9498,Feat\&PC-RGNN,0,0.9516129032258065,0.5238095238095238,0.8181818181818182,0.9916753381893861,0.5181818181818182,0.8842975206611571
4671,Tampa,Commute Time,zip,9498,Feat\&PC-RGNN,1,1.0,0.6190476190476191,0.7272727272727273,1.0,0.6181818181818182,0.8016528925619835
4672,Tampa,Commute Time,zip,9498,Feat\&PC-RGNN,2,0.967741935483871,0.6666666666666666,0.5909090909090909,0.976066597294485,0.8545454545454546,0.6694214876033058
4673,Tampa,Commute Time,zip,9498,Feat\&PC-RGNN,3,0.9516129032258065,0.8095238095238095,0.5,0.9771071800208118,0.7818181818181819,0.5702479338842975
4674,Tampa,Commute Time,zip,9498,Feat\&PC-RGNN,4,1.0,0.6666666666666666,0.5454545454545454,1.0,0.6909090909090909,0.6446280991735537
4675,Tampa,Commute Time,zip,9498,Feat\&PC-RGNN,5,0.9838709677419355,0.5714285714285714,0.5,0.9885535900104059,0.6454545454545455,0.47933884297520657
4676,Tampa,Commute Time,zip,9498,Feat\&PC-RGNN,6,0.9193548387096774,0.5714285714285714,0.5454545454545454,0.9490114464099897,0.5636363636363636,0.6363636363636364
4677,Tampa,Commute Time,zip,9498,Feat\&PC-RGNN,7,0.9516129032258065,0.5238095238095238,0.5909090909090909,0.9979188345473465,0.6818181818181819,0.5289256198347108
4678,Tampa,Commute Time,zip,9498,Feat\&PC-RGNN,8,0.967741935483871,0.6190476190476191,0.6818181818181818,0.9989594172736733,0.7636363636363637,0.6694214876033058
4679,Tampa,Commute Time,zip,9498,Feat\&PC-RGNN,9,0.9838709677419355,0.5238095238095238,0.6818181818181818,0.9833506763787722,0.5636363636363637,0.6363636363636364
4680,Tampa,Commute Time,zip,9498,LightGCN,0,1.0,0.5714285714285714,0.7727272727272727,1.0,0.5954545454545455,0.8181818181818181
4681,Tampa,Commute Time,zip,9498,LightGCN,1,1.0,0.5714285714285714,0.6363636363636364,1.0,0.6454545454545454,0.7603305785123967
4682,Tampa,Commute Time,zip,9498,LightGCN,2,1.0,0.8095238095238095,0.7727272727272727,1.0,0.9272727272727272,0.7851239669421488
4683,Tampa,Commute Time,zip,9498,LightGCN,3,1.0,0.7142857142857143,0.5454545454545454,1.0,0.8545454545454545,0.6611570247933884
4684,Tampa,Commute Time,zip,9498,LightGCN,4,1.0,0.6190476190476191,0.6363636363636364,1.0,0.7727272727272727,0.7272727272727273
4685,Tampa,Commute Time,zip,9498,LightGCN,5,1.0,0.6190476190476191,0.5,1.0,0.7363636363636364,0.5041322314049587
4686,Tampa,Commute Time,zip,9498,LightGCN,6,0.967741935483871,0.6666666666666666,0.6363636363636364,0.9989594172736733,0.6,0.7272727272727273
4687,Tampa,Commute Time,zip,9498,LightGCN,7,1.0,0.6666666666666666,0.6818181818181818,1.0,0.6181818181818182,0.6983471074380165
4688,Tampa,Commute Time,zip,9498,LightGCN,8,1.0,0.6666666666666666,0.6818181818181818,1.0,0.7863636363636364,0.7603305785123967
4689,Tampa,Commute Time,zip,9498,LightGCN,9,1.0,0.42857142857142855,0.6363636363636364,1.0,0.5727272727272728,0.5867768595041323
4690,Tampa,Commute Time,zip,9498,Feat-LightGCN,0,1.0,0.6190476190476191,0.7272727272727273,1.0,0.5909090909090909,0.8512396694214877
4691,Tampa,Commute Time,zip,9498,Feat-LightGCN,1,1.0,0.6666666666666666,0.6363636363636364,1.0,0.7000000000000001,0.6694214876033058
4692,Tampa,Commute Time,zip,9498,Feat-LightGCN,2,1.0,0.7142857142857143,0.6363636363636364,1.0,0.8,0.7975206611570248
4693,Tampa,Commute Time,zip,9498,Feat-LightGCN,3,1.0,0.7142857142857143,0.6363636363636364,1.0,0.8090909090909091,0.5950413223140496
4694,Tampa,Commute Time,zip,9498,Feat-LightGCN,4,1.0,0.6666666666666666,0.6818181818181818,1.0,0.7272727272727273,0.5950413223140496
4695,Tampa,Commute Time,zip,9498,Feat-LightGCN,5,1.0,0.5714285714285714,0.5909090909090909,1.0,0.6636363636363636,0.5743801652892562
4696,Tampa,Commute Time,zip,9498,Feat-LightGCN,6,1.0,0.6190476190476191,0.6818181818181818,1.0,0.6272727272727272,0.6611570247933884
4697,Tampa,Commute Time,zip,9498,Feat-LightGCN,7,1.0,0.6666666666666666,0.6818181818181818,1.0,0.6363636363636364,0.6446280991735537
4698,Tampa,Commute Time,zip,9498,Feat-LightGCN,8,1.0,0.8095238095238095,0.6818181818181818,1.0,0.7863636363636364,0.71900826446281
4699,Tampa,Commute Time,zip,9498,Feat-LightGCN,9,1.0,0.6190476190476191,0.6363636363636364,1.0,0.5909090909090908,0.578512396694215
4700,Tampa,Commute Time,zip,9498,Feat\&PC-LightGCN,0,1.0,0.6666666666666666,0.7727272727272727,1.0,0.759090909090909,0.8677685950413224
4701,Tampa,Commute Time,zip,9498,Feat\&PC-LightGCN,1,1.0,0.6190476190476191,0.5454545454545454,1.0,0.7636363636363636,0.6198347107438016
4702,Tampa,Commute Time,zip,9498,Feat\&PC-LightGCN,2,1.0,0.7142857142857143,0.5909090909090909,1.0,0.7636363636363637,0.7768595041322314
4703,Tampa,Commute Time,zip,9498,Feat\&PC-LightGCN,3,1.0,0.7142857142857143,0.5909090909090909,1.0,0.8454545454545453,0.6694214876033058
4704,Tampa,Commute Time,zip,9498,Feat\&PC-LightGCN,4,1.0,0.6666666666666666,0.6818181818181818,1.0,0.5909090909090908,0.6942148760330579
4705,Tampa,Commute Time,zip,9498,Feat\&PC-LightGCN,5,1.0,0.7142857142857143,0.6363636363636364,1.0,0.7636363636363637,0.6942148760330579
4706,Tampa,Commute Time,zip,9498,Feat\&PC-LightGCN,6,1.0,0.8571428571428571,0.7727272727272727,1.0,0.8818181818181818,0.768595041322314
4707,Tampa,Commute Time,zip,9498,Feat\&PC-LightGCN,7,1.0,0.6190476190476191,0.5454545454545454,1.0,0.8181818181818182,0.5165289256198347
4708,Tampa,Commute Time,zip,9498,Feat\&PC-LightGCN,8,1.0,0.6666666666666666,0.7272727272727273,1.0,0.7227272727272727,0.7190082644628099
4709,Tampa,Commute Time,zip,9498,Feat\&PC-LightGCN,9,1.0,0.5238095238095238,0.5454545454545454,1.0,0.509090909090909,0.5867768595041323
4710,Tampa,Commute Time,zip,9498,NoPreTrain,0,0.9838709677419355,0.42857142857142855,0.5454545454545454,1.0,0.5363636363636364,0.5289256198347108
4711,Tampa,Commute Time,zip,9498,NoPreTrain,1,1.0,0.6190476190476191,0.7272727272727273,1.0,0.5181818181818182,0.6942148760330579
4712,Tampa,Commute Time,zip,9498,NoPreTrain,2,0.967741935483871,0.7142857142857143,0.5,1.0,0.7454545454545455,0.7520661157024794
4713,Tampa,Commute Time,zip,9498,NoPreTrain,3,1.0,0.6190476190476191,0.5454545454545454,1.0,0.7090909090909091,0.6198347107438016
4714,Tampa,Commute Time,zip,9498,NoPreTrain,4,1.0,0.5238095238095238,0.5454545454545454,1.0,0.34545454545454546,0.6198347107438017
4715,Tampa,Commute Time,zip,9498,NoPreTrain,5,0.9838709677419355,0.5238095238095238,0.5909090909090909,1.0,0.6,0.628099173553719
4716,Tampa,Commute Time,zip,9498,NoPreTrain,6,0.9838709677419355,0.47619047619047616,0.45454545454545453,1.0,0.4636363636363636,0.3884297520661157
4717,Tampa,Commute Time,zip,9498,NoPreTrain,7,1.0,0.5714285714285714,0.5,1.0,0.5,0.36363636363636365
4718,Tampa,Commute Time,zip,9498,NoPreTrain,8,1.0,0.5238095238095238,0.5,1.0,0.7454545454545455,0.6446280991735538
4719,Tampa,Commute Time,zip,9498,NoPreTrain,9,0.9838709677419355,0.42857142857142855,0.45454545454545453,1.0,0.5,0.4958677685950413
4720,Tampa,Median Age,zip,9509,Emb,0,1.0,0.8181818181818182,0.8181818181818182,1.0,0.8264462809917354,0.8677685950413222
4721,Tampa,Median Age,zip,9509,Emb,1,1.0,0.7272727272727273,0.7727272727272727,1.0,0.859504132231405,0.7066115702479339
4722,Tampa,Median Age,zip,9509,Emb,2,1.0,0.9545454545454546,0.7727272727272727,1.0,0.9669421487603306,0.9256198347107437
4723,Tampa,Median Age,zip,9509,Emb,3,1.0,0.7727272727272727,0.7727272727272727,1.0,0.8099173553719008,0.7768595041322315
4724,Tampa,Median Age,zip,9509,Emb,4,1.0,0.8636363636363636,0.9090909090909091,1.0,0.9008264462809917,0.9338842975206612
4725,Tampa,Median Age,zip,9509,Emb,5,1.0,0.8181818181818182,0.8181818181818182,1.0,0.9008264462809916,0.8677685950413222
4726,Tampa,Median Age,zip,9509,Emb,6,1.0,0.8636363636363636,0.9090909090909091,1.0,1.0,0.9834710743801652
4727,Tampa,Median Age,zip,9509,Emb,7,1.0,0.8636363636363636,0.9090909090909091,1.0,0.9338842975206612,0.9008264462809917
4728,Tampa,Median Age,zip,9509,Emb,8,1.0,0.9090909090909091,0.8181818181818182,1.0,0.8925619834710743,0.8925619834710744
4729,Tampa,Median Age,zip,9509,Emb,9,1.0,0.8181818181818182,0.9545454545454546,1.0,0.9173553719008265,1.0
4730,Tampa,Median Age,zip,9509,RGNN,0,0.9838709677419355,0.8181818181818182,0.8181818181818182,0.9937565036420396,0.8760330578512397,0.8512396694214875
4731,Tampa,Median Age,zip,9509,RGNN,1,0.9838709677419355,0.7272727272727273,0.7727272727272727,0.9968782518210197,0.8760330578512396,0.7603305785123967
4732,Tampa,Median Age,zip,9509,RGNN,2,1.0,0.9545454545454546,0.7727272727272727,1.0,1.0,0.8925619834710744
4733,Tampa,Median Age,zip,9509,RGNN,3,0.8870967741935484,0.7727272727272727,0.7272727272727273,0.9937565036420395,0.8099173553719008,0.859504132231405
4734,Tampa,Median Age,zip,9509,RGNN,4,0.9838709677419355,0.8181818181818182,0.9090909090909091,1.0,0.9090909090909091,0.9256198347107437
4735,Tampa,Median Age,zip,9509,RGNN,5,0.967741935483871,0.8181818181818182,0.7727272727272727,0.9989594172736733,0.859504132231405,0.8842975206611571
4736,Tampa,Median Age,zip,9509,RGNN,6,0.9354838709677419,0.9090909090909091,0.8636363636363636,0.9812695109261186,0.9338842975206612,0.9586776859504131
4737,Tampa,Median Age,zip,9509,RGNN,7,1.0,0.9090909090909091,0.9090909090909091,1.0,0.9669421487603306,0.9421487603305785
4738,Tampa,Median Age,zip,9509,RGNN,8,0.967741935483871,0.9090909090909091,0.7272727272727273,0.9968782518210197,0.884297520661157,0.8347107438016529
4739,Tampa,Median Age,zip,9509,RGNN,9,0.9838709677419355,0.7272727272727273,0.8636363636363636,1.0,0.9008264462809917,0.9669421487603305
4740,Tampa,Median Age,zip,9509,Feat-RGNN,0,0.9838709677419355,0.8636363636363636,0.8181818181818182,1.0,0.8512396694214875,0.8636363636363635
4741,Tampa,Median Age,zip,9509,Feat-RGNN,1,1.0,0.7727272727272727,0.7727272727272727,1.0,0.8429752066115702,0.7933884297520661
4742,Tampa,Median Age,zip,9509,Feat-RGNN,2,0.9838709677419355,0.9545454545454546,0.7727272727272727,0.9947970863683663,0.9752066115702479,0.884297520661157
4743,Tampa,Median Age,zip,9509,Feat-RGNN,3,1.0,0.7727272727272727,0.7272727272727273,1.0,0.8347107438016529,0.8099173553719009
4744,Tampa,Median Age,zip,9509,Feat-RGNN,4,0.9516129032258065,0.8636363636363636,0.8181818181818182,0.9906347554630593,0.8925619834710743,0.8925619834710744
4745,Tampa,Median Age,zip,9509,Feat-RGNN,5,0.967741935483871,0.8181818181818182,0.7272727272727273,0.9864724245577524,0.9008264462809917,0.8760330578512397
4746,Tampa,Median Age,zip,9509,Feat-RGNN,6,0.9354838709677419,0.9090909090909091,0.9090909090909091,0.9646201873048907,0.9669421487603306,0.9586776859504132
4747,Tampa,Median Age,zip,9509,Feat-RGNN,7,0.9838709677419355,0.8636363636363636,0.8636363636363636,0.9937565036420395,0.9669421487603305,0.9669421487603305
4748,Tampa,Median Age,zip,9509,Feat-RGNN,8,0.9838709677419355,0.8181818181818182,0.8181818181818182,0.9989594172736733,0.9008264462809916,0.8842975206611571
4749,Tampa,Median Age,zip,9509,Feat-RGNN,9,0.9354838709677419,0.9090909090909091,0.9545454545454546,0.9885535900104058,0.9752066115702479,0.9834710743801652
4750,Tampa,Median Age,zip,9509,Feat\&PC-RGNN,0,0.9838709677419355,0.7272727272727273,0.7727272727272727,1.0,0.8512396694214877,0.8884297520661157
4751,Tampa,Median Age,zip,9509,Feat\&PC-RGNN,1,0.9838709677419355,0.7272727272727273,0.7727272727272727,1.0,0.8925619834710744,0.7355371900826446
4752,Tampa,Median Age,zip,9509,Feat\&PC-RGNN,2,1.0,0.9090909090909091,0.8181818181818182,1.0,0.9917355371900827,0.9256198347107438
4753,Tampa,Median Age,zip,9509,Feat\&PC-RGNN,3,1.0,0.7727272727272727,0.7272727272727273,1.0,0.8264462809917354,0.7603305785123967
4754,Tampa,Median Age,zip,9509,Feat\&PC-RGNN,4,1.0,0.9090909090909091,0.7727272727272727,1.0,0.8760330578512396,0.8925619834710744
4755,Tampa,Median Age,zip,9509,Feat\&PC-RGNN,5,1.0,0.8636363636363636,0.8181818181818182,1.0,0.9008264462809917,0.884297520661157
4756,Tampa,Median Age,zip,9509,Feat\&PC-RGNN,6,0.9354838709677419,0.8181818181818182,0.7727272727272727,0.9823100936524454,0.9090909090909091,0.8925619834710743
4757,Tampa,Median Age,zip,9509,Feat\&PC-RGNN,7,1.0,0.8636363636363636,0.8181818181818182,1.0,0.9669421487603305,0.9173553719008265
4758,Tampa,Median Age,zip,9509,Feat\&PC-RGNN,8,1.0,0.8636363636363636,0.8181818181818182,1.0,0.871900826446281,0.8553719008264463
4759,Tampa,Median Age,zip,9509,Feat\&PC-RGNN,9,0.9838709677419355,0.8181818181818182,0.8181818181818182,0.9927159209157128,0.9008264462809917,0.9173553719008265
4760,Tampa,Median Age,zip,9509,LightGCN,0,1.0,0.8181818181818182,0.8181818181818182,1.0,0.8760330578512396,0.8842975206611571
4761,Tampa,Median Age,zip,9509,LightGCN,1,1.0,0.8181818181818182,0.7272727272727273,1.0,0.859504132231405,0.7314049586776861
4762,Tampa,Median Age,zip,9509,LightGCN,2,1.0,0.9545454545454546,0.8636363636363636,1.0,0.9752066115702479,0.884297520661157
4763,Tampa,Median Age,zip,9509,LightGCN,3,1.0,0.8181818181818182,0.6363636363636364,1.0,0.8347107438016529,0.7851239669421487
4764,Tampa,Median Age,zip,9509,LightGCN,4,1.0,0.8181818181818182,0.8181818181818182,1.0,0.9090909090909091,0.8264462809917356
4765,Tampa,Median Age,zip,9509,LightGCN,5,1.0,0.8181818181818182,0.8636363636363636,1.0,0.9173553719008264,0.884297520661157
4766,Tampa,Median Age,zip,9509,LightGCN,6,1.0,0.9090909090909091,0.8636363636363636,1.0,0.9669421487603306,0.9256198347107438
4767,Tampa,Median Age,zip,9509,LightGCN,7,1.0,0.8636363636363636,0.8636363636363636,1.0,0.9834710743801652,0.9504132231404958
4768,Tampa,Median Age,zip,9509,LightGCN,8,1.0,0.8636363636363636,0.8636363636363636,1.0,0.884297520661157,0.859504132231405
4769,Tampa,Median Age,zip,9509,LightGCN,9,1.0,0.8636363636363636,0.8636363636363636,1.0,0.9338842975206612,0.9586776859504131
4770,Tampa,Median Age,zip,9509,Feat-LightGCN,0,1.0,0.8181818181818182,0.8181818181818182,1.0,0.8760330578512397,0.9338842975206612
4771,Tampa,Median Age,zip,9509,Feat-LightGCN,1,1.0,0.7727272727272727,0.7727272727272727,1.0,0.8429752066115702,0.7479338842975207
4772,Tampa,Median Age,zip,9509,Feat-LightGCN,2,1.0,0.9545454545454546,0.8181818181818182,1.0,0.9917355371900827,0.9173553719008264
4773,Tampa,Median Age,zip,9509,Feat-LightGCN,3,1.0,0.7727272727272727,0.7272727272727273,1.0,0.8925619834710743,0.8099173553719009
4774,Tampa,Median Age,zip,9509,Feat-LightGCN,4,1.0,0.8636363636363636,0.8181818181818182,1.0,0.921487603305785,0.9008264462809916
4775,Tampa,Median Age,zip,9509,Feat-LightGCN,5,1.0,0.8636363636363636,0.7727272727272727,1.0,0.9173553719008264,0.9008264462809917
4776,Tampa,Median Age,zip,9509,Feat-LightGCN,6,1.0,0.8636363636363636,0.9090909090909091,1.0,0.9256198347107438,0.9338842975206612
4777,Tampa,Median Age,zip,9509,Feat-LightGCN,7,1.0,0.8636363636363636,0.8636363636363636,1.0,0.9586776859504131,0.9586776859504131
4778,Tampa,Median Age,zip,9509,Feat-LightGCN,8,1.0,0.9090909090909091,0.8181818181818182,1.0,0.9504132231404958,0.9338842975206612
4779,Tampa,Median Age,zip,9509,Feat-LightGCN,9,1.0,0.8636363636363636,0.9545454545454546,1.0,0.9256198347107437,1.0
4780,Tampa,Median Age,zip,9509,Feat\&PC-LightGCN,0,1.0,0.8636363636363636,0.8636363636363636,1.0,0.8347107438016529,0.8925619834710744
4781,Tampa,Median Age,zip,9509,Feat\&PC-LightGCN,1,1.0,0.8636363636363636,0.7727272727272727,1.0,0.9669421487603306,0.8099173553719008
4782,Tampa,Median Age,zip,9509,Feat\&PC-LightGCN,2,1.0,0.8636363636363636,0.7272727272727273,1.0,0.9504132231404958,0.8264462809917356
4783,Tampa,Median Age,zip,9509,Feat\&PC-LightGCN,3,1.0,0.7727272727272727,0.7727272727272727,1.0,0.8429752066115702,0.8099173553719008
4784,Tampa,Median Age,zip,9509,Feat\&PC-LightGCN,4,1.0,0.8636363636363636,0.9090909090909091,1.0,0.9256198347107437,0.9504132231404958
4785,Tampa,Median Age,zip,9509,Feat\&PC-LightGCN,5,1.0,0.8636363636363636,0.6818181818181818,1.0,0.9256198347107438,0.8760330578512397
4786,Tampa,Median Age,zip,9509,Feat\&PC-LightGCN,6,1.0,0.8636363636363636,0.7727272727272727,1.0,0.9586776859504131,0.8181818181818181
4787,Tampa,Median Age,zip,9509,Feat\&PC-LightGCN,7,1.0,0.8181818181818182,0.7727272727272727,1.0,0.9338842975206612,0.8264462809917356
4788,Tampa,Median Age,zip,9509,Feat\&PC-LightGCN,8,1.0,0.8636363636363636,0.9545454545454546,1.0,0.884297520661157,0.9586776859504131
4789,Tampa,Median Age,zip,9509,Feat\&PC-LightGCN,9,1.0,0.9545454545454546,0.8636363636363636,1.0,0.9586776859504131,0.9090909090909091
4790,Tampa,Median Age,zip,9509,NoPreTrain,0,0.9838709677419355,0.5,0.7727272727272727,1.0,0.47107438016528924,0.7768595041322313
4791,Tampa,Median Age,zip,9509,NoPreTrain,1,0.9838709677419355,0.5454545454545454,0.6818181818181818,1.0,0.5371900826446281,0.71900826446281
4792,Tampa,Median Age,zip,9509,NoPreTrain,2,0.9838709677419355,0.5909090909090909,0.5454545454545454,1.0,0.6776859504132232,0.6528925619834711
4793,Tampa,Median Age,zip,9509,NoPreTrain,3,1.0,0.45454545454545453,0.5,1.0,0.5867768595041323,0.5206611570247934
4794,Tampa,Median Age,zip,9509,NoPreTrain,4,1.0,0.5454545454545454,0.5454545454545454,1.0,0.47107438016528924,0.6198347107438016
4795,Tampa,Median Age,zip,9509,NoPreTrain,5,1.0,0.5454545454545454,0.45454545454545453,1.0,0.8181818181818182,0.5702479338842975
4796,Tampa,Median Age,zip,9509,NoPreTrain,6,1.0,0.5,0.7272727272727273,1.0,0.5785123966942148,0.8099173553719008
4797,Tampa,Median Age,zip,9509,NoPreTrain,7,1.0,0.5909090909090909,0.5454545454545454,1.0,0.4793388429752067,0.7024793388429752
4798,Tampa,Median Age,zip,9509,NoPreTrain,8,0.9838709677419355,0.5454545454545454,0.36363636363636365,1.0,0.5702479338842975,0.4462809917355372
4799,Tampa,Median Age,zip,9509,NoPreTrain,9,1.0,0.45454545454545453,0.5909090909090909,1.0,0.6033057851239669,0.6528925619834711
