,state,target_variable,num_datapoints,model_embeddings,trial,val_MAE,test_MAE_BG,train_MAE_BG,val_MAE_BG
0,MO,Median Income,7233,Emb,0,0.24711097369862492,0.25731261498815095,0.12795080261107414,0.24669609237572068
1,MO,Median Income,7233,Emb,1,0.24711097369862492,0.25731261498815095,0.12795080261107414,0.24669609237572068
2,MO,Median Income,7233,Emb,2,0.24711097369862492,0.25731261498815095,0.12795080261107414,0.24669609237572068
3,MO,Median Income,7233,Emb,3,0.24711097369862492,0.25731261498815095,0.12795080261107414,0.24669609237572068
4,MO,Median Income,7233,Emb,4,0.24711097369862492,0.25731261498815095,0.12795080261107414,0.24669609237572068
5,MO,Median Income,7233,Emb,5,0.24711097369862492,0.25731261498815095,0.12795080261107414,0.24669609237572068
6,MO,Median Income,7233,Emb,6,0.24711097369862492,0.25731261498815095,0.12795080261107414,0.24669609237572068
7,MO,Median Income,7233,Emb,7,0.24711097369862492,0.25731261498815095,0.12795080261107414,0.24669609237572068
8,MO,Median Income,7233,Emb,8,0.24711097369862492,0.25731261498815095,0.12795080261107414,0.24669609237572068
9,MO,Median Income,7233,Emb,9,0.24711097369862492,0.25731261498815095,0.12795080261107414,0.24669609237572068
10,MO,Median Income,7233,LightGCN,0,0.22624551324775233,0.22534301305350612,0.11571996797397961,0.21442226700861755
11,MO,Median Income,7233,LightGCN,1,0.22624551324775233,0.22534301305350612,0.11571996797397961,0.21442226700861755
12,MO,Median Income,7233,LightGCN,2,0.22624551324775233,0.22534301305350612,0.11571996797397961,0.21442226700861755
13,MO,Median Income,7233,LightGCN,3,0.22624551324775233,0.22534301305350612,0.11571996797397961,0.21442226700861755
14,MO,Median Income,7233,LightGCN,4,0.22624551324775233,0.22534301305350612,0.11571996797397961,0.21442226700861755
15,MO,Median Income,7233,LightGCN,5,0.22624551324775233,0.22534301305350612,0.11571996797397961,0.21442226700861755
16,MO,Median Income,7233,LightGCN,6,0.22624551324775233,0.22534301305350612,0.11571996797397961,0.21442226700861755
17,MO,Median Income,7233,LightGCN,7,0.22624551324775233,0.22534301305350612,0.11571996797397961,0.21442226700861755
18,MO,Median Income,7233,LightGCN,8,0.22624551324775233,0.22534301305350612,0.11571996797397961,0.21442226700861755
19,MO,Median Income,7233,LightGCN,9,0.22624551324775233,0.22534301305350612,0.11571996797397961,0.21442226700861755
20,MO,Median Income,7233,RGNN,0,0.23079354947942196,0.252501226578201,0.11439921609019282,0.22726289613359407
21,MO,Median Income,7233,RGNN,1,0.23079354947942196,0.252501226578201,0.11439921609019282,0.22726289613359407
22,MO,Median Income,7233,RGNN,2,0.23079354947942196,0.252501226578201,0.11439921609019282,0.22726289613359407
23,MO,Median Income,7233,RGNN,3,0.23079354947942196,0.252501226578201,0.11439921609019282,0.22726289613359407
24,MO,Median Income,7233,RGNN,4,0.23079354947942196,0.252501226578201,0.11439921609019282,0.22726289613359407
25,MO,Median Income,7233,RGNN,5,0.23079354947942196,0.252501226578201,0.11439921609019282,0.22726289613359407
26,MO,Median Income,7233,RGNN,6,0.23079354947942196,0.252501226578201,0.11439921609019282,0.22726289613359407
27,MO,Median Income,7233,RGNN,7,0.23079354947942196,0.252501226578201,0.11439921609019282,0.22726289613359407
28,MO,Median Income,7233,RGNN,8,0.23079354947942196,0.252501226578201,0.11439921609019282,0.22726289613359407
29,MO,Median Income,7233,RGNN,9,0.23079354947942196,0.252501226578201,0.11439921609019282,0.22726289613359407
30,MO,Median Income,7233,Feat-LightGCN,0,0.224054596584663,0.23644499253485102,0.11535831984378166,0.21593597782080098
31,MO,Median Income,7233,Feat-LightGCN,1,0.224054596584663,0.23644499253485102,0.11535831984378166,0.21593597782080098
32,MO,Median Income,7233,Feat-LightGCN,2,0.224054596584663,0.23644499253485102,0.11535831984378166,0.21593597782080098
33,MO,Median Income,7233,Feat-LightGCN,3,0.224054596584663,0.23644499253485102,0.11535831984378166,0.21593597782080098
34,MO,Median Income,7233,Feat-LightGCN,4,0.224054596584663,0.23644499253485102,0.11535831984378166,0.21593597782080098
35,MO,Median Income,7233,Feat-LightGCN,5,0.224054596584663,0.23644499253485102,0.11535831984378166,0.21593597782080098
36,MO,Median Income,7233,Feat-LightGCN,6,0.224054596584663,0.23644499253485102,0.11535831984378166,0.21593597782080098
37,MO,Median Income,7233,Feat-LightGCN,7,0.224054596584663,0.23644499253485102,0.11535831984378166,0.21593597782080098
38,MO,Median Income,7233,Feat-LightGCN,8,0.224054596584663,0.23644499253485102,0.11535831984378166,0.21593597782080098
39,MO,Median Income,7233,Feat-LightGCN,9,0.224054596584663,0.23644499253485102,0.11535831984378166,0.21593597782080098
40,MO,Median Income,7233,Feat-RGNN,0,0.23607155640368332,0.2374632652597904,0.11714387790409271,0.23201312555854295
41,MO,Median Income,7233,Feat-RGNN,1,0.23607155640368332,0.2374632652597904,0.11714387790409271,0.23201312555854295
42,MO,Median Income,7233,Feat-RGNN,2,0.23607155640368332,0.2374632652597904,0.11714387790409271,0.23201312555854295
43,MO,Median Income,7233,Feat-RGNN,3,0.23607155640368332,0.2374632652597904,0.11714387790409271,0.23201312555854295
44,MO,Median Income,7233,Feat-RGNN,4,0.23607155640368332,0.2374632652597904,0.11714387790409271,0.23201312555854295
45,MO,Median Income,7233,Feat-RGNN,5,0.23607155640368332,0.2374632652597904,0.11714387790409271,0.23201312555854295
46,MO,Median Income,7233,Feat-RGNN,6,0.23607155640368332,0.2374632652597904,0.11714387790409271,0.23201312555854295
47,MO,Median Income,7233,Feat-RGNN,7,0.23607155640368332,0.2374632652597904,0.11714387790409271,0.23201312555854295
48,MO,Median Income,7233,Feat-RGNN,8,0.23607155640368332,0.2374632652597904,0.11714387790409271,0.23201312555854295
49,MO,Median Income,7233,Feat-RGNN,9,0.23607155640368332,0.2374632652597904,0.11714387790409271,0.23201312555854295
50,MO,Median Income,7233,Feat\&BG-LightGCN,0,0.2234110941683793,0.24482273078562697,0.057516351402904696,0.2285836565470977
51,MO,Median Income,7233,Feat\&BG-LightGCN,1,0.2234110941683793,0.24482273078562697,0.057516351402904696,0.2285836565470977
52,MO,Median Income,7233,Feat\&BG-LightGCN,2,0.2234110941683793,0.24482273078562697,0.057516351402904696,0.2285836565470977
53,MO,Median Income,7233,Feat\&BG-LightGCN,3,0.2234110941683793,0.24482273078562697,0.057516351402904696,0.2285836565470977
54,MO,Median Income,7233,Feat\&BG-LightGCN,4,0.2234110941683793,0.24482273078562697,0.057516351402904696,0.2285836565470977
55,MO,Median Income,7233,Feat\&BG-LightGCN,5,0.2234110941683793,0.24482273078562697,0.057516351402904696,0.2285836565470977
56,MO,Median Income,7233,Feat\&BG-LightGCN,6,0.2234110941683793,0.24482273078562697,0.057516351402904696,0.2285836565470977
57,MO,Median Income,7233,Feat\&BG-LightGCN,7,0.2234110941683793,0.24482273078562697,0.057516351402904696,0.2285836565470977
58,MO,Median Income,7233,Feat\&BG-LightGCN,8,0.2234110941683793,0.24482273078562697,0.057516351402904696,0.2285836565470977
59,MO,Median Income,7233,Feat\&BG-LightGCN,9,0.2234110941683793,0.24482273078562697,0.057516351402904696,0.2285836565470977
60,MO,Median Income,7233,Feat\&BG-RGNN,0,0.23508231862669943,0.24557062428461843,0.10965836926703802,0.23534150865797468
61,MO,Median Income,7233,Feat\&BG-RGNN,1,0.23508231862669943,0.24557062428461843,0.10965836926703802,0.23534150865797468
62,MO,Median Income,7233,Feat\&BG-RGNN,2,0.23508231862669943,0.24557062428461843,0.10965836926703802,0.23534150865797468
63,MO,Median Income,7233,Feat\&BG-RGNN,3,0.23508231862669943,0.24557062428461843,0.10965836926703802,0.23534150865797468
64,MO,Median Income,7233,Feat\&BG-RGNN,4,0.23508231862669943,0.24557062428461843,0.10965836926703802,0.23534150865797468
65,MO,Median Income,7233,Feat\&BG-RGNN,5,0.23508231862669943,0.24557062428461843,0.10965836926703802,0.23534150865797468
66,MO,Median Income,7233,Feat\&BG-RGNN,6,0.23508231862669943,0.24557062428461843,0.10965836926703802,0.23534150865797468
67,MO,Median Income,7233,Feat\&BG-RGNN,7,0.23508231862669943,0.24557062428461843,0.10965836926703802,0.23534150865797468
68,MO,Median Income,7233,Feat\&BG-RGNN,8,0.23508231862669943,0.24557062428461843,0.10965836926703802,0.23534150865797468
69,MO,Median Income,7233,Feat\&BG-RGNN,9,0.23508231862669943,0.24557062428461843,0.10965836926703802,0.23534150865797468
70,MO,Median Home Value,7027,Emb,0,0.23758808363198458,0.25022364757697174,0.12099094512215851,0.273518777249555
71,MO,Median Home Value,7027,Emb,1,0.23758808363198458,0.25022364757697174,0.12099094512215851,0.273518777249555
72,MO,Median Home Value,7027,Emb,2,0.23758808363198458,0.25022364757697174,0.12099094512215851,0.273518777249555
73,MO,Median Home Value,7027,Emb,3,0.23758808363198458,0.25022364757697174,0.12099094512215851,0.273518777249555
74,MO,Median Home Value,7027,Emb,4,0.23758808363198458,0.25022364757697174,0.12099094512215851,0.273518777249555
75,MO,Median Home Value,7027,Emb,5,0.23758808363198458,0.25022364757697174,0.12099094512215851,0.273518777249555
76,MO,Median Home Value,7027,Emb,6,0.23758808363198458,0.25022364757697174,0.12099094512215851,0.273518777249555
77,MO,Median Home Value,7027,Emb,7,0.23758808363198458,0.25022364757697174,0.12099094512215851,0.273518777249555
78,MO,Median Home Value,7027,Emb,8,0.23758808363198458,0.25022364757697174,0.12099094512215851,0.273518777249555
79,MO,Median Home Value,7027,Emb,9,0.23758808363198458,0.25022364757697174,0.12099094512215851,0.273518777249555
80,MO,Median Home Value,7027,LightGCN,0,0.2045070906295052,0.20771256166953145,0.1055488182869572,0.2301028818405034
81,MO,Median Home Value,7027,LightGCN,1,0.2045070906295052,0.20771256166953145,0.1055488182869572,0.2301028818405034
82,MO,Median Home Value,7027,LightGCN,2,0.2045070906295052,0.20771256166953145,0.1055488182869572,0.2301028818405034
83,MO,Median Home Value,7027,LightGCN,3,0.2045070906295052,0.20771256166953145,0.1055488182869572,0.2301028818405034
84,MO,Median Home Value,7027,LightGCN,4,0.2045070906295052,0.20771256166953145,0.1055488182869572,0.2301028818405034
85,MO,Median Home Value,7027,LightGCN,5,0.2045070906295052,0.20771256166953145,0.1055488182869572,0.2301028818405034
86,MO,Median Home Value,7027,LightGCN,6,0.2045070906295052,0.20771256166953145,0.1055488182869572,0.2301028818405034
87,MO,Median Home Value,7027,LightGCN,7,0.2045070906295052,0.20771256166953145,0.1055488182869572,0.2301028818405034
88,MO,Median Home Value,7027,LightGCN,8,0.2045070906295052,0.20771256166953145,0.1055488182869572,0.2301028818405034
89,MO,Median Home Value,7027,LightGCN,9,0.2045070906295052,0.20771256166953145,0.1055488182869572,0.2301028818405034
90,MO,Median Home Value,7027,RGNN,0,0.2205430961082535,0.22333960066214548,0.1075783614964996,0.2409083142673395
91,MO,Median Home Value,7027,RGNN,1,0.2205430961082535,0.22333960066214548,0.1075783614964996,0.2409083142673395
92,MO,Median Home Value,7027,RGNN,2,0.2205430961082535,0.22333960066214548,0.1075783614964996,0.2409083142673395
93,MO,Median Home Value,7027,RGNN,3,0.2205430961082535,0.22333960066214548,0.1075783614964996,0.2409083142673395
94,MO,Median Home Value,7027,RGNN,4,0.2205430961082535,0.22333960066214548,0.1075783614964996,0.2409083142673395
95,MO,Median Home Value,7027,RGNN,5,0.2205430961082535,0.22333960066214548,0.1075783614964996,0.2409083142673395
96,MO,Median Home Value,7027,RGNN,6,0.2205430961082535,0.22333960066214548,0.1075783614964996,0.2409083142673395
97,MO,Median Home Value,7027,RGNN,7,0.2205430961082535,0.22333960066214548,0.1075783614964996,0.2409083142673395
98,MO,Median Home Value,7027,RGNN,8,0.2205430961082535,0.22333960066214548,0.1075783614964996,0.2409083142673395
99,MO,Median Home Value,7027,RGNN,9,0.2205430961082535,0.22333960066214548,0.1075783614964996,0.2409083142673395
100,MO,Median Home Value,7027,Feat-LightGCN,0,0.20420762859432914,0.20401464745248432,0.10459234870834525,0.21847834000918845
101,MO,Median Home Value,7027,Feat-LightGCN,1,0.20420762859432914,0.20401464745248432,0.10459234870834525,0.21847834000918845
102,MO,Median Home Value,7027,Feat-LightGCN,2,0.20420762859432914,0.20401464745248432,0.10459234870834525,0.21847834000918845
103,MO,Median Home Value,7027,Feat-LightGCN,3,0.20420762859432914,0.20401464745248432,0.10459234870834525,0.21847834000918845
104,MO,Median Home Value,7027,Feat-LightGCN,4,0.20420762859432914,0.20401464745248432,0.10459234870834525,0.21847834000918845
105,MO,Median Home Value,7027,Feat-LightGCN,5,0.20420762859432914,0.20401464745248432,0.10459234870834525,0.21847834000918845
106,MO,Median Home Value,7027,Feat-LightGCN,6,0.20420762859432914,0.20401464745248432,0.10459234870834525,0.21847834000918845
107,MO,Median Home Value,7027,Feat-LightGCN,7,0.20420762859432914,0.20401464745248432,0.10459234870834525,0.21847834000918845
108,MO,Median Home Value,7027,Feat-LightGCN,8,0.20420762859432914,0.20401464745248432,0.10459234870834525,0.21847834000918845
109,MO,Median Home Value,7027,Feat-LightGCN,9,0.20420762859432914,0.20401464745248432,0.10459234870834525,0.21847834000918845
110,MO,Median Home Value,7027,Feat-RGNN,0,0.21996131539863595,0.22813713827948856,0.1070865695200662,0.24543036465864415
111,MO,Median Home Value,7027,Feat-RGNN,1,0.21996131539863595,0.22813713827948856,0.1070865695200662,0.24543036465864415
112,MO,Median Home Value,7027,Feat-RGNN,2,0.21996131539863595,0.22813713827948856,0.1070865695200662,0.24543036465864415
113,MO,Median Home Value,7027,Feat-RGNN,3,0.21996131539863595,0.22813713827948856,0.1070865695200662,0.24543036465864415
114,MO,Median Home Value,7027,Feat-RGNN,4,0.21996131539863595,0.22813713827948856,0.1070865695200662,0.24543036465864415
115,MO,Median Home Value,7027,Feat-RGNN,5,0.21996131539863595,0.22813713827948856,0.1070865695200662,0.24543036465864415
116,MO,Median Home Value,7027,Feat-RGNN,6,0.21996131539863595,0.22813713827948856,0.1070865695200662,0.24543036465864415
117,MO,Median Home Value,7027,Feat-RGNN,7,0.21996131539863595,0.22813713827948856,0.1070865695200662,0.24543036465864415
118,MO,Median Home Value,7027,Feat-RGNN,8,0.21996131539863595,0.22813713827948856,0.1070865695200662,0.24543036465864415
119,MO,Median Home Value,7027,Feat-RGNN,9,0.21996131539863595,0.22813713827948856,0.1070865695200662,0.24543036465864415
120,MO,Median Home Value,7027,Feat\&BG-LightGCN,0,0.19718818082119974,0.21495476360612406,0.05550838558178848,0.22168886880793878
121,MO,Median Home Value,7027,Feat\&BG-LightGCN,1,0.19718818082119974,0.21495476360612406,0.05550838558178848,0.22168886880793878
122,MO,Median Home Value,7027,Feat\&BG-LightGCN,2,0.19718818082119974,0.21495476360612406,0.05550838558178848,0.22168886880793878
123,MO,Median Home Value,7027,Feat\&BG-LightGCN,3,0.19718818082119974,0.21495476360612406,0.05550838558178848,0.22168886880793878
124,MO,Median Home Value,7027,Feat\&BG-LightGCN,4,0.19718818082119974,0.21495476360612406,0.05550838558178848,0.22168886880793878
125,MO,Median Home Value,7027,Feat\&BG-LightGCN,5,0.19718818082119974,0.21495476360612406,0.05550838558178848,0.22168886880793878
126,MO,Median Home Value,7027,Feat\&BG-LightGCN,6,0.19718818082119974,0.21495476360612406,0.05550838558178848,0.22168886880793878
127,MO,Median Home Value,7027,Feat\&BG-LightGCN,7,0.19718818082119974,0.21495476360612406,0.05550838558178848,0.22168886880793878
128,MO,Median Home Value,7027,Feat\&BG-LightGCN,8,0.19718818082119974,0.21495476360612406,0.05550838558178848,0.22168886880793878
129,MO,Median Home Value,7027,Feat\&BG-LightGCN,9,0.19718818082119974,0.21495476360612406,0.05550838558178848,0.22168886880793878
130,MO,Median Home Value,7027,Feat\&BG-RGNN,0,0.2192392792838661,0.23341685358250758,0.1064911023271973,0.2497511701112041
131,MO,Median Home Value,7027,Feat\&BG-RGNN,1,0.2192392792838661,0.23341685358250758,0.1064911023271973,0.2497511701112041
132,MO,Median Home Value,7027,Feat\&BG-RGNN,2,0.2192392792838661,0.23341685358250758,0.1064911023271973,0.2497511701112041
133,MO,Median Home Value,7027,Feat\&BG-RGNN,3,0.2192392792838661,0.23341685358250758,0.1064911023271973,0.2497511701112041
134,MO,Median Home Value,7027,Feat\&BG-RGNN,4,0.2192392792838661,0.23341685358250758,0.1064911023271973,0.2497511701112041
135,MO,Median Home Value,7027,Feat\&BG-RGNN,5,0.2192392792838661,0.23341685358250758,0.1064911023271973,0.2497511701112041
136,MO,Median Home Value,7027,Feat\&BG-RGNN,6,0.2192392792838661,0.23341685358250758,0.1064911023271973,0.2497511701112041
137,MO,Median Home Value,7027,Feat\&BG-RGNN,7,0.2192392792838661,0.23341685358250758,0.1064911023271973,0.2497511701112041
138,MO,Median Home Value,7027,Feat\&BG-RGNN,8,0.2192392792838661,0.23341685358250758,0.1064911023271973,0.2497511701112041
139,MO,Median Home Value,7027,Feat\&BG-RGNN,9,0.2192392792838661,0.23341685358250758,0.1064911023271973,0.2497511701112041
140,MO,Commute Time,920,Emb,0,0.23293054156095064,0.25450216679861687,0.014929830601136618,0.23968073985612445
141,MO,Commute Time,920,Emb,1,0.23293054156095064,0.25450216679861687,0.014929830601136618,0.23968073985612445
142,MO,Commute Time,920,Emb,2,0.23293054156095064,0.25450216679861687,0.014929830601136618,0.23968073985612445
143,MO,Commute Time,920,Emb,3,0.23293054156095064,0.25450216679861687,0.014929830601136618,0.23968073985612445
144,MO,Commute Time,920,Emb,4,0.23293054156095064,0.25450216679861687,0.014929830601136618,0.23968073985612445
145,MO,Commute Time,920,Emb,5,0.23293054156095064,0.25450216679861687,0.014929830601136618,0.23968073985612445
146,MO,Commute Time,920,Emb,6,0.23293054156095064,0.25450216679861687,0.014929830601136618,0.23968073985612445
147,MO,Commute Time,920,Emb,7,0.23293054156095064,0.25450216679861687,0.014929830601136618,0.23968073985612445
148,MO,Commute Time,920,Emb,8,0.23293054156095064,0.25450216679861687,0.014929830601136618,0.23968073985612445
149,MO,Commute Time,920,Emb,9,0.23293054156095064,0.25450216679861687,0.014929830601136618,0.23968073985612445
150,MO,Commute Time,920,LightGCN,0,0.2097773239064794,0.23844355386949495,0.011762804160736743,0.2314524433853012
151,MO,Commute Time,920,LightGCN,1,0.2097773239064794,0.23844355386949495,0.011762804160736743,0.2314524433853012
152,MO,Commute Time,920,LightGCN,2,0.2097773239064794,0.23844355386949495,0.011762804160736743,0.2314524433853012
153,MO,Commute Time,920,LightGCN,3,0.2097773239064794,0.23844355386949495,0.011762804160736743,0.2314524433853012
154,MO,Commute Time,920,LightGCN,4,0.2097773239064794,0.23844355386949495,0.011762804160736743,0.2314524433853012
155,MO,Commute Time,920,LightGCN,5,0.2097773239064794,0.23844355386949495,0.011762804160736743,0.2314524433853012
156,MO,Commute Time,920,LightGCN,6,0.2097773239064794,0.23844355386949495,0.011762804160736743,0.2314524433853012
157,MO,Commute Time,920,LightGCN,7,0.2097773239064794,0.23844355386949495,0.011762804160736743,0.2314524433853012
158,MO,Commute Time,920,LightGCN,8,0.2097773239064794,0.23844355386949495,0.011762804160736743,0.2314524433853012
159,MO,Commute Time,920,LightGCN,9,0.2097773239064794,0.23844355386949495,0.011762804160736743,0.2314524433853012
160,MO,Commute Time,920,RGNN,0,0.21083494147883086,0.25084644119313376,0.012535715124833096,0.20885206367952538
161,MO,Commute Time,920,RGNN,1,0.21083494147883086,0.25084644119313376,0.012535715124833096,0.20885206367952538
162,MO,Commute Time,920,RGNN,2,0.21083494147883086,0.25084644119313376,0.012535715124833096,0.20885206367952538
163,MO,Commute Time,920,RGNN,3,0.21083494147883086,0.25084644119313376,0.012535715124833096,0.20885206367952538
164,MO,Commute Time,920,RGNN,4,0.21083494147883086,0.25084644119313376,0.012535715124833096,0.20885206367952538
165,MO,Commute Time,920,RGNN,5,0.21083494147883086,0.25084644119313376,0.012535715124833096,0.20885206367952538
166,MO,Commute Time,920,RGNN,6,0.21083494147883086,0.25084644119313376,0.012535715124833096,0.20885206367952538
167,MO,Commute Time,920,RGNN,7,0.21083494147883086,0.25084644119313376,0.012535715124833096,0.20885206367952538
168,MO,Commute Time,920,RGNN,8,0.21083494147883086,0.25084644119313376,0.012535715124833096,0.20885206367952538
169,MO,Commute Time,920,RGNN,9,0.21083494147883086,0.25084644119313376,0.012535715124833096,0.20885206367952538
170,MO,Commute Time,920,Feat-LightGCN,0,0.22895522384321315,0.22648894650729426,0.012419781071745972,0.2465303944786252
171,MO,Commute Time,920,Feat-LightGCN,1,0.22895522384321315,0.22648894650729426,0.012419781071745972,0.2465303944786252
172,MO,Commute Time,920,Feat-LightGCN,2,0.22895522384321315,0.22648894650729426,0.012419781071745972,0.2465303944786252
173,MO,Commute Time,920,Feat-LightGCN,3,0.22895522384321315,0.22648894650729426,0.012419781071745972,0.2465303944786252
174,MO,Commute Time,920,Feat-LightGCN,4,0.22895522384321315,0.22648894650729426,0.012419781071745972,0.2465303944786252
175,MO,Commute Time,920,Feat-LightGCN,5,0.22895522384321315,0.22648894650729426,0.012419781071745972,0.2465303944786252
176,MO,Commute Time,920,Feat-LightGCN,6,0.22895522384321315,0.22648894650729426,0.012419781071745972,0.2465303944786252
177,MO,Commute Time,920,Feat-LightGCN,7,0.22895522384321315,0.22648894650729426,0.012419781071745972,0.2465303944786252
178,MO,Commute Time,920,Feat-LightGCN,8,0.22895522384321315,0.22648894650729426,0.012419781071745972,0.2465303944786252
179,MO,Commute Time,920,Feat-LightGCN,9,0.22895522384321315,0.22648894650729426,0.012419781071745972,0.2465303944786252
180,MO,Commute Time,920,Feat-RGNN,0,0.21949330442506818,0.22376507205335414,0.014931321263316389,0.262327508271398
181,MO,Commute Time,920,Feat-RGNN,1,0.21949330442506818,0.22376507205335414,0.014931321263316389,0.262327508271398
182,MO,Commute Time,920,Feat-RGNN,2,0.21949330442506818,0.22376507205335414,0.014931321263316389,0.262327508271398
183,MO,Commute Time,920,Feat-RGNN,3,0.21949330442506818,0.22376507205335414,0.014931321263316389,0.262327508271398
184,MO,Commute Time,920,Feat-RGNN,4,0.21949330442506818,0.22376507205335414,0.014931321263316389,0.262327508271398
185,MO,Commute Time,920,Feat-RGNN,5,0.21949330442506818,0.22376507205335414,0.014931321263316389,0.262327508271398
186,MO,Commute Time,920,Feat-RGNN,6,0.21949330442506818,0.22376507205335414,0.014931321263316389,0.262327508271398
187,MO,Commute Time,920,Feat-RGNN,7,0.21949330442506818,0.22376507205335414,0.014931321263316389,0.262327508271398
188,MO,Commute Time,920,Feat-RGNN,8,0.21949330442506818,0.22376507205335414,0.014931321263316389,0.262327508271398
189,MO,Commute Time,920,Feat-RGNN,9,0.21949330442506818,0.22376507205335414,0.014931321263316389,0.262327508271398
190,MO,Commute Time,920,Feat\&BG-LightGCN,0,0.24416850615411664,0.26331931488237564,0.007836814092770383,0.257418579102063
191,MO,Commute Time,920,Feat\&BG-LightGCN,1,0.24416850615411664,0.26331931488237564,0.007836814092770383,0.257418579102063
192,MO,Commute Time,920,Feat\&BG-LightGCN,2,0.24416850615411664,0.26331931488237564,0.007836814092770383,0.257418579102063
193,MO,Commute Time,920,Feat\&BG-LightGCN,3,0.24416850615411664,0.26331931488237564,0.007836814092770383,0.257418579102063
194,MO,Commute Time,920,Feat\&BG-LightGCN,4,0.24416850615411664,0.26331931488237564,0.007836814092770383,0.257418579102063
195,MO,Commute Time,920,Feat\&BG-LightGCN,5,0.24416850615411664,0.26331931488237564,0.007836814092770383,0.257418579102063
196,MO,Commute Time,920,Feat\&BG-LightGCN,6,0.24416850615411664,0.26331931488237564,0.007836814092770383,0.257418579102063
197,MO,Commute Time,920,Feat\&BG-LightGCN,7,0.24416850615411664,0.26331931488237564,0.007836814092770383,0.257418579102063
198,MO,Commute Time,920,Feat\&BG-LightGCN,8,0.24416850615411664,0.26331931488237564,0.007836814092770383,0.257418579102063
199,MO,Commute Time,920,Feat\&BG-LightGCN,9,0.24416850615411664,0.26331931488237564,0.007836814092770383,0.257418579102063
200,MO,Commute Time,920,Feat\&BG-RGNN,0,0.1947190529841,0.26071004405233617,0.01336984541913866,0.20943064915707044
201,MO,Commute Time,920,Feat\&BG-RGNN,1,0.1947190529841,0.26071004405233617,0.01336984541913866,0.20943064915707044
202,MO,Commute Time,920,Feat\&BG-RGNN,2,0.1947190529841,0.26071004405233617,0.01336984541913866,0.20943064915707044
203,MO,Commute Time,920,Feat\&BG-RGNN,3,0.1947190529841,0.26071004405233617,0.01336984541913866,0.20943064915707044
204,MO,Commute Time,920,Feat\&BG-RGNN,4,0.1947190529841,0.26071004405233617,0.01336984541913866,0.20943064915707044
205,MO,Commute Time,920,Feat\&BG-RGNN,5,0.1947190529841,0.26071004405233617,0.01336984541913866,0.20943064915707044
206,MO,Commute Time,920,Feat\&BG-RGNN,6,0.1947190529841,0.26071004405233617,0.01336984541913866,0.20943064915707044
207,MO,Commute Time,920,Feat\&BG-RGNN,7,0.1947190529841,0.26071004405233617,0.01336984541913866,0.20943064915707044
208,MO,Commute Time,920,Feat\&BG-RGNN,8,0.1947190529841,0.26071004405233617,0.01336984541913866,0.20943064915707044
209,MO,Commute Time,920,Feat\&BG-RGNN,9,0.1947190529841,0.26071004405233617,0.01336984541913866,0.20943064915707044
210,PA,Median Income,20274,Emb,0,0.2129618946138289,0.24944152841523354,0.1874435257105921,0.23851363354913094
211,PA,Median Income,20274,Emb,1,0.2129618946138289,0.24944152841523354,0.1874435257105921,0.23851363354913094
212,PA,Median Income,20274,Emb,2,0.2129618946138289,0.24944152841523354,0.1874435257105921,0.23851363354913094
213,PA,Median Income,20274,Emb,3,0.2129618946138289,0.24944152841523354,0.1874435257105921,0.23851363354913094
214,PA,Median Income,20274,Emb,4,0.2129618946138289,0.24944152841523354,0.1874435257105921,0.23851363354913094
215,PA,Median Income,20274,Emb,5,0.2129618946138289,0.24944152841523354,0.1874435257105921,0.23851363354913094
216,PA,Median Income,20274,Emb,6,0.2129618946138289,0.24944152841523354,0.1874435257105921,0.23851363354913094
217,PA,Median Income,20274,Emb,7,0.2129618946138289,0.24944152841523354,0.1874435257105921,0.23851363354913094
218,PA,Median Income,20274,Emb,8,0.2129618946138289,0.24944152841523354,0.1874435257105921,0.23851363354913094
219,PA,Median Income,20274,Emb,9,0.2129618946138289,0.24944152841523354,0.1874435257105921,0.23851363354913094
220,PA,Median Income,20274,LightGCN,0,0.19648781768275703,0.2107746363630732,0.16008409727205103,0.1993171737607498
221,PA,Median Income,20274,LightGCN,1,0.19648781768275703,0.2107746363630732,0.16008409727205103,0.1993171737607498
222,PA,Median Income,20274,LightGCN,2,0.19648781768275703,0.2107746363630732,0.16008409727205103,0.1993171737607498
223,PA,Median Income,20274,LightGCN,3,0.19648781768275703,0.2107746363630732,0.16008409727205103,0.1993171737607498
224,PA,Median Income,20274,LightGCN,4,0.19648781768275703,0.2107746363630732,0.16008409727205103,0.1993171737607498
225,PA,Median Income,20274,LightGCN,5,0.19648781768275703,0.2107746363630732,0.16008409727205103,0.1993171737607498
226,PA,Median Income,20274,LightGCN,6,0.19648781768275703,0.2107746363630732,0.16008409727205103,0.1993171737607498
227,PA,Median Income,20274,LightGCN,7,0.19648781768275703,0.2107746363630732,0.16008409727205103,0.1993171737607498
228,PA,Median Income,20274,LightGCN,8,0.19648781768275703,0.2107746363630732,0.16008409727205103,0.1993171737607498
229,PA,Median Income,20274,LightGCN,9,0.19648781768275703,0.2107746363630732,0.16008409727205103,0.1993171737607498
230,PA,Median Income,20274,RGNN,0,0.2045895613338179,0.22233357113337596,0.16188046616251736,0.21238075138110443
231,PA,Median Income,20274,RGNN,1,0.2045895613338179,0.22233357113337596,0.16188046616251736,0.21238075138110443
232,PA,Median Income,20274,RGNN,2,0.2045895613338179,0.22233357113337596,0.16188046616251736,0.21238075138110443
233,PA,Median Income,20274,RGNN,3,0.2045895613338179,0.22233357113337596,0.16188046616251736,0.21238075138110443
234,PA,Median Income,20274,RGNN,4,0.2045895613338179,0.22233357113337596,0.16188046616251736,0.21238075138110443
235,PA,Median Income,20274,RGNN,5,0.2045895613338179,0.22233357113337596,0.16188046616251736,0.21238075138110443
236,PA,Median Income,20274,RGNN,6,0.2045895613338179,0.22233357113337596,0.16188046616251736,0.21238075138110443
237,PA,Median Income,20274,RGNN,7,0.2045895613338179,0.22233357113337596,0.16188046616251736,0.21238075138110443
238,PA,Median Income,20274,RGNN,8,0.2045895613338179,0.22233357113337596,0.16188046616251736,0.21238075138110443
239,PA,Median Income,20274,RGNN,9,0.2045895613338179,0.22233357113337596,0.16188046616251736,0.21238075138110443
240,PA,Median Income,20274,Feat-LightGCN,0,0.1951606042700397,0.20766873475104342,0.1585904924510273,0.19725697068320588
241,PA,Median Income,20274,Feat-LightGCN,1,0.1951606042700397,0.20766873475104342,0.1585904924510273,0.19725697068320588
242,PA,Median Income,20274,Feat-LightGCN,2,0.1951606042700397,0.20766873475104342,0.1585904924510273,0.19725697068320588
243,PA,Median Income,20274,Feat-LightGCN,3,0.1951606042700397,0.20766873475104342,0.1585904924510273,0.19725697068320588
244,PA,Median Income,20274,Feat-LightGCN,4,0.1951606042700397,0.20766873475104342,0.1585904924510273,0.19725697068320588
245,PA,Median Income,20274,Feat-LightGCN,5,0.1951606042700397,0.20766873475104342,0.1585904924510273,0.19725697068320588
246,PA,Median Income,20274,Feat-LightGCN,6,0.1951606042700397,0.20766873475104342,0.1585904924510273,0.19725697068320588
247,PA,Median Income,20274,Feat-LightGCN,7,0.1951606042700397,0.20766873475104342,0.1585904924510273,0.19725697068320588
248,PA,Median Income,20274,Feat-LightGCN,8,0.1951606042700397,0.20766873475104342,0.1585904924510273,0.19725697068320588
249,PA,Median Income,20274,Feat-LightGCN,9,0.1951606042700397,0.20766873475104342,0.1585904924510273,0.19725697068320588
250,PA,Median Income,20274,Feat-RGNN,0,0.20298685373212233,0.2273876758502534,0.1632688920764904,0.21243522880668267
251,PA,Median Income,20274,Feat-RGNN,1,0.20298685373212233,0.2273876758502534,0.1632688920764904,0.21243522880668267
252,PA,Median Income,20274,Feat-RGNN,2,0.20298685373212233,0.2273876758502534,0.1632688920764904,0.21243522880668267
253,PA,Median Income,20274,Feat-RGNN,3,0.20298685373212233,0.2273876758502534,0.1632688920764904,0.21243522880668267
254,PA,Median Income,20274,Feat-RGNN,4,0.20298685373212233,0.2273876758502534,0.1632688920764904,0.21243522880668267
255,PA,Median Income,20274,Feat-RGNN,5,0.20298685373212233,0.2273876758502534,0.1632688920764904,0.21243522880668267
256,PA,Median Income,20274,Feat-RGNN,6,0.20298685373212233,0.2273876758502534,0.1632688920764904,0.21243522880668267
257,PA,Median Income,20274,Feat-RGNN,7,0.20298685373212233,0.2273876758502534,0.1632688920764904,0.21243522880668267
258,PA,Median Income,20274,Feat-RGNN,8,0.20298685373212233,0.2273876758502534,0.1632688920764904,0.21243522880668267
259,PA,Median Income,20274,Feat-RGNN,9,0.20298685373212233,0.2273876758502534,0.1632688920764904,0.21243522880668267
260,PA,Median Income,20274,Feat\&BG-LightGCN,0,0.19778382113608947,0.2210821434860593,0.12951691140476343,0.20627997200101492
261,PA,Median Income,20274,Feat\&BG-LightGCN,1,0.19778382113608947,0.2210821434860593,0.12951691140476343,0.20627997200101492
262,PA,Median Income,20274,Feat\&BG-LightGCN,2,0.19778382113608947,0.2210821434860593,0.12951691140476343,0.20627997200101492
263,PA,Median Income,20274,Feat\&BG-LightGCN,3,0.19778382113608947,0.2210821434860593,0.12951691140476343,0.20627997200101492
264,PA,Median Income,20274,Feat\&BG-LightGCN,4,0.19778382113608947,0.2210821434860593,0.12951691140476343,0.20627997200101492
265,PA,Median Income,20274,Feat\&BG-LightGCN,5,0.19778382113608947,0.2210821434860593,0.12951691140476343,0.20627997200101492
266,PA,Median Income,20274,Feat\&BG-LightGCN,6,0.19778382113608947,0.2210821434860593,0.12951691140476343,0.20627997200101492
267,PA,Median Income,20274,Feat\&BG-LightGCN,7,0.19778382113608947,0.2210821434860593,0.12951691140476343,0.20627997200101492
268,PA,Median Income,20274,Feat\&BG-LightGCN,8,0.19778382113608947,0.2210821434860593,0.12951691140476343,0.20627997200101492
269,PA,Median Income,20274,Feat\&BG-LightGCN,9,0.19778382113608947,0.2210821434860593,0.12951691140476343,0.20627997200101492
270,PA,Median Income,20274,Feat\&BG-RGNN,0,0.201915557049634,0.22896797064556432,0.16515898933312603,0.21495733622496702
271,PA,Median Income,20274,Feat\&BG-RGNN,1,0.201915557049634,0.22896797064556432,0.16515898933312603,0.21495733622496702
272,PA,Median Income,20274,Feat\&BG-RGNN,2,0.201915557049634,0.22896797064556432,0.16515898933312603,0.21495733622496702
273,PA,Median Income,20274,Feat\&BG-RGNN,3,0.201915557049634,0.22896797064556432,0.16515898933312603,0.21495733622496702
274,PA,Median Income,20274,Feat\&BG-RGNN,4,0.201915557049634,0.22896797064556432,0.16515898933312603,0.21495733622496702
275,PA,Median Income,20274,Feat\&BG-RGNN,5,0.201915557049634,0.22896797064556432,0.16515898933312603,0.21495733622496702
276,PA,Median Income,20274,Feat\&BG-RGNN,6,0.201915557049634,0.22896797064556432,0.16515898933312603,0.21495733622496702
277,PA,Median Income,20274,Feat\&BG-RGNN,7,0.201915557049634,0.22896797064556432,0.16515898933312603,0.21495733622496702
278,PA,Median Income,20274,Feat\&BG-RGNN,8,0.201915557049634,0.22896797064556432,0.16515898933312603,0.21495733622496702
279,PA,Median Income,20274,Feat\&BG-RGNN,9,0.201915557049634,0.22896797064556432,0.16515898933312603,0.21495733622496702
280,PA,Median Home Value,20419,Emb,0,0.20432616887677799,0.2513627864843348,0.19348072729747975,0.2475010482330998
281,PA,Median Home Value,20419,Emb,1,0.20432616887677799,0.2513627864843348,0.19348072729747975,0.2475010482330998
282,PA,Median Home Value,20419,Emb,2,0.20432616887677799,0.2513627864843348,0.19348072729747975,0.2475010482330998
283,PA,Median Home Value,20419,Emb,3,0.20432616887677799,0.2513627864843348,0.19348072729747975,0.2475010482330998
284,PA,Median Home Value,20419,Emb,4,0.20432616887677799,0.2513627864843348,0.19348072729747975,0.2475010482330998
285,PA,Median Home Value,20419,Emb,5,0.20432616887677799,0.2513627864843348,0.19348072729747975,0.2475010482330998
286,PA,Median Home Value,20419,Emb,6,0.20432616887677799,0.2513627864843348,0.19348072729747975,0.2475010482330998
287,PA,Median Home Value,20419,Emb,7,0.20432616887677799,0.2513627864843348,0.19348072729747975,0.2475010482330998
288,PA,Median Home Value,20419,Emb,8,0.20432616887677799,0.2513627864843348,0.19348072729747975,0.2475010482330998
289,PA,Median Home Value,20419,Emb,9,0.20432616887677799,0.2513627864843348,0.19348072729747975,0.2475010482330998
290,PA,Median Home Value,20419,LightGCN,0,0.17068553032690728,0.20086801431484555,0.14774436680681943,0.20227006960853514
291,PA,Median Home Value,20419,LightGCN,1,0.17068553032690728,0.20086801431484555,0.14774436680681943,0.20227006960853514
292,PA,Median Home Value,20419,LightGCN,2,0.17068553032690728,0.20086801431484555,0.14774436680681943,0.20227006960853514
293,PA,Median Home Value,20419,LightGCN,3,0.17068553032690728,0.20086801431484555,0.14774436680681943,0.20227006960853514
294,PA,Median Home Value,20419,LightGCN,4,0.17068553032690728,0.20086801431484555,0.14774436680681943,0.20227006960853514
295,PA,Median Home Value,20419,LightGCN,5,0.17068553032690728,0.20086801431484555,0.14774436680681943,0.20227006960853514
296,PA,Median Home Value,20419,LightGCN,6,0.17068553032690728,0.20086801431484555,0.14774436680681943,0.20227006960853514
297,PA,Median Home Value,20419,LightGCN,7,0.17068553032690728,0.20086801431484555,0.14774436680681943,0.20227006960853514
298,PA,Median Home Value,20419,LightGCN,8,0.17068553032690728,0.20086801431484555,0.14774436680681943,0.20227006960853514
299,PA,Median Home Value,20419,LightGCN,9,0.17068553032690728,0.20086801431484555,0.14774436680681943,0.20227006960853514
300,PA,Median Home Value,20419,RGNN,0,0.18806480777196513,0.21823429127560393,0.15668542835226396,0.22068185869437645
301,PA,Median Home Value,20419,RGNN,1,0.18806480777196513,0.21823429127560393,0.15668542835226396,0.22068185869437645
302,PA,Median Home Value,20419,RGNN,2,0.18806480777196513,0.21823429127560393,0.15668542835226396,0.22068185869437645
303,PA,Median Home Value,20419,RGNN,3,0.18806480777196513,0.21823429127560393,0.15668542835226396,0.22068185869437645
304,PA,Median Home Value,20419,RGNN,4,0.18806480777196513,0.21823429127560393,0.15668542835226396,0.22068185869437645
305,PA,Median Home Value,20419,RGNN,5,0.18806480777196513,0.21823429127560393,0.15668542835226396,0.22068185869437645
306,PA,Median Home Value,20419,RGNN,6,0.18806480777196513,0.21823429127560393,0.15668542835226396,0.22068185869437645
307,PA,Median Home Value,20419,RGNN,7,0.18806480777196513,0.21823429127560393,0.15668542835226396,0.22068185869437645
308,PA,Median Home Value,20419,RGNN,8,0.18806480777196513,0.21823429127560393,0.15668542835226396,0.22068185869437645
309,PA,Median Home Value,20419,RGNN,9,0.18806480777196513,0.21823429127560393,0.15668542835226396,0.22068185869437645
310,PA,Median Home Value,20419,Feat-LightGCN,0,0.1714896730616575,0.19525933479100033,0.1429584156477454,0.19651494148197865
311,PA,Median Home Value,20419,Feat-LightGCN,1,0.1714896730616575,0.19525933479100033,0.1429584156477454,0.19651494148197865
312,PA,Median Home Value,20419,Feat-LightGCN,2,0.1714896730616575,0.19525933479100033,0.1429584156477454,0.19651494148197865
313,PA,Median Home Value,20419,Feat-LightGCN,3,0.1714896730616575,0.19525933479100033,0.1429584156477454,0.19651494148197865
314,PA,Median Home Value,20419,Feat-LightGCN,4,0.1714896730616575,0.19525933479100033,0.1429584156477454,0.19651494148197865
315,PA,Median Home Value,20419,Feat-LightGCN,5,0.1714896730616575,0.19525933479100033,0.1429584156477454,0.19651494148197865
316,PA,Median Home Value,20419,Feat-LightGCN,6,0.1714896730616575,0.19525933479100033,0.1429584156477454,0.19651494148197865
317,PA,Median Home Value,20419,Feat-LightGCN,7,0.1714896730616575,0.19525933479100033,0.1429584156477454,0.19651494148197865
318,PA,Median Home Value,20419,Feat-LightGCN,8,0.1714896730616575,0.19525933479100033,0.1429584156477454,0.19651494148197865
319,PA,Median Home Value,20419,Feat-LightGCN,9,0.1714896730616575,0.19525933479100033,0.1429584156477454,0.19651494148197865
320,PA,Median Home Value,20419,Feat-RGNN,0,0.18421897036876386,0.21671942375627953,0.15566349792483483,0.21772136605375889
321,PA,Median Home Value,20419,Feat-RGNN,1,0.18421897036876386,0.21671942375627953,0.15566349792483483,0.21772136605375889
322,PA,Median Home Value,20419,Feat-RGNN,2,0.18421897036876386,0.21671942375627953,0.15566349792483483,0.21772136605375889
323,PA,Median Home Value,20419,Feat-RGNN,3,0.18421897036876386,0.21671942375627953,0.15566349792483483,0.21772136605375889
324,PA,Median Home Value,20419,Feat-RGNN,4,0.18421897036876386,0.21671942375627953,0.15566349792483483,0.21772136605375889
325,PA,Median Home Value,20419,Feat-RGNN,5,0.18421897036876386,0.21671942375627953,0.15566349792483483,0.21772136605375889
326,PA,Median Home Value,20419,Feat-RGNN,6,0.18421897036876386,0.21671942375627953,0.15566349792483483,0.21772136605375889
327,PA,Median Home Value,20419,Feat-RGNN,7,0.18421897036876386,0.21671942375627953,0.15566349792483483,0.21772136605375889
328,PA,Median Home Value,20419,Feat-RGNN,8,0.18421897036876386,0.21671942375627953,0.15566349792483483,0.21772136605375889
329,PA,Median Home Value,20419,Feat-RGNN,9,0.18421897036876386,0.21671942375627953,0.15566349792483483,0.21772136605375889
330,PA,Median Home Value,20419,Feat\&BG-LightGCN,0,0.17748505884643778,0.20617730824555316,0.11801614334090003,0.19784484386128087
331,PA,Median Home Value,20419,Feat\&BG-LightGCN,1,0.17748505884643778,0.20617730824555316,0.11801614334090003,0.19784484386128087
332,PA,Median Home Value,20419,Feat\&BG-LightGCN,2,0.17748505884643778,0.20617730824555316,0.11801614334090003,0.19784484386128087
333,PA,Median Home Value,20419,Feat\&BG-LightGCN,3,0.17748505884643778,0.20617730824555316,0.11801614334090003,0.19784484386128087
334,PA,Median Home Value,20419,Feat\&BG-LightGCN,4,0.17748505884643778,0.20617730824555316,0.11801614334090003,0.19784484386128087
335,PA,Median Home Value,20419,Feat\&BG-LightGCN,5,0.17748505884643778,0.20617730824555316,0.11801614334090003,0.19784484386128087
336,PA,Median Home Value,20419,Feat\&BG-LightGCN,6,0.17748505884643778,0.20617730824555316,0.11801614334090003,0.19784484386128087
337,PA,Median Home Value,20419,Feat\&BG-LightGCN,7,0.17748505884643778,0.20617730824555316,0.11801614334090003,0.19784484386128087
338,PA,Median Home Value,20419,Feat\&BG-LightGCN,8,0.17748505884643778,0.20617730824555316,0.11801614334090003,0.19784484386128087
339,PA,Median Home Value,20419,Feat\&BG-LightGCN,9,0.17748505884643778,0.20617730824555316,0.11801614334090003,0.19784484386128087
340,PA,Median Home Value,20419,Feat\&BG-RGNN,0,0.18548085726916896,0.21710430215065185,0.15642360143581285,0.2183558922180531
341,PA,Median Home Value,20419,Feat\&BG-RGNN,1,0.18548085726916896,0.21710430215065185,0.15642360143581285,0.2183558922180531
342,PA,Median Home Value,20419,Feat\&BG-RGNN,2,0.18548085726916896,0.21710430215065185,0.15642360143581285,0.2183558922180531
343,PA,Median Home Value,20419,Feat\&BG-RGNN,3,0.18548085726916896,0.21710430215065185,0.15642360143581285,0.2183558922180531
344,PA,Median Home Value,20419,Feat\&BG-RGNN,4,0.18548085726916896,0.21710430215065185,0.15642360143581285,0.2183558922180531
345,PA,Median Home Value,20419,Feat\&BG-RGNN,5,0.18548085726916896,0.21710430215065185,0.15642360143581285,0.2183558922180531
346,PA,Median Home Value,20419,Feat\&BG-RGNN,6,0.18548085726916896,0.21710430215065185,0.15642360143581285,0.2183558922180531
347,PA,Median Home Value,20419,Feat\&BG-RGNN,7,0.18548085726916896,0.21710430215065185,0.15642360143581285,0.2183558922180531
348,PA,Median Home Value,20419,Feat\&BG-RGNN,8,0.18548085726916896,0.21710430215065185,0.15642360143581285,0.2183558922180531
349,PA,Median Home Value,20419,Feat\&BG-RGNN,9,0.18548085726916896,0.21710430215065185,0.15642360143581285,0.2183558922180531
350,PA,Commute Time,6324,Emb,0,0.23030596865617559,0.24222779656811397,0.12347231560918538,0.229613132237238
351,PA,Commute Time,6324,Emb,1,0.23030596865617559,0.24222779656811397,0.12347231560918538,0.229613132237238
352,PA,Commute Time,6324,Emb,2,0.23030596865617559,0.24222779656811397,0.12347231560918538,0.229613132237238
353,PA,Commute Time,6324,Emb,3,0.23030596865617559,0.24222779656811397,0.12347231560918538,0.229613132237238
354,PA,Commute Time,6324,Emb,4,0.23030596865617559,0.24222779656811397,0.12347231560918538,0.229613132237238
355,PA,Commute Time,6324,Emb,5,0.23030596865617559,0.24222779656811397,0.12347231560918538,0.229613132237238
356,PA,Commute Time,6324,Emb,6,0.23030596865617559,0.24222779656811397,0.12347231560918538,0.229613132237238
357,PA,Commute Time,6324,Emb,7,0.23030596865617559,0.24222779656811397,0.12347231560918538,0.229613132237238
358,PA,Commute Time,6324,Emb,8,0.23030596865617559,0.24222779656811397,0.12347231560918538,0.229613132237238
359,PA,Commute Time,6324,Emb,9,0.23030596865617559,0.24222779656811397,0.12347231560918538,0.229613132237238
360,PA,Commute Time,6324,LightGCN,0,0.22196293320183416,0.24276386871264286,0.11573916382021898,0.22705059931745797
361,PA,Commute Time,6324,LightGCN,1,0.22196293320183416,0.24276386871264286,0.11573916382021898,0.22705059931745797
362,PA,Commute Time,6324,LightGCN,2,0.22196293320183416,0.24276386871264286,0.11573916382021898,0.22705059931745797
363,PA,Commute Time,6324,LightGCN,3,0.22196293320183416,0.24276386871264286,0.11573916382021898,0.22705059931745797
364,PA,Commute Time,6324,LightGCN,4,0.22196293320183416,0.24276386871264286,0.11573916382021898,0.22705059931745797
365,PA,Commute Time,6324,LightGCN,5,0.22196293320183416,0.24276386871264286,0.11573916382021898,0.22705059931745797
366,PA,Commute Time,6324,LightGCN,6,0.22196293320183416,0.24276386871264286,0.11573916382021898,0.22705059931745797
367,PA,Commute Time,6324,LightGCN,7,0.22196293320183416,0.24276386871264286,0.11573916382021898,0.22705059931745797
368,PA,Commute Time,6324,LightGCN,8,0.22196293320183416,0.24276386871264286,0.11573916382021898,0.22705059931745797
369,PA,Commute Time,6324,LightGCN,9,0.22196293320183416,0.24276386871264286,0.11573916382021898,0.22705059931745797
370,PA,Commute Time,6324,RGNN,0,0.2250822534066137,0.2539354890311824,0.10893125850515761,0.225951932787113
371,PA,Commute Time,6324,RGNN,1,0.2250822534066137,0.2539354890311824,0.10893125850515761,0.225951932787113
372,PA,Commute Time,6324,RGNN,2,0.2250822534066137,0.2539354890311824,0.10893125850515761,0.225951932787113
373,PA,Commute Time,6324,RGNN,3,0.2250822534066137,0.2539354890311824,0.10893125850515761,0.225951932787113
374,PA,Commute Time,6324,RGNN,4,0.2250822534066137,0.2539354890311824,0.10893125850515761,0.225951932787113
375,PA,Commute Time,6324,RGNN,5,0.2250822534066137,0.2539354890311824,0.10893125850515761,0.225951932787113
376,PA,Commute Time,6324,RGNN,6,0.2250822534066137,0.2539354890311824,0.10893125850515761,0.225951932787113
377,PA,Commute Time,6324,RGNN,7,0.2250822534066137,0.2539354890311824,0.10893125850515761,0.225951932787113
378,PA,Commute Time,6324,RGNN,8,0.2250822534066137,0.2539354890311824,0.10893125850515761,0.225951932787113
379,PA,Commute Time,6324,RGNN,9,0.2250822534066137,0.2539354890311824,0.10893125850515761,0.225951932787113
380,PA,Commute Time,6324,Feat-LightGCN,0,0.22235326220741447,0.23998376912499472,0.12071675454027701,0.2277572844370768
381,PA,Commute Time,6324,Feat-LightGCN,1,0.22235326220741447,0.23998376912499472,0.12071675454027701,0.2277572844370768
382,PA,Commute Time,6324,Feat-LightGCN,2,0.22235326220741447,0.23998376912499472,0.12071675454027701,0.2277572844370768
383,PA,Commute Time,6324,Feat-LightGCN,3,0.22235326220741447,0.23998376912499472,0.12071675454027701,0.2277572844370768
384,PA,Commute Time,6324,Feat-LightGCN,4,0.22235326220741447,0.23998376912499472,0.12071675454027701,0.2277572844370768
385,PA,Commute Time,6324,Feat-LightGCN,5,0.22235326220741447,0.23998376912499472,0.12071675454027701,0.2277572844370768
386,PA,Commute Time,6324,Feat-LightGCN,6,0.22235326220741447,0.23998376912499472,0.12071675454027701,0.2277572844370768
387,PA,Commute Time,6324,Feat-LightGCN,7,0.22235326220741447,0.23998376912499472,0.12071675454027701,0.2277572844370768
388,PA,Commute Time,6324,Feat-LightGCN,8,0.22235326220741447,0.23998376912499472,0.12071675454027701,0.2277572844370768
389,PA,Commute Time,6324,Feat-LightGCN,9,0.22235326220741447,0.23998376912499472,0.12071675454027701,0.2277572844370768
390,PA,Commute Time,6324,Feat-RGNN,0,0.2289560901778207,0.24469179777495853,0.11493845874426857,0.22500333590246868
391,PA,Commute Time,6324,Feat-RGNN,1,0.2289560901778207,0.24469179777495853,0.11493845874426857,0.22500333590246868
392,PA,Commute Time,6324,Feat-RGNN,2,0.2289560901778207,0.24469179777495853,0.11493845874426857,0.22500333590246868
393,PA,Commute Time,6324,Feat-RGNN,3,0.2289560901778207,0.24469179777495853,0.11493845874426857,0.22500333590246868
394,PA,Commute Time,6324,Feat-RGNN,4,0.2289560901778207,0.24469179777495853,0.11493845874426857,0.22500333590246868
395,PA,Commute Time,6324,Feat-RGNN,5,0.2289560901778207,0.24469179777495853,0.11493845874426857,0.22500333590246868
396,PA,Commute Time,6324,Feat-RGNN,6,0.2289560901778207,0.24469179777495853,0.11493845874426857,0.22500333590246868
397,PA,Commute Time,6324,Feat-RGNN,7,0.2289560901778207,0.24469179777495853,0.11493845874426857,0.22500333590246868
398,PA,Commute Time,6324,Feat-RGNN,8,0.2289560901778207,0.24469179777495853,0.11493845874426857,0.22500333590246868
399,PA,Commute Time,6324,Feat-RGNN,9,0.2289560901778207,0.24469179777495853,0.11493845874426857,0.22500333590246868
400,PA,Commute Time,6324,Feat\&BG-LightGCN,0,0.24259533001770883,0.2538521363332846,0.05702010684474939,0.24097238082047084
401,PA,Commute Time,6324,Feat\&BG-LightGCN,1,0.24259533001770883,0.2538521363332846,0.05702010684474939,0.24097238082047084
402,PA,Commute Time,6324,Feat\&BG-LightGCN,2,0.24259533001770883,0.2538521363332846,0.05702010684474939,0.24097238082047084
403,PA,Commute Time,6324,Feat\&BG-LightGCN,3,0.24259533001770883,0.2538521363332846,0.05702010684474939,0.24097238082047084
404,PA,Commute Time,6324,Feat\&BG-LightGCN,4,0.24259533001770883,0.2538521363332846,0.05702010684474939,0.24097238082047084
405,PA,Commute Time,6324,Feat\&BG-LightGCN,5,0.24259533001770883,0.2538521363332846,0.05702010684474939,0.24097238082047084
406,PA,Commute Time,6324,Feat\&BG-LightGCN,6,0.24259533001770883,0.2538521363332846,0.05702010684474939,0.24097238082047084
407,PA,Commute Time,6324,Feat\&BG-LightGCN,7,0.24259533001770883,0.2538521363332846,0.05702010684474939,0.24097238082047084
408,PA,Commute Time,6324,Feat\&BG-LightGCN,8,0.24259533001770883,0.2538521363332846,0.05702010684474939,0.24097238082047084
409,PA,Commute Time,6324,Feat\&BG-LightGCN,9,0.24259533001770883,0.2538521363332846,0.05702010684474939,0.24097238082047084
410,PA,Commute Time,6324,Feat\&BG-RGNN,0,0.222332215375702,0.24860551547249188,0.10857580918993132,0.2278478063701121
411,PA,Commute Time,6324,Feat\&BG-RGNN,1,0.222332215375702,0.24860551547249188,0.10857580918993132,0.2278478063701121
412,PA,Commute Time,6324,Feat\&BG-RGNN,2,0.222332215375702,0.24860551547249188,0.10857580918993132,0.2278478063701121
413,PA,Commute Time,6324,Feat\&BG-RGNN,3,0.222332215375702,0.24860551547249188,0.10857580918993132,0.2278478063701121
414,PA,Commute Time,6324,Feat\&BG-RGNN,4,0.222332215375702,0.24860551547249188,0.10857580918993132,0.2278478063701121
415,PA,Commute Time,6324,Feat\&BG-RGNN,5,0.222332215375702,0.24860551547249188,0.10857580918993132,0.2278478063701121
416,PA,Commute Time,6324,Feat\&BG-RGNN,6,0.222332215375702,0.24860551547249188,0.10857580918993132,0.2278478063701121
417,PA,Commute Time,6324,Feat\&BG-RGNN,7,0.222332215375702,0.24860551547249188,0.10857580918993132,0.2278478063701121
418,PA,Commute Time,6324,Feat\&BG-RGNN,8,0.222332215375702,0.24860551547249188,0.10857580918993132,0.2278478063701121
419,PA,Commute Time,6324,Feat\&BG-RGNN,9,0.222332215375702,0.24860551547249188,0.10857580918993132,0.2278478063701121
420,TN,Median Income,5928,Emb,0,0.22349638242630587,0.24707283034444635,0.11673043229635378,0.2478418802335689
421,TN,Median Income,5928,Emb,1,0.22349638242630587,0.24707283034444635,0.11673043229635378,0.2478418802335689
422,TN,Median Income,5928,Emb,2,0.22349638242630587,0.24707283034444635,0.11673043229635378,0.2478418802335689
423,TN,Median Income,5928,Emb,3,0.22349638242630587,0.24707283034444635,0.11673043229635378,0.2478418802335689
424,TN,Median Income,5928,Emb,4,0.22349638242630587,0.24707283034444635,0.11673043229635378,0.2478418802335689
425,TN,Median Income,5928,Emb,5,0.22349638242630587,0.24707283034444635,0.11673043229635378,0.2478418802335689
426,TN,Median Income,5928,Emb,6,0.22349638242630587,0.24707283034444635,0.11673043229635378,0.2478418802335689
427,TN,Median Income,5928,Emb,7,0.22349638242630587,0.24707283034444635,0.11673043229635378,0.2478418802335689
428,TN,Median Income,5928,Emb,8,0.22349638242630587,0.24707283034444635,0.11673043229635378,0.2478418802335689
429,TN,Median Income,5928,Emb,9,0.22349638242630587,0.24707283034444635,0.11673043229635378,0.2478418802335689
430,TN,Median Income,5928,LightGCN,0,0.20293781236267147,0.22393771827342365,0.1078939604592255,0.22213526415096224
431,TN,Median Income,5928,LightGCN,1,0.20293781236267147,0.22393771827342365,0.1078939604592255,0.22213526415096224
432,TN,Median Income,5928,LightGCN,2,0.20293781236267147,0.22393771827342365,0.1078939604592255,0.22213526415096224
433,TN,Median Income,5928,LightGCN,3,0.20293781236267147,0.22393771827342365,0.1078939604592255,0.22213526415096224
434,TN,Median Income,5928,LightGCN,4,0.20293781236267147,0.22393771827342365,0.1078939604592255,0.22213526415096224
435,TN,Median Income,5928,LightGCN,5,0.20293781236267147,0.22393771827342365,0.1078939604592255,0.22213526415096224
436,TN,Median Income,5928,LightGCN,6,0.20293781236267147,0.22393771827342365,0.1078939604592255,0.22213526415096224
437,TN,Median Income,5928,LightGCN,7,0.20293781236267147,0.22393771827342365,0.1078939604592255,0.22213526415096224
438,TN,Median Income,5928,LightGCN,8,0.20293781236267147,0.22393771827342365,0.1078939604592255,0.22213526415096224
439,TN,Median Income,5928,LightGCN,9,0.20293781236267147,0.22393771827342365,0.1078939604592255,0.22213526415096224
440,TN,Median Income,5928,RGNN,0,0.20610533974316902,0.23743415457772807,0.10547485275453182,0.22889218459551128
441,TN,Median Income,5928,RGNN,1,0.20610533974316902,0.23743415457772807,0.10547485275453182,0.22889218459551128
442,TN,Median Income,5928,RGNN,2,0.20610533974316902,0.23743415457772807,0.10547485275453182,0.22889218459551128
443,TN,Median Income,5928,RGNN,3,0.20610533974316902,0.23743415457772807,0.10547485275453182,0.22889218459551128
444,TN,Median Income,5928,RGNN,4,0.20610533974316902,0.23743415457772807,0.10547485275453182,0.22889218459551128
445,TN,Median Income,5928,RGNN,5,0.20610533974316902,0.23743415457772807,0.10547485275453182,0.22889218459551128
446,TN,Median Income,5928,RGNN,6,0.20610533974316902,0.23743415457772807,0.10547485275453182,0.22889218459551128
447,TN,Median Income,5928,RGNN,7,0.20610533974316902,0.23743415457772807,0.10547485275453182,0.22889218459551128
448,TN,Median Income,5928,RGNN,8,0.20610533974316902,0.23743415457772807,0.10547485275453182,0.22889218459551128
449,TN,Median Income,5928,RGNN,9,0.20610533974316902,0.23743415457772807,0.10547485275453182,0.22889218459551128
450,TN,Median Income,5928,Feat-LightGCN,0,0.20555987772804477,0.22437371526328362,0.10381588543000661,0.2331407147275499
451,TN,Median Income,5928,Feat-LightGCN,1,0.20555987772804477,0.22437371526328362,0.10381588543000661,0.2331407147275499
452,TN,Median Income,5928,Feat-LightGCN,2,0.20555987772804477,0.22437371526328362,0.10381588543000661,0.2331407147275499
453,TN,Median Income,5928,Feat-LightGCN,3,0.20555987772804477,0.22437371526328362,0.10381588543000661,0.2331407147275499
454,TN,Median Income,5928,Feat-LightGCN,4,0.20555987772804477,0.22437371526328362,0.10381588543000661,0.2331407147275499
455,TN,Median Income,5928,Feat-LightGCN,5,0.20555987772804477,0.22437371526328362,0.10381588543000661,0.2331407147275499
456,TN,Median Income,5928,Feat-LightGCN,6,0.20555987772804477,0.22437371526328362,0.10381588543000661,0.2331407147275499
457,TN,Median Income,5928,Feat-LightGCN,7,0.20555987772804477,0.22437371526328362,0.10381588543000661,0.2331407147275499
458,TN,Median Income,5928,Feat-LightGCN,8,0.20555987772804477,0.22437371526328362,0.10381588543000661,0.2331407147275499
459,TN,Median Income,5928,Feat-LightGCN,9,0.20555987772804477,0.22437371526328362,0.10381588543000661,0.2331407147275499
460,TN,Median Income,5928,Feat-RGNN,0,0.20777368324006926,0.23357740322688877,0.10584888713957519,0.2373742845009569
461,TN,Median Income,5928,Feat-RGNN,1,0.20777368324006926,0.23357740322688877,0.10584888713957519,0.2373742845009569
462,TN,Median Income,5928,Feat-RGNN,2,0.20777368324006926,0.23357740322688877,0.10584888713957519,0.2373742845009569
463,TN,Median Income,5928,Feat-RGNN,3,0.20777368324006926,0.23357740322688877,0.10584888713957519,0.2373742845009569
464,TN,Median Income,5928,Feat-RGNN,4,0.20777368324006926,0.23357740322688877,0.10584888713957519,0.2373742845009569
465,TN,Median Income,5928,Feat-RGNN,5,0.20777368324006926,0.23357740322688877,0.10584888713957519,0.2373742845009569
466,TN,Median Income,5928,Feat-RGNN,6,0.20777368324006926,0.23357740322688877,0.10584888713957519,0.2373742845009569
467,TN,Median Income,5928,Feat-RGNN,7,0.20777368324006926,0.23357740322688877,0.10584888713957519,0.2373742845009569
468,TN,Median Income,5928,Feat-RGNN,8,0.20777368324006926,0.23357740322688877,0.10584888713957519,0.2373742845009569
469,TN,Median Income,5928,Feat-RGNN,9,0.20777368324006926,0.23357740322688877,0.10584888713957519,0.2373742845009569
470,TN,Median Income,5928,Feat\&BG-LightGCN,0,0.2202800728144962,0.2280495581670099,0.04246340882888112,0.24466824365830847
471,TN,Median Income,5928,Feat\&BG-LightGCN,1,0.2202800728144962,0.2280495581670099,0.04246340882888112,0.24466824365830847
472,TN,Median Income,5928,Feat\&BG-LightGCN,2,0.2202800728144962,0.2280495581670099,0.04246340882888112,0.24466824365830847
473,TN,Median Income,5928,Feat\&BG-LightGCN,3,0.2202800728144962,0.2280495581670099,0.04246340882888112,0.24466824365830847
474,TN,Median Income,5928,Feat\&BG-LightGCN,4,0.2202800728144962,0.2280495581670099,0.04246340882888112,0.24466824365830847
475,TN,Median Income,5928,Feat\&BG-LightGCN,5,0.2202800728144962,0.2280495581670099,0.04246340882888112,0.24466824365830847
476,TN,Median Income,5928,Feat\&BG-LightGCN,6,0.2202800728144962,0.2280495581670099,0.04246340882888112,0.24466824365830847
477,TN,Median Income,5928,Feat\&BG-LightGCN,7,0.2202800728144962,0.2280495581670099,0.04246340882888112,0.24466824365830847
478,TN,Median Income,5928,Feat\&BG-LightGCN,8,0.2202800728144962,0.2280495581670099,0.04246340882888112,0.24466824365830847
479,TN,Median Income,5928,Feat\&BG-LightGCN,9,0.2202800728144962,0.2280495581670099,0.04246340882888112,0.24466824365830847
480,TN,Median Income,5928,Feat\&BG-RGNN,0,0.2117641738943083,0.2434998430940287,0.10876901564161934,0.23875462282001148
481,TN,Median Income,5928,Feat\&BG-RGNN,1,0.2117641738943083,0.2434998430940287,0.10876901564161934,0.23875462282001148
482,TN,Median Income,5928,Feat\&BG-RGNN,2,0.2117641738943083,0.2434998430940287,0.10876901564161934,0.23875462282001148
483,TN,Median Income,5928,Feat\&BG-RGNN,3,0.2117641738943083,0.2434998430940287,0.10876901564161934,0.23875462282001148
484,TN,Median Income,5928,Feat\&BG-RGNN,4,0.2117641738943083,0.2434998430940287,0.10876901564161934,0.23875462282001148
485,TN,Median Income,5928,Feat\&BG-RGNN,5,0.2117641738943083,0.2434998430940287,0.10876901564161934,0.23875462282001148
486,TN,Median Income,5928,Feat\&BG-RGNN,6,0.2117641738943083,0.2434998430940287,0.10876901564161934,0.23875462282001148
487,TN,Median Income,5928,Feat\&BG-RGNN,7,0.2117641738943083,0.2434998430940287,0.10876901564161934,0.23875462282001148
488,TN,Median Income,5928,Feat\&BG-RGNN,8,0.2117641738943083,0.2434998430940287,0.10876901564161934,0.23875462282001148
489,TN,Median Income,5928,Feat\&BG-RGNN,9,0.2117641738943083,0.2434998430940287,0.10876901564161934,0.23875462282001148
490,TN,Median Home Value,5631,Emb,0,0.22140084504280738,0.23370865460415288,0.09916436678530395,0.2173461221868127
491,TN,Median Home Value,5631,Emb,1,0.22140084504280738,0.23370865460415288,0.09916436678530395,0.2173461221868127
492,TN,Median Home Value,5631,Emb,2,0.22140084504280738,0.23370865460415288,0.09916436678530395,0.2173461221868127
493,TN,Median Home Value,5631,Emb,3,0.22140084504280738,0.23370865460415288,0.09916436678530395,0.2173461221868127
494,TN,Median Home Value,5631,Emb,4,0.22140084504280738,0.23370865460415288,0.09916436678530395,0.2173461221868127
495,TN,Median Home Value,5631,Emb,5,0.22140084504280738,0.23370865460415288,0.09916436678530395,0.2173461221868127
496,TN,Median Home Value,5631,Emb,6,0.22140084504280738,0.23370865460415288,0.09916436678530395,0.2173461221868127
497,TN,Median Home Value,5631,Emb,7,0.22140084504280738,0.23370865460415288,0.09916436678530395,0.2173461221868127
498,TN,Median Home Value,5631,Emb,8,0.22140084504280738,0.23370865460415288,0.09916436678530395,0.2173461221868127
499,TN,Median Home Value,5631,Emb,9,0.22140084504280738,0.23370865460415288,0.09916436678530395,0.2173461221868127
500,TN,Median Home Value,5631,LightGCN,0,0.1981535671195199,0.20104996014470078,0.08313175529725746,0.17823000786863052
501,TN,Median Home Value,5631,LightGCN,1,0.1981535671195199,0.20104996014470078,0.08313175529725746,0.17823000786863052
502,TN,Median Home Value,5631,LightGCN,2,0.1981535671195199,0.20104996014470078,0.08313175529725746,0.17823000786863052
503,TN,Median Home Value,5631,LightGCN,3,0.1981535671195199,0.20104996014470078,0.08313175529725746,0.17823000786863052
504,TN,Median Home Value,5631,LightGCN,4,0.1981535671195199,0.20104996014470078,0.08313175529725746,0.17823000786863052
505,TN,Median Home Value,5631,LightGCN,5,0.1981535671195199,0.20104996014470078,0.08313175529725746,0.17823000786863052
506,TN,Median Home Value,5631,LightGCN,6,0.1981535671195199,0.20104996014470078,0.08313175529725746,0.17823000786863052
507,TN,Median Home Value,5631,LightGCN,7,0.1981535671195199,0.20104996014470078,0.08313175529725746,0.17823000786863052
508,TN,Median Home Value,5631,LightGCN,8,0.1981535671195199,0.20104996014470078,0.08313175529725746,0.17823000786863052
509,TN,Median Home Value,5631,LightGCN,9,0.1981535671195199,0.20104996014470078,0.08313175529725746,0.17823000786863052
510,TN,Median Home Value,5631,RGNN,0,0.20698575384677348,0.20352256977279493,0.07928183363150605,0.19945721070968878
511,TN,Median Home Value,5631,RGNN,1,0.20698575384677348,0.20352256977279493,0.07928183363150605,0.19945721070968878
512,TN,Median Home Value,5631,RGNN,2,0.20698575384677348,0.20352256977279493,0.07928183363150605,0.19945721070968878
513,TN,Median Home Value,5631,RGNN,3,0.20698575384677348,0.20352256977279493,0.07928183363150605,0.19945721070968878
514,TN,Median Home Value,5631,RGNN,4,0.20698575384677348,0.20352256977279493,0.07928183363150605,0.19945721070968878
515,TN,Median Home Value,5631,RGNN,5,0.20698575384677348,0.20352256977279493,0.07928183363150605,0.19945721070968878
516,TN,Median Home Value,5631,RGNN,6,0.20698575384677348,0.20352256977279493,0.07928183363150605,0.19945721070968878
517,TN,Median Home Value,5631,RGNN,7,0.20698575384677348,0.20352256977279493,0.07928183363150605,0.19945721070968878
518,TN,Median Home Value,5631,RGNN,8,0.20698575384677348,0.20352256977279493,0.07928183363150605,0.19945721070968878
519,TN,Median Home Value,5631,RGNN,9,0.20698575384677348,0.20352256977279493,0.07928183363150605,0.19945721070968878
520,TN,Median Home Value,5631,Feat-LightGCN,0,0.19152014832946737,0.20365607077014974,0.08062858901585661,0.17721621618346015
521,TN,Median Home Value,5631,Feat-LightGCN,1,0.19152014832946737,0.20365607077014974,0.08062858901585661,0.17721621618346015
522,TN,Median Home Value,5631,Feat-LightGCN,2,0.19152014832946737,0.20365607077014974,0.08062858901585661,0.17721621618346015
523,TN,Median Home Value,5631,Feat-LightGCN,3,0.19152014832946737,0.20365607077014974,0.08062858901585661,0.17721621618346015
524,TN,Median Home Value,5631,Feat-LightGCN,4,0.19152014832946737,0.20365607077014974,0.08062858901585661,0.17721621618346015
525,TN,Median Home Value,5631,Feat-LightGCN,5,0.19152014832946737,0.20365607077014974,0.08062858901585661,0.17721621618346015
526,TN,Median Home Value,5631,Feat-LightGCN,6,0.19152014832946737,0.20365607077014974,0.08062858901585661,0.17721621618346015
527,TN,Median Home Value,5631,Feat-LightGCN,7,0.19152014832946737,0.20365607077014974,0.08062858901585661,0.17721621618346015
528,TN,Median Home Value,5631,Feat-LightGCN,8,0.19152014832946737,0.20365607077014974,0.08062858901585661,0.17721621618346015
529,TN,Median Home Value,5631,Feat-LightGCN,9,0.19152014832946737,0.20365607077014974,0.08062858901585661,0.17721621618346015
530,TN,Median Home Value,5631,Feat-RGNN,0,0.20116750846311773,0.22385499928574532,0.07897954642939217,0.18776366938131073
531,TN,Median Home Value,5631,Feat-RGNN,1,0.20116750846311773,0.22385499928574532,0.07897954642939217,0.18776366938131073
532,TN,Median Home Value,5631,Feat-RGNN,2,0.20116750846311773,0.22385499928574532,0.07897954642939217,0.18776366938131073
533,TN,Median Home Value,5631,Feat-RGNN,3,0.20116750846311773,0.22385499928574532,0.07897954642939217,0.18776366938131073
534,TN,Median Home Value,5631,Feat-RGNN,4,0.20116750846311773,0.22385499928574532,0.07897954642939217,0.18776366938131073
535,TN,Median Home Value,5631,Feat-RGNN,5,0.20116750846311773,0.22385499928574532,0.07897954642939217,0.18776366938131073
536,TN,Median Home Value,5631,Feat-RGNN,6,0.20116750846311773,0.22385499928574532,0.07897954642939217,0.18776366938131073
537,TN,Median Home Value,5631,Feat-RGNN,7,0.20116750846311773,0.22385499928574532,0.07897954642939217,0.18776366938131073
538,TN,Median Home Value,5631,Feat-RGNN,8,0.20116750846311773,0.22385499928574532,0.07897954642939217,0.18776366938131073
539,TN,Median Home Value,5631,Feat-RGNN,9,0.20116750846311773,0.22385499928574532,0.07897954642939217,0.18776366938131073
540,TN,Median Home Value,5631,Feat\&BG-LightGCN,0,0.2157255345627061,0.21734998923663526,0.03707169137585007,0.21103902194545004
541,TN,Median Home Value,5631,Feat\&BG-LightGCN,1,0.2157255345627061,0.21734998923663526,0.03707169137585007,0.21103902194545004
542,TN,Median Home Value,5631,Feat\&BG-LightGCN,2,0.2157255345627061,0.21734998923663526,0.03707169137585007,0.21103902194545004
543,TN,Median Home Value,5631,Feat\&BG-LightGCN,3,0.2157255345627061,0.21734998923663526,0.03707169137585007,0.21103902194545004
544,TN,Median Home Value,5631,Feat\&BG-LightGCN,4,0.2157255345627061,0.21734998923663526,0.03707169137585007,0.21103902194545004
545,TN,Median Home Value,5631,Feat\&BG-LightGCN,5,0.2157255345627061,0.21734998923663526,0.03707169137585007,0.21103902194545004
546,TN,Median Home Value,5631,Feat\&BG-LightGCN,6,0.2157255345627061,0.21734998923663526,0.03707169137585007,0.21103902194545004
547,TN,Median Home Value,5631,Feat\&BG-LightGCN,7,0.2157255345627061,0.21734998923663526,0.03707169137585007,0.21103902194545004
548,TN,Median Home Value,5631,Feat\&BG-LightGCN,8,0.2157255345627061,0.21734998923663526,0.03707169137585007,0.21103902194545004
549,TN,Median Home Value,5631,Feat\&BG-LightGCN,9,0.2157255345627061,0.21734998923663526,0.03707169137585007,0.21103902194545004
550,TN,Median Home Value,5631,Feat\&BG-RGNN,0,0.21126134099965269,0.21628562434950094,0.08280293309112823,0.20399595030936576
551,TN,Median Home Value,5631,Feat\&BG-RGNN,1,0.21126134099965269,0.21628562434950094,0.08280293309112823,0.20399595030936576
552,TN,Median Home Value,5631,Feat\&BG-RGNN,2,0.21126134099965269,0.21628562434950094,0.08280293309112823,0.20399595030936576
553,TN,Median Home Value,5631,Feat\&BG-RGNN,3,0.21126134099965269,0.21628562434950094,0.08280293309112823,0.20399595030936576
554,TN,Median Home Value,5631,Feat\&BG-RGNN,4,0.21126134099965269,0.21628562434950094,0.08280293309112823,0.20399595030936576
555,TN,Median Home Value,5631,Feat\&BG-RGNN,5,0.21126134099965269,0.21628562434950094,0.08280293309112823,0.20399595030936576
556,TN,Median Home Value,5631,Feat\&BG-RGNN,6,0.21126134099965269,0.21628562434950094,0.08280293309112823,0.20399595030936576
557,TN,Median Home Value,5631,Feat\&BG-RGNN,7,0.21126134099965269,0.21628562434950094,0.08280293309112823,0.20399595030936576
558,TN,Median Home Value,5631,Feat\&BG-RGNN,8,0.21126134099965269,0.21628562434950094,0.08280293309112823,0.20399595030936576
559,TN,Median Home Value,5631,Feat\&BG-RGNN,9,0.21126134099965269,0.21628562434950094,0.08280293309112823,0.20399595030936576
560,TN,Commute Time,1409,Emb,0,0.2857968329767691,0.25110367791563015,0.013519356893341944,0.2616082903314462
561,TN,Commute Time,1409,Emb,1,0.2857968329767691,0.25110367791563015,0.013519356893341944,0.2616082903314462
562,TN,Commute Time,1409,Emb,2,0.2857968329767691,0.25110367791563015,0.013519356893341944,0.2616082903314462
563,TN,Commute Time,1409,Emb,3,0.2857968329767691,0.25110367791563015,0.013519356893341944,0.2616082903314462
564,TN,Commute Time,1409,Emb,4,0.2857968329767691,0.25110367791563015,0.013519356893341944,0.2616082903314462
565,TN,Commute Time,1409,Emb,5,0.2857968329767691,0.25110367791563015,0.013519356893341944,0.2616082903314462
566,TN,Commute Time,1409,Emb,6,0.2857968329767691,0.25110367791563015,0.013519356893341944,0.2616082903314462
567,TN,Commute Time,1409,Emb,7,0.2857968329767691,0.25110367791563015,0.013519356893341944,0.2616082903314462
568,TN,Commute Time,1409,Emb,8,0.2857968329767691,0.25110367791563015,0.013519356893341944,0.2616082903314462
569,TN,Commute Time,1409,Emb,9,0.2857968329767691,0.25110367791563015,0.013519356893341944,0.2616082903314462
570,TN,Commute Time,1409,LightGCN,0,0.23813361537422026,0.21340704140822064,0.015470127525440695,0.2552298821606448
571,TN,Commute Time,1409,LightGCN,1,0.23813361537422026,0.21340704140822064,0.015470127525440695,0.2552298821606448
572,TN,Commute Time,1409,LightGCN,2,0.23813361537422026,0.21340704140822064,0.015470127525440695,0.2552298821606448
573,TN,Commute Time,1409,LightGCN,3,0.23813361537422026,0.21340704140822064,0.015470127525440695,0.2552298821606448
574,TN,Commute Time,1409,LightGCN,4,0.23813361537422026,0.21340704140822064,0.015470127525440695,0.2552298821606448
575,TN,Commute Time,1409,LightGCN,5,0.23813361537422026,0.21340704140822064,0.015470127525440695,0.2552298821606448
576,TN,Commute Time,1409,LightGCN,6,0.23813361537422026,0.21340704140822064,0.015470127525440695,0.2552298821606448
577,TN,Commute Time,1409,LightGCN,7,0.23813361537422026,0.21340704140822064,0.015470127525440695,0.2552298821606448
578,TN,Commute Time,1409,LightGCN,8,0.23813361537422026,0.21340704140822064,0.015470127525440695,0.2552298821606448
579,TN,Commute Time,1409,LightGCN,9,0.23813361537422026,0.21340704140822064,0.015470127525440695,0.2552298821606448
580,TN,Commute Time,1409,RGNN,0,0.24862536097810747,0.21737058622286592,0.014017896361686603,0.2631368285886246
581,TN,Commute Time,1409,RGNN,1,0.24862536097810747,0.21737058622286592,0.014017896361686603,0.2631368285886246
582,TN,Commute Time,1409,RGNN,2,0.24862536097810747,0.21737058622286592,0.014017896361686603,0.2631368285886246
583,TN,Commute Time,1409,RGNN,3,0.24862536097810747,0.21737058622286592,0.014017896361686603,0.2631368285886246
584,TN,Commute Time,1409,RGNN,4,0.24862536097810747,0.21737058622286592,0.014017896361686603,0.2631368285886246
585,TN,Commute Time,1409,RGNN,5,0.24862536097810747,0.21737058622286592,0.014017896361686603,0.2631368285886246
586,TN,Commute Time,1409,RGNN,6,0.24862536097810747,0.21737058622286592,0.014017896361686603,0.2631368285886246
587,TN,Commute Time,1409,RGNN,7,0.24862536097810747,0.21737058622286592,0.014017896361686603,0.2631368285886246
588,TN,Commute Time,1409,RGNN,8,0.24862536097810747,0.21737058622286592,0.014017896361686603,0.2631368285886246
589,TN,Commute Time,1409,RGNN,9,0.24862536097810747,0.21737058622286592,0.014017896361686603,0.2631368285886246
590,TN,Commute Time,1409,Feat-LightGCN,0,0.2509935537247264,0.24928923233087696,0.015719143019509694,0.23122970090094216
591,TN,Commute Time,1409,Feat-LightGCN,1,0.2509935537247264,0.24928923233087696,0.015719143019509694,0.23122970090094216
592,TN,Commute Time,1409,Feat-LightGCN,2,0.2509935537247264,0.24928923233087696,0.015719143019509694,0.23122970090094216
593,TN,Commute Time,1409,Feat-LightGCN,3,0.2509935537247264,0.24928923233087696,0.015719143019509694,0.23122970090094216
594,TN,Commute Time,1409,Feat-LightGCN,4,0.2509935537247264,0.24928923233087696,0.015719143019509694,0.23122970090094216
595,TN,Commute Time,1409,Feat-LightGCN,5,0.2509935537247264,0.24928923233087696,0.015719143019509694,0.23122970090094216
596,TN,Commute Time,1409,Feat-LightGCN,6,0.2509935537247264,0.24928923233087696,0.015719143019509694,0.23122970090094216
597,TN,Commute Time,1409,Feat-LightGCN,7,0.2509935537247264,0.24928923233087696,0.015719143019509694,0.23122970090094216
598,TN,Commute Time,1409,Feat-LightGCN,8,0.2509935537247264,0.24928923233087696,0.015719143019509694,0.23122970090094216
599,TN,Commute Time,1409,Feat-LightGCN,9,0.2509935537247264,0.24928923233087696,0.015719143019509694,0.23122970090094216
600,TN,Commute Time,1409,Feat-RGNN,0,0.26498457582099266,0.22983763335077115,0.013235451489788051,0.2696784158530219
601,TN,Commute Time,1409,Feat-RGNN,1,0.26498457582099266,0.22983763335077115,0.013235451489788051,0.2696784158530219
602,TN,Commute Time,1409,Feat-RGNN,2,0.26498457582099266,0.22983763335077115,0.013235451489788051,0.2696784158530219
603,TN,Commute Time,1409,Feat-RGNN,3,0.26498457582099266,0.22983763335077115,0.013235451489788051,0.2696784158530219
604,TN,Commute Time,1409,Feat-RGNN,4,0.26498457582099266,0.22983763335077115,0.013235451489788051,0.2696784158530219
605,TN,Commute Time,1409,Feat-RGNN,5,0.26498457582099266,0.22983763335077115,0.013235451489788051,0.2696784158530219
606,TN,Commute Time,1409,Feat-RGNN,6,0.26498457582099266,0.22983763335077115,0.013235451489788051,0.2696784158530219
607,TN,Commute Time,1409,Feat-RGNN,7,0.26498457582099266,0.22983763335077115,0.013235451489788051,0.2696784158530219
608,TN,Commute Time,1409,Feat-RGNN,8,0.26498457582099266,0.22983763335077115,0.013235451489788051,0.2696784158530219
609,TN,Commute Time,1409,Feat-RGNN,9,0.26498457582099266,0.22983763335077115,0.013235451489788051,0.2696784158530219
610,TN,Commute Time,1409,Feat\&BG-LightGCN,0,0.24026749157555932,0.2181695923344086,0.009354832189963207,0.2445954124412473
611,TN,Commute Time,1409,Feat\&BG-LightGCN,1,0.24026749157555932,0.2181695923344086,0.009354832189963207,0.2445954124412473
612,TN,Commute Time,1409,Feat\&BG-LightGCN,2,0.24026749157555932,0.2181695923344086,0.009354832189963207,0.2445954124412473
613,TN,Commute Time,1409,Feat\&BG-LightGCN,3,0.24026749157555932,0.2181695923344086,0.009354832189963207,0.2445954124412473
614,TN,Commute Time,1409,Feat\&BG-LightGCN,4,0.24026749157555932,0.2181695923344086,0.009354832189963207,0.2445954124412473
615,TN,Commute Time,1409,Feat\&BG-LightGCN,5,0.24026749157555932,0.2181695923344086,0.009354832189963207,0.2445954124412473
616,TN,Commute Time,1409,Feat\&BG-LightGCN,6,0.24026749157555932,0.2181695923344086,0.009354832189963207,0.2445954124412473
617,TN,Commute Time,1409,Feat\&BG-LightGCN,7,0.24026749157555932,0.2181695923344086,0.009354832189963207,0.2445954124412473
618,TN,Commute Time,1409,Feat\&BG-LightGCN,8,0.24026749157555932,0.2181695923344086,0.009354832189963207,0.2445954124412473
619,TN,Commute Time,1409,Feat\&BG-LightGCN,9,0.24026749157555932,0.2181695923344086,0.009354832189963207,0.2445954124412473
620,TN,Commute Time,1409,Feat\&BG-RGNN,0,0.2913920585349964,0.2320941149207429,0.014658795096349845,0.2718749230708665
621,TN,Commute Time,1409,Feat\&BG-RGNN,1,0.2913920585349964,0.2320941149207429,0.014658795096349845,0.2718749230708665
622,TN,Commute Time,1409,Feat\&BG-RGNN,2,0.2913920585349964,0.2320941149207429,0.014658795096349845,0.2718749230708665
623,TN,Commute Time,1409,Feat\&BG-RGNN,3,0.2913920585349964,0.2320941149207429,0.014658795096349845,0.2718749230708665
624,TN,Commute Time,1409,Feat\&BG-RGNN,4,0.2913920585349964,0.2320941149207429,0.014658795096349845,0.2718749230708665
625,TN,Commute Time,1409,Feat\&BG-RGNN,5,0.2913920585349964,0.2320941149207429,0.014658795096349845,0.2718749230708665
626,TN,Commute Time,1409,Feat\&BG-RGNN,6,0.2913920585349964,0.2320941149207429,0.014658795096349845,0.2718749230708665
627,TN,Commute Time,1409,Feat\&BG-RGNN,7,0.2913920585349964,0.2320941149207429,0.014658795096349845,0.2718749230708665
628,TN,Commute Time,1409,Feat\&BG-RGNN,8,0.2913920585349964,0.2320941149207429,0.014658795096349845,0.2718749230708665
629,TN,Commute Time,1409,Feat\&BG-RGNN,9,0.2913920585349964,0.2320941149207429,0.014658795096349845,0.2718749230708665
630,FL,Median Income,14414,Emb,0,0.24932722999670914,0.22897057166579005,0.17834473137114137,0.24181172473790294
631,FL,Median Income,14414,Emb,1,0.24932722999670914,0.22897057166579005,0.17834473137114137,0.24181172473790294
632,FL,Median Income,14414,Emb,2,0.24932722999670914,0.22897057166579005,0.17834473137114137,0.24181172473790294
633,FL,Median Income,14414,Emb,3,0.24932722999670914,0.22897057166579005,0.17834473137114137,0.24181172473790294
634,FL,Median Income,14414,Emb,4,0.24932722999670914,0.22897057166579005,0.17834473137114137,0.24181172473790294
635,FL,Median Income,14414,Emb,5,0.24932722999670914,0.22897057166579005,0.17834473137114137,0.24181172473790294
636,FL,Median Income,14414,Emb,6,0.24932722999670914,0.22897057166579005,0.17834473137114137,0.24181172473790294
637,FL,Median Income,14414,Emb,7,0.24932722999670914,0.22897057166579005,0.17834473137114137,0.24181172473790294
638,FL,Median Income,14414,Emb,8,0.24932722999670914,0.22897057166579005,0.17834473137114137,0.24181172473790294
639,FL,Median Income,14414,Emb,9,0.24932722999670914,0.22897057166579005,0.17834473137114137,0.24181172473790294
640,FL,Median Income,14414,LightGCN,0,0.23276754621228918,0.22261855348411128,0.16673530368686218,0.22506444751811694
641,FL,Median Income,14414,LightGCN,1,0.23276754621228918,0.22261855348411128,0.16673530368686218,0.22506444751811694
642,FL,Median Income,14414,LightGCN,2,0.23276754621228918,0.22261855348411128,0.16673530368686218,0.22506444751811694
643,FL,Median Income,14414,LightGCN,3,0.23276754621228918,0.22261855348411128,0.16673530368686218,0.22506444751811694
644,FL,Median Income,14414,LightGCN,4,0.23276754621228918,0.22261855348411128,0.16673530368686218,0.22506444751811694
645,FL,Median Income,14414,LightGCN,5,0.23276754621228918,0.22261855348411128,0.16673530368686218,0.22506444751811694
646,FL,Median Income,14414,LightGCN,6,0.23276754621228918,0.22261855348411128,0.16673530368686218,0.22506444751811694
647,FL,Median Income,14414,LightGCN,7,0.23276754621228918,0.22261855348411128,0.16673530368686218,0.22506444751811694
648,FL,Median Income,14414,LightGCN,8,0.23276754621228918,0.22261855348411128,0.16673530368686218,0.22506444751811694
649,FL,Median Income,14414,LightGCN,9,0.23276754621228918,0.22261855348411128,0.16673530368686218,0.22506444751811694
650,FL,Median Income,14414,RGNN,0,0.23875880470352312,0.22573661312056037,0.16559520118810706,0.23439961851806243
651,FL,Median Income,14414,RGNN,1,0.23875880470352312,0.22573661312056037,0.16559520118810706,0.23439961851806243
652,FL,Median Income,14414,RGNN,2,0.23875880470352312,0.22573661312056037,0.16559520118810706,0.23439961851806243
653,FL,Median Income,14414,RGNN,3,0.23875880470352312,0.22573661312056037,0.16559520118810706,0.23439961851806243
654,FL,Median Income,14414,RGNN,4,0.23875880470352312,0.22573661312056037,0.16559520118810706,0.23439961851806243
655,FL,Median Income,14414,RGNN,5,0.23875880470352312,0.22573661312056037,0.16559520118810706,0.23439961851806243
656,FL,Median Income,14414,RGNN,6,0.23875880470352312,0.22573661312056037,0.16559520118810706,0.23439961851806243
657,FL,Median Income,14414,RGNN,7,0.23875880470352312,0.22573661312056037,0.16559520118810706,0.23439961851806243
658,FL,Median Income,14414,RGNN,8,0.23875880470352312,0.22573661312056037,0.16559520118810706,0.23439961851806243
659,FL,Median Income,14414,RGNN,9,0.23875880470352312,0.22573661312056037,0.16559520118810706,0.23439961851806243
660,FL,Median Income,14414,Feat-LightGCN,0,0.23042670107631244,0.22329743758627874,0.1670920358247276,0.22531667282243
661,FL,Median Income,14414,Feat-LightGCN,1,0.23042670107631244,0.22329743758627874,0.1670920358247276,0.22531667282243
662,FL,Median Income,14414,Feat-LightGCN,2,0.23042670107631244,0.22329743758627874,0.1670920358247276,0.22531667282243
663,FL,Median Income,14414,Feat-LightGCN,3,0.23042670107631244,0.22329743758627874,0.1670920358247276,0.22531667282243
664,FL,Median Income,14414,Feat-LightGCN,4,0.23042670107631244,0.22329743758627874,0.1670920358247276,0.22531667282243
665,FL,Median Income,14414,Feat-LightGCN,5,0.23042670107631244,0.22329743758627874,0.1670920358247276,0.22531667282243
666,FL,Median Income,14414,Feat-LightGCN,6,0.23042670107631244,0.22329743758627874,0.1670920358247276,0.22531667282243
667,FL,Median Income,14414,Feat-LightGCN,7,0.23042670107631244,0.22329743758627874,0.1670920358247276,0.22531667282243
668,FL,Median Income,14414,Feat-LightGCN,8,0.23042670107631244,0.22329743758627874,0.1670920358247276,0.22531667282243
669,FL,Median Income,14414,Feat-LightGCN,9,0.23042670107631244,0.22329743758627874,0.1670920358247276,0.22531667282243
670,FL,Median Income,14414,Feat-RGNN,0,0.23964430022820687,0.22442995881025574,0.1643200726916184,0.23167092849991539
671,FL,Median Income,14414,Feat-RGNN,1,0.23964430022820687,0.22442995881025574,0.1643200726916184,0.23167092849991539
672,FL,Median Income,14414,Feat-RGNN,2,0.23964430022820687,0.22442995881025574,0.1643200726916184,0.23167092849991539
673,FL,Median Income,14414,Feat-RGNN,3,0.23964430022820687,0.22442995881025574,0.1643200726916184,0.23167092849991539
674,FL,Median Income,14414,Feat-RGNN,4,0.23964430022820687,0.22442995881025574,0.1643200726916184,0.23167092849991539
675,FL,Median Income,14414,Feat-RGNN,5,0.23964430022820687,0.22442995881025574,0.1643200726916184,0.23167092849991539
676,FL,Median Income,14414,Feat-RGNN,6,0.23964430022820687,0.22442995881025574,0.1643200726916184,0.23167092849991539
677,FL,Median Income,14414,Feat-RGNN,7,0.23964430022820687,0.22442995881025574,0.1643200726916184,0.23167092849991539
678,FL,Median Income,14414,Feat-RGNN,8,0.23964430022820687,0.22442995881025574,0.1643200726916184,0.23167092849991539
679,FL,Median Income,14414,Feat-RGNN,9,0.23964430022820687,0.22442995881025574,0.1643200726916184,0.23167092849991539
680,FL,Median Income,14414,Feat\&BG-LightGCN,0,0.2400926686839673,0.23181842375882308,0.1153656390237353,0.225803963857921
681,FL,Median Income,14414,Feat\&BG-LightGCN,1,0.2400926686839673,0.23181842375882308,0.1153656390237353,0.225803963857921
682,FL,Median Income,14414,Feat\&BG-LightGCN,2,0.2400926686839673,0.23181842375882308,0.1153656390237353,0.225803963857921
683,FL,Median Income,14414,Feat\&BG-LightGCN,3,0.2400926686839673,0.23181842375882308,0.1153656390237353,0.225803963857921
684,FL,Median Income,14414,Feat\&BG-LightGCN,4,0.2400926686839673,0.23181842375882308,0.1153656390237353,0.225803963857921
685,FL,Median Income,14414,Feat\&BG-LightGCN,5,0.2400926686839673,0.23181842375882308,0.1153656390237353,0.225803963857921
686,FL,Median Income,14414,Feat\&BG-LightGCN,6,0.2400926686839673,0.23181842375882308,0.1153656390237353,0.225803963857921
687,FL,Median Income,14414,Feat\&BG-LightGCN,7,0.2400926686839673,0.23181842375882308,0.1153656390237353,0.225803963857921
688,FL,Median Income,14414,Feat\&BG-LightGCN,8,0.2400926686839673,0.23181842375882308,0.1153656390237353,0.225803963857921
689,FL,Median Income,14414,Feat\&BG-LightGCN,9,0.2400926686839673,0.23181842375882308,0.1153656390237353,0.225803963857921
690,FL,Median Income,14414,Feat\&BG-RGNN,0,0.24079987372208178,0.2312073995169175,0.16563363323863847,0.24042522156570575
691,FL,Median Income,14414,Feat\&BG-RGNN,1,0.24079987372208178,0.2312073995169175,0.16563363323863847,0.24042522156570575
692,FL,Median Income,14414,Feat\&BG-RGNN,2,0.24079987372208178,0.2312073995169175,0.16563363323863847,0.24042522156570575
693,FL,Median Income,14414,Feat\&BG-RGNN,3,0.24079987372208178,0.2312073995169175,0.16563363323863847,0.24042522156570575
694,FL,Median Income,14414,Feat\&BG-RGNN,4,0.24079987372208178,0.2312073995169175,0.16563363323863847,0.24042522156570575
695,FL,Median Income,14414,Feat\&BG-RGNN,5,0.24079987372208178,0.2312073995169175,0.16563363323863847,0.24042522156570575
696,FL,Median Income,14414,Feat\&BG-RGNN,6,0.24079987372208178,0.2312073995169175,0.16563363323863847,0.24042522156570575
697,FL,Median Income,14414,Feat\&BG-RGNN,7,0.24079987372208178,0.2312073995169175,0.16563363323863847,0.24042522156570575
698,FL,Median Income,14414,Feat\&BG-RGNN,8,0.24079987372208178,0.2312073995169175,0.16563363323863847,0.24042522156570575
699,FL,Median Income,14414,Feat\&BG-RGNN,9,0.24079987372208178,0.2312073995169175,0.16563363323863847,0.24042522156570575
700,FL,Median Home Value,14074,Emb,0,0.24420604358177567,0.24343176717687726,0.16741883080301792,0.2537044194938636
701,FL,Median Home Value,14074,Emb,1,0.24420604358177567,0.24343176717687726,0.16741883080301792,0.2537044194938636
702,FL,Median Home Value,14074,Emb,2,0.24420604358177567,0.24343176717687726,0.16741883080301792,0.2537044194938636
703,FL,Median Home Value,14074,Emb,3,0.24420604358177567,0.24343176717687726,0.16741883080301792,0.2537044194938636
704,FL,Median Home Value,14074,Emb,4,0.24420604358177567,0.24343176717687726,0.16741883080301792,0.2537044194938636
705,FL,Median Home Value,14074,Emb,5,0.24420604358177567,0.24343176717687726,0.16741883080301792,0.2537044194938636
706,FL,Median Home Value,14074,Emb,6,0.24420604358177567,0.24343176717687726,0.16741883080301792,0.2537044194938636
707,FL,Median Home Value,14074,Emb,7,0.24420604358177567,0.24343176717687726,0.16741883080301792,0.2537044194938636
708,FL,Median Home Value,14074,Emb,8,0.24420604358177567,0.24343176717687726,0.16741883080301792,0.2537044194938636
709,FL,Median Home Value,14074,Emb,9,0.24420604358177567,0.24343176717687726,0.16741883080301792,0.2537044194938636
710,FL,Median Home Value,14074,LightGCN,0,0.22595157329329965,0.22240590352988837,0.15433530186625224,0.23124001889940346
711,FL,Median Home Value,14074,LightGCN,1,0.22595157329329965,0.22240590352988837,0.15433530186625224,0.23124001889940346
712,FL,Median Home Value,14074,LightGCN,2,0.22595157329329965,0.22240590352988837,0.15433530186625224,0.23124001889940346
713,FL,Median Home Value,14074,LightGCN,3,0.22595157329329965,0.22240590352988837,0.15433530186625224,0.23124001889940346
714,FL,Median Home Value,14074,LightGCN,4,0.22595157329329965,0.22240590352988837,0.15433530186625224,0.23124001889940346
715,FL,Median Home Value,14074,LightGCN,5,0.22595157329329965,0.22240590352988837,0.15433530186625224,0.23124001889940346
716,FL,Median Home Value,14074,LightGCN,6,0.22595157329329965,0.22240590352988837,0.15433530186625224,0.23124001889940346
717,FL,Median Home Value,14074,LightGCN,7,0.22595157329329965,0.22240590352988837,0.15433530186625224,0.23124001889940346
718,FL,Median Home Value,14074,LightGCN,8,0.22595157329329965,0.22240590352988837,0.15433530186625224,0.23124001889940346
719,FL,Median Home Value,14074,LightGCN,9,0.22595157329329965,0.22240590352988837,0.15433530186625224,0.23124001889940346
720,FL,Median Home Value,14074,RGNN,0,0.23447044475792453,0.22973554774134766,0.15235956823054747,0.24501302506843664
721,FL,Median Home Value,14074,RGNN,1,0.23447044475792453,0.22973554774134766,0.15235956823054747,0.24501302506843664
722,FL,Median Home Value,14074,RGNN,2,0.23447044475792453,0.22973554774134766,0.15235956823054747,0.24501302506843664
723,FL,Median Home Value,14074,RGNN,3,0.23447044475792453,0.22973554774134766,0.15235956823054747,0.24501302506843664
724,FL,Median Home Value,14074,RGNN,4,0.23447044475792453,0.22973554774134766,0.15235956823054747,0.24501302506843664
725,FL,Median Home Value,14074,RGNN,5,0.23447044475792453,0.22973554774134766,0.15235956823054747,0.24501302506843664
726,FL,Median Home Value,14074,RGNN,6,0.23447044475792453,0.22973554774134766,0.15235956823054747,0.24501302506843664
727,FL,Median Home Value,14074,RGNN,7,0.23447044475792453,0.22973554774134766,0.15235956823054747,0.24501302506843664
728,FL,Median Home Value,14074,RGNN,8,0.23447044475792453,0.22973554774134766,0.15235956823054747,0.24501302506843664
729,FL,Median Home Value,14074,RGNN,9,0.23447044475792453,0.22973554774134766,0.15235956823054747,0.24501302506843664
730,FL,Median Home Value,14074,Feat-LightGCN,0,0.22790864670773495,0.22865948775172507,0.15239015581547963,0.2344480508310221
731,FL,Median Home Value,14074,Feat-LightGCN,1,0.22790864670773495,0.22865948775172507,0.15239015581547963,0.2344480508310221
732,FL,Median Home Value,14074,Feat-LightGCN,2,0.22790864670773495,0.22865948775172507,0.15239015581547963,0.2344480508310221
733,FL,Median Home Value,14074,Feat-LightGCN,3,0.22790864670773495,0.22865948775172507,0.15239015581547963,0.2344480508310221
734,FL,Median Home Value,14074,Feat-LightGCN,4,0.22790864670773495,0.22865948775172507,0.15239015581547963,0.2344480508310221
735,FL,Median Home Value,14074,Feat-LightGCN,5,0.22790864670773495,0.22865948775172507,0.15239015581547963,0.2344480508310221
736,FL,Median Home Value,14074,Feat-LightGCN,6,0.22790864670773495,0.22865948775172507,0.15239015581547963,0.2344480508310221
737,FL,Median Home Value,14074,Feat-LightGCN,7,0.22790864670773495,0.22865948775172507,0.15239015581547963,0.2344480508310221
738,FL,Median Home Value,14074,Feat-LightGCN,8,0.22790864670773495,0.22865948775172507,0.15239015581547963,0.2344480508310221
739,FL,Median Home Value,14074,Feat-LightGCN,9,0.22790864670773495,0.22865948775172507,0.15239015581547963,0.2344480508310221
740,FL,Median Home Value,14074,Feat-RGNN,0,0.2343336443207163,0.23428393265411,0.15224813856320224,0.23963478625016774
741,FL,Median Home Value,14074,Feat-RGNN,1,0.2343336443207163,0.23428393265411,0.15224813856320224,0.23963478625016774
742,FL,Median Home Value,14074,Feat-RGNN,2,0.2343336443207163,0.23428393265411,0.15224813856320224,0.23963478625016774
743,FL,Median Home Value,14074,Feat-RGNN,3,0.2343336443207163,0.23428393265411,0.15224813856320224,0.23963478625016774
744,FL,Median Home Value,14074,Feat-RGNN,4,0.2343336443207163,0.23428393265411,0.15224813856320224,0.23963478625016774
745,FL,Median Home Value,14074,Feat-RGNN,5,0.2343336443207163,0.23428393265411,0.15224813856320224,0.23963478625016774
746,FL,Median Home Value,14074,Feat-RGNN,6,0.2343336443207163,0.23428393265411,0.15224813856320224,0.23963478625016774
747,FL,Median Home Value,14074,Feat-RGNN,7,0.2343336443207163,0.23428393265411,0.15224813856320224,0.23963478625016774
748,FL,Median Home Value,14074,Feat-RGNN,8,0.2343336443207163,0.23428393265411,0.15224813856320224,0.23963478625016774
749,FL,Median Home Value,14074,Feat-RGNN,9,0.2343336443207163,0.23428393265411,0.15224813856320224,0.23963478625016774
750,FL,Median Home Value,14074,Feat\&BG-LightGCN,0,0.23138835409720931,0.23001935051520822,0.10079090481760718,0.2510976482971871
751,FL,Median Home Value,14074,Feat\&BG-LightGCN,1,0.23138835409720931,0.23001935051520822,0.10079090481760718,0.2510976482971871
752,FL,Median Home Value,14074,Feat\&BG-LightGCN,2,0.23138835409720931,0.23001935051520822,0.10079090481760718,0.2510976482971871
753,FL,Median Home Value,14074,Feat\&BG-LightGCN,3,0.23138835409720931,0.23001935051520822,0.10079090481760718,0.2510976482971871
754,FL,Median Home Value,14074,Feat\&BG-LightGCN,4,0.23138835409720931,0.23001935051520822,0.10079090481760718,0.2510976482971871
755,FL,Median Home Value,14074,Feat\&BG-LightGCN,5,0.23138835409720931,0.23001935051520822,0.10079090481760718,0.2510976482971871
756,FL,Median Home Value,14074,Feat\&BG-LightGCN,6,0.23138835409720931,0.23001935051520822,0.10079090481760718,0.2510976482971871
757,FL,Median Home Value,14074,Feat\&BG-LightGCN,7,0.23138835409720931,0.23001935051520822,0.10079090481760718,0.2510976482971871
758,FL,Median Home Value,14074,Feat\&BG-LightGCN,8,0.23138835409720931,0.23001935051520822,0.10079090481760718,0.2510976482971871
759,FL,Median Home Value,14074,Feat\&BG-LightGCN,9,0.23138835409720931,0.23001935051520822,0.10079090481760718,0.2510976482971871
760,FL,Median Home Value,14074,Feat\&BG-RGNN,0,0.23374951327793728,0.2340091606809364,0.15570398684685993,0.2475428982566856
761,FL,Median Home Value,14074,Feat\&BG-RGNN,1,0.23374951327793728,0.2340091606809364,0.15570398684685993,0.2475428982566856
762,FL,Median Home Value,14074,Feat\&BG-RGNN,2,0.23374951327793728,0.2340091606809364,0.15570398684685993,0.2475428982566856
763,FL,Median Home Value,14074,Feat\&BG-RGNN,3,0.23374951327793728,0.2340091606809364,0.15570398684685993,0.2475428982566856
764,FL,Median Home Value,14074,Feat\&BG-RGNN,4,0.23374951327793728,0.2340091606809364,0.15570398684685993,0.2475428982566856
765,FL,Median Home Value,14074,Feat\&BG-RGNN,5,0.23374951327793728,0.2340091606809364,0.15570398684685993,0.2475428982566856
766,FL,Median Home Value,14074,Feat\&BG-RGNN,6,0.23374951327793728,0.2340091606809364,0.15570398684685993,0.2475428982566856
767,FL,Median Home Value,14074,Feat\&BG-RGNN,7,0.23374951327793728,0.2340091606809364,0.15570398684685993,0.2475428982566856
768,FL,Median Home Value,14074,Feat\&BG-RGNN,8,0.23374951327793728,0.2340091606809364,0.15570398684685993,0.2475428982566856
769,FL,Median Home Value,14074,Feat\&BG-RGNN,9,0.23374951327793728,0.2340091606809364,0.15570398684685993,0.2475428982566856
770,FL,Commute Time,2574,Emb,0,0.28107386489537567,0.21144656893888358,0.037619985891393766,0.2614039284288627
771,FL,Commute Time,2574,Emb,1,0.28107386489537567,0.21144656893888358,0.037619985891393766,0.2614039284288627
772,FL,Commute Time,2574,Emb,2,0.28107386489537567,0.21144656893888358,0.037619985891393766,0.2614039284288627
773,FL,Commute Time,2574,Emb,3,0.28107386489537567,0.21144656893888358,0.037619985891393766,0.2614039284288627
774,FL,Commute Time,2574,Emb,4,0.28107386489537567,0.21144656893888358,0.037619985891393766,0.2614039284288627
775,FL,Commute Time,2574,Emb,5,0.28107386489537567,0.21144656893888358,0.037619985891393766,0.2614039284288627
776,FL,Commute Time,2574,Emb,6,0.28107386489537567,0.21144656893888358,0.037619985891393766,0.2614039284288627
777,FL,Commute Time,2574,Emb,7,0.28107386489537567,0.21144656893888358,0.037619985891393766,0.2614039284288627
778,FL,Commute Time,2574,Emb,8,0.28107386489537567,0.21144656893888358,0.037619985891393766,0.2614039284288627
779,FL,Commute Time,2574,Emb,9,0.28107386489537567,0.21144656893888358,0.037619985891393766,0.2614039284288627
780,FL,Commute Time,2574,LightGCN,0,0.25384167852248785,0.19324644354097945,0.03550709694062235,0.25375161358181364
781,FL,Commute Time,2574,LightGCN,1,0.25384167852248785,0.19324644354097945,0.03550709694062235,0.25375161358181364
782,FL,Commute Time,2574,LightGCN,2,0.25384167852248785,0.19324644354097945,0.03550709694062235,0.25375161358181364
783,FL,Commute Time,2574,LightGCN,3,0.25384167852248785,0.19324644354097945,0.03550709694062235,0.25375161358181364
784,FL,Commute Time,2574,LightGCN,4,0.25384167852248785,0.19324644354097945,0.03550709694062235,0.25375161358181364
785,FL,Commute Time,2574,LightGCN,5,0.25384167852248785,0.19324644354097945,0.03550709694062235,0.25375161358181364
786,FL,Commute Time,2574,LightGCN,6,0.25384167852248785,0.19324644354097945,0.03550709694062235,0.25375161358181364
787,FL,Commute Time,2574,LightGCN,7,0.25384167852248785,0.19324644354097945,0.03550709694062235,0.25375161358181364
788,FL,Commute Time,2574,LightGCN,8,0.25384167852248785,0.19324644354097945,0.03550709694062235,0.25375161358181364
789,FL,Commute Time,2574,LightGCN,9,0.25384167852248785,0.19324644354097945,0.03550709694062235,0.25375161358181364
790,FL,Commute Time,2574,RGNN,0,0.2698389403160318,0.1974465932415315,0.03712351160198916,0.2528316672406018
791,FL,Commute Time,2574,RGNN,1,0.2698389403160318,0.1974465932415315,0.03712351160198916,0.2528316672406018
792,FL,Commute Time,2574,RGNN,2,0.2698389403160318,0.1974465932415315,0.03712351160198916,0.2528316672406018
793,FL,Commute Time,2574,RGNN,3,0.2698389403160318,0.1974465932415315,0.03712351160198916,0.2528316672406018
794,FL,Commute Time,2574,RGNN,4,0.2698389403160318,0.1974465932415315,0.03712351160198916,0.2528316672406018
795,FL,Commute Time,2574,RGNN,5,0.2698389403160318,0.1974465932415315,0.03712351160198916,0.2528316672406018
796,FL,Commute Time,2574,RGNN,6,0.2698389403160318,0.1974465932415315,0.03712351160198916,0.2528316672406018
797,FL,Commute Time,2574,RGNN,7,0.2698389403160318,0.1974465932415315,0.03712351160198916,0.2528316672406018
798,FL,Commute Time,2574,RGNN,8,0.2698389403160318,0.1974465932415315,0.03712351160198916,0.2528316672406018
799,FL,Commute Time,2574,RGNN,9,0.2698389403160318,0.1974465932415315,0.03712351160198916,0.2528316672406018
800,FL,Commute Time,2574,Feat-LightGCN,0,0.2612489205161407,0.20863793680731849,0.03648284613989216,0.2668894756956912
801,FL,Commute Time,2574,Feat-LightGCN,1,0.2612489205161407,0.20863793680731849,0.03648284613989216,0.2668894756956912
802,FL,Commute Time,2574,Feat-LightGCN,2,0.2612489205161407,0.20863793680731849,0.03648284613989216,0.2668894756956912
803,FL,Commute Time,2574,Feat-LightGCN,3,0.2612489205161407,0.20863793680731849,0.03648284613989216,0.2668894756956912
804,FL,Commute Time,2574,Feat-LightGCN,4,0.2612489205161407,0.20863793680731849,0.03648284613989216,0.2668894756956912
805,FL,Commute Time,2574,Feat-LightGCN,5,0.2612489205161407,0.20863793680731849,0.03648284613989216,0.2668894756956912
806,FL,Commute Time,2574,Feat-LightGCN,6,0.2612489205161407,0.20863793680731849,0.03648284613989216,0.2668894756956912
807,FL,Commute Time,2574,Feat-LightGCN,7,0.2612489205161407,0.20863793680731849,0.03648284613989216,0.2668894756956912
808,FL,Commute Time,2574,Feat-LightGCN,8,0.2612489205161407,0.20863793680731849,0.03648284613989216,0.2668894756956912
809,FL,Commute Time,2574,Feat-LightGCN,9,0.2612489205161407,0.20863793680731849,0.03648284613989216,0.2668894756956912
810,FL,Commute Time,2574,Feat-RGNN,0,0.2654921716535364,0.19436640279056094,0.03631597041495129,0.24664269236348463
811,FL,Commute Time,2574,Feat-RGNN,1,0.2654921716535364,0.19436640279056094,0.03631597041495129,0.24664269236348463
812,FL,Commute Time,2574,Feat-RGNN,2,0.2654921716535364,0.19436640279056094,0.03631597041495129,0.24664269236348463
813,FL,Commute Time,2574,Feat-RGNN,3,0.2654921716535364,0.19436640279056094,0.03631597041495129,0.24664269236348463
814,FL,Commute Time,2574,Feat-RGNN,4,0.2654921716535364,0.19436640279056094,0.03631597041495129,0.24664269236348463
815,FL,Commute Time,2574,Feat-RGNN,5,0.2654921716535364,0.19436640279056094,0.03631597041495129,0.24664269236348463
816,FL,Commute Time,2574,Feat-RGNN,6,0.2654921716535364,0.19436640279056094,0.03631597041495129,0.24664269236348463
817,FL,Commute Time,2574,Feat-RGNN,7,0.2654921716535364,0.19436640279056094,0.03631597041495129,0.24664269236348463
818,FL,Commute Time,2574,Feat-RGNN,8,0.2654921716535364,0.19436640279056094,0.03631597041495129,0.24664269236348463
819,FL,Commute Time,2574,Feat-RGNN,9,0.2654921716535364,0.19436640279056094,0.03631597041495129,0.24664269236348463
820,FL,Commute Time,2574,Feat\&BG-LightGCN,0,0.274556071835061,0.20870626475831755,0.011556806297579002,0.2807479208257497
821,FL,Commute Time,2574,Feat\&BG-LightGCN,1,0.274556071835061,0.20870626475831755,0.011556806297579002,0.2807479208257497
822,FL,Commute Time,2574,Feat\&BG-LightGCN,2,0.274556071835061,0.20870626475831755,0.011556806297579002,0.2807479208257497
823,FL,Commute Time,2574,Feat\&BG-LightGCN,3,0.274556071835061,0.20870626475831755,0.011556806297579002,0.2807479208257497
824,FL,Commute Time,2574,Feat\&BG-LightGCN,4,0.274556071835061,0.20870626475831755,0.011556806297579002,0.2807479208257497
825,FL,Commute Time,2574,Feat\&BG-LightGCN,5,0.274556071835061,0.20870626475831755,0.011556806297579002,0.2807479208257497
826,FL,Commute Time,2574,Feat\&BG-LightGCN,6,0.274556071835061,0.20870626475831755,0.011556806297579002,0.2807479208257497
827,FL,Commute Time,2574,Feat\&BG-LightGCN,7,0.274556071835061,0.20870626475831755,0.011556806297579002,0.2807479208257497
828,FL,Commute Time,2574,Feat\&BG-LightGCN,8,0.274556071835061,0.20870626475831755,0.011556806297579002,0.2807479208257497
829,FL,Commute Time,2574,Feat\&BG-LightGCN,9,0.274556071835061,0.20870626475831755,0.011556806297579002,0.2807479208257497
830,FL,Commute Time,2574,Feat\&BG-RGNN,0,0.26377498611441547,0.2121286657441424,0.035062416691337125,0.2645809216950037
831,FL,Commute Time,2574,Feat\&BG-RGNN,1,0.26377498611441547,0.2121286657441424,0.035062416691337125,0.2645809216950037
832,FL,Commute Time,2574,Feat\&BG-RGNN,2,0.26377498611441547,0.2121286657441424,0.035062416691337125,0.2645809216950037
833,FL,Commute Time,2574,Feat\&BG-RGNN,3,0.26377498611441547,0.2121286657441424,0.035062416691337125,0.2645809216950037
834,FL,Commute Time,2574,Feat\&BG-RGNN,4,0.26377498611441547,0.2121286657441424,0.035062416691337125,0.2645809216950037
835,FL,Commute Time,2574,Feat\&BG-RGNN,5,0.26377498611441547,0.2121286657441424,0.035062416691337125,0.2645809216950037
836,FL,Commute Time,2574,Feat\&BG-RGNN,6,0.26377498611441547,0.2121286657441424,0.035062416691337125,0.2645809216950037
837,FL,Commute Time,2574,Feat\&BG-RGNN,7,0.26377498611441547,0.2121286657441424,0.035062416691337125,0.2645809216950037
838,FL,Commute Time,2574,Feat\&BG-RGNN,8,0.26377498611441547,0.2121286657441424,0.035062416691337125,0.2645809216950037
839,FL,Commute Time,2574,Feat\&BG-RGNN,9,0.26377498611441547,0.2121286657441424,0.035062416691337125,0.2645809216950037
840,IN,Median Income,5780,Emb,0,0.2104911198219703,0.2540646404714072,0.1100352503598458,0.23634795475665446
841,IN,Median Income,5780,Emb,1,0.2104911198219703,0.2540646404714072,0.1100352503598458,0.23634795475665446
842,IN,Median Income,5780,Emb,2,0.2104911198219703,0.2540646404714072,0.1100352503598458,0.23634795475665446
843,IN,Median Income,5780,Emb,3,0.2104911198219703,0.2540646404714072,0.1100352503598458,0.23634795475665446
844,IN,Median Income,5780,Emb,4,0.2104911198219703,0.2540646404714072,0.1100352503598458,0.23634795475665446
845,IN,Median Income,5780,Emb,5,0.2104911198219703,0.2540646404714072,0.1100352503598458,0.23634795475665446
846,IN,Median Income,5780,Emb,6,0.2104911198219703,0.2540646404714072,0.1100352503598458,0.23634795475665446
847,IN,Median Income,5780,Emb,7,0.2104911198219703,0.2540646404714072,0.1100352503598458,0.23634795475665446
848,IN,Median Income,5780,Emb,8,0.2104911198219703,0.2540646404714072,0.1100352503598458,0.23634795475665446
849,IN,Median Income,5780,Emb,9,0.2104911198219703,0.2540646404714072,0.1100352503598458,0.23634795475665446
850,IN,Median Income,5780,LightGCN,0,0.19245934251338165,0.22654203432586675,0.09430097105629985,0.21915127294524941
851,IN,Median Income,5780,LightGCN,1,0.19245934251338165,0.22654203432586675,0.09430097105629985,0.21915127294524941
852,IN,Median Income,5780,LightGCN,2,0.19245934251338165,0.22654203432586675,0.09430097105629985,0.21915127294524941
853,IN,Median Income,5780,LightGCN,3,0.19245934251338165,0.22654203432586675,0.09430097105629985,0.21915127294524941
854,IN,Median Income,5780,LightGCN,4,0.19245934251338165,0.22654203432586675,0.09430097105629985,0.21915127294524941
855,IN,Median Income,5780,LightGCN,5,0.19245934251338165,0.22654203432586675,0.09430097105629985,0.21915127294524941
856,IN,Median Income,5780,LightGCN,6,0.19245934251338165,0.22654203432586675,0.09430097105629985,0.21915127294524941
857,IN,Median Income,5780,LightGCN,7,0.19245934251338165,0.22654203432586675,0.09430097105629985,0.21915127294524941
858,IN,Median Income,5780,LightGCN,8,0.19245934251338165,0.22654203432586675,0.09430097105629985,0.21915127294524941
859,IN,Median Income,5780,LightGCN,9,0.19245934251338165,0.22654203432586675,0.09430097105629985,0.21915127294524941
860,IN,Median Income,5780,RGNN,0,0.19678951527073574,0.23769493293650293,0.09043138637801755,0.21724619189429792
861,IN,Median Income,5780,RGNN,1,0.19678951527073574,0.23769493293650293,0.09043138637801755,0.21724619189429792
862,IN,Median Income,5780,RGNN,2,0.19678951527073574,0.23769493293650293,0.09043138637801755,0.21724619189429792
863,IN,Median Income,5780,RGNN,3,0.19678951527073574,0.23769493293650293,0.09043138637801755,0.21724619189429792
864,IN,Median Income,5780,RGNN,4,0.19678951527073574,0.23769493293650293,0.09043138637801755,0.21724619189429792
865,IN,Median Income,5780,RGNN,5,0.19678951527073574,0.23769493293650293,0.09043138637801755,0.21724619189429792
866,IN,Median Income,5780,RGNN,6,0.19678951527073574,0.23769493293650293,0.09043138637801755,0.21724619189429792
867,IN,Median Income,5780,RGNN,7,0.19678951527073574,0.23769493293650293,0.09043138637801755,0.21724619189429792
868,IN,Median Income,5780,RGNN,8,0.19678951527073574,0.23769493293650293,0.09043138637801755,0.21724619189429792
869,IN,Median Income,5780,RGNN,9,0.19678951527073574,0.23769493293650293,0.09043138637801755,0.21724619189429792
870,IN,Median Income,5780,Feat-LightGCN,0,0.18972383336807203,0.22220279335591675,0.09245601676847083,0.2160354958455631
871,IN,Median Income,5780,Feat-LightGCN,1,0.18972383336807203,0.22220279335591675,0.09245601676847083,0.2160354958455631
872,IN,Median Income,5780,Feat-LightGCN,2,0.18972383336807203,0.22220279335591675,0.09245601676847083,0.2160354958455631
873,IN,Median Income,5780,Feat-LightGCN,3,0.18972383336807203,0.22220279335591675,0.09245601676847083,0.2160354958455631
874,IN,Median Income,5780,Feat-LightGCN,4,0.18972383336807203,0.22220279335591675,0.09245601676847083,0.2160354958455631
875,IN,Median Income,5780,Feat-LightGCN,5,0.18972383336807203,0.22220279335591675,0.09245601676847083,0.2160354958455631
876,IN,Median Income,5780,Feat-LightGCN,6,0.18972383336807203,0.22220279335591675,0.09245601676847083,0.2160354958455631
877,IN,Median Income,5780,Feat-LightGCN,7,0.18972383336807203,0.22220279335591675,0.09245601676847083,0.2160354958455631
878,IN,Median Income,5780,Feat-LightGCN,8,0.18972383336807203,0.22220279335591675,0.09245601676847083,0.2160354958455631
879,IN,Median Income,5780,Feat-LightGCN,9,0.18972383336807203,0.22220279335591675,0.09245601676847083,0.2160354958455631
880,IN,Median Income,5780,Feat-RGNN,0,0.19304792820370223,0.2365786004366999,0.0915616987147894,0.22148400416274186
881,IN,Median Income,5780,Feat-RGNN,1,0.19304792820370223,0.2365786004366999,0.0915616987147894,0.22148400416274186
882,IN,Median Income,5780,Feat-RGNN,2,0.19304792820370223,0.2365786004366999,0.0915616987147894,0.22148400416274186
883,IN,Median Income,5780,Feat-RGNN,3,0.19304792820370223,0.2365786004366999,0.0915616987147894,0.22148400416274186
884,IN,Median Income,5780,Feat-RGNN,4,0.19304792820370223,0.2365786004366999,0.0915616987147894,0.22148400416274186
885,IN,Median Income,5780,Feat-RGNN,5,0.19304792820370223,0.2365786004366999,0.0915616987147894,0.22148400416274186
886,IN,Median Income,5780,Feat-RGNN,6,0.19304792820370223,0.2365786004366999,0.0915616987147894,0.22148400416274186
887,IN,Median Income,5780,Feat-RGNN,7,0.19304792820370223,0.2365786004366999,0.0915616987147894,0.22148400416274186
888,IN,Median Income,5780,Feat-RGNN,8,0.19304792820370223,0.2365786004366999,0.0915616987147894,0.22148400416274186
889,IN,Median Income,5780,Feat-RGNN,9,0.19304792820370223,0.2365786004366999,0.0915616987147894,0.22148400416274186
890,IN,Median Income,5780,Feat\&BG-LightGCN,0,0.19662995237997158,0.21965887012844776,0.048286529770040366,0.21562915406411207
891,IN,Median Income,5780,Feat\&BG-LightGCN,1,0.19662995237997158,0.21965887012844776,0.048286529770040366,0.21562915406411207
892,IN,Median Income,5780,Feat\&BG-LightGCN,2,0.19662995237997158,0.21965887012844776,0.048286529770040366,0.21562915406411207
893,IN,Median Income,5780,Feat\&BG-LightGCN,3,0.19662995237997158,0.21965887012844776,0.048286529770040366,0.21562915406411207
894,IN,Median Income,5780,Feat\&BG-LightGCN,4,0.19662995237997158,0.21965887012844776,0.048286529770040366,0.21562915406411207
895,IN,Median Income,5780,Feat\&BG-LightGCN,5,0.19662995237997158,0.21965887012844776,0.048286529770040366,0.21562915406411207
896,IN,Median Income,5780,Feat\&BG-LightGCN,6,0.19662995237997158,0.21965887012844776,0.048286529770040366,0.21562915406411207
897,IN,Median Income,5780,Feat\&BG-LightGCN,7,0.19662995237997158,0.21965887012844776,0.048286529770040366,0.21562915406411207
898,IN,Median Income,5780,Feat\&BG-LightGCN,8,0.19662995237997158,0.21965887012844776,0.048286529770040366,0.21562915406411207
899,IN,Median Income,5780,Feat\&BG-LightGCN,9,0.19662995237997158,0.21965887012844776,0.048286529770040366,0.21562915406411207
900,IN,Median Income,5780,Feat\&BG-RGNN,0,0.19585577330592796,0.2411377511068882,0.09424705332401719,0.22167714417771717
901,IN,Median Income,5780,Feat\&BG-RGNN,1,0.19585577330592796,0.2411377511068882,0.09424705332401719,0.22167714417771717
902,IN,Median Income,5780,Feat\&BG-RGNN,2,0.19585577330592796,0.2411377511068882,0.09424705332401719,0.22167714417771717
903,IN,Median Income,5780,Feat\&BG-RGNN,3,0.19585577330592796,0.2411377511068882,0.09424705332401719,0.22167714417771717
904,IN,Median Income,5780,Feat\&BG-RGNN,4,0.19585577330592796,0.2411377511068882,0.09424705332401719,0.22167714417771717
905,IN,Median Income,5780,Feat\&BG-RGNN,5,0.19585577330592796,0.2411377511068882,0.09424705332401719,0.22167714417771717
906,IN,Median Income,5780,Feat\&BG-RGNN,6,0.19585577330592796,0.2411377511068882,0.09424705332401719,0.22167714417771717
907,IN,Median Income,5780,Feat\&BG-RGNN,7,0.19585577330592796,0.2411377511068882,0.09424705332401719,0.22167714417771717
908,IN,Median Income,5780,Feat\&BG-RGNN,8,0.19585577330592796,0.2411377511068882,0.09424705332401719,0.22167714417771717
909,IN,Median Income,5780,Feat\&BG-RGNN,9,0.19585577330592796,0.2411377511068882,0.09424705332401719,0.22167714417771717
910,IN,Median Home Value,5420,Emb,0,0.21785756247975085,0.2662651744671456,0.09433400270658296,0.2520609432295511
911,IN,Median Home Value,5420,Emb,1,0.21785756247975085,0.2662651744671456,0.09433400270658296,0.2520609432295511
912,IN,Median Home Value,5420,Emb,2,0.21785756247975085,0.2662651744671456,0.09433400270658296,0.2520609432295511
913,IN,Median Home Value,5420,Emb,3,0.21785756247975085,0.2662651744671456,0.09433400270658296,0.2520609432295511
914,IN,Median Home Value,5420,Emb,4,0.21785756247975085,0.2662651744671456,0.09433400270658296,0.2520609432295511
915,IN,Median Home Value,5420,Emb,5,0.21785756247975085,0.2662651744671456,0.09433400270658296,0.2520609432295511
916,IN,Median Home Value,5420,Emb,6,0.21785756247975085,0.2662651744671456,0.09433400270658296,0.2520609432295511
917,IN,Median Home Value,5420,Emb,7,0.21785756247975085,0.2662651744671456,0.09433400270658296,0.2520609432295511
918,IN,Median Home Value,5420,Emb,8,0.21785756247975085,0.2662651744671456,0.09433400270658296,0.2520609432295511
919,IN,Median Home Value,5420,Emb,9,0.21785756247975085,0.2662651744671456,0.09433400270658296,0.2520609432295511
920,IN,Median Home Value,5420,LightGCN,0,0.20785326494136994,0.22328444593653957,0.08320912154152757,0.21837457443304975
921,IN,Median Home Value,5420,LightGCN,1,0.20785326494136994,0.22328444593653957,0.08320912154152757,0.21837457443304975
922,IN,Median Home Value,5420,LightGCN,2,0.20785326494136994,0.22328444593653957,0.08320912154152757,0.21837457443304975
923,IN,Median Home Value,5420,LightGCN,3,0.20785326494136994,0.22328444593653957,0.08320912154152757,0.21837457443304975
924,IN,Median Home Value,5420,LightGCN,4,0.20785326494136994,0.22328444593653957,0.08320912154152757,0.21837457443304975
925,IN,Median Home Value,5420,LightGCN,5,0.20785326494136994,0.22328444593653957,0.08320912154152757,0.21837457443304975
926,IN,Median Home Value,5420,LightGCN,6,0.20785326494136994,0.22328444593653957,0.08320912154152757,0.21837457443304975
927,IN,Median Home Value,5420,LightGCN,7,0.20785326494136994,0.22328444593653957,0.08320912154152757,0.21837457443304975
928,IN,Median Home Value,5420,LightGCN,8,0.20785326494136994,0.22328444593653957,0.08320912154152757,0.21837457443304975
929,IN,Median Home Value,5420,LightGCN,9,0.20785326494136994,0.22328444593653957,0.08320912154152757,0.21837457443304975
930,IN,Median Home Value,5420,RGNN,0,0.2126538148578118,0.2514514869223381,0.08371815027457237,0.22819830867541321
931,IN,Median Home Value,5420,RGNN,1,0.2126538148578118,0.2514514869223381,0.08371815027457237,0.22819830867541321
932,IN,Median Home Value,5420,RGNN,2,0.2126538148578118,0.2514514869223381,0.08371815027457237,0.22819830867541321
933,IN,Median Home Value,5420,RGNN,3,0.2126538148578118,0.2514514869223381,0.08371815027457237,0.22819830867541321
934,IN,Median Home Value,5420,RGNN,4,0.2126538148578118,0.2514514869223381,0.08371815027457237,0.22819830867541321
935,IN,Median Home Value,5420,RGNN,5,0.2126538148578118,0.2514514869223381,0.08371815027457237,0.22819830867541321
936,IN,Median Home Value,5420,RGNN,6,0.2126538148578118,0.2514514869223381,0.08371815027457237,0.22819830867541321
937,IN,Median Home Value,5420,RGNN,7,0.2126538148578118,0.2514514869223381,0.08371815027457237,0.22819830867541321
938,IN,Median Home Value,5420,RGNN,8,0.2126538148578118,0.2514514869223381,0.08371815027457237,0.22819830867541321
939,IN,Median Home Value,5420,RGNN,9,0.2126538148578118,0.2514514869223381,0.08371815027457237,0.22819830867541321
940,IN,Median Home Value,5420,Feat-LightGCN,0,0.2049620578592964,0.22019357611187965,0.07984705830328469,0.21227137134241092
941,IN,Median Home Value,5420,Feat-LightGCN,1,0.2049620578592964,0.22019357611187965,0.07984705830328469,0.21227137134241092
942,IN,Median Home Value,5420,Feat-LightGCN,2,0.2049620578592964,0.22019357611187965,0.07984705830328469,0.21227137134241092
943,IN,Median Home Value,5420,Feat-LightGCN,3,0.2049620578592964,0.22019357611187965,0.07984705830328469,0.21227137134241092
944,IN,Median Home Value,5420,Feat-LightGCN,4,0.2049620578592964,0.22019357611187965,0.07984705830328469,0.21227137134241092
945,IN,Median Home Value,5420,Feat-LightGCN,5,0.2049620578592964,0.22019357611187965,0.07984705830328469,0.21227137134241092
946,IN,Median Home Value,5420,Feat-LightGCN,6,0.2049620578592964,0.22019357611187965,0.07984705830328469,0.21227137134241092
947,IN,Median Home Value,5420,Feat-LightGCN,7,0.2049620578592964,0.22019357611187965,0.07984705830328469,0.21227137134241092
948,IN,Median Home Value,5420,Feat-LightGCN,8,0.2049620578592964,0.22019357611187965,0.07984705830328469,0.21227137134241092
949,IN,Median Home Value,5420,Feat-LightGCN,9,0.2049620578592964,0.22019357611187965,0.07984705830328469,0.21227137134241092
950,IN,Median Home Value,5420,Feat-RGNN,0,0.20969485565254015,0.24243478086531178,0.0820182166543035,0.22521505607805456
951,IN,Median Home Value,5420,Feat-RGNN,1,0.20969485565254015,0.24243478086531178,0.0820182166543035,0.22521505607805456
952,IN,Median Home Value,5420,Feat-RGNN,2,0.20969485565254015,0.24243478086531178,0.0820182166543035,0.22521505607805456
953,IN,Median Home Value,5420,Feat-RGNN,3,0.20969485565254015,0.24243478086531178,0.0820182166543035,0.22521505607805456
954,IN,Median Home Value,5420,Feat-RGNN,4,0.20969485565254015,0.24243478086531178,0.0820182166543035,0.22521505607805456
955,IN,Median Home Value,5420,Feat-RGNN,5,0.20969485565254015,0.24243478086531178,0.0820182166543035,0.22521505607805456
956,IN,Median Home Value,5420,Feat-RGNN,6,0.20969485565254015,0.24243478086531178,0.0820182166543035,0.22521505607805456
957,IN,Median Home Value,5420,Feat-RGNN,7,0.20969485565254015,0.24243478086531178,0.0820182166543035,0.22521505607805456
958,IN,Median Home Value,5420,Feat-RGNN,8,0.20969485565254015,0.24243478086531178,0.0820182166543035,0.22521505607805456
959,IN,Median Home Value,5420,Feat-RGNN,9,0.20969485565254015,0.24243478086531178,0.0820182166543035,0.22521505607805456
960,IN,Median Home Value,5420,Feat\&BG-LightGCN,0,0.20192722023814905,0.23877772057045846,0.041577778241100705,0.223153367693402
961,IN,Median Home Value,5420,Feat\&BG-LightGCN,1,0.20192722023814905,0.23877772057045846,0.041577778241100705,0.223153367693402
962,IN,Median Home Value,5420,Feat\&BG-LightGCN,2,0.20192722023814905,0.23877772057045846,0.041577778241100705,0.223153367693402
963,IN,Median Home Value,5420,Feat\&BG-LightGCN,3,0.20192722023814905,0.23877772057045846,0.041577778241100705,0.223153367693402
964,IN,Median Home Value,5420,Feat\&BG-LightGCN,4,0.20192722023814905,0.23877772057045846,0.041577778241100705,0.223153367693402
965,IN,Median Home Value,5420,Feat\&BG-LightGCN,5,0.20192722023814905,0.23877772057045846,0.041577778241100705,0.223153367693402
966,IN,Median Home Value,5420,Feat\&BG-LightGCN,6,0.20192722023814905,0.23877772057045846,0.041577778241100705,0.223153367693402
967,IN,Median Home Value,5420,Feat\&BG-LightGCN,7,0.20192722023814905,0.23877772057045846,0.041577778241100705,0.223153367693402
968,IN,Median Home Value,5420,Feat\&BG-LightGCN,8,0.20192722023814905,0.23877772057045846,0.041577778241100705,0.223153367693402
969,IN,Median Home Value,5420,Feat\&BG-LightGCN,9,0.20192722023814905,0.23877772057045846,0.041577778241100705,0.223153367693402
970,IN,Median Home Value,5420,Feat\&BG-RGNN,0,0.2131565555462984,0.2465661039222981,0.08447164527117668,0.2327051316100158
971,IN,Median Home Value,5420,Feat\&BG-RGNN,1,0.2131565555462984,0.2465661039222981,0.08447164527117668,0.2327051316100158
972,IN,Median Home Value,5420,Feat\&BG-RGNN,2,0.2131565555462984,0.2465661039222981,0.08447164527117668,0.2327051316100158
973,IN,Median Home Value,5420,Feat\&BG-RGNN,3,0.2131565555462984,0.2465661039222981,0.08447164527117668,0.2327051316100158
974,IN,Median Home Value,5420,Feat\&BG-RGNN,4,0.2131565555462984,0.2465661039222981,0.08447164527117668,0.2327051316100158
975,IN,Median Home Value,5420,Feat\&BG-RGNN,5,0.2131565555462984,0.2465661039222981,0.08447164527117668,0.2327051316100158
976,IN,Median Home Value,5420,Feat\&BG-RGNN,6,0.2131565555462984,0.2465661039222981,0.08447164527117668,0.2327051316100158
977,IN,Median Home Value,5420,Feat\&BG-RGNN,7,0.2131565555462984,0.2465661039222981,0.08447164527117668,0.2327051316100158
978,IN,Median Home Value,5420,Feat\&BG-RGNN,8,0.2131565555462984,0.2465661039222981,0.08447164527117668,0.2327051316100158
979,IN,Median Home Value,5420,Feat\&BG-RGNN,9,0.2131565555462984,0.2465661039222981,0.08447164527117668,0.2327051316100158
980,IN,Commute Time,1053,Emb,0,0.26568864530325914,0.28303904061717455,0.014000961916790164,0.26511676258229505
981,IN,Commute Time,1053,Emb,1,0.26568864530325914,0.28303904061717455,0.014000961916790164,0.26511676258229505
982,IN,Commute Time,1053,Emb,2,0.26568864530325914,0.28303904061717455,0.014000961916790164,0.26511676258229505
983,IN,Commute Time,1053,Emb,3,0.26568864530325914,0.28303904061717455,0.014000961916790164,0.26511676258229505
984,IN,Commute Time,1053,Emb,4,0.26568864530325914,0.28303904061717455,0.014000961916790164,0.26511676258229505
985,IN,Commute Time,1053,Emb,5,0.26568864530325914,0.28303904061717455,0.014000961916790164,0.26511676258229505
986,IN,Commute Time,1053,Emb,6,0.26568864530325914,0.28303904061717455,0.014000961916790164,0.26511676258229505
987,IN,Commute Time,1053,Emb,7,0.26568864530325914,0.28303904061717455,0.014000961916790164,0.26511676258229505
988,IN,Commute Time,1053,Emb,8,0.26568864530325914,0.28303904061717455,0.014000961916790164,0.26511676258229505
989,IN,Commute Time,1053,Emb,9,0.26568864530325914,0.28303904061717455,0.014000961916790164,0.26511676258229505
990,IN,Commute Time,1053,LightGCN,0,0.27913466397635645,0.2866324514341908,0.020534096205116335,0.24814084727426713
991,IN,Commute Time,1053,LightGCN,1,0.27913466397635645,0.2866324514341908,0.020534096205116335,0.24814084727426713
992,IN,Commute Time,1053,LightGCN,2,0.27913466397635645,0.2866324514341908,0.020534096205116335,0.24814084727426713
993,IN,Commute Time,1053,LightGCN,3,0.27913466397635645,0.2866324514341908,0.020534096205116335,0.24814084727426713
994,IN,Commute Time,1053,LightGCN,4,0.27913466397635645,0.2866324514341908,0.020534096205116335,0.24814084727426713
995,IN,Commute Time,1053,LightGCN,5,0.27913466397635645,0.2866324514341908,0.020534096205116335,0.24814084727426713
996,IN,Commute Time,1053,LightGCN,6,0.27913466397635645,0.2866324514341908,0.020534096205116335,0.24814084727426713
997,IN,Commute Time,1053,LightGCN,7,0.27913466397635645,0.2866324514341908,0.020534096205116335,0.24814084727426713
998,IN,Commute Time,1053,LightGCN,8,0.27913466397635645,0.2866324514341908,0.020534096205116335,0.24814084727426713
999,IN,Commute Time,1053,LightGCN,9,0.27913466397635645,0.2866324514341908,0.020534096205116335,0.24814084727426713
1000,IN,Commute Time,1053,RGNN,0,0.2899121055851646,0.2977238239109695,0.014987531193279132,0.2758852092414431
1001,IN,Commute Time,1053,RGNN,1,0.2899121055851646,0.2977238239109695,0.014987531193279132,0.2758852092414431
1002,IN,Commute Time,1053,RGNN,2,0.2899121055851646,0.2977238239109695,0.014987531193279132,0.2758852092414431
1003,IN,Commute Time,1053,RGNN,3,0.2899121055851646,0.2977238239109695,0.014987531193279132,0.2758852092414431
1004,IN,Commute Time,1053,RGNN,4,0.2899121055851646,0.2977238239109695,0.014987531193279132,0.2758852092414431
1005,IN,Commute Time,1053,RGNN,5,0.2899121055851646,0.2977238239109695,0.014987531193279132,0.2758852092414431
1006,IN,Commute Time,1053,RGNN,6,0.2899121055851646,0.2977238239109695,0.014987531193279132,0.2758852092414431
1007,IN,Commute Time,1053,RGNN,7,0.2899121055851646,0.2977238239109695,0.014987531193279132,0.2758852092414431
1008,IN,Commute Time,1053,RGNN,8,0.2899121055851646,0.2977238239109695,0.014987531193279132,0.2758852092414431
1009,IN,Commute Time,1053,RGNN,9,0.2899121055851646,0.2977238239109695,0.014987531193279132,0.2758852092414431
1010,IN,Commute Time,1053,Feat-LightGCN,0,0.298912562707909,0.2702775040228224,0.01714799257170499,0.29686668572277713
1011,IN,Commute Time,1053,Feat-LightGCN,1,0.298912562707909,0.2702775040228224,0.01714799257170499,0.29686668572277713
1012,IN,Commute Time,1053,Feat-LightGCN,2,0.298912562707909,0.2702775040228224,0.01714799257170499,0.29686668572277713
1013,IN,Commute Time,1053,Feat-LightGCN,3,0.298912562707909,0.2702775040228224,0.01714799257170499,0.29686668572277713
1014,IN,Commute Time,1053,Feat-LightGCN,4,0.298912562707909,0.2702775040228224,0.01714799257170499,0.29686668572277713
1015,IN,Commute Time,1053,Feat-LightGCN,5,0.298912562707909,0.2702775040228224,0.01714799257170499,0.29686668572277713
1016,IN,Commute Time,1053,Feat-LightGCN,6,0.298912562707909,0.2702775040228224,0.01714799257170499,0.29686668572277713
1017,IN,Commute Time,1053,Feat-LightGCN,7,0.298912562707909,0.2702775040228224,0.01714799257170499,0.29686668572277713
1018,IN,Commute Time,1053,Feat-LightGCN,8,0.298912562707909,0.2702775040228224,0.01714799257170499,0.29686668572277713
1019,IN,Commute Time,1053,Feat-LightGCN,9,0.298912562707909,0.2702775040228224,0.01714799257170499,0.29686668572277713
1020,IN,Commute Time,1053,Feat-RGNN,0,0.28661613605812014,0.2674405786769174,0.016035527363044408,0.26936410965699203
1021,IN,Commute Time,1053,Feat-RGNN,1,0.28661613605812014,0.2674405786769174,0.016035527363044408,0.26936410965699203
1022,IN,Commute Time,1053,Feat-RGNN,2,0.28661613605812014,0.2674405786769174,0.016035527363044408,0.26936410965699203
1023,IN,Commute Time,1053,Feat-RGNN,3,0.28661613605812014,0.2674405786769174,0.016035527363044408,0.26936410965699203
1024,IN,Commute Time,1053,Feat-RGNN,4,0.28661613605812014,0.2674405786769174,0.016035527363044408,0.26936410965699203
1025,IN,Commute Time,1053,Feat-RGNN,5,0.28661613605812014,0.2674405786769174,0.016035527363044408,0.26936410965699203
1026,IN,Commute Time,1053,Feat-RGNN,6,0.28661613605812014,0.2674405786769174,0.016035527363044408,0.26936410965699203
1027,IN,Commute Time,1053,Feat-RGNN,7,0.28661613605812014,0.2674405786769174,0.016035527363044408,0.26936410965699203
1028,IN,Commute Time,1053,Feat-RGNN,8,0.28661613605812014,0.2674405786769174,0.016035527363044408,0.26936410965699203
1029,IN,Commute Time,1053,Feat-RGNN,9,0.28661613605812014,0.2674405786769174,0.016035527363044408,0.26936410965699203
1030,IN,Commute Time,1053,Feat\&BG-LightGCN,0,0.26462456191121536,0.2741324411878805,0.007468540692646235,0.21298075982653
1031,IN,Commute Time,1053,Feat\&BG-LightGCN,1,0.26462456191121536,0.2741324411878805,0.007468540692646235,0.21298075982653
1032,IN,Commute Time,1053,Feat\&BG-LightGCN,2,0.26462456191121536,0.2741324411878805,0.007468540692646235,0.21298075982653
1033,IN,Commute Time,1053,Feat\&BG-LightGCN,3,0.26462456191121536,0.2741324411878805,0.007468540692646235,0.21298075982653
1034,IN,Commute Time,1053,Feat\&BG-LightGCN,4,0.26462456191121536,0.2741324411878805,0.007468540692646235,0.21298075982653
1035,IN,Commute Time,1053,Feat\&BG-LightGCN,5,0.26462456191121536,0.2741324411878805,0.007468540692646235,0.21298075982653
1036,IN,Commute Time,1053,Feat\&BG-LightGCN,6,0.26462456191121536,0.2741324411878805,0.007468540692646235,0.21298075982653
1037,IN,Commute Time,1053,Feat\&BG-LightGCN,7,0.26462456191121536,0.2741324411878805,0.007468540692646235,0.21298075982653
1038,IN,Commute Time,1053,Feat\&BG-LightGCN,8,0.26462456191121536,0.2741324411878805,0.007468540692646235,0.21298075982653
1039,IN,Commute Time,1053,Feat\&BG-LightGCN,9,0.26462456191121536,0.2741324411878805,0.007468540692646235,0.21298075982653
1040,IN,Commute Time,1053,Feat\&BG-RGNN,0,0.28644994154116427,0.2950112465411011,0.01430405934528276,0.25829663288454446
1041,IN,Commute Time,1053,Feat\&BG-RGNN,1,0.28644994154116427,0.2950112465411011,0.01430405934528276,0.25829663288454446
1042,IN,Commute Time,1053,Feat\&BG-RGNN,2,0.28644994154116427,0.2950112465411011,0.01430405934528276,0.25829663288454446
1043,IN,Commute Time,1053,Feat\&BG-RGNN,3,0.28644994154116427,0.2950112465411011,0.01430405934528276,0.25829663288454446
1044,IN,Commute Time,1053,Feat\&BG-RGNN,4,0.28644994154116427,0.2950112465411011,0.01430405934528276,0.25829663288454446
1045,IN,Commute Time,1053,Feat\&BG-RGNN,5,0.28644994154116427,0.2950112465411011,0.01430405934528276,0.25829663288454446
1046,IN,Commute Time,1053,Feat\&BG-RGNN,6,0.28644994154116427,0.2950112465411011,0.01430405934528276,0.25829663288454446
1047,IN,Commute Time,1053,Feat\&BG-RGNN,7,0.28644994154116427,0.2950112465411011,0.01430405934528276,0.25829663288454446
1048,IN,Commute Time,1053,Feat\&BG-RGNN,8,0.28644994154116427,0.2950112465411011,0.01430405934528276,0.25829663288454446
1049,IN,Commute Time,1053,Feat\&BG-RGNN,9,0.28644994154116427,0.2950112465411011,0.01430405934528276,0.25829663288454446
