,state,target_variable,num_datapoints,model_embeddings,trial,val_ROCAUC,train_ROCAUC_tract,test_ROCAUC_BG,train_to_test_ROCAUC_BG
0,MO,Median Income,9292,Emb,0,0.5660859398513648,1.0,0.7989788024137398,0.8127069472381248
1,MO,Median Income,9292,Emb,1,0.5381322867099672,1.0,0.8097091134148229,0.8127069472381248
2,MO,Median Income,9292,Emb,2,0.5345223623122967,1.0,0.8046495435556243,0.8127069472381248
3,MO,Median Income,9292,Emb,3,0.5344131476049699,0.9997602780774302,0.7866161225437103,0.8127069472381248
4,MO,Median Income,9292,Emb,4,0.5585497361957084,1.0,0.8013151787095778,0.8127069472381248
5,MO,Median Income,9292,Emb,5,0.5500920170839265,0.9994606256742179,0.7965263809376452,0.8127069472381248
6,MO,Median Income,9292,Emb,6,0.5589644876525623,1.0,0.8102738666254062,0.8127069472381248
7,MO,Median Income,9292,Emb,7,0.5479816806901694,1.0,0.7993888287173139,0.8127069472381248
8,MO,Median Income,9292,Emb,8,0.5381597692762083,1.0,0.7944762494197741,0.8127069472381248
9,MO,Median Income,9292,Emb,9,0.5412816094350024,0.9999400695193575,0.8003403991954201,0.8127069472381248
10,MO,Median Income,9292,LightGCN,0,0.650743175977589,0.9969435454872349,0.7956908556397958,0.8127069472381248
11,MO,Median Income,9292,LightGCN,1,0.6673879568846746,0.9980822246194414,0.802676775491258,0.8127069472381248
12,MO,Median Income,9292,LightGCN,2,0.6488184965209036,0.9985017379839386,0.7924493269379546,0.8127069472381248
13,MO,Median Income,9292,LightGCN,3,0.6520434904400206,0.9992209037516481,0.7980775181804116,0.8127069472381248
14,MO,Median Income,9292,LightGCN,4,0.6678693549469961,0.9982620160613688,0.7951415751199135,0.8127069472381248
15,MO,Median Income,9292,LightGCN,5,0.6497841360232415,0.9970034759678773,0.8068544019805044,0.8127069472381248
16,MO,Median Income,9292,LightGCN,6,0.6417830066086183,0.998561668464581,0.7998684821290424,0.8127069472381248
17,MO,Median Income,9292,LightGCN,7,0.6528320606445099,0.9955052139518159,0.7925885811542628,0.8127069472381248
18,MO,Median Income,9292,LightGCN,8,0.6266606437564428,0.9985017379839386,0.7910799938109238,0.8127069472381248
19,MO,Median Income,9292,LightGCN,9,0.6477716477438541,0.997243197890447,0.7938960235184899,0.8127069472381248
20,MO,Median Income,9292,RGNN,0,0.5978966499201259,0.9999400695193575,0.7905152406003404,0.8127069472381248
21,MO,Median Income,9292,RGNN,1,0.6371250274970187,0.9995804866355028,0.8049125792975399,0.8127069472381248
22,MO,Median Income,9292,RGNN,2,0.6116957845623054,0.9997602780774302,0.7900123781525609,0.8127069472381248
23,MO,Median Income,9292,RGNN,3,0.6299029764536748,1.0,0.7947392851616898,0.8127069472381248
24,MO,Median Income,9292,RGNN,4,0.6285163294740814,0.9994006951935754,0.8019805044097168,0.8127069472381248
25,MO,Median Income,9292,RGNN,5,0.6157493894463928,0.9996404171161453,0.7979189231007271,0.8127069472381248
26,MO,Median Income,9292,RGNN,6,0.5971997340801327,1.0,0.7972303883645366,0.8127069472381248
27,MO,Median Income,9292,RGNN,7,0.6311629705436983,0.9998202085580726,0.798661612254371,0.8127069472381248
28,MO,Median Income,9292,RGNN,8,0.6052874202253957,0.9994006951935754,0.7917762648924648,0.8127069472381248
29,MO,Median Income,9292,RGNN,9,0.6109011149867749,0.997482919813017,0.7956134921862913,0.8127069472381248
30,MO,Median Income,9292,Feat-LightGCN,0,0.6343076424420624,0.9952654920292461,0.804982206405694,0.8127069472381248
31,MO,Median Income,9292,Feat-LightGCN,1,0.6491160432079469,0.9974229893323745,0.7962788178864305,0.8127069472381248
32,MO,Median Income,9292,Feat-LightGCN,2,0.6530594051381797,0.9991609732710056,0.8082624168342875,0.8127069472381248
33,MO,Median Income,9292,Feat-LightGCN,3,0.6484702181004128,0.9979623636581566,0.7946851307442364,0.8127069472381248
34,MO,Median Income,9292,Feat-LightGCN,4,0.6463147269700821,0.9964041711614527,0.7953272474083243,0.8127069472381248
35,MO,Median Income,9292,Feat-LightGCN,5,0.6414806069655196,0.9970034759678773,0.8016168961782454,0.8127069472381248
36,MO,Median Income,9292,Feat-LightGCN,6,0.6581580416437924,1.0,0.8019650317190159,0.8127069472381248
37,MO,Median Income,9292,Feat-LightGCN,7,0.6536933830986307,0.9941867433776819,0.805577904997679,0.8127069472381248
38,MO,Median Income,9292,Feat-LightGCN,8,0.6405318693028481,0.9949658396260337,0.7959229460003094,0.8127069472381248
39,MO,Median Income,9292,Feat-LightGCN,9,0.6508104151901314,0.997902433177514,0.8059415132291506,0.8127069472381248
40,MO,Median Income,9292,Feat-RGNN,0,0.6026682564304401,1.0,0.7941977409871577,0.8127069472381248
41,MO,Median Income,9292,Feat-RGNN,1,0.6332789181804499,0.9982020855807263,0.8003945536128733,0.8127069472381248
42,MO,Median Income,9292,Feat-RGNN,2,0.6275653271276904,0.9998801390387151,0.796541853628346,0.8127069472381248
43,MO,Median Income,9292,Feat-RGNN,3,0.6229532106205016,0.9999400695193575,0.7944220950023209,0.8127069472381248
44,MO,Median Income,9292,Feat-RGNN,4,0.624532062812971,0.9999400695193575,0.8004487080303263,0.8127069472381248
45,MO,Median Income,9292,Feat-RGNN,5,0.6165642325543711,0.9997003475967877,0.7913662385888907,0.8127069472381248
46,MO,Median Income,9292,Feat-RGNN,6,0.6188566835530415,1.0,0.7886120996441282,0.8127069472381248
47,MO,Median Income,9292,Feat-RGNN,7,0.6201672169560124,0.9997602780774302,0.8022590128423334,0.8127069472381248
48,MO,Median Income,9292,Feat-RGNN,8,0.6296709406164217,1.0,0.7867785857960699,0.8127069472381248
49,MO,Median Income,9292,Feat-RGNN,9,0.6244933457478101,0.998561668464581,0.8088194336995203,0.8127069472381248
50,MO,Median Income,9292,Feat\&BG-LightGCN,0,0.9719480008334683,1.0,0.8241451338387745,0.8127069472381248
51,MO,Median Income,9292,Feat\&BG-LightGCN,1,0.9764324499554259,0.9994006951935754,0.8213755222033111,0.8127069472381248
52,MO,Median Income,9292,Feat\&BG-LightGCN,2,0.9739281951535781,0.9999400695193575,0.813577286090051,0.8127069472381248
53,MO,Median Income,9292,Feat\&BG-LightGCN,3,0.9678069807874395,1.0,0.8123007891072258,0.8127069472381248
54,MO,Median Income,9292,Feat\&BG-LightGCN,4,0.9691699714549633,0.9999400695193575,0.8162153798545567,0.8127069472381248
55,MO,Median Income,9292,Feat\&BG-LightGCN,5,0.9674826672222416,1.0,0.8176001856722883,0.8127069472381248
56,MO,Median Income,9292,Feat\&BG-LightGCN,6,0.9750619051259066,1.0,0.8173835680024757,0.8127069472381248
57,MO,Median Income,9292,Feat\&BG-LightGCN,7,0.9736301036828481,0.9985017379839386,0.813677858579607,0.8127069472381248
58,MO,Median Income,9292,Feat\&BG-LightGCN,8,0.970492372910803,0.9994606256742179,0.814544329258858,0.8127069472381248
59,MO,Median Income,9292,Feat\&BG-LightGCN,9,0.9774234865224178,0.9997003475967877,0.8204316880705556,0.8127069472381248
60,MO,Median Income,9292,Feat\&BG-RGNN,0,0.6291609751580116,0.9996404171161453,0.7985223580380627,0.8127069472381248
61,MO,Median Income,9292,Feat\&BG-RGNN,1,0.6454956988873838,1.0,0.8093687142194027,0.8127069472381248
62,MO,Median Income,9292,Feat\&BG-RGNN,2,0.643425607539393,0.9989811818290782,0.7987776574346279,0.8127069472381248
63,MO,Median Income,9292,Feat\&BG-RGNN,3,0.6208881902596786,1.0,0.802963020269225,0.8127069472381248
64,MO,Median Income,9292,Feat\&BG-RGNN,4,0.6380452321917633,0.9997602780774302,0.8029707566145754,0.8127069472381248
65,MO,Median Income,9292,Feat\&BG-RGNN,5,0.6386263411924025,1.0,0.8069472381247099,0.8127069472381248
66,MO,Median Income,9292,Feat\&BG-RGNN,6,0.6422937673293816,1.0,0.7976713600495126,0.8127069472381248
67,MO,Median Income,9292,Feat\&BG-RGNN,7,0.6559306218655503,0.9995804866355028,0.8007581618443448,0.8127069472381248
68,MO,Median Income,9292,Feat\&BG-RGNN,8,0.6576670488898154,0.9990411123097207,0.797864768683274,0.8127069472381248
69,MO,Median Income,9292,Feat\&BG-RGNN,9,0.6261181135554043,0.9983818770226537,0.807016865232864,0.8127069472381248
70,MO,Median Home Value,9292,Emb,0,0.5825165977853554,0.9998801390387151,0.8936474855624672,0.8912292982484051
71,MO,Median Home Value,9292,Emb,1,0.5704714501153592,1.0,0.8946179423135053,0.8912292982484051
72,MO,Median Home Value,9292,Emb,2,0.573344280240832,1.0,0.8868781519958,0.8912292982484051
73,MO,Median Home Value,9292,Emb,3,0.569754607154071,0.9995205561548604,0.8929156657174221,0.8912292982484051
74,MO,Median Home Value,9292,Emb,4,0.6029654413234766,1.0,0.8823042779642681,0.8912292982484051
75,MO,Median Home Value,9292,Emb,5,0.5735424173543148,1.0,0.893957713540258,0.8912292982484051
76,MO,Median Home Value,9292,Emb,6,0.5799328254679095,1.0,0.8887554289896112,0.8912292982484051
77,MO,Median Home Value,9292,Emb,7,0.579551113018949,1.0,0.8918656633310531,0.8912292982484051
78,MO,Median Home Value,9292,Emb,8,0.5770180059899687,0.9982620160613688,0.8869974704487964,0.8912292982484051
79,MO,Median Home Value,9292,Emb,9,0.5727087138972073,0.9997602780774302,0.8872599710453887,0.8912292982484051
80,MO,Median Home Value,9292,LightGCN,0,0.6835576494403142,0.9992808342322905,0.8981815867763336,0.8912292982484051
81,MO,Median Home Value,9292,LightGCN,1,0.6775959479312084,0.9996404171161453,0.9013475030625069,0.8912292982484051
82,MO,Median Home Value,9292,LightGCN,2,0.7030091832390682,0.9997003475967877,0.8972588574064941,0.8912292982484051
83,MO,Median Home Value,9292,LightGCN,3,0.6931345554669952,0.9989212513484358,0.8936395309989341,0.8912292982484051
84,MO,Median Home Value,9292,LightGCN,4,0.6895427906607026,0.9991010427903632,0.8919849817840495,0.8912292982484051
85,MO,Median Home Value,9292,LightGCN,5,0.7068255627264244,0.9998202085580726,0.8997565903558872,0.8912292982484051
86,MO,Median Home Value,9292,LightGCN,6,0.682513933847689,0.9998202085580726,0.8923190734524398,0.8912292982484051
87,MO,Median Home Value,9292,LightGCN,7,0.6899343840068684,0.998681529425866,0.8971952208982295,0.8912292982484051
88,MO,Median Home Value,9292,LightGCN,8,0.6988970278689906,0.9987414599065084,0.8992634074168351,0.8912292982484051
89,MO,Median Home Value,9292,LightGCN,9,0.7016833692481064,0.9992209037516482,0.8981974959033997,0.8912292982484051
90,MO,Median Home Value,9292,RGNN,0,0.6295952670707169,1.0,0.9128020745501695,0.8912292982484051
91,MO,Median Home Value,9292,RGNN,1,0.6379888758140316,0.9997602780774302,0.9052293300666593,0.8912292982484051
92,MO,Median Home Value,9292,RGNN,2,0.6333722556711062,1.0,0.8985156784447237,0.8912292982484051
93,MO,Median Home Value,9292,RGNN,3,0.6804518996208003,0.9999400695193575,0.903113416166855,0.8912292982484051
94,MO,Median Home Value,9292,RGNN,4,0.6359487798356734,1.0,0.8927724835738264,0.8912292982484051
95,MO,Median Home Value,9292,RGNN,5,0.6688703079737952,1.0,0.9119350271250616,0.8912292982484051
96,MO,Median Home Value,9292,RGNN,6,0.6565154428408012,1.0,0.9054361487185196,0.8912292982484051
97,MO,Median Home Value,9292,RGNN,7,0.6522836818544184,0.999340764712933,0.9016815947308972,0.8912292982484051
98,MO,Median Home Value,9292,RGNN,8,0.6531351110790362,0.9973630588517319,0.896288400655456,0.8912292982484051
99,MO,Median Home Value,9292,RGNN,9,0.6399083509689749,0.9998801390387151,0.9076713810713206,0.8912292982484051
100,MO,Median Home Value,9292,Feat-LightGCN,0,0.6673171231308666,0.9977825722162292,0.9041713731167571,0.8912292982484051
101,MO,Median Home Value,9292,Feat-LightGCN,1,0.6748179468251241,0.9958647968356706,0.8987145425330513,0.8912292982484051
102,MO,Median Home Value,9292,Feat-LightGCN,2,0.690189746396643,0.9995804866355029,0.9015384125873014,0.8912292982484051
103,MO,Median Home Value,9292,Feat-LightGCN,3,0.7022353452648358,0.9999400695193575,0.9052213755031262,0.8912292982484051
104,MO,Median Home Value,9292,Feat-LightGCN,4,0.6891531715119151,0.9980822246194414,0.887275880172455,0.8912292982484051
105,MO,Median Home Value,9292,Feat-LightGCN,5,0.7045317779937971,0.9998801390387151,0.9096759310816614,0.8912292982484051
106,MO,Median Home Value,9292,Feat-LightGCN,6,0.7015880935575729,0.9998801390387151,0.8987940881683821,0.8912292982484051
107,MO,Median Home Value,9292,Feat-LightGCN,7,0.688878395780953,0.9944863957808942,0.8981736322128004,0.8912292982484051
108,MO,Median Home Value,9292,Feat-LightGCN,8,0.7096489012376863,0.9989212513484358,0.9067725153920804,0.8912292982484051
109,MO,Median Home Value,9292,Feat-LightGCN,9,0.6968493534134317,0.9983219465420112,0.9013952304437055,0.8912292982484051
110,MO,Median Home Value,9292,Feat-RGNN,0,0.6499632499126433,0.9998801390387151,0.8951111252525573,0.8912292982484051
111,MO,Median Home Value,9292,Feat-RGNN,1,0.6380254204459908,0.9995804866355028,0.900392955438535,0.8912292982484051
112,MO,Median Home Value,9292,Feat-RGNN,2,0.6535534878063614,1.0,0.8897815676853811,0.8912292982484051
113,MO,Median Home Value,9292,Feat-RGNN,3,0.6631959036784774,1.0,0.9013872758801725,0.8912292982484051
114,MO,Median Home Value,9292,Feat-RGNN,4,0.6610084572045217,0.9999400695193575,0.8916986174968581,0.8912292982484051
115,MO,Median Home Value,9292,Feat-RGNN,5,0.6652194992410898,1.0,0.9064384237236902,0.8912292982484051
116,MO,Median Home Value,9292,Feat-RGNN,6,0.6635639009905809,1.0,0.8911974799942728,0.8912292982484051
117,MO,Median Home Value,9292,Feat-RGNN,7,0.656446924633593,0.9991609732710056,0.8931065752422164,0.8912292982484051
118,MO,Median Home Value,9292,Feat-RGNN,8,0.6647313535164002,0.9994006951935754,0.8916190718615269,0.8912292982484051
119,MO,Median Home Value,9292,Feat-RGNN,9,0.6585180752255634,0.9999400695193575,0.892915665717422,0.8912292982484051
120,MO,Median Home Value,9292,Feat\&BG-LightGCN,0,0.9689684672201269,1.0,0.909142975324944,0.8912292982484051
121,MO,Median Home Value,9292,Feat\&BG-LightGCN,1,0.9744017034671111,0.9991010427903632,0.9082759278998362,0.8912292982484051
122,MO,Median Home Value,9292,Feat\&BG-LightGCN,2,0.9758353098582984,1.0,0.9043145552603529,0.8912292982484051
123,MO,Median Home Value,9292,Feat\&BG-LightGCN,3,0.9659758954665121,0.9998202085580726,0.9068281973368121,0.8912292982484051
124,MO,Median Home Value,9292,Feat\&BG-LightGCN,4,0.9746970364856955,1.0,0.9071861526958017,0.8912292982484051
125,MO,Median Home Value,9292,Feat\&BG-LightGCN,5,0.9804644579091111,1.0,0.9138998043177372,0.8912292982484051
126,MO,Median Home Value,9292,Feat\&BG-LightGCN,6,0.9763027234891815,1.0,0.9047838745088057,0.8912292982484051
127,MO,Median Home Value,9292,Feat\&BG-LightGCN,7,0.9736935058563807,1.0,0.9088645656012855,0.8912292982484051
128,MO,Median Home Value,9292,Feat\&BG-LightGCN,8,0.9729645533383852,0.9999400695193575,0.9088645656012855,0.8912292982484051
129,MO,Median Home Value,9292,Feat\&BG-LightGCN,9,0.9776379260002848,1.0,0.9073213802758642,0.8912292982484051
130,MO,Median Home Value,9292,Feat\&BG-RGNN,0,0.6481980407986215,0.9998202085580726,0.9053088757019903,0.8912292982484051
131,MO,Median Home Value,9292,Feat\&BG-RGNN,1,0.6514519182277315,0.9968236845259498,0.9052372846301923,0.8912292982484051
132,MO,Median Home Value,9292,Feat\&BG-RGNN,2,0.6655598126862494,0.9998202085580726,0.9009975022670508,0.8912292982484051
133,MO,Median Home Value,9292,Feat\&BG-RGNN,3,0.6666666666666667,0.9997003475967877,0.9141304866601969,0.8912292982484051
134,MO,Median Home Value,9292,Feat\&BG-RGNN,4,0.6521815059171527,0.9997602780774302,0.8894077031993254,0.8912292982484051
135,MO,Median Home Value,9292,Feat\&BG-RGNN,5,0.7035353276957148,0.9999400695193575,0.9156020809138203,0.8912292982484051
136,MO,Median Home Value,9292,Feat\&BG-RGNN,6,0.6564825857327135,1.0,0.8929952113527532,0.8912292982484051
137,MO,Median Home Value,9292,Feat\&BG-RGNN,7,0.6660759183172871,0.9968836150065924,0.8953736258491497,0.8912292982484051
138,MO,Median Home Value,9292,Feat\&BG-RGNN,8,0.6709017428643597,0.9999400695193575,0.8982054504669329,0.8912292982484051
139,MO,Median Home Value,9292,Feat\&BG-RGNN,9,0.6576964192207178,0.997243197890447,0.8996054536487583,0.8912292982484051
140,MO,Commute Time,9292,Emb,0,0.5542585564020182,1.0,0.8274695534506089,0.857916102841678
141,MO,Commute Time,9292,Emb,1,0.5469063180827887,1.0,0.8328822733423544,0.857916102841678
142,MO,Commute Time,9292,Emb,2,0.5419747444744016,1.0,0.7848443843031123,0.857916102841678
143,MO,Commute Time,9292,Emb,3,0.5436519711424623,0.9999253508510003,0.8788903924221921,0.857916102841678
144,MO,Commute Time,9292,Emb,4,0.5458242695088393,1.0,0.8626522327469552,0.857916102841678
145,MO,Commute Time,9292,Emb,5,0.5521811551793995,0.9996267542550016,0.8572395128552097,0.857916102841678
146,MO,Commute Time,9292,Emb,6,0.565067080388851,1.0,0.8288227334235453,0.857916102841678
147,MO,Commute Time,9292,Emb,7,0.5561853448925289,1.0,0.9133964817320703,0.857916102841678
148,MO,Commute Time,9292,Emb,8,0.5495280021784514,0.9999253508510003,0.8464140730717186,0.857916102841678
149,MO,Commute Time,9292,Emb,9,0.5149053318107295,1.0,0.8294993234100135,0.857916102841678
150,MO,Commute Time,9292,LightGCN,0,0.6544566711265234,0.9999253508510003,0.8227334235453315,0.857916102841678
151,MO,Commute Time,9292,LightGCN,1,0.6548568316215375,1.0,0.8017591339648173,0.857916102841678
152,MO,Commute Time,9292,LightGCN,2,0.6631068256942223,0.9998507017020005,0.8558863328822733,0.857916102841678
153,MO,Commute Time,9292,LightGCN,3,0.6532239935978708,0.9992535085100029,0.861299052774019,0.857916102841678
154,MO,Commute Time,9292,LightGCN,4,0.6494067176971363,0.9976858763810093,0.8694181326116374,0.857916102841678
155,MO,Commute Time,9292,LightGCN,5,0.6638304896532061,0.9996267542550015,0.8964817320703654,0.857916102841678
156,MO,Commute Time,9292,LightGCN,6,0.6411161829943441,0.9998507017020005,0.8328822733423545,0.857916102841678
157,MO,Commute Time,9292,LightGCN,7,0.6326038022401216,0.9998507017020005,0.8349120433017592,0.857916102841678
158,MO,Commute Time,9292,LightGCN,8,0.6759356751686787,0.9994028068080024,0.8213802435723951,0.857916102841678
159,MO,Commute Time,9292,LightGCN,9,0.6507227872041338,0.9997760525530008,0.8335588633288227,0.857916102841678
160,MO,Commute Time,9292,RGNN,0,0.6299775186813387,0.9999253508510003,0.8132611637347766,0.857916102841678
161,MO,Commute Time,9292,RGNN,1,0.6240802987861811,1.0,0.7949932341001353,0.857916102841678
162,MO,Commute Time,9292,RGNN,2,0.6097000715928651,0.9995521051060018,0.8186738836265223,0.857916102841678
163,MO,Commute Time,9292,RGNN,3,0.6118574267396797,0.9979098238280084,0.8843031123139378,0.857916102841678
164,MO,Commute Time,9292,RGNN,4,0.5964906691908849,0.9980591221260078,0.8234100135317997,0.857916102841678
165,MO,Commute Time,9292,RGNN,5,0.6271245066702682,0.9998507017020005,0.9215155615696887,0.857916102841678
166,MO,Commute Time,9292,RGNN,6,0.6166956630914374,1.0,0.8741542625169147,0.857916102841678
167,MO,Commute Time,9292,RGNN,7,0.5983164435283872,1.0,0.8836265223274696,0.857916102841678
168,MO,Commute Time,9292,RGNN,8,0.6173474327554386,0.9997760525530008,0.851150202976996,0.857916102841678
169,MO,Commute Time,9292,RGNN,9,0.6050281891505489,0.9999253508510003,0.8227334235453315,0.857916102841678
170,MO,Commute Time,9292,Feat-LightGCN,0,0.6289004784485768,0.9999253508510003,0.8369418132611638,0.857916102841678
171,MO,Commute Time,9292,Feat-LightGCN,1,0.6141176470588235,1.0,0.8179972936400541,0.857916102841678
172,MO,Commute Time,9292,Feat-LightGCN,2,0.6477014120550199,0.9998507017020005,0.8531799729364006,0.857916102841678
173,MO,Commute Time,9292,Feat-LightGCN,3,0.637238901926933,0.9793968348760823,0.9438430311231394,0.857916102841678
174,MO,Commute Time,9292,Feat-LightGCN,4,0.6265598121399121,0.9973126306360107,0.8775372124492556,0.857916102841678
175,MO,Commute Time,9292,Feat-LightGCN,5,0.6111871426642056,0.9881307853090475,0.9364005412719891,0.857916102841678
176,MO,Commute Time,9292,Feat-LightGCN,6,0.6240441642453157,1.0,0.8734776725304465,0.857916102841678
177,MO,Commute Time,9292,Feat-LightGCN,7,0.6127616714428202,0.9967154374440131,0.8159675236806496,0.857916102841678
178,MO,Commute Time,9292,Feat-LightGCN,8,0.622976611902817,0.9989549119140042,0.9276048714479026,0.857916102841678
179,MO,Commute Time,9292,Feat-LightGCN,9,0.6103820296787845,0.9998507017020006,0.8267929634641408,0.857916102841678
180,MO,Commute Time,9292,Feat-RGNN,0,0.6148822688838527,1.0,0.8470906630581867,0.857916102841678
181,MO,Commute Time,9292,Feat-RGNN,1,0.6053750389044507,1.0,0.8294993234100135,0.857916102841678
182,MO,Commute Time,9292,Feat-RGNN,2,0.6204976465749668,1.0,0.8450608930987822,0.857916102841678
183,MO,Commute Time,9292,Feat-RGNN,3,0.5976939146802382,0.9988056136160047,0.8687415426251691,0.857916102841678
184,MO,Commute Time,9292,Feat-RGNN,4,0.6045760557269718,0.9998507017020006,0.8667117726657646,0.857916102841678
185,MO,Commute Time,9292,Feat-RGNN,5,0.6213328531340506,0.9952971036130189,0.8552097428958052,0.857916102841678
186,MO,Commute Time,9292,Feat-RGNN,6,0.5972336812904305,1.0,0.8734776725304465,0.857916102841678
187,MO,Commute Time,9292,Feat-RGNN,7,0.5946492013126136,1.0,0.8525033829499323,0.857916102841678
188,MO,Commute Time,9292,Feat-RGNN,8,0.6110722822304923,1.0,0.8288227334235454,0.857916102841678
189,MO,Commute Time,9292,Feat-RGNN,9,0.6076612746111816,1.0,0.86468200270636,0.857916102841678
190,MO,Commute Time,9292,Feat\&BG-LightGCN,0,0.969544032742023,1.0,0.8991880920162382,0.857916102841678
191,MO,Commute Time,9292,Feat\&BG-LightGCN,1,0.971545284780579,1.0,0.86468200270636,0.857916102841678
192,MO,Commute Time,9292,Feat\&BG-LightGCN,2,0.9751329037761429,1.0,0.8822733423545331,0.857916102841678
193,MO,Commute Time,9292,Feat\&BG-LightGCN,3,0.9733918996280411,0.9994028068080024,0.9276048714479025,0.857916102841678
194,MO,Commute Time,9292,Feat\&BG-LightGCN,4,0.9664555061027224,0.9999253508510003,0.9100135317997294,0.857916102841678
195,MO,Commute Time,9292,Feat\&BG-LightGCN,5,0.9673884662134786,0.9978351746790086,0.9316644113667119,0.857916102841678
196,MO,Commute Time,9292,Feat\&BG-LightGCN,6,0.9729944637753943,1.0,0.9262516914749661,0.857916102841678
197,MO,Commute Time,9292,Feat\&BG-LightGCN,7,0.978912603922774,1.0,0.9181326116373478,0.857916102841678
198,MO,Commute Time,9292,Feat\&BG-LightGCN,8,0.9710810565489698,1.0,0.8707713125845737,0.857916102841678
199,MO,Commute Time,9292,Feat\&BG-LightGCN,9,0.9734113817629234,1.0,0.8815967523680649,0.857916102841678
200,MO,Commute Time,9292,Feat\&BG-RGNN,0,0.6239066524679391,0.9998507017020006,0.9039242219215156,0.857916102841678
201,MO,Commute Time,9292,Feat\&BG-RGNN,1,0.6278446934329287,1.0,0.8626522327469553,0.857916102841678
202,MO,Commute Time,9292,Feat\&BG-RGNN,2,0.6236043199439444,0.9999253508510003,0.8416779431664412,0.857916102841678
203,MO,Commute Time,9292,Feat\&BG-RGNN,3,0.6086608579932201,0.9999253508510003,0.9025710419485792,0.857916102841678
204,MO,Commute Time,9292,Feat\&BG-RGNN,4,0.6256359846726556,0.9967154374440131,0.939106901217862,0.857916102841678
205,MO,Commute Time,9292,Feat\&BG-RGNN,5,0.6373024805294197,0.9997760525530008,0.9472259810554803,0.857916102841678
206,MO,Commute Time,9292,Feat\&BG-RGNN,6,0.640516076574476,1.0,0.8470906630581867,0.857916102841678
207,MO,Commute Time,9292,Feat\&BG-RGNN,7,0.6302413388899435,0.9996267542550016,0.8755074424898511,0.857916102841678
208,MO,Commute Time,9292,Feat\&BG-RGNN,8,0.6409291700704971,1.0,0.888362652232747,0.857916102841678
209,MO,Commute Time,9292,Feat\&BG-RGNN,9,0.6633277284729903,1.0,0.9106901217861976,0.857916102841678
210,PA,Median Income,29451,Emb,0,0.6320552422047379,0.9673053030798405,0.7933573284101231,0.8224834028744732
211,PA,Median Income,29451,Emb,1,0.6314206602208491,0.9701348804860215,0.7977558950744811,0.8224834028744732
212,PA,Median Income,29451,Emb,2,0.6447238482957096,0.9717161149188875,0.7926105672280115,0.8224834028744732
213,PA,Median Income,29451,Emb,3,0.625093260181746,0.9679413635471963,0.7894842013834985,0.8224834028744732
214,PA,Median Income,29451,Emb,4,0.6343203579579713,0.9652901208514888,0.7907866547885464,0.8224834028744732
215,PA,Median Income,29451,Emb,5,0.6311910995942714,0.9634473288432616,0.7914339008877542,0.8224834028744732
216,PA,Median Income,29451,Emb,6,0.6362791099114933,0.9689103154741028,0.7981842079913,0.8224834028744732
217,PA,Median Income,29451,Emb,7,0.6423463946969413,0.9681850876515102,0.7904100897148375,0.8224834028744732
218,PA,Median Income,29451,Emb,8,0.6425794409984132,0.9670199675430827,0.7876674540300025,0.8224834028744732
219,PA,Median Income,29451,Emb,9,0.6347951636908373,0.9670794124465739,0.7889635384697445,0.8224834028744732
220,PA,Median Income,29451,LightGCN,0,0.7463062496017053,0.9408225985745113,0.7812953042414921,0.8224834028744732
221,PA,Median Income,29451,LightGCN,1,0.751335300683264,0.937297515797483,0.7820548033542156,0.8224834028744732
222,PA,Median Income,29451,LightGCN,2,0.7585720516912511,0.938979806566284,0.7839344442401067,0.8224834028744732
223,PA,Median Income,29451,LightGCN,3,0.7442187935305697,0.937244015384341,0.7811520025221101,0.8224834028744732
224,PA,Median Income,29451,LightGCN,4,0.7468755664184598,0.9394315878328171,0.7839041916549041,0.8224834028744732
225,PA,Median Income,29451,LightGCN,5,0.751451454189516,0.9363404528512748,0.7855776372890182,0.8224834028744732
226,PA,Median Income,29451,LightGCN,6,0.754473681538399,0.9412803243313935,0.7834197522313273,0.8224834028744732
227,PA,Median Income,29451,LightGCN,7,0.7569189757629751,0.9389381951338401,0.7825440195017719,0.8224834028744732
228,PA,Median Income,29451,LightGCN,8,0.7628249816984994,0.9431677000172389,0.7843989806471028,0.8224834028744732
229,PA,Median Income,29451,LightGCN,9,0.7383898277465313,0.9399249805317941,0.7832899845632204,0.8224834028744732
230,PA,Median Income,29451,RGNN,0,0.7050159040804772,0.9535378634312788,0.7890933061378516,0.8224834028744732
231,PA,Median Income,29451,RGNN,1,0.7048093443120876,0.9558562146674355,0.7915373965739743,0.8224834028744732
232,PA,Median Income,29451,RGNN,2,0.7152683973242774,0.9567062767873596,0.7920015349206386,0.8224834028744732
233,PA,Median Income,29451,RGNN,3,0.7062843548314381,0.9522597980062179,0.7918932625104391,0.8224834028744732
234,PA,Median Income,29451,RGNN,4,0.6983390530038212,0.953603252825119,0.7883162923705368,0.8224834028744732
235,PA,Median Income,29451,RGNN,5,0.7088328189303975,0.9522776314772652,0.7918940586311024,0.8224834028744732
236,PA,Median Income,29451,RGNN,6,0.7100909898200697,0.9536270307865156,0.791031859952822,0.8224834028744732
237,PA,Median Income,29451,RGNN,7,0.7141993662599221,0.9541858128793328,0.7855306661698873,0.8224834028744732
238,PA,Median Income,29451,RGNN,8,0.7217448185827632,0.9535913638444208,0.7939695452001487,0.8224834028744732
239,PA,Median Income,29451,RGNN,9,0.6945131897344579,0.9534605850567401,0.7863936609688311,0.8224834028744732
240,PA,Median Income,29451,Feat-LightGCN,0,0.7397312699897758,0.9500306141252979,0.7918646021665627,0.8224834028744732
241,PA,Median Income,29451,Feat-LightGCN,1,0.745627297049529,0.951475125280134,0.7975624377533156,0.8224834028744732
242,PA,Median Income,29451,Feat-LightGCN,2,0.7502481516996746,0.9533833066822017,0.7994384960962224,0.8224834028744732
243,PA,Median Income,29451,Feat-LightGCN,3,0.7430015848739904,0.9496798891946998,0.7970951149239982,0.8224834028744732
244,PA,Median Income,29451,Feat-LightGCN,4,0.7401355913316243,0.9512789570986131,0.7959033222911396,0.8224834028744732
245,PA,Median Income,29451,Feat-LightGCN,5,0.7406984476965205,0.9481640441556743,0.7951095899898972,0.8224834028744732
246,PA,Median Income,29451,Feat-LightGCN,6,0.7426201158857869,0.9522181865737741,0.7944583632873732,0.8224834028744732
247,PA,Median Income,29451,Feat-LightGCN,7,0.7447848761408083,0.9483780458082426,0.791238055204599,0.8224834028744732
248,PA,Median Income,29451,Feat-LightGCN,8,0.7498586633962129,0.9531098601261422,0.7972511545739918,0.8224834028744732
249,PA,Median Income,29451,Feat-LightGCN,9,0.7263820923700934,0.9480867657811358,0.7966210250690435,0.8224834028744732
250,PA,Median Income,29451,Feat-RGNN,0,0.7125746715973625,0.9558740481384829,0.7867964980244265,0.8224834028744732
251,PA,Median Income,29451,Feat-RGNN,1,0.7154108539369617,0.9550953199027481,0.7854279666043305,0.8224834028744732
252,PA,Median Income,29451,Feat-RGNN,2,0.7149212388083641,0.954988319076464,0.7868984014693203,0.8224834028744732
253,PA,Median Income,29451,Feat-RGNN,3,0.7054789706526652,0.9550953199027481,0.7874716083468475,0.8224834028744732
254,PA,Median Income,29451,Feat-RGNN,4,0.709809026814481,0.9525391890526266,0.7862798157139889,0.8224834028744732
255,PA,Median Income,29451,Feat-RGNN,5,0.7108026001527628,0.9546851500686588,0.7872638208537438,0.8224834028744732
256,PA,Median Income,29451,Feat-RGNN,6,0.7154411533931254,0.9549050962115764,0.7890598690699958,0.8224834028744732
257,PA,Median Income,29451,Feat-RGNN,7,0.7141468894224707,0.952509466600881,0.7825022231669522,0.8224834028744732
258,PA,Median Income,29451,Feat-RGNN,8,0.7170235401460698,0.9549764300957657,0.7849280028278206,0.8224834028744732
259,PA,Median Income,29451,Feat-RGNN,9,0.7010193564701203,0.9529493588867158,0.7854598114308597,0.8224834028744732
260,PA,Median Income,29451,Feat\&BG-LightGCN,0,0.9173890616500161,0.9873441800467236,0.7980377217892654,0.8224834028744732
261,PA,Median Income,29451,Feat\&BG-LightGCN,1,0.9195702619040366,0.9886935793559739,0.799991401896837,0.8224834028744732
262,PA,Median Income,29451,Feat\&BG-LightGCN,2,0.921794423539159,0.9881704642052513,0.7999468191396962,0.8224834028744732
263,PA,Median Income,29451,Feat\&BG-LightGCN,3,0.920147436053051,0.9902450913370943,0.7976309041303536,0.8224834028744732
264,PA,Median Income,29451,Feat\&BG-LightGCN,4,0.9220435961884893,0.9872431237107887,0.7989094739155045,0.8224834028744732
265,PA,Median Income,29451,Feat\&BG-LightGCN,5,0.9209902712405016,0.9877484053904638,0.8007365708376225,0.8224834028744732
266,PA,Median Income,29451,Feat\&BG-LightGCN,6,0.9254506797697423,0.9896030863793892,0.801815314336302,0.8224834028744732
267,PA,Median Income,29451,Feat\&BG-LightGCN,7,0.9248349259966904,0.9881347972631567,0.799778837679754,0.8224834028744732
268,PA,Median Income,29451,Feat\&BG-LightGCN,8,0.9260339596307976,0.9885687450586425,0.8008870376429733,0.8224834028744732
269,PA,Median Income,29451,Feat\&BG-LightGCN,9,0.9221406139160498,0.9885330781165476,0.7980170226520213,0.8224834028744732
270,PA,Median Income,29451,Feat\&BG-RGNN,0,0.7176354963929508,0.9569440564013244,0.7768410091307079,0.8224834028744732
271,PA,Median Income,29451,Feat\&BG-RGNN,1,0.7109281164863185,0.9541204234854925,0.782350960240938,0.8224834028744732
272,PA,Median Income,29451,Feat\&BG-RGNN,2,0.7215152889372,0.9557016579183584,0.7819616572366174,0.8224834028744732
273,PA,Median Income,29451,Feat\&BG-RGNN,3,0.7191714264906311,0.9536983646707051,0.7822968240358381,0.8224834028744732
274,PA,Median Income,29451,Feat\&BG-RGNN,4,0.7132278823995057,0.9514394583380394,0.7818318895685106,0.8224834028744732
275,PA,Median Income,29451,Feat\&BG-RGNN,5,0.7175110746093157,0.9553093215553163,0.7842847373319288,0.8224834028744732
276,PA,Median Income,29451,Feat\&BG-RGNN,6,0.7220870011114107,0.9572412809187805,0.7811719055386911,0.8224834028744732
277,PA,Median Income,29451,Feat\&BG-RGNN,7,0.7198926124158928,0.956878667007484,0.7830117403914207,0.8224834028744732
278,PA,Median Income,29451,Feat\&BG-RGNN,8,0.7365408244854885,0.9574493380809996,0.7866937984588696,0.8224834028744732
279,PA,Median Income,29451,Feat\&BG-RGNN,9,0.7125586261143037,0.9533654732111543,0.7827370787626056,0.8224834028744732
280,PA,Median Home Value,29451,Emb,0,0.5679241546034428,0.9971663293249196,0.8436371809804042,0.8674149451357813
281,PA,Median Home Value,29451,Emb,1,0.590157319471262,0.9975830456006668,0.8519822636343203,0.8674149451357813
282,PA,Median Home Value,29451,Emb,2,0.5792930732828558,0.9954696987736635,0.8459159361654304,0.8674149451357813
283,PA,Median Home Value,29451,Emb,3,0.5775066448460369,0.9970115489939279,0.8349144853797585,0.8674149451357813
284,PA,Median Home Value,29451,Emb,4,0.5693727705050694,0.9957673532563401,0.8419420094403238,0.8674149451357813
285,PA,Median Home Value,29451,Emb,5,0.5666863926045242,0.993183712346708,0.8464145160301599,0.8674149451357813
286,PA,Median Home Value,29451,Emb,6,0.5795719242994197,0.9959102274080248,0.8466948650360653,0.8674149451357813
287,PA,Median Home Value,29451,Emb,7,0.5674119075073779,0.9969401119180855,0.8439428676515662,0.8674149451357813
288,PA,Median Home Value,29451,Emb,8,0.5746363985147105,0.9990534587450887,0.8427724309855126,0.8674149451357813
289,PA,Median Home Value,29451,Emb,9,0.5742460048074168,0.9982081200142874,0.8518073520096447,0.8674149451357813
290,PA,Median Home Value,29451,LightGCN,0,0.7279664462761775,0.9559233242052625,0.8358029383518257,0.8674149451357813
291,PA,Median Home Value,29451,LightGCN,1,0.7255236299770411,0.9575038695082747,0.83807883283271,0.8674149451357813
292,PA,Median Home Value,29451,LightGCN,2,0.7312446893985509,0.9591439457078224,0.8376971331657778,0.8674149451357813
293,PA,Median Home Value,29451,LightGCN,3,0.7200186868159291,0.9537563995713776,0.8355352581785489,0.8674149451357813
294,PA,Median Home Value,29451,LightGCN,4,0.7251532994139398,0.9575604238599834,0.8370734996628457,0.8674149451357813
295,PA,Median Home Value,29451,LightGCN,5,0.7142253775941358,0.9583045600666745,0.8339847565336439,0.8674149451357813
296,PA,Median Home Value,29451,LightGCN,6,0.7280456652961245,0.9583640909632101,0.8349872289993665,0.8674149451357813
297,PA,Median Home Value,29451,LightGCN,7,0.729458998676902,0.9590427431837123,0.8355785774126974,0.8674149451357813
298,PA,Median Home Value,29451,LightGCN,8,0.7306512792948803,0.9582986069770211,0.8372696622325753,0.8674149451357813
299,PA,Median Home Value,29451,LightGCN,9,0.7180709576208366,0.9580009524943446,0.8373195202190482,0.8674149451357813
300,PA,Median Home Value,29451,RGNN,0,0.6636506568024932,0.974151684724372,0.8454435113099982,0.8674149451357813
301,PA,Median Home Value,29451,RGNN,1,0.6590416227159264,0.974556494820812,0.8439109912339852,0.8674149451357813
302,PA,Median Home Value,29451,RGNN,2,0.6659885908608737,0.9764079057030599,0.8428533480455261,0.8674149451357813
303,PA,Median Home Value,29451,RGNN,3,0.6535741727311767,0.9759673770686986,0.8457606407977278,0.8674149451357813
304,PA,Median Home Value,29451,RGNN,4,0.6555206757253372,0.975622097868794,0.84441774453912,0.8674149451357813
305,PA,Median Home Value,29451,RGNN,5,0.6583873753997712,0.9750684605310155,0.8425476613743641,0.8674149451357813
306,PA,Median Home Value,29451,RGNN,6,0.6748522438981717,0.9792475294677938,0.8503859907231451,0.8674149451357813
307,PA,Median Home Value,29451,RGNN,7,0.6622316266631546,0.975062507441362,0.8389194711784057,0.8674149451357813
308,PA,Median Home Value,29451,RGNN,8,0.6687350941807263,0.9795689963090844,0.8430217209178772,0.8674149451357813
309,PA,Median Home Value,29451,RGNN,9,0.6585479579194946,0.9748898678414096,0.8455342364984981,0.8674149451357813
310,PA,Median Home Value,29451,Feat-LightGCN,0,0.7130034078000757,0.9709251101321587,0.8471627944992746,0.8674149451357813
311,PA,Median Home Value,29451,Feat-LightGCN,1,0.7145760348585917,0.9743005119657102,0.8479462187621324,0.8674149451357813
312,PA,Median Home Value,29451,Feat-LightGCN,2,0.7171043337776785,0.971806167400881,0.8478485461492878,0.8674149451357813
313,PA,Median Home Value,29451,Feat-LightGCN,3,0.7119711689125665,0.9713418264079057,0.8543370318151167,0.8674149451357813
314,PA,Median Home Value,29451,Feat-LightGCN,4,0.7054196436904319,0.9745148231932372,0.84776109033695,0.8674149451357813
315,PA,Median Home Value,29451,Feat-LightGCN,5,0.7160460583140743,0.9705976902012146,0.8530276466621713,0.8674149451357813
316,PA,Median Home Value,29451,Feat-LightGCN,6,0.7098446913364242,0.9686331706155494,0.8478129916835243,0.8674149451357813
317,PA,Median Home Value,29451,Feat-LightGCN,7,0.7095925647783214,0.972008572449101,0.8496843008643412,0.8674149451357813
318,PA,Median Home Value,29451,Feat-LightGCN,8,0.7160323349527998,0.9753363495654244,0.8539357158912116,0.8674149451357813
319,PA,Median Home Value,29451,Feat-LightGCN,9,0.6949967082380711,0.9705857840219074,0.8481889699421727,0.8674149451357813
320,PA,Median Home Value,29451,Feat-RGNN,0,0.673177292983427,0.9763900464340993,0.8432064406710394,0.8674149451357813
321,PA,Median Home Value,29451,Feat-RGNN,1,0.660040049380821,0.9765150613168234,0.8445951081959174,0.8674149451357813
322,PA,Median Home Value,29451,Feat-RGNN,2,0.6635104853075404,0.9773068222407428,0.8476397147469297,0.8674149451357813
323,PA,Median Home Value,29451,Feat-RGNN,3,0.6574466381141405,0.9761221573996904,0.8475645190952003,0.8674149451357813
324,PA,Median Home Value,29451,Feat-RGNN,4,0.6594569917961801,0.9782533634956542,0.8420261958764992,0.8674149451357813
325,PA,Median Home Value,29451,Feat-RGNN,5,0.6704855615472606,0.9763543278961782,0.8419853286744723,0.8674149451357813
326,PA,Median Home Value,29451,Feat-RGNN,6,0.6781901845857756,0.9797416359090367,0.8461186374874844,0.8674149451357813
327,PA,Median Home Value,29451,Feat-RGNN,7,0.6603095619392421,0.9800571496606738,0.8431574000286068,0.8674149451357813
328,PA,Median Home Value,29451,Feat-RGNN,8,0.6733809808310844,0.9812596737706869,0.8490104007029158,0.8674149451357813
329,PA,Median Home Value,29451,Feat-RGNN,9,0.6472506100126405,0.9759852363376591,0.8447209791781607,0.8674149451357813
330,PA,Median Home Value,29451,Feat\&BG-LightGCN,0,0.9242083127020652,0.9925050601262054,0.8430380677986882,0.8674149451357813
331,PA,Median Home Value,29451,Feat\&BG-LightGCN,1,0.9193354554482227,0.992308608167639,0.8414638631766076,0.8674149451357813
332,PA,Median Home Value,29451,Feat\&BG-LightGCN,2,0.9254848627281763,0.9934873199190379,0.8414695845848914,0.8674149451357813
333,PA,Median Home Value,29451,Feat\&BG-LightGCN,3,0.9181370056988984,0.9938385522085962,0.8443629824884038,0.8674149451357813
334,PA,Median Home Value,29451,Feat\&BG-LightGCN,4,0.9215807778000431,0.9914394570782237,0.8441145099000795,0.8674149451357813
335,PA,Median Home Value,29451,Feat\&BG-LightGCN,5,0.9201041156009991,0.9924395761400167,0.8452587915568364,0.8674149451357813
336,PA,Median Home Value,29451,Feat\&BG-LightGCN,6,0.9225255299915436,0.9906655554232647,0.8415840127505668,0.8674149451357813
337,PA,Median Home Value,29451,Feat\&BG-LightGCN,7,0.9223911783510736,0.9897844981545422,0.8458554527064304,0.8674149451357813
338,PA,Median Home Value,29451,Feat\&BG-LightGCN,8,0.9233753455803019,0.9915406596023336,0.84544596334212,0.8674149451357813
339,PA,Median Home Value,29451,Feat\&BG-LightGCN,9,0.9254087445783773,0.9927253244433861,0.8466654406506058,0.8674149451357813
340,PA,Median Home Value,29451,Feat\&BG-RGNN,0,0.6773938776104622,0.975264912489582,0.8460050266658494,0.8674149451357813
341,PA,Median Home Value,29451,Feat\&BG-RGNN,1,0.6740707869764169,0.9756280509584474,0.8453446126810927,0.8674149451357813
342,PA,Median Home Value,29451,Feat\&BG-RGNN,2,0.6756448666696087,0.9761340635789976,0.8435088579660395,0.8674149451357813
343,PA,Median Home Value,29451,Feat\&BG-RGNN,3,0.6756492217695602,0.975747112751518,0.8453217270479577,0.8674149451357813
344,PA,Median Home Value,29451,Feat\&BG-RGNN,4,0.6787234820000758,0.9783426598404571,0.8440229673675392,0.8674149451357813
345,PA,Median Home Value,29451,Feat\&BG-RGNN,5,0.6655622475897005,0.9717109179664246,0.8415554057091482,0.8674149451357813
346,PA,Median Home Value,29451,Feat\&BG-RGNN,6,0.6709004169947219,0.9759316585307776,0.8420270132205399,0.8674149451357813
347,PA,Median Home Value,29451,Feat\&BG-RGNN,7,0.6823516582157467,0.9764376711513276,0.8469801181062139,0.8674149451357813
348,PA,Median Home Value,29451,Feat\&BG-RGNN,8,0.6854753909179276,0.9762412191927611,0.8398561474488648,0.8674149451357813
349,PA,Median Home Value,29451,Feat\&BG-RGNN,9,0.67488120070802,0.9790213120609595,0.8506377326876317,0.8674149451357813
350,PA,Commute Time,29451,Emb,0,0.6155840595008647,0.9731289390756303,0.8535111884394181,0.8101348412353198
351,PA,Commute Time,29451,Emb,1,0.6070340083310134,0.9699120273109243,0.8813977091489054,0.8101348412353198
352,PA,Commute Time,29451,Emb,2,0.6154012155606312,0.9763786764705882,0.8538494997825141,0.8101348412353198
353,PA,Commute Time,29451,Emb,3,0.6116910275385339,0.9645483193277311,0.862307283359915,0.8101348412353198
354,PA,Commute Time,29451,Emb,4,0.6041244889201695,0.9732274159663865,0.8390604610700304,0.8101348412353198
355,PA,Commute Time,29451,Emb,5,0.6099817248055995,0.9605107668067226,0.8837175583587067,0.8101348412353198
356,PA,Commute Time,29451,Emb,6,0.6131177943320817,0.9726299894957984,0.8840558697018027,0.8101348412353198
357,PA,Commute Time,29451,Emb,7,0.6025805245919513,0.9717830882352941,0.8592624812720506,0.8101348412353198
358,PA,Commute Time,29451,Emb,8,0.6268990130143465,0.9713629201680671,0.825914648881156,0.8101348412353198
359,PA,Commute Time,29451,Emb,9,0.6101116959414279,0.9731420693277311,0.864723792953458,0.8101348412353198
360,PA,Commute Time,29451,LightGCN,0,0.6992635299423354,0.9281972163865546,0.7858005896283409,0.8101348412353198
361,PA,Commute Time,29451,LightGCN,1,0.6904987550312608,0.9222754726890756,0.8011695906432748,0.8101348412353198
362,PA,Commute Time,29451,LightGCN,2,0.6961098421953889,0.9240283613445379,0.768981682857281,0.8101348412353198
363,PA,Commute Time,29451,LightGCN,3,0.6829520551440851,0.9220588235294118,0.7693683243922479,0.8101348412353198
364,PA,Commute Time,29451,LightGCN,4,0.691147607175125,0.9181328781512604,0.705669131506452,0.8101348412353198
365,PA,Commute Time,29451,LightGCN,5,0.6924749427929466,0.9241202731092437,0.7825141365811222,0.8101348412353198
366,PA,Commute Time,29451,LightGCN,6,0.690344556799985,0.9203059348739495,0.8260113092648977,0.8101348412353198
367,PA,Commute Time,29451,LightGCN,7,0.6883273415614044,0.9262079831932774,0.8000096660383742,0.8101348412353198
368,PA,Commute Time,29451,LightGCN,8,0.6898340294989069,0.9247373949579831,0.7467981247885553,0.8101348412353198
369,PA,Commute Time,29451,LightGCN,9,0.675516135159114,0.9231289390756302,0.7810159006331255,0.8101348412353198
370,PA,Commute Time,29451,RGNN,0,0.6377931207593214,0.9571165966386554,0.7968682035667681,0.8101348412353198
371,PA,Commute Time,29451,RGNN,1,0.63792692540855,0.9606617647058824,0.808805760958871,0.8101348412353198
372,PA,Commute Time,29451,RGNN,2,0.6486746543395618,0.9655987394957983,0.8510463486540041,0.8101348412353198
373,PA,Commute Time,29451,RGNN,3,0.6422793099875191,0.957280724789916,0.860519066260693,0.8101348412353198
374,PA,Commute Time,29451,RGNN,4,0.6428700758572187,0.9606158088235294,0.8248513846599971,0.8101348412353198
375,PA,Commute Time,29451,RGNN,5,0.6367196802617546,0.9538405987394959,0.8183751389493017,0.8101348412353198
376,PA,Commute Time,29451,RGNN,6,0.6414592591080469,0.9562368697478992,0.7740563530037214,0.8101348412353198
377,PA,Commute Time,29451,RGNN,7,0.6261016368074077,0.958061974789916,0.8403170460586729,0.8101348412353198
378,PA,Commute Time,29451,RGNN,8,0.641561293542103,0.9560924369747898,0.7754579285679764,0.8101348412353198
379,PA,Commute Time,29451,RGNN,9,0.6372745201601678,0.9580225840336134,0.7926151466821323,0.8101348412353198
380,PA,Commute Time,29451,Feat-LightGCN,0,0.6796347437639338,0.9298975840336134,0.745203228456817,0.8101348412353198
381,PA,Commute Time,29451,Feat-LightGCN,1,0.6831363975782301,0.933186712184874,0.7463148228698467,0.8101348412353198
382,PA,Commute Time,29451,Feat-LightGCN,2,0.6836200086788637,0.9331604516806722,0.7455898699917839,0.8101348412353198
383,PA,Commute Time,29451,Feat-LightGCN,3,0.6678958583682469,0.9229188550420169,0.6907834324102267,0.8101348412353198
384,PA,Commute Time,29451,Feat-LightGCN,4,0.6791258016196772,0.9335871848739495,0.6839205451645644,0.8101348412353198
385,PA,Commute Time,29451,Feat-LightGCN,5,0.679435293904472,0.9307641806722688,0.7341839447102605,0.8101348412353198
386,PA,Commute Time,29451,Feat-LightGCN,6,0.6825690182087294,0.9274816176470588,0.7326373785703929,0.8101348412353198
387,PA,Commute Time,29451,Feat-LightGCN,7,0.676456700405113,0.9373293067226891,0.7547242762553767,0.8101348412353198
388,PA,Commute Time,29451,Feat-LightGCN,8,0.684049882760219,0.9267266281512605,0.6726596104586535,0.8101348412353198
389,PA,Commute Time,29451,Feat-LightGCN,9,0.6726290305375091,0.9284663865546219,0.7486346720796482,0.8101348412353198
390,PA,Commute Time,29451,Feat-RGNN,0,0.6546781107163111,0.9615546218487395,0.8769030013049153,0.8101348412353198
391,PA,Commute Time,29451,Feat-RGNN,1,0.6509163594356142,0.9572610294117647,0.8092890628775796,0.8101348412353198
392,PA,Commute Time,29451,Feat-RGNN,2,0.649268597843796,0.9629136029411764,0.8940118892272002,0.8101348412353198
393,PA,Commute Time,29451,Feat-RGNN,3,0.6435509031643101,0.9610556722689075,0.8314726209463051,0.8101348412353198
394,PA,Commute Time,29451,Feat-RGNN,4,0.654243356123866,0.9642988445378151,0.8567009811028949,0.8101348412353198
395,PA,Commute Time,29451,Feat-RGNN,5,0.6587752642914091,0.9559545693277312,0.8617273210574645,0.8101348412353198
396,PA,Commute Time,29451,Feat-RGNN,6,0.6583508550611803,0.9564666491596638,0.8729882557633755,0.8101348412353198
397,PA,Commute Time,29451,Feat-RGNN,7,0.6475486287596666,0.9654740021008403,0.9001498235947998,0.8101348412353198
398,PA,Commute Time,29451,Feat-RGNN,8,0.6526049833692814,0.9608390231092437,0.8215649316127784,0.8101348412353198
399,PA,Commute Time,29451,Feat-RGNN,9,0.6340393576637777,0.9594603466386555,0.8737615388333092,0.8101348412353198
400,PA,Commute Time,29451,Feat\&BG-LightGCN,0,0.9086330830348899,0.9866334033613446,0.7774394664346818,0.8101348412353198
401,PA,Commute Time,29451,Feat\&BG-LightGCN,1,0.9002772234465208,0.9867318802521009,0.7519694553187376,0.8101348412353198
402,PA,Commute Time,29451,Feat\&BG-LightGCN,2,0.9073452031088003,0.9849789915966387,0.7614905031172974,0.8101348412353198
403,PA,Commute Time,29451,Feat\&BG-LightGCN,3,0.9017800113517384,0.9843684348739496,0.7651635976994828,0.8101348412353198
404,PA,Commute Time,29451,Feat\&BG-LightGCN,4,0.9002340614353717,0.9833639705882353,0.7518727949349958,0.8101348412353198
405,PA,Commute Time,29451,Feat\&BG-LightGCN,5,0.8956234015676285,0.9843553046218487,0.7558842008602774,0.8101348412353198
406,PA,Commute Time,29451,Feat\&BG-LightGCN,6,0.9016202247208431,0.9849199054621849,0.7481030399690687,0.8101348412353198
407,PA,Commute Time,29451,Feat\&BG-LightGCN,7,0.8992267049552951,0.9872570903361345,0.7569474650814364,0.8101348412353198
408,PA,Commute Time,29451,Feat\&BG-LightGCN,8,0.9028933848784695,0.9870076155462184,0.7177033492822966,0.8101348412353198
409,PA,Commute Time,29451,Feat\&BG-LightGCN,9,0.9019384826732094,0.9863576680672269,0.733652312599681,0.8101348412353198
410,PA,Commute Time,29451,Feat\&BG-RGNN,0,0.6546977697070315,0.9512145483193278,0.8220965637233579,0.8101348412353198
411,PA,Commute Time,29451,Feat\&BG-RGNN,1,0.6489133517368421,0.9530396533613446,0.7895220144023971,0.8101348412353198
412,PA,Commute Time,29451,Feat\&BG-RGNN,2,0.6511537172301433,0.9572741596638656,0.8161519501232419,0.8101348412353198
413,PA,Commute Time,29451,Feat\&BG-RGNN,3,0.645030830641033,0.9572938550420168,0.8303610265332754,0.8101348412353198
414,PA,Commute Time,29451,Feat\&BG-RGNN,4,0.6594851010545827,0.9583771008403362,0.8263979507998647,0.8101348412353198
415,PA,Commute Time,29451,Feat\&BG-RGNN,5,0.6470221269634184,0.9473082983193277,0.8328258663186894,0.8101348412353198
416,PA,Commute Time,29451,Feat\&BG-RGNN,6,0.651625198936319,0.950702468487395,0.8022811850563046,0.8101348412353198
417,PA,Commute Time,29451,Feat\&BG-RGNN,7,0.6567679239427642,0.9539259453781512,0.8494997825141366,0.8101348412353198
418,PA,Commute Time,29451,Feat\&BG-RGNN,8,0.6608998544681616,0.9494288340336136,0.8005896283408246,0.8101348412353198
419,PA,Commute Time,29451,Feat\&BG-RGNN,9,0.6462446695303984,0.9538865546218488,0.8128654970760234,0.8101348412353198
420,TN,Median Income,9484,Emb,0,0.5628327084201269,1.0,0.8156631073482025,0.8153708851961837
421,TN,Median Income,9484,Emb,1,0.5736025241368219,1.0,0.8111771024199153,0.8153708851961837
422,TN,Median Income,9484,Emb,2,0.5697845877676626,0.99989491382934,0.8168951791242813,0.8153708851961837
423,TN,Median Income,9484,Emb,3,0.560851964686991,1.0,0.8169267707082832,0.8153708851961837
424,TN,Median Income,9484,Emb,4,0.5621137369903974,1.0,0.8221235862766159,0.8153708851961837
425,TN,Median Income,9484,Emb,5,0.5896117804551539,1.0,0.8035951222594301,0.8153708851961837
426,TN,Median Income,9484,Emb,6,0.5566717953359278,1.0,0.8138781828520881,0.8153708851961837
427,TN,Median Income,9484,Emb,7,0.6032668216244692,1.0,0.7998515195551905,0.8153708851961837
428,TN,Median Income,9484,Emb,8,0.5918228657416076,1.0,0.8061856321475959,0.8153708851961837
429,TN,Median Income,9484,Emb,9,0.5520247514568178,1.0,0.8084760219877425,0.8153708851961837
430,TN,Median Income,9484,LightGCN,0,0.6960046058417813,0.9993694829760403,0.8085550009477475,0.8153708851961837
431,TN,Median Income,9484,LightGCN,1,0.700634818518536,0.99989491382934,0.7985720604031086,0.8153708851961837
432,TN,Median Income,9484,LightGCN,2,0.682745413704511,1.0,0.8117931383079546,0.8153708851961837
433,TN,Median Income,9484,LightGCN,3,0.690006111688197,0.9987389659520807,0.8090288747077778,0.8153708851961837
434,TN,Median Income,9484,LightGCN,4,0.6918130067276177,0.99989491382934,0.8185853288683894,0.8153708851961837
435,TN,Median Income,9484,LightGCN,5,0.6917792910773528,0.996427070197562,0.8014153029632906,0.8153708851961837
436,TN,Median Income,9484,LightGCN,6,0.6801474086296242,0.9995796553173603,0.8179061098123461,0.8153708851961837
437,TN,Median Income,9484,LightGCN,7,0.6895791647990093,0.9990542244640606,0.7968503190749984,0.8153708851961837
438,TN,Median Income,9484,LightGCN,8,0.6887888012833404,0.9994745691467003,0.8032792064194098,0.8153708851961837
439,TN,Median Income,9484,LightGCN,9,0.6831221785350226,0.9995796553173603,0.7925854552347255,0.8153708851961837
440,TN,Median Income,9484,RGNN,0,0.6531280377725316,0.99989491382934,0.8258513931888546,0.8153708851961837
441,TN,Median Income,9484,RGNN,1,0.6549806290474411,0.99989491382934,0.8089498957477729,0.8153708851961837
442,TN,Median Income,9484,RGNN,2,0.6527890565267154,1.0,0.8105926581158779,0.8153708851961837
443,TN,Median Income,9484,RGNN,3,0.6514862091963478,0.9995796553173601,0.8030106779553927,0.8153708851961837
444,TN,Median Income,9484,RGNN,4,0.6650083376459088,1.0,0.8215233461805774,0.8153708851961837
445,TN,Median Income,9484,RGNN,5,0.6628217216692859,0.9992643968053805,0.803642509635433,0.8153708851961837
446,TN,Median Income,9484,RGNN,6,0.673350181359956,1.0,0.8098818474758324,0.8153708851961837
447,TN,Median Income,9484,RGNN,7,0.6597413159706659,1.0,0.80500094774752,0.8153708851961837
448,TN,Median Income,9484,RGNN,8,0.6609665272836963,0.9995796553173603,0.812219624691982,0.8153708851961837
449,TN,Median Income,9484,RGNN,9,0.6642742724000915,0.9973728457335015,0.7963606495229671,0.8153708851961837
450,TN,Median Income,9484,Feat-LightGCN,0,0.6845692727861872,0.9997898276586801,0.8162317558602389,0.8153708851961837
451,TN,Median Income,9484,Feat-LightGCN,1,0.6918711772524941,0.9983186212694409,0.8024420294433563,0.8153708851961837
452,TN,Median Income,9484,Feat-LightGCN,2,0.6763592673324689,0.9997898276586801,0.8108927781638972,0.8153708851961837
453,TN,Median Income,9484,Feat-LightGCN,3,0.6725407426514503,0.9996847414880201,0.8125039489480002,0.8153708851961837
454,TN,Median Income,9484,Feat-LightGCN,4,0.6835046863320108,1.0,0.816531875908258,0.8153708851961837
455,TN,Median Income,9484,Feat-LightGCN,5,0.681968453524242,0.9974779319041615,0.8033897769634171,0.8153708851961837
456,TN,Median Income,9484,Feat-LightGCN,6,0.6846489182220922,0.9982135350987811,0.8108769823718962,0.8153708851961837
457,TN,Median Income,9484,Feat-LightGCN,7,0.6786868712540954,0.9987389659520807,0.8077336197636951,0.8153708851961837
458,TN,Median Income,9484,Feat-LightGCN,8,0.6765517623971096,0.9974779319041613,0.8089183041637706,0.8153708851961837
459,TN,Median Income,9484,Feat-LightGCN,9,0.6809632449649924,0.9995796553173603,0.8058539205155747,0.8153708851961837
460,TN,Median Income,9484,Feat-RGNN,0,0.6503367587835023,1.0,0.8092974031717951,0.8153708851961837
461,TN,Median Income,9484,Feat-RGNN,1,0.6582268601081367,1.0,0.7947494787388638,0.8153708851961837
462,TN,Median Income,9484,Feat-RGNN,2,0.6560361489839628,1.0,0.8040689960194604,0.8153708851961837
463,TN,Median Income,9484,Feat-RGNN,3,0.6435630909804961,0.9993694829760403,0.8000252732672016,0.8153708851961837
464,TN,Median Income,9484,Feat-RGNN,4,0.652623770915991,1.0,0.8155051494281923,0.8153708851961837
465,TN,Median Income,9484,Feat-RGNN,5,0.6381723997439032,0.9986338797814207,0.7945283376508497,0.8153708851961837
466,TN,Median Income,9484,Feat-RGNN,6,0.6427116040203198,0.9997898276586801,0.8144152397801225,0.8153708851961837
467,TN,Median Income,9484,Feat-RGNN,7,0.6415703571577104,1.0,0.7952233524988943,0.8153708851961837
468,TN,Median Income,9484,Feat-RGNN,8,0.6567711692220211,0.9997898276586801,0.8107822076198901,0.8153708851961837
469,TN,Median Income,9484,Feat-RGNN,9,0.6683690805578092,0.99989491382934,0.8067542806596322,0.8153708851961837
470,TN,Median Income,9484,Feat\&BG-LightGCN,0,0.9905730685552931,0.99989491382934,0.828094395652998,0.8153708851961837
471,TN,Median Income,9484,Feat\&BG-LightGCN,1,0.9868707988211864,1.0,0.8232766790926896,0.8153708851961837
472,TN,Median Income,9484,Feat\&BG-LightGCN,2,0.9905935233861891,1.0,0.8369558349655652,0.8153708851961837
473,TN,Median Income,9484,Feat\&BG-LightGCN,3,0.9852378329766245,1.0,0.8274309723889557,0.8153708851961837
474,TN,Median Income,9484,Feat\&BG-LightGCN,4,0.9909056408487149,1.0,0.8340020218613762,0.8153708851961837
475,TN,Median Income,9484,Feat\&BG-LightGCN,5,0.9877073511437052,1.0,0.8205913944525178,0.8153708851961837
476,TN,Median Income,9484,Feat\&BG-LightGCN,6,0.9887517375977871,1.0,0.8233556580526947,0.8153708851961837
477,TN,Median Income,9484,Feat\&BG-LightGCN,7,0.9880697125270907,1.0,0.8278574587729828,0.8153708851961837
478,TN,Median Income,9484,Feat\&BG-LightGCN,8,0.9838149327009091,1.0,0.8344443040374043,0.8153708851961837
479,TN,Median Income,9484,Feat\&BG-LightGCN,9,0.9894214566560569,1.0,0.8254091110128263,0.8153708851961837
480,TN,Median Income,9484,Feat\&BG-RGNN,0,0.6826494005462204,0.9996847414880201,0.8047166234915019,0.8153708851961837
481,TN,Median Income,9484,Feat\&BG-RGNN,1,0.6674109149049902,0.9983186212694409,0.8040847918114614,0.8153708851961837
482,TN,Median Income,9484,Feat\&BG-RGNN,2,0.6678479672132703,1.0,0.8225026852846403,0.8153708851961837
483,TN,Median Income,9484,Feat\&BG-RGNN,3,0.6631681318451488,1.0,0.8163423264042459,0.8153708851961837
484,TN,Median Income,9484,Feat\&BG-RGNN,4,0.667173825541947,1.0,0.8116351803879447,0.8153708851961837
485,TN,Median Income,9484,Feat\&BG-RGNN,5,0.6694429893486993,0.9978982765868012,0.7998989069311936,0.8153708851961837
486,TN,Median Income,9484,Feat\&BG-RGNN,6,0.6703982957037532,0.9996847414880201,0.8006571049472421,0.8153708851961837
487,TN,Median Income,9484,Feat\&BG-RGNN,7,0.6545784947528455,1.0,0.7956340430909206,0.8153708851961837
488,TN,Median Income,9484,Feat\&BG-RGNN,8,0.6564117322090236,0.9992643968053804,0.8080495356037152,0.8153708851961837
489,TN,Median Income,9484,Feat\&BG-RGNN,9,0.6723956997001995,0.9993694829760403,0.8015732608833007,0.8153708851961837
490,TN,Median Home Value,9484,Emb,0,0.5906662590302783,0.9997877758913413,0.8974379350901173,0.898153151721288
491,TN,Median Home Value,9484,Emb,1,0.5953447806814,1.0,0.9085158460218061,0.898153151721288
492,TN,Median Home Value,9484,Emb,2,0.6033530866544029,1.0,0.893639340093455,0.898153151721288
493,TN,Median Home Value,9484,Emb,3,0.6022689711069554,1.0,0.9075145427381671,0.898153151721288
494,TN,Median Home Value,9484,Emb,4,0.6059385731581625,0.9997877758913413,0.9041768651260371,0.898153151721288
495,TN,Median Home Value,9484,Emb,5,0.5902701517965682,0.9989388794567062,0.9018245970946311,0.898153151721288
496,TN,Median Home Value,9484,Emb,6,0.611767030634252,1.0,0.8925267808894115,0.898153151721288
497,TN,Median Home Value,9484,Emb,7,0.6026265279321144,1.0,0.9103595155599352,0.898153151721288
498,TN,Median Home Value,9484,Emb,8,0.6242930614373443,1.0,0.8952287103849454,0.898153151721288
499,TN,Median Home Value,9484,Emb,9,0.5800015787633772,1.0,0.902523920022887,0.898153151721288
500,TN,Median Home Value,9484,LightGCN,0,0.7437903390175964,0.9961799660441426,0.8857878508534918,0.898153151721288
501,TN,Median Home Value,9484,LightGCN,1,0.7460695939628232,0.9963921901528014,0.8933373597380717,0.898153151721288
502,TN,Median Home Value,9484,LightGCN,2,0.7199327527259809,0.9964983022071308,0.8868845163546204,0.898153151721288
503,TN,Median Home Value,9484,LightGCN,3,0.7414619264746501,0.9959677419354839,0.8917638831494961,0.898153151721288
504,TN,Median Home Value,9484,LightGCN,4,0.7401865804314461,0.9961799660441426,0.8966114625385422,0.898153151721288
505,TN,Median Home Value,9484,LightGCN,5,0.7361444394734344,0.9950127334465195,0.8854858704981087,0.898153151721288
506,TN,Median Home Value,9484,LightGCN,6,0.7314845134991701,0.9962860780984719,0.9014272545217584,0.898153151721288
507,TN,Median Home Value,9484,LightGCN,7,0.740030979560225,0.9964983022071308,0.8947518992974983,0.898153151721288
508,TN,Median Home Value,9484,LightGCN,8,0.7425810787725119,0.9964983022071306,0.8882831622111319,0.898153151721288
509,TN,Median Home Value,9484,LightGCN,9,0.7429243208498256,0.9966044142614601,0.8877904574207698,0.898153151721288
510,TN,Median Home Value,9484,RGNN,0,0.6982177231243064,1.0,0.8987253250262247,0.898153151721288
511,TN,Median Home Value,9484,RGNN,1,0.7082309343587329,1.0,0.9101370037191265,0.898153151721288
512,TN,Median Home Value,9484,RGNN,2,0.7081203572341731,0.9995755517826825,0.9023014081820784,0.898153151721288
513,TN,Median Home Value,9484,RGNN,3,0.7016026787533565,1.0,0.9119012047426809,0.898153151721288
514,TN,Median Home Value,9484,RGNN,4,0.7047287596260741,1.0,0.9136654057662352,0.898153151721288
515,TN,Median Home Value,9484,RGNN,5,0.7015383016318469,0.9915110356536502,0.8967068247560316,0.898153151721288
516,TN,Median Home Value,9484,RGNN,6,0.7087261887286729,1.0,0.9061158968816555,0.898153151721288
517,TN,Median Home Value,9484,RGNN,7,0.7083162160038612,1.0,0.9151276264344066,0.898153151721288
518,TN,Median Home Value,9484,RGNN,8,0.719049802641635,1.0,0.90201532152961,0.898153151721288
519,TN,Median Home Value,9484,RGNN,9,0.7121790317669746,1.0,0.9062112590991449,0.898153151721288
520,TN,Median Home Value,9484,Feat-LightGCN,0,0.7515371288810381,0.9969227504244482,0.8980260020979688,0.898153151721288
521,TN,Median Home Value,9484,Feat-LightGCN,1,0.7407989520441312,0.9946943972835314,0.9020550557868973,0.898153151721288
522,TN,Median Home Value,9484,Feat-LightGCN,2,0.7200747367920878,0.9951188455008488,0.8908897294891763,0.898153151721288
523,TN,Median Home Value,9484,Feat-LightGCN,3,0.7246019905002966,0.9960738539898132,0.9008550812168218,0.898153151721288
524,TN,Median Home Value,9484,Feat-LightGCN,4,0.7207718412299771,0.9970288624787775,0.8999809275565022,0.898153151721288
525,TN,Median Home Value,9484,Feat-LightGCN,5,0.7243111761861507,0.9907682512733447,0.889109634762707,0.898153151721288
526,TN,Median Home Value,9484,Feat-LightGCN,6,0.7455211662018271,0.9960738539898132,0.903843097364824,0.898153151721288
527,TN,Median Home Value,9484,Feat-LightGCN,7,0.7336700676836045,0.9943760611205432,0.9030563590705364,0.898153151721288
528,TN,Median Home Value,9484,Feat-LightGCN,8,0.7413296064521351,0.9969227504244482,0.8944737594964874,0.898153151721288
529,TN,Median Home Value,9484,Feat-LightGCN,9,0.748716127067898,0.9931027164685908,0.9043993769668456,0.898153151721288
530,TN,Median Home Value,9484,Feat-RGNN,0,0.704675362909618,0.9996816638370118,0.8922406942369433,0.898153151721288
531,TN,Median Home Value,9484,Feat-RGNN,1,0.6992453528963954,0.9996816638370118,0.90370005403859,0.898153151721288
532,TN,Median Home Value,9484,Feat-RGNN,2,0.6856427522508151,0.9989388794567063,0.8922089068311135,0.898153151721288
533,TN,Median Home Value,9484,Feat-RGNN,3,0.6933911858328541,0.9977716468590832,0.8989160494612035,0.898153151721288
534,TN,Median Home Value,9484,Feat-RGNN,4,0.6871475315393167,1.0,0.8967386121618616,0.898153151721288
535,TN,Median Home Value,9484,Feat-RGNN,5,0.6967096433074389,0.9957555178268251,0.8932578912234972,0.898153151721288
536,TN,Median Home Value,9484,Feat-RGNN,6,0.6943090073508655,0.9998938879456707,0.8866778982167265,0.898153151721288
537,TN,Median Home Value,9484,Feat-RGNN,7,0.6923044976484718,1.0,0.9018087033917161,0.898153151721288
538,TN,Median Home Value,9484,Feat-RGNN,8,0.6845424342962982,0.9986205432937182,0.8959598207190311,0.898153151721288
539,TN,Median Home Value,9484,Feat-RGNN,9,0.7112678597607046,0.9975594227504244,0.8983915572650115,0.898153151721288
540,TN,Median Home Value,9484,Feat\&BG-LightGCN,0,0.9910308671331838,1.0,0.9074827553323372,0.898153151721288
541,TN,Median Home Value,9484,Feat\&BG-LightGCN,1,0.9857106279276581,1.0,0.9064019835341238,0.898153151721288
542,TN,Median Home Value,9484,Feat\&BG-LightGCN,2,0.9850062563496859,1.0,0.9022060459645889,0.898153151721288
543,TN,Median Home Value,9484,Feat\&BG-LightGCN,3,0.983921140688887,1.0,0.9051304873009314,0.898153151721288
544,TN,Median Home Value,9484,Feat\&BG-LightGCN,4,0.9880301373192368,1.0,0.9076575860644013,0.898153151721288
545,TN,Median Home Value,9484,Feat\&BG-LightGCN,5,0.9872550082925483,1.0,0.9039066721764837,0.898153151721288
546,TN,Median Home Value,9484,Feat\&BG-LightGCN,6,0.9894965052336808,1.0,0.9066403890778473,0.898153151721288
547,TN,Median Home Value,9484,Feat\&BG-LightGCN,7,0.9864172587578992,1.0,0.9105025588861694,0.898153151721288
548,TN,Median Home Value,9484,Feat\&BG-LightGCN,8,0.9836606155423084,1.0,0.9045106328872501,0.898153151721288
549,TN,Median Home Value,9484,Feat\&BG-LightGCN,9,0.9877442854404186,1.0,0.9042722273435265,0.898153151721288
550,TN,Median Home Value,9484,Feat\&BG-RGNN,0,0.7408949883370699,1.0,0.8896977017705584,0.898153151721288
551,TN,Median Home Value,9484,Feat\&BG-RGNN,1,0.7163054983391361,1.0,0.886757366731301,0.898153151721288
552,TN,Median Home Value,9484,Feat\&BG-RGNN,2,0.7108299336351767,1.0,0.884770653866938,0.898153151721288
553,TN,Median Home Value,9484,Feat\&BG-RGNN,3,0.7314386752939791,1.0,0.8938141708255188,0.898153151721288
554,TN,Median Home Value,9484,Feat\&BG-RGNN,4,0.7178868320258525,1.0,0.8979147461775645,0.898153151721288
555,TN,Median Home Value,9484,Feat\&BG-RGNN,5,0.7251155759818874,0.9980899830220713,0.8861057249117898,0.898153151721288
556,TN,Median Home Value,9484,Feat\&BG-RGNN,6,0.7233635573220718,1.0,0.8899202136113672,0.898153151721288
557,TN,Median Home Value,9484,Feat\&BG-RGNN,7,0.7101435610779989,1.0,0.8965796751327124,0.898153151721288
558,TN,Median Home Value,9484,Feat\&BG-RGNN,8,0.7184811048471933,0.9998938879456707,0.8937347023109444,0.898153151721288
559,TN,Median Home Value,9484,Feat\&BG-RGNN,9,0.7270814303596197,0.9996816638370118,0.8923678438602626,0.898153151721288
560,TN,Commute Time,9484,Emb,0,0.6113610035415219,1.0,0.8447043534762833,0.8391812865497076
561,TN,Commute Time,9484,Emb,1,0.6164684812810282,1.0,0.8421052631578947,0.8391812865497076
562,TN,Commute Time,9484,Emb,2,0.603817635270541,1.0,0.8648473034437947,0.8391812865497076
563,TN,Commute Time,9484,Emb,3,0.6274093747894955,1.0,0.9035087719298246,0.8391812865497076
564,TN,Commute Time,9484,Emb,4,0.6244343891402715,0.9997595864887606,0.8856400259909032,0.8391812865497076
565,TN,Commute Time,9484,Emb,5,0.5979182151064076,1.0,0.8804418453541261,0.8391812865497076
566,TN,Commute Time,9484,Emb,6,0.608916471326647,1.0,0.8284600389863548,0.8391812865497076
567,TN,Commute Time,9484,Emb,7,0.6047051027170312,1.0,0.8778427550357375,0.8391812865497076
568,TN,Commute Time,9484,Emb,8,0.6011257006834063,0.9927875946628202,0.8297595841455491,0.8391812865497076
569,TN,Commute Time,9484,Emb,9,0.6159599454037872,0.9998797932443804,0.8713450292397662,0.8391812865497076
570,TN,Commute Time,9484,LightGCN,0,0.7330106245655843,0.9975958648876067,0.8729694606887589,0.8391812865497076
571,TN,Commute Time,9484,LightGCN,1,0.7487720407168912,0.999278759466282,0.8739441195581547,0.8391812865497076
572,TN,Commute Time,9484,LightGCN,2,0.7390230460921844,0.9991585527106623,0.8875893437296946,0.8391812865497076
573,TN,Commute Time,9484,LightGCN,3,0.7196296082450417,0.9961533838201707,0.9109811565951916,0.8391812865497076
574,TN,Commute Time,9484,LightGCN,4,0.7398905319463234,0.9997595864887606,0.875893437296946,0.8391812865497076
575,TN,Commute Time,9484,LightGCN,5,0.7354435299652922,0.996754417598269,0.8745938921377518,0.8391812865497076
576,TN,Commute Time,9484,LightGCN,6,0.7222713240851042,0.9985575189325641,0.8823911630929175,0.8391812865497076
577,TN,Commute Time,9484,LightGCN,7,0.7228057770217186,1.0,0.8541260558804419,0.8391812865497076
578,TN,Commute Time,9484,LightGCN,8,0.7200522153113722,0.9965140040870297,0.8963612735542561,0.8391812865497076
579,TN,Commute Time,9484,LightGCN,9,0.7460249982897964,0.9957927635533117,0.8726445743989604,0.8391812865497076
580,TN,Commute Time,9484,RGNN,0,0.6771969019958295,0.9998797932443804,0.8745938921377518,0.8391812865497076
581,TN,Commute Time,9484,RGNN,1,0.6852539538313648,1.0,0.8931124106562703,0.8391812865497076
582,TN,Commute Time,9484,RGNN,2,0.6654592518370075,0.9997595864887606,0.8918128654970761,0.8391812865497076
583,TN,Commute Time,9484,RGNN,3,0.6669890393294649,0.9997595864887606,0.887264457439896,0.8391812865497076
584,TN,Commute Time,9484,RGNN,4,0.665945172676525,0.9997595864887606,0.8580246913580246,0.8391812865497076
585,TN,Commute Time,9484,RGNN,5,0.6860633604494963,0.997475658131987,0.9109811565951917,0.8391812865497076
586,TN,Commute Time,9484,RGNN,6,0.6806478884064097,1.0,0.8443794671864847,0.8391812865497076
587,TN,Commute Time,9484,RGNN,7,0.6476945884828487,1.0,0.8836907082521117,0.8391812865497076
588,TN,Commute Time,9484,RGNN,8,0.667419181448207,0.9944704892414954,0.8752436647173489,0.8391812865497076
589,TN,Commute Time,9484,RGNN,9,0.6746297002094592,0.9879793244380335,0.8817413905133203,0.8391812865497076
590,TN,Commute Time,9484,Feat-LightGCN,0,0.7249379406215868,0.9986777256881837,0.9148797920727745,0.8391812865497076
591,TN,Commute Time,9484,Feat-LightGCN,1,0.7438206981919699,1.0,0.8768680961663418,0.8391812865497076
592,TN,Commute Time,9484,Feat-LightGCN,2,0.7178523714094857,0.999278759466282,0.859324236517219,0.8391812865497076
593,TN,Commute Time,9484,Feat-LightGCN,3,0.7232679285711995,0.9966342108426494,0.9178037686809617,0.8391812865497076
594,TN,Commute Time,9484,Feat-LightGCN,4,0.721060938253176,1.0,0.8833658219623132,0.8391812865497076
595,TN,Commute Time,9484,Feat-LightGCN,5,0.6999763046102023,0.9938694554633971,0.9038336582196231,0.8391812865497076
596,TN,Commute Time,9484,Feat-LightGCN,6,0.732867719581396,0.998196898665705,0.8654970760233918,0.8391812865497076
597,TN,Commute Time,9484,Feat-LightGCN,7,0.7003340780061896,0.9983171054213247,0.9132553606237818,0.8391812865497076
598,TN,Commute Time,9484,Feat-LightGCN,8,0.6995469553866237,0.9956725567976921,0.8950617283950617,0.8391812865497076
599,TN,Commute Time,9484,Feat-LightGCN,9,0.7258902016737192,0.9959129703089313,0.8953866146848602,0.8391812865497076
600,TN,Commute Time,9484,Feat-RGNN,0,0.6751183265481746,0.9995191729775214,0.8609486679662117,0.8391812865497076
601,TN,Commute Time,9484,Feat-RGNN,1,0.7039416505352981,1.0,0.8515269655620532,0.8391812865497076
602,TN,Commute Time,9484,Feat-RGNN,2,0.6911189044756179,0.9980766919100853,0.8892137751786875,0.8391812865497076
603,TN,Commute Time,9484,Feat-RGNN,3,0.7068814534676713,0.9951917297752134,0.8976608187134503,0.8391812865497076
604,TN,Commute Time,9484,Feat-RGNN,4,0.6922703736530299,1.0,0.8583495776478233,0.8391812865497076
605,TN,Commute Time,9484,Feat-RGNN,5,0.6742037326205397,0.998557518932564,0.8856400259909032,0.8391812865497076
606,TN,Commute Time,9484,Feat-RGNN,6,0.70495331053299,1.0,0.8690708252111761,0.8391812865497076
607,TN,Commute Time,9484,Feat-RGNN,7,0.6808718137907948,1.0,0.8648473034437947,0.8391812865497076
608,TN,Commute Time,9484,Feat-RGNN,8,0.6842309759655992,0.9998797932443804,0.8654970760233918,0.8391812865497076
609,TN,Commute Time,9484,Feat-RGNN,9,0.7102898876477698,0.9915855271066234,0.8726445743989604,0.8391812865497076
610,TN,Commute Time,9484,Feat\&BG-LightGCN,0,0.9899596200311125,1.0,0.9372969460688758,0.8391812865497076
611,TN,Commute Time,9484,Feat\&BG-LightGCN,1,0.9890059784827295,1.0,0.9444444444444444,0.8391812865497076
612,TN,Commute Time,9484,Feat\&BG-LightGCN,2,0.9874599198396794,1.0,0.9298245614035088,0.8391812865497076
613,TN,Commute Time,9484,Feat\&BG-LightGCN,3,0.981287950960863,1.0,0.9502923976608187,0.8391812865497076
614,TN,Commute Time,9484,Feat\&BG-LightGCN,4,0.9843323848175274,1.0,0.9317738791423003,0.8391812865497076
615,TN,Commute Time,9484,Feat\&BG-LightGCN,5,0.9832205955554949,0.9997595864887606,0.9346978557504874,0.8391812865497076
616,TN,Commute Time,9484,Feat\&BG-LightGCN,6,0.9864478858445733,1.0,0.9480181936322287,0.8391812865497076
617,TN,Commute Time,9484,Feat\&BG-LightGCN,7,0.9851629057271492,1.0,0.9135802469135802,0.8391812865497076
618,TN,Commute Time,9484,Feat\&BG-LightGCN,8,0.9802288259233664,1.0,0.9269005847953217,0.8391812865497076
619,TN,Commute Time,9484,Feat\&BG-LightGCN,9,0.9872451389499677,0.999639379733141,0.9450942170240416,0.8391812865497076
620,TN,Commute Time,9484,Feat\&BG-RGNN,0,0.7226293317446133,1.0,0.8677712800519818,0.8391812865497076
621,TN,Commute Time,9484,Feat\&BG-RGNN,1,0.7183249055162697,1.0,0.8775178687459388,0.8391812865497076
622,TN,Commute Time,9484,Feat\&BG-RGNN,2,0.7238443553774215,0.9998797932443804,0.8908382066276803,0.8391812865497076
623,TN,Commute Time,9484,Feat\&BG-RGNN,3,0.7195181410805419,0.999639379733141,0.9015594541910331,0.8391812865497076
624,TN,Commute Time,9484,Feat\&BG-RGNN,4,0.7179238388456096,0.9973554513763674,0.8778427550357375,0.8391812865497076
625,TN,Commute Time,9484,Feat\&BG-RGNN,5,0.7194977259244612,0.9990383459550426,0.8804418453541261,0.8391812865497076
626,TN,Commute Time,9484,Feat\&BG-RGNN,6,0.7171972870153326,1.0,0.8901884340480832,0.8391812865497076
627,TN,Commute Time,9484,Feat\&BG-RGNN,7,0.7033315570494558,1.0,0.8771929824561404,0.8391812865497076
628,TN,Commute Time,9484,Feat\&BG-RGNN,8,0.7109375719880211,0.9980766919100853,0.8732943469785576,0.8391812865497076
629,TN,Commute Time,9484,Feat\&BG-RGNN,9,0.7195999100921554,0.9943502824858756,0.8771929824561404,0.8391812865497076
630,FL,Median Income,20393,Emb,0,0.5934483489612604,0.9966484739296312,0.8162382238347523,0.8280040817167948
631,FL,Median Income,20393,Emb,1,0.5727208417075683,0.9937738448495125,0.819596363561401,0.8280040817167948
632,FL,Median Income,20393,Emb,2,0.563575629552107,0.9921311996608732,0.8155806139066978,0.8280040817167948
633,FL,Median Income,20393,Emb,3,0.5834235214598187,0.9925816023738873,0.8240780061431899,0.8280040817167948
634,FL,Median Income,20393,Emb,4,0.569345423008261,0.991164158541755,0.8230740687295142,0.8280040817167948
635,FL,Median Income,20393,Emb,5,0.5808680831667372,0.9931909707503179,0.8196417159702323,0.8280040817167948
636,FL,Median Income,20393,Emb,6,0.5752903477274061,0.9924491309877067,0.8239666865942402,0.8280040817167948
637,FL,Median Income,20393,Emb,7,0.5718026154970717,0.9921047053836372,0.8222123729617183,0.8280040817167948
638,FL,Median Income,20393,Emb,8,0.5854841671629938,0.9984765790589233,0.8193531097322146,0.8280040817167948
639,FL,Median Income,20393,Emb,9,0.575939370014416,0.9957609156422214,0.8298253932259992,0.8280040817167948
640,FL,Median Income,20393,LightGCN,0,0.7061310034411019,0.9637160873251377,0.8156507039930734,0.8280040817167948
641,FL,Median Income,20393,LightGCN,1,0.6938660344957933,0.9555161085205596,0.7957152281020017,0.8280040817167948
642,FL,Median Income,20393,LightGCN,2,0.6902698550098452,0.9632921788893598,0.808006761631862,0.8280040817167948
643,FL,Median Income,20393,LightGCN,3,0.7012374603816445,0.9565361381941501,0.8066379434744069,0.8280040817167948
644,FL,Median Income,20393,LightGCN,4,0.6941226401496647,0.955622085629504,0.8009791997361315,0.8280040817167948
645,FL,Median Income,20393,LightGCN,5,0.6983060462604448,0.9633584145824502,0.8032004370323034,0.8280040817167948
646,FL,Median Income,20393,LightGCN,6,0.7037259464357781,0.9585232089868588,0.802165577521697,0.8280040817167948
647,FL,Median Income,20393,LightGCN,7,0.7003467156344854,0.9571190122933446,0.8093199200148427,0.8280040817167948
648,FL,Median Income,20393,LightGCN,8,0.7068170538018661,0.9553372721492157,0.8002669607701663,0.8280040817167948
649,FL,Median Income,20393,LightGCN,9,0.7120567303031059,0.9577681220856296,0.8068729514110785,0.8280040817167948
650,FL,Median Income,20393,RGNN,0,0.6412113862020685,0.9851632047477745,0.8198313714980725,0.8280040817167948
651,FL,Median Income,20393,RGNN,1,0.64895959846873,0.990488554472234,0.8193180646890267,0.8280040817167948
652,FL,Median Income,20393,RGNN,2,0.621867070194337,0.9894817719372615,0.8194128924529468,0.8280040817167948
653,FL,Median Income,20393,RGNN,3,0.6408101767885495,0.9825005298855447,0.8169803541610834,0.8280040817167948
654,FL,Median Income,20393,RGNN,4,0.6317634858956251,0.9861699872827469,0.8056587437382754,0.8280040817167948
655,FL,Median Income,20393,RGNN,5,0.65473665435466,0.9927803094531582,0.8188212496650105,0.8280040817167948
656,FL,Median Income,20393,RGNN,6,0.6425412823738517,0.986183234421365,0.812127646416129,0.8280040817167948
657,FL,Median Income,20393,RGNN,7,0.6301089938415373,0.9906342729970327,0.8153620977550557,0.8280040817167948
658,FL,Median Income,20393,RGNN,8,0.6501930712725827,0.9862097286986011,0.8205137191036713,0.8280040817167948
659,FL,Median Income,20393,RGNN,9,0.6511215011331679,0.99276706231454,0.8164010802119194,0.8280040817167948
660,FL,Median Income,20393,Feat-LightGCN,0,0.6948063024422949,0.9771486858838492,0.8101455400028861,0.8280040817167948
661,FL,Median Income,20393,Feat-LightGCN,1,0.6880555345551944,0.9722339974565494,0.8111690614112844,0.8280040817167948
662,FL,Median Income,20393,Feat-LightGCN,2,0.6774296566142335,0.9753338278931751,0.8198313714980724,0.8280040817167948
663,FL,Median Income,20393,Feat-LightGCN,3,0.6853160350524578,0.9679684188215345,0.8104310540312106,0.8280040817167948
664,FL,Median Income,20393,Feat-LightGCN,4,0.682148322838004,0.9705383637134378,0.8164897235564534,0.8280040817167948
665,FL,Median Income,20393,Feat-LightGCN,5,0.6895927624228642,0.9802617634590928,0.8197715887773402,0.8280040817167948
666,FL,Median Income,20393,Feat-LightGCN,6,0.6828375161441171,0.9757974777448071,0.8138778371023934,0.8280040817167948
667,FL,Median Income,20393,Feat-LightGCN,7,0.677903173142276,0.9752808393387029,0.8137479642952855,0.8280040817167948
668,FL,Median Income,20393,Feat-LightGCN,8,0.6891324200913241,0.9715318991097923,0.8145704920736359,0.8280040817167948
669,FL,Median Income,20393,Feat-LightGCN,9,0.6956821729429933,0.9733335099618483,0.8190273969778803,0.8280040817167948
670,FL,Median Income,20393,Feat-RGNN,0,0.6382812731091194,0.9846200720644341,0.8280174812921313,0.8280040817167948
671,FL,Median Income,20393,Feat-RGNN,1,0.6455919041807519,0.9912701356506994,0.8160094003174667,0.8280040817167948
672,FL,Median Income,20393,Feat-RGNN,2,0.6347223464982423,0.9876669139465876,0.8179492465315714,0.8280040817167948
673,FL,Median Income,20393,Feat-RGNN,3,0.640468750309712,0.9863157058075456,0.8156754416706178,0.8280040817167948
674,FL,Median Income,20393,Feat-RGNN,4,0.625409347361213,0.9836530309453159,0.8171102269681915,0.8280040817167948
675,FL,Median Income,20393,Feat-RGNN,5,0.6464388078410389,0.9912833827893175,0.8247211857593435,0.8280040817167948
676,FL,Median Income,20393,Feat-RGNN,6,0.6419337067484258,0.9876801610852056,0.8236718959368365,0.8280040817167948
677,FL,Median Income,20393,Feat-RGNN,7,0.6399427557912534,0.9883955065705807,0.8256220495165846,0.8280040817167948
678,FL,Median Income,20393,Feat-RGNN,8,0.6329911157434981,0.9890843577787197,0.8227236182976355,0.8280040817167948
679,FL,Median Income,20393,Feat-RGNN,9,0.6509010066679092,0.9913231242051717,0.8208559236430353,0.8280040817167948
680,FL,Median Income,20393,Feat\&BG-LightGCN,0,0.9394080121473856,0.9933101949978804,0.8128553464305593,0.8280040817167948
681,FL,Median Income,20393,Feat\&BG-LightGCN,1,0.9317492079045578,0.9897732089868587,0.8093013667566844,0.8280040817167948
682,FL,Median Income,20393,Feat\&BG-LightGCN,2,0.9401080764692186,0.9952310300974989,0.8093240429611002,0.8280040817167948
683,FL,Median Income,20393,Feat\&BG-LightGCN,3,0.9427677051185233,0.989349300551081,0.8137314725102559,0.8280040817167948
684,FL,Median Income,20393,Feat\&BG-LightGCN,4,0.9359627490826732,0.9887664264518865,0.8117627656723494,0.8280040817167948
685,FL,Median Income,20393,Feat\&BG-LightGCN,5,0.9388281546110572,0.9924888724035608,0.809214784885279,0.8280040817167948
686,FL,Median Income,20393,Feat\&BG-LightGCN,6,0.9385301498932924,0.9940652818991098,0.8107299676348719,0.8280040817167948
687,FL,Median Income,20393,Feat\&BG-LightGCN,7,0.9356384904417067,0.987772891055532,0.8127935022366983,0.8280040817167948
688,FL,Median Income,20393,Feat\&BG-LightGCN,8,0.9391110780226325,0.9923696481559983,0.811404069347956,0.8280040817167948
689,FL,Median Income,20393,Feat\&BG-LightGCN,9,0.9463265353043068,0.9935486434930056,0.8207198664165414,0.8280040817167948
690,FL,Median Income,20393,Feat\&BG-RGNN,0,0.675821575413376,0.9871370284018652,0.8110433115504339,0.8280040817167948
691,FL,Median Income,20393,Feat\&BG-RGNN,1,0.6360693313015893,0.988223293768546,0.8136902430476818,0.8280040817167948
692,FL,Median Income,20393,Feat\&BG-RGNN,2,0.6385521352048396,0.9874549597286986,0.8024675833350512,0.8280040817167948
693,FL,Median Income,20393,Feat\&BG-RGNN,3,0.6513445959472826,0.9857725731242052,0.8075759137479642,0.8280040817167948
694,FL,Median Income,20393,Feat\&BG-RGNN,4,0.6445049682483697,0.9858917973717677,0.8130058339689542,0.8280040817167948
695,FL,Median Income,20393,Feat\&BG-RGNN,5,0.6587599802809714,0.9866468842729971,0.8127357809890949,0.8280040817167948
696,FL,Median Income,20393,Feat\&BG-RGNN,6,0.643840942318751,0.9842623993217465,0.8027932960893854,0.8280040817167948
697,FL,Median Income,20393,Feat\&BG-RGNN,7,0.6408283492498472,0.9877993853327681,0.8082335236760188,0.8280040817167948
698,FL,Median Income,20393,Feat\&BG-RGNN,8,0.651711584276355,0.9865011657481983,0.8148652827310396,0.8280040817167948
699,FL,Median Income,20393,Feat\&BG-RGNN,9,0.6551892143352954,0.9852294404408647,0.8152796388299078,0.8280040817167948
700,FL,Median Home Value,20393,Emb,0,0.5926774944502289,0.9946766036731435,0.8505876858410525,0.867729717771505
701,FL,Median Home Value,20393,Emb,1,0.5924220778110721,0.9977774820335373,0.859455207646266,0.867729717771505
702,FL,Median Home Value,20393,Emb,2,0.5817299484559028,0.9954618046313548,0.8543546926786102,0.867729717771505
703,FL,Median Home Value,20393,Emb,3,0.5942841091271482,0.9960074527548576,0.856564915831261,0.867729717771505
704,FL,Median Home Value,20393,Emb,4,0.5770288106358422,0.9953287197231834,0.850059198748018,0.867729717771505
705,FL,Median Home Value,20393,Emb,5,0.579012263952023,0.9987889273356402,0.8468555017964463,0.867729717771505
706,FL,Median Home Value,20393,Emb,6,0.5891291028873684,0.9996007452754857,0.8564624958519909,0.867729717771505
707,FL,Median Home Value,20393,Emb,7,0.5796567434865306,0.996140537663029,0.8484798826676717,0.867729717771505
708,FL,Median Home Value,20393,Emb,8,0.5961071600922665,0.9991881820601544,0.8575993576218901,0.867729717771505
709,FL,Median Home Value,20393,Emb,9,0.5759995610540335,0.9979105669417089,0.8601147923127659,0.867729717771505
710,FL,Median Home Value,20393,LightGCN,0,0.6906717187592089,0.9594623369709875,0.8250769174044319,0.867729717771505
711,FL,Median Home Value,20393,LightGCN,1,0.6958615704346255,0.9538461538461539,0.8331025469800445,0.867729717771505
712,FL,Median Home Value,20393,LightGCN,2,0.6831164342853118,0.9534335906308224,0.8269102350333682,0.867729717771505
713,FL,Median Home Value,20393,LightGCN,3,0.6897246956107284,0.9580383284535534,0.8217441712789797,0.867729717771505
714,FL,Median Home Value,20393,LightGCN,4,0.6900772898920079,0.9642800106467927,0.8295168235057949,0.867729717771505
715,FL,Median Home Value,20393,LightGCN,5,0.6839464083439987,0.9652249134948098,0.8248515934500374,0.867729717771505
716,FL,Median Home Value,20393,LightGCN,6,0.6991765544411384,0.9679132286398723,0.8352564391440966,0.867729717771505
717,FL,Median Home Value,20393,LightGCN,7,0.6900185783164507,0.9602741549108331,0.8291901037719229,0.867729717771505
718,FL,Median Home Value,20393,LightGCN,8,0.6913176545361615,0.9569337237157307,0.8331906281622168,0.867729717771505
719,FL,Median Home Value,20393,LightGCN,9,0.6980786159994833,0.9598083577322332,0.8357961924348507,0.867729717771505
720,FL,Median Home Value,20393,RGNN,0,0.6534536274875744,0.9901916422677669,0.8486744806282851,0.867729717771505
721,FL,Median Home Value,20393,RGNN,1,0.6430112411137079,0.9876896459941442,0.8555468612373152,0.867729717771505
722,FL,Median Home Value,20393,RGNN,2,0.6437709518659237,0.98812882619111,0.8568660305703155,0.867729717771505
723,FL,Median Home Value,20393,RGNN,3,0.6502261008630436,0.9880755922278414,0.8466670490345892,0.867729717771505
724,FL,Median Home Value,20393,RGNN,4,0.6438644161534108,0.9880622837370243,0.8424596362861697,0.867729717771505
725,FL,Median Home Value,20393,RGNN,5,0.6431842142685515,0.9910966196433324,0.8390429057777158,0.867729717771505
726,FL,Median Home Value,20393,RGNN,6,0.6651008955748496,0.9927867979771094,0.8520440979462746,0.867729717771505
727,FL,Median Home Value,20393,RGNN,7,0.6406245853054364,0.9905642800106467,0.8524558262629408,0.867729717771505
728,FL,Median Home Value,20393,RGNN,8,0.6469764252322772,0.9868778280542986,0.8448357798052382,0.867729717771505
729,FL,Median Home Value,20393,RGNN,9,0.6331399834618368,0.9905775885014638,0.8511960605179173,0.867729717771505
730,FL,Median Home Value,20393,Feat-LightGCN,0,0.6684532345834233,0.9722517966462604,0.8283318243456387,0.867729717771505
731,FL,Median Home Value,20393,Feat-LightGCN,1,0.6802906864576694,0.9739419749800372,0.8364014945123376,0.867729717771505
732,FL,Median Home Value,20393,Feat-LightGCN,2,0.6812667510978252,0.9745275485759914,0.8315109405021857,0.867729717771505
733,FL,Median Home Value,20393,Feat-LightGCN,3,0.6788006314280199,0.9739952089433058,0.8335388560917355,0.867729717771505
734,FL,Median Home Value,20393,Feat-LightGCN,4,0.6681261074507966,0.9726909768432259,0.8322360739554187,0.867729717771505
735,FL,Median Home Value,20393,Feat-LightGCN,5,0.6708841470889664,0.9750865051903115,0.8401162671604675,0.867729717771505
736,FL,Median Home Value,20393,Feat-LightGCN,6,0.6828471420446639,0.9761378759648656,0.8385891852695488,0.867729717771505
737,FL,Median Home Value,20393,Feat-LightGCN,7,0.6584861866776761,0.9756720787862656,0.8376663812563245,0.867729717771505
738,FL,Median Home Value,20393,Feat-LightGCN,8,0.6813024489757769,0.9748868778280543,0.8390449541773013,0.867729717771505
739,FL,Median Home Value,20393,Feat-LightGCN,9,0.6730035848872458,0.9694836305562948,0.8358453540249003,0.867729717771505
740,FL,Median Home Value,20393,Feat-RGNN,0,0.6338636720821955,0.9844024487623104,0.8398868464069023,0.867729717771505
741,FL,Median Home Value,20393,Feat-RGNN,1,0.6540523445646786,0.9847617780143731,0.8444199546894012,0.867729717771505
742,FL,Median Home Value,20393,Feat-RGNN,2,0.6375873233904149,0.9837636412030876,0.8517819027993427,0.867729717771505
743,FL,Median Home Value,20393,Feat-RGNN,3,0.6419580571081936,0.9872637742879957,0.8406775286468682,0.867729717771505
744,FL,Median Home Value,20393,Feat-RGNN,4,0.6412084954162447,0.9843492147990418,0.8396717644504348,0.867729717771505
745,FL,Median Home Value,20393,Feat-RGNN,5,0.6479488160211051,0.9852275751929731,0.8457391240224014,0.867729717771505
746,FL,Median Home Value,20393,Feat-RGNN,6,0.6511837258745219,0.9875299441043386,0.8485126570610382,0.867729717771505
747,FL,Median Home Value,20393,Feat-RGNN,7,0.6324516005367069,0.9842161298908704,0.8457063496290349,0.867729717771505
748,FL,Median Home Value,20393,Feat-RGNN,8,0.6369442480823334,0.9841628959276018,0.8440901623561511,0.867729717771505
749,FL,Median Home Value,20393,Feat-RGNN,9,0.6475764016044834,0.980423210007985,0.8479677827713207,0.867729717771505
750,FL,Median Home Value,20393,Feat\&BG-LightGCN,0,0.9392295149598255,0.9884881554431727,0.8436087884535812,0.867729717771505
751,FL,Median Home Value,20393,Feat\&BG-LightGCN,1,0.934949045005971,0.9913627894596753,0.8443769382981077,0.867729717771505
752,FL,Median Home Value,20393,Feat\&BG-LightGCN,2,0.9379462781072354,0.9908304498269896,0.851183770120405,0.867729717771505
753,FL,Median Home Value,20393,Feat\&BG-LightGCN,3,0.9414055575907259,0.9886744743146128,0.8476482324359977,0.867729717771505
754,FL,Median Home Value,20393,Feat\&BG-LightGCN,4,0.941266742302635,0.9905243545381954,0.8433998516958701,0.867729717771505
755,FL,Median Home Value,20393,Feat\&BG-LightGCN,5,0.9416420259793754,0.991429331913761,0.8440225651698328,0.867729717771505
756,FL,Median Home Value,20393,Feat\&BG-LightGCN,6,0.9399813513440947,0.9925472451424008,0.8499813595637729,0.867729717771505
757,FL,Median Home Value,20393,Feat\&BG-LightGCN,7,0.9443815337432357,0.9905642800106468,0.8497908584023303,0.867729717771505
758,FL,Median Home Value,20393,Feat\&BG-LightGCN,8,0.9446458078452034,0.9915091828586637,0.8442827119171793,0.867729717771505
759,FL,Median Home Value,20393,Feat\&BG-LightGCN,9,0.9387779627760224,0.9912829385147724,0.8496105992388148,0.867729717771505
760,FL,Median Home Value,20393,Feat\&BG-RGNN,0,0.6605101860401155,0.9828320468458878,0.8301958679683563,0.867729717771505
761,FL,Median Home Value,20393,Feat\&BG-RGNN,1,0.6605764886599802,0.9868112856002129,0.8294195245254883,0.867729717771505
762,FL,Median Home Value,20393,Feat\&BG-RGNN,2,0.6435652548661649,0.9883417620441841,0.8309926954070784,0.867729717771505
763,FL,Median Home Value,20393,Feat\&BG-RGNN,3,0.6605983302411874,0.9869842959808357,0.831760845251605,0.867729717771505
764,FL,Median Home Value,20393,Feat\&BG-RGNN,4,0.6589149605264578,0.9835906308224647,0.832537188694473,0.867729717771505
765,FL,Median Home Value,20393,Feat\&BG-RGNN,5,0.6595919698329337,0.9897125365983498,0.8244357683342004,0.867729717771505
766,FL,Median Home Value,20393,Feat\&BG-RGNN,6,0.6573199635814206,0.990484429065744,0.8228523554546833,0.867729717771505
767,FL,Median Home Value,20393,Feat\&BG-RGNN,7,0.6424045158087712,0.9839765770561618,0.8292105877677771,0.867729717771505
768,FL,Median Home Value,20393,Feat\&BG-RGNN,8,0.6598954943627265,0.9894197498003726,0.8311217445809589,0.867729717771505
769,FL,Median Home Value,20393,Feat\&BG-RGNN,9,0.6492459986239238,0.9779744476976311,0.8278955152339478,0.867729717771505
770,FL,Commute Time,20393,Emb,0,0.6164459300617928,0.99055330634278,0.8535991531404374,0.8158609738884968
771,FL,Commute Time,20393,Emb,1,0.6376779866283617,0.9948717948717949,0.8067395906845448,0.8158609738884968
772,FL,Commute Time,20393,Emb,2,0.6254089671594426,0.9946168840905684,0.8460832745236415,0.8158609738884968
773,FL,Commute Time,20393,Emb,3,0.618275714115764,0.9954715849452691,0.7963302752293577,0.8158609738884968
774,FL,Commute Time,20393,Emb,4,0.6219627982643346,0.9866996551207077,0.8536697247706422,0.8158609738884968
775,FL,Commute Time,20393,Emb,5,0.6224437912802581,0.9914529914529915,0.8315808045165843,0.8158609738884968
776,FL,Commute Time,20393,Emb,6,0.5963746145347486,0.9949917528864898,0.8387085391672549,0.8158609738884968
777,FL,Commute Time,20393,Emb,7,0.6231878801374793,0.9976458239616134,0.881545518701482,0.8158609738884968
778,FL,Commute Time,20393,Emb,8,0.6221999808555324,0.9942420152946468,0.816196189131969,0.8158609738884968
779,FL,Commute Time,20393,Emb,9,0.6238767608316192,0.9975108711950817,0.8616796047988708,0.8158609738884968
780,FL,Commute Time,20393,LightGCN,0,0.7198631775625355,0.9313090418353576,0.8893789696541989,0.8158609738884968
781,FL,Commute Time,20393,LightGCN,1,0.7362519659645279,0.9469635627530364,0.8856739590684544,0.8158609738884968
782,FL,Commute Time,20393,LightGCN,2,0.7234027254306092,0.943649722597091,0.8791107974594213,0.8158609738884968
783,FL,Commute Time,20393,LightGCN,3,0.7035058667916084,0.9393312340680762,0.8630557515878616,0.8158609738884968
784,FL,Commute Time,20393,LightGCN,4,0.7128909427406167,0.9363472784525416,0.9040225829216655,0.8158609738884968
785,FL,Commute Time,20393,LightGCN,5,0.7305759669363784,0.9422702054281002,0.8919195483415667,0.8158609738884968
786,FL,Commute Time,20393,LightGCN,6,0.7135642119398969,0.9334083070925177,0.8865208186309104,0.8158609738884968
787,FL,Commute Time,20393,LightGCN,7,0.7249235788706543,0.9433048433048433,0.8826040931545518,0.8158609738884968
788,FL,Commute Time,20393,LightGCN,8,0.7264193651919796,0.942705053231369,0.864608327452364,0.8158609738884968
789,FL,Commute Time,20393,LightGCN,9,0.7307964606166595,0.9429899535162692,0.8775582215949189,0.8158609738884968
790,FL,Commute Time,20393,RGNN,0,0.6651542797517057,0.9848553006447742,0.8950952717007763,0.8158609738884968
791,FL,Commute Time,20393,RGNN,1,0.6843675795162313,0.9827110511321038,0.8770642201834862,0.8158609738884968
792,FL,Commute Time,20393,RGNN,2,0.6692513767854701,0.9849152796521218,0.8788285109386027,0.8158609738884968
793,FL,Commute Time,20393,RGNN,3,0.6607181216794737,0.9831159094316988,0.8750529287226534,0.8158609738884968
794,FL,Commute Time,20393,RGNN,4,0.6687194791870374,0.9869695606537712,0.8741707833450953,0.8158609738884968
795,FL,Commute Time,20393,RGNN,5,0.6708649357815729,0.9841205578047684,0.9219124911785461,0.8158609738884968
796,FL,Commute Time,20393,RGNN,6,0.6588040854391924,0.9816614185035237,0.8568807339449541,0.8158609738884968
797,FL,Commute Time,20393,RGNN,7,0.6534388945872022,0.9862048283100914,0.8987649964714186,0.8158609738884968
798,FL,Commute Time,20393,RGNN,8,0.6654977280021622,0.9790973159394212,0.8839802399435427,0.8158609738884968
799,FL,Commute Time,20393,RGNN,9,0.6801126910155219,0.986669665617034,0.8860621030345802,0.8158609738884968
800,FL,Commute Time,20393,Feat-LightGCN,0,0.7148218410460574,0.9566801619433198,0.8729004940014115,0.8158609738884968
801,FL,Commute Time,20393,Feat-LightGCN,1,0.7350504109978674,0.9612235717498875,0.858151023288638,0.8158609738884968
802,FL,Commute Time,20393,Feat-LightGCN,2,0.7269054337961984,0.9639526165841955,0.9021524347212422,0.8158609738884968
803,FL,Commute Time,20393,Feat-LightGCN,3,0.7002371411801918,0.9522866996551207,0.8555045871559633,0.8158609738884968
804,FL,Commute Time,20393,Feat-LightGCN,4,0.712139170655806,0.9554805817963712,0.8653140437544107,0.8158609738884968
805,FL,Commute Time,20393,Feat-LightGCN,5,0.7175409776066036,0.9579397210976157,0.8860268172194776,0.8158609738884968
806,FL,Commute Time,20393,Feat-LightGCN,6,0.7008225416195535,0.963577747788274,0.8697247706422019,0.8158609738884968
807,FL,Commute Time,20393,Feat-LightGCN,7,0.722775324129058,0.965587044534413,0.8793577981651376,0.8158609738884968
808,FL,Commute Time,20393,Feat-LightGCN,8,0.7078265680163518,0.9532313690208427,0.8519760056457304,0.8158609738884968
809,FL,Commute Time,20393,Feat-LightGCN,9,0.723048056253871,0.9579547158494527,0.876076217360621,0.8158609738884968
810,FL,Commute Time,20393,Feat-RGNN,0,0.6593717725590227,0.9855450592292698,0.8966478475652787,0.8158609738884968
811,FL,Commute Time,20393,Feat-RGNN,1,0.6792203778347262,0.9881241565452092,0.8824629498941426,0.8158609738884968
812,FL,Commute Time,20393,Feat-RGNN,2,0.6652238625486099,0.986669665617034,0.9029640084685956,0.8158609738884968
813,FL,Commute Time,20393,Feat-RGNN,3,0.655718056840587,0.9790973159394212,0.8818630910374029,0.8158609738884968
814,FL,Commute Time,20393,Feat-RGNN,4,0.6683314769310127,0.9834307992202729,0.868348623853211,0.8158609738884968
815,FL,Commute Time,20393,Feat-RGNN,5,0.66401853634915,0.982890988154146,0.8672547635850388,0.8158609738884968
816,FL,Commute Time,20393,Feat-RGNN,6,0.6606110373496763,0.9810766231818864,0.8910374029640085,0.8158609738884968
817,FL,Commute Time,20393,Feat-RGNN,7,0.6606645995285394,0.9842405158194633,0.8960832745236414,0.8158609738884968
818,FL,Commute Time,20393,Feat-RGNN,8,0.6634743267059692,0.9851551956815114,0.8769230769230769,0.8158609738884968
819,FL,Commute Time,20393,Feat-RGNN,9,0.6758993365726342,0.9913630229419703,0.8970007057163021,0.8158609738884968
820,FL,Commute Time,20393,Feat\&BG-LightGCN,0,0.9387991546807336,0.9936272304693357,0.8181016231474947,0.8158609738884968
821,FL,Commute Time,20393,Feat\&BG-LightGCN,1,0.946868426371724,0.9957414904783326,0.786803105151729,0.8158609738884968
822,FL,Commute Time,20393,Feat\&BG-LightGCN,2,0.9369927818355858,0.9961913330334383,0.8177840508115737,0.8158609738884968
823,FL,Commute Time,20393,Feat\&BG-LightGCN,3,0.9421453890812443,0.9929824561403509,0.786379675370501,0.8158609738884968
824,FL,Commute Time,20393,Feat\&BG-LightGCN,4,0.9371184101260369,0.9945868945868946,0.8330980945659845,0.8158609738884968
825,FL,Commute Time,20393,Feat\&BG-LightGCN,5,0.9411439945494575,0.9955615534562903,0.8303810868031051,0.8158609738884968
826,FL,Commute Time,20393,Feat\&BG-LightGCN,6,0.9406570652354383,0.9947818263607737,0.8146436132674665,0.8158609738884968
827,FL,Commute Time,20393,Feat\&BG-LightGCN,7,0.9431815370150435,0.9950367371420004,0.8028581510232886,0.8158609738884968
828,FL,Commute Time,20393,Feat\&BG-LightGCN,8,0.9342331233072629,0.9969710601289549,0.8053987297106563,0.8158609738884968
829,FL,Commute Time,20393,Feat\&BG-LightGCN,9,0.9411024663511273,0.9945119208277102,0.8038108680310515,0.8158609738884968
830,FL,Commute Time,20393,Feat\&BG-RGNN,0,0.6683158030111831,0.9758284600389864,0.858045165843331,0.8158609738884968
831,FL,Commute Time,20393,Feat\&BG-RGNN,1,0.6862127446572516,0.9851102114260009,0.826499647141849,0.8158609738884968
832,FL,Commute Time,20393,Feat\&BG-RGNN,2,0.6791428726418346,0.9801769380716748,0.8832392378263937,0.8158609738884968
833,FL,Commute Time,20393,Feat\&BG-RGNN,3,0.6762709972277147,0.9784525416104363,0.8513055751587862,0.8158609738884968
834,FL,Commute Time,20393,Feat\&BG-RGNN,4,0.6889372592699663,0.9786174838806417,0.8570218772053635,0.8158609738884968
835,FL,Commute Time,20393,Feat\&BG-RGNN,5,0.6901332792783661,0.9809716599190283,0.8845800988002823,0.8158609738884968
836,FL,Commute Time,20393,Feat\&BG-RGNN,6,0.6699530997344025,0.978902384165542,0.8718772053634438,0.8158609738884968
837,FL,Commute Time,20393,Feat\&BG-RGNN,7,0.6836086518390556,0.9813465287149497,0.8737826393789696,0.8158609738884968
838,FL,Commute Time,20393,Feat\&BG-RGNN,8,0.6689079770491619,0.9765931923826661,0.8465419901199718,0.8158609738884968
839,FL,Commute Time,20393,Feat\&BG-RGNN,9,0.7009062093224296,0.9824411455990403,0.8633380381086803,0.8158609738884968
840,IN,Median Income,9346,Emb,0,0.5445652870469546,1.0,0.8581916354852459,0.8528394827831194
841,IN,Median Income,9346,Emb,1,0.5529905092138712,0.9999393571861734,0.8443234026429214,0.8528394827831194
842,IN,Median Income,9346,Emb,2,0.5606612306671214,1.0,0.8504049637663998,0.8528394827831194
843,IN,Median Income,9346,Emb,3,0.5548729408394213,1.0,0.839909060768247,0.8528394827831194
844,IN,Median Income,9346,Emb,4,0.571567606899504,1.0,0.845498034386397,0.8528394827831194
845,IN,Median Income,9346,Emb,5,0.5400784358629376,0.9998180715585203,0.8513996116136977,0.8528394827831194
846,IN,Median Income,9346,Emb,6,0.561181173826111,0.9983626440266828,0.845772746648984,0.8528394827831194
847,IN,Median Income,9346,Emb,7,0.5544269594025698,1.0,0.8409605456353906,0.8528394827831194
848,IN,Median Income,9346,Emb,8,0.5334367092089339,1.0,0.8390849239804861,0.8528394827831194
849,IN,Median Income,9346,Emb,9,0.5490814586246906,1.0,0.8455832899161653,0.8528394827831194
850,IN,Median Income,9346,LightGCN,0,0.6682984995376855,0.9987871437234688,0.8623075830057311,0.8528394827831194
851,IN,Median Income,9346,LightGCN,1,0.6993277216494728,0.9978168587022438,0.8406479420262398,0.8528394827831194
852,IN,Median Income,9346,LightGCN,2,0.6684821113817246,0.9992116434202547,0.8387628475346942,0.8528394827831194
853,IN,Median Income,9346,LightGCN,3,0.6577670820799312,0.9979987871437235,0.8533415431250888,0.8528394827831194
854,IN,Median Income,9346,LightGCN,4,0.6953853340204221,0.9992116434202547,0.8545730118884102,0.8528394827831194
855,IN,Median Income,9346,LightGCN,5,0.6603085907308276,0.9977562158884172,0.8537583479372899,0.8528394827831194
856,IN,Median Income,9346,LightGCN,6,0.654516613046658,0.9978775015160704,0.8435182115284422,0.8528394827831194
857,IN,Median Income,9346,LightGCN,7,0.6716753761394003,0.999029714978775,0.8433855918154692,0.8528394827831194
858,IN,Median Income,9346,LightGCN,8,0.6771091199985331,0.9976955730745907,0.8465968834367451,0.8528394827831194
859,IN,Median Income,9346,LightGCN,9,0.6767145552069768,1.0,0.842855112963577,0.8528394827831194
860,IN,Median Income,9346,RGNN,0,0.6269957338899417,0.999454214675561,0.8579832330791456,0.8528394827831194
861,IN,Median Income,9346,RGNN,1,0.6461462959331918,0.9999393571861734,0.8539383318334675,0.8528394827831194
862,IN,Median Income,9346,RGNN,2,0.6321479547252662,1.0,0.8508596599251645,0.8528394827831194
863,IN,Median Income,9346,RGNN,3,0.6119169173470849,1.0,0.8555013498792213,0.8528394827831194
864,IN,Median Income,9346,RGNN,4,0.6237884608101144,1.0,0.856657035949415,0.8528394827831194
865,IN,Median Income,9346,RGNN,5,0.6205433257950934,0.9999393571861734,0.8610619049874485,0.8528394827831194
866,IN,Median Income,9346,RGNN,6,0.604544138365946,1.0,0.848718798844314,0.8528394827831194
867,IN,Median Income,9346,RGNN,7,0.6316899732767142,1.0,0.8490977123099511,0.8528394827831194
868,IN,Median Income,9346,RGNN,8,0.6336070158066527,0.9999393571861734,0.848709326007673,0.8528394827831194
869,IN,Median Income,9346,RGNN,9,0.6349406518843299,1.0,0.8564296878700327,0.8528394827831194
870,IN,Median Income,9346,Feat-LightGCN,0,0.6503866734411762,0.9999393571861734,0.8556623881021173,0.8528394827831194
871,IN,Median Income,9346,Feat-LightGCN,1,0.6660039054751183,1.0,0.8519490361388717,0.8528394827831194
872,IN,Median Income,9346,Feat-LightGCN,2,0.6545895383993543,0.9998787143723469,0.856657035949415,0.8528394827831194
873,IN,Median Income,9346,Feat-LightGCN,3,0.6355295802893568,0.9999393571861734,0.8460379860749301,0.8528394827831194
874,IN,Median Income,9346,Feat-LightGCN,4,0.6521004603418534,1.0,0.8603324965660967,0.8528394827831194
875,IN,Median Income,9346,Feat-LightGCN,5,0.659028998368305,0.998483929654336,0.8452327949604509,0.8528394827831194
876,IN,Median Income,9346,Feat-LightGCN,6,0.6318514296570723,0.9997574287446938,0.8448728271680956,0.8528394827831194
877,IN,Median Income,9346,Feat-LightGCN,7,0.6459547854815684,1.0,0.8517690522426942,0.8528394827831194
878,IN,Median Income,9346,Feat-LightGCN,8,0.6360412770015037,0.9998180715585203,0.8590536636195709,0.8528394827831194
879,IN,Median Income,9346,Feat-LightGCN,9,0.6430654392722682,1.0,0.8559276275280633,0.8528394827831194
880,IN,Median Income,9346,Feat-RGNN,0,0.649468338322668,0.999029714978775,0.8622839009141288,0.8528394827831194
881,IN,Median Income,9346,Feat-RGNN,1,0.6456085191185963,0.9999393571861734,0.8534078529815754,0.8528394827831194
882,IN,Median Income,9346,Feat-RGNN,2,0.6106519869416589,0.9996967859308672,0.8577085208165585,0.8528394827831194
883,IN,Median Income,9346,Feat-RGNN,3,0.626186506231199,0.9996967859308672,0.8524700421541231,0.8528394827831194
884,IN,Median Income,9346,Feat-RGNN,4,0.6228559558090183,1.0,0.8593757400653625,0.8528394827831194
885,IN,Median Income,9346,Feat-RGNN,5,0.6250536741762803,0.9992722862340813,0.8582674181783735,0.8528394827831194
886,IN,Median Income,9346,Feat-RGNN,6,0.5943374524029432,0.9996361431170406,0.8526310803770188,0.8528394827831194
887,IN,Median Income,9346,Feat-RGNN,7,0.6224169015631292,1.0,0.8528015914365557,0.8528394827831194
888,IN,Median Income,9346,Feat-RGNN,8,0.6179080940330803,0.9998787143723469,0.8392554350400226,0.8528394827831194
889,IN,Median Income,9346,Feat-RGNN,9,0.6320932251631887,1.0,0.843821342300952,0.8528394827831194
890,IN,Median Income,9346,Feat\&BG-LightGCN,0,0.9735210513306418,1.0,0.85274475441671,0.8528394827831194
891,IN,Median Income,9346,Feat\&BG-LightGCN,1,0.9699991629486683,1.0,0.8475631127741202,0.8528394827831194
892,IN,Median Income,9346,Feat\&BG-LightGCN,2,0.980219575799123,1.0,0.8525552976838915,0.8528394827831194
893,IN,Median Income,9346,Feat\&BG-LightGCN,3,0.9734582438046124,1.0,0.8515227584900298,0.8528394827831194
894,IN,Median Income,9346,Feat\&BG-LightGCN,4,0.9749572195397959,0.9998787143723469,0.8462558613176716,0.8528394827831194
895,IN,Median Income,9346,Feat\&BG-LightGCN,5,0.9736695960839321,0.9999393571861734,0.8481409558092172,0.8528394827831194
896,IN,Median Income,9346,Feat\&BG-LightGCN,6,0.9780793164106983,1.0,0.8509922796381377,0.8528394827831194
897,IN,Median Income,9346,Feat\&BG-LightGCN,7,0.9736931214994325,0.9998180715585203,0.8460474589115711,0.8528394827831194
898,IN,Median Income,9346,Feat\&BG-LightGCN,8,0.973276992335057,1.0,0.8533794344716525,0.8528394827831194
899,IN,Median Income,9346,Feat\&BG-LightGCN,9,0.9733010792961381,0.9996361431170406,0.8493629517358973,0.8528394827831194
900,IN,Median Income,9346,Feat\&BG-RGNN,0,0.6408617359222946,1.0,0.8499123762610714,0.8528394827831194
901,IN,Median Income,9346,Feat\&BG-RGNN,1,0.660138812923614,0.9998180715585203,0.8498839577511486,0.8528394827831194
902,IN,Median Income,9346,Feat\&BG-RGNN,2,0.6627590396171146,1.0,0.8521858570548952,0.8528394827831194
903,IN,Median Income,9346,Feat\&BG-RGNN,3,0.6609975648187939,1.0,0.8490882394733105,0.8528394827831194
904,IN,Median Income,9346,Feat\&BG-RGNN,4,0.6401104545000683,0.9958156458459672,0.8473357646947379,0.8528394827831194
905,IN,Median Income,9346,Feat\&BG-RGNN,5,0.6633200698479949,1.0,0.8523374224411502,0.8528394827831194
906,IN,Median Income,9346,Feat\&BG-RGNN,6,0.6380163000248358,0.9973317161916313,0.8442760384597167,0.8528394827831194
907,IN,Median Income,9346,Feat\&BG-RGNN,7,0.6466142878061281,1.0,0.8568464926822337,0.8528394827831194
908,IN,Median Income,9346,Feat\&BG-RGNN,8,0.6520977738658451,1.0,0.8475725856107612,0.8528394827831194
909,IN,Median Income,9346,Feat\&BG-RGNN,9,0.6350758072958724,1.0,0.8439255435040023,0.8528394827831194
910,IN,Median Home Value,9346,Emb,0,0.5381111336941257,1.0,0.8790770314925388,0.8814196878362806
911,IN,Median Home Value,9346,Emb,1,0.5517995839112344,0.9998776009791921,0.873191821653382,0.8814196878362806
912,IN,Median Home Value,9346,Emb,2,0.5427902700381768,1.0,0.862326086335457,0.8814196878362806
913,IN,Median Home Value,9346,Emb,3,0.5528906611188165,1.0,0.8716776657238904,0.8814196878362806
914,IN,Median Home Value,9346,Emb,4,0.5612003015670385,1.0,0.8749821443876239,0.8814196878362806
915,IN,Median Home Value,9346,Emb,5,0.5237758466239114,1.0,0.8773343237246332,0.8814196878362806
916,IN,Median Home Value,9346,Emb,6,0.5381287356321839,0.9995104039167687,0.8711919930672609,0.8814196878362806
917,IN,Median Home Value,9346,Emb,7,0.5548880317929734,1.0,0.876667714195926,0.8814196878362806
918,IN,Median Home Value,9346,Emb,8,0.5372464225115245,1.0,0.8754868630307878,0.8814196878362806
919,IN,Median Home Value,9346,Emb,9,0.5324296398856868,0.9998776009791921,0.8714872058585454,0.8814196878362806
920,IN,Median Home Value,9346,LightGCN,0,0.6444501476125352,0.998531211750306,0.8907331752516451,0.8814196878362806
921,IN,Median Home Value,9346,LightGCN,1,0.6728161118816459,0.9982252141982864,0.8906284223257055,0.8814196878362806
922,IN,Median Home Value,9346,LightGCN,2,0.6433988593617279,0.9944308445532435,0.8791436924454094,0.8814196878362806
923,IN,Median Home Value,9346,LightGCN,3,0.6326236708275542,0.9992044063647492,0.883695683227152,0.8814196878362806
924,IN,Median Home Value,9346,LightGCN,4,0.6557076881093782,0.9936352509179927,0.8906760372920417,0.8814196878362806
925,IN,Median Home Value,9346,LightGCN,5,0.6540827344954755,0.9981640146878825,0.8911617099486712,0.8814196878362806
926,IN,Median Home Value,9346,LightGCN,6,0.6510747126436781,0.9997552019583843,0.89334247540687,0.8814196878362806
927,IN,Median Home Value,9346,LightGCN,7,0.6668137287004197,0.9979192166462668,0.8924473140397489,0.8814196878362806
928,IN,Median Home Value,9346,LightGCN,8,0.6698684740938897,0.997796817625459,0.8872953746821701,0.8814196878362806
929,IN,Median Home Value,9346,LightGCN,9,0.6614887443399171,0.9988984088127295,0.8901903646354122,0.8814196878362806
930,IN,Median Home Value,9346,RGNN,0,0.6242477272492396,0.999938800489596,0.8883905189079032,0.8814196878362806
931,IN,Median Home Value,9346,RGNN,1,0.6168492834026815,1.0,0.8870192078774201,0.8814196878362806
932,IN,Median Home Value,9346,RGNN,2,0.6057692307692308,1.0,0.8861335695035665,0.8814196878362806
933,IN,Median Home Value,9346,RGNN,3,0.5956229773462783,1.0,0.8915902446456971,0.8814196878362806
934,IN,Median Home Value,9346,RGNN,4,0.6291870178165067,1.0,0.8831719185974535,0.8814196878362806
935,IN,Median Home Value,9346,RGNN,5,0.600630634049409,1.0,0.8880476911502823,0.8814196878362806
936,IN,Median Home Value,9346,RGNN,6,0.5995620689655172,1.0,0.878619927815711,0.8814196878362806
937,IN,Median Home Value,9346,RGNN,7,0.6231834104834549,1.0,0.8881714900627565,0.8814196878362806
938,IN,Median Home Value,9346,RGNN,8,0.6128261725811165,0.9998776009791921,0.8884000419011704,0.8814196878362806
939,IN,Median Home Value,9346,RGNN,9,0.6038408507373803,1.0,0.8841051719376434,0.8814196878362806
940,IN,Median Home Value,9346,Feat-LightGCN,0,0.6518790025044181,0.9998776009791922,0.9064651601291318,0.8814196878362806
941,IN,Median Home Value,9346,Feat-LightGCN,1,0.6567238788719372,0.9968176254589963,0.8928948947233095,0.8814196878362806
942,IN,Median Home Value,9346,Feat-LightGCN,2,0.6527546367599153,1.0,0.8920568713157919,0.8814196878362806
943,IN,Median Home Value,9346,Feat-LightGCN,3,0.6460251964863615,0.9983476132190942,0.8971040577474312,0.8814196878362806
944,IN,Median Home Value,9346,Feat-LightGCN,4,0.6461923692438623,1.0,0.8951518441276461,0.8814196878362806
945,IN,Median Home Value,9346,Feat-LightGCN,5,0.6480316834962241,0.999265605875153,0.895756554200116,0.8814196878362806
946,IN,Median Home Value,9346,Feat-LightGCN,6,0.6404189655172413,0.999938800489596,0.8926282509118266,0.8814196878362806
947,IN,Median Home Value,9346,Feat-LightGCN,7,0.6503243981658606,1.0,0.8994943290575094,0.8814196878362806
948,IN,Median Home Value,9346,Feat-LightGCN,8,0.6432525835652103,0.9984700122399021,0.9015989105695702,0.8814196878362806
949,IN,Median Home Value,9346,Feat-LightGCN,9,0.6500194092895049,1.0,0.8894761401403689,0.8814196878362806
950,IN,Median Home Value,9346,Feat-RGNN,0,0.6044110368933733,0.9998776009791922,0.8854002990219886,0.8814196878362806
951,IN,Median Home Value,9346,Feat-RGNN,1,0.6246070272769302,1.0,0.8917330895447058,0.8814196878362806
952,IN,Median Home Value,9346,Feat-RGNN,2,0.6131735786359012,0.999938800489596,0.8824196021293412,0.8814196878362806
953,IN,Median Home Value,9346,Feat-RGNN,3,0.614076514100786,0.9984700122399021,0.8946280794979479,0.8814196878362806
954,IN,Median Home Value,9346,Feat-RGNN,4,0.6109484560877689,1.0,0.8917235665514385,0.8814196878362806
955,IN,Median Home Value,9346,Feat-RGNN,5,0.6159296044967749,1.0,0.8961422354274395,0.8814196878362806
956,IN,Median Home Value,9346,Feat-RGNN,6,0.6055862068965517,1.0,0.8823719871630051,0.8814196878362806
957,IN,Median Home Value,9346,Feat-RGNN,7,0.6272046379688895,1.0,0.8994371910979059,0.8814196878362806
958,IN,Median Home Value,9346,Feat-RGNN,8,0.6251910169203742,0.999938800489596,0.8929806016627146,0.8814196878362806
959,IN,Median Home Value,9346,Feat-RGNN,9,0.6201008822299604,0.999938800489596,0.8887619156453257,0.8814196878362806
960,IN,Median Home Value,9346,Feat\&BG-LightGCN,0,0.976685142634703,1.0,0.8803816815701512,0.8814196878362806
961,IN,Median Home Value,9346,Feat\&BG-LightGCN,1,0.9725670365233472,0.9997552019583843,0.8828100448532983,0.8814196878362806
962,IN,Median Home Value,9346,Feat\&BG-LightGCN,2,0.9776399428747444,0.9998164014687883,0.8771533868525555,0.8814196878362806
963,IN,Median Home Value,9346,Feat\&BG-LightGCN,3,0.9742394822006473,1.0,0.8802959746307459,0.8814196878362806
964,IN,Median Home Value,9346,Feat\&BG-LightGCN,4,0.9744997779874562,0.9998164014687883,0.8861907074631697,0.8814196878362806
965,IN,Median Home Value,9346,Feat\&BG-LightGCN,5,0.9767870552126781,1.0,0.8830481196849793,0.8814196878362806
966,IN,Median Home Value,9346,Feat\&BG-LightGCN,6,0.9809137931034483,1.0,0.8856002818806007,0.8814196878362806
967,IN,Median Home Value,9346,Feat\&BG-LightGCN,7,0.9813621850660802,1.0,0.886552581207325,0.8814196878362806
968,IN,Median Home Value,9346,Feat\&BG-LightGCN,8,0.9770733493423704,0.9998776009791922,0.8827909988667638,0.8814196878362806
969,IN,Median Home Value,9346,Feat\&BG-LightGCN,9,0.9751134896289888,0.999938800489596,0.8743821958117874,0.8814196878362806
970,IN,Median Home Value,9346,Feat\&BG-RGNN,0,0.6360751026857329,1.0,0.8827719528802292,0.8814196878362806
971,IN,Median Home Value,9346,Feat\&BG-RGNN,1,0.6395469255663431,0.999326805385557,0.8899332438171966,0.8814196878362806
972,IN,Median Home Value,9346,Feat\&BG-RGNN,2,0.6458665863926147,1.0,0.8857716957594111,0.8814196878362806
973,IN,Median Home Value,9346,Feat\&BG-RGNN,3,0.6302300046232086,1.0,0.88553362092773,0.8814196878362806
974,IN,Median Home Value,9346,Feat\&BG-RGNN,4,0.6262095058370798,1.0,0.8828386138331,0.8814196878362806
975,IN,Median Home Value,9346,Feat\&BG-RGNN,5,0.6431719834728801,1.0,0.8915235836928264,0.8814196878362806
976,IN,Median Home Value,9346,Feat\&BG-RGNN,6,0.6279298850574713,0.9995104039167687,0.8781533011456161,0.8814196878362806
977,IN,Median Home Value,9346,Feat\&BG-RGNN,7,0.6551154034842213,1.0,0.8925330209791541,0.8814196878362806
978,IN,Median Home Value,9346,Feat\&BG-RGNN,8,0.639943356191836,1.0,0.8833719014560657,0.8814196878362806
979,IN,Median Home Value,9346,Feat\&BG-RGNN,9,0.6307512258953327,0.9998776009791922,0.8799245778933236,0.8814196878362806
980,IN,Commute Time,9346,Emb,0,0.5488692829485984,0.9999175053621514,0.795940170940171,0.761039886039886
981,IN,Commute Time,9346,Emb,1,0.5212925688173213,0.9999175053621514,0.858974358974359,0.761039886039886
982,IN,Commute Time,9346,Emb,2,0.5447696119851896,1.0,0.886039886039886,0.761039886039886
983,IN,Commute Time,9346,Emb,3,0.5447067783701447,1.0,0.9131054131054132,0.761039886039886
984,IN,Commute Time,9346,Emb,4,0.5488021321123406,1.0,0.8735754985754987,0.761039886039886
985,IN,Commute Time,9346,Emb,5,0.505805011305855,1.0,0.8846153846153847,0.761039886039886
986,IN,Commute Time,9346,Emb,6,0.543421762589928,1.0,0.9116809116809117,0.761039886039886
987,IN,Commute Time,9346,Emb,7,0.5210624918063291,1.0,0.7346866096866097,0.761039886039886
988,IN,Commute Time,9346,Emb,8,0.5132600732600733,1.0,0.8098290598290598,0.761039886039886
989,IN,Commute Time,9346,Emb,9,0.53943683123162,1.0,0.7304131054131056,0.761039886039886
990,IN,Commute Time,9346,LightGCN,0,0.611855827422719,1.0,0.7831196581196581,0.761039886039886
991,IN,Commute Time,9346,LightGCN,1,0.6223581039422624,0.9937304075235109,0.7905982905982906,0.761039886039886
992,IN,Commute Time,9346,LightGCN,2,0.6401111229511518,1.0,0.7984330484330484,0.761039886039886
993,IN,Commute Time,9346,LightGCN,3,0.6225060747833024,0.9999175053621514,0.7037037037037037,0.761039886039886
994,IN,Commute Time,9346,LightGCN,4,0.6007232300808214,1.0,0.6698717948717948,0.761039886039886
995,IN,Commute Time,9346,LightGCN,5,0.6011716194345924,0.9988450750701204,0.7649572649572649,0.761039886039886
996,IN,Commute Time,9346,LightGCN,6,0.6132314148681055,1.0,0.8372507122507122,0.761039886039886
997,IN,Commute Time,9346,LightGCN,7,0.634802625921744,1.0,0.8671652421652423,0.761039886039886
998,IN,Commute Time,9346,LightGCN,8,0.6135045152866935,0.9998350107243029,0.722934472934473,0.761039886039886
999,IN,Commute Time,9346,LightGCN,9,0.6214539511189454,1.0,0.7841880341880343,0.761039886039886
1000,IN,Commute Time,9346,RGNN,0,0.5716341143361054,0.9991750536215146,0.8422364672364673,0.761039886039886
1001,IN,Commute Time,9346,RGNN,1,0.5825336379791826,0.9994225375350603,0.8123219373219374,0.761039886039886
1002,IN,Commute Time,9346,RGNN,2,0.5778588570425145,1.0,0.8190883190883191,0.761039886039886
1003,IN,Commute Time,9346,RGNN,3,0.5830442824502231,1.0,0.8276353276353277,0.761039886039886
1004,IN,Commute Time,9346,RGNN,4,0.5763033750737105,1.0,0.7022792022792023,0.761039886039886
1005,IN,Commute Time,9346,RGNN,5,0.5640918586366401,0.9995875268107572,0.7824074074074074,0.761039886039886
1006,IN,Commute Time,9346,RGNN,6,0.5832913669064749,1.0,0.8354700854700855,0.761039886039886
1007,IN,Commute Time,9346,RGNN,7,0.5758392081072585,1.0,0.7792022792022792,0.761039886039886
1008,IN,Commute Time,9346,RGNN,8,0.5832024081529033,1.0,0.7845441595441596,0.761039886039886
1009,IN,Commute Time,9346,RGNN,9,0.5899114845546307,1.0,0.7104700854700855,0.761039886039886
1010,IN,Commute Time,9346,Feat-LightGCN,0,0.6201173262223123,1.0,0.7314814814814814,0.761039886039886
1011,IN,Commute Time,9346,Feat-LightGCN,1,0.5926870489246727,0.9995050321729088,0.6823361823361823,0.761039886039886
1012,IN,Commute Time,9346,Feat-LightGCN,2,0.6124654616840439,1.0,0.7489316239316239,0.761039886039886
1013,IN,Commute Time,9346,Feat-LightGCN,3,0.6075530410183875,1.0,0.6801994301994303,0.761039886039886
1014,IN,Commute Time,9346,Feat-LightGCN,4,0.6006401251055071,0.9999175053621514,0.6616809116809117,0.761039886039886
1015,IN,Commute Time,9346,Feat-LightGCN,5,0.6155751064586849,1.0,0.6766381766381766,0.761039886039886
1016,IN,Commute Time,9346,Feat-LightGCN,6,0.5960581534772182,1.0,0.7631766381766382,0.761039886039886
1017,IN,Commute Time,9346,Feat-LightGCN,7,0.6061448655110242,1.0,0.7054843304843305,0.761039886039886
1018,IN,Commute Time,9346,Feat-LightGCN,8,0.5985311717984986,1.0,0.681980056980057,0.761039886039886
1019,IN,Commute Time,9346,Feat-LightGCN,9,0.6094378080945486,1.0,0.5740740740740741,0.761039886039886
1020,IN,Commute Time,9346,Feat-RGNN,0,0.5880333441630134,1.0,0.8554131054131053,0.761039886039886
1021,IN,Commute Time,9346,Feat-RGNN,1,0.5943321365103543,0.9988450750701204,0.8116096866096867,0.761039886039886
1022,IN,Commute Time,9346,Feat-RGNN,2,0.5989638130000645,1.0,0.8415242165242166,0.761039886039886
1023,IN,Commute Time,9346,Feat-RGNN,3,0.5785282704094586,1.0,0.9017094017094017,0.761039886039886
1024,IN,Commute Time,9346,Feat-RGNN,4,0.5574132528588112,1.0,0.6869658119658119,0.761039886039886
1025,IN,Commute Time,9346,Feat-RGNN,5,0.5782500028695063,1.0,0.8696581196581197,0.761039886039886
1026,IN,Commute Time,9346,Feat-RGNN,6,0.5682658872901679,1.0,0.8532763532763533,0.761039886039886
1027,IN,Commute Time,9346,Feat-RGNN,7,0.5839151720706128,1.0,0.8002136752136753,0.761039886039886
1028,IN,Commute Time,9346,Feat-RGNN,8,0.591120298843071,1.0,0.6424501424501424,0.761039886039886
1029,IN,Commute Time,9346,Feat-RGNN,9,0.5801384812551669,1.0,0.6445868945868946,0.761039886039886
1030,IN,Commute Time,9346,Feat\&BG-LightGCN,0,0.9842392993618928,1.0,0.7827635327635327,0.761039886039886
1031,IN,Commute Time,9346,Feat\&BG-LightGCN,1,0.9751438000942951,1.0,0.7617521367521367,0.761039886039886
1032,IN,Commute Time,9346,Feat\&BG-LightGCN,2,0.989211888534855,1.0,0.7966524216524217,0.761039886039886
1033,IN,Commute Time,9346,Feat\&BG-LightGCN,3,0.9813208573604614,1.0,0.8497150997150997,0.761039886039886
1034,IN,Commute Time,9346,Feat\&BG-LightGCN,4,0.9802239064830552,1.0,0.7888176638176638,0.761039886039886
1035,IN,Commute Time,9346,Feat\&BG-LightGCN,5,0.9816064644238606,1.0,0.7902421652421653,0.761039886039886
1036,IN,Commute Time,9346,Feat\&BG-LightGCN,6,0.9808827937649881,1.0,0.7535612535612536,0.761039886039886
1037,IN,Commute Time,9346,Feat\&BG-LightGCN,7,0.9869112715308526,1.0,0.7674501424501424,0.761039886039886
1038,IN,Commute Time,9346,Feat\&BG-LightGCN,8,0.9852899575671853,1.0,0.7364672364672364,0.761039886039886
1039,IN,Commute Time,9346,Feat\&BG-LightGCN,9,0.9800967823301534,1.0,0.7297008547008548,0.761039886039886
1040,IN,Commute Time,9346,Feat\&BG-RGNN,0,0.6451507646176068,1.0,0.7457264957264957,0.761039886039886
1041,IN,Commute Time,9346,Feat\&BG-RGNN,1,0.6134798534798535,0.9896056756310839,0.8073361823361824,0.761039886039886
1042,IN,Commute Time,9346,Feat\&BG-RGNN,2,0.6239529693571407,1.0,0.7314814814814815,0.761039886039886
1043,IN,Commute Time,9346,Feat\&BG-RGNN,3,0.6424110542922424,1.0,0.837962962962963,0.761039886039886
1044,IN,Commute Time,9346,Feat\&BG-RGNN,4,0.654857088348538,1.0,0.722934472934473,0.761039886039886
1045,IN,Commute Time,9346,Feat\&BG-RGNN,5,0.6386215465491316,1.0,0.8073361823361824,0.761039886039886
1046,IN,Commute Time,9346,Feat\&BG-RGNN,6,0.6130125899280576,1.0,0.8376068376068376,0.761039886039886
1047,IN,Commute Time,9346,Feat\&BG-RGNN,7,0.6090085975395728,1.0,0.7806267806267806,0.761039886039886
1048,IN,Commute Time,9346,Feat\&BG-RGNN,8,0.633983969825554,1.0,0.6898148148148149,0.761039886039886
1049,IN,Commute Time,9346,Feat\&BG-RGNN,9,0.6345555783976241,1.0,0.7421652421652423,0.761039886039886
