,urban_area,target_variable,macroentity,n_quantiles,num_datapoints,num_macroentities,num_bg,model_embeddings,trial,train_f1,val_f1,test_f1,train_to_test_f1,train_auc,val_auc,test_auc,train_to_test_auc
0,Philadelphia,Median Income,zip,2,14992,189,1472,Emb,0,0.8812640707079129,0.8726242080693565,0.6725543478260869,0.765625,0.9695174826872897,0.9639974251969493,0.7482490178993384,0.765625
1,Philadelphia,Median Income,zip,2,14992,189,1472,Emb,1,1.0,0.9936645548516172,0.7629076086956522,0.765625,1.0,0.9993992770076656,0.7733922716800568,0.765625
2,Philadelphia,Median Income,zip,2,14992,189,1472,Emb,2,0.9420495288918536,0.9296432144048016,0.7404891304347826,0.765625,0.9867253314944726,0.9789568281053369,0.7696789343100189,0.765625
3,Philadelphia,Median Income,zip,2,14992,189,1472,Emb,3,0.9978320687067456,0.9903301100366789,0.7608695652173914,0.765625,0.999969979181136,0.9987565420375712,0.77193388911862,0.765625
4,Philadelphia,Median Income,zip,2,14992,189,1472,Emb,4,0.910280997248395,0.8969656552184061,0.7085597826086957,0.765625,0.9451535193399915,0.9401462113405298,0.7476241286625709,0.765625
5,Philadelphia,Median Income,zip,2,14992,189,1472,Emb,5,0.9895772533978154,0.9753251083694565,0.7581521739130435,0.765625,0.9992444961932756,0.9956568307129771,0.775922288516068,0.765625
6,Philadelphia,Median Income,zip,2,14992,189,1472,Emb,6,0.9563912282164596,0.9493164388129376,0.7370923913043478,0.765625,0.9942549394515722,0.9894665830934144,0.7702207511224007,0.765625
7,Philadelphia,Median Income,zip,2,14992,189,1472,Emb,7,0.9618944384224131,0.952650883627876,0.751358695652174,0.765625,0.9941794947780083,0.9924272202847351,0.7748884983459357,0.765625
8,Philadelphia,Median Income,zip,2,14992,189,1472,Emb,8,1.0,0.9913304434811604,0.764266304347826,0.765625,1.0,0.9988700226671521,0.77841723032845,0.765625
9,Philadelphia,Median Income,zip,2,14992,189,1472,Emb,9,0.9558909363795547,0.9513171057019006,0.7432065217391305,0.765625,0.9921573781930947,0.9903522149004413,0.7690881970699432,0.765625
10,Philadelphia,Median Income,zip,2,14992,189,1472,LightGCN,0,0.9939131159843242,0.9873291097032344,0.7608695652173914,0.765625,0.9997137753517359,0.9992814503114198,0.7922137139650285,0.765625
11,Philadelphia,Median Income,zip,2,14992,189,1472,LightGCN,1,0.9946635537396815,0.9889963321107036,0.7595108695652174,0.765625,0.9996737274585631,0.9987816526449679,0.7896735438327033,0.765625
12,Philadelphia,Median Income,zip,2,14992,189,1472,LightGCN,2,0.9939131159843242,0.9876625541847283,0.7595108695652174,0.765625,0.9996846907958344,0.9986469245783591,0.787077992084121,0.765625
13,Philadelphia,Median Income,zip,2,14992,189,1472,LightGCN,3,0.9908279829900776,0.9836612204068023,0.7595108695652174,0.765625,0.9994205740342991,0.9980674490230526,0.7902781264768433,0.765625
14,Philadelphia,Median Income,zip,2,14992,189,1472,LightGCN,4,0.9972483948970232,0.9893297765921975,0.7629076086956522,0.765625,0.9999113570388672,0.9991254748077831,0.7863811067462192,0.765625
15,Philadelphia,Median Income,zip,2,14992,189,1472,LightGCN,5,0.9951638455765863,0.9883294431477159,0.7574728260869565,0.765625,0.9997931462893361,0.9988700226671521,0.7889314301748582,0.765625
16,Philadelphia,Median Income,zip,2,14992,189,1472,LightGCN,6,0.9935795880930542,0.98432810936979,0.7615489130434783,0.765625,0.9997702833518312,0.9984605266080688,0.7846116641068053,0.765625
17,Philadelphia,Median Income,zip,2,14992,189,1472,LightGCN,7,0.9919119486367047,0.9846615538512837,0.7574728260869565,0.765625,0.9994301782801731,0.9984030619488342,0.7945028207703213,0.765625
18,Philadelphia,Median Income,zip,2,14992,189,1472,LightGCN,8,0.9946635537396815,0.9886628876292097,0.7601902173913043,0.765625,0.9997788909306804,0.9988813707301103,0.785878980092155,0.765625
19,Philadelphia,Median Income,zip,2,14992,189,1472,LightGCN,9,0.9962478112232135,0.9929976658886296,0.7635869565217391,0.765625,0.9999039877432909,0.9993823756373024,0.7894280186672967,0.765625
20,Philadelphia,Median Income,zip,2,14992,189,1472,Feat-LightGCN,0,0.9959976653047611,0.9896632210736912,0.7615489130434783,0.765625,0.9998540939879957,0.9995663591261122,0.7977786433719282,0.765625
21,Philadelphia,Median Income,zip,2,14992,189,1472,Feat-LightGCN,1,1.0,0.9893297765921975,0.764266304347826,0.765625,1.0,0.9986976286894484,0.802664224952741,0.765625
22,Philadelphia,Median Income,zip,2,14992,189,1472,Feat-LightGCN,2,0.9709830734595181,0.9556518839613204,0.7506793478260869,0.765625,0.9960277986742275,0.9932191702103207,0.8008209401583177,0.765625
23,Philadelphia,Median Income,zip,2,14992,189,1472,Feat-LightGCN,3,1.0,0.9909969989996665,0.765625,0.765625,1.0,0.9992433015040287,0.8002985069116257,0.765625
24,Philadelphia,Median Income,zip,2,14992,189,1472,Feat-LightGCN,4,0.9965813391144834,0.9863287762587529,0.7615489130434783,0.765625,0.9998601645962368,0.998885475348627,0.8002154344872401,0.765625
25,Philadelphia,Median Income,zip,2,14992,189,1472,Feat-LightGCN,5,1.0,0.9879959986662221,0.7615489130434783,0.765625,1.0,0.9992597199780958,0.8021473298676749,0.765625
26,Philadelphia,Median Income,zip,2,14992,189,1472,Feat-LightGCN,6,1.0,0.9879959986662221,0.764266304347826,0.765625,1.0,0.9989376281486047,0.8027722191044424,0.765625
27,Philadelphia,Median Income,zip,2,14992,189,1472,Feat-LightGCN,7,1.0,0.9883294431477159,0.764266304347826,0.765625,1.0,0.9992360580595875,0.8015390551157845,0.765625
28,Philadelphia,Median Income,zip,2,14992,189,1472,Feat-LightGCN,8,0.9878262319686484,0.9789929976658887,0.7574728260869565,0.765625,0.9990184339908638,0.9975715145269692,0.7991871824787334,0.765625
29,Philadelphia,Median Income,zip,2,14992,189,1472,Feat-LightGCN,9,1.0,0.9923307769256419,0.765625,0.765625,1.0,0.9995426972076039,0.8023125516895084,0.765625
30,Philadelphia,Median Income,zip,2,14992,189,1472,Feat\&PC-LightGCN,0,1.0,0.9973324441480493,0.7649456521739131,0.765625,1.0,0.9999435011333576,0.7905134983459357,0.765625
31,Philadelphia,Median Income,zip,2,14992,189,1472,Feat\&PC-LightGCN,1,1.0,0.9986662220740247,0.7649456521739131,0.765625,1.0,0.9999763380814917,0.7918980387523631,0.765625
32,Philadelphia,Median Income,zip,2,14992,189,1472,Feat\&PC-LightGCN,2,1.0,0.9976658886295432,0.7649456521739131,0.765625,1.0,0.9999468814074303,0.7978838684428168,0.765625
33,Philadelphia,Median Income,zip,2,14992,189,1472,Feat\&PC-LightGCN,3,1.0,0.9983327775925308,0.7649456521739131,0.765625,1.0,0.9999937223481509,0.790609493147448,0.765625
34,Philadelphia,Median Income,zip,2,14992,189,1472,Feat\&PC-LightGCN,4,1.0,0.9983327775925308,0.7649456521739131,0.765625,1.0,0.9999932394518548,0.7953381601488657,0.765625
35,Philadelphia,Median Income,zip,2,14992,189,1472,Feat\&PC-LightGCN,5,1.0,0.9956652217405801,0.7629076086956522,0.765625,1.0,0.9996769423779165,0.7922497120155956,0.765625
36,Philadelphia,Median Income,zip,2,14992,189,1472,Feat\&PC-LightGCN,6,1.0,0.9963321107035679,0.7635869565217391,0.765625,1.0,0.9998971430889331,0.7904119653827977,0.765625
37,Philadelphia,Median Income,zip,2,14992,189,1472,Feat\&PC-LightGCN,7,1.0,0.9966655551850617,0.764266304347826,0.765625,1.0,0.9996701818297713,0.7979327888705103,0.765625
38,Philadelphia,Median Income,zip,2,14992,189,1472,Feat\&PC-LightGCN,8,1.0,0.9969989996665555,0.7649456521739131,0.765625,1.0,0.9999188734222572,0.7933167311554821,0.765625
39,Philadelphia,Median Income,zip,2,14992,189,1472,Feat\&PC-LightGCN,9,1.0,0.9986662220740247,0.7649456521739131,0.765625,1.0,0.9999652314666816,0.7918878854560492,0.765625
40,Philadelphia,Median Income,zip,2,14992,189,1472,RGNN,0,0.9644792795797549,0.9593197732577526,0.7527173913043478,0.765625,0.9951955213045731,0.9940396110173756,0.7884837621101134,0.765625
41,Philadelphia,Median Income,zip,2,14992,189,1472,RGNN,1,0.922704911198199,0.9126375458486162,0.7404891304347826,0.765625,0.9780775386407805,0.9729684311375394,0.7848867261342156,0.765625
42,Philadelphia,Median Income,zip,2,14992,189,1472,RGNN,2,0.9613107646126907,0.9489829943314438,0.7588315217391305,0.765625,0.9942306268165766,0.9909162377742731,0.7902873567462193,0.765625
43,Philadelphia,Median Income,zip,2,14992,189,1472,RGNN,3,0.951221545901776,0.9416472157385796,0.7581521739130435,0.765625,0.9901342347391251,0.986545060502077,0.7921804849952742,0.765625
44,Philadelphia,Median Income,zip,2,14992,189,1472,RGNN,4,0.9423830567831235,0.9223074358119373,0.7561141304347826,0.765625,0.9861064314741889,0.9798608099716153,0.7861854250354442,0.765625
45,Philadelphia,Median Income,zip,2,14992,189,1472,RGNN,5,0.9111981989493871,0.8989663221073692,0.7289402173913043,0.765625,0.970490018289142,0.9649562157928336,0.7932567344045369,0.765625
46,Philadelphia,Median Income,zip,2,14992,189,1472,RGNN,6,0.8562494788626699,0.8512837612537513,0.7051630434782609,0.765625,0.8967425780622835,0.8939018889937308,0.7586662999172968,0.765625
47,Philadelphia,Median Income,zip,2,14992,189,1472,RGNN,7,0.9803218544150755,0.970323441147049,0.7595108695652174,0.765625,0.9980485410667285,0.9963324026312053,0.797000531663516,0.765625
48,Philadelphia,Median Income,zip,2,14992,189,1472,RGNN,8,0.9736512965896773,0.9639879959986662,0.7574728260869565,0.765625,0.9966172064111906,0.9941434337210346,0.7897667695534026,0.765625
49,Philadelphia,Median Income,zip,2,14992,189,1472,RGNN,9,0.9736512965896773,0.9689896632210737,0.7547554347826086,0.765625,0.9965413540102074,0.9961310348757364,0.788859434073724,0.765625
50,Philadelphia,Median Income,zip,2,14992,189,1472,Feat-RGNN,0,0.9687317601934462,0.9606535511837279,0.7581521739130435,0.765625,0.9951268418859646,0.9932751861806669,0.7980610896148395,0.765625
51,Philadelphia,Median Income,zip,2,14992,189,1472,Feat-RGNN,1,0.8574168264821146,0.8626208736245415,0.734375,0.765625,0.9263981939668666,0.9257242720096888,0.7921001816517014,0.765625
52,Philadelphia,Median Income,zip,2,14992,189,1472,Feat-RGNN,2,0.8515800883848912,0.8456152050683561,0.7126358695652174,0.765625,0.9267594253592442,0.9240266500807885,0.7897824610113423,0.765625
53,Philadelphia,Median Income,zip,2,14992,189,1472,Feat-RGNN,3,0.9709830734595181,0.9543181060353451,0.7567934782608695,0.765625,0.995849969115403,0.9903642873078434,0.7989647329867675,0.765625
54,Philadelphia,Median Income,zip,2,14992,189,1472,Feat-RGNN,4,0.98182272992579,0.9673224408136045,0.7574728260869565,0.765625,0.9977717998562141,0.996396144942289,0.7927259939154064,0.765625
55,Philadelphia,Median Income,zip,2,14992,189,1472,Feat-RGNN,5,0.9468856833152672,0.9389796598866289,0.7472826086956522,0.765625,0.9887151621081935,0.9846834952806545,0.796609168241966,0.765625
56,Philadelphia,Median Income,zip,2,14992,189,1472,Feat-RGNN,6,0.9357124989577253,0.928976325441814,0.7554347826086957,0.765625,0.9859810175402522,0.9812095393265915,0.7959021296077504,0.765625
57,Philadelphia,Median Income,zip,2,14992,189,1472,Feat-RGNN,7,0.9551404986241975,0.9506502167389129,0.7554347826086957,0.765625,0.9911580533897008,0.9899330609154361,0.8011772285562382,0.765625
58,Philadelphia,Median Income,zip,2,14992,189,1472,Feat-RGNN,8,0.6552155423997332,0.6558852950983661,0.5027173913043478,0.765625,0.7457559350917278,0.7533609582207783,0.6668066590855388,0.765625
59,Philadelphia,Median Income,zip,2,14992,189,1472,Feat-RGNN,9,0.9914116567997999,0.9893297765921975,0.7649456521739131,0.765625,0.9990524263768108,0.9988560186745655,0.804999483104915,0.765625
60,Philadelphia,Median Income,zip,2,14992,189,1472,Feat\&PC-RGNN,0,0.994413407821229,0.9913304434811604,0.7595108695652174,0.765625,0.9994554875821934,0.9990998813040906,0.7967014709357277,0.765625
61,Philadelphia,Median Income,zip,2,14992,189,1472,Feat\&PC-RGNN,1,0.978153923121821,0.968322774258086,0.7472826086956522,0.765625,0.9980828656750173,0.9959398079424852,0.7958901302575614,0.765625
62,Philadelphia,Median Income,zip,2,14992,189,1472,Feat\&PC-RGNN,2,0.9888268156424581,0.9826608869623208,0.7581521739130435,0.765625,0.9986649192174196,0.9976724398528518,0.7902836646384688,0.765625
63,Philadelphia,Median Income,zip,2,14992,189,1472,Feat\&PC-RGNN,3,0.9750687901275744,0.9736578859619873,0.7574728260869565,0.765625,0.9966652125395449,0.9956437925129827,0.8040607647093573,0.765625
64,Philadelphia,Median Income,zip,2,14992,189,1472,Feat\&PC-RGNN,4,0.9497206703910615,0.9473157719239746,0.7445652173913043,0.765625,0.9886635468371285,0.9873374933239587,0.7933665746101134,0.765625
65,Philadelphia,Median Income,zip,2,14992,189,1472,Feat\&PC-RGNN,5,0.960143416993246,0.9493164388129376,0.7540760869565217,0.765625,0.9920565940154795,0.9883576117494464,0.7933490370982986,0.765625
66,Philadelphia,Median Income,zip,2,14992,189,1472,Feat\&PC-RGNN,6,0.9871591761861086,0.976325441813938,0.7472826086956522,0.765625,0.997938801986907,0.995971679098027,0.7973946641658789,0.765625
67,Philadelphia,Median Income,zip,2,14992,189,1472,Feat\&PC-RGNN,7,0.998248978570833,0.9923307769256419,0.7622282608695652,0.765625,0.9999468142233203,0.9990916720670568,0.7952689331285444,0.765625
68,Philadelphia,Median Income,zip,2,14992,189,1472,Feat\&PC-RGNN,8,0.9729842408071375,0.9666555518506169,0.75,0.765625,0.9971986861150028,0.9948914400836762,0.7848359596526465,0.765625
69,Philadelphia,Median Income,zip,2,14992,189,1472,Feat\&PC-RGNN,9,0.9844075710831318,0.9846615538512837,0.7595108695652174,0.765625,0.9983474354670183,0.9987212906079567,0.7971823679702268,0.765625
70,Philadelphia,Median Income,zip,2,14992,189,1472,NoPreTrain,0,1.0,0.9923307769256419,0.7649456521739131,0.765625,1.0,0.9996870832001344,0.7702918241965974,0.765625
71,Philadelphia,Median Income,zip,2,14992,189,1472,NoPreTrain,1,1.0,0.9929976658886296,0.7635869565217391,0.765625,1.0,0.9991095392300121,0.7773354427575614,0.765625
72,Philadelphia,Median Income,zip,2,14992,189,1472,NoPreTrain,2,1.0,0.9893297765921975,0.7649456521739131,0.765625,1.0,0.999385755911375,0.7690872740430056,0.765625
73,Philadelphia,Median Income,zip,2,14992,189,1472,NoPreTrain,3,1.0,0.9903301100366789,0.7649456521739131,0.765625,1.0,0.99910857343742,0.787331824491966,0.765625
74,Philadelphia,Median Income,zip,2,14992,189,1472,NoPreTrain,4,1.0,0.9929976658886296,0.7629076086956522,0.765625,1.0,0.9974222995714778,0.7663200392840264,0.765625
75,Philadelphia,Median Income,zip,2,14992,189,1472,NoPreTrain,5,1.0,0.9913304434811604,0.7622282608695652,0.765625,1.0,0.9979143708971924,0.7837984773747638,0.765625
76,Philadelphia,Median Income,zip,2,14992,189,1472,NoPreTrain,6,1.0,0.991997332444148,0.7635869565217391,0.765625,0.9999999999999999,0.9981763421378205,0.7808835583057655,0.765625
77,Philadelphia,Median Income,zip,2,14992,189,1472,NoPreTrain,7,1.0,0.9939979993331111,0.7635869565217391,0.765625,1.0,0.9996754936890283,0.7612803122046313,0.765625
78,Philadelphia,Median Income,zip,2,14992,189,1472,NoPreTrain,8,1.0,0.9923307769256419,0.7663043478260869,0.765625,1.0,0.998238635760016,0.7691158878780718,0.765625
79,Philadelphia,Median Income,zip,2,14992,189,1472,NoPreTrain,9,1.0,0.9926642214071357,0.764266304347826,0.765625,1.0,0.9995934013186932,0.7686239145203213,0.765625
80,Philadelphia,Median Home Value,zip,2,14844,189,1482,Emb,0,1.0,0.9895622895622895,0.8468286099865048,0.8481781376518218,1.0,0.9988119519121375,0.8494794028567734,0.8481781376518219
81,Philadelphia,Median Home Value,zip,2,14844,189,1482,Emb,1,0.9756611083038572,0.9707070707070707,0.8313090418353576,0.8481781376518218,0.9961695954163136,0.9939484794097276,0.8500266809450701,0.8481781376518219
82,Philadelphia,Median Home Value,zip,2,14844,189,1482,Emb,2,0.9981472123968335,0.990909090909091,0.8461538461538461,0.8481781376518218,0.9999427357515558,0.9987785678668497,0.8527375742376808,0.8481781376518219
83,Philadelphia,Median Home Value,zip,2,14844,189,1482,Emb,3,0.9570490146538656,0.9410774410774411,0.819838056680162,0.8481781376518218,0.9942329894925245,0.9874958203705203,0.8572560332628518,0.8481781376518219
84,Philadelphia,Median Home Value,zip,2,14844,189,1482,Emb,4,0.9974734714502274,0.9922558922558923,0.844804318488529,0.8481781376518218,0.9999299035198546,0.9986959026118511,0.8572032177401876,0.8481781376518219
85,Philadelphia,Median Home Value,zip,2,14844,189,1482,Emb,5,0.8911908371231262,0.8828282828282829,0.7354925775978407,0.8481781376518218,0.9750422377714387,0.9700126488438258,0.8399434691785,0.8481781376518219
86,Philadelphia,Median Home Value,zip,2,14844,189,1482,Emb,6,0.9899781034192353,0.9821548821548821,0.840080971659919,0.8481781376518218,0.9992242634091765,0.9971973299122635,0.8514663592439002,0.8481781376518219
87,Philadelphia,Median Home Value,zip,2,14844,189,1482,Emb,7,1.0,0.9942760942760943,0.8488529014844804,0.8481781376518218,1.0,0.999262371570783,0.849300012202207,0.8481781376518219
88,Philadelphia,Median Home Value,zip,2,14844,189,1482,Emb,8,0.9610914603335018,0.9494949494949495,0.8157894736842105,0.8481781376518218,0.9922022805362599,0.9867444143988038,0.8424294411935579,0.8481781376518219
89,Philadelphia,Median Home Value,zip,2,14844,189,1482,Emb,9,0.9981472123968335,0.9932659932659933,0.844804318488529,0.8481781376518218,0.9999789113711577,0.9995787251427962,0.8556041822609051,0.8481781376518219
90,Philadelphia,Median Home Value,zip,2,14844,189,1482,LightGCN,0,0.9871989220144854,0.9784511784511785,0.8367071524966262,0.8481781376518218,0.9990317467754376,0.9971072459805346,0.8717065423862782,0.8481781376518219
91,Philadelphia,Median Home Value,zip,2,14844,189,1482,LightGCN,1,0.9930941552972882,0.9878787878787879,0.8421052631578947,0.8481781376518218,0.9996230573385559,0.9992586622324177,0.8664004035834422,0.8481781376518219
92,Philadelphia,Median Home Value,zip,2,14844,189,1482,LightGCN,2,1.0,0.9922558922558923,0.8481781376518218,0.8481781376518218,1.0,0.9991516213253042,0.8690921740143986,0.8481781376518219
93,Philadelphia,Median Home Value,zip,2,14844,189,1482,LightGCN,3,0.9936836786255685,0.9878787878787879,0.840080971659919,0.8481781376518218,0.9996823773967302,0.9990986307772283,0.8646438321486265,0.8481781376518219
94,Philadelphia,Median Home Value,zip,2,14844,189,1482,LightGCN,4,0.994525854808826,0.9885521885521885,0.8421052631578947,0.8481781376518218,0.9997188845985465,0.9985210338032005,0.8672745915447813,0.8481781376518219
95,Philadelphia,Median Home Value,zip,2,14844,189,1482,LightGCN,5,0.9903149738925383,0.9831649831649831,0.8387314439946019,0.8481781376518218,0.9994508003781231,0.9979725816306145,0.8602473951930589,0.8481781376518219
96,Philadelphia,Median Home Value,zip,2,14844,189,1482,LightGCN,6,0.9957891190837123,0.990909090909091,0.8441295546558705,0.8481781376518218,0.9999238024071078,0.9983843181891646,0.8693562516277196,0.8481781376518219
97,Philadelphia,Median Home Value,zip,2,14844,189,1482,LightGCN,7,0.9873673572511369,0.9811447811447811,0.8373819163292847,0.8481781376518218,0.9987815016781543,0.9983546434822421,0.8651656130880507,0.8481781376518219
98,Philadelphia,Median Home Value,zip,2,14844,189,1482,LightGCN,8,0.9834091291898265,0.969023569023569,0.8387314439946019,0.8481781376518218,0.9985258517907744,0.9966313908588126,0.8697132117119332,0.8481781376518219
99,Philadelphia,Median Home Value,zip,2,14844,189,1482,LightGCN,9,1.0,0.9936026936026936,0.8461538461538461,0.8481781376518218,1.0,0.9997080220801016,0.8720580387957332,0.8481781376518219
100,Philadelphia,Median Home Value,zip,2,14844,189,1482,Feat-LightGCN,0,1.0,0.9919191919191919,0.8468286099865048,0.8481781376518218,1.0,0.9992496538392446,0.877652841748303,0.8481781376518219
101,Philadelphia,Median Home Value,zip,2,14844,189,1482,Feat-LightGCN,1,0.9983156476334849,0.9946127946127946,0.8461538461538461,0.8481781376518218,0.9999896546349076,0.9995400420427009,0.8759108401128431,0.8481781376518219
102,Philadelphia,Median Home Value,zip,2,14844,189,1482,Feat-LightGCN,2,1.0,0.9932659932659933,0.8481781376518218,0.8481781376518218,1.0,0.9992793285461672,0.8778358748527083,0.8481781376518219
103,Philadelphia,Median Home Value,zip,2,14844,189,1482,Feat-LightGCN,3,1.0,0.9932659932659933,0.8468286099865048,0.8481781376518218,1.0,0.9995728961825079,0.8779487907977147,0.8481781376518219
104,Philadelphia,Median Home Value,zip,2,14844,189,1482,Feat-LightGCN,4,0.9965470776486441,0.9915824915824916,0.8461538461538461,0.8481781376518218,0.9998906110274363,0.9991850053705922,0.876373431242385,0.8481781376518219
105,Philadelphia,Median Home Value,zip,2,14844,189,1482,Feat-LightGCN,5,0.995873336702038,0.9878787878787879,0.8434547908232118,0.8481781376518218,0.9998097712835412,0.9989057451822319,0.872260194761793,0.8481781376518219
106,Philadelphia,Median Home Value,zip,2,14844,189,1482,Feat-LightGCN,6,0.998989388580091,0.9925925925925926,0.844804318488529,0.8481781376518218,0.999997048918291,0.9993270200394356,0.8746441781813612,0.8481781376518219
107,Philadelphia,Median Home Value,zip,2,14844,189,1482,Feat-LightGCN,7,0.9980629947785077,0.9936026936026936,0.8441295546558705,0.8481781376518218,0.9999795413773653,0.9997822088474078,0.8790925200471333,0.8481781376518219
108,Philadelphia,Median Home Value,zip,2,14844,189,1482,Feat-LightGCN,8,1.0,0.9922558922558923,0.8454790823211876,0.8481781376518218,1.0,0.9992374660131872,0.8766775758039342,0.8481781376518219
109,Philadelphia,Median Home Value,zip,2,14844,189,1482,Feat-LightGCN,9,0.9978103419235304,0.9932659932659933,0.8414304993252362,0.8481781376518218,0.9999551369263782,0.9996375446511606,0.8738683363656728,0.8481781376518219
110,Philadelphia,Median Home Value,zip,2,14844,189,1482,Feat\&PC-LightGCN,0,1.0,0.9983164983164983,0.8475033738191633,0.8481781376518218,1.0,0.9999464795464432,0.860893930039466,0.8481781376518219
111,Philadelphia,Median Home Value,zip,2,14844,189,1482,Feat\&PC-LightGCN,1,1.0,0.998989898989899,0.8481781376518218,0.8481781376518218,1.0,0.9999825131191349,0.8589789120366577,0.8481781376518219
112,Philadelphia,Median Home Value,zip,2,14844,189,1482,Feat\&PC-LightGCN,2,1.0,0.9976430976430977,0.849527665317139,0.8481781376518218,1.0,0.999969265482116,0.861158007652787,0.8481781376518219
113,Philadelphia,Median Home Value,zip,2,14844,189,1482,Feat\&PC-LightGCN,3,1.0,0.997979797979798,0.8475033738191633,0.8481781376518218,1.0,0.9999856925520195,0.860498724231944,0.8481781376518219
114,Philadelphia,Median Home Value,zip,2,14844,189,1482,Feat\&PC-LightGCN,4,1.0,0.997979797979798,0.8481781376518218,0.8481781376518218,1.0,0.9999862224575002,0.861644274706282,0.8481781376518219
115,Philadelphia,Median Home Value,zip,2,14844,189,1482,Feat\&PC-LightGCN,5,1.0,0.996969696969697,0.8475033738191633,0.8481781376518218,1.0,0.999947009451924,0.8615832636714802,0.8481781376518219
116,Philadelphia,Median Home Value,zip,2,14844,189,1482,Feat\&PC-LightGCN,6,1.0,0.9986531986531987,0.8468286099865048,0.8481781376518218,1.0,0.9999772140643274,0.8615523028478494,0.8481781376518219
117,Philadelphia,Median Home Value,zip,2,14844,189,1482,Feat\&PC-LightGCN,7,1.0,0.998989898989899,0.8481781376518218,0.8481781376518218,1.0,0.9999761542533658,0.8605952491526752,0.8481781376518219
118,Philadelphia,Median Home Value,zip,2,14844,189,1482,Feat\&PC-LightGCN,8,1.0,0.9966329966329966,0.8475033738191633,0.8481781376518218,1.0,0.9999591972779815,0.8616907159417281,0.8481781376518219
119,Philadelphia,Median Home Value,zip,2,14844,189,1482,Feat\&PC-LightGCN,9,1.0,0.9983164983164983,0.8461538461538461,0.8481781376518218,1.0,0.9999909916068271,0.8612572644108976,0.8481781376518219
120,Philadelphia,Median Home Value,zip,2,14844,189,1482,RGNN,0,0.9574701027454944,0.9498316498316498,0.8272604588394062,0.8481781376518218,0.9915306607607897,0.9892826616516411,0.8681059807205129,0.8481781376518219
121,Philadelphia,Median Home Value,zip,2,14844,189,1482,RGNN,1,0.6930267812026276,0.6946127946127946,0.5080971659919028,0.8481781376518218,0.5978251588867365,0.5972016221466577,0.5816664572258008,0.8481781376518219
122,Philadelphia,Median Home Value,zip,2,14844,189,1482,RGNN,2,0.8857166919319521,0.8818181818181818,0.7874493927125507,0.8481781376518218,0.9486371523348047,0.9458831378247062,0.8489822084537617,0.8481781376518219
123,Philadelphia,Median Home Value,zip,2,14844,189,1482,RGNN,3,0.9477008590197069,0.935016835016835,0.805668016194332,0.8481781376518218,0.9907038770880436,0.9865594773860186,0.8631904946629003,0.8481781376518219
124,Philadelphia,Median Home Value,zip,2,14844,189,1482,RGNN,4,0.9870304867778339,0.9754208754208754,0.8367071524966262,0.8481781376518218,0.9985280568125008,0.9954104886311429,0.8663976717460631,0.8481781376518219
125,Philadelphia,Median Home Value,zip,2,14844,189,1482,RGNN,5,0.9382684857672225,0.9249158249158249,0.8130904183535762,0.8481781376518218,0.9841887010508801,0.9808296094225673,0.8648268652530319,0.8481781376518219
126,Philadelphia,Median Home Value,zip,2,14844,189,1482,RGNN,6,0.9275728482398518,0.9202020202020202,0.8076923076923077,0.8481781376518218,0.9780599011891631,0.973425770045397,0.8620385699013442,0.8481781376518219
127,Philadelphia,Median Home Value,zip,2,14844,189,1482,RGNN,7,0.9512379989893885,0.9451178451178451,0.8191632928475033,0.8481781376518218,0.9893247106041617,0.9875085381020589,0.8741497156157287,0.8481781376518219
128,Philadelphia,Median Home Value,zip,2,14844,189,1482,RGNN,8,0.9464375947448206,0.9383838383838384,0.8164642375168691,0.8481781376518218,0.986232291976178,0.980751183411415,0.8588532475172151,0.8481781376518219
129,Philadelphia,Median Home Value,zip,2,14844,189,1482,RGNN,9,0.9776823311436753,0.968013468013468,0.8333333333333334,0.8481781376518218,0.996760955716764,0.9929040357071509,0.8723594515199032,0.8481781376518219
130,Philadelphia,Median Home Value,zip,2,14844,189,1482,Feat-RGNN,0,0.9656392117230924,0.9575757575757575,0.8380566801619433,0.8481781376518218,0.9938236512487237,0.9909598124982446,0.8748672782339946,0.8481781376518219
131,Philadelphia,Median Home Value,zip,2,14844,189,1482,Feat-RGNN,1,0.9683341755095166,0.9579124579124579,0.8380566801619433,0.8481781376518218,0.9924555761899166,0.9886859880803062,0.8727537467149655,0.8481781376518219
132,Philadelphia,Median Home Value,zip,2,14844,189,1482,Feat-RGNN,2,0.977766548762001,0.9730639730639731,0.8373819163292847,0.8481781376518218,0.9971547095964833,0.9955487939616211,0.8752151321936107,0.8481781376518219
133,Philadelphia,Median Home Value,zip,2,14844,189,1482,Feat-RGNN,3,0.9471113356914267,0.9430976430976431,0.8171390013495277,0.8481781376518218,0.9847685057111555,0.9818443784182216,0.8655371429716198,0.8481781376518219
134,Philadelphia,Median Home Value,zip,2,14844,189,1482,Feat-RGNN,4,0.9537645275391612,0.9494949494949495,0.8313090418353576,0.8481781376518218,0.9910328232239387,0.9883950699713693,0.864819580353354,0.8481781376518219
135,Philadelphia,Median Home Value,zip,2,14844,189,1482,Feat-RGNN,5,0.938773791477177,0.9313131313131313,0.8083670715249662,0.8481781376518218,0.9814492682693429,0.9809716240914108,0.869492843496679,0.8481781376518219
136,Philadelphia,Median Home Value,zip,2,14844,189,1482,Feat-RGNN,6,0.8739262253663467,0.8609427609427609,0.7678812415654521,0.8481781376518218,0.9351427343721739,0.9307980535511882,0.8437425443604859,0.8481781376518219
137,Philadelphia,Median Home Value,zip,2,14844,189,1482,Feat-RGNN,7,0.9502273875694796,0.9420875420875421,0.8245614035087719,0.8481781376518218,0.9877741658527152,0.9858271480116091,0.8659232426545446,0.8481781376518219
138,Philadelphia,Median Home Value,zip,2,14844,189,1482,Feat-RGNN,8,0.9122452417045646,0.9067340067340067,0.7948717948717948,0.8481781376518218,0.9666210940071057,0.967031930514554,0.8669813743327487,0.8481781376518219
139,Philadelphia,Median Home Value,zip,2,14844,189,1482,Feat-RGNN,9,0.9224355735219808,0.9151515151515152,0.8124156545209177,0.8481781376518218,0.977445910402573,0.9721683043395549,0.8646338154115695,0.8481781376518219
140,Philadelphia,Median Home Value,zip,2,14844,189,1482,Feat\&PC-RGNN,0,0.9803772949300994,0.9693602693602693,0.8286099865047234,0.8481781376518218,0.9973918406171832,0.9952954991418181,0.8708651364734893,0.8481781376518219
141,Philadelphia,Median Home Value,zip,2,14844,189,1482,Feat\&PC-RGNN,1,0.9401212733703891,0.9343434343434344,0.8090418353576249,0.8481781376518218,0.9857350015499811,0.9819673164897578,0.866062566360883,0.8481781376518219
142,Philadelphia,Median Home Value,zip,2,14844,189,1482,Feat\&PC-RGNN,2,0.9015496041771939,0.8888888888888888,0.7780026990553306,0.8481781376518218,0.9634643650086198,0.9604377867119841,0.8589288283513725,0.8481781376518219
143,Philadelphia,Median Home Value,zip,2,14844,189,1482,Feat\&PC-RGNN,3,0.9863567458312279,0.9750841750841751,0.8272604588394062,0.8481781376518218,0.9984958104421406,0.9974824190609121,0.8644252851582916,0.8481781376518219
144,Philadelphia,Median Home Value,zip,2,14844,189,1482,Feat\&PC-RGNN,4,0.9905676267475155,0.9835016835016835,0.8380566801619433,0.8481781376518218,0.9988793184314319,0.9956916034886858,0.8728238638743646,0.8481781376518219
145,Philadelphia,Median Home Value,zip,2,14844,189,1482,Feat\&PC-RGNN,5,0.9450901128516086,0.9437710437710438,0.7975708502024291,0.8481781376518218,0.9909112651841029,0.9887935588929002,0.8615058616124034,0.8481781376518219
146,Philadelphia,Median Home Value,zip,2,14844,189,1482,Feat\&PC-RGNN,6,0.9624389422267138,0.9616161616161616,0.8252361673414305,0.8481781376518218,0.9934363300639659,0.9926502109818672,0.8597392734405306,0.8481781376518219
147,Philadelphia,Median Home Value,zip,2,14844,189,1482,Feat\&PC-RGNN,7,0.9082027960249284,0.9117845117845118,0.7834008097165992,0.8481781376518218,0.9503115264642564,0.9481895514297115,0.846837716111102,0.8481781376518219
148,Philadelphia,Median Home Value,zip,2,14844,189,1482,Feat\&PC-RGNN,8,0.9205827859188143,0.9202020202020202,0.7928475033738192,0.8481781376518218,0.978611886101642,0.9757716616087188,0.8565621465685391,0.8481781376518219
149,Philadelphia,Median Home Value,zip,2,14844,189,1482,Feat\&PC-RGNN,9,0.9849250463196901,0.9804713804713805,0.8394062078272605,0.8481781376518218,0.9982992485053849,0.9966239721820819,0.8751787076952215,0.8481781376518219
150,Philadelphia,Median Home Value,zip,2,14844,189,1482,NoPreTrain,0,1.0,0.9929292929292929,0.8461538461538461,0.8481781376518218,1.0,0.9993752414381847,0.8540115210688404,0.8481781376518219
151,Philadelphia,Median Home Value,zip,2,14844,189,1482,NoPreTrain,1,1.0,0.9949494949494949,0.8488529014844804,0.8481781376518218,1.0,0.9996719885074099,0.8578479313616751,0.8481781376518219
152,Philadelphia,Median Home Value,zip,2,14844,189,1482,NoPreTrain,2,1.0,0.9919191919191919,0.8468286099865048,0.8481781376518218,1.0,0.9981866634448413,0.8619538829425896,0.8481781376518219
153,Philadelphia,Median Home Value,zip,2,14844,189,1482,NoPreTrain,3,1.0,0.9952861952861953,0.8468286099865048,0.8481781376518218,1.0,0.9995797849537578,0.8513516220739744,0.8481781376518219
154,Philadelphia,Median Home Value,zip,2,14844,189,1482,NoPreTrain,4,1.0,0.9939393939393939,0.8488529014844804,0.8481781376518218,1.0,0.9992300473364567,0.8499656699102682,0.8481781376518219
155,Philadelphia,Median Home Value,zip,2,14844,189,1482,NoPreTrain,5,1.0,0.9939393939393939,0.8468286099865048,0.8481781376518218,1.0,0.9983774294179146,0.8614922024255074,0.8481781376518219
156,Philadelphia,Median Home Value,zip,2,14844,189,1482,NoPreTrain,6,1.0,0.9912457912457913,0.8475033738191633,0.8481781376518218,1.0,0.9985581271868537,0.8629255064371194,0.8481781376518219
157,Philadelphia,Median Home Value,zip,2,14844,189,1482,NoPreTrain,7,1.0,0.9932659932659933,0.8481781376518218,0.8481781376518218,1.0,0.9995479906249123,0.8419759561886133,0.8481781376518219
158,Philadelphia,Median Home Value,zip,2,14844,189,1482,NoPreTrain,8,1.0,0.9925925925925926,0.8461538461538461,0.8481781376518218,1.0,0.9985507085101231,0.8523259774058837,0.8481781376518219
159,Philadelphia,Median Home Value,zip,2,14844,189,1482,NoPreTrain,9,1.0,0.9915824915824916,0.8461538461538461,0.8481781376518218,1.0,0.999306353725686,0.8476308595635252,0.8481781376518219
160,Philadelphia,Median Age,zip,2,15530,189,1546,Emb,0,0.9897778493238892,0.9800386349001932,0.666882276843467,0.6694695989650712,0.9993805532510466,0.9982453362718462,0.6814991974801379,0.6694747888259778
161,Philadelphia,Median Age,zip,2,15530,189,1546,Emb,1,1.0,0.9935608499678042,0.6694695989650712,0.6694695989650712,1.0,0.9997817225342985,0.6865536500009205,0.6694747888259778
162,Philadelphia,Median Age,zip,2,15530,189,1546,Emb,2,1.0,0.9932388924661945,0.6694695989650712,0.6694695989650712,1.0,0.9990221845056775,0.6843377244586966,0.6694747888259778
163,Philadelphia,Median Age,zip,2,15530,189,1546,Emb,3,1.0,0.9942047649710238,0.6681759379042691,0.6694695989650712,1.0,0.9992548167756998,0.6848055123658353,0.6694747888259778
164,Philadelphia,Median Age,zip,2,15530,189,1546,Emb,4,1.0,0.9929169349645847,0.6701164294954722,0.6694695989650712,1.0,0.9991142241333815,0.6835937826886674,0.6694747888259778
165,Philadelphia,Median Age,zip,2,15530,189,1546,Emb,5,0.9921925305859627,0.9877656149388281,0.666235446313066,0.6694695989650712,0.9994802848373158,0.9971623929458804,0.6810288990833365,0.6694747888259778
166,Philadelphia,Median Age,zip,2,15530,189,1546,Emb,6,0.8578557630392788,0.8647778493238892,0.6293661060802069,0.6694695989650712,0.9440915599028096,0.9402958356290465,0.6614537743538418,0.6694747888259778
167,Philadelphia,Median Age,zip,2,15530,189,1546,Emb,7,1.0,0.9909851899549259,0.6675291073738681,0.6694695989650712,1.0,0.9984876791447913,0.681295847817464,0.6694747888259778
168,Philadelphia,Median Age,zip,2,15530,189,1546,Emb,8,0.6505956213779781,0.6577591757887958,0.5200517464424321,0.6694695989650712,0.9791889113358625,0.968711804082253,0.6850113725181717,0.6694747888259778
169,Philadelphia,Median Age,zip,2,15530,189,1546,Emb,9,0.8718609143593046,0.8721828718609144,0.628072445019405,0.6694695989650712,0.9267231438499163,0.9301351673706854,0.6522051304366745,0.6694747888259778
170,Philadelphia,Median Age,zip,2,15530,189,1546,LightGCN,0,0.9996780424983902,0.9945267224726336,0.6675291073738681,0.6694695989650712,0.9999975987367773,0.999588777076222,0.6868507246109996,0.6694747888259778
171,Philadelphia,Median Age,zip,2,15530,189,1546,LightGCN,1,0.9952511268512556,0.9903412749517064,0.666882276843467,0.6694695989650712,0.999750189462307,0.9992615719777331,0.6882214519668014,0.6694747888259778
172,Philadelphia,Median Age,zip,2,15530,189,1546,LightGCN,2,0.9999195106245976,0.9909851899549259,0.6675291073738681,0.6694695989650712,0.9999999472249842,0.9993785214129349,0.6899361164063847,0.6694747888259778
173,Philadelphia,Median Age,zip,2,15530,189,1546,LightGCN,3,0.9964584674822924,0.9935608499678042,0.666882276843467,0.6694695989650712,0.9997610611155794,0.9997424579224798,0.6850724610999627,0.6694747888259778
174,Philadelphia,Median Age,zip,2,15530,189,1546,LightGCN,4,0.9960560206052801,0.9909851899549259,0.666882276843467,0.6694695989650712,0.9997215326286814,0.9986768248017243,0.6849050951224533,0.6694747888259778
175,Philadelphia,Median Age,zip,2,15530,189,1546,LightGCN,5,0.9938023180940115,0.9871216999356085,0.666235446313066,0.6694695989650712,0.999700449009835,0.998613916982789,0.6892156058732068,0.6694747888259778
176,Philadelphia,Median Age,zip,2,15530,189,1546,LightGCN,6,0.9959755312298777,0.9916291049581455,0.6681759379042691,0.6694695989650712,0.9997892297803082,0.9993641666086142,0.6896164473893418,0.6694747888259778
177,Philadelphia,Median Age,zip,2,15530,189,1546,LightGCN,7,0.9963779781068899,0.9906632324533161,0.6688227684346701,0.6694695989650712,0.999896534581357,0.9985024561492393,0.6849544680858186,0.6694747888259778
178,Philadelphia,Median Age,zip,2,15530,189,1546,LightGCN,8,0.9996780424983902,0.9913071474565357,0.666235446313066,0.6694695989650712,0.9999998152874444,0.9991532776451365,0.6903796362467844,0.6694747888259778
179,Philadelphia,Median Age,zip,2,15530,189,1546,LightGCN,9,0.9995975531229878,0.9906632324533161,0.6675291073738681,0.6694695989650712,0.9999985222995552,0.999415252823991,0.6923194079261179,0.6694747888259778
180,Philadelphia,Median Age,zip,2,15530,189,1546,Feat-LightGCN,0,0.9963779781068899,0.9922730199613651,0.6688227684346701,0.6694695989650712,0.9997634359912942,0.9989533658849631,0.6966650655321485,0.6694747888259778
181,Philadelphia,Median Age,zip,2,15530,189,1546,Feat-LightGCN,1,0.9972633612363168,0.9948486799742434,0.6675291073738681,0.6694695989650712,0.999824786947261,0.9995279802579221,0.692856652713923,0.6694747888259778
182,Philadelphia,Median Age,zip,2,15530,189,1546,Feat-LightGCN,2,0.9966194462330973,0.9916291049581455,0.6714100905562742,0.6694695989650712,0.9998474274290756,0.9994806938436889,0.697153774186476,0.6694747888259778
183,Philadelphia,Median Age,zip,2,15530,189,1546,Feat-LightGCN,3,1.0,0.9945267224726336,0.6688227684346701,0.6694695989650712,1.0,0.9997977661391276,0.6936541515967551,0.6694747888259778
184,Philadelphia,Median Age,zip,2,15530,189,1546,Feat-LightGCN,4,0.9967804249839022,0.9922730199613651,0.6694695989650712,0.6694695989650712,0.9997747298446936,0.9990399169110149,0.6927378228698914,0.6694747888259778
185,Philadelphia,Median Age,zip,2,15530,189,1546,Feat-LightGCN,5,0.9979072762395363,0.9913071474565357,0.6636481241914618,0.6694695989650712,0.9999504442600837,0.9990076186012932,0.6951001936424359,0.6694747888259778
186,Philadelphia,Median Age,zip,2,15530,189,1546,Feat-LightGCN,6,0.9975853187379266,0.9919510624597553,0.6681759379042691,0.6694695989650712,0.9999611839758165,0.9994828048443242,0.6954960141792457,0.6694747888259778
187,Philadelphia,Median Age,zip,2,15530,189,1546,Feat-LightGCN,7,0.996216999356085,0.9916291049581455,0.6675291073738681,0.6694695989650712,0.9997740437694872,0.998839794050778,0.6954993614987959,0.6694747888259778
188,Philadelphia,Median Age,zip,2,15530,189,1546,Feat-LightGCN,8,0.996216999356085,0.9903412749517064,0.666882276843467,0.6694695989650712,0.999886823978434,0.9990728485209274,0.6917419953037107,0.6694747888259778
189,Philadelphia,Median Age,zip,2,15530,189,1546,Feat-LightGCN,9,1.0,0.9922730199613651,0.6694695989650712,0.6694695989650712,1.0,0.9996744837020196,0.6966625550424859,0.6694747888259778
190,Philadelphia,Median Age,zip,2,15530,189,1546,Feat\&PC-LightGCN,0,1.0,0.9977462974887314,0.6688227684346701,0.6694695989650712,1.0,0.9999890227966959,0.6802180109223037,0.6694747888259778
191,Philadelphia,Median Age,zip,2,15530,189,1546,Feat\&PC-LightGCN,1,1.0,0.9987121699935608,0.6701164294954722,0.6694695989650712,1.0,0.9999966223989833,0.6820992045095089,0.6694747888259778
192,Philadelphia,Median Age,zip,2,15530,189,1546,Feat\&PC-LightGCN,2,1.0,0.9977462974887314,0.6694695989650712,0.6694695989650712,1.0,0.9999670683900876,0.6830883374365893,0.6694747888259778
193,Philadelphia,Median Age,zip,2,15530,189,1546,Feat\&PC-LightGCN,3,1.0,0.9980682549903412,0.6694695989650712,0.6694695989650712,1.0,0.9999121823735669,0.6820648944841196,0.6694747888259778
194,Philadelphia,Median Age,zip,2,15530,189,1546,Feat\&PC-LightGCN,4,1.0,0.9971023824855119,0.6681759379042691,0.6694695989650712,1.0,0.9999788899936458,0.6790656961671518,0.6694747888259778
195,Philadelphia,Median Age,zip,2,15530,189,1546,Feat\&PC-LightGCN,5,1.0,0.9971023824855119,0.6694695989650712,0.6694695989650712,1.0,0.9998184539453546,0.6862841907771304,0.6694747888259778
196,Philadelphia,Median Age,zip,2,15530,189,1546,Feat\&PC-LightGCN,6,1.0,0.9967804249839022,0.6688227684346701,0.6694695989650712,1.0,0.9999662239898334,0.6834155379226201,0.6694747888259778
197,Philadelphia,Median Age,zip,2,15530,189,1546,Feat\&PC-LightGCN,7,1.0,0.9971023824855119,0.666882276843467,0.6694695989650712,1.0,0.9999425807827168,0.6836699342084341,0.6694747888259778
198,Philadelphia,Median Age,zip,2,15530,189,1546,Feat\&PC-LightGCN,8,1.0,0.9974243399871217,0.6681759379042691,0.6694695989650712,1.0,0.9999421585825897,0.6860297944913162,0.6694747888259778
199,Philadelphia,Median Age,zip,2,15530,189,1546,Feat\&PC-LightGCN,9,1.0,0.998390212491951,0.6688227684346701,0.6694695989650712,1.0,0.9998733399618753,0.6842523678101669,0.6694747888259778
200,Philadelphia,Median Age,zip,2,15530,189,1546,RGNN,0,0.9360109465550547,0.927237604636188,0.6507115135834411,0.6694695989650712,0.9846208326208705,0.9798663314397659,0.6912424078608452,0.6694747888259778
201,Philadelphia,Median Age,zip,2,15530,189,1546,RGNN,1,0.9232936252414681,0.9156471345782357,0.6571798188874515,0.6694695989650712,0.976784428837113,0.9745793303483784,0.6824799621083427,0.6694747888259778
202,Philadelphia,Median Age,zip,2,15530,189,1546,RGNN,2,0.9624919510624598,0.9587894397939472,0.6558861578266494,0.6694695989650712,0.9917268301847757,0.9896421642822915,0.6878557573059434,0.6694747888259778
203,Philadelphia,Median Age,zip,2,15530,189,1546,RGNN,3,0.9442208628461043,0.9327108821635544,0.6455368693402329,0.6694695989650712,0.9861554113390288,0.9837273516019328,0.68135861005903,0.6694747888259778
204,Philadelphia,Median Age,zip,2,15530,189,1546,RGNN,4,0.919832582099163,0.9072762395363811,0.6539456662354464,0.6694695989650712,0.978675621531362,0.9741801401282223,0.6846523724964142,0.6694747888259778
205,Philadelphia,Median Age,zip,2,15530,189,1546,RGNN,5,0.8304893754024468,0.8354797166773986,0.6131953428201811,0.6694695989650712,0.9015214773204647,0.8963874446126208,0.647678717574934,0.6694747888259778
206,Philadelphia,Median Age,zip,2,15530,189,1546,RGNN,6,0.9140373470701867,0.9172569220862846,0.6377749029754204,0.6694695989650712,0.9734458549447024,0.9734151134979492,0.679277414128701,0.6694747888259778
207,Philadelphia,Median Age,zip,2,15530,189,1546,RGNN,7,0.8897295556986478,0.8886027044430135,0.630012936610608,0.6694695989650712,0.9544605575363778,0.9519924679497329,0.6735509872082184,0.6694747888259778
208,Philadelphia,Median Age,zip,2,15530,189,1546,RGNN,8,0.9471989697359948,0.9459111397295557,0.6558861578266494,0.6694695989650712,0.9908865068005887,0.990740940113023,0.6803192673386969,0.6694747888259778
209,Philadelphia,Median Age,zip,2,15530,189,1546,RGNN,9,0.9231326464906632,0.9249839021249195,0.6578266494178525,0.6694695989650712,0.9835444861718905,0.9819821873766383,0.6911963822170301,0.6694747888259778
210,Philadelphia,Median Age,zip,2,15530,189,1546,Feat-RGNN,0,0.9618480360592402,0.9581455247907277,0.6636481241914618,0.6694695989650712,0.9937056821804103,0.9913465861953226,0.703363051952073,0.6694747888259778
211,Philadelphia,Median Age,zip,2,15530,189,1546,Feat-RGNN,1,0.953879587894398,0.9401159047005795,0.6675291073738681,0.6694695989650712,0.987648614444733,0.9841094427169422,0.6912432446907328,0.6694747888259778
212,Philadelphia,Median Age,zip,2,15530,189,1546,Feat-RGNN,2,0.9748873148744366,0.9642627173213136,0.6765847347994826,0.6694695989650712,0.9970119313755914,0.9943598285023084,0.6986115318505824,0.6694747888259778
213,Philadelphia,Median Age,zip,2,15530,189,1546,Feat-RGNN,3,0.8418383773341919,0.8374114616870573,0.6177231565329884,0.6694695989650712,0.9259681312789074,0.9237650118532685,0.6707702014919004,0.6694747888259778
214,Philadelphia,Median Age,zip,2,15530,189,1546,Feat-RGNN,4,0.9513039278815196,0.9407598197037991,0.6675291073738681,0.6694695989650712,0.9909470529375628,0.9888927590567205,0.6946407740341728,0.6694747888259778
215,Philadelphia,Median Age,zip,2,15530,189,1546,Feat-RGNN,5,0.9167739858338699,0.9008370895041854,0.6461836998706338,0.6694695989650712,0.9781388336510389,0.9700199911760173,0.6948926598303244,0.6694747888259778
216,Philadelphia,Median Age,zip,2,15530,189,1546,Feat-RGNN,6,0.9678042498390212,0.9571796522858983,0.6630012936610608,0.6694695989650712,0.9947189229041458,0.9931764015460969,0.6972098417889413,0.6694747888259778
217,Philadelphia,Median Age,zip,2,15530,189,1546,Feat-RGNN,7,0.9587089504185448,0.9513844172569221,0.6617076326002588,0.6694695989650712,0.9931863496365911,0.9904684099309914,0.6915629137077757,0.6694747888259778
218,Philadelphia,Median Age,zip,2,15530,189,1546,Feat-RGNN,8,0.8457823567289118,0.8515775917578879,0.6274256144890039,0.6694695989650712,0.867448053551864,0.8722099432351929,0.6506067853514601,0.6694747888259778
219,Philadelphia,Median Age,zip,2,15530,189,1546,Feat-RGNN,9,0.9747263361236317,0.9629748873148745,0.6610608020698577,0.6694695989650712,0.9963814546483177,0.9945059097462788,0.6928742261415614,0.6694747888259778
220,Philadelphia,Median Age,zip,2,15530,189,1546,Feat\&PC-RGNN,0,0.9537186091435931,0.9426915647134578,0.6545924967658473,0.6694695989650712,0.9929439012136143,0.9900611979084204,0.6865653656193461,0.6694747888259778
221,Philadelphia,Median Age,zip,2,15530,189,1546,Feat\&PC-RGNN,1,0.8720218931101095,0.8763683193818416,0.6157826649417852,0.6694695989650712,0.9356512252247688,0.9325792839063645,0.6599165178504183,0.6694747888259778
222,Philadelphia,Median Age,zip,2,15530,189,1546,Feat\&PC-RGNN,2,0.9781068898905344,0.9732775273663876,0.666882276843467,0.6694695989650712,0.9981735490564884,0.9975917704751229,0.6850783189091756,0.6694747888259778
223,Philadelphia,Median Age,zip,2,15530,189,1546,Feat\&PC-RGNN,3,0.8736316806181584,0.8686413393432066,0.6267787839586029,0.6694695989650712,0.9398543066523963,0.931770348462875,0.6683977887607051,0.6694747888259778
224,Philadelphia,Median Age,zip,2,15530,189,1546,Feat\&PC-RGNN,4,0.9492916934964585,0.9410817772054089,0.6455368693402329,0.6694695989650712,0.9904879498806228,0.9878093935306275,0.6817092417819122,0.6694747888259778
225,Philadelphia,Median Age,zip,2,15530,189,1546,Feat\&PC-RGNN,5,0.9221667739858339,0.9140373470701867,0.648771021992238,0.6694695989650712,0.9798043339898546,0.973458389010975,0.6870607689127738,0.6694747888259778
226,Philadelphia,Median Age,zip,2,15530,189,1546,Feat\&PC-RGNN,6,0.9486477784932389,0.946877012234385,0.6526520051746443,0.6694695989650712,0.9912215357951824,0.9900690086107716,0.6783058546292593,0.6694747888259778
227,Philadelphia,Median Age,zip,2,15530,189,1546,Feat\&PC-RGNN,7,0.9713457823567289,0.9603992273019961,0.6655886157826649,0.6694695989650712,0.9945866819080913,0.9909020094615049,0.6800230295585052,0.6694747888259778
228,Philadelphia,Median Age,zip,2,15530,189,1546,Feat\&PC-RGNN,8,0.9839826142949131,0.9784288473921442,0.6636481241914618,0.6694695989650712,0.9988546238302417,0.9971167953321554,0.6821962767764642,0.6694747888259778
229,Philadelphia,Median Age,zip,2,15530,189,1546,Feat\&PC-RGNN,9,0.9449452672247264,0.9436574372182872,0.6545924967658473,0.6694695989650712,0.9895050811785294,0.9900322771997153,0.6887779438420198,0.6694747888259778
230,Philadelphia,Median Age,zip,2,15530,189,1546,NoPreTrain,0,1.0,0.9935608499678042,0.6681759379042691,0.6694695989650712,1.0,0.99935318940531,0.6710605814628792,0.6694747888259778
231,Philadelphia,Median Age,zip,2,15530,189,1546,NoPreTrain,1,1.0,0.9919510624597553,0.6694695989650712,0.6694695989650712,1.0,0.9996808167039257,0.66714421758916,0.6694747888259778
232,Philadelphia,Median Age,zip,2,15530,189,1546,NoPreTrain,2,1.0,0.9890534449452673,0.6681759379042691,0.6694695989650712,1.0,0.9988009516390864,0.6788422625871768,0.6694747888259778
233,Philadelphia,Median Age,zip,2,15530,189,1546,NoPreTrain,3,1.0,0.9935608499678042,0.6688227684346701,0.6694695989650712,1.0,0.9993202577953976,0.6679768633272691,0.6694747888259778
234,Philadelphia,Median Age,zip,2,15530,189,1546,NoPreTrain,4,1.0,0.9919510624597553,0.6707632600258733,0.6694695989650712,1.0,0.9992480615736665,0.6682086652061197,0.6694747888259778
235,Philadelphia,Median Age,zip,2,15530,189,1546,NoPreTrain,5,1.0,0.9929169349645847,0.6688227684346701,0.6694695989650712,1.0,0.9991399783411334,0.6708806630370565,0.6694747888259778
236,Philadelphia,Median Age,zip,2,15530,189,1546,NoPreTrain,6,1.0,0.9942047649710238,0.6681759379042691,0.6694695989650712,1.0,0.9996909495069758,0.6641684505090436,0.6694747888259778
237,Philadelphia,Median Age,zip,2,15530,189,1546,NoPreTrain,7,1.0,0.9922730199613651,0.666882276843467,0.6694695989650712,1.0,0.998254624674642,0.6645860286229296,0.6694747888259778
238,Philadelphia,Median Age,zip,2,15530,189,1546,NoPreTrain,8,1.0,0.9929169349645847,0.6688227684346701,0.6694695989650712,1.0,0.9993181467947622,0.6557725362472866,0.6694747888259778
239,Philadelphia,Median Age,zip,2,15530,189,1546,NoPreTrain,9,1.0,0.9922730199613651,0.6694695989650712,0.6694695989650712,1.0,0.99937345501141,0.6729827797145741,0.6694747888259778
240,St. Louis,Median Income,zip,2,2397,43,246,Emb,0,1.0,0.9979166666666667,0.7642276422764228,0.7682926829268293,1.0,1.0,0.7446625685769053,0.7682926829268293
241,St. Louis,Median Income,zip,2,2397,43,246,Emb,1,1.0,0.99375,0.7682926829268293,0.7682926829268293,1.0,0.9999616299593278,0.7448939123537578,0.7682926829268293
242,St. Louis,Median Income,zip,2,2397,43,246,Emb,2,1.0,1.0,0.7682926829268293,0.7682926829268293,1.0,1.0,0.754478154537643,0.7682926829268293
243,St. Louis,Median Income,zip,2,2397,43,246,Emb,3,1.0,0.9979166666666667,0.7682926829268293,0.7682926829268293,1.0,0.9999040748983193,0.742514376363276,0.7682926829268293
244,St. Louis,Median Income,zip,2,2397,43,246,Emb,4,1.0,0.9958333333333333,0.7642276422764228,0.7682926829268293,1.0,0.9998081497966388,0.7443651265780951,0.7682926829268293
245,St. Louis,Median Income,zip,2,2397,43,246,Emb,5,1.0,0.9979166666666667,0.7682926829268293,0.7682926829268293,1.0,0.999980814979664,0.7447617159098419,0.7682926829268293
246,St. Louis,Median Income,zip,2,2397,43,246,Emb,6,1.0,0.99375,0.7682926829268293,0.7682926829268293,1.0,0.9999040748983195,0.747504792121092,0.7682926829268293
247,St. Louis,Median Income,zip,2,2397,43,246,Emb,7,1.0,0.9958333333333333,0.7682926829268293,0.7682926829268293,1.0,0.999980814979664,0.7432745059157909,0.7682926829268293
248,St. Louis,Median Income,zip,2,2397,43,246,Emb,8,1.0,0.99375,0.7682926829268293,0.7682926829268293,1.0,0.9999040748983195,0.7483640690065437,0.7682926829268293
249,St. Louis,Median Income,zip,2,2397,43,246,Emb,9,1.0,0.9958333333333333,0.7682926829268293,0.7682926829268293,1.0,0.9998657048576471,0.7504792121091943,0.7682926829268293
250,St. Louis,Median Income,zip,2,2397,43,246,LightGCN,0,1.0,0.9958333333333333,0.7601626016260162,0.7682926829268293,1.0,0.9997122246949582,0.7619803027298566,0.7682926829268293
251,St. Louis,Median Income,zip,2,2397,43,246,LightGCN,1,1.0,0.99375,0.7682926829268293,0.7682926829268293,1.0,0.9998273348169748,0.7808513450988167,0.7682926829268293
252,St. Louis,Median Income,zip,2,2397,43,246,LightGCN,2,0.9650495565988524,0.9604166666666667,0.7398373983739838,0.7682926829268293,0.9931994390198724,0.9967193615225232,0.785048582193139,0.7682926829268293
253,St. Louis,Median Income,zip,2,2397,43,246,LightGCN,3,0.9989567031820553,0.9958333333333333,0.7601626016260162,0.7682926829268293,0.9999831609738731,0.9999040748983193,0.7704078260294799,0.7682926829268293
254,St. Louis,Median Income,zip,2,2397,43,246,LightGCN,4,1.0,0.9958333333333333,0.7642276422764228,0.7682926829268293,1.0,0.9995011894712609,0.7751338488994646,0.7682926829268293
255,St. Louis,Median Income,zip,2,2397,43,246,LightGCN,5,0.9222743870631195,0.9229166666666667,0.7032520325203252,0.7682926829268293,0.9763159097524423,0.9752513237664032,0.7331614779562429,0.7682926829268293
256,St. Louis,Median Income,zip,2,2397,43,246,LightGCN,6,0.9603547209181011,0.9604166666666667,0.7357723577235772,0.7682926829268293,0.990388524444252,0.9850932391988336,0.783131733756362,0.7682926829268293
257,St. Louis,Median Income,zip,2,2397,43,246,LightGCN,7,0.9984350547730829,0.9854166666666667,0.7560975609756098,0.7682926829268293,0.9999879721241951,0.9995587445322692,0.7681935355938925,0.7682926829268293
258,St. Louis,Median Income,zip,2,2397,43,246,LightGCN,8,1.0,0.99375,0.7682926829268293,0.7682926829268293,1.0,0.9998273348169749,0.7772489920021152,0.7682926829268293
259,St. Louis,Median Income,zip,2,2397,43,246,LightGCN,9,1.0,0.9895833333333334,0.7601626016260162,0.7682926829268293,1.0,0.9993477093085719,0.7740101791261815,0.7682926829268293
260,St. Louis,Median Income,zip,2,2397,43,246,Feat-LightGCN,0,1.0,0.9958333333333333,0.7642276422764228,0.7682926829268293,1.0,0.9997505947356304,0.7539163196510014,0.7682926829268293
261,St. Louis,Median Income,zip,2,2397,43,246,Feat-LightGCN,1,1.0,0.99375,0.7682926829268293,0.7682926829268293,1.0,0.9999616299593277,0.7628395796153083,0.7682926829268293
262,St. Louis,Median Income,zip,2,2397,43,246,Feat-LightGCN,2,1.0,0.9958333333333333,0.7682926829268293,0.7682926829268293,1.0,1.0,0.765681803159495,0.7682926829268293
263,St. Louis,Median Income,zip,2,2397,43,246,Feat-LightGCN,3,1.0,0.99375,0.7642276422764228,0.7682926829268293,1.0,0.9997314097152943,0.7589728336307753,0.7682926829268293
264,St. Louis,Median Income,zip,2,2397,43,246,Feat-LightGCN,4,1.0,0.99375,0.7642276422764228,0.7682926829268293,1.0,0.9999040748983193,0.7584770969660916,0.7682926829268293
265,St. Louis,Median Income,zip,2,2397,43,246,Feat-LightGCN,5,1.0,0.99375,0.7642276422764228,0.7682926829268293,1.0,0.9998848898779833,0.7565932976402935,0.7682926829268293
266,St. Louis,Median Income,zip,2,2397,43,246,Feat-LightGCN,6,1.0,1.0,0.7682926829268293,0.7682926829268293,1.0,1.0,0.7569898869720405,0.7682926829268293
267,St. Louis,Median Income,zip,2,2397,43,246,Feat-LightGCN,7,1.0,0.9916666666666667,0.7642276422764228,0.7682926829268293,1.0,0.9999232599186556,0.7564941503073568,0.7682926829268293
268,St. Louis,Median Income,zip,2,2397,43,246,Feat-LightGCN,8,1.0,0.9958333333333333,0.7682926829268293,0.7682926829268293,1.0,0.9998657048576471,0.7619472536188777,0.7682926829268293
269,St. Louis,Median Income,zip,2,2397,43,246,Feat-LightGCN,9,1.0,0.9916666666666667,0.7642276422764228,0.7682926829268293,1.0,0.9991942291458829,0.763731905611739,0.7682926829268293
270,St. Louis,Median Income,zip,2,2397,43,246,Feat\&PC-LightGCN,0,1.0,1.0,0.7682926829268293,0.7682926829268293,1.0,1.0,0.7920549937206689,0.7682926829268293
271,St. Louis,Median Income,zip,2,2397,43,246,Feat\&PC-LightGCN,1,1.0,1.0,0.7682926829268293,0.7682926829268293,1.0,1.0,0.7946328243770243,0.7682926829268293
272,St. Louis,Median Income,zip,2,2397,43,246,Feat\&PC-LightGCN,2,1.0,1.0,0.7682926829268293,0.7682926829268293,1.0,1.0,0.7813140326525215,0.7682926829268293
273,St. Louis,Median Income,zip,2,2397,43,246,Feat\&PC-LightGCN,3,1.0,1.0,0.7682926829268293,0.7682926829268293,1.0,1.0,0.7989622579152621,0.7682926829268293
274,St. Louis,Median Income,zip,2,2397,43,246,Feat\&PC-LightGCN,4,1.0,1.0,0.7682926829268293,0.7682926829268293,1.0,1.0,0.7931786634939519,0.7682926829268293
275,St. Louis,Median Income,zip,2,2397,43,246,Feat\&PC-LightGCN,5,1.0,1.0,0.7682926829268293,0.7682926829268293,1.0,1.0,0.79079912750347,0.7682926829268293
276,St. Louis,Median Income,zip,2,2397,43,246,Feat\&PC-LightGCN,6,1.0,1.0,0.7682926829268293,0.7682926829268293,1.0,1.0,0.7906669310595545,0.7682926829268293
277,St. Louis,Median Income,zip,2,2397,43,246,Feat\&PC-LightGCN,7,1.0,1.0,0.7682926829268293,0.7682926829268293,1.0,1.0,0.79202194460969,0.7682926829268293
278,St. Louis,Median Income,zip,2,2397,43,246,Feat\&PC-LightGCN,8,1.0,1.0,0.7682926829268293,0.7682926829268293,1.0,1.0,0.7996893383567982,0.7682926829268293
279,St. Louis,Median Income,zip,2,2397,43,246,Feat\&PC-LightGCN,9,1.0,0.9979166666666667,0.7682926829268293,0.7682926829268293,1.0,0.9999232599186556,0.7868001850750214,0.7682926829268293
280,St. Louis,Median Income,zip,2,2397,43,246,RGNN,0,0.9520083463745436,0.9541666666666667,0.7357723577235772,0.7682926829268293,0.9852977260098003,0.98357762259228,0.7590058827417542,0.7682926829268293
281,St. Louis,Median Income,zip,2,2397,43,246,RGNN,1,1.0,0.9895833333333334,0.7682926829268293,0.7682926829268293,1.0,0.9991942291458829,0.7765549606715579,0.7682926829268293
282,St. Louis,Median Income,zip,2,2397,43,246,RGNN,2,1.0,0.99375,0.7682926829268293,0.7682926829268293,1.0,1.0,0.7796946262145548,0.7682926829268293
283,St. Louis,Median Income,zip,2,2397,43,246,RGNN,3,0.9827856025039123,0.9791666666666666,0.7682926829268293,0.7682926829268293,0.9956807897984368,0.9976977975596654,0.7754643400092538,0.7682926829268293
284,St. Louis,Median Income,zip,2,2397,43,246,RGNN,4,1.0,0.9916666666666667,0.7642276422764228,0.7682926829268293,1.0,0.9995587445322691,0.7819419657611212,0.7682926829268293
285,St. Louis,Median Income,zip,2,2397,43,246,RGNN,5,1.0,0.99375,0.7642276422764228,0.7682926829268293,1.0,0.9999040748983195,0.7794302333267236,0.7682926829268293
286,St. Louis,Median Income,zip,2,2397,43,246,RGNN,6,1.0,0.99375,0.7682926829268293,0.7682926829268293,1.0,0.9998848898779833,0.7840901579747506,0.7682926829268293
287,St. Louis,Median Income,zip,2,2397,43,246,RGNN,7,0.9640062597809077,0.9458333333333333,0.7601626016260162,0.7682926829268293,0.9880755639269572,0.9743496278106055,0.7635666600568445,0.7682926829268293
288,St. Louis,Median Income,zip,2,2397,43,246,RGNN,8,0.9890453834115805,0.9791666666666666,0.7601626016260162,0.7682926829268293,0.9969316888821532,0.9900237894252168,0.7726221164650671,0.7682926829268293
289,St. Louis,Median Income,zip,2,2397,43,246,RGNN,9,1.0,0.9916666666666667,0.7642276422764228,0.7682926829268293,1.0,0.9995587445322692,0.777678630444841,0.7682926829268293
290,St. Louis,Median Income,zip,2,2397,43,246,Feat-RGNN,0,1.0,0.9916666666666667,0.7642276422764228,0.7682926829268293,1.0,0.9996354846136137,0.7783726617753982,0.7682926829268293
291,St. Louis,Median Income,zip,2,2397,43,246,Feat-RGNN,1,1.0,0.9958333333333333,0.7682926829268293,0.7682926829268293,1.0,0.9991558591052107,0.7831978319783197,0.7682926829268293
292,St. Louis,Median Income,zip,2,2397,43,246,Feat-RGNN,2,0.9968701095461658,0.9895833333333334,0.7601626016260162,0.7682926829268293,0.9999470773464582,0.999520374491597,0.777678630444841,0.7682926829268293
293,St. Louis,Median Income,zip,2,2397,43,246,Feat-RGNN,3,1.0,0.9958333333333333,0.7682926829268293,0.7682926829268293,1.0,0.9998848898779833,0.7926168286073104,0.7682926829268293
294,St. Louis,Median Income,zip,2,2397,43,246,Feat-RGNN,4,0.900886802295253,0.9270833333333334,0.7357723577235772,0.7682926829268293,0.9560296944197872,0.9612462589210345,0.748694560116333,0.7682926829268293
295,St. Louis,Median Income,zip,2,2397,43,246,Feat-RGNN,5,1.0,0.9958333333333333,0.7642276422764228,0.7682926829268293,1.0,0.9995395595119331,0.7894110648423557,0.7682926829268293
296,St. Louis,Median Income,zip,2,2397,43,246,Feat-RGNN,6,0.9973917579551382,0.9916666666666667,0.7601626016260162,0.7682926829268293,0.999985566549034,0.9995971145729414,0.7748694560116333,0.7682926829268293
297,St. Louis,Median Income,zip,2,2397,43,246,Feat-RGNN,7,0.9989567031820553,0.9895833333333334,0.7601626016260162,0.7682926829268293,0.9998123651374425,0.9975251323766403,0.7754643400092538,0.7682926829268293
298,St. Louis,Median Income,zip,2,2397,43,246,Feat-RGNN,8,0.9681794470526864,0.9541666666666667,0.7479674796747967,0.7682926829268293,0.9955773500665142,0.9940910137364747,0.7748694560116334,0.7682926829268293
299,St. Louis,Median Income,zip,2,2397,43,246,Feat-RGNN,9,1.0,0.99375,0.7642276422764228,0.7682926829268293,1.0,0.9998081497966388,0.7777447286667989,0.7682926829268293
300,St. Louis,Median Income,zip,2,2397,43,246,Feat\&PC-RGNN,0,1.0,0.99375,0.7642276422764228,0.7682926829268293,1.0,0.9996546696339499,0.7686231740366184,0.7682926829268293
301,St. Louis,Median Income,zip,2,2397,43,246,Feat\&PC-RGNN,1,1.0,0.9916666666666667,0.7682926829268293,0.7682926829268293,1.0,0.9998848898779833,0.7672681604864829,0.7682926829268293
302,St. Louis,Median Income,zip,2,2397,43,246,Feat\&PC-RGNN,2,1.0,0.9979166666666667,0.7682926829268293,0.7682926829268293,1.0,1.0,0.7671359640425672,0.7682926829268293
303,St. Louis,Median Income,zip,2,2397,43,246,Feat\&PC-RGNN,3,1.0,0.99375,0.7642276422764228,0.7682926829268293,1.0,0.9998273348169748,0.7666402273778835,0.7682926829268293
304,St. Louis,Median Income,zip,2,2397,43,246,Feat\&PC-RGNN,4,1.0,0.9958333333333333,0.7642276422764228,0.7682926829268293,1.0,0.999366894328908,0.763764954722718,0.7682926829268293
305,St. Louis,Median Income,zip,2,2397,43,246,Feat\&PC-RGNN,5,1.0,0.9958333333333333,0.7642276422764228,0.7682926829268293,1.0,0.9997505947356304,0.7521647167691189,0.7682926829268293
306,St. Louis,Median Income,zip,2,2397,43,246,Feat\&PC-RGNN,6,0.6541471048513302,0.6541666666666667,0.5,0.7682926829268293,0.814242688855692,0.8195744762489449,0.751007997884857,0.7682926829268293
307,St. Louis,Median Income,zip,2,2397,43,246,Feat\&PC-RGNN,7,1.0,0.99375,0.7682926829268293,0.7682926829268293,1.0,0.999846519837311,0.766078392491242,0.7682926829268293
308,St. Louis,Median Income,zip,2,2397,43,246,Feat\&PC-RGNN,8,1.0,0.99375,0.7682926829268293,0.7682926829268293,1.0,0.9997314097152943,0.761815057174962,0.7682926829268293
309,St. Louis,Median Income,zip,2,2397,43,246,Feat\&PC-RGNN,9,1.0,0.9958333333333333,0.7642276422764228,0.7682926829268293,1.0,0.9997697797559665,0.7646572807191486,0.7682926829268293
310,St. Louis,Median Income,zip,2,2397,43,246,NoPreTrain,0,1.0,0.9958333333333333,0.7642276422764228,0.7682926829268293,1.0,0.9999424449389916,0.754478154537643,0.7682926829268293
311,St. Louis,Median Income,zip,2,2397,43,246,NoPreTrain,1,1.0,1.0,0.7682926829268293,0.7682926829268293,1.0,1.0,0.7317073170731707,0.7682926829268293
312,St. Louis,Median Income,zip,2,2397,43,246,NoPreTrain,2,1.0,0.9979166666666667,0.7682926829268293,0.7682926829268293,1.0,0.9999232599186556,0.7534205829863176,0.7682926829268293
313,St. Louis,Median Income,zip,2,2397,43,246,NoPreTrain,3,1.0,0.9979166666666667,0.7682926829268293,0.7682926829268293,1.0,1.0,0.7633353162799921,0.7682926829268293
314,St. Louis,Median Income,zip,2,2397,43,246,NoPreTrain,4,1.0,0.9958333333333333,0.7642276422764228,0.7682926829268293,1.0,0.9997122246949581,0.7696807455879436,0.7682926829268293
315,St. Louis,Median Income,zip,2,2397,43,246,NoPreTrain,5,1.0,0.9979166666666667,0.7682926829268293,0.7682926829268293,1.0,0.9998848898779833,0.7723246744662569,0.7682926829268293
316,St. Louis,Median Income,zip,2,2397,43,246,NoPreTrain,6,1.0,0.9979166666666667,0.7682926829268293,0.7682926829268293,1.0,1.0,0.7651530173838323,0.7682926829268293
317,St. Louis,Median Income,zip,2,2397,43,246,NoPreTrain,7,1.0,0.9979166666666667,0.7682926829268293,0.7682926829268293,1.0,1.0,0.7541807125388328,0.7682926829268293
318,St. Louis,Median Income,zip,2,2397,43,246,NoPreTrain,8,1.0,0.9958333333333333,0.7682926829268293,0.7682926829268293,1.0,0.9999232599186556,0.7553043823121158,0.7682926829268293
319,St. Louis,Median Income,zip,2,2397,43,246,NoPreTrain,9,1.0,1.0,0.7682926829268293,0.7682926829268293,1.0,1.0,0.7604600436248264,0.7682926829268293
320,St. Louis,Median Home Value,zip,2,2352,43,241,Emb,0,0.9962765957446809,0.9872881355932204,0.8340248962655602,0.8423236514522822,0.9998512562919906,0.9987487487487487,0.8714876033057851,0.8423209366391184
321,St. Louis,Median Home Value,zip,2,2352,43,241,Emb,1,1.0,0.9978813559322034,0.8381742738589212,0.8423236514522822,1.0,1.0,0.8495523415977961,0.8423209366391184
322,St. Louis,Median Home Value,zip,2,2352,43,241,Emb,2,1.0,1.0,0.8423236514522822,0.8423236514522822,1.0,1.0,0.8479338842975206,0.8423209366391184
323,St. Louis,Median Home Value,zip,2,2352,43,241,Emb,3,1.0,1.0,0.8423236514522822,0.8423236514522822,1.0,1.0,0.8509297520661157,0.8423209366391184
324,St. Louis,Median Home Value,zip,2,2352,43,241,Emb,4,1.0,0.9978813559322034,0.8423236514522822,0.8423236514522822,1.0,0.9998331664998331,0.8538567493112948,0.8423209366391184
325,St. Louis,Median Home Value,zip,2,2352,43,241,Emb,5,1.0,1.0,0.8423236514522822,0.8423236514522822,1.0,1.0,0.8565426997245179,0.8423209366391184
326,St. Louis,Median Home Value,zip,2,2352,43,241,Emb,6,1.0,1.0,0.8423236514522822,0.8423236514522822,1.0,1.0,0.8535468319559228,0.8423209366391184
327,St. Louis,Median Home Value,zip,2,2352,43,241,Emb,7,1.0,1.0,0.8423236514522822,0.8423236514522822,1.0,1.0,0.8626377410468319,0.8423209366391184
328,St. Louis,Median Home Value,zip,2,2352,43,241,Emb,8,1.0,1.0,0.8423236514522822,0.8423236514522822,1.0,1.0,0.8524793388429752,0.8423209366391184
329,St. Louis,Median Home Value,zip,2,2352,43,241,Emb,9,1.0,0.9978813559322034,0.8423236514522822,0.8423236514522822,1.0,0.9993743743743744,0.8596418732782369,0.8423209366391184
330,St. Louis,Median Home Value,zip,2,2352,43,241,LightGCN,0,1.0,1.0,0.8423236514522822,0.8423236514522822,1.0,1.0,0.8653236914600552,0.8423209366391184
331,St. Louis,Median Home Value,zip,2,2352,43,241,LightGCN,1,0.7159574468085106,0.7351694915254238,0.4730290456431535,0.8423236514522822,0.8288144205050442,0.8386511511511512,0.6673553719008264,0.8423209366391184
332,St. Louis,Median Home Value,zip,2,2352,43,241,LightGCN,2,1.0,0.9978813559322034,0.8423236514522822,0.8423236514522822,1.0,1.0,0.859504132231405,0.8423209366391184
333,St. Louis,Median Home Value,zip,2,2352,43,241,LightGCN,3,1.0,1.0,0.8423236514522822,0.8423236514522822,1.0,1.0,0.8555096418732782,0.8423209366391184
334,St. Louis,Median Home Value,zip,2,2352,43,241,LightGCN,4,0.9930851063829788,0.9851694915254238,0.8298755186721992,0.8423236514522822,0.9997011962679808,0.998998998998999,0.86866391184573,0.8423209366391184
335,St. Louis,Median Home Value,zip,2,2352,43,241,LightGCN,5,1.0,0.9978813559322034,0.8423236514522822,0.8423236514522822,1.0,0.9999791458124792,0.8637396694214876,0.8423209366391184
336,St. Louis,Median Home Value,zip,2,2352,43,241,LightGCN,6,0.9521276595744681,0.923728813559322,0.8049792531120332,0.8423236514522822,0.989123280891304,0.976830997664331,0.8517217630853994,0.8423209366391184
337,St. Louis,Median Home Value,zip,2,2352,43,241,LightGCN,7,1.0,0.9978813559322034,0.8423236514522822,0.8423236514522822,1.0,1.0,0.8615358126721762,0.8423209366391184
338,St. Louis,Median Home Value,zip,2,2352,43,241,LightGCN,8,0.9234042553191489,0.934322033898305,0.7842323651452282,0.8423236514522822,0.985687696131084,0.9918877210543877,0.8303719008264464,0.8423209366391184
339,St. Louis,Median Home Value,zip,2,2352,43,241,LightGCN,9,1.0,1.0,0.8423236514522822,0.8423236514522822,1.0,1.0,0.8676308539944905,0.8423209366391184
340,St. Louis,Median Home Value,zip,2,2352,43,241,Feat-LightGCN,0,1.0,1.0,0.8423236514522822,0.8423236514522822,1.0,1.0,0.8725550964187327,0.8423209366391184
341,St. Louis,Median Home Value,zip,2,2352,43,241,Feat-LightGCN,1,1.0,0.9978813559322034,0.8381742738589212,0.8423236514522822,1.0,1.0,0.8698347107438017,0.8423209366391184
342,St. Louis,Median Home Value,zip,2,2352,43,241,Feat-LightGCN,2,0.997872340425532,0.9957627118644068,0.8381742738589212,0.8423236514522822,1.0,0.9999791458124792,0.8779958677685951,0.8423209366391184
343,St. Louis,Median Home Value,zip,2,2352,43,241,Feat-LightGCN,3,1.0,0.9978813559322034,0.8381742738589212,0.8423236514522822,1.0,1.0,0.8824724517906336,0.8423209366391184
344,St. Louis,Median Home Value,zip,2,2352,43,241,Feat-LightGCN,4,1.0,0.9978813559322034,0.8423236514522822,0.8423236514522822,1.0,1.0,0.8733471074380165,0.8423209366391184
345,St. Louis,Median Home Value,zip,2,2352,43,241,Feat-LightGCN,5,1.0,1.0,0.8423236514522822,0.8423236514522822,1.0,1.0,0.8715909090909091,0.8423209366391184
346,St. Louis,Median Home Value,zip,2,2352,43,241,Feat-LightGCN,6,1.0,1.0,0.8423236514522822,0.8423236514522822,1.0,1.0,0.8741391184573003,0.8423209366391184
347,St. Louis,Median Home Value,zip,2,2352,43,241,Feat-LightGCN,7,1.0,1.0,0.8423236514522822,0.8423236514522822,1.0,1.0,0.8712121212121212,0.8423209366391184
348,St. Louis,Median Home Value,zip,2,2352,43,241,Feat-LightGCN,8,1.0,1.0,0.8423236514522822,0.8423236514522822,1.0,1.0,0.8735192837465564,0.8423209366391184
349,St. Louis,Median Home Value,zip,2,2352,43,241,Feat-LightGCN,9,1.0,0.9957627118644068,0.8381742738589212,0.8423236514522822,1.0,0.9999791458124792,0.8801652892561984,0.8423209366391184
350,St. Louis,Median Home Value,zip,2,2352,43,241,Feat\&PC-LightGCN,0,1.0,1.0,0.8423236514522822,0.8423236514522822,1.0,1.0,0.85616391184573,0.8423209366391184
351,St. Louis,Median Home Value,zip,2,2352,43,241,Feat\&PC-LightGCN,1,1.0,0.9978813559322034,0.8423236514522822,0.8423236514522822,1.0,1.0,0.8443526170798898,0.8423209366391184
352,St. Louis,Median Home Value,zip,2,2352,43,241,Feat\&PC-LightGCN,2,1.0,1.0,0.8423236514522822,0.8423236514522822,1.0,1.0,0.8612258953168045,0.8423209366391184
353,St. Louis,Median Home Value,zip,2,2352,43,241,Feat\&PC-LightGCN,3,1.0,1.0,0.8423236514522822,0.8423236514522822,1.0,1.0,0.8572314049586777,0.8423209366391184
354,St. Louis,Median Home Value,zip,2,2352,43,241,Feat\&PC-LightGCN,4,1.0,1.0,0.8423236514522822,0.8423236514522822,1.0,1.0,0.8512052341597797,0.8423209366391184
355,St. Louis,Median Home Value,zip,2,2352,43,241,Feat\&PC-LightGCN,5,1.0,1.0,0.8423236514522822,0.8423236514522822,1.0,1.0,0.853168044077135,0.8423209366391184
356,St. Louis,Median Home Value,zip,2,2352,43,241,Feat\&PC-LightGCN,6,1.0,0.9957627118644068,0.8381742738589212,0.8423236514522822,1.0,1.0,0.8479338842975208,0.8423209366391184
357,St. Louis,Median Home Value,zip,2,2352,43,241,Feat\&PC-LightGCN,7,1.0,0.9978813559322034,0.8423236514522822,0.8423236514522822,1.0,1.0,0.8651170798898072,0.8423209366391184
358,St. Louis,Median Home Value,zip,2,2352,43,241,Feat\&PC-LightGCN,8,1.0,1.0,0.8423236514522822,0.8423236514522822,1.0,1.0,0.8649104683195592,0.8423209366391184
359,St. Louis,Median Home Value,zip,2,2352,43,241,Feat\&PC-LightGCN,9,1.0,0.9978813559322034,0.8423236514522822,0.8423236514522822,1.0,1.0,0.8674931129476584,0.8423209366391184
360,St. Louis,Median Home Value,zip,2,2352,43,241,RGNN,0,0.9563829787234043,0.9533898305084746,0.8174273858921162,0.8423236514522822,0.9953323434637014,0.9907615949282615,0.8679752066115703,0.8423209366391184
361,St. Louis,Median Home Value,zip,2,2352,43,241,RGNN,1,1.0,0.9978813559322034,0.8423236514522822,0.8423236514522822,1.0,1.0,0.8804752066115703,0.8423209366391184
362,St. Louis,Median Home Value,zip,2,2352,43,241,RGNN,2,1.0,0.9978813559322034,0.8423236514522822,0.8423236514522822,1.0,1.0,0.8802341597796144,0.8423209366391184
363,St. Louis,Median Home Value,zip,2,2352,43,241,RGNN,3,0.999468085106383,1.0,0.8423236514522822,0.8423236514522822,1.0,1.0,0.8727272727272727,0.8423209366391184
364,St. Louis,Median Home Value,zip,2,2352,43,241,RGNN,4,0.997872340425532,0.9978813559322034,0.8423236514522822,0.8423236514522822,0.9999776226279986,0.9997497497497497,0.8739669421487604,0.8423209366391184
365,St. Louis,Median Home Value,zip,2,2352,43,241,RGNN,5,0.9154255319148936,0.8961864406779662,0.7759336099585062,0.8423236514522822,0.977562077462564,0.9689481147814482,0.8588842975206611,0.8423209366391184
366,St. Louis,Median Home Value,zip,2,2352,43,241,RGNN,6,1.0,0.9957627118644068,0.8423236514522822,0.8423236514522822,1.0,1.0,0.8763429752066116,0.8423209366391184
367,St. Louis,Median Home Value,zip,2,2352,43,241,RGNN,7,0.8494680851063829,0.8495762711864406,0.6804979253112033,0.8423236514522822,0.9379330679640278,0.9489072405739072,0.8179752066115703,0.8423209366391184
368,St. Louis,Median Home Value,zip,2,2352,43,241,RGNN,8,0.9180851063829787,0.9258474576271186,0.8174273858921162,0.8423236514522822,0.9983848802678966,0.9980397063730397,0.8839531680440771,0.8423209366391184
369,St. Louis,Median Home Value,zip,2,2352,43,241,RGNN,9,1.0,0.9957627118644068,0.8381742738589212,0.8423236514522822,1.0,0.9985193526860193,0.8743801652892562,0.8423209366391184
370,St. Louis,Median Home Value,zip,2,2352,43,241,Feat-RGNN,0,1.0,0.9957627118644068,0.8423236514522822,0.8423236514522822,1.0,0.9999374374374373,0.8578512396694215,0.8423209366391184
371,St. Louis,Median Home Value,zip,2,2352,43,241,Feat-RGNN,1,1.0,0.9978813559322034,0.8381742738589212,0.8423236514522822,1.0,0.9999374374374373,0.8630853994490358,0.8423209366391184
372,St. Louis,Median Home Value,zip,2,2352,43,241,Feat-RGNN,2,1.0,1.0,0.8423236514522822,0.8423236514522822,1.0,1.0,0.8634297520661157,0.8423209366391184
373,St. Louis,Median Home Value,zip,2,2352,43,241,Feat-RGNN,3,0.8819148936170212,0.8495762711864406,0.7302904564315352,0.8423236514522822,0.970517154230113,0.9592717717717718,0.8296143250688706,0.8423209366391184
374,St. Louis,Median Home Value,zip,2,2352,43,241,Feat-RGNN,4,1.0,0.9978813559322034,0.8423236514522822,0.8423236514522822,1.0,0.999562062062062,0.8639118457300277,0.8423209366391184
375,St. Louis,Median Home Value,zip,2,2352,43,241,Feat-RGNN,5,0.9053191489361702,0.8961864406779662,0.7759336099585062,0.8423236514522822,0.9638829215896885,0.95995995995996,0.8414600550964187,0.8423209366391184
376,St. Louis,Median Home Value,zip,2,2352,43,241,Feat-RGNN,6,0.9515957446808511,0.9427966101694916,0.8215767634854771,0.8423236514522822,0.9861523556791137,0.9748498498498499,0.8575757575757575,0.8423209366391184
377,St. Louis,Median Home Value,zip,2,2352,43,241,Feat-RGNN,7,1.0,1.0,0.8423236514522822,0.8423236514522822,1.0,1.0,0.8695247933884297,0.8423209366391184
378,St. Louis,Median Home Value,zip,2,2352,43,241,Feat-RGNN,8,1.0,1.0,0.8423236514522822,0.8423236514522822,1.0,1.0,0.8649449035812673,0.8423209366391184
379,St. Louis,Median Home Value,zip,2,2352,43,241,Feat-RGNN,9,1.0,0.9957627118644068,0.8381742738589212,0.8423236514522822,1.0,0.9983108108108107,0.8705234159779615,0.8423209366391184
380,St. Louis,Median Home Value,zip,2,2352,43,241,Feat\&PC-RGNN,0,1.0,0.9978813559322034,0.8423236514522822,0.8423236514522822,1.0,1.0,0.8370867768595041,0.8423209366391184
381,St. Louis,Median Home Value,zip,2,2352,43,241,Feat\&PC-RGNN,1,0.9984042553191489,0.989406779661017,0.8340248962655602,0.8423236514522822,0.9999618268359975,0.9986236236236236,0.8340220385674931,0.8423209366391184
382,St. Louis,Median Home Value,zip,2,2352,43,241,Feat\&PC-RGNN,2,1.0,1.0,0.8423236514522822,0.8423236514522822,1.0,1.0,0.8368457300275481,0.8423209366391184
383,St. Louis,Median Home Value,zip,2,2352,43,241,Feat\&PC-RGNN,3,1.0,0.9957627118644068,0.8423236514522822,0.8423236514522822,1.0,0.9999791458124792,0.8422520661157025,0.8423209366391184
384,St. Louis,Median Home Value,zip,2,2352,43,241,Feat\&PC-RGNN,4,0.9659574468085106,0.961864406779661,0.8132780082987552,0.8423236514522822,0.995250731871696,0.9961419753086419,0.8155303030303032,0.8423209366391184
385,St. Louis,Median Home Value,zip,2,2352,43,241,Feat\&PC-RGNN,5,1.0,1.0,0.8423236514522822,0.8423236514522822,1.0,1.0,0.8283057851239669,0.8423209366391184
386,St. Louis,Median Home Value,zip,2,2352,43,241,Feat\&PC-RGNN,6,1.0,0.9915254237288136,0.8381742738589212,0.8423236514522822,1.0,0.9998748748748749,0.8332300275482093,0.8423209366391184
387,St. Louis,Median Home Value,zip,2,2352,43,241,Feat\&PC-RGNN,7,0.9952127659574468,0.989406779661017,0.8257261410788381,0.8423236514522822,0.9998143994439881,0.9993326659993327,0.8305440771349862,0.8423209366391184
388,St. Louis,Median Home Value,zip,2,2352,43,241,Feat\&PC-RGNN,8,1.0,1.0,0.8423236514522822,0.8423236514522822,1.0,1.0,0.8343663911845731,0.8423209366391184
389,St. Louis,Median Home Value,zip,2,2352,43,241,Feat\&PC-RGNN,9,0.9861702127659574,0.9830508474576272,0.8174273858921162,0.8423236514522822,0.9991786188159474,0.9983525191858525,0.8353305785123966,0.8423209366391184
390,St. Louis,Median Home Value,zip,2,2352,43,241,NoPreTrain,0,1.0,0.9978813559322034,0.8423236514522822,0.8423236514522822,1.0,1.0,0.8404614325068871,0.8423209366391184
391,St. Louis,Median Home Value,zip,2,2352,43,241,NoPreTrain,1,1.0,0.9957627118644068,0.8381742738589212,0.8423236514522822,1.0,1.0,0.8423553719008264,0.8423209366391184
392,St. Louis,Median Home Value,zip,2,2352,43,241,NoPreTrain,2,1.0,1.0,0.8423236514522822,0.8423236514522822,1.0,1.0,0.816012396694215,0.8423209366391184
393,St. Louis,Median Home Value,zip,2,2352,43,241,NoPreTrain,3,1.0,0.9978813559322034,0.8423236514522822,0.8423236514522822,1.0,1.0,0.8402203856749312,0.8423209366391184
394,St. Louis,Median Home Value,zip,2,2352,43,241,NoPreTrain,4,1.0,1.0,0.8423236514522822,0.8423236514522822,1.0,1.0,0.8212809917355373,0.8423209366391184
395,St. Louis,Median Home Value,zip,2,2352,43,241,NoPreTrain,5,1.0,1.0,0.8423236514522822,0.8423236514522822,1.0,1.0,0.8301652892561985,0.8423209366391184
396,St. Louis,Median Home Value,zip,2,2352,43,241,NoPreTrain,6,1.0,1.0,0.8423236514522822,0.8423236514522822,1.0,1.0,0.8176308539944904,0.8423209366391184
397,St. Louis,Median Home Value,zip,2,2352,43,241,NoPreTrain,7,1.0,1.0,0.8423236514522822,0.8423236514522822,1.0,1.0,0.8303719008264463,0.8423209366391184
398,St. Louis,Median Home Value,zip,2,2352,43,241,NoPreTrain,8,1.0,1.0,0.8423236514522822,0.8423236514522822,1.0,1.0,0.8194903581267218,0.8423209366391184
399,St. Louis,Median Home Value,zip,2,2352,43,241,NoPreTrain,9,1.0,0.9957627118644068,0.8381742738589212,0.8423236514522822,1.0,1.0,0.8335743801652893,0.8423209366391184
400,St. Louis,Median Age,zip,2,2462,43,254,Emb,0,1.0,0.9858012170385395,0.7007874015748031,0.7007874015748031,1.0,0.9994696894368764,0.709529419058838,0.7007874015748032
401,St. Louis,Median Age,zip,2,2462,43,254,Emb,1,1.0,0.9878296146044625,0.7047244094488189,0.7007874015748031,1.0,0.9993371117960956,0.6970053940107881,0.7007874015748032
402,St. Louis,Median Age,zip,2,2462,43,254,Emb,2,1.0,0.9939148073022313,0.6968503937007874,0.7007874015748031,1.0,0.9995028338470717,0.7118544237088473,0.7007874015748032
403,St. Louis,Median Age,zip,2,2462,43,254,Emb,3,1.0,0.9878296146044625,0.7007874015748031,0.7007874015748031,1.0,0.9991216731298266,0.7096844193688386,0.7007874015748032
404,St. Louis,Median Age,zip,2,2462,43,254,Emb,4,1.0,0.9898580121703854,0.6968503937007874,0.7007874015748031,1.0,0.9995525504623644,0.7009424018848036,0.7007874015748032
405,St. Louis,Median Age,zip,2,2462,43,254,Emb,5,1.0,0.9898580121703854,0.6968503937007874,0.7007874015748031,1.0,0.9996354114878526,0.700787401574803,0.7007874015748032
406,St. Louis,Median Age,zip,2,2462,43,254,Emb,6,1.0,0.9979716024340771,0.7007874015748031,0.7007874015748031,1.0,0.9999668555898048,0.7101804203608407,0.7007874015748032
407,St. Louis,Median Age,zip,2,2462,43,254,Emb,7,1.0,0.9776876267748479,0.7047244094488189,0.7007874015748031,1.0,0.9988399456431672,0.7041354082708164,0.7007874015748032
408,St. Louis,Median Age,zip,2,2462,43,254,Emb,8,1.0,0.9939148073022313,0.7007874015748031,0.7007874015748031,1.0,0.9998011335388287,0.7068634137268276,0.7007874015748032
409,St. Louis,Median Age,zip,2,2462,43,254,Emb,9,1.0,0.9959432048681541,0.7007874015748031,0.7007874015748031,1.0,0.999618839282755,0.7113584227168455,0.7007874015748032
410,St. Louis,Median Age,zip,2,2462,43,254,LightGCN,0,1.0,0.9939148073022313,0.7047244094488189,0.7007874015748031,1.0,0.9995194060521694,0.7193254386508773,0.7007874015748032
411,St. Louis,Median Age,zip,2,2462,43,254,LightGCN,1,1.0,0.9939148073022313,0.7047244094488189,0.7007874015748031,1.0,0.9990388121043385,0.7205964411928824,0.7007874015748032
412,St. Louis,Median Age,zip,2,2462,43,254,LightGCN,2,1.0,0.9939148073022313,0.6968503937007874,0.7007874015748031,1.0,0.9998508501541216,0.7136524273048547,0.7007874015748032
413,St. Louis,Median Age,zip,2,2462,43,254,LightGCN,3,1.0,0.9939148073022313,0.7007874015748031,0.7007874015748031,1.0,0.9999668555898048,0.7109554219108438,0.7007874015748032
414,St. Louis,Median Age,zip,2,2462,43,254,LightGCN,4,1.0,0.9918864097363083,0.6968503937007874,0.7007874015748031,1.0,0.9998177057439263,0.7167214334428669,0.7007874015748032
415,St. Louis,Median Age,zip,2,2462,43,254,LightGCN,5,1.0,0.9979716024340771,0.7007874015748031,0.7007874015748031,1.0,0.9999502833847072,0.7284704569409138,0.7007874015748032
416,St. Louis,Median Age,zip,2,2462,43,254,LightGCN,6,1.0,0.9959432048681541,0.7007874015748031,0.7007874015748031,1.0,0.9998674223592191,0.7300824601649202,0.7007874015748032
417,St. Louis,Median Age,zip,2,2462,43,254,LightGCN,7,1.0,0.9858012170385395,0.7047244094488189,0.7007874015748031,1.0,0.9990056676941433,0.7274784549569099,0.7007874015748032
418,St. Louis,Median Age,zip,2,2462,43,254,LightGCN,8,0.9603859827323514,0.949290060851927,0.7007874015748031,0.7007874015748031,0.9930770685166601,0.9933048291405655,0.7329654659309319,0.7007874015748032
419,St. Louis,Median Age,zip,2,2462,43,254,LightGCN,9,1.0,0.9939148073022313,0.6968503937007874,0.7007874015748031,1.0,0.9996851281031455,0.716752433504867,0.7007874015748032
420,St. Louis,Median Age,zip,2,2462,43,254,Feat-LightGCN,0,1.0,0.9959432048681541,0.7047244094488189,0.7007874015748031,1.0,0.9996851281031455,0.7242544485088971,0.7007874015748032
421,St. Louis,Median Age,zip,2,2462,43,254,Feat-LightGCN,1,1.0,0.9939148073022313,0.6968503937007874,0.7007874015748031,1.0,0.9987902290278744,0.7271994543989087,0.7007874015748032
422,St. Louis,Median Age,zip,2,2462,43,254,Feat-LightGCN,2,1.0,0.9959432048681541,0.6968503937007874,0.7007874015748031,1.0,0.9989725232839481,0.7235724471448943,0.7007874015748032
423,St. Louis,Median Age,zip,2,2462,43,254,Feat-LightGCN,3,1.0,0.9898580121703854,0.7007874015748031,0.7007874015748031,1.0,0.998806801232972,0.7083824167648336,0.7007874015748032
424,St. Louis,Median Age,zip,2,2462,43,254,Feat-LightGCN,4,1.0,0.9918864097363083,0.6929133858267716,0.7007874015748031,1.0,0.9993868284113884,0.7253704507409016,0.7007874015748032
425,St. Louis,Median Age,zip,2,2462,43,254,Feat-LightGCN,5,1.0,0.9939148073022313,0.7007874015748031,0.7007874015748031,1.0,0.9998508501541215,0.718767437534875,0.7007874015748032
426,St. Louis,Median Age,zip,2,2462,43,254,Feat-LightGCN,6,1.0,0.9959432048681541,0.7007874015748031,0.7007874015748031,1.0,0.9998674223592191,0.7225804451608903,0.7007874015748032
427,St. Louis,Median Age,zip,2,2462,43,254,Feat-LightGCN,7,1.0,0.9898580121703854,0.7047244094488189,0.7007874015748031,1.0,0.9993702562062907,0.7367164734329468,0.7007874015748032
428,St. Louis,Median Age,zip,2,2462,43,254,Feat-LightGCN,8,1.0,0.9898580121703854,0.7007874015748031,0.7007874015748031,1.0,0.9998342779490238,0.7269204538409076,0.7007874015748032
429,St. Louis,Median Age,zip,2,2462,43,254,Feat-LightGCN,9,1.0,0.9959432048681541,0.7007874015748031,0.7007874015748031,1.0,0.9994696894368764,0.7238514477028953,0.7007874015748032
430,St. Louis,Median Age,zip,2,2462,43,254,Feat\&PC-LightGCN,0,1.0,1.0,0.7007874015748031,0.7007874015748031,1.0,1.0,0.6994233988467977,0.7007874015748032
431,St. Louis,Median Age,zip,2,2462,43,254,Feat\&PC-LightGCN,1,1.0,0.9979716024340771,0.7007874015748031,0.7007874015748031,1.0,1.0,0.6895653791307582,0.7007874015748032
432,St. Louis,Median Age,zip,2,2462,43,254,Feat\&PC-LightGCN,2,1.0,1.0,0.7007874015748031,0.7007874015748031,1.0,1.0,0.6964163928327856,0.7007874015748032
433,St. Louis,Median Age,zip,2,2462,43,254,Feat\&PC-LightGCN,3,1.0,1.0,0.7007874015748031,0.7007874015748031,1.0,1.0,0.6975943951887903,0.7007874015748032
434,St. Louis,Median Age,zip,2,2462,43,254,Feat\&PC-LightGCN,4,1.0,1.0,0.7007874015748031,0.7007874015748031,1.0,1.0,0.6983383966767934,0.7007874015748032
435,St. Louis,Median Age,zip,2,2462,43,254,Feat\&PC-LightGCN,5,1.0,1.0,0.7007874015748031,0.7007874015748031,1.0,1.0,0.6991133982267964,0.7007874015748032
436,St. Louis,Median Age,zip,2,2462,43,254,Feat\&PC-LightGCN,6,1.0,1.0,0.7007874015748031,0.7007874015748031,1.0,1.0,0.6943083886167771,0.7007874015748032
437,St. Louis,Median Age,zip,2,2462,43,254,Feat\&PC-LightGCN,7,1.0,1.0,0.7007874015748031,0.7007874015748031,1.0,1.0,0.7039804079608158,0.7007874015748032
438,St. Louis,Median Age,zip,2,2462,43,254,Feat\&PC-LightGCN,8,1.0,0.9979716024340771,0.7007874015748031,0.7007874015748031,1.0,1.0,0.6968813937627876,0.7007874015748032
439,St. Louis,Median Age,zip,2,2462,43,254,Feat\&PC-LightGCN,9,1.0,1.0,0.7007874015748031,0.7007874015748031,1.0,1.0,0.6939673879347759,0.7007874015748032
440,St. Louis,Median Age,zip,2,2462,43,254,RGNN,0,0.9847638395124428,0.9797160243407708,0.7047244094488189,0.7007874015748031,0.9980542240893914,0.9954592158032548,0.701283402566805,0.7007874015748032
441,St. Louis,Median Age,zip,2,2462,43,254,RGNN,1,0.4586084306754698,0.45841784989858014,0.5,0.7007874015748031,0.06534659328193078,0.05477113784760201,0.30429660859321717,0.7007874015748032
442,St. Louis,Median Age,zip,2,2462,43,254,RGNN,2,1.0,0.9878296146044625,0.6968503937007874,0.7007874015748031,1.0,0.9973484471843823,0.693750387500775,0.7007874015748032
443,St. Louis,Median Age,zip,2,2462,43,254,RGNN,3,0.9979685119349924,0.9837728194726166,0.6968503937007874,0.7007874015748031,0.9999792228947079,0.9992542507706075,0.7046624093248186,0.7007874015748032
444,St. Louis,Median Age,zip,2,2462,43,254,RGNN,4,1.0,0.9878296146044625,0.6929133858267716,0.7007874015748031,1.0,0.9979450465678964,0.6916113832227664,0.7007874015748032
445,St. Louis,Median Age,zip,2,2462,43,254,RGNN,5,1.0,0.9898580121703854,0.6968503937007874,0.7007874015748031,1.0,0.9994365450266812,0.6976873953747907,0.7007874015748032
446,St. Louis,Median Age,zip,2,2462,43,254,RGNN,6,1.0,0.9959432048681541,0.7007874015748031,0.7007874015748031,1.0,0.9998342779490239,0.6917353834707669,0.7007874015748032
447,St. Louis,Median Age,zip,2,2462,43,254,RGNN,7,1.0,0.9797160243407708,0.7047244094488189,0.7007874015748031,1.0,0.9993039673859003,0.7016554033108066,0.7007874015748032
448,St. Louis,Median Age,zip,2,2462,43,254,RGNN,8,1.0,0.9939148073022313,0.6968503937007874,0.7007874015748031,1.0,0.9999005667694143,0.6936573873147746,0.7007874015748032
449,St. Louis,Median Age,zip,2,2462,43,254,RGNN,9,1.0,0.9918864097363083,0.6968503937007874,0.7007874015748031,1.0,0.9998011335388286,0.7047864095728191,0.7007874015748032
450,St. Louis,Median Age,zip,2,2462,43,254,Feat-RGNN,0,1.0,1.0,0.7007874015748031,0.7007874015748031,1.0,1.0,0.7308574617149233,0.7007874015748032
451,St. Louis,Median Age,zip,2,2462,43,254,Feat-RGNN,1,1.0,0.9858012170385395,0.7007874015748031,0.7007874015748031,1.0,0.9989725232839481,0.7260834521669044,0.7007874015748032
452,St. Louis,Median Age,zip,2,2462,43,254,Feat-RGNN,2,1.0,0.9837728194726166,0.6968503937007874,0.7007874015748031,1.0,0.9981604852341652,0.7243784487568975,0.7007874015748032
453,St. Louis,Median Age,zip,2,2462,43,254,Feat-RGNN,3,0.9090909090909091,0.8661257606490872,0.6692913385826772,0.7007874015748031,0.9638499145022117,0.9519406052169301,0.7128774257548515,0.7007874015748032
454,St. Louis,Median Age,zip,2,2462,43,254,Feat-RGNN,4,1.0,0.9918864097363083,0.6929133858267716,0.7007874015748031,1.0,0.9991382453349243,0.7210614421228843,0.7007874015748032
455,St. Louis,Median Age,zip,2,2462,43,254,Feat-RGNN,5,1.0,0.9898580121703854,0.7007874015748031,0.7007874015748031,1.0,0.999320539590998,0.731229462458925,0.7007874015748032
456,St. Louis,Median Age,zip,2,2462,43,254,Feat-RGNN,6,1.0,0.9959432048681541,0.7007874015748031,0.7007874015748031,1.0,0.9997845613337311,0.726734453468907,0.7007874015748032
457,St. Louis,Median Age,zip,2,2462,43,254,Feat-RGNN,7,0.9842559674961909,0.9594320486815415,0.6968503937007874,0.7007874015748031,0.9961614297972777,0.9844552716184416,0.7414594829189658,0.7007874015748032
458,St. Louis,Median Age,zip,2,2462,43,254,Feat-RGNN,8,1.0,0.9878296146044625,0.7007874015748031,0.7007874015748031,1.0,0.9997348447184382,0.7347944695889391,0.7007874015748032
459,St. Louis,Median Age,zip,2,2462,43,254,Feat-RGNN,9,0.8263077704418487,0.8174442190669371,0.6456692913385826,0.7007874015748031,0.8136558563387831,0.8128666600377846,0.6499782999565998,0.7007874015748032
460,St. Louis,Median Age,zip,2,2462,43,254,Feat\&PC-RGNN,0,1.0,0.9939148073022313,0.7047244094488189,0.7007874015748031,1.0,0.9991382453349242,0.6961063922127845,0.7007874015748032
461,St. Louis,Median Age,zip,2,2462,43,254,Feat\&PC-RGNN,1,1.0,0.9918864097363083,0.7007874015748031,0.7007874015748031,1.0,0.9991548175400219,0.7011594023188046,0.7007874015748032
462,St. Louis,Median Age,zip,2,2462,43,254,Feat\&PC-RGNN,2,0.9695276790248857,0.9411764705882353,0.6929133858267716,0.7007874015748031,0.994617690874072,0.9869908189983759,0.7089714179428359,0.7007874015748032
463,St. Louis,Median Age,zip,2,2462,43,254,Feat\&PC-RGNN,3,1.0,0.9858012170385395,0.7007874015748031,0.7007874015748031,1.0,0.9996519836929502,0.7091884183768367,0.7007874015748032
464,St. Louis,Median Age,zip,2,2462,43,254,Feat\&PC-RGNN,4,1.0,0.9898580121703854,0.6968503937007874,0.7007874015748031,1.0,0.9989228066686553,0.6939983879967759,0.7007874015748032
465,St. Louis,Median Age,zip,2,2462,43,254,Feat\&PC-RGNN,5,1.0,0.9979716024340771,0.7007874015748031,0.7007874015748031,1.0,0.9999337111796095,0.6891003782007564,0.7007874015748032
466,St. Louis,Median Age,zip,2,2462,43,254,Feat\&PC-RGNN,6,1.0,0.9959432048681541,0.7007874015748031,0.7007874015748031,1.0,0.9996354114878526,0.6991443982887965,0.7007874015748032
467,St. Louis,Median Age,zip,2,2462,43,254,Feat\&PC-RGNN,7,1.0,0.9858012170385395,0.7047244094488189,0.7007874015748031,1.0,0.9986576513870936,0.7086614173228345,0.7007874015748032
468,St. Louis,Median Age,zip,2,2462,43,254,Feat\&PC-RGNN,8,0.9883189436262062,0.9776876267748479,0.7047244094488189,0.7007874015748031,0.99878453934041,0.9974313082098705,0.7015314030628061,0.7007874015748032
469,St. Louis,Median Age,zip,2,2462,43,254,Feat\&PC-RGNN,9,1.0,0.9918864097363083,0.7007874015748031,0.7007874015748031,1.0,0.9998839945643166,0.7046624093248186,0.7007874015748032
470,St. Louis,Median Age,zip,2,2462,43,254,NoPreTrain,0,1.0,0.9979716024340771,0.7047244094488189,0.7007874015748031,1.0,0.9997017003082431,0.6833653667307334,0.7007874015748032
471,St. Louis,Median Age,zip,2,2462,43,254,NoPreTrain,1,1.0,0.9898580121703854,0.7007874015748031,0.7007874015748031,1.0,0.9997845613337311,0.673507347014694,0.7007874015748032
472,St. Louis,Median Age,zip,2,2462,43,254,NoPreTrain,2,1.0,0.9939148073022313,0.6968503937007874,0.7007874015748031,1.0,0.9999337111796095,0.6900613801227602,0.7007874015748032
473,St. Louis,Median Age,zip,2,2462,43,254,NoPreTrain,3,1.0,0.9918864097363083,0.7007874015748031,0.7007874015748031,1.0,0.9997679891286334,0.6905573811147622,0.7007874015748032
474,St. Louis,Median Age,zip,2,2462,43,254,NoPreTrain,4,1.0,0.9939148073022313,0.6929133858267716,0.7007874015748031,1.0,0.9998674223592191,0.691735383470767,0.7007874015748032
475,St. Louis,Median Age,zip,2,2462,43,254,NoPreTrain,5,1.0,0.9959432048681541,0.7007874015748031,0.7007874015748031,1.0,0.9999834277949023,0.7201314402628806,0.7007874015748032
476,St. Louis,Median Age,zip,2,2462,43,254,NoPreTrain,6,1.0,0.9959432048681541,0.7007874015748031,0.7007874015748031,1.0,0.9999502833847072,0.7116994233988468,0.7007874015748032
477,St. Louis,Median Age,zip,2,2462,43,254,NoPreTrain,7,1.0,0.9878296146044625,0.7047244094488189,0.7007874015748031,1.0,0.999022239899241,0.6765453530907062,0.7007874015748032
478,St. Louis,Median Age,zip,2,2462,43,254,NoPreTrain,8,1.0,0.9898580121703854,0.6968503937007874,0.7007874015748031,1.0,0.999618839282755,0.6888213776427552,0.7007874015748032
479,St. Louis,Median Age,zip,2,2462,43,254,NoPreTrain,9,1.0,0.9959432048681541,0.7007874015748031,0.7007874015748031,1.0,0.9998839945643166,0.7013454026908053,0.7007874015748032
480,Indianapolis,Median Income,zip,2,2493,31,239,Emb,0,1.0,0.9879759519038076,0.7489539748953975,0.7489539748953975,1.0,0.9993175157573568,0.7740896358543418,0.7489495798319328
481,Indianapolis,Median Income,zip,2,2493,31,239,Emb,1,1.0,0.9919839679358717,0.7447698744769874,0.7489539748953975,1.0,0.9993576618892769,0.7792016806722689,0.7489495798319328
482,Indianapolis,Median Income,zip,2,2493,31,239,Emb,2,1.0,0.9919839679358717,0.7489539748953975,0.7489539748953975,1.0,0.9994580272190775,0.7687324929971989,0.7489495798319328
483,Indianapolis,Median Income,zip,2,2493,31,239,Emb,3,1.0,0.9919839679358717,0.7531380753138075,0.7489539748953975,1.0,0.9995985386807981,0.7731792717086834,0.7489495798319328
484,Indianapolis,Median Income,zip,2,2493,31,239,Emb,4,1.0,0.9899799599198397,0.7489539748953975,0.7489539748953975,1.0,0.9992974426913968,0.7596988795518207,0.7489495798319328
485,Indianapolis,Median Income,zip,2,2493,31,239,Emb,5,1.0,0.9939879759519038,0.7489539748953975,0.7489539748953975,1.0,0.9999598538680798,0.7774159663865546,0.7489495798319328
486,Indianapolis,Median Income,zip,2,2493,31,239,Emb,6,1.0,0.9839679358717435,0.7489539748953975,0.7489539748953975,1.0,0.9968485286442652,0.7825280112044818,0.7489495798319328
487,Indianapolis,Median Income,zip,2,2493,31,239,Emb,7,1.0,0.9939879759519038,0.7489539748953975,0.7489539748953975,1.0,0.9990565658998756,0.7770658263305323,0.7489495798319328
488,Indianapolis,Median Income,zip,2,2493,31,239,Emb,8,1.0,0.9899799599198397,0.7447698744769874,0.7489539748953975,1.0,0.9993777349552371,0.776155462184874,0.7489495798319328
489,Indianapolis,Median Income,zip,2,2493,31,239,Emb,9,1.0,0.9919839679358717,0.7489539748953975,0.7489539748953975,1.0,0.9996989040105986,0.7823529411764707,0.7489495798319328
490,Indianapolis,Median Income,zip,2,2493,31,239,LightGCN,0,1.0,0.9919839679358717,0.7489539748953975,0.7489539748953975,1.0,0.9995583925488779,0.7651960784313725,0.7489495798319328
491,Indianapolis,Median Income,zip,2,2493,31,239,LightGCN,1,1.0,0.9899799599198397,0.7447698744769874,0.7489539748953975,1.0,0.9997992693403991,0.7603641456582634,0.7489495798319328
492,Indianapolis,Median Income,zip,2,2493,31,239,LightGCN,2,0.9994984954864594,0.9879759519038076,0.7489539748953975,0.7489539748953975,0.9999949691419745,0.9994178810871572,0.7529761904761905,0.7489495798319328
493,Indianapolis,Median Income,zip,2,2493,31,239,LightGCN,3,1.0,0.9939879759519038,0.7489539748953975,0.7489539748953975,1.0,0.9991770042956362,0.7715686274509803,0.7489495798319328
494,Indianapolis,Median Income,zip,2,2493,31,239,LightGCN,4,1.0,0.9959919839679359,0.7489539748953975,0.7489539748953975,1.0,0.9994981733509976,0.7575980392156864,0.7489495798319328
495,Indianapolis,Median Income,zip,2,2493,31,239,LightGCN,5,1.0,0.9959919839679359,0.7489539748953975,0.7489539748953975,1.0,0.9997591232084789,0.7685574229691876,0.7489495798319328
496,Indianapolis,Median Income,zip,2,2493,31,239,LightGCN,6,1.0,0.9819639278557114,0.7447698744769874,0.7489539748953975,1.0,0.9983941547231925,0.7552871148459384,0.7489495798319328
497,Indianapolis,Median Income,zip,2,2493,31,239,LightGCN,7,1.0,0.9939879759519038,0.7489539748953975,0.7489539748953975,1.0,0.9998996346701996,0.7603291316526611,0.7489495798319328
498,Indianapolis,Median Income,zip,2,2493,31,239,LightGCN,8,1.0,0.9879759519038076,0.7447698744769874,0.7489539748953975,1.0,0.9995383194829178,0.7628501400560224,0.7489495798319328
499,Indianapolis,Median Income,zip,2,2493,31,239,LightGCN,9,1.0,0.9919839679358717,0.7531380753138075,0.7489539748953975,1.0,0.999377734955237,0.7642857142857142,0.7489495798319328
500,Indianapolis,Median Income,zip,2,2493,31,239,Feat-LightGCN,0,1.0,0.9919839679358717,0.7489539748953975,0.7489539748953975,1.0,0.9995985386807982,0.7866596638655462,0.7489495798319328
501,Indianapolis,Median Income,zip,2,2493,31,239,Feat-LightGCN,1,0.9573721163490472,0.9579158316633266,0.7364016736401674,0.7489539748953975,0.9936032640206869,0.9917098237584808,0.7664915966386554,0.7489495798319328
502,Indianapolis,Median Income,zip,2,2493,31,239,Feat-LightGCN,2,1.0,0.9939879759519038,0.7489539748953975,0.7489539748953975,1.0,0.9995985386807982,0.7787464985994398,0.7489495798319328
503,Indianapolis,Median Income,zip,2,2493,31,239,Feat-LightGCN,3,1.0,0.9939879759519038,0.7489539748953975,0.7489539748953975,1.0,0.9998394154723192,0.7760504201680672,0.7489495798319328
504,Indianapolis,Median Income,zip,2,2493,31,239,Feat-LightGCN,4,1.0,0.9959919839679359,0.7489539748953975,0.7489539748953975,1.0,0.9999197077361596,0.7757703081232494,0.7489495798319328
505,Indianapolis,Median Income,zip,2,2493,31,239,Feat-LightGCN,5,1.0,0.9939879759519038,0.7447698744769874,0.7489539748953975,1.0,0.9997390501425187,0.7824229691876751,0.7489495798319328
506,Indianapolis,Median Income,zip,2,2493,31,239,Feat-LightGCN,6,1.0,0.9859719438877755,0.7447698744769874,0.7489539748953975,1.0,0.9973905014251877,0.7804971988795518,0.7489495798319328
507,Indianapolis,Median Income,zip,2,2493,31,239,Feat-LightGCN,7,1.0,0.9979959919839679,0.7489539748953975,0.7489539748953975,1.0,0.999799269340399,0.7794817927170868,0.7489495798319328
508,Indianapolis,Median Income,zip,2,2493,31,239,Feat-LightGCN,8,1.0,0.9899799599198397,0.7447698744769874,0.7489539748953975,1.0,0.9986149584487535,0.7833683473389357,0.7489495798319328
509,Indianapolis,Median Income,zip,2,2493,31,239,Feat-LightGCN,9,1.0,0.9939879759519038,0.7489539748953975,0.7489539748953975,1.0,0.9998795616042394,0.7807072829131653,0.7489495798319328
510,Indianapolis,Median Income,zip,2,2493,31,239,Feat\&PC-LightGCN,0,1.0,1.0,0.7489539748953975,0.7489539748953975,1.0,1.0,0.776155462184874,0.7489495798319328
511,Indianapolis,Median Income,zip,2,2493,31,239,Feat\&PC-LightGCN,1,1.0,0.9979959919839679,0.7447698744769874,0.7489539748953975,1.0,0.9999799269340399,0.781547619047619,0.7489495798319328
512,Indianapolis,Median Income,zip,2,2493,31,239,Feat\&PC-LightGCN,2,1.0,0.9939879759519038,0.7489539748953975,0.7489539748953975,1.0,1.0,0.7791666666666667,0.7489495798319328
513,Indianapolis,Median Income,zip,2,2493,31,239,Feat\&PC-LightGCN,3,1.0,1.0,0.7489539748953975,0.7489539748953975,1.0,1.0,0.7668417366946779,0.7489495798319328
514,Indianapolis,Median Income,zip,2,2493,31,239,Feat\&PC-LightGCN,4,1.0,1.0,0.7489539748953975,0.7489539748953975,1.0,1.0,0.7752100840336135,0.7489495798319328
515,Indianapolis,Median Income,zip,2,2493,31,239,Feat\&PC-LightGCN,5,1.0,0.9979959919839679,0.7489539748953975,0.7489539748953975,1.0,0.9999799269340399,0.7768557422969188,0.7489495798319328
516,Indianapolis,Median Income,zip,2,2493,31,239,Feat\&PC-LightGCN,6,1.0,0.9979959919839679,0.7489539748953975,0.7489539748953975,1.0,1.0,0.772373949579832,0.7489495798319328
517,Indianapolis,Median Income,zip,2,2493,31,239,Feat\&PC-LightGCN,7,1.0,0.9959919839679359,0.7489539748953975,0.7489539748953975,1.0,0.9999397808021196,0.7762605042016807,0.7489495798319328
518,Indianapolis,Median Income,zip,2,2493,31,239,Feat\&PC-LightGCN,8,1.0,0.9979959919839679,0.7447698744769874,0.7489539748953975,1.0,0.9999799269340399,0.7851890756302521,0.7489495798319328
519,Indianapolis,Median Income,zip,2,2493,31,239,Feat\&PC-LightGCN,9,1.0,1.0,0.7489539748953975,0.7489539748953975,1.0,1.0,0.7707282913165266,0.7489495798319328
520,Indianapolis,Median Income,zip,2,2493,31,239,RGNN,0,0.9247743229689067,0.9198396793587175,0.6903765690376569,0.7489539748953975,0.9812927544325003,0.9806294913485085,0.7556722689075631,0.7489495798319328
521,Indianapolis,Median Income,zip,2,2493,31,239,RGNN,1,1.0,0.9859719438877755,0.7489539748953975,0.7489539748953975,1.0,0.9971696976996267,0.7915266106442578,0.7489495798319328
522,Indianapolis,Median Income,zip,2,2493,31,239,RGNN,2,1.0,0.9919839679358717,0.7447698744769874,0.7489539748953975,1.0,0.9996386848127183,0.7868697478991598,0.7489495798319328
523,Indianapolis,Median Income,zip,2,2493,31,239,RGNN,3,1.0,0.9839679358717435,0.7531380753138075,0.7489539748953975,1.0,0.9985547392508731,0.7813725490196078,0.7489495798319328
524,Indianapolis,Median Income,zip,2,2493,31,239,RGNN,4,1.0,0.9839679358717435,0.7489539748953975,0.7489539748953975,1.0,0.9978521819422699,0.7870798319327731,0.7489495798319328
525,Indianapolis,Median Income,zip,2,2493,31,239,RGNN,5,1.0,0.9939879759519038,0.7489539748953975,0.7489539748953975,1.0,0.9999799269340399,0.7876400560224089,0.7489495798319328
526,Indianapolis,Median Income,zip,2,2493,31,239,RGNN,6,1.0,0.9819639278557114,0.7405857740585774,0.7489539748953975,1.0,0.9987755429764342,0.7876050420168067,0.7489495798319328
527,Indianapolis,Median Income,zip,2,2493,31,239,RGNN,7,1.0,0.9859719438877755,0.7489539748953975,0.7489539748953975,1.0,0.9973704283592276,0.7808823529411765,0.7489495798319328
528,Indianapolis,Median Income,zip,2,2493,31,239,RGNN,8,1.0,0.9939879759519038,0.7447698744769874,0.7489539748953975,1.0,0.9993978080211972,0.7843837535014007,0.7489495798319328
529,Indianapolis,Median Income,zip,2,2493,31,239,RGNN,9,1.0,0.9899799599198397,0.7531380753138075,0.7489539748953975,1.0,0.9987353968445141,0.7834733893557423,0.7489495798319328
530,Indianapolis,Median Income,zip,2,2493,31,239,Feat-RGNN,0,1.0,0.9859719438877755,0.7489539748953975,0.7489539748953975,1.0,0.9991970773615962,0.7945728291316527,0.7489495798319328
531,Indianapolis,Median Income,zip,2,2493,31,239,Feat-RGNN,1,1.0,0.9879759519038076,0.7447698744769874,0.7489539748953975,1.0,0.9987554699104741,0.799719887955182,0.7489495798319328
532,Indianapolis,Median Income,zip,2,2493,31,239,Feat-RGNN,2,1.0,0.9879759519038076,0.7447698744769874,0.7489539748953975,1.0,0.9993978080211972,0.796358543417367,0.7489495798319328
533,Indianapolis,Median Income,zip,2,2493,31,239,Feat-RGNN,3,0.9994984954864594,0.9839679358717435,0.7531380753138075,0.7489539748953975,0.9999987422854937,0.9988156891083544,0.7926820728291316,0.7489495798319328
534,Indianapolis,Median Income,zip,2,2493,31,239,Feat-RGNN,4,1.0,0.9879759519038076,0.7489539748953975,0.7489539748953975,1.0,0.9986751776466338,0.8040266106442576,0.7489495798319328
535,Indianapolis,Median Income,zip,2,2493,31,239,Feat-RGNN,5,1.0,0.9839679358717435,0.7447698744769874,0.7489539748953975,1.0,0.9988759083062347,0.7871148459383753,0.7489495798319328
536,Indianapolis,Median Income,zip,2,2493,31,239,Feat-RGNN,6,1.0,0.9879759519038076,0.7447698744769874,0.7489539748953975,1.0,0.9978120358103497,0.7953781512605043,0.7489495798319328
537,Indianapolis,Median Income,zip,2,2493,31,239,Feat-RGNN,7,0.9949849548645938,0.9919839679358717,0.7489539748953975,0.7489539748953975,0.9999157331280744,0.9996587578786784,0.7884803921568627,0.7489495798319328
538,Indianapolis,Median Income,zip,2,2493,31,239,Feat-RGNN,8,0.9984954864593781,0.9919839679358717,0.7573221757322176,0.7489539748953975,0.9999949691419746,0.999357661889277,0.8012955182072828,0.7489495798319328
539,Indianapolis,Median Income,zip,2,2493,31,239,Feat-RGNN,9,0.9904714142427282,0.9879759519038076,0.7531380753138075,0.7489539748953975,0.9995874696419161,0.9994178810871572,0.8002450980392157,0.7489495798319328
540,Indianapolis,Median Income,zip,2,2493,31,239,Feat\&PC-RGNN,0,1.0,0.9919839679358717,0.7531380753138075,0.7489539748953975,1.0,0.9987755429764342,0.7551470588235294,0.7489495798319328
541,Indianapolis,Median Income,zip,2,2493,31,239,Feat\&PC-RGNN,1,1.0,0.9919839679358717,0.7447698744769874,0.7489539748953975,1.0,0.9992372234935164,0.7533613445378151,0.7489495798319328
542,Indianapolis,Median Income,zip,2,2493,31,239,Feat\&PC-RGNN,2,1.0,0.9939879759519038,0.7447698744769874,0.7489539748953975,1.0,0.9992572965594766,0.7457983193277311,0.7489495798319328
543,Indianapolis,Median Income,zip,2,2493,31,239,Feat\&PC-RGNN,3,1.0,0.9899799599198397,0.7531380753138075,0.7489539748953975,1.0,0.9996186117467581,0.7510504201680672,0.7489495798319328
544,Indianapolis,Median Income,zip,2,2493,31,239,Feat\&PC-RGNN,4,1.0,0.9879759519038076,0.7489539748953975,0.7489539748953975,1.0,0.999136858163716,0.7421568627450981,0.7489495798319328
545,Indianapolis,Median Income,zip,2,2493,31,239,Feat\&PC-RGNN,5,1.0,0.9959919839679359,0.7489539748953975,0.7489539748953975,1.0,0.9998996346701995,0.7501750700280112,0.7489495798319328
546,Indianapolis,Median Income,zip,2,2493,31,239,Feat\&PC-RGNN,6,1.0,0.9859719438877755,0.7447698744769874,0.7489539748953975,1.0,0.9993175157573568,0.7476890756302521,0.7489495798319328
547,Indianapolis,Median Income,zip,2,2493,31,239,Feat\&PC-RGNN,7,0.9237713139418254,0.9158316633266533,0.6234309623430963,0.7489539748953975,0.9840408606288824,0.9775181661246939,0.7303921568627451,0.7489495798319328
548,Indianapolis,Median Income,zip,2,2493,31,239,Feat\&PC-RGNN,8,1.0,0.9899799599198397,0.7447698744769874,0.7489539748953975,1.0,0.9997791962744389,0.7466736694677871,0.7489495798319328
549,Indianapolis,Median Income,zip,2,2493,31,239,Feat\&PC-RGNN,9,0.9859578736208626,0.9799599198396793,0.7322175732217573,0.7489539748953975,0.9986919769133925,0.9980328395359107,0.7453781512605042,0.7489495798319328
550,Indianapolis,Median Income,zip,2,2493,31,239,NoPreTrain,0,1.0,0.9959919839679359,0.7489539748953975,0.7489539748953975,1.0,0.9999799269340399,0.7815126050420168,0.7489495798319328
551,Indianapolis,Median Income,zip,2,2493,31,239,NoPreTrain,1,1.0,0.9939879759519038,0.7447698744769874,0.7489539748953975,1.0,0.997249989963467,0.7681372549019608,0.7489495798319328
552,Indianapolis,Median Income,zip,2,2493,31,239,NoPreTrain,2,1.0,0.9939879759519038,0.7489539748953975,0.7489539748953975,1.0,0.9998996346701995,0.7684873949579831,0.7489495798319328
553,Indianapolis,Median Income,zip,2,2493,31,239,NoPreTrain,3,1.0,0.9979959919839679,0.7489539748953975,0.7489539748953975,1.0,1.0,0.7502801120448179,0.7489495798319328
554,Indianapolis,Median Income,zip,2,2493,31,239,NoPreTrain,4,1.0,0.9959919839679359,0.7489539748953975,0.7489539748953975,1.0,0.9999799269340399,0.756967787114846,0.7489495798319328
555,Indianapolis,Median Income,zip,2,2493,31,239,NoPreTrain,5,1.0,0.9919839679358717,0.7489539748953975,0.7489539748953975,1.0,0.999799269340399,0.7564075630252101,0.7489495798319328
556,Indianapolis,Median Income,zip,2,2493,31,239,NoPreTrain,6,1.0,0.9959919839679359,0.7489539748953975,0.7489539748953975,1.0,0.9999197077361596,0.7734243697478992,0.7489495798319328
557,Indianapolis,Median Income,zip,2,2493,31,239,NoPreTrain,7,1.0,0.9959919839679359,0.7489539748953975,0.7489539748953975,1.0,0.9999397808021198,0.7794117647058824,0.7489495798319328
558,Indianapolis,Median Income,zip,2,2493,31,239,NoPreTrain,8,1.0,0.9959919839679359,0.7447698744769874,0.7489539748953975,1.0,0.99576458308242,0.7700980392156863,0.7489495798319328
559,Indianapolis,Median Income,zip,2,2493,31,239,NoPreTrain,9,1.0,0.9979959919839679,0.7489539748953975,0.7489539748953975,1.0,1.0,0.7773809523809524,0.7489495798319328
560,Indianapolis,Median Home Value,zip,2,2429,30,229,Emb,0,1.0,0.9897119341563786,0.7991266375545851,0.7991266375545851,1.0,0.99947942695319,0.8335240274599541,0.7991228070175439
561,Indianapolis,Median Home Value,zip,2,2429,30,229,Emb,1,1.0,0.9876543209876543,0.8034934497816594,0.7991266375545851,1.0,0.9994794269531901,0.8243325705568267,0.7991228070175439
562,Indianapolis,Median Home Value,zip,2,2429,30,229,Emb,2,1.0,0.9897119341563786,0.7991266375545851,0.7991266375545851,1.0,0.9994377811094453,0.8166285278413425,0.7991228070175439
563,Indianapolis,Median Home Value,zip,2,2429,30,229,Emb,3,1.0,0.9958847736625515,0.7991266375545851,0.7991266375545851,1.0,0.9997917707812761,0.8343630816170862,0.7991228070175439
564,Indianapolis,Median Home Value,zip,2,2429,30,229,Emb,4,1.0,0.9958847736625515,0.7991266375545851,0.7991266375545851,1.0,0.9999375312343828,0.8305110602593441,0.7991228070175439
565,Indianapolis,Median Home Value,zip,2,2429,30,229,Emb,5,0.9989706639217705,0.98559670781893,0.8078602620087336,0.7991266375545851,0.9999973924108726,0.9988963851407631,0.8229595728451563,0.7991228070175439
566,Indianapolis,Median Home Value,zip,2,2429,30,229,Emb,6,1.0,0.98559670781893,0.8165938864628821,0.7991266375545851,1.0,0.9980842911877394,0.8272311212814645,0.7991228070175439
567,Indianapolis,Median Home Value,zip,2,2429,30,229,Emb,7,1.0,0.9835390946502057,0.7991266375545851,0.7991266375545851,1.0,0.9988547392970182,0.8298245614035089,0.7991228070175439
568,Indianapolis,Median Home Value,zip,2,2429,30,229,Emb,8,1.0,0.9917695473251029,0.8078602620087336,0.7991266375545851,1.0,0.9990213226719973,0.8318077803203662,0.7991228070175439
569,Indianapolis,Median Home Value,zip,2,2429,30,229,Emb,9,1.0,0.9938271604938271,0.8078602620087336,0.7991266375545851,1.0,0.9995002498750625,0.834096109839817,0.7991228070175439
570,Indianapolis,Median Home Value,zip,2,2429,30,229,LightGCN,0,1.0,0.9938271604938271,0.7991266375545851,0.7991266375545851,1.0,0.9992503748125937,0.81441647597254,0.7991228070175439
571,Indianapolis,Median Home Value,zip,2,2429,30,229,LightGCN,1,1.0,0.9938271604938271,0.8034934497816594,0.7991266375545851,1.0,0.9997501249375312,0.8282227307398933,0.7991228070175439
572,Indianapolis,Median Home Value,zip,2,2429,30,229,LightGCN,2,0.9984559958826557,0.9814814814814815,0.7947598253275109,0.7991266375545851,0.9999778354924171,0.9972513743128436,0.8217009916094584,0.7991228070175439
573,Indianapolis,Median Home Value,zip,2,2429,30,229,LightGCN,3,0.9840452907874421,0.98559670781893,0.8034934497816594,0.7991266375545851,0.9980716878402904,0.9996876561719141,0.8199466056445461,0.7991228070175439
574,Indianapolis,Median Home Value,zip,2,2429,30,229,LightGCN,4,1.0,0.9979423868312757,0.7991266375545851,0.7991266375545851,1.0,0.9999791770781276,0.8220442410373761,0.7991228070175439
575,Indianapolis,Median Home Value,zip,2,2429,30,229,LightGCN,5,0.9994853319608852,0.9897119341563786,0.8034934497816594,0.7991266375545851,1.0,0.999583541562552,0.8169717772692601,0.7991228070175439
576,Indianapolis,Median Home Value,zip,2,2429,30,229,LightGCN,6,1.0,0.9876543209876543,0.8122270742358079,0.7991266375545851,1.0,0.9985007496251874,0.8257055682684973,0.7991228070175439
577,Indianapolis,Median Home Value,zip,2,2429,30,229,LightGCN,7,1.0,0.9917695473251029,0.8034934497816594,0.7991266375545851,1.0,0.999375312343828,0.8217009916094583,0.7991228070175439
578,Indianapolis,Median Home Value,zip,2,2429,30,229,LightGCN,8,1.0,0.9917695473251029,0.8034934497816594,0.7991266375545851,1.0,0.9998334166250209,0.8262013729977115,0.7991228070175439
579,Indianapolis,Median Home Value,zip,2,2429,30,229,LightGCN,9,0.9469891919711786,0.9423868312757202,0.7991266375545851,0.7991266375545851,0.9959647558253542,0.9965225720473097,0.8196796338672769,0.7991228070175439
580,Indianapolis,Median Home Value,zip,2,2429,30,229,Feat-LightGCN,0,0.9902213072568193,0.98559670781893,0.7947598253275109,0.7991266375545851,0.9993833051713708,0.9973554889222056,0.8233790999237224,0.7991228070175439
581,Indianapolis,Median Home Value,zip,2,2429,30,229,Feat-LightGCN,1,1.0,0.9938271604938271,0.8078602620087336,0.7991266375545851,1.0,0.9995627186406797,0.8254385964912282,0.7991228070175439
582,Indianapolis,Median Home Value,zip,2,2429,30,229,Feat-LightGCN,2,1.0,0.9938271604938271,0.8034934497816594,0.7991266375545851,1.0,0.9996668332500417,0.8268115942028986,0.7991228070175439
583,Indianapolis,Median Home Value,zip,2,2429,30,229,Feat-LightGCN,3,1.0,1.0,0.7991266375545851,0.7991266375545851,1.0,1.0,0.8303966437833715,0.7991228070175439
584,Indianapolis,Median Home Value,zip,2,2429,30,229,Feat-LightGCN,4,1.0,0.9938271604938271,0.7991266375545851,0.7991266375545851,1.0,0.9999583541562552,0.828146453089245,0.7991228070175439
585,Indianapolis,Median Home Value,zip,2,2429,30,229,Feat-LightGCN,5,1.0,0.9917695473251029,0.8078602620087336,0.7991266375545851,1.0,0.99947942695319,0.8259344012204424,0.7991228070175439
586,Indianapolis,Median Home Value,zip,2,2429,30,229,Feat-LightGCN,6,0.9119917653113742,0.9135802469135802,0.7903930131004366,0.7991266375545851,0.9908447545737114,0.9875270697984341,0.8241800152555301,0.7991228070175439
587,Indianapolis,Median Home Value,zip,2,2429,30,229,Feat-LightGCN,7,1.0,0.9897119341563786,0.7991266375545851,0.7991266375545851,1.0,0.9996668332500417,0.8287566742944318,0.7991228070175439
588,Indianapolis,Median Home Value,zip,2,2429,30,229,Feat-LightGCN,8,0.9948533196088523,0.9917695473251029,0.8122270742358079,0.7991266375545851,0.9998018232263178,0.9977511244377811,0.8149504195270787,0.7991228070175439
589,Indianapolis,Median Home Value,zip,2,2429,30,229,Feat-LightGCN,9,1.0,0.9958847736625515,0.8034934497816594,0.7991266375545851,1.0,0.999791770781276,0.8218916857360792,0.7991228070175439
590,Indianapolis,Median Home Value,zip,2,2429,30,229,Feat\&PC-LightGCN,0,1.0,0.9979423868312757,0.7991266375545851,0.7991266375545851,1.0,1.0,0.8282227307398933,0.7991228070175439
591,Indianapolis,Median Home Value,zip,2,2429,30,229,Feat\&PC-LightGCN,1,1.0,0.9958847736625515,0.8034934497816594,0.7991266375545851,1.0,0.9999583541562552,0.8478642257818457,0.7991228070175439
592,Indianapolis,Median Home Value,zip,2,2429,30,229,Feat\&PC-LightGCN,2,1.0,0.9938271604938271,0.8034934497816594,0.7991266375545851,1.0,0.9998542395468932,0.8335240274599542,0.7991228070175439
593,Indianapolis,Median Home Value,zip,2,2429,30,229,Feat\&PC-LightGCN,3,1.0,1.0,0.7991266375545851,0.7991266375545851,1.0,1.0,0.8198703279938978,0.7991228070175439
594,Indianapolis,Median Home Value,zip,2,2429,30,229,Feat\&PC-LightGCN,4,1.0,1.0,0.7991266375545851,0.7991266375545851,1.0,1.0,0.8333333333333333,0.7991228070175439
595,Indianapolis,Median Home Value,zip,2,2429,30,229,Feat\&PC-LightGCN,5,1.0,0.9958847736625515,0.8034934497816594,0.7991266375545851,1.0,0.9999167083125103,0.8399694889397407,0.7991228070175439
596,Indianapolis,Median Home Value,zip,2,2429,30,229,Feat\&PC-LightGCN,6,1.0,0.9876543209876543,0.8078602620087336,0.7991266375545851,1.0,0.9996251874062969,0.8382913806254768,0.7991228070175439
597,Indianapolis,Median Home Value,zip,2,2429,30,229,Feat\&PC-LightGCN,7,1.0,0.9958847736625515,0.7991266375545851,0.7991266375545851,1.0,1.0,0.8363081617086193,0.7991228070175439
598,Indianapolis,Median Home Value,zip,2,2429,30,229,Feat\&PC-LightGCN,8,1.0,0.9958847736625515,0.8078602620087336,0.7991266375545851,1.0,0.9997501249375312,0.8583905415713197,0.7991228070175439
599,Indianapolis,Median Home Value,zip,2,2429,30,229,Feat\&PC-LightGCN,9,1.0,0.9917695473251029,0.8078602620087336,0.7991266375545851,1.0,0.9995418957188072,0.8284897025171626,0.7991228070175439
600,Indianapolis,Median Home Value,zip,2,2429,30,229,RGNN,0,0.9835306227483274,0.9691358024691358,0.7991266375545851,0.7991266375545851,0.9965645013246553,0.9906713310011661,0.793630816170862,0.7991228070175439
601,Indianapolis,Median Home Value,zip,2,2429,30,229,RGNN,1,1.0,0.9897119341563786,0.8078602620087336,0.7991266375545851,1.0,0.998688155922039,0.8146834477498093,0.7991228070175439
602,Indianapolis,Median Home Value,zip,2,2429,30,229,RGNN,2,1.0,0.98559670781893,0.8034934497816594,0.7991266375545851,1.0,0.9992295518907213,0.8222730739893211,0.7991228070175439
603,Indianapolis,Median Home Value,zip,2,2429,30,229,RGNN,3,1.0,0.9897119341563786,0.7991266375545851,0.7991266375545851,1.0,0.9996668332500416,0.816933638443936,0.7991228070175439
604,Indianapolis,Median Home Value,zip,2,2429,30,229,RGNN,4,0.7164179104477612,0.7160493827160493,0.4978165938864629,0.7991266375545851,0.7903915555833698,0.7606405130767949,0.6610602593440122,0.7991228070175439
605,Indianapolis,Median Home Value,zip,2,2429,30,229,RGNN,5,1.0,0.9835390946502057,0.8034934497816594,0.7991266375545851,1.0,0.9977303015159088,0.8131960335621663,0.7991228070175439
606,Indianapolis,Median Home Value,zip,2,2429,30,229,RGNN,6,1.0,0.9794238683127572,0.8165938864628821,0.7991266375545851,1.0,0.9966266866566716,0.8123569794050343,0.7991228070175439
607,Indianapolis,Median Home Value,zip,2,2429,30,229,RGNN,7,1.0,0.98559670781893,0.8078602620087336,0.7991266375545851,1.0,0.9983758120939531,0.8196033562166285,0.7991228070175439
608,Indianapolis,Median Home Value,zip,2,2429,30,229,RGNN,8,1.0,0.9897119341563786,0.8034934497816594,0.7991266375545851,1.0,0.9995627186406797,0.8119755911517925,0.7991228070175439
609,Indianapolis,Median Home Value,zip,2,2429,30,229,RGNN,9,1.0,0.9917695473251029,0.7991266375545851,0.7991266375545851,1.0,0.9996668332500417,0.8232265446224255,0.7991228070175439
610,Indianapolis,Median Home Value,zip,2,2429,30,229,Feat-RGNN,0,0.9809572825527535,0.9629629629629629,0.8122270742358079,0.7991266375545851,0.9983428771095396,0.9950024987506247,0.8499618611746759,0.7991228070175439
611,Indianapolis,Median Home Value,zip,2,2429,30,229,Feat-RGNN,1,1.0,0.9876543209876543,0.8078602620087336,0.7991266375545851,1.0,0.9982092287189738,0.8505339435545385,0.7991228070175439
612,Indianapolis,Median Home Value,zip,2,2429,30,229,Feat-RGNN,2,1.0,0.9814814814814815,0.8034934497816594,0.7991266375545851,1.0,0.9968140929535232,0.8419145690312738,0.7991228070175439
613,Indianapolis,Median Home Value,zip,2,2429,30,229,Feat-RGNN,3,1.0,0.9938271604938271,0.8034934497816594,0.7991266375545851,1.0,0.9996668332500417,0.8437452326468345,0.7991228070175439
614,Indianapolis,Median Home Value,zip,2,2429,30,229,Feat-RGNN,4,0.9948533196088523,0.9917695473251029,0.8165938864628821,0.7991266375545851,0.9998031270208816,0.999687656171914,0.8481311975591151,0.7991228070175439
615,Indianapolis,Median Home Value,zip,2,2429,30,229,Feat-RGNN,5,1.0,0.9897119341563786,0.8034934497816594,0.7991266375545851,1.0,0.9991254372813593,0.8457284515636919,0.7991228070175439
616,Indianapolis,Median Home Value,zip,2,2429,30,229,Feat-RGNN,6,1.0,0.98559670781893,0.8209606986899564,0.7991266375545851,1.0,0.997855239047143,0.856140350877193,0.7991228070175439
617,Indianapolis,Median Home Value,zip,2,2429,30,229,Feat-RGNN,7,1.0,0.9917695473251029,0.7991266375545851,0.7991266375545851,1.0,0.9986465100782942,0.8451182303585049,0.7991228070175439
618,Indianapolis,Median Home Value,zip,2,2429,30,229,Feat-RGNN,8,1.0,0.9938271604938271,0.8078602620087336,0.7991266375545851,1.0,0.9991879060469765,0.8429824561403508,0.7991228070175439
619,Indianapolis,Median Home Value,zip,2,2429,30,229,Feat-RGNN,9,0.930519814719506,0.9382716049382716,0.7729257641921398,0.7991266375545851,0.9723673780169806,0.9751999000499749,0.8497330282227308,0.7991228070175439
620,Indianapolis,Median Home Value,zip,2,2429,30,229,Feat\&PC-RGNN,0,1.0,0.9835390946502057,0.8034934497816594,0.7991266375545851,1.0,0.9983133433283358,0.8042715484363081,0.7991228070175439
621,Indianapolis,Median Home Value,zip,2,2429,30,229,Feat\&PC-RGNN,1,1.0,0.9938271604938271,0.8078602620087336,0.7991266375545851,1.0,0.999583541562552,0.8088482074752097,0.7991228070175439
622,Indianapolis,Median Home Value,zip,2,2429,30,229,Feat\&PC-RGNN,2,1.0,0.9876543209876543,0.7991266375545851,0.7991266375545851,1.0,0.9986256871564217,0.804424103737605,0.7991228070175439
623,Indianapolis,Median Home Value,zip,2,2429,30,229,Feat\&PC-RGNN,3,1.0,0.9979423868312757,0.7991266375545851,0.7991266375545851,1.0,0.9999791770781276,0.8065217391304346,0.7991228070175439
624,Indianapolis,Median Home Value,zip,2,2429,30,229,Feat\&PC-RGNN,4,1.0,0.9897119341563786,0.7991266375545851,0.7991266375545851,1.0,0.9997084790937865,0.8175057208237987,0.7991228070175439
625,Indianapolis,Median Home Value,zip,2,2429,30,229,Feat\&PC-RGNN,5,1.0,0.98559670781893,0.7991266375545851,0.7991266375545851,1.0,0.9991879060469765,0.819717772692601,0.7991228070175439
626,Indianapolis,Median Home Value,zip,2,2429,30,229,Feat\&PC-RGNN,6,1.0,0.98559670781893,0.8165938864628821,0.7991266375545851,1.0,0.9978552390471431,0.7964149504195269,0.7991228070175439
627,Indianapolis,Median Home Value,zip,2,2429,30,229,Feat\&PC-RGNN,7,1.0,0.9897119341563786,0.8078602620087336,0.7991266375545851,1.0,0.9996668332500416,0.8096109839816933,0.7991228070175439
628,Indianapolis,Median Home Value,zip,2,2429,30,229,Feat\&PC-RGNN,8,1.0,0.9958847736625515,0.8034934497816594,0.7991266375545851,1.0,0.9996668332500417,0.818649885583524,0.7991228070175439
629,Indianapolis,Median Home Value,zip,2,2429,30,229,Feat\&PC-RGNN,9,1.0,0.9979423868312757,0.7991266375545851,0.7991266375545851,1.0,0.9999791770781276,0.8139206712433258,0.7991228070175439
630,Indianapolis,Median Home Value,zip,2,2429,30,229,NoPreTrain,0,1.0,0.9876543209876543,0.7991266375545851,0.7991266375545851,1.0,0.9995627186406797,0.8141113653699465,0.7991228070175439
631,Indianapolis,Median Home Value,zip,2,2429,30,229,NoPreTrain,1,1.0,0.9938271604938271,0.8078602620087336,0.7991266375545851,1.0,0.9993128435782109,0.8158276125095347,0.7991228070175439
632,Indianapolis,Median Home Value,zip,2,2429,30,229,NoPreTrain,2,1.0,0.9938271604938271,0.8034934497816594,0.7991266375545851,1.0,0.9999167083125104,0.8276887871853548,0.7991228070175439
633,Indianapolis,Median Home Value,zip,2,2429,30,229,NoPreTrain,3,1.0,0.9958847736625515,0.7991266375545851,0.7991266375545851,1.0,1.0,0.8195652173913042,0.7991228070175439
634,Indianapolis,Median Home Value,zip,2,2429,30,229,NoPreTrain,4,1.0,0.9958847736625515,0.7991266375545851,0.7991266375545851,1.0,0.9999583541562552,0.8085049580472922,0.7991228070175439
635,Indianapolis,Median Home Value,zip,2,2429,30,229,NoPreTrain,5,1.0,0.9938271604938271,0.8034934497816594,0.7991266375545851,1.0,0.9999583541562552,0.7974828375286039,0.7991228070175439
636,Indianapolis,Median Home Value,zip,2,2429,30,229,NoPreTrain,6,1.0,0.98559670781893,0.8165938864628821,0.7991266375545851,1.0,0.9966058637347992,0.830282227307399,0.7991228070175439
637,Indianapolis,Median Home Value,zip,2,2429,30,229,NoPreTrain,7,1.0,0.9979423868312757,0.7991266375545851,0.7991266375545851,1.0,0.9999583541562552,0.8185354691075514,0.7991228070175439
638,Indianapolis,Median Home Value,zip,2,2429,30,229,NoPreTrain,8,1.0,0.9917695473251029,0.8078602620087336,0.7991266375545851,1.0,0.9975845410628019,0.848741418764302,0.7991228070175439
639,Indianapolis,Median Home Value,zip,2,2429,30,229,NoPreTrain,9,1.0,0.9897119341563786,0.8034934497816594,0.7991266375545851,1.0,0.9997501249375312,0.841113653699466,0.7991228070175439
640,Indianapolis,Median Age,zip,2,2509,31,243,Emb,0,1.0,0.9860834990059643,0.6378600823045267,0.6378600823045267,1.0,0.9953200735417016,0.692758433816556,0.6377862078309173
641,Indianapolis,Median Age,zip,2,2509,31,243,Emb,1,1.0,0.9860834990059643,0.6378600823045267,0.6378600823045267,1.0,0.9996490055156276,0.6660005419319877,0.6377862078309173
642,Indianapolis,Median Age,zip,2,2509,31,243,Emb,2,1.0,0.9880715705765407,0.6378600823045267,0.6378600823045267,1.0,0.9992311549389938,0.6570247933884297,0.6377862078309173
643,Indianapolis,Median Age,zip,2,2509,31,243,Emb,3,1.0,0.9940357852882704,0.6337448559670782,0.6378600823045267,1.0,0.9997325756309543,0.6670505351578376,0.6377862078309173
644,Indianapolis,Median Age,zip,2,2509,31,243,Emb,4,1.0,0.9940357852882704,0.6378600823045267,0.6378600823045267,1.0,0.9998830018385425,0.6659328004335456,0.6377862078309173
645,Indianapolis,Median Age,zip,2,2509,31,243,Emb,5,1.0,0.9980119284294234,0.6378600823045267,0.6378600823045267,1.0,0.9999331439077386,0.6648489364584744,0.6377862078309173
646,Indianapolis,Median Age,zip,2,2509,31,243,Emb,6,1.0,0.9920477137176938,0.6419753086419753,0.6378600823045267,1.0,0.9996490055156275,0.6570925348868716,0.6377862078309173
647,Indianapolis,Median Age,zip,2,2509,31,243,Emb,7,1.0,0.9840954274353877,0.6419753086419753,0.6378600823045267,1.0,0.9973926124018051,0.6649844194553584,0.6377862078309173
648,Indianapolis,Median Age,zip,2,2509,31,243,Emb,8,1.0,0.9940357852882704,0.6419753086419753,0.6378600823045267,1.0,0.9998662878154772,0.672910174773066,0.6377862078309173
649,Indianapolis,Median Age,zip,2,2509,31,243,Emb,9,1.0,0.9860834990059643,0.6419753086419753,0.6378600823045267,1.0,0.99881330436236,0.6548231946890666,0.6377862078309173
650,Indianapolis,Median Age,zip,2,2509,31,243,LightGCN,0,0.9950149551345963,0.9761431411530815,0.6337448559670782,0.6378600823045267,0.9998203253057623,0.9973257563095437,0.6667456984148489,0.6377862078309173
651,Indianapolis,Median Age,zip,2,2509,31,243,LightGCN,1,0.9990029910269193,0.9960238568588469,0.6378600823045267,0.6378600823045267,0.9999936956247636,0.9999164298846732,0.695230998509687,0.6377862078309173
652,Indianapolis,Median Age,zip,2,2509,31,243,LightGCN,2,0.9900299102691924,0.9840954274353877,0.6337448559670782,0.6378600823045267,0.9996480057159669,0.9960722045796424,0.6800569028586912,0.6377862078309173
653,Indianapolis,Median Age,zip,2,2509,31,243,LightGCN,3,0.996011964107677,0.9880715705765407,0.6460905349794238,0.6378600823045267,0.9999317026016056,0.9996155774694969,0.6825294675518223,0.6377862078309173
654,Indianapolis,Median Age,zip,2,2509,31,243,LightGCN,4,0.9705882352941176,0.9681908548707754,0.6419753086419753,0.6378600823045267,0.9976799899129997,0.9941333779040615,0.6886600731608183,0.6377862078309173
655,Indianapolis,Median Age,zip,2,2509,31,243,LightGCN,5,0.9700897308075773,0.9324055666003976,0.654320987654321,0.6378600823045267,0.9969717984281091,0.9873976266087248,0.6835794607776723,0.6377862078309173
656,Indianapolis,Median Age,zip,2,2509,31,243,LightGCN,6,0.9925224327018943,0.9721669980119284,0.6460905349794238,0.6378600823045267,0.9993884756020679,0.9976266087247201,0.678024657905433,0.6377862078309173
657,Indianapolis,Median Age,zip,2,2509,31,243,LightGCN,7,0.9297108673978066,0.9145129224652088,0.6255144032921811,0.6378600823045267,0.9784484932543185,0.9704830352665886,0.6761956374475003,0.6377862078309173
658,Indianapolis,Median Age,zip,2,2509,31,243,LightGCN,8,0.9880358923230309,0.9840954274353877,0.6502057613168725,0.6378600823045267,0.9984837977556424,0.9972923282634131,0.682969787291695,0.6377862078309173
659,Indianapolis,Median Age,zip,2,2509,31,243,LightGCN,9,1.0,0.9900596421471173,0.6296296296296297,0.6378600823045267,1.0,0.999715861607889,0.6828343042948111,0.6377862078309173
660,Indianapolis,Median Age,zip,2,2509,31,243,Feat-LightGCN,0,1.0,0.9821073558648111,0.6378600823045267,0.6378600823045267,1.0,0.998863446431556,0.6963487332339791,0.6377862078309173
661,Indianapolis,Median Age,zip,2,2509,31,243,Feat-LightGCN,1,0.9516450648055832,0.9423459244532804,0.6378600823045267,0.6378600823045267,0.9887246248896734,0.986795921778372,0.6855778349817098,0.6377862078309173
662,Indianapolis,Median Age,zip,2,2509,31,243,Feat-LightGCN,2,1.0,0.9920477137176938,0.6378600823045267,0.6378600823045267,1.0,0.9997325756309544,0.6861197669692455,0.6377862078309173
663,Indianapolis,Median Age,zip,2,2509,31,243,Feat-LightGCN,3,1.0,0.9880715705765407,0.6378600823045267,0.6378600823045267,1.0,0.9994651512619087,0.6747053244817774,0.6377862078309173
664,Indianapolis,Median Age,zip,2,2509,31,243,Feat-LightGCN,4,0.9995014955134596,0.9900596421471173,0.6419753086419753,0.6378600823045267,0.999998949270794,0.998245027578138,0.6769069231811408,0.6377862078309173
665,Indianapolis,Median Age,zip,2,2509,31,243,Feat-LightGCN,5,1.0,0.9920477137176938,0.6378600823045267,0.6378600823045267,1.0,0.9997827177001505,0.6857810594770356,0.6377862078309173
666,Indianapolis,Median Age,zip,2,2509,31,243,Feat-LightGCN,6,0.9810568295114656,0.9681908548707754,0.6419753086419753,0.6378600823045267,0.9971924515613836,0.991776700651847,0.6973987264598293,0.6377862078309173
667,Indianapolis,Median Age,zip,2,2509,31,243,Feat-LightGCN,7,1.0,0.9860834990059643,0.6378600823045267,0.6378600823045267,1.0,0.999431723215778,0.6899132908819944,0.6377862078309173
668,Indianapolis,Median Age,zip,2,2509,31,243,Feat-LightGCN,8,1.0,0.9880715705765407,0.6419753086419753,0.6378600823045267,1.0,0.999097442754471,0.6856455764801518,0.6377862078309173
669,Indianapolis,Median Age,zip,2,2509,31,243,Feat-LightGCN,9,0.9990029910269193,0.9761431411530815,0.6378600823045267,0.6378600823045267,0.9999884419787333,0.9984957379241184,0.6780246579054329,0.6377862078309173
670,Indianapolis,Median Age,zip,2,2509,31,243,Feat\&PC-LightGCN,0,1.0,1.0,0.6378600823045267,0.6378600823045267,1.0,1.0,0.6563473784040104,0.6377862078309173
671,Indianapolis,Median Age,zip,2,2509,31,243,Feat\&PC-LightGCN,1,1.0,0.9960238568588469,0.6378600823045267,0.6378600823045267,1.0,0.9999665719538693,0.6581763988619429,0.6377862078309173
672,Indianapolis,Median Age,zip,2,2509,31,243,Feat\&PC-LightGCN,2,1.0,0.9940357852882704,0.6378600823045267,0.6378600823045267,1.0,0.9999665719538693,0.6600054193198754,0.6377862078309173
673,Indianapolis,Median Age,zip,2,2509,31,243,Feat\&PC-LightGCN,3,1.0,0.9980119284294234,0.6378600823045267,0.6378600823045267,1.0,0.9999164298846732,0.649200650318385,0.6377862078309173
674,Indianapolis,Median Age,zip,2,2509,31,243,Feat\&PC-LightGCN,4,1.0,0.9980119284294234,0.6378600823045267,0.6378600823045267,1.0,1.0,0.6601747730659803,0.6377862078309173
675,Indianapolis,Median Age,zip,2,2509,31,243,Feat\&PC-LightGCN,5,1.0,0.9960238568588469,0.6378600823045267,0.6378600823045267,1.0,0.9999665719538693,0.6564151199024523,0.6377862078309173
676,Indianapolis,Median Age,zip,2,2509,31,243,Feat\&PC-LightGCN,6,1.0,0.9960238568588469,0.6419753086419753,0.6378600823045267,1.0,0.9954704997492896,0.648015174095651,0.6377862078309173
677,Indianapolis,Median Age,zip,2,2509,31,243,Feat\&PC-LightGCN,7,1.0,0.9940357852882704,0.6378600823045267,0.6378600823045267,1.0,0.9998495737924119,0.6588199430971413,0.6377862078309173
678,Indianapolis,Median Age,zip,2,2509,31,243,Feat\&PC-LightGCN,8,1.0,0.9960238568588469,0.6419753086419753,0.6378600823045267,1.0,0.9972254721711515,0.6677956916406992,0.6377862078309173
679,Indianapolis,Median Age,zip,2,2509,31,243,Feat\&PC-LightGCN,9,1.0,0.9900596421471173,0.6378600823045267,0.6378600823045267,1.0,0.9998830018385426,0.6534006232217856,0.6377862078309173
680,Indianapolis,Median Age,zip,2,2509,31,243,RGNN,0,0.9885343968095713,0.9821073558648111,0.6378600823045267,0.6378600823045267,0.998979741940907,0.9983118836703995,0.6894052296436798,0.6377862078309173
681,Indianapolis,Median Age,zip,2,2509,31,243,RGNN,1,0.6161515453639083,0.6163021868787276,0.49794238683127573,0.6378600823045267,0.8391249527171857,0.8394450944342304,0.6490990380707221,0.6377862078309173
682,Indianapolis,Median Age,zip,2,2509,31,243,RGNN,2,1.0,0.9840954274353877,0.6419753086419753,0.6378600823045267,1.0,0.9989804445930135,0.6784311068960844,0.6377862078309173
683,Indianapolis,Median Age,zip,2,2509,31,243,RGNN,3,1.0,0.9920477137176938,0.6378600823045267,0.6378600823045267,1.0,0.9995821494233661,0.6860181547215825,0.6377862078309173
684,Indianapolis,Median Age,zip,2,2509,31,243,RGNN,4,1.0,0.9960238568588469,0.6378600823045267,0.6378600823045267,1.0,0.9998328597693465,0.6819875355642867,0.6377862078309173
685,Indianapolis,Median Age,zip,2,2509,31,243,RGNN,5,1.0,0.9980119284294234,0.6378600823045267,0.6378600823045267,1.0,0.9999665719538693,0.6898116786343313,0.6377862078309173
686,Indianapolis,Median Age,zip,2,2509,31,243,RGNN,6,1.0,0.9920477137176938,0.6460905349794238,0.6378600823045267,1.0,0.9958549222797928,0.6897100663866683,0.6377862078309173
687,Indianapolis,Median Age,zip,2,2509,31,243,RGNN,7,1.0,0.9880715705765407,0.6337448559670782,0.6378600823045267,1.0,0.9997325756309544,0.6784311068960844,0.6377862078309173
688,Indianapolis,Median Age,zip,2,2509,31,243,RGNN,8,0.9995014955134596,0.9880715705765407,0.6460905349794238,0.6378600823045267,0.999998949270794,0.9978104629784389,0.6825972090502642,0.6377862078309173
689,Indianapolis,Median Age,zip,2,2509,31,243,RGNN,9,0.9287138584247259,0.9125248508946322,0.6337448559670782,0.6378600823045267,0.980452233850292,0.9666722380076884,0.6899810323804362,0.6377862078309173
690,Indianapolis,Median Age,zip,2,2509,31,243,Feat-RGNN,0,1.0,0.9880715705765407,0.6378600823045267,0.6378600823045267,1.0,0.998428881831857,0.6553312559273811,0.6377862078309173
691,Indianapolis,Median Age,zip,2,2509,31,243,Feat-RGNN,1,1.0,0.9761431411530815,0.6378600823045267,0.6378600823045267,1.0,0.9979776032090923,0.6734521067606014,0.6377862078309173
692,Indianapolis,Median Age,zip,2,2509,31,243,Feat-RGNN,2,0.9167497507477568,0.8886679920477137,0.6090534979423868,0.6378600823045267,0.9799373765393182,0.9653852582316564,0.669150521609538,0.6377862078309173
693,Indianapolis,Median Age,zip,2,2509,31,243,Feat-RGNN,3,0.9690927218344965,0.9502982107355865,0.6296296296296297,0.6378600823045267,0.9966145504980457,0.9892194551228481,0.6722666305378675,0.6377862078309173
694,Indianapolis,Median Age,zip,2,2509,31,243,Feat-RGNN,4,0.8748753738783649,0.8508946322067594,0.6172839506172839,0.6378600823045267,0.9504686252259069,0.9339628948687949,0.6739601679989162,0.6377862078309173
695,Indianapolis,Median Age,zip,2,2509,31,243,Feat-RGNN,5,1.0,0.9880715705765407,0.6378600823045267,0.6378600823045267,1.0,0.9980277452782884,0.6712843788104593,0.6377862078309173
696,Indianapolis,Median Age,zip,2,2509,31,243,Feat-RGNN,6,0.9920239282153539,0.9920477137176938,0.6419753086419753,0.6378600823045267,0.9989776404824948,0.9954537857262242,0.667897303888362,0.6377862078309173
697,Indianapolis,Median Age,zip,2,2509,31,243,Feat-RGNN,7,1.0,0.9801192842942346,0.6337448559670782,0.6378600823045267,1.0,0.9960387765335116,0.697805175450481,0.6377862078309173
698,Indianapolis,Median Age,zip,2,2509,31,243,Feat-RGNN,8,0.919740777666999,0.9244532803180915,0.6255144032921811,0.6378600823045267,0.9428271970747698,0.9619923115493899,0.6794472293727137,0.6377862078309173
699,Indianapolis,Median Age,zip,2,2509,31,243,Feat-RGNN,9,1.0,0.9920477137176938,0.6337448559670782,0.6378600823045267,1.0,0.9969747618251713,0.6575328546267443,0.6377862078309173
700,Indianapolis,Median Age,zip,2,2509,31,243,Feat\&PC-RGNN,0,1.0,0.9940357852882704,0.6419753086419753,0.6378600823045267,1.0,0.9998495737924118,0.6570586641376507,0.6377862078309173
701,Indianapolis,Median Age,zip,2,2509,31,243,Feat\&PC-RGNN,1,1.0,0.9960238568588469,0.6337448559670782,0.6378600823045267,1.0,0.998713020223968,0.6632231404958677,0.6377862078309173
702,Indianapolis,Median Age,zip,2,2509,31,243,Feat\&PC-RGNN,2,1.0,0.9900596421471173,0.6419753086419753,0.6378600823045267,1.0,0.9997994317232157,0.6685069773743396,0.6377862078309173
703,Indianapolis,Median Age,zip,2,2509,31,243,Feat\&PC-RGNN,3,0.996011964107677,0.9940357852882704,0.6419753086419753,0.6378600823045267,0.9998465935359139,0.9998161457462812,0.6520796640021678,0.6377862078309173
704,Indianapolis,Median Age,zip,2,2509,31,243,Feat\&PC-RGNN,4,1.0,0.9960238568588469,0.6378600823045267,0.6378600823045267,1.0,0.9998328597693464,0.6685069773743395,0.6377862078309173
705,Indianapolis,Median Age,zip,2,2509,31,243,Feat\&PC-RGNN,5,0.6161515453639083,0.6163021868787276,0.49794238683127573,0.6378600823045267,0.9456258143151347,0.9499415009192713,0.6527570789865871,0.6377862078309173
706,Indianapolis,Median Age,zip,2,2509,31,243,Feat\&PC-RGNN,6,1.0,0.9860834990059643,0.6419753086419753,0.6378600823045267,1.0,0.9968577636637138,0.6571602763853137,0.6377862078309173
707,Indianapolis,Median Age,zip,2,2509,31,243,Feat\&PC-RGNN,7,0.9980059820538385,0.9821073558648111,0.6337448559670782,0.6378600823045267,0.9999401084352542,0.9983620257395954,0.6737908142528113,0.6377862078309173
708,Indianapolis,Median Age,zip,2,2509,31,243,Feat\&PC-RGNN,8,1.0,0.9920477137176938,0.6419753086419753,0.6378600823045267,1.0,0.9989303025238174,0.6569231811407668,0.6377862078309173
709,Indianapolis,Median Age,zip,2,2509,31,243,Feat\&PC-RGNN,9,0.6161515453639083,0.6163021868787276,0.49794238683127573,0.6378600823045267,0.20131446223679234,0.21484205248203242,0.3847039696518087,0.6377862078309173
710,Indianapolis,Median Age,zip,2,2509,31,243,NoPreTrain,0,1.0,0.9940357852882704,0.6419753086419753,0.6378600823045267,1.0,0.9979274611398964,0.645644221650183,0.6377862078309173
711,Indianapolis,Median Age,zip,2,2509,31,243,NoPreTrain,1,1.0,0.9920477137176938,0.6378600823045267,0.6378600823045267,1.0,0.9998328597693464,0.6187508467687306,0.6377862078309173
712,Indianapolis,Median Age,zip,2,2509,31,243,NoPreTrain,2,1.0,0.9900596421471173,0.6378600823045267,0.6378600823045267,1.0,0.9997158616078891,0.6507925755317707,0.6377862078309173
713,Indianapolis,Median Age,zip,2,2509,31,243,NoPreTrain,3,1.0,1.0,0.6378600823045267,0.6378600823045267,1.0,1.0,0.6124508874136295,0.6377862078309173
714,Indianapolis,Median Age,zip,2,2509,31,243,NoPreTrain,4,1.0,0.9940357852882704,0.6378600823045267,0.6378600823045267,1.0,0.9999498579308039,0.6735537190082644,0.6377862078309173
715,Indianapolis,Median Age,zip,2,2509,31,243,NoPreTrain,5,1.0,0.9880715705765407,0.6378600823045267,0.6378600823045267,1.0,0.999715861607889,0.6488280720769544,0.6377862078309173
716,Indianapolis,Median Age,zip,2,2509,31,243,NoPreTrain,6,1.0,0.9960238568588469,0.6419753086419753,0.6378600823045267,1.0,0.995871636302858,0.6375829833355913,0.6377862078309173
717,Indianapolis,Median Age,zip,2,2509,31,243,NoPreTrain,7,1.0,0.9900596421471173,0.6378600823045267,0.6378600823045267,1.0,0.9995821494233662,0.6322314049586777,0.6377862078309173
718,Indianapolis,Median Age,zip,2,2509,31,243,NoPreTrain,8,1.0,0.9980119284294234,0.6419753086419753,0.6378600823045267,1.0,0.9948353668728063,0.6460506706408347,0.6377862078309173
719,Indianapolis,Median Age,zip,2,2509,31,243,NoPreTrain,9,1.0,0.9940357852882704,0.6378600823045267,0.6378600823045267,1.0,0.9997827177001504,0.649302262566048,0.6377862078309173
720,Nashville,Median Income,zip,2,2505,18,153,Emb,0,1.0,1.0,0.6666666666666666,0.6666666666666666,1.0,1.0,0.6562713602187287,0.6663533834586467
721,Nashville,Median Income,zip,2,2505,18,153,Emb,1,1.0,1.0,0.6666666666666666,0.6666666666666666,1.0,1.0,0.6561859193438141,0.6663533834586467
722,Nashville,Median Income,zip,2,2505,18,153,Emb,2,1.0,0.9940119760479041,0.673202614379085,0.6666666666666666,1.0,0.9981320450885668,0.6642173615857826,0.6663533834586467
723,Nashville,Median Income,zip,2,2505,18,153,Emb,3,1.0,0.9960079840319361,0.6666666666666666,0.6666666666666666,1.0,0.9973107890499194,0.6709671907040329,0.6663533834586467
724,Nashville,Median Income,zip,2,2505,18,153,Emb,4,1.0,1.0,0.6666666666666666,0.6666666666666666,1.0,1.0,0.6658407382091592,0.6663533834586467
725,Nashville,Median Income,zip,2,2505,18,153,Emb,5,1.0,0.998003992015968,0.6666666666666666,0.6666666666666666,1.0,0.9999838969404187,0.6507177033492823,0.6663533834586467
726,Nashville,Median Income,zip,2,2505,18,153,Emb,6,1.0,0.998003992015968,0.6666666666666666,0.6666666666666666,1.0,1.0,0.6590909090909091,0.6663533834586467
727,Nashville,Median Income,zip,2,2505,18,153,Emb,7,1.0,1.0,0.6666666666666666,0.6666666666666666,1.0,1.0,0.6664388243335613,0.6663533834586467
728,Nashville,Median Income,zip,2,2505,18,153,Emb,8,1.0,0.9960079840319361,0.6666666666666666,0.6666666666666666,1.0,0.9999355877616747,0.6616541353383458,0.6663533834586467
729,Nashville,Median Income,zip,2,2505,18,153,Emb,9,1.0,0.998003992015968,0.6666666666666666,0.6666666666666666,1.0,0.9999677938808375,0.6602870813397129,0.6663533834586467
730,Nashville,Median Income,zip,2,2505,18,153,LightGCN,0,0.9620758483033932,0.9540918163672655,0.6666666666666666,0.6666666666666666,0.9933121980676327,0.9873913043478261,0.6773752563226247,0.6663533834586467
731,Nashville,Median Income,zip,2,2505,18,153,LightGCN,1,0.9995009980039921,0.9960079840319361,0.673202614379085,0.6666666666666666,0.9997493961352657,1.0,0.6830997949419001,0.6663533834586467
732,Nashville,Median Income,zip,2,2505,18,153,LightGCN,2,1.0,0.9960079840319361,0.673202614379085,0.6666666666666666,1.0,0.9976972624798711,0.6829289131920712,0.6663533834586467
733,Nashville,Median Income,zip,2,2505,18,153,LightGCN,3,0.9975049900199601,0.9900199600798403,0.673202614379085,0.6666666666666666,0.9998158212560386,0.9997101449275363,0.6643882433356118,0.6663533834586467
734,Nashville,Median Income,zip,2,2505,18,153,LightGCN,4,1.0,0.9940119760479041,0.6666666666666666,0.6666666666666666,1.0,1.0,0.6635338345864662,0.6663533834586467
735,Nashville,Median Income,zip,2,2505,18,153,LightGCN,5,0.9855289421157685,0.9860279441117764,0.673202614379085,0.6666666666666666,0.9985064412238325,0.9997745571658615,0.6968557758031443,0.6663533834586467
736,Nashville,Median Income,zip,2,2505,18,153,LightGCN,6,0.999001996007984,0.9960079840319361,0.673202614379085,0.6666666666666666,0.9995742753623189,0.9998872785829308,0.6795967190704033,0.6663533834586467
737,Nashville,Median Income,zip,2,2505,18,153,LightGCN,7,0.9655688622754491,0.9481037924151696,0.6405228758169934,0.6666666666666666,0.9964905394524959,0.9923027375201289,0.6576384142173616,0.6663533834586467
738,Nashville,Median Income,zip,2,2505,18,153,LightGCN,8,0.9920159680638723,0.9820359281437125,0.6666666666666666,0.6666666666666666,0.9987167874396136,0.9985024154589373,0.6922419685577581,0.6663533834586467
739,Nashville,Median Income,zip,2,2505,18,153,LightGCN,9,1.0,0.9960079840319361,0.6666666666666666,0.6666666666666666,1.0,0.9999838969404187,0.665328092959672,0.6663533834586467
740,Nashville,Median Income,zip,2,2505,18,153,Feat-LightGCN,0,1.0,0.998003992015968,0.6666666666666666,0.6666666666666666,1.0,1.0,0.7000170881749829,0.6663533834586467
741,Nashville,Median Income,zip,2,2505,18,153,Feat-LightGCN,1,1.0,0.9940119760479041,0.6666666666666666,0.6666666666666666,1.0,1.0,0.6933526999316473,0.6663533834586467
742,Nashville,Median Income,zip,2,2505,18,153,Feat-LightGCN,2,1.0,0.9940119760479041,0.673202614379085,0.6666666666666666,1.0,0.9975040257648954,0.6953178400546822,0.6663533834586467
743,Nashville,Median Income,zip,2,2505,18,153,Feat-LightGCN,3,1.0,0.9940119760479041,0.6666666666666666,0.6666666666666666,1.0,0.9998067632850242,0.7153964456596036,0.6663533834586467
744,Nashville,Median Income,zip,2,2505,18,153,Feat-LightGCN,4,1.0,0.9900199600798403,0.6666666666666666,0.6666666666666666,1.0,0.9996940418679549,0.7081339712918661,0.6663533834586467
745,Nashville,Median Income,zip,2,2505,18,153,Feat-LightGCN,5,1.0,0.998003992015968,0.6666666666666666,0.6666666666666666,1.0,0.9999838969404187,0.7119788106630212,0.6663533834586467
746,Nashville,Median Income,zip,2,2505,18,153,Feat-LightGCN,6,1.0,0.998003992015968,0.6666666666666666,0.6666666666666666,1.0,1.0,0.7113807245386193,0.6663533834586467
747,Nashville,Median Income,zip,2,2505,18,153,Feat-LightGCN,7,1.0,1.0,0.6666666666666666,0.6666666666666666,1.0,1.0,0.7065105946684894,0.6663533834586467
748,Nashville,Median Income,zip,2,2505,18,153,Feat-LightGCN,8,1.0,0.9900199600798403,0.6666666666666666,0.6666666666666666,1.0,0.9997906602254428,0.7133458646616542,0.6663533834586467
749,Nashville,Median Income,zip,2,2505,18,153,Feat-LightGCN,9,1.0,0.998003992015968,0.6666666666666666,0.6666666666666666,1.0,1.0,0.713174982911825,0.6663533834586467
750,Nashville,Median Income,zip,2,2505,18,153,Feat\&PC-LightGCN,0,1.0,1.0,0.6666666666666666,0.6666666666666666,1.0,1.0,0.6801948051948051,0.6663533834586467
751,Nashville,Median Income,zip,2,2505,18,153,Feat\&PC-LightGCN,1,1.0,1.0,0.6666666666666666,0.6666666666666666,1.0,1.0,0.6813909774436091,0.6663533834586467
752,Nashville,Median Income,zip,2,2505,18,153,Feat\&PC-LightGCN,2,1.0,0.9960079840319361,0.673202614379085,0.6666666666666666,1.0,0.9998389694041868,0.7027511961722488,0.6663533834586467
753,Nashville,Median Income,zip,2,2505,18,153,Feat\&PC-LightGCN,3,1.0,0.998003992015968,0.6666666666666666,0.6666666666666666,1.0,1.0,0.6930963773069037,0.6663533834586467
754,Nashville,Median Income,zip,2,2505,18,153,Feat\&PC-LightGCN,4,1.0,1.0,0.6666666666666666,0.6666666666666666,1.0,1.0,0.6897641831852358,0.6663533834586467
755,Nashville,Median Income,zip,2,2505,18,153,Feat\&PC-LightGCN,5,1.0,1.0,0.6666666666666666,0.6666666666666666,1.0,1.0,0.6826725905673274,0.6663533834586467
756,Nashville,Median Income,zip,2,2505,18,153,Feat\&PC-LightGCN,6,1.0,1.0,0.6666666666666666,0.6666666666666666,1.0,1.0,0.6954887218045113,0.6663533834586467
757,Nashville,Median Income,zip,2,2505,18,153,Feat\&PC-LightGCN,7,1.0,1.0,0.6666666666666666,0.6666666666666666,1.0,1.0,0.6928400546821599,0.6663533834586467
758,Nashville,Median Income,zip,2,2505,18,153,Feat\&PC-LightGCN,8,1.0,0.998003992015968,0.6666666666666666,0.6666666666666666,1.0,0.9999355877616747,0.702323991797676,0.6663533834586467
759,Nashville,Median Income,zip,2,2505,18,153,Feat\&PC-LightGCN,9,1.0,0.998003992015968,0.6666666666666666,0.6666666666666666,1.0,1.0,0.7026657552973343,0.6663533834586467
760,Nashville,Median Income,zip,2,2505,18,153,RGNN,0,0.8972055888223552,0.8902195608782435,0.6601307189542484,0.6666666666666666,0.9726519726247987,0.9747342995169082,0.6891660970608339,0.6663533834586467
761,Nashville,Median Income,zip,2,2505,18,153,RGNN,1,0.8912175648702595,0.8702594810379242,0.6339869281045751,0.6666666666666666,0.9680022141706923,0.948244766505636,0.6872863978127135,0.6663533834586467
762,Nashville,Median Income,zip,2,2505,18,153,RGNN,2,1.0,0.9920159680638723,0.673202614379085,0.6666666666666666,1.0,0.997061191626409,0.7114661654135338,0.6663533834586467
763,Nashville,Median Income,zip,2,2505,18,153,RGNN,3,0.9645708582834331,0.9560878243512974,0.6666666666666666,0.6666666666666666,0.9946497584541062,0.9919645732689211,0.6852358168147642,0.6663533834586467
764,Nashville,Median Income,zip,2,2505,18,153,RGNN,4,1.0,0.9920159680638723,0.6666666666666666,0.6666666666666666,1.0,0.9996135265700483,0.6857484620642516,0.6663533834586467
765,Nashville,Median Income,zip,2,2505,18,153,RGNN,5,0.9141716566866267,0.9181636726546906,0.6405228758169934,0.6666666666666666,0.9689553140096618,0.9743800322061191,0.6797676008202324,0.6663533834586467
766,Nashville,Median Income,zip,2,2505,18,153,RGNN,6,1.0,0.9920159680638723,0.6666666666666666,0.6666666666666666,1.0,0.9985829307568438,0.6852358168147642,0.6663533834586467
767,Nashville,Median Income,zip,2,2505,18,153,RGNN,7,1.0,0.9920159680638723,0.6666666666666666,0.6666666666666666,1.0,0.999291465378422,0.6759227614490771,0.6663533834586467
768,Nashville,Median Income,zip,2,2505,18,153,RGNN,8,0.9006986027944112,0.9141716566866267,0.6470588235294118,0.6666666666666666,0.9720903784219002,0.9708373590982287,0.6913875598086124,0.6663533834586467
769,Nashville,Median Income,zip,2,2505,18,153,RGNN,9,1.0,0.9940119760479041,0.6666666666666666,0.6666666666666666,1.0,0.9992592592592593,0.6742993848257006,0.6663533834586467
770,Nashville,Median Income,zip,2,2505,18,153,Feat-RGNN,0,0.9451097804391217,0.9321357285429142,0.6405228758169934,0.6666666666666666,0.9895662238325281,0.9839452495974235,0.6816473000683527,0.6663533834586467
771,Nashville,Median Income,zip,2,2505,18,153,Feat-RGNN,1,1.0,0.998003992015968,0.6666666666666666,0.6666666666666666,1.0,0.9999033816425121,0.6789986329460014,0.6663533834586467
772,Nashville,Median Income,zip,2,2505,18,153,Feat-RGNN,2,0.9496007984031936,0.9560878243512974,0.6797385620915033,0.6666666666666666,0.9799597423510467,0.9833011272141706,0.6563568010936431,0.6663533834586467
773,Nashville,Median Income,zip,2,2505,18,153,Feat-RGNN,3,0.9421157684630739,0.9580838323353293,0.6470588235294118,0.6666666666666666,0.9866837761674719,0.9924154589371981,0.6827580314422419,0.6663533834586467
774,Nashville,Median Income,zip,2,2505,18,153,Feat-RGNN,4,0.6342315369261478,0.6686626746506986,0.5490196078431373,0.6666666666666666,0.8767441626409017,0.8759420289855073,0.6528537252221464,0.6663533834586467
775,Nashville,Median Income,zip,2,2505,18,153,Feat-RGNN,5,0.998003992015968,0.9940119760479041,0.6797385620915033,0.6666666666666666,0.9999436392914655,0.9998872785829307,0.6963431305536569,0.6663533834586467
776,Nashville,Median Income,zip,2,2505,18,153,Feat-RGNN,6,0.938622754491018,0.9301397205588823,0.6470588235294118,0.6666666666666666,0.9835718599033816,0.9760225442834138,0.674213943950786,0.6663533834586467
777,Nashville,Median Income,zip,2,2505,18,153,Feat-RGNN,7,0.9865269461077845,0.9600798403193613,0.6666666666666666,0.6666666666666666,1.0,1.0,0.6729323308270677,0.6663533834586467
778,Nashville,Median Income,zip,2,2505,18,153,Feat-RGNN,8,0.9865269461077845,0.9760479041916168,0.6797385620915033,0.6666666666666666,0.9983806360708534,0.9971336553945249,0.7071086807928912,0.6663533834586467
779,Nashville,Median Income,zip,2,2505,18,153,Feat-RGNN,9,1.0,0.9900199600798403,0.6666666666666666,0.6666666666666666,1.0,0.9997745571658616,0.7090738209159262,0.6663533834586467
780,Nashville,Median Income,zip,2,2505,18,153,Feat\&PC-RGNN,0,1.0,1.0,0.6666666666666666,0.6666666666666666,1.0,1.0,0.7254784688995216,0.6663533834586467
781,Nashville,Median Income,zip,2,2505,18,153,Feat\&PC-RGNN,1,1.0,0.9960079840319361,0.6666666666666666,0.6666666666666666,1.0,0.999951690821256,0.724624060150376,0.6663533834586467
782,Nashville,Median Income,zip,2,2505,18,153,Feat\&PC-RGNN,2,1.0,0.9940119760479041,0.673202614379085,0.6666666666666666,1.0,0.9976972624798712,0.7291524265208476,0.6663533834586467
783,Nashville,Median Income,zip,2,2505,18,153,Feat\&PC-RGNN,3,1.0,0.998003992015968,0.6666666666666666,0.6666666666666666,1.0,0.9993236714975846,0.7303485987696514,0.6663533834586467
784,Nashville,Median Income,zip,2,2505,18,153,Feat\&PC-RGNN,4,1.0,0.9940119760479041,0.6666666666666666,0.6666666666666666,1.0,0.9998067632850242,0.7275290498974709,0.6663533834586467
785,Nashville,Median Income,zip,2,2505,18,153,Feat\&PC-RGNN,5,1.0,1.0,0.6666666666666666,0.6666666666666666,1.0,1.0,0.7192412850307588,0.6663533834586467
786,Nashville,Median Income,zip,2,2505,18,153,Feat\&PC-RGNN,6,0.9970059880239521,0.998003992015968,0.673202614379085,0.6666666666666666,0.9997041062801932,0.9999677938808373,0.7242822966507176,0.6663533834586467
787,Nashville,Median Income,zip,2,2505,18,153,Feat\&PC-RGNN,7,0.8532934131736527,0.8662674650698603,0.5816993464052288,0.6666666666666666,0.9381239935587762,0.9482125603864734,0.6278195488721804,0.6663533834586467
788,Nashville,Median Income,zip,2,2505,18,153,Feat\&PC-RGNN,8,1.0,0.9880239520958084,0.6666666666666666,0.6666666666666666,1.0,0.9993558776167472,0.7172761449077238,0.6663533834586467
789,Nashville,Median Income,zip,2,2505,18,153,Feat\&PC-RGNN,9,0.9221556886227545,0.9301397205588823,0.6209150326797386,0.6666666666666666,0.9773309178743962,0.9769726247987118,0.6541353383458647,0.6663533834586467
790,Nashville,Median Income,zip,2,2505,18,153,NoPreTrain,0,1.0,1.0,0.6666666666666666,0.6666666666666666,1.0,1.0,0.6613123718386876,0.6663533834586467
791,Nashville,Median Income,zip,2,2505,18,153,NoPreTrain,1,1.0,1.0,0.6666666666666666,0.6666666666666666,1.0,1.0,0.7364149008885851,0.6663533834586467
792,Nashville,Median Income,zip,2,2505,18,153,NoPreTrain,2,1.0,0.9960079840319361,0.673202614379085,0.6666666666666666,1.0,1.0,0.6719070403280929,0.6663533834586467
793,Nashville,Median Income,zip,2,2505,18,153,NoPreTrain,3,1.0,0.9960079840319361,0.6666666666666666,0.6666666666666666,1.0,0.999855072463768,0.6825017088174983,0.6663533834586467
794,Nashville,Median Income,zip,2,2505,18,153,NoPreTrain,4,1.0,0.9920159680638723,0.6666666666666666,0.6666666666666666,1.0,0.999951690821256,0.6442241968557758,0.6663533834586467
795,Nashville,Median Income,zip,2,2505,18,153,NoPreTrain,5,1.0,0.9960079840319361,0.6666666666666666,0.6666666666666666,1.0,0.9998389694041868,0.6645591250854409,0.6663533834586467
796,Nashville,Median Income,zip,2,2505,18,153,NoPreTrain,6,1.0,0.998003992015968,0.6666666666666666,0.6666666666666666,1.0,0.9999838969404187,0.7050580997949419,0.6663533834586467
797,Nashville,Median Income,zip,2,2505,18,153,NoPreTrain,7,1.0,0.998003992015968,0.6601307189542484,0.6666666666666666,1.0,0.9999838969404187,0.6971975393028024,0.6663533834586467
798,Nashville,Median Income,zip,2,2505,18,153,NoPreTrain,8,1.0,1.0,0.6666666666666666,0.6666666666666666,1.0,1.0,0.6758373205741627,0.6663533834586467
799,Nashville,Median Income,zip,2,2505,18,153,NoPreTrain,9,1.0,0.998003992015968,0.6666666666666666,0.6666666666666666,1.0,0.9999033816425121,0.6708817498291182,0.6663533834586467
800,Nashville,Median Home Value,zip,2,2338,18,147,Emb,0,1.0,0.9978632478632479,0.7346938775510204,0.7346938775510204,1.0,0.9999628639334521,0.738985560903369,0.7338948537578674
801,Nashville,Median Home Value,zip,2,2338,18,147,Emb,1,1.0,1.0,0.7346938775510204,0.7346938775510204,1.0,1.0,0.7336171788226583,0.7338948537578674
802,Nashville,Median Home Value,zip,2,2338,18,147,Emb,2,1.0,1.0,0.7346938775510204,0.7346938775510204,1.0,1.0,0.7436134764901887,0.7338948537578674
803,Nashville,Median Home Value,zip,2,2338,18,147,Emb,3,1.0,0.9978632478632479,0.7346938775510204,0.7346938775510204,1.0,0.9999071598336304,0.7293594964827841,0.7338948537578674
804,Nashville,Median Home Value,zip,2,2338,18,147,Emb,4,1.0,1.0,0.7346938775510204,0.7346938775510204,1.0,1.0,0.7367641614216957,0.7338948537578674
805,Nashville,Median Home Value,zip,2,2338,18,147,Emb,5,1.0,1.0,0.7346938775510204,0.7346938775510204,1.0,1.0,0.7282487967419473,0.7338948537578674
806,Nashville,Median Home Value,zip,2,2338,18,147,Emb,6,1.0,0.9914529914529915,0.7346938775510204,0.7346938775510204,1.0,0.9999442959001783,0.715198074787116,0.7338948537578674
807,Nashville,Median Home Value,zip,2,2338,18,147,Emb,7,1.0,1.0,0.7346938775510204,0.7346938775510204,1.0,1.0,0.7323213624583487,0.7338948537578674
808,Nashville,Median Home Value,zip,2,2338,18,147,Emb,8,1.0,0.9978632478632479,0.7346938775510204,0.7346938775510204,1.0,1.0,0.7380599777860051,0.7338948537578674
809,Nashville,Median Home Value,zip,2,2338,18,147,Emb,9,1.0,0.9978632478632479,0.7346938775510204,0.7346938775510204,1.0,1.0,0.7299148463532025,0.7338948537578674
810,Nashville,Median Home Value,zip,2,2338,18,147,LightGCN,0,1.0,0.9978632478632479,0.7346938775510204,0.7346938775510204,1.0,0.9998514557338087,0.7458348759718623,0.7338948537578674
811,Nashville,Median Home Value,zip,2,2338,18,147,LightGCN,1,1.0,0.9978632478632479,0.7346938775510204,0.7346938775510204,1.0,1.0,0.7474083672713809,0.7338948537578674
812,Nashville,Median Home Value,zip,2,2338,18,147,LightGCN,2,1.0,1.0,0.7346938775510204,0.7346938775510204,1.0,1.0,0.746297667530544,0.7338948537578674
813,Nashville,Median Home Value,zip,2,2338,18,147,LightGCN,3,1.0,0.9935897435897436,0.7346938775510204,0.7346938775510204,1.0,0.999777183600713,0.747871158830063,0.7338948537578674
814,Nashville,Median Home Value,zip,2,2338,18,147,LightGCN,4,1.0,1.0,0.7346938775510204,0.7346938775510204,1.0,1.0,0.7475009255831173,0.7338948537578674
815,Nashville,Median Home Value,zip,2,2338,18,147,LightGCN,5,1.0,1.0,0.7346938775510204,0.7346938775510204,1.0,1.0,0.7506479081821548,0.7338948537578674
816,Nashville,Median Home Value,zip,2,2338,18,147,LightGCN,6,1.0,0.9978632478632479,0.7346938775510204,0.7346938775510204,1.0,0.9997586155674392,0.7434283598667161,0.7338948537578674
817,Nashville,Median Home Value,zip,2,2338,18,147,LightGCN,7,1.0,1.0,0.7346938775510204,0.7346938775510204,1.0,1.0,0.7402813772676786,0.7338948537578674
818,Nashville,Median Home Value,zip,2,2338,18,147,LightGCN,8,1.0,1.0,0.7346938775510204,0.7346938775510204,1.0,1.0,0.7523139577934098,0.7338948537578674
819,Nashville,Median Home Value,zip,2,2338,18,147,LightGCN,9,1.0,0.9978632478632479,0.7346938775510204,0.7346938775510204,1.0,1.0,0.7437985931136616,0.7338948537578674
820,Nashville,Median Home Value,zip,2,2338,18,147,Feat-LightGCN,0,1.0,0.9978632478632479,0.7346938775510204,0.7346938775510204,1.0,0.9999628639334521,0.7473158089596447,0.7338948537578674
821,Nashville,Median Home Value,zip,2,2338,18,147,Feat-LightGCN,1,1.0,1.0,0.7346938775510204,0.7346938775510204,1.0,1.0,0.7528693076638283,0.7338948537578674
822,Nashville,Median Home Value,zip,2,2338,18,147,Feat-LightGCN,2,1.0,0.9978632478632479,0.7346938775510204,0.7346938775510204,1.0,1.0,0.7528693076638282,0.7338948537578674
823,Nashville,Median Home Value,zip,2,2338,18,147,Feat-LightGCN,3,1.0,0.9957264957264957,0.7346938775510204,0.7346938775510204,1.0,0.9998328877005348,0.754720473898556,0.7338948537578674
824,Nashville,Median Home Value,zip,2,2338,18,147,Feat-LightGCN,4,1.0,1.0,0.7346938775510204,0.7346938775510204,1.0,1.0,0.7569418733802296,0.7338948537578674
825,Nashville,Median Home Value,zip,2,2338,18,147,Feat-LightGCN,5,1.0,1.0,0.7346938775510204,0.7346938775510204,1.0,1.0,0.7517586079229915,0.7338948537578674
826,Nashville,Median Home Value,zip,2,2338,18,147,Feat-LightGCN,6,1.0,0.9978632478632479,0.7346938775510204,0.7346938775510204,1.0,0.9993686868686869,0.7562014068863383,0.7338948537578674
827,Nashville,Median Home Value,zip,2,2338,18,147,Feat-LightGCN,7,1.0,1.0,0.7346938775510204,0.7346938775510204,1.0,1.0,0.7549055905220289,0.7338948537578674
828,Nashville,Median Home Value,zip,2,2338,18,147,Feat-LightGCN,8,1.0,1.0,0.7346938775510204,0.7346938775510204,1.0,1.0,0.7540725657164014,0.7338948537578674
829,Nashville,Median Home Value,zip,2,2338,18,147,Feat-LightGCN,9,1.0,1.0,0.7346938775510204,0.7346938775510204,1.0,1.0,0.7521288411699371,0.7338948537578674
830,Nashville,Median Home Value,zip,2,2338,18,147,Feat\&PC-LightGCN,0,1.0,1.0,0.7346938775510204,0.7346938775510204,1.0,1.0,0.7267678637541651,0.7338948537578674
831,Nashville,Median Home Value,zip,2,2338,18,147,Feat\&PC-LightGCN,1,1.0,1.0,0.7346938775510204,0.7346938775510204,1.0,1.0,0.727230655312847,0.7338948537578674
832,Nashville,Median Home Value,zip,2,2338,18,147,Feat\&PC-LightGCN,2,1.0,1.0,0.7346938775510204,0.7346938775510204,1.0,1.0,0.7390781192151055,0.7338948537578674
833,Nashville,Median Home Value,zip,2,2338,18,147,Feat\&PC-LightGCN,3,1.0,0.9978632478632479,0.7346938775510204,0.7346938775510204,1.0,1.0,0.7384302110329507,0.7338948537578674
834,Nashville,Median Home Value,zip,2,2338,18,147,Feat\&PC-LightGCN,4,1.0,1.0,0.7346938775510204,0.7346938775510204,1.0,1.0,0.7265827471306924,0.7338948537578674
835,Nashville,Median Home Value,zip,2,2338,18,147,Feat\&PC-LightGCN,5,1.0,1.0,0.7346938775510204,0.7346938775510204,1.0,1.0,0.7473158089596446,0.7338948537578674
836,Nashville,Median Home Value,zip,2,2338,18,147,Feat\&PC-LightGCN,6,1.0,0.9978632478632479,0.7346938775510204,0.7346938775510204,1.0,0.9999257278669044,0.7315808959644576,0.7338948537578674
837,Nashville,Median Home Value,zip,2,2338,18,147,Feat\&PC-LightGCN,7,1.0,1.0,0.7346938775510204,0.7346938775510204,1.0,1.0,0.7407441688263605,0.7338948537578674
838,Nashville,Median Home Value,zip,2,2338,18,147,Feat\&PC-LightGCN,8,1.0,1.0,0.7346938775510204,0.7346938775510204,1.0,1.0,0.7275083302480563,0.7338948537578674
839,Nashville,Median Home Value,zip,2,2338,18,147,Feat\&PC-LightGCN,9,1.0,1.0,0.7346938775510204,0.7346938775510204,1.0,1.0,0.7382450944094779,0.7338948537578674
840,Nashville,Median Home Value,zip,2,2338,18,147,RGNN,0,1.0,0.9978632478632479,0.7346938775510204,0.7346938775510204,1.0,0.9999628639334521,0.7395409107737875,0.7338948537578674
841,Nashville,Median Home Value,zip,2,2338,18,147,RGNN,1,1.0,1.0,0.7346938775510204,0.7346938775510204,1.0,1.0,0.7570344316919659,0.7338948537578674
842,Nashville,Median Home Value,zip,2,2338,18,147,RGNN,2,0.9989304812834224,0.9978632478632479,0.7346938775510204,0.7346938775510204,0.9999965118874875,0.9999628639334521,0.7526841910403552,0.7338948537578674
843,Nashville,Median Home Value,zip,2,2338,18,147,RGNN,3,1.0,0.9957264957264957,0.7346938775510204,0.7346938775510204,1.0,0.9983103089720737,0.7409292854498334,0.7338948537578674
844,Nashville,Median Home Value,zip,2,2338,18,147,RGNN,4,0.9085561497326203,0.9081196581196581,0.6802721088435374,0.7346938775510204,0.9855022416936414,0.9755087641117053,0.759163272861903,0.7338948537578674
845,Nashville,Median Home Value,zip,2,2338,18,147,RGNN,5,1.0,0.9978632478632479,0.7346938775510204,0.7346938775510204,1.0,1.0,0.7367641614216957,0.7338948537578674
846,Nashville,Median Home Value,zip,2,2338,18,147,RGNN,6,1.0,0.9957264957264957,0.7346938775510204,0.7346938775510204,1.0,0.999127302436126,0.7476860422065902,0.7338948537578674
847,Nashville,Median Home Value,zip,2,2338,18,147,RGNN,7,0.9989304812834224,0.9935897435897436,0.7346938775510204,0.7346938775510204,0.9999558172415075,0.9998514557338087,0.7609218807848944,0.7338948537578674
848,Nashville,Median Home Value,zip,2,2338,18,147,RGNN,8,0.5807486631016042,0.5833333333333334,0.5102040816326531,0.7346938775510204,0.9640747665290025,0.9619912358882947,0.7550907071455016,0.7338948537578674
849,Nashville,Median Home Value,zip,2,2338,18,147,RGNN,9,1.0,0.9978632478632479,0.7346938775510204,0.7346938775510204,1.0,0.9999442959001783,0.7505553498704183,0.7338948537578674
850,Nashville,Median Home Value,zip,2,2338,18,147,Feat-RGNN,0,1.0,0.9957264957264957,0.7346938775510204,0.7346938775510204,1.0,0.9999628639334521,0.7898926323583858,0.7338948537578674
851,Nashville,Median Home Value,zip,2,2338,18,147,Feat-RGNN,1,1.0,0.9957264957264957,0.7346938775510204,0.7346938775510204,1.0,0.9998328877005348,0.7899851906701222,0.7338948537578674
852,Nashville,Median Home Value,zip,2,2338,18,147,Feat-RGNN,2,0.9994652406417113,0.9764957264957265,0.7346938775510204,0.7346938775510204,0.9999988372958292,0.9987002376708259,0.7752684191040355,0.7338948537578674
853,Nashville,Median Home Value,zip,2,2338,18,147,Feat-RGNN,3,0.9780748663101604,0.9508547008547008,0.7346938775510204,0.7346938775510204,0.9986210328533691,0.9902889185977422,0.7673084042947057,0.7338948537578674
854,Nashville,Median Home Value,zip,2,2338,18,147,Feat-RGNN,4,0.9973262032085561,0.9935897435897436,0.7346938775510204,0.7346938775510204,0.9999755832124122,0.9999257278669044,0.7798963346908552,0.7338948537578674
855,Nashville,Median Home Value,zip,2,2338,18,147,Feat-RGNN,5,1.0,1.0,0.7346938775510204,0.7346938775510204,1.0,1.0,0.7797112180673824,0.7338948537578674
856,Nashville,Median Home Value,zip,2,2338,18,147,Feat-RGNN,6,1.0,0.9850427350427351,0.7346938775510204,0.7346938775510204,1.0,0.9991458704693998,0.7805442428730099,0.7338948537578674
857,Nashville,Median Home Value,zip,2,2338,18,147,Feat-RGNN,7,1.0,0.9850427350427351,0.7346938775510204,0.7346938775510204,1.0,0.9996657754010695,0.7761940022213994,0.7338948537578674
858,Nashville,Median Home Value,zip,2,2338,18,147,Feat-RGNN,8,0.9941176470588236,0.9893162393162394,0.7278911564625851,0.7346938775510204,0.9997860624325632,0.9994986631016043,0.7615697889670493,0.7338948537578674
859,Nashville,Median Home Value,zip,2,2338,18,147,Feat-RGNN,9,0.9518716577540107,0.9572649572649573,0.7346938775510204,0.7346938775510204,0.998534992744726,0.9983288770053476,0.7404664938911514,0.7338948537578674
860,Nashville,Median Home Value,zip,2,2338,18,147,Feat\&PC-RGNN,0,0.9994652406417113,0.9978632478632479,0.7346938775510204,0.7346938775510204,0.9999988372958292,1.0,0.7469455757126989,0.7338948537578674
861,Nashville,Median Home Value,zip,2,2338,18,147,Feat\&PC-RGNN,1,1.0,1.0,0.7346938775510204,0.7346938775510204,1.0,1.0,0.7400037023324695,0.7338948537578674
862,Nashville,Median Home Value,zip,2,2338,18,147,Feat\&PC-RGNN,2,1.0,1.0,0.7346938775510204,0.7346938775510204,1.0,1.0,0.7473158089596446,0.7338948537578674
863,Nashville,Median Home Value,zip,2,2338,18,147,Feat\&PC-RGNN,3,1.0,0.9978632478632479,0.7346938775510204,0.7346938775510204,1.0,0.9999442959001783,0.7524990744168826,0.7338948537578674
864,Nashville,Median Home Value,zip,2,2338,18,147,Feat\&PC-RGNN,4,1.0,0.9935897435897436,0.7346938775510204,0.7346938775510204,1.0,0.9999814319667261,0.7554609403924472,0.7338948537578674
865,Nashville,Median Home Value,zip,2,2338,18,147,Feat\&PC-RGNN,5,1.0,0.9978632478632479,0.7346938775510204,0.7346938775510204,1.0,1.0,0.7443539429840799,0.7338948537578674
866,Nashville,Median Home Value,zip,2,2338,18,147,Feat\&PC-RGNN,6,1.0,0.9957264957264957,0.7346938775510204,0.7346938775510204,1.0,0.9998514557338087,0.746019992595335,0.7338948537578674
867,Nashville,Median Home Value,zip,2,2338,18,147,Feat\&PC-RGNN,7,1.0,1.0,0.7346938775510204,0.7346938775510204,1.0,1.0,0.7447241762310255,0.7338948537578674
868,Nashville,Median Home Value,zip,2,2338,18,147,Feat\&PC-RGNN,8,1.0,1.0,0.7346938775510204,0.7346938775510204,1.0,1.0,0.741762310255461,0.7338948537578674
869,Nashville,Median Home Value,zip,2,2338,18,147,Feat\&PC-RGNN,9,0.9994652406417113,1.0,0.7346938775510204,0.7346938775510204,1.0,1.0,0.7435209181784525,0.7338948537578674
870,Nashville,Median Home Value,zip,2,2338,18,147,NoPreTrain,0,1.0,0.9978632478632479,0.7346938775510204,0.7346938775510204,1.0,1.0,0.7426878933728249,0.7338948537578674
871,Nashville,Median Home Value,zip,2,2338,18,147,NoPreTrain,1,1.0,1.0,0.7346938775510204,0.7346938775510204,1.0,1.0,0.6660496112550907,0.7338948537578674
872,Nashville,Median Home Value,zip,2,2338,18,147,NoPreTrain,2,1.0,0.9978632478632479,0.7346938775510204,0.7346938775510204,1.0,1.0,0.7480562754535358,0.7338948537578674
873,Nashville,Median Home Value,zip,2,2338,18,147,NoPreTrain,3,1.0,0.9978632478632479,0.7346938775510204,0.7346938775510204,1.0,0.9991830065359477,0.7706405035172158,0.7338948537578674
874,Nashville,Median Home Value,zip,2,2338,18,147,NoPreTrain,4,1.0,1.0,0.7346938775510204,0.7346938775510204,1.0,1.0,0.7845242502776749,0.7338948537578674
875,Nashville,Median Home Value,zip,2,2338,18,147,NoPreTrain,5,1.0,1.0,0.7346938775510204,0.7346938775510204,1.0,1.0,0.7365790447982229,0.7338948537578674
876,Nashville,Median Home Value,zip,2,2338,18,147,NoPreTrain,6,1.0,0.9957264957264957,0.7346938775510204,0.7346938775510204,1.0,0.9999257278669044,0.6831728989263235,0.7338948537578674
877,Nashville,Median Home Value,zip,2,2338,18,147,NoPreTrain,7,1.0,1.0,0.7346938775510204,0.7346938775510204,1.0,1.0,0.793224731580896,0.7338948537578674
878,Nashville,Median Home Value,zip,2,2338,18,147,NoPreTrain,8,1.0,1.0,0.7346938775510204,0.7346938775510204,1.0,1.0,0.7589781562384301,0.7338948537578674
879,Nashville,Median Home Value,zip,2,2338,18,147,NoPreTrain,9,1.0,1.0,0.7346938775510204,0.7346938775510204,1.0,1.0,0.7819326175490559,0.7338948537578674
880,Nashville,Median Age,zip,2,2521,18,156,Emb,0,1.0,0.996039603960396,0.717948717948718,0.717948717948718,1.0,0.9998582319954634,0.7016765285996055,0.717948717948718
881,Nashville,Median Age,zip,2,2521,18,156,Emb,1,1.0,0.998019801980198,0.717948717948718,0.717948717948718,1.0,0.9999842479994959,0.7077580539119002,0.717948717948718
882,Nashville,Median Age,zip,2,2521,18,156,Emb,2,1.0,1.0,0.717948717948718,0.717948717948718,1.0,1.0,0.7057856673241288,0.717948717948718
883,Nashville,Median Age,zip,2,2521,18,156,Emb,3,1.0,0.998019801980198,0.717948717948718,0.717948717948718,1.0,0.9999684959989918,0.7057856673241288,0.717948717948718
884,Nashville,Median Age,zip,2,2521,18,156,Emb,4,1.0,1.0,0.717948717948718,0.717948717948718,1.0,1.0,0.7039776462853387,0.717948717948718
885,Nashville,Median Age,zip,2,2521,18,156,Emb,5,1.0,1.0,0.717948717948718,0.717948717948718,1.0,1.0,0.706854043392505,0.717948717948718
886,Nashville,Median Age,zip,2,2521,18,156,Emb,6,1.0,1.0,0.717948717948718,0.717948717948718,1.0,1.0,0.7001150558842866,0.717948717948718
887,Nashville,Median Age,zip,2,2521,18,156,Emb,7,1.0,1.0,0.717948717948718,0.717948717948718,1.0,1.0,0.7092373438527285,0.717948717948718
888,Nashville,Median Age,zip,2,2521,18,156,Emb,8,1.0,0.998019801980198,0.717948717948718,0.717948717948718,1.0,1.0,0.7103057199211046,0.717948717948718
889,Nashville,Median Age,zip,2,2521,18,156,Emb,9,1.0,1.0,0.717948717948718,0.717948717948718,1.0,1.0,0.7124424720578567,0.717948717948718
890,Nashville,Median Age,zip,2,2521,18,156,LightGCN,0,1.0,0.994059405940594,0.7115384615384616,0.717948717948718,1.0,0.9999212399974797,0.7206607495069035,0.717948717948718
891,Nashville,Median Age,zip,2,2521,18,156,LightGCN,1,1.0,0.996039603960396,0.717948717948718,0.717948717948718,1.0,1.0,0.7405489809335962,0.717948717948718
892,Nashville,Median Age,zip,2,2521,18,156,LightGCN,2,0.9816468253968254,0.9801980198019802,0.7115384615384616,0.717948717948718,0.9983637190540219,0.9987870959611871,0.7199211045364893,0.717948717948718
893,Nashville,Median Age,zip,2,2521,18,156,LightGCN,3,1.0,0.998019801980198,0.717948717948718,0.717948717948718,1.0,1.0,0.7227975016436554,0.717948717948718
894,Nashville,Median Age,zip,2,2521,18,156,LightGCN,4,1.0,0.9861386138613861,0.717948717948718,0.717948717948718,1.0,0.9998267279944553,0.7247698882314267,0.717948717948718
895,Nashville,Median Age,zip,2,2521,18,156,LightGCN,5,1.0,1.0,0.717948717948718,0.717948717948718,1.0,1.0,0.7307692307692308,0.717948717948718
896,Nashville,Median Age,zip,2,2521,18,156,LightGCN,6,1.0,1.0,0.717948717948718,0.717948717948718,1.0,1.0,0.72534516765286,0.717948717948718
897,Nashville,Median Age,zip,2,2521,18,156,LightGCN,7,1.0,1.0,0.717948717948718,0.717948717948718,1.0,1.0,0.7314266929651544,0.717948717948718
898,Nashville,Median Age,zip,2,2521,18,156,LightGCN,8,1.0,0.998019801980198,0.717948717948718,0.717948717948718,1.0,1.0,0.7340565417488494,0.717948717948718
899,Nashville,Median Age,zip,2,2521,18,156,LightGCN,9,0.9920634920634921,0.9900990099009901,0.717948717948718,0.717948717948718,0.9998121490152654,0.9997952239934471,0.7242767915844839,0.717948717948718
900,Nashville,Median Age,zip,2,2521,18,156,Feat-LightGCN,0,1.0,1.0,0.717948717948718,0.717948717948718,1.0,1.0,0.7241946088099934,0.717948717948718
901,Nashville,Median Age,zip,2,2521,18,156,Feat-LightGCN,1,1.0,0.998019801980198,0.717948717948718,0.717948717948718,1.0,0.9999842479994959,0.7148257725180801,0.717948717948718
902,Nashville,Median Age,zip,2,2521,18,156,Feat-LightGCN,2,1.0,1.0,0.717948717948718,0.717948717948718,1.0,1.0,0.7278928336620644,0.717948717948718
903,Nashville,Median Age,zip,2,2521,18,156,Feat-LightGCN,3,1.0,0.998019801980198,0.717948717948718,0.717948717948718,1.0,0.9999842479994959,0.7314266929651545,0.717948717948718
904,Nashville,Median Age,zip,2,2521,18,156,Feat-LightGCN,4,1.0,1.0,0.717948717948718,0.717948717948718,1.0,1.0,0.7177021696252467,0.717948717948718
905,Nashville,Median Age,zip,2,2521,18,156,Feat-LightGCN,5,1.0,1.0,0.717948717948718,0.717948717948718,1.0,1.0,0.7300295857988166,0.717948717948718
906,Nashville,Median Age,zip,2,2521,18,156,Feat-LightGCN,6,1.0,1.0,0.717948717948718,0.717948717948718,1.0,1.0,0.7200854700854701,0.717948717948718
907,Nashville,Median Age,zip,2,2521,18,156,Feat-LightGCN,7,1.0,1.0,0.717948717948718,0.717948717948718,1.0,1.0,0.714086127547666,0.717948717948718
908,Nashville,Median Age,zip,2,2521,18,156,Feat-LightGCN,8,1.0,1.0,0.717948717948718,0.717948717948718,1.0,1.0,0.721482577251808,0.717948717948718
909,Nashville,Median Age,zip,2,2521,18,156,Feat-LightGCN,9,1.0,1.0,0.717948717948718,0.717948717948718,1.0,1.0,0.7144970414201184,0.717948717948718
910,Nashville,Median Age,zip,2,2521,18,156,Feat\&PC-LightGCN,0,1.0,0.998019801980198,0.717948717948718,0.717948717948718,1.0,1.0,0.7425213675213675,0.717948717948718
911,Nashville,Median Age,zip,2,2521,18,156,Feat\&PC-LightGCN,1,1.0,1.0,0.717948717948718,0.717948717948718,1.0,1.0,0.7280571992110454,0.717948717948718
912,Nashville,Median Age,zip,2,2521,18,156,Feat\&PC-LightGCN,2,1.0,1.0,0.717948717948718,0.717948717948718,1.0,1.0,0.7290433925049309,0.717948717948718
913,Nashville,Median Age,zip,2,2521,18,156,Feat\&PC-LightGCN,3,1.0,1.0,0.717948717948718,0.717948717948718,1.0,1.0,0.7218113083497699,0.717948717948718
914,Nashville,Median Age,zip,2,2521,18,156,Feat\&PC-LightGCN,4,1.0,1.0,0.717948717948718,0.717948717948718,1.0,1.0,0.7385765943458251,0.717948717948718
915,Nashville,Median Age,zip,2,2521,18,156,Feat\&PC-LightGCN,5,1.0,0.998019801980198,0.717948717948718,0.717948717948718,1.0,1.0,0.7323307034845498,0.717948717948718
916,Nashville,Median Age,zip,2,2521,18,156,Feat\&PC-LightGCN,6,1.0,1.0,0.717948717948718,0.717948717948718,1.0,1.0,0.7444115713346483,0.717948717948718
917,Nashville,Median Age,zip,2,2521,18,156,Feat\&PC-LightGCN,7,1.0,1.0,0.717948717948718,0.717948717948718,1.0,1.0,0.7246877054569363,0.717948717948718
918,Nashville,Median Age,zip,2,2521,18,156,Feat\&PC-LightGCN,8,1.0,1.0,0.717948717948718,0.717948717948718,1.0,1.0,0.7407133464825774,0.717948717948718
919,Nashville,Median Age,zip,2,2521,18,156,Feat\&PC-LightGCN,9,1.0,1.0,0.717948717948718,0.717948717948718,1.0,1.0,0.7420282708744247,0.717948717948718
920,Nashville,Median Age,zip,2,2521,18,156,RGNN,0,1.0,1.0,0.717948717948718,0.717948717948718,1.0,1.0,0.743836291913215,0.717948717948718
921,Nashville,Median Age,zip,2,2521,18,156,RGNN,1,1.0,0.996039603960396,0.717948717948718,0.717948717948718,1.0,0.9999842479994959,0.7375904010519395,0.717948717948718
922,Nashville,Median Age,zip,2,2521,18,156,RGNN,2,0.9985119047619048,0.9762376237623762,0.7115384615384616,0.717948717948718,0.9999653958712331,0.9983460399470733,0.7404667981591058,0.717948717948718
923,Nashville,Median Age,zip,2,2521,18,156,RGNN,3,1.0,0.998019801980198,0.717948717948718,0.717948717948718,1.0,0.9999842479994959,0.7227975016436556,0.717948717948718
924,Nashville,Median Age,zip,2,2521,18,156,RGNN,4,1.0,0.998019801980198,0.717948717948718,0.717948717948718,1.0,1.0,0.7302761341222881,0.717948717948718
925,Nashville,Median Age,zip,2,2521,18,156,RGNN,5,1.0,0.998019801980198,0.717948717948718,0.717948717948718,1.0,1.0,0.7326594345825115,0.717948717948718
926,Nashville,Median Age,zip,2,2521,18,156,RGNN,6,0.9955357142857143,0.9762376237623762,0.7051282051282052,0.717948717948718,0.9994967570987898,0.9966605758931385,0.7266600920447075,0.717948717948718
927,Nashville,Median Age,zip,2,2521,18,156,RGNN,7,1.0,0.996039603960396,0.717948717948718,0.717948717948718,1.0,0.9999369919979838,0.7303583168967784,0.717948717948718
928,Nashville,Median Age,zip,2,2521,18,156,RGNN,8,1.0,0.9861386138613861,0.717948717948718,0.717948717948718,1.0,0.9997007119904228,0.7391518737672583,0.717948717948718
929,Nashville,Median Age,zip,2,2521,18,156,RGNN,9,0.9995039682539683,0.998019801980198,0.717948717948718,0.717948717948718,0.9999990113106066,0.9999842479994959,0.7327416173570019,0.717948717948718
930,Nashville,Median Age,zip,2,2521,18,156,Feat-RGNN,0,0.9985119047619048,0.996039603960396,0.717948717948718,0.717948717948718,0.9999644071818398,0.9999054879969755,0.7286324786324786,0.717948717948718
931,Nashville,Median Age,zip,2,2521,18,156,Feat-RGNN,1,0.9945436507936508,0.9801980198019802,0.717948717948718,0.717948717948718,0.999932769121253,0.9991808959737888,0.735207100591716,0.717948717948718
932,Nashville,Median Age,zip,2,2521,18,156,Feat-RGNN,2,0.9990079365079365,0.996039603960396,0.717948717948718,0.717948717948718,0.9999881357272798,0.9997952239934471,0.7343030900723209,0.717948717948718
933,Nashville,Median Age,zip,2,2521,18,156,Feat-RGNN,3,0.9995039682539683,0.996039603960396,0.717948717948718,0.717948717948718,1.0,0.9998897359964716,0.7307692307692307,0.717948717948718
934,Nashville,Median Age,zip,2,2521,18,156,Feat-RGNN,4,0.9836309523809523,0.9801980198019802,0.7051282051282052,0.717948717948718,0.9984645653721427,0.9982357759435448,0.7380013149243919,0.717948717948718
935,Nashville,Median Age,zip,2,2521,18,156,Feat-RGNN,5,0.9737103174603174,0.9722772277227723,0.6923076923076923,0.717948717948718,0.9991329194020407,0.9997164639909268,0.7174556213017752,0.717948717948718
936,Nashville,Median Age,zip,2,2521,18,156,Feat-RGNN,6,1.0,0.9881188118811881,0.717948717948718,0.717948717948718,1.0,0.9996534559889105,0.7393984220907299,0.717948717948718
937,Nashville,Median Age,zip,2,2521,18,156,Feat-RGNN,7,1.0,0.998019801980198,0.717948717948718,0.717948717948718,1.0,1.0,0.7361932938856015,0.717948717948718
938,Nashville,Median Age,zip,2,2521,18,156,Feat-RGNN,8,1.0,0.9900990099009901,0.717948717948718,0.717948717948718,1.0,0.9998109759939513,0.7337278106508875,0.717948717948718
939,Nashville,Median Age,zip,2,2521,18,156,Feat-RGNN,9,1.0,1.0,0.717948717948718,0.717948717948718,1.0,1.0,0.7223865877712031,0.717948717948718
940,Nashville,Median Age,zip,2,2521,18,156,Feat\&PC-RGNN,0,1.0,0.994059405940594,0.717948717948718,0.717948717948718,1.0,0.9999684959989918,0.7235371466140698,0.717948717948718
941,Nashville,Median Age,zip,2,2521,18,156,Feat\&PC-RGNN,1,0.9880952380952381,0.9742574257425742,0.7243589743589743,0.717948717948718,0.9999970339318199,0.9993699199798375,0.7458086785009862,0.717948717948718
942,Nashville,Median Age,zip,2,2521,18,156,Feat\&PC-RGNN,2,1.0,1.0,0.717948717948718,0.717948717948718,1.0,1.0,0.7324128862590401,0.717948717948718
943,Nashville,Median Age,zip,2,2521,18,156,Feat\&PC-RGNN,3,0.9985119047619048,0.994059405940594,0.717948717948718,0.717948717948718,1.0,0.9986138239556424,0.7207429322813937,0.717948717948718
944,Nashville,Median Age,zip,2,2521,18,156,Feat\&PC-RGNN,4,1.0,0.998019801980198,0.717948717948718,0.717948717948718,1.0,1.0,0.7355358316896778,0.717948717948718
945,Nashville,Median Age,zip,2,2521,18,156,Feat\&PC-RGNN,5,1.0,1.0,0.717948717948718,0.717948717948718,1.0,1.0,0.7333168967784353,0.717948717948718
946,Nashville,Median Age,zip,2,2521,18,156,Feat\&PC-RGNN,6,1.0,1.0,0.717948717948718,0.717948717948718,1.0,1.0,0.732741617357002,0.717948717948718
947,Nashville,Median Age,zip,2,2521,18,156,Feat\&PC-RGNN,7,0.9995039682539683,0.998019801980198,0.717948717948718,0.717948717948718,1.0,1.0,0.7231262327416174,0.717948717948718
948,Nashville,Median Age,zip,2,2521,18,156,Feat\&PC-RGNN,8,0.9995039682539683,0.9900990099009901,0.717948717948718,0.717948717948718,1.0,0.9997637199924391,0.723948060486522,0.717948717948718
949,Nashville,Median Age,zip,2,2521,18,156,Feat\&PC-RGNN,9,0.998015873015873,0.996039603960396,0.717948717948718,0.717948717948718,0.9998764138258325,0.9999054879969757,0.720249835634451,0.717948717948718
950,Nashville,Median Age,zip,2,2521,18,156,NoPreTrain,0,1.0,1.0,0.717948717948718,0.717948717948718,1.0,1.0,0.7619986850756082,0.717948717948718
951,Nashville,Median Age,zip,2,2521,18,156,NoPreTrain,1,1.0,0.996039603960396,0.717948717948718,0.717948717948718,1.0,0.9999684959989918,0.6999506903353057,0.717948717948718
952,Nashville,Median Age,zip,2,2521,18,156,NoPreTrain,2,1.0,0.998019801980198,0.717948717948718,0.717948717948718,1.0,1.0,0.7083333333333334,0.717948717948718
953,Nashville,Median Age,zip,2,2521,18,156,NoPreTrain,3,1.0,0.998019801980198,0.717948717948718,0.717948717948718,1.0,0.9998582319954634,0.7218934911242604,0.717948717948718
954,Nashville,Median Age,zip,2,2521,18,156,NoPreTrain,4,1.0,1.0,0.717948717948718,0.717948717948718,1.0,1.0,0.7417817225509533,0.717948717948718
955,Nashville,Median Age,zip,2,2521,18,156,NoPreTrain,5,1.0,1.0,0.717948717948718,0.717948717948718,1.0,1.0,0.7360289283366207,0.717948717948718
956,Nashville,Median Age,zip,2,2521,18,156,NoPreTrain,6,1.0,0.998019801980198,0.717948717948718,0.717948717948718,1.0,1.0,0.730111768573307,0.717948717948718
957,Nashville,Median Age,zip,2,2521,18,156,NoPreTrain,7,1.0,0.998019801980198,0.717948717948718,0.717948717948718,1.0,1.0,0.7371794871794872,0.717948717948718
958,Nashville,Median Age,zip,2,2521,18,156,NoPreTrain,8,1.0,1.0,0.717948717948718,0.717948717948718,1.0,1.0,0.7623274161735699,0.717948717948718
959,Nashville,Median Age,zip,2,2521,18,156,NoPreTrain,9,1.0,1.0,0.717948717948718,0.717948717948718,1.0,1.0,0.7172090729783038,0.717948717948718
960,Tampa,Median Income,zip,2,8411,99,633,Emb,0,0.9943519619500595,0.9857397504456328,0.7630331753554502,0.7693522906793049,0.9997267488562148,0.9984534824182236,0.7954069001317733,0.7693467236353473
961,Tampa,Median Income,zip,2,8411,99,633,Emb,1,1.0,0.98989898989899,0.7661927330173776,0.7693522906793049,1.0,0.9988151799854725,0.7923072315617138,0.7693467236353473
962,Tampa,Median Income,zip,2,8411,99,633,Emb,2,0.8605826397146255,0.8431372549019608,0.6919431279620853,0.7693522906793049,0.9865417292401542,0.9851890055847295,0.7892724513836201,0.7693467236353473
963,Tampa,Median Income,zip,2,8411,99,633,Emb,3,0.873513674197384,0.863339275103981,0.707740916271722,0.7693522906793049,0.9959342949277641,0.989765298467474,0.7937247933554288,0.7693467236353473
964,Tampa,Median Income,zip,2,8411,99,633,Emb,4,0.9362366230677764,0.9215686274509803,0.7440758293838863,0.7693522906793049,0.9826260142725757,0.9745903737839222,0.7901509403825422,0.7693467236353473
965,Tampa,Median Income,zip,2,8411,99,633,Emb,5,1.0,0.9875222816399287,0.7693522906793049,0.7693522906793049,1.0,0.9991128734564594,0.7945184283033183,0.7693467236353473
966,Tampa,Median Income,zip,2,8411,99,633,Emb,6,0.8901605231866825,0.8770053475935828,0.7109004739336493,0.7693522906793049,0.9741684536490531,0.9641844985055789,0.7821247454378469,0.7693467236353473
967,Tampa,Median Income,zip,2,8411,99,633,Emb,7,1.0,0.9922756981580511,0.7661927330173776,0.7693522906793049,1.0,0.999345074363829,0.7906301162001357,0.7693467236353473
968,Tampa,Median Income,zip,2,8411,99,633,Emb,8,0.6175683709869203,0.6185383244206774,0.5039494470774092,0.7693522906793049,0.8938143168139326,0.8673381142904775,0.7385846344287826,0.7693467236353473
969,Tampa,Median Income,zip,2,8411,99,633,Emb,9,1.0,0.9893048128342246,0.7661927330173776,0.7693522906793049,1.0,0.9987883875730837,0.7899862236952443,0.7693467236353473
970,Tampa,Median Income,zip,2,8411,99,633,LightGCN,0,0.9988109393579072,0.9893048128342246,0.7693522906793049,0.7693522906793049,0.9999945983073144,0.9996010907488777,0.8012768038972966,0.7693467236353473
971,Tampa,Median Income,zip,2,8411,99,633,LightGCN,1,1.0,0.9863339275103981,0.7693522906793049,0.7693522906793049,1.0,0.999367401374153,0.8058289741644371,0.7693467236353473
972,Tampa,Median Income,zip,2,8411,99,633,LightGCN,2,0.9973246135552913,0.9904931669637552,0.7661927330173776,0.7693522906793049,0.9998454929626654,0.9995147596422915,0.7986063969971648,0.7693467236353473
973,Tampa,Median Income,zip,2,8411,99,633,LightGCN,3,0.9946492271105827,0.9845513963161022,0.7630331753554502,0.7693522906793049,0.9997486350248548,0.999099477250265,0.803777502695364,0.7693467236353473
974,Tampa,Median Income,zip,2,8411,99,633,LightGCN,4,0.9901902497027348,0.9845513963161022,0.764612954186414,0.7693522906793049,0.9995159897088441,0.9984505054835138,0.7983618176736015,0.7693467236353473
975,Tampa,Median Income,zip,2,8411,99,633,LightGCN,5,0.9240487514863258,0.9197860962566845,0.731437598736177,0.7693522906793049,0.977617620694071,0.9723100417961633,0.787735095635507,0.7693467236353473
976,Tampa,Median Income,zip,2,8411,99,633,LightGCN,6,0.9900416171224733,0.9792038027332145,0.7598736176935229,0.7693522906793049,0.9995446745596572,0.9976095214279761,0.8062931757377312,0.7693467236353473
977,Tampa,Median Income,zip,2,8411,99,633,LightGCN,7,0.9778537455410226,0.9708853238265003,0.7582938388625592,0.7693522906793049,0.9978842128546316,0.9938794222365115,0.7966597452381904,0.7693467236353473
978,Tampa,Median Income,zip,2,8411,99,633,LightGCN,8,0.9276159334126041,0.9233511586452763,0.7567140600315956,0.7693522906793049,0.9735251865563044,0.9757543552554805,0.8019406620612548,0.7693467236353473
979,Tampa,Median Income,zip,2,8411,99,633,LightGCN,9,0.994500594530321,0.9786096256684492,0.7661927330173776,0.7693522906793049,0.9998494045332309,0.9985011133735815,0.8108253803458052,0.7693467236353473
980,Tampa,Median Income,zip,2,8411,99,633,Feat-LightGCN,0,0.9979191438763377,0.98989898989899,0.7677725118483413,0.7693522906793049,0.9999882652883036,0.9992736279307922,0.8025595974923132,0.7693467236353473
981,Tampa,Median Income,zip,2,8411,99,633,Feat-LightGCN,1,0.9851367419738407,0.9732620320855615,0.7582938388625592,0.7693522906793049,0.9988234554534978,0.9973654127817668,0.7924419997604121,0.7693467236353473
982,Tampa,Median Income,zip,2,8411,99,633,Feat-LightGCN,2,0.9991082045184304,0.9887106357694593,0.7677725118483413,0.7693522906793049,0.999990686736749,0.9989744459924504,0.8020255161122868,0.7693467236353473
983,Tampa,Median Income,zip,2,8411,99,633,Feat-LightGCN,3,0.9986623067776457,0.9910873440285205,0.7693522906793049,0.7693522906793049,0.9999788588924201,0.9986201907619762,0.7995797228766521,0.7693467236353473
984,Tampa,Median Income,zip,2,8411,99,633,Feat-LightGCN,4,1.0,0.9887106357694593,0.7693522906793049,0.7693522906793049,1.0,0.9995132711749366,0.8046410174499861,0.7693467236353473
985,Tampa,Median Income,zip,2,8411,99,633,Feat-LightGCN,5,1.0,0.9863339275103981,0.7693522906793049,0.7693522906793049,1.0,0.9975440288643589,0.8046759573533522,0.7693467236353473
986,Tampa,Median Income,zip,2,8411,99,633,Feat-LightGCN,6,1.0,0.983957219251337,0.764612954186414,0.7693522906793049,1.0,0.997136188809107,0.8013367008744959,0.7693467236353473
987,Tampa,Median Income,zip,2,8411,99,633,Feat-LightGCN,7,0.9977705112960761,0.9857397504456328,0.7661927330173776,0.7693522906793049,0.9999083574896099,0.9984921825694519,0.8033532324402028,0.7693467236353473
988,Tampa,Median Income,zip,2,8411,99,633,Feat-LightGCN,8,0.9989595719381689,0.98989898989899,0.7725118483412322,0.7693522906793049,0.9999949708378444,0.9993406089617642,0.8010122589146667,0.7693467236353473
989,Tampa,Median Income,zip,2,8411,99,633,Feat-LightGCN,9,0.9989595719381689,0.9893048128342246,0.7693522906793049,0.7693522906793049,0.9999898485430564,0.9992483239857584,0.8024647606117479,0.7693467236353473
990,Tampa,Median Income,zip,2,8411,99,633,Feat\&PC-LightGCN,0,1.0,0.9970291146761735,0.7693522906793049,0.7693522906793049,1.0,0.9999211112301885,0.7914636824661582,0.7693467236353473
991,Tampa,Median Income,zip,2,8411,99,633,Feat\&PC-LightGCN,1,1.0,0.995840760546643,0.7725118483412322,0.7693522906793049,1.0,0.9998630610033461,0.8024897176855808,0.7693467236353473
992,Tampa,Median Income,zip,2,8411,99,633,Feat\&PC-LightGCN,2,1.0,0.9934640522875817,0.7677725118483413,0.7693522906793049,1.0,0.9999181342954786,0.7878049754422394,0.7693467236353473
993,Tampa,Median Income,zip,2,8411,99,633,Feat\&PC-LightGCN,3,1.0,0.994058229352347,0.7709320695102686,0.7693522906793049,1.0,0.9998764572095407,0.7881493830611348,0.7693467236353473
994,Tampa,Median Income,zip,2,8411,99,633,Feat\&PC-LightGCN,4,1.0,0.9952465834818776,0.7709320695102686,0.7693522906793049,1.0,0.9995534597935198,0.7858034181208321,0.7693467236353473
995,Tampa,Median Income,zip,2,8411,99,633,Feat\&PC-LightGCN,5,1.0,0.9928698752228164,0.7677725118483413,0.7693522906793049,1.0,0.9998347801236024,0.7840264744639219,0.7693467236353473
996,Tampa,Median Income,zip,2,8411,99,633,Feat\&PC-LightGCN,6,1.0,0.9928698752228164,0.7661927330173776,0.7693522906793049,1.0,0.9998377570583122,0.7925967336181767,0.7693467236353473
997,Tampa,Median Income,zip,2,8411,99,633,Feat\&PC-LightGCN,7,0.9998513674197385,0.9964349376114082,0.7661927330173776,0.7693522906793049,1.0,0.9999166458281237,0.7859481691490635,0.7693467236353473
998,Tampa,Median Income,zip,2,8411,99,633,Feat\&PC-LightGCN,8,1.0,0.9952465834818776,0.7693522906793049,0.7693522906793049,1.0,0.9998571071339263,0.7821996166593459,0.7693467236353473
999,Tampa,Median Income,zip,2,8411,99,633,Feat\&PC-LightGCN,9,1.0,0.995840760546643,0.7693522906793049,0.7693522906793049,1.0,0.9999359959037378,0.792042686579084,0.7693467236353473
1000,Tampa,Median Income,zip,2,8411,99,633,RGNN,0,0.8645957193816884,0.8550207961972668,0.7093206951026856,0.7693522906793049,0.9373206207289957,0.9258609295180937,0.7641556522780817,0.7693467236353473
1001,Tampa,Median Income,zip,2,8411,99,633,RGNN,1,0.9730975029726516,0.9625668449197861,0.7551342812006319,0.7693522906793049,0.9955332658121747,0.990689636694888,0.7934802140318653,0.7693467236353473
1002,Tampa,Median Income,zip,2,8411,99,633,RGNN,2,0.9613555291319857,0.9471182412358883,0.7535545023696683,0.7693522906793049,0.9904961873828568,0.9857375058050227,0.7964051830850938,0.7693467236353473
1003,Tampa,Median Income,zip,2,8411,99,633,RGNN,3,0.8466111771700356,0.8568033273915627,0.7045813586097947,0.7693522906793049,0.9280360423287815,0.9316614868002715,0.7630475581998962,0.7693467236353473
1004,Tampa,Median Income,zip,2,8411,99,633,RGNN,4,0.9887039239001189,0.9827688651218063,0.7614533965244866,0.7693522906793049,0.997934690741452,0.9957921027876017,0.7903755540470391,0.7693467236353473
1005,Tampa,Median Income,zip,2,8411,99,633,RGNN,5,0.8173305588585018,0.8128342245989305,0.6951026856240127,0.7693522906793049,0.8340410947740952,0.8391368675502209,0.712115161921495,0.7693467236353473
1006,Tampa,Median Income,zip,2,8411,99,633,RGNN,6,0.9897443519619501,0.9750445632798574,0.7693522906793049,0.7693522906793049,0.9995527770986856,0.9938779337691567,0.7961406381024637,0.7693467236353473
1007,Tampa,Median Income,zip,2,8411,99,633,RGNN,7,0.9909334126040428,0.9815805109922757,0.7630331753554502,0.7693522906793049,0.998784665712057,0.9955197132616488,0.7857035898255003,0.7693467236353473
1008,Tampa,Median Income,zip,2,8411,99,633,RGNN,8,0.9126040428061831,0.9150326797385621,0.731437598736177,0.7693522906793049,0.9729806400540169,0.9741155526976981,0.7696711655951763,0.7693467236353473
1009,Tampa,Median Income,zip,2,8411,99,633,RGNN,9,0.9717598097502973,0.9631610219845514,0.7614533965244866,0.7693522906793049,0.9961758809764957,0.9927928410674097,0.7811514195583595,0.7693467236353473
1010,Tampa,Median Income,zip,2,8411,99,633,Feat-RGNN,0,0.9992568370986921,0.9893048128342246,0.7693522906793049,0.7693522906793049,0.9999970197557596,0.9991560390097525,0.7926666134249092,0.7693467236353473
1011,Tampa,Median Income,zip,2,8411,99,633,Feat-RGNN,1,0.9687871581450654,0.9607843137254902,0.7582938388625592,0.7693522906793049,0.996125030559145,0.993888353040641,0.7942189434173222,0.7693467236353473
1012,Tampa,Median Income,zip,2,8411,99,633,Feat-RGNN,2,0.906807372175981,0.9019607843137255,0.7488151658767772,0.7693522906793049,0.9692034133109816,0.9674516843496589,0.7893822625084854,0.7693467236353473
1013,Tampa,Median Income,zip,2,8411,99,633,Feat-RGNN,3,0.9733947681331748,0.9536541889483066,0.7503949447077409,0.7693522906793049,0.9964177464231248,0.9909486300146465,0.7789102743281556,0.7693467236353473
1014,Tampa,Median Income,zip,2,8411,99,633,Feat-RGNN,4,0.9652199762187872,0.9399881164587047,0.7567140600315956,0.7693522906793049,0.9928778216277256,0.9820059181462032,0.8136505211037017,0.7693467236353473
1015,Tampa,Median Income,zip,2,8411,99,633,Feat-RGNN,5,0.9765160523186682,0.954248366013072,0.7551342812006319,0.7693522906793049,0.9974787133726819,0.9926767406137248,0.7915734935910235,0.7693467236353473
1016,Tampa,Median Income,zip,2,8411,99,633,Feat-RGNN,6,0.9751783590963139,0.958407605466429,0.7582938388625592,0.7693522906793049,0.9972261376733138,0.9912329272794388,0.7913189314379268,0.7693467236353473
1017,Tampa,Median Income,zip,2,8411,99,633,Feat-RGNN,7,0.9713139120095124,0.9518716577540107,0.7614533965244866,0.7693522906793049,0.9995099360877309,0.9973058740875695,0.7973835003793476,0.7693467236353473
1018,Tampa,Median Income,zip,2,8411,99,633,Feat-RGNN,8,0.9675980975029727,0.954248366013072,0.7677725118483413,0.7693522906793049,0.9956356651416197,0.993078626799557,0.7967995048516552,0.7693467236353473
1019,Tampa,Median Income,zip,2,8411,99,633,Feat-RGNN,9,0.8310047562425684,0.8235294117647058,0.717219589257504,0.7693522906793049,0.8913922630065543,0.8780729408542611,0.7799884199177415,0.7693467236353473
1020,Tampa,Median Income,zip,2,8411,99,633,Feat\&PC-RGNN,0,0.9670035671819263,0.9607843137254902,0.7567140600315956,0.7693522906793049,0.9975463276638844,0.995086569261363,0.8133260791438726,0.7693467236353473
1021,Tampa,Median Income,zip,2,8411,99,633,Feat\&PC-RGNN,1,0.8922413793103449,0.8865121806298277,0.7251184834123223,0.7693522906793049,0.9671201760206756,0.9663636147132022,0.7897216787126143,0.7693467236353473
1022,Tampa,Median Income,zip,2,8411,99,633,Feat\&PC-RGNN,2,0.949910820451843,0.942364824717766,0.7598736176935229,0.7693522906793049,0.9896557585070839,0.9853400850212554,0.8089486083935631,0.7693467236353473
1023,Tampa,Median Income,zip,2,8411,99,633,Feat\&PC-RGNN,3,0.994500594530321,0.9869281045751634,0.764612954186414,0.7693522906793049,0.9997080291970804,0.9980396884935521,0.7996595855129179,0.7693467236353473
1024,Tampa,Median Income,zip,2,8411,99,633,Feat\&PC-RGNN,4,0.9121581450653984,0.9001782531194296,0.740916271721959,0.7693522906793049,0.9831994318909415,0.973936936615106,0.8038873138202293,0.7693467236353473
1025,Tampa,Median Income,zip,2,8411,99,633,Feat\&PC-RGNN,5,0.9647740784780023,0.9572192513368984,0.7598736176935229,0.7693522906793049,0.9944877588796144,0.9932512890127293,0.8185770474783371,0.7693467236353473
1026,Tampa,Median Income,zip,2,8411,99,633,Feat\&PC-RGNN,6,0.9757728894173603,0.9655377302436126,0.7614533965244866,0.7693522906793049,0.9972611555431379,0.9947144524226293,0.814134688336062,0.7693467236353473
1027,Tampa,Median Income,zip,2,8411,99,633,Feat\&PC-RGNN,7,0.9983650416171225,0.9928698752228164,0.7661927330173776,0.7693522906793049,0.999991431797809,0.9993807975803476,0.8002086411372439,0.7693467236353473
1028,Tampa,Median Income,zip,2,8411,99,633,Feat\&PC-RGNN,8,0.9837990487514863,0.9809863339275104,0.7630331753554502,0.7693522906793049,0.9985036379934574,0.9966010847950083,0.7998542506888152,0.7693467236353473
1029,Tampa,Median Income,zip,2,8411,99,633,Feat\&PC-RGNN,9,0.9172116527942925,0.9013666072489602,0.7345971563981043,0.7693522906793049,0.9730421075914737,0.963211040855452,0.7974733458451464,0.7693467236353473
1030,Tampa,Median Income,zip,2,8411,99,633,NoPreTrain,0,1.0,0.9928698752228164,0.7693522906793049,0.7693522906793049,1.0,0.9990518462949071,0.7700055903845386,0.7693467236353473
1031,Tampa,Median Income,zip,2,8411,99,633,NoPreTrain,1,1.0,0.9922756981580511,0.7693522906793049,0.7693522906793049,1.0,0.9994061015253815,0.7819250888471829,0.7693467236353473
1032,Tampa,Median Income,zip,2,8411,99,633,NoPreTrain,2,1.0,0.9916815210932858,0.7677725118483413,0.7693522906793049,1.0,0.9996680717798497,0.7820448828015812,0.7693467236353473
1033,Tampa,Median Income,zip,2,8411,99,633,NoPreTrain,3,1.0,0.994058229352347,0.7677725118483413,0.7693522906793049,1.0,0.9963100894271186,0.7739038853172542,0.7693467236353473
1034,Tampa,Median Income,zip,2,8411,99,633,NoPreTrain,4,1.0,0.9922756981580511,0.7693522906793049,0.7693522906793049,1.0,0.9997454720823062,0.780821986183764,0.7693467236353473
1035,Tampa,Median Income,zip,2,8411,99,633,NoPreTrain,5,1.0,0.9916815210932858,0.7661927330173776,0.7693522906793049,1.0,0.9990012384048395,0.7578115641097314,0.7693467236353473
1036,Tampa,Median Income,zip,2,8411,99,633,NoPreTrain,6,1.0,0.98989898989899,0.7630331753554502,0.7693522906793049,1.0,0.9968250991319259,0.7856736413369004,0.7693467236353473
1037,Tampa,Median Income,zip,2,8411,99,633,NoPreTrain,7,1.0,0.9916815210932858,0.7661927330173776,0.7693522906793049,1.0,0.998873230212315,0.7741784131294175,0.7693467236353473
1038,Tampa,Median Income,zip,2,8411,99,633,NoPreTrain,8,1.0,0.9922756981580511,0.7693522906793049,0.7693522906793049,1.0,0.9987645720954048,0.7822345565627121,0.7693467236353473
1039,Tampa,Median Income,zip,2,8411,99,633,NoPreTrain,9,1.0,0.9928698752228164,0.7693522906793049,0.7693522906793049,1.0,0.9987094988032722,0.7841861997364534,0.7693467236353473
1040,Tampa,Median Home Value,zip,2,8064,98,612,Emb,0,0.9993798449612403,0.9913258983890955,0.7924836601307189,0.7924836601307189,0.9999940425703785,0.9984813138730849,0.8265837925584177,0.792483660130719
1041,Tampa,Median Home Value,zip,2,8064,98,612,Emb,1,1.0,0.9944237918215614,0.7924836601307189,0.7924836601307189,1.0,0.99956954437804,0.830359049938058,0.792483660130719
1042,Tampa,Median Home Value,zip,2,8064,98,612,Emb,2,0.9987596899224807,0.9944237918215614,0.7908496732026143,0.7924836601307189,0.9999912153156428,0.9989972157421007,0.8209876543209876,0.792483660130719
1043,Tampa,Median Home Value,zip,2,8064,98,612,Emb,3,0.8544186046511628,0.8420074349442379,0.7418300653594772,0.7924836601307189,0.9566847409022982,0.9518324995606773,0.8266371908240422,0.792483660130719
1044,Tampa,Median Home Value,zip,2,8064,98,612,Emb,4,1.0,0.9944237918215614,0.7908496732026143,0.7924836601307189,1.0,0.9977993560899797,0.831677987098979,0.792483660130719
1045,Tampa,Median Home Value,zip,2,8064,98,612,Emb,5,0.8469767441860465,0.8159851301115242,0.6977124183006536,0.7924836601307189,0.9809824205339472,0.9780112950265448,0.8178264769960272,0.792483660130719
1046,Tampa,Median Home Value,zip,2,8064,98,612,Emb,6,0.950077519379845,0.9256505576208178,0.7826797385620915,0.7924836601307189,0.9958721071125652,0.9882793544132986,0.8310478875646119,0.792483660130719
1047,Tampa,Median Home Value,zip,2,8064,98,612,Emb,7,0.9606201550387596,0.9442379182156134,0.7777777777777778,0.7924836601307189,0.9923640898259218,0.9849437263914439,0.8237376650006408,0.792483660130719
1048,Tampa,Median Home Value,zip,2,8064,98,612,Emb,8,1.0,0.993184634448575,0.7941176470588235,0.7924836601307189,1.0,0.9997356002921294,0.8300173010380623,0.792483660130719
1049,Tampa,Median Home Value,zip,2,8064,98,612,Emb,9,1.0,0.9913258983890955,0.7908496732026143,0.7924836601307189,1.0,0.9981975678451263,0.8320464351317871,0.792483660130719
1050,Tampa,Median Home Value,zip,2,8064,98,612,LightGCN,0,0.4192248062015504,0.42688971499380424,0.5147058823529411,0.7924836601307189,0.8949763217415888,0.8778183154836661,0.7959972660087999,0.792483660130719
1051,Tampa,Median Home Value,zip,2,8064,98,612,LightGCN,1,0.9979844961240311,0.9907063197026023,0.7973856209150327,0.7924836601307189,0.9998311725029283,0.9993647958237744,0.835202272630185,0.792483660130719
1052,Tampa,Median Home Value,zip,2,8064,98,612,LightGCN,2,0.9948837209302326,0.9913258983890955,0.7924836601307189,0.7924836601307189,0.9998016882749707,0.998486150453107,0.8359605280020505,0.792483660130719
1053,Tampa,Median Home Value,zip,2,8064,98,612,LightGCN,3,0.9975193798449612,0.9925650557620818,0.7908496732026143,0.7924836601307189,0.9998238014459389,0.9989633596819465,0.8393619975223205,0.792483660130719
1054,Tampa,Median Home Value,zip,2,8064,98,612,LightGCN,4,0.9933333333333333,0.9826517967781908,0.7892156862745098,0.7924836601307189,0.9996285189224121,0.9978412731168373,0.8390629672348242,0.792483660130719
1055,Tampa,Median Home Value,zip,2,8064,98,612,LightGCN,5,0.9961240310077519,0.9838909541511772,0.7875816993464052,0.7924836601307189,0.9997831091724222,0.9985796576668661,0.8346148917083172,0.792483660130719
1056,Tampa,Median Home Value,zip,2,8064,98,612,LightGCN,6,0.9934883720930232,0.9851301115241635,0.7924836601307189,0.7924836601307189,0.9996453814774426,0.9982410970653244,0.8362969370754838,0.792483660130719
1057,Tampa,Median Home Value,zip,2,8064,98,612,LightGCN,7,0.9992248062015504,0.9838909541511772,0.795751633986928,0.7924836601307189,0.9999953552243629,0.9975575270888786,0.8302362339271221,0.792483660130719
1058,Tampa,Median Home Value,zip,2,8064,98,612,LightGCN,8,0.9841860465116279,0.9739776951672863,0.7908496732026143,0.7924836601307189,0.9987779191405145,0.9971125617268526,0.8426406510316544,0.792483660130719
1059,Tampa,Median Home Value,zip,2,8064,98,612,LightGCN,9,0.986046511627907,0.9727385377942999,0.7892156862745098,0.7924836601307189,0.9986209055293025,0.9952520906117146,0.8307221581443035,0.792483660130719
1060,Tampa,Median Home Value,zip,2,8064,98,612,Feat-LightGCN,0,0.9953488372093023,0.9863692688971499,0.7843137254901961,0.7924836601307189,0.9996578012036027,0.9987441013876148,0.8353464479473707,0.792483660130719
1061,Tampa,Median Home Value,zip,2,8064,98,612,Feat-LightGCN,1,0.9407751937984496,0.9423791821561338,0.7761437908496732,0.7924836601307189,0.9874351750878468,0.988069769279011,0.83560809944893,0.792483660130719
1062,Tampa,Median Home Value,zip,2,8064,98,612,Feat-LightGCN,2,0.9992248062015504,0.9938042131350682,0.7924836601307189,0.7924836601307189,0.9999956581445132,0.9987836001244613,0.8322600281942844,0.792483660130719
1063,Tampa,Median Home Value,zip,2,8064,98,612,Feat-LightGCN,3,0.998139534883721,0.9907063197026023,0.7908496732026143,0.7924836601307189,0.9999539561371622,0.9992277593898171,0.8333066342005213,0.792483660130719
1064,Tampa,Median Home Value,zip,2,8064,98,612,Feat-LightGCN,4,0.9990697674418605,0.990086741016109,0.7875816993464052,0.7924836601307189,0.9999936386768449,0.9990310718022548,0.8315765303942928,0.792483660130719
1065,Tampa,Median Home Value,zip,2,8064,98,612,Feat-LightGCN,5,0.9996899224806202,0.9857496902106567,0.7892156862745098,0.7924836601307189,0.9999988892927825,0.9989391767818364,0.8281590413943356,0.792483660130719
1066,Tampa,Median Home Value,zip,2,8064,98,612,Feat-LightGCN,6,0.9874418604651163,0.9690210656753407,0.7859477124183006,0.7924836601307189,0.9986302960539601,0.9957228510671914,0.8347056687598786,0.792483660130719
1067,Tampa,Median Home Value,zip,2,8064,98,612,Feat-LightGCN,7,0.9792248062015504,0.9622057001239157,0.7794117647058824,0.7924836601307189,0.9975811826002664,0.9937704849316349,0.8284687513349567,0.792483660130719
1068,Tampa,Median Home Value,zip,2,8064,98,612,Feat-LightGCN,8,0.9948837209302326,0.9894671623296158,0.7924836601307189,0.7924836601307189,0.9995864130215275,0.9991874545563002,0.8368415993848519,0.792483660130719
1069,Tampa,Median Home Value,zip,2,8064,98,612,Feat-LightGCN,9,0.9968992248062015,0.9845105328376704,0.7924836601307189,0.7924836601307189,0.9996075164586615,0.9971996201672488,0.8353838267333078,0.792483660130719
1070,Tampa,Median Home Value,zip,2,8064,98,612,Feat\&PC-LightGCN,0,1.0,0.9962825278810409,0.7941176470588235,0.7924836601307189,1.0,0.9996437052717111,0.8295901149130677,0.792483660130719
1071,Tampa,Median Home Value,zip,2,8064,98,612,Feat\&PC-LightGCN,1,1.0,0.9969021065675341,0.7924836601307189,0.7924836601307189,1.0,0.9999532463931204,0.8180080310991498,0.792483660130719
1072,Tampa,Median Home Value,zip,2,8064,98,612,Feat\&PC-LightGCN,2,0.9996899224806202,0.9956629491945477,0.7941176470588235,0.7924836601307189,0.9999998990266166,0.9990496120256726,0.8249231064975009,0.792483660130719
1073,Tampa,Median Home Value,zip,2,8064,98,612,Feat\&PC-LightGCN,3,1.0,0.9962825278810409,0.7908496732026143,0.7924836601307189,1.0,0.9999193903329663,0.8329168268614634,0.792483660130719
1074,Tampa,Median Home Value,zip,2,8064,98,612,Feat\&PC-LightGCN,4,0.9996899224806202,0.9944237918215614,0.7924836601307189,0.7924836601307189,0.9999917201825599,0.9998968196261968,0.822076978939724,0.792483660130719
1075,Tampa,Median Home Value,zip,2,8064,98,612,Feat\&PC-LightGCN,5,1.0,0.9969021065675341,0.7908496732026143,0.7924836601307189,1.0,0.999921002526307,0.8275289418599683,0.792483660130719
1076,Tampa,Median Home Value,zip,2,8064,98,612,Feat\&PC-LightGCN,6,1.0,0.9956629491945477,0.7941176470588235,0.7924836601307189,1.0,0.9996574089151068,0.8143395702507582,0.792483660130719
1077,Tampa,Median Home Value,zip,2,8064,98,612,Feat\&PC-LightGCN,7,0.9995348837209302,0.9944237918215614,0.7973856209150327,0.7924836601307189,0.9999943454905287,0.9998436172459546,0.8238337818787645,0.792483660130719
1078,Tampa,Median Home Value,zip,2,8064,98,612,Feat\&PC-LightGCN,8,1.0,0.9944237918215614,0.7941176470588235,0.7924836601307189,1.0,0.9999081049795816,0.8278493314537143,0.792483660130719
1079,Tampa,Median Home Value,zip,2,8064,98,612,Feat\&PC-LightGCN,9,1.0,0.9975216852540273,0.7924836601307189,0.7924836601307189,1.0,0.9999677561331864,0.8221090178990986,0.792483660130719
1080,Tampa,Median Home Value,zip,2,8064,98,612,RGNN,0,0.8544186046511628,0.845724907063197,0.7418300653594772,0.7924836601307189,0.9244234924673855,0.9281348696461074,0.8224294074928447,0.792483660130719
1081,Tampa,Median Home Value,zip,2,8064,98,612,RGNN,1,0.8750387596899225,0.8729863692688972,0.7712418300653595,0.7924836601307189,0.9419837230905933,0.9389849308288447,0.8286342859583922,0.792483660130719
1082,Tampa,Median Home Value,zip,2,8064,98,612,RGNN,2,0.8854263565891473,0.8884758364312267,0.7728758169934641,0.7924836601307189,0.9488495597560483,0.948029335470027,0.8305886624802427,0.792483660130719
1083,Tampa,Median Home Value,zip,2,8064,98,612,RGNN,3,0.8462015503875969,0.8420074349442379,0.7565359477124183,0.7924836601307189,0.9191152207278162,0.9201214626462864,0.8149269511726258,0.792483660130719
1084,Tampa,Median Home Value,zip,2,8064,98,612,RGNN,4,0.9685271317829457,0.9491945477075588,0.7892156862745098,0.7924836601307189,0.9947644290964901,0.990276861962394,0.835672177367679,0.792483660130719
1085,Tampa,Median Home Value,zip,2,8064,98,612,RGNN,5,0.8530232558139534,0.8513011152416357,0.7467320261437909,0.7924836601307189,0.9245453673411688,0.9163384509723944,0.8225255243709684,0.792483660130719
1086,Tampa,Median Home Value,zip,2,8064,98,612,RGNN,6,0.6844961240310078,0.6691449814126395,0.630718954248366,0.7924836601307189,0.7526586291853468,0.741972486308448,0.6602428553120595,0.792483660130719
1087,Tampa,Median Home Value,zip,2,8064,98,612,RGNN,7,0.6093023255813953,0.6090458488228006,0.5,0.7924836601307189,0.5,0.5,0.5,0.792483660130719
1088,Tampa,Median Home Value,zip,2,8064,98,612,RGNN,8,0.9803100775193798,0.9677819083023544,0.7908496732026143,0.7924836601307189,0.9976168262046125,0.9954810220660902,0.8324469221239693,0.792483660130719
1089,Tampa,Median Home Value,zip,2,8064,98,612,RGNN,9,0.9468217054263566,0.9312267657992565,0.7826797385620915,0.7924836601307189,0.987412658023345,0.9814823472890162,0.8178958947413387,0.792483660130719
1090,Tampa,Median Home Value,zip,2,8064,98,612,Feat-RGNN,0,0.9601550387596899,0.9572490706319703,0.7761437908496732,0.7924836601307189,0.9935685003433095,0.9915940239217248,0.8247362125678158,0.792483660130719
1091,Tampa,Median Home Value,zip,2,8064,98,612,Feat-RGNN,1,0.8396899224806201,0.8228004956629492,0.7336601307189542,0.7924836601307189,0.9204889131225009,0.910155689510909,0.8181468665897732,0.792483660130719
1092,Tampa,Median Home Value,zip,2,8064,98,612,Feat-RGNN,2,0.9795348837209302,0.9671623296158612,0.7843137254901961,0.7924836601307189,0.9976555999838442,0.9925419936060412,0.8208381391772395,0.792483660130719
1093,Tampa,Median Home Value,zip,2,8064,98,612,Feat-RGNN,3,0.7790697674418605,0.7775712515489467,0.7091503267973857,0.7924836601307189,0.8366990286360515,0.8292751739959663,0.7383057798282712,0.792483660130719
1094,Tampa,Median Home Value,zip,2,8064,98,612,Feat-RGNN,4,0.9841860465116279,0.9745972738537795,0.795751633986928,0.7924836601307189,0.9982466981703623,0.9952811100918467,0.8213774616600453,0.792483660130719
1095,Tampa,Median Home Value,zip,2,8064,98,612,Feat-RGNN,5,0.8227906976744186,0.8060718711276332,0.7189542483660131,0.7924836601307189,0.8930091582858758,0.8832659167818041,0.8031312742962109,0.792483660130719
1096,Tampa,Median Home Value,zip,2,8064,98,612,Feat-RGNN,6,0.8505426356589147,0.8426270136307311,0.7401960784313726,0.7924836601307189,0.9139022678621916,0.913262386078388,0.8192735699944464,0.792483660130719
1097,Tampa,Median Home Value,zip,2,8064,98,612,Feat-RGNN,7,0.9716279069767442,0.9572490706319703,0.7924836601307189,0.7924836601307189,0.9961433216204207,0.990444530069824,0.8242129095646974,0.792483660130719
1098,Tampa,Median Home Value,zip,2,8064,98,612,Feat-RGNN,8,0.958139534883721,0.9479553903345725,0.7990196078431373,0.7924836601307189,0.9896923341007311,0.985932000909277,0.8367294630270409,0.792483660130719
1099,Tampa,Median Home Value,zip,2,8064,98,612,Feat-RGNN,9,0.7031007751937984,0.6833952912019826,0.6486928104575164,0.7924836601307189,0.7415526677167896,0.7219764523040662,0.6879138365585885,0.792483660130719
1100,Tampa,Median Home Value,zip,2,8064,98,612,Feat\&PC-RGNN,0,0.990077519379845,0.9876084262701363,0.7924836601307189,0.7924836601307189,0.9992100852215355,0.9988102013145824,0.8306847793583665,0.792483660130719
1101,Tampa,Median Home Value,zip,2,8064,98,612,Feat\&PC-RGNN,1,0.9072868217054264,0.909541511771995,0.7826797385620915,0.7924836601307189,0.9612422755361686,0.9615266181181512,0.8200158058866249,0.792483660130719
1102,Tampa,Median Home Value,zip,2,8064,98,612,Feat\&PC-RGNN,2,0.9998449612403101,0.9882280049566295,0.7924836601307189,0.7924836601307189,1.0,0.9985159760299094,0.8320410953052244,0.792483660130719
1103,Tampa,Median Home Value,zip,2,8064,98,612,Feat\&PC-RGNN,3,0.926046511627907,0.9206939281288724,0.7696078431372549,0.7924836601307189,0.9768099478977342,0.9732150198380392,0.8245760177709427,0.792483660130719
1104,Tampa,Median Home Value,zip,2,8064,98,612,Feat\&PC-RGNN,4,0.9928682170542635,0.9888475836431226,0.795751633986928,0.7924836601307189,0.9992054404458984,0.9980653679911909,0.8429236618394634,0.792483660130719
1105,Tampa,Median Home Value,zip,2,8064,98,612,Feat\&PC-RGNN,5,0.9908527131782946,0.9807930607187113,0.7810457516339869,0.7924836601307189,0.9992159416777737,0.9961944176193385,0.8351488743645605,0.792483660130719
1106,Tampa,Median Home Value,zip,2,8064,98,612,Feat\&PC-RGNN,6,0.9989147286821706,0.9944237918215614,0.7908496732026143,0.7924836601307189,0.9999705157720425,0.9988351903113628,0.8367454825067282,0.792483660130719
1107,Tampa,Median Home Value,zip,2,8064,98,612,Feat\&PC-RGNN,7,0.9998449612403101,0.9894671623296158,0.7941176470588235,0.7924836601307189,0.9999991922129327,0.9983700725325785,0.8266211713443546,0.792483660130719
1108,Tampa,Median Home Value,zip,2,8064,98,612,Feat\&PC-RGNN,8,0.9998449612403101,0.9913258983890955,0.7941176470588235,0.7924836601307189,0.9999998990266166,0.9995356883178858,0.8293765218505704,0.792483660130719
1109,Tampa,Median Home Value,zip,2,8064,98,612,Feat\&PC-RGNN,9,0.967906976744186,0.9628252788104089,0.7712418300653595,0.7924836601307189,0.9942865220727818,0.991365092467349,0.8229580503225256,0.792483660130719
1110,Tampa,Median Home Value,zip,2,8064,98,612,NoPreTrain,0,1.0,0.993184634448575,0.7908496732026143,0.7924836601307189,1.0,0.998089550891301,0.8125560681789055,0.792483660130719
1111,Tampa,Median Home Value,zip,2,8064,98,612,NoPreTrain,1,1.0,0.9950433705080545,0.7924836601307189,0.7924836601307189,1.0,0.9996872344919092,0.7914050151651074,0.792483660130719
1112,Tampa,Median Home Value,zip,2,8064,98,612,NoPreTrain,2,1.0,0.9962825278810409,0.7924836601307189,0.7924836601307189,1.0,0.9996356443050076,0.7907588961510531,0.792483660130719
1113,Tampa,Median Home Value,zip,2,8064,98,612,NoPreTrain,3,1.0,0.9956629491945477,0.7908496732026143,0.7924836601307189,1.0,0.9999339000730324,0.8084283822461447,0.792483660130719
1114,Tampa,Median Home Value,zip,2,8064,98,612,NoPreTrain,4,1.0,0.9913258983890955,0.7908496732026143,0.7924836601307189,1.0,0.9997694563522836,0.7917521038916656,0.792483660130719
1115,Tampa,Median Home Value,zip,2,8064,98,612,NoPreTrain,5,1.0,0.990086741016109,0.7875816993464052,0.7924836601307189,1.0,0.9997484978388549,0.7951375539322483,0.792483660130719
1116,Tampa,Median Home Value,zip,2,8064,98,612,NoPreTrain,6,1.0,0.9950433705080545,0.7924836601307189,0.7924836601307189,1.0,0.9982789836088304,0.7922113289760349,0.792483660130719
1117,Tampa,Median Home Value,zip,2,8064,98,612,NoPreTrain,7,1.0,0.9919454770755886,0.7941176470588235,0.7924836601307189,1.0,0.9988327720213518,0.7893812208979452,0.792483660130719
1118,Tampa,Median Home Value,zip,2,8064,98,612,NoPreTrain,8,1.0,0.993184634448575,0.7908496732026143,0.7924836601307189,1.0,0.998297523832248,0.8023089410055961,0.792483660130719
1119,Tampa,Median Home Value,zip,2,8064,98,612,NoPreTrain,9,1.0,0.9925650557620818,0.7892156862745098,0.7924836601307189,1.0,0.9997291515187667,0.8006108761587423,0.792483660130719
1120,Tampa,Median Age,zip,2,8603,99,646,Emb,0,0.9241499564080209,0.9198140615920977,0.7136222910216719,0.7291021671826625,0.9774947847461009,0.9779187954477875,0.7498466375277968,0.729075607698796
1121,Tampa,Median Age,zip,2,8603,99,646,Emb,1,1.0,0.9941894247530505,0.7321981424148607,0.7291021671826625,1.0,0.9994444894980131,0.7675935511080438,0.729075607698796
1122,Tampa,Median Age,zip,2,8603,99,646,Emb,2,0.98546934030805,0.9750145264381174,0.7213622291021672,0.7291021671826625,0.9980400957510474,0.9947463033546888,0.7634383866267924,0.729075607698796
1123,Tampa,Median Age,zip,2,8603,99,646,Emb,3,0.9998546934030805,0.9936083672283557,0.7291021671826625,0.7291021671826625,1.0,0.998978185062039,0.7520176750249213,0.729075607698796
1124,Tampa,Median Age,zip,2,8603,99,646,Emb,4,0.9614937518163325,0.9610691458454387,0.7198142414860681,0.7291021671826625,0.9927419641136435,0.9914794690887464,0.7575435166014876,0.729075607698796
1125,Tampa,Median Age,zip,2,8603,99,646,Emb,5,1.0,0.9947704822777454,0.7260061919504643,0.7291021671826625,1.0,0.9999905387505744,0.7626811594202898,0.729075607698796
1126,Tampa,Median Age,zip,2,8603,99,646,Emb,6,0.999418773612322,0.9924462521789658,0.7275541795665634,0.7291021671826625,0.9999980559021122,0.9986294704403537,0.7580515297906602,0.729075607698796
1127,Tampa,Median Age,zip,2,8603,99,646,Emb,7,1.0,0.9982568274259151,0.7291021671826625,0.7291021671826625,1.0,0.9999837807152705,0.761157119852772,0.729075607698796
1128,Tampa,Median Age,zip,2,8603,99,646,Emb,8,0.9542284219703574,0.9424753050552005,0.7136222910216719,0.7291021671826625,0.9901958298255045,0.986346065471846,0.7575147611379496,0.729075607698796
1129,Tampa,Median Age,zip,2,8603,99,646,Emb,9,0.968323161871549,0.9570017431725741,0.7229102167182663,0.7291021671826625,0.9955318713717216,0.9907009434217284,0.7585116172072695,0.729075607698796
1130,Tampa,Median Age,zip,2,8603,99,646,LightGCN,0,0.998256320836966,0.9907030796048809,0.7275541795665634,0.7291021671826625,0.9999830948009751,0.9987957181088314,0.7486916264090178,0.729075607698796
1131,Tampa,Median Age,zip,2,8603,99,646,LightGCN,1,1.0,0.9941894247530505,0.7321981424148607,0.7291021671826625,1.0,0.9998567296515557,0.7595324361628709,0.729075607698796
1132,Tampa,Median Age,zip,2,8603,99,646,LightGCN,2,0.9984016274338855,0.9936083672283557,0.7306501547987616,0.7291021671826625,0.9999777696632822,0.9996066823453087,0.7543229046852234,0.729075607698796
1133,Tampa,Median Age,zip,2,8603,99,646,LightGCN,3,0.997675094449288,0.9936083672283557,0.7260061919504643,0.7291021671826625,0.9999496225069058,0.9992795934365961,0.7595180584311019,0.729075607698796
1134,Tampa,Median Age,zip,2,8603,99,646,LightGCN,4,1.0,0.9947704822777454,0.7306501547987616,0.7291021671826625,1.0,0.9998432135809477,0.762489456330036,0.729075607698796
1135,Tampa,Median Age,zip,2,8603,99,646,LightGCN,5,0.995350188898576,0.9953515398024404,0.7275541795665634,0.7291021671826625,0.9998800576129183,0.9998986294704403,0.757313472893183,0.729075607698796
1136,Tampa,Median Age,zip,2,8603,99,646,LightGCN,6,0.9952048823016565,0.9860546194073213,0.7260061919504643,0.7291021671826625,0.999845317428922,0.9987375990052172,0.7530049459397286,0.729075607698796
1137,Tampa,Median Age,zip,2,8603,99,646,LightGCN,7,0.995059575704737,0.9912841371295759,0.7275541795665634,0.7291021671826625,0.9997311228095088,0.9994309734274052,0.7513371290545203,0.729075607698796
1138,Tampa,Median Age,zip,2,8603,99,646,LightGCN,8,0.987213019471084,0.9773387565368972,0.718266253869969,0.7291021671826625,0.9993224396230816,0.9982604817127565,0.7543900007668125,0.729075607698796
1139,Tampa,Median Age,zip,2,8603,99,646,LightGCN,9,0.9963673350770125,0.9860546194073213,0.7275541795665634,0.7291021671826625,0.9999516511307888,0.9991295650528478,0.7596570431715359,0.729075607698796
1140,Tampa,Median Age,zip,2,8603,99,646,Feat-LightGCN,0,1.0,0.9912841371295759,0.7275541795665634,0.7291021671826625,1.0,0.9991065877328142,0.7493434169158807,0.729075607698796
1141,Tampa,Median Age,zip,2,8603,99,646,Feat-LightGCN,1,0.994768962510898,0.9918651946542708,0.7229102167182663,0.7291021671826625,0.9997754989569492,0.9995161246722353,0.7501725327812284,0.729075607698796
1142,Tampa,Median Age,zip,2,8603,99,646,Feat-LightGCN,2,1.0,0.9930273097036607,0.7260061919504643,0.7291021671826625,1.0,0.9991538939799421,0.7532972931523656,0.729075607698796
1143,Tampa,Median Age,zip,2,8603,99,646,Feat-LightGCN,3,0.999128160418483,0.9918651946542708,0.7306501547987616,0.7291021671826625,0.9999972951681559,0.9991647068364286,0.7555306341538226,0.729075607698796
1144,Tampa,Median Age,zip,2,8603,99,646,Feat-LightGCN,4,0.991862830572508,0.9848925043579314,0.7213622291021672,0.7291021671826625,0.9997783728407834,0.9991687616576109,0.7505607315389924,0.729075607698796
1145,Tampa,Median Age,zip,2,8603,99,646,Feat-LightGCN,5,0.9989828538215635,0.9970947123765252,0.7291021671826625,0.7291021671826625,0.9999837710089361,0.9999567485740546,0.7539970094317922,0.729075607698796
1146,Tampa,Median Age,zip,2,8603,99,646,Feat-LightGCN,6,1.0,0.9924462521789658,0.7275541795665634,0.7291021671826625,1.0,0.9990484686292002,0.7582671957671958,0.729075607698796
1147,Tampa,Median Age,zip,2,8603,99,646,Feat-LightGCN,7,0.9989828538215635,0.9947704822777454,0.7306501547987616,0.7291021671826625,0.9999830948009751,0.9999121455410482,0.7575243462924622,0.729075607698796
1148,Tampa,Median Age,zip,2,8603,99,646,Feat-LightGCN,8,0.9946236559139785,0.9918651946542708,0.7244582043343654,0.7291021671826625,0.9998585034841616,0.9990944232692671,0.7508051529790661,0.729075607698796
1149,Tampa,Median Age,zip,2,8603,99,646,Feat-LightGCN,9,1.0,0.9924462521789658,0.7306501547987616,0.7291021671826625,1.0,0.9994661152109859,0.7576537458783836,0.729075607698796
1150,Tampa,Median Age,zip,2,8603,99,646,Feat\&PC-LightGCN,0,1.0,0.9959325973271353,0.7306501547987616,0.7291021671826625,1.0,0.999564782526424,0.7515048692584925,0.729075607698796
1151,Tampa,Median Age,zip,2,8603,99,646,Feat\&PC-LightGCN,1,1.0,0.9982568274259151,0.7306501547987616,0.7291021671826625,1.0,0.9999945935717568,0.7536663216011042,0.729075607698796
1152,Tampa,Median Age,zip,2,8603,99,646,Feat\&PC-LightGCN,2,1.0,0.9959325973271353,0.7291021671826625,0.7291021671826625,1.0,0.9999026842916227,0.7550322061191626,0.729075607698796
1153,Tampa,Median Age,zip,2,8603,99,646,Feat\&PC-LightGCN,3,1.0,0.9970947123765252,0.7291021671826625,0.7291021671826625,1.0,0.9993566350390615,0.750263591749099,0.729075607698796
1154,Tampa,Median Age,zip,2,8603,99,646,Feat\&PC-LightGCN,4,1.0,0.9976757699012202,0.7291021671826625,0.7291021671826625,1.0,0.9999067391128051,0.7509393451422438,0.729075607698796
1155,Tampa,Median Age,zip,2,8603,99,646,Feat\&PC-LightGCN,5,1.0,0.9965136548518303,0.7275541795665634,0.7291021671826625,1.0,0.9999837807152705,0.75044570968484,0.729075607698796
1156,Tampa,Median Age,zip,2,8603,99,646,Feat\&PC-LightGCN,6,1.0,0.9965136548518303,0.7291021671826625,0.7291021671826625,1.0,0.9999675614305409,0.747833755080132,0.729075607698796
1157,Tampa,Median Age,zip,2,8603,99,646,Feat\&PC-LightGCN,7,1.0,0.9976757699012202,0.7291021671826625,0.7291021671826625,1.0,0.9999770226799666,0.7487251744498121,0.729075607698796
1158,Tampa,Median Age,zip,2,8603,99,646,Feat\&PC-LightGCN,8,1.0,0.9976757699012202,0.7291021671826625,0.7291021671826625,1.0,0.9999067391128051,0.7532445748025458,0.729075607698796
1159,Tampa,Median Age,zip,2,8603,99,646,Feat\&PC-LightGCN,9,1.0,0.9982568274259151,0.7306501547987616,0.7291021671826625,1.0,0.9999526937528721,0.7490510697032438,0.729075607698796
1160,Tampa,Median Age,zip,2,8603,99,646,RGNN,0,0.966870095902354,0.9558396281231842,0.7213622291021672,0.7291021671826625,0.9937642637616774,0.9915875976536102,0.7483896940418678,0.729075607698796
1161,Tampa,Median Age,zip,2,8603,99,646,RGNN,1,0.9690496948561464,0.9726902963393376,0.7198142414860681,0.7291021671826625,0.9977014000885832,0.9961141297002136,0.7517588758530787,0.729075607698796
1162,Tampa,Median Age,zip,2,8603,99,646,RGNN,2,0.9803836094158674,0.9761766414875073,0.718266253869969,0.7291021671826625,0.9972578076661697,0.9956694509772118,0.7523675331646346,0.729075607698796
1163,Tampa,Median Age,zip,2,8603,99,646,RGNN,3,0.9780587038651555,0.9715281812899477,0.7198142414860681,0.7291021671826625,0.9965357866158158,0.9944205660530371,0.7511022927689595,0.729075607698796
1164,Tampa,Median Age,zip,2,8603,99,646,RGNN,4,0.987503632664923,0.9837303893085415,0.7213622291021672,0.7291021671826625,0.9983519121470619,0.997992863514719,0.7489552181581167,0.729075607698796
1165,Tampa,Median Age,zip,2,8603,99,646,RGNN,5,0.997965707643127,0.9936083672283557,0.7321981424148607,0.7291021671826625,0.999968809907799,0.999887816613954,0.7408605551721493,0.729075607698796
1166,Tampa,Median Age,zip,2,8603,99,646,RGNN,6,1.0,0.9889599070307961,0.7260061919504643,0.7291021671826625,1.0,0.9989687238126131,0.7609606241852618,0.729075607698796
1167,Tampa,Median Age,zip,2,8603,99,646,RGNN,7,0.990990990990991,0.9883788495061011,0.7275541795665634,0.7291021671826625,0.9993916664130886,0.9992431000459546,0.7515815504945941,0.729075607698796
1168,Tampa,Median Age,zip,2,8603,99,646,RGNN,8,1.0,0.9918651946542708,0.7275541795665634,0.7291021671826625,1.0,0.9989214175654854,0.7463672264396901,0.729075607698796
1169,Tampa,Median Age,zip,2,8603,99,646,RGNN,9,0.930834059866318,0.9221382916908774,0.7074303405572755,0.7291021671826625,0.976668965773734,0.9691455140161652,0.74761329652634,0.729075607698796
1170,Tampa,Median Age,zip,2,8603,99,646,Feat-RGNN,0,0.951176983435048,0.9523532829750145,0.718266253869969,0.7291021671826625,0.9862569607156985,0.9859878896007354,0.7346493750479257,0.729075607698796
1171,Tampa,Median Age,zip,2,8603,99,646,Feat-RGNN,1,0.9693403080499855,0.968622893666473,0.718266253869969,0.7291021671826625,0.9961955694854395,0.9952964074284324,0.7426577716432788,0.729075607698796
1172,Tampa,Median Age,zip,2,8603,99,646,Feat-RGNN,2,0.997965707643127,0.9877977919814062,0.7244582043343654,0.7291021671826625,0.9999197003046316,0.997273808558376,0.7403621271374895,0.729075607698796
1173,Tampa,Median Age,zip,2,8603,99,646,Feat-RGNN,3,0.9899738448125545,0.9872167344567112,0.7260061919504643,0.7291021671826625,0.9991032637177237,0.9973346308761117,0.7530576642895482,0.729075607698796
1174,Tampa,Median Age,zip,2,8603,99,646,Feat-RGNN,4,0.9597500726532985,0.9535153980244044,0.7198142414860681,0.7291021671826625,0.9927043923088107,0.9893466331468117,0.748916877540066,0.729075607698796
1175,Tampa,Median Age,zip,2,8603,99,646,Feat-RGNN,5,0.990700377797152,0.9930273097036607,0.7244582043343654,0.7291021671826625,0.99799445171368,0.9978049901332685,0.751902653170769,0.729075607698796
1176,Tampa,Median Age,zip,2,8603,99,646,Feat-RGNN,6,0.990700377797152,0.9831493317838466,0.7213622291021672,0.7291021671826625,0.9976642931767236,0.9944692239072257,0.7541120312859443,0.729075607698796
1177,Tampa,Median Age,zip,2,8603,99,646,Feat-RGNN,7,0.9106364428945074,0.9023823358512493,0.695046439628483,0.7291021671826625,0.9978774677364276,0.9982807558186684,0.7471100759144237,0.729075607698796
1178,Tampa,Median Age,zip,2,8603,99,646,Feat-RGNN,8,0.9274920081371695,0.9186519465427078,0.7136222910216719,0.7291021671826625,0.9804300767157931,0.9742383694212419,0.7397438846714208,0.729075607698796
1179,Tampa,Median Age,zip,2,8603,99,646,Feat-RGNN,9,0.9832897413542575,0.9779198140615921,0.7244582043343654,0.7291021671826625,0.9983903714748433,0.9964182412888924,0.744047619047619,0.729075607698796
1180,Tampa,Median Age,zip,2,8603,99,646,Feat\&PC-RGNN,0,0.9228421970357454,0.9180708890180128,0.7043343653250774,0.7291021671826625,0.9612836286671603,0.9568485929770497,0.7360631853385478,0.729075607698796
1181,Tampa,Median Age,zip,2,8603,99,646,Feat\&PC-RGNN,1,0.9934612031386225,0.989540964555491,0.7229102167182663,0.7291021671826625,0.9997314609134893,0.9993350093260887,0.7506661682386322,0.729075607698796
1182,Tampa,Median Age,zip,2,8603,99,646,Feat\&PC-RGNN,2,1.0,0.9912841371295759,0.7260061919504643,0.7291021671826625,1.0,0.999636417700646,0.7470429798328349,0.729075607698796
1183,Tampa,Median Age,zip,2,8603,99,646,Feat\&PC-RGNN,3,0.983435047951177,0.9767576990122022,0.7198142414860681,0.7291021671826625,0.9988023511750804,0.9973859919444219,0.7366910129591289,0.729075607698796
1184,Tampa,Median Age,zip,2,8603,99,646,Feat\&PC-RGNN,4,0.989828538215635,0.9854735618826264,0.7291021671826625,0.7291021671826625,0.9995436441523227,0.9988011245370745,0.7481500651790507,0.729075607698796
1185,Tampa,Median Age,zip,2,8603,99,646,Feat\&PC-RGNN,5,0.98837547224644,0.9918651946542708,0.7229102167182663,0.7291021671826625,0.9994032464744207,0.9997026464466251,0.7519314086343072,0.729075607698796
1186,Tampa,Median Age,zip,2,8603,99,646,Feat\&PC-RGNN,6,0.997675094449288,0.989540964555491,0.7260061919504643,0.7291021671826625,0.9998667025056885,0.9989443948855188,0.743520435549421,0.729075607698796
1187,Tampa,Median Age,zip,2,8603,99,646,Feat\&PC-RGNN,7,1.0,0.9965136548518303,0.7291021671826625,0.7291021671826625,1.0,0.999954045359933,0.74975078598267,0.729075607698796
1188,Tampa,Median Age,zip,2,8603,99,646,Feat\&PC-RGNN,8,0.9998546934030805,0.9959325973271353,0.7291021671826625,0.7291021671826625,0.9999999154740049,0.9993985348579462,0.7518403496664365,0.729075607698796
1189,Tampa,Median Age,zip,2,8603,99,646,Feat\&PC-RGNN,9,0.9943330427201394,0.9889599070307961,0.7260061919504643,0.7291021671826625,0.9997405051949677,0.9986673154380559,0.7469135802469136,0.729075607698796
1190,Tampa,Median Age,zip,2,8603,99,646,NoPreTrain,0,1.0,0.9953515398024404,0.7306501547987616,0.7291021671826625,1.0,0.9965196118184523,0.739844528793804,0.729075607698796
1191,Tampa,Median Age,zip,2,8603,99,646,NoPreTrain,1,1.0,0.9936083672283557,0.7321981424148607,0.7291021671826625,1.0,0.9996742626983484,0.732890499194847,0.729075607698796
1192,Tampa,Median Age,zip,2,8603,99,646,NoPreTrain,2,1.0,0.9953515398024404,0.7275541795665634,0.7291021671826625,1.0,0.9990133268456194,0.749127750939345,0.729075607698796
1193,Tampa,Median Age,zip,2,8603,99,646,NoPreTrain,3,1.0,0.9924462521789658,0.7306501547987616,0.7291021671826625,1.0,0.9992309355824075,0.7361686220381872,0.729075607698796
1194,Tampa,Median Age,zip,2,8603,99,646,NoPreTrain,4,1.0,0.9953515398024404,0.7306501547987616,0.7291021671826625,1.0,0.9999080907198659,0.7424996165938195,0.729075607698796
1195,Tampa,Median Age,zip,2,8603,99,646,NoPreTrain,5,1.0,0.9970947123765252,0.7275541795665634,0.7291021671826625,1.0,0.9997540075149353,0.7263342535081666,0.729075607698796
1196,Tampa,Median Age,zip,2,8603,99,646,NoPreTrain,6,1.0,0.9930273097036607,0.7260061919504643,0.7291021671826625,1.0,0.9992363420106507,0.7313424967410475,0.729075607698796
1197,Tampa,Median Age,zip,2,8603,99,646,NoPreTrain,7,1.0,0.9982568274259151,0.7291021671826625,0.7291021671826625,1.0,0.9999405292893251,0.7365184801779004,0.729075607698796
1198,Tampa,Median Age,zip,2,8603,99,646,NoPreTrain,8,1.0,0.9970947123765252,0.7291021671826625,0.7291021671826625,1.0,0.9997445462655097,0.7475318227129821,0.729075607698796
1199,Tampa,Median Age,zip,2,8603,99,646,NoPreTrain,9,1.0,0.9959325973271353,0.7306501547987616,0.7291021671826625,1.0,0.9988693806936447,0.7448527720266851,0.729075607698796
1200,Philadelphia,Median Income,tract,2,27601,1079,2592,Emb,0,0.9994565217391305,0.9371490671979714,0.8344907407407407,0.8383487654320988,0.9999566091543594,0.9839135675493301,0.8685455485063253,0.8383487654320987
1201,Philadelphia,Median Income,tract,2,27601,1079,2592,Emb,1,0.9836503623188406,0.9467487773953994,0.8267746913580247,0.8383487654320988,0.9983810306417203,0.9864352396034001,0.8677236344497788,0.8383487654320987
1202,Philadelphia,Median Income,tract,2,27601,1079,2592,Emb,2,0.9999547101449275,0.9447563847129143,0.8329475308641975,0.8383487654320988,0.9999994555941735,0.9855325774643288,0.8636938443072703,0.8383487654320987
1203,Philadelphia,Median Income,tract,2,27601,1079,2592,Emb,3,0.6079257246376811,0.6096721608404274,0.5115740740740741,0.8383487654320988,0.8952158755816285,0.8678468617015487,0.8181855257392165,0.8383487654320987
1204,Philadelphia,Median Income,tract,2,27601,1079,2592,Emb,4,0.9998641304347826,0.9369679405904727,0.8310185185185185,0.8383487654320988,0.9999999744809769,0.9823026523437925,0.8603948759716505,0.8383487654320987
1205,Philadelphia,Median Income,tract,2,27601,1079,2592,Emb,5,0.9991394927536232,0.9547183481253396,0.8371913580246914,0.8383487654320988,0.9999955171582724,0.9886051659211371,0.8661810199474165,0.8383487654320987
1206,Philadelphia,Median Income,tract,2,27601,1079,2592,Emb,6,1.0,0.942945118637928,0.8337191358024691,0.8383487654320988,1.0,0.9833952340527421,0.8631431231900625,0.8383487654320987
1207,Philadelphia,Median Income,tract,2,27601,1079,2592,Emb,7,0.9998641304347826,0.9431262452454265,0.8321759259259259,0.8383487654320988,0.9999913660638452,0.9847180728333388,0.8653489845297972,0.8383487654320987
1208,Philadelphia,Median Income,tract,2,27601,1079,2592,Emb,8,0.9810235507246376,0.9465676507879007,0.8244598765432098,0.8383487654320988,0.9980691711665424,0.9851723969046919,0.8625629310509069,0.8383487654320987
1209,Philadelphia,Median Income,tract,2,27601,1079,2592,Emb,9,0.9991394927536232,0.9443941314979171,0.8371913580246914,0.8383487654320988,0.9999970482996594,0.9846880747923946,0.8655100332456942,0.8383487654320987
1210,Philadelphia,Median Income,tract,2,27601,1079,2592,LightGCN,0,0.8963768115942029,0.8833544647708749,0.7885802469135802,0.8383487654320988,0.9625695517785188,0.9487723250726483,0.8520126028806585,0.8383487654320987
1211,Philadelphia,Median Income,tract,2,27601,1079,2592,LightGCN,1,0.9383605072463768,0.913602608223148,0.8074845679012346,0.8383487654320988,0.9877811684903793,0.9755711191650068,0.8643463744093889,0.8383487654320987
1212,Philadelphia,Median Income,tract,2,27601,1079,2592,LightGCN,2,0.9609601449275362,0.9358811809454809,0.8136574074074074,0.8383487654320988,0.9925673378331368,0.9825316169828364,0.8677495332266423,0.8383487654320987
1213,Philadelphia,Median Income,tract,2,27601,1079,2592,LightGCN,3,0.9051177536231884,0.8896938960333273,0.7858796296296297,0.8383487654320988,0.965067409052477,0.9540706865401989,0.8521816891479959,0.8383487654320987
1214,Philadelphia,Median Income,tract,2,27601,1079,2592,LightGCN,4,0.9576086956521739,0.9335265350479985,0.8132716049382716,0.8383487654320988,0.9924054621631614,0.9820549134206202,0.8690790037722907,0.8383487654320987
1215,Philadelphia,Median Income,tract,2,27601,1079,2592,LightGCN,5,0.8538043478260869,0.8449556239811629,0.7465277777777778,0.8383487654320988,0.9686305366806228,0.9611308377139995,0.8570155321216277,0.8383487654320987
1216,Philadelphia,Median Income,tract,2,27601,1079,2592,LightGCN,6,0.946376811594203,0.9244702046730665,0.8028549382716049,0.8383487654320988,0.9879457108982705,0.9784882755956074,0.8640385659579334,0.8383487654320987
1217,Philadelphia,Median Income,tract,2,27601,1079,2592,LightGCN,7,0.9823822463768116,0.9443941314979171,0.8279320987654321,0.8383487654320988,0.9989908757498415,0.9881936281712216,0.8729066643804299,0.8383487654320987
1218,Philadelphia,Median Income,tract,2,27601,1079,2592,LightGCN,8,0.9607336956521739,0.93733019380547,0.8175154320987654,0.8383487654320988,0.99284518895684,0.9840848488806174,0.8696904530559365,0.8383487654320987
1219,Philadelphia,Median Income,tract,2,27601,1079,2592,LightGCN,9,0.9274003623188406,0.9030972649882267,0.7993827160493827,0.8383487654320988,0.979917519795255,0.965107720856325,0.8601730990893157,0.8383487654320987
1220,Philadelphia,Median Income,tract,2,27601,1079,2592,Feat-LightGCN,0,0.912998188405797,0.8971200869407716,0.7974537037037037,0.8383487654320988,0.9724812551929618,0.9613947660560943,0.8585771985977748,0.8383487654320987
1221,Philadelphia,Median Income,tract,2,27601,1079,2592,Feat-LightGCN,1,0.9218297101449275,0.9041840246332187,0.8013117283950617,0.8383487654320988,0.9767490438596215,0.9621215213156148,0.8633369174859016,0.8383487654320987
1222,Philadelphia,Median Income,tract,2,27601,1079,2592,Feat-LightGCN,2,0.9595561594202898,0.9364245607679769,0.8209876543209876,0.8383487654320988,0.9927577182519343,0.9823912860112537,0.8664019037684804,0.8383487654320987
1223,Philadelphia,Median Income,tract,2,27601,1079,2592,Feat-LightGCN,3,0.9960144927536232,0.9498279297228763,0.8368055555555556,0.8383487654320988,0.9999041165238064,0.9868563685636856,0.872670300830666,0.8383487654320987
1224,Philadelphia,Median Income,tract,2,27601,1079,2592,Feat-LightGCN,4,0.8996376811594203,0.8871581235283463,0.7924382716049383,0.8383487654320988,0.963508732639483,0.953058983903092,0.8519614007011127,0.8383487654320987
1225,Philadelphia,Median Income,tract,2,27601,1079,2592,Feat-LightGCN,5,0.8503623188405797,0.8435066111211738,0.7681327160493827,0.8383487654320988,0.9392587152503953,0.930949747499483,0.8409142327770157,0.8383487654320987
1226,Philadelphia,Median Income,tract,2,27601,1079,2592,Feat-LightGCN,6,0.9642663043478261,0.937873573627966,0.8140432098765432,0.8383487654320988,0.9946709857443168,0.9848579276455415,0.8674836986549307,0.8383487654320987
1227,Philadelphia,Median Income,tract,2,27601,1079,2592,Feat-LightGCN,7,0.9966032608695652,0.9420394856004347,0.8329475308641975,0.8383487654320988,0.9998923352414673,0.9870115965215877,0.8712417004839202,0.8383487654320987
1228,Philadelphia,Median Income,tract,2,27601,1079,2592,Feat-LightGCN,8,0.9139039855072464,0.8969389603332729,0.7916666666666666,0.8383487654320988,0.9722976245557786,0.9625051697304121,0.8559322487997256,0.8383487654320987
1229,Philadelphia,Median Income,tract,2,27601,1079,2592,Feat-LightGCN,9,0.975498188405797,0.9425828654229307,0.8209876543209876,0.8383487654320988,0.9971108595445811,0.9831741600548535,0.8684196268670934,0.8383487654320987
1230,Philadelphia,Median Income,tract,2,27601,1079,2592,Feat\&PC-LightGCN,0,0.9608242753623188,0.927730483608042,0.8171296296296297,0.8383487654320988,0.9934714215309732,0.9806147353642212,0.8691855757506478,0.8383487654320987
1231,Philadelphia,Median Income,tract,2,27601,1079,2592,Feat\&PC-LightGCN,1,0.9854619565217392,0.9463865241804021,0.8310185185185185,0.8383487654320988,0.9986590944239497,0.9873740898553565,0.8718239764327085,0.8383487654320987
1232,Philadelphia,Median Income,tract,2,27601,1079,2592,Feat\&PC-LightGCN,2,0.9552083333333333,0.9248324578880638,0.8198302469135802,0.8383487654320988,0.9998693255889564,0.987772975370316,0.8740069158664839,0.8383487654320987
1233,Philadelphia,Median Income,tract,2,27601,1079,2592,Feat\&PC-LightGCN,3,0.9990489130434783,0.9527259554428545,0.8352623456790124,0.8383487654320988,0.9999688412727735,0.9891060855889685,0.8724020847622314,0.8383487654320987
1234,Philadelphia,Median Income,tract,2,27601,1079,2592,Feat\&PC-LightGCN,4,0.994927536231884,0.9463865241804021,0.8321759259259259,0.8383487654320988,0.9997434997923049,0.9883501485617265,0.8738774219821673,0.8383487654320987
1235,Philadelphia,Median Income,tract,2,27601,1079,2592,Feat\&PC-LightGCN,5,0.9960144927536232,0.9541749683028437,0.8360339506172839,0.8383487654320988,0.9998274105934858,0.9908654264755499,0.8741941610463344,0.8383487654320987
1236,Philadelphia,Median Income,tract,2,27601,1079,2592,Feat\&PC-LightGCN,6,0.9880434782608696,0.9445752581054156,0.8321759259259259,0.8383487654320988,0.9990150507710748,0.9887933168990324,0.8730953979957323,0.8383487654320987
1237,Philadelphia,Median Income,tract,2,27601,1079,2592,Feat\&PC-LightGCN,7,0.942572463768116,0.920666545915595,0.8136574074074074,0.8383487654320988,0.987677918522846,0.9779650444596816,0.8643407183546714,0.8383487654320987
1238,Philadelphia,Median Income,tract,2,27601,1079,2592,Feat\&PC-LightGCN,8,0.9903532608695652,0.9487411700778844,0.8321759259259259,0.8383487654320988,0.9994439234735876,0.9898714777810429,0.8742114268975766,0.8383487654320987
1239,Philadelphia,Median Income,tract,2,27601,1079,2592,Feat\&PC-LightGCN,9,0.9579257246376811,0.9270059771780474,0.8186728395061729,0.8383487654320988,0.9926499896958438,0.9814658362447078,0.865889584285932,0.8383487654320987
1240,Philadelphia,Median Income,tract,2,27601,1079,2592,RGNN,0,0.8339221014492754,0.8172432530338707,0.7515432098765432,0.8383487654320988,0.9004750187520162,0.8874813617614088,0.8214008440024386,0.8383487654320987
1241,Philadelphia,Median Income,tract,2,27601,1079,2592,RGNN,1,0.7535778985507247,0.7529433073718529,0.7237654320987654,0.8383487654320988,0.8466465736683713,0.8433656713575169,0.8037789590001524,0.8383487654320987
1242,Philadelphia,Median Income,tract,2,27601,1079,2592,RGNN,2,0.8099184782608696,0.8020286180039848,0.7380401234567902,0.8383487654320988,0.8832819682182853,0.8716882434888606,0.8125434623151959,0.8383487654320987
1243,Philadelphia,Median Income,tract,2,27601,1079,2592,RGNN,3,0.5380434782608695,0.5334178590834994,0.5667438271604939,0.8383487654320988,0.8130450889920214,0.8091283154297406,0.7739926864235636,0.8383487654320987
1244,Philadelphia,Median Income,tract,2,27601,1079,2592,RGNN,4,0.7509057971014492,0.7409889512769425,0.7121913580246914,0.8383487654320988,0.8279497551530542,0.8137654275639142,0.793773398205304,0.8383487654320987
1245,Philadelphia,Median Income,tract,2,27601,1079,2592,RGNN,5,0.8868659420289855,0.8759282738634305,0.7797067901234568,0.8383487654320988,0.9531151577646829,0.9434205657317617,0.846724787094193,0.8383487654320987
1246,Philadelphia,Median Income,tract,2,27601,1079,2592,RGNN,6,0.7567028985507246,0.7485962687918856,0.6979166666666666,0.8383487654320988,0.8767342207097267,0.8653519225955312,0.8184980971841183,0.8383487654320987
1247,Philadelphia,Median Income,tract,2,27601,1079,2592,RGNN,7,0.9346467391304348,0.9166817605506249,0.8047839506172839,0.8383487654320988,0.9821677277093693,0.9699937963235055,0.8551356381458619,0.8383487654320987
1248,Philadelphia,Median Income,tract,2,27601,1079,2592,RGNN,8,0.917481884057971,0.8969389603332729,0.7924382716049383,0.8383487654320988,0.9811445935155191,0.9670818096233171,0.8578276225041914,0.8383487654320987
1249,Philadelphia,Median Income,tract,2,27601,1079,2592,RGNN,9,0.8965126811594203,0.8712189820684658,0.7893518518518519,0.8383487654320988,0.9599051360938433,0.9414963376541395,0.8493524710409999,0.8383487654320987
1250,Philadelphia,Median Income,tract,2,27601,1079,2592,Feat-RGNN,0,0.889356884057971,0.8733925013584496,0.7881944444444444,0.8383487654320988,0.9565748057540873,0.9435859971049511,0.8430587705761317,0.8383487654320987
1251,Philadelphia,Median Income,tract,2,27601,1079,2592,Feat-RGNN,1,0.7647644927536232,0.7629052707842782,0.7253086419753086,0.8383487654320988,0.8051391893009556,0.8023208008184499,0.7878479366712391,0.8383487654320987
1252,Philadelphia,Median Income,tract,2,27601,1079,2592,Feat-RGNN,2,0.7848278985507247,0.7764897663466763,0.7380401234567902,0.8383487654320988,0.8579961294276877,0.8506942403761387,0.8067421362978204,0.8383487654320987
1253,Philadelphia,Median Income,tract,2,27601,1079,2592,Feat-RGNN,3,0.7334239130434783,0.7375475457344683,0.6813271604938271,0.8383487654320988,0.7855927276704529,0.7840789989225194,0.7445026125019052,0.8383487654320987
1254,Philadelphia,Median Income,tract,2,27601,1079,2592,Feat-RGNN,4,0.8599184782608695,0.8415142184386887,0.7750771604938271,0.8383487654320988,0.9361191098362487,0.9159310684472307,0.840003310280445,0.8383487654320987
1255,Philadelphia,Median Income,tract,2,27601,1079,2592,Feat-RGNN,5,0.8438405797101449,0.8301032421662742,0.7573302469135802,0.8383487654320988,0.9206319379471948,0.9109464960111449,0.827415313976528,0.8383487654320987
1256,Philadelphia,Median Income,tract,2,27601,1079,2592,Feat-RGNN,6,0.9063858695652174,0.8857091106683572,0.7974537037037037,0.8383487654320988,0.9683743639670578,0.9516662857391627,0.8538142051516537,0.8383487654320987
1257,Philadelphia,Median Income,tract,2,27601,1079,2592,Feat-RGNN,7,0.8316576086956522,0.8253939503713096,0.7515432098765432,0.8383487654320988,0.9157106283643482,0.9070309694060796,0.8158823207209267,0.8383487654320987
1258,Philadelphia,Median Income,tract,2,27601,1079,2592,Feat-RGNN,8,0.8699728260869565,0.8505705488136207,0.7754629629629629,0.8383487654320988,0.9396709835751996,0.9223992174660702,0.8408308803917085,0.8383487654320987
1259,Philadelphia,Median Income,tract,2,27601,1079,2592,Feat-RGNN,9,0.883106884057971,0.8648795508060134,0.7785493827160493,0.8383487654320988,0.9499708100654071,0.9370830204285978,0.8409868684270692,0.8383487654320987
1260,Philadelphia,Median Income,tract,2,27601,1079,2592,Feat\&PC-RGNN,0,0.8041213768115942,0.7915232747690636,0.7546296296296297,0.8383487654320988,0.8843467537110339,0.8763971876666558,0.8240725856386222,0.8383487654320987
1261,Philadelphia,Median Income,tract,2,27601,1079,2592,Feat\&PC-RGNN,1,0.9400815217391304,0.9273682303930447,0.8013117283950617,0.8383487654320988,0.9838835715325738,0.9734088113973509,0.8585492160112786,0.8383487654320987
1262,Philadelphia,Median Income,tract,2,27601,1079,2592,Feat\&PC-RGNN,2,0.8320199275362319,0.8299221155587756,0.7507716049382716,0.8383487654320988,0.9375280959128061,0.9339199616895767,0.8392695116026521,0.8383487654320987
1263,Philadelphia,Median Income,tract,2,27601,1079,2592,Feat\&PC-RGNN,3,0.9627717391304348,0.941858358992936,0.8140432098765432,0.8383487654320988,0.9929146559909362,0.9833906085044785,0.8645925616331351,0.8383487654320987
1264,Philadelphia,Median Income,tract,2,27601,1079,2592,Feat\&PC-RGNN,4,0.7787590579710145,0.7692447020467307,0.7438271604938271,0.8383487654320988,0.8333307388993163,0.8197170797009175,0.8046994074836153,0.8383487654320987
1265,Philadelphia,Median Income,tract,2,27601,1079,2592,Feat\&PC-RGNN,5,0.8266304347826087,0.8284731026987865,0.7669753086419753,0.8383487654320988,0.8863391897194675,0.8900488131387339,0.8308943830018289,0.8383487654320987
1266,Philadelphia,Median Income,tract,2,27601,1079,2592,Feat\&PC-RGNN,6,0.9236865942028986,0.9050896576707118,0.7912808641975309,0.8383487654320988,0.9781685650395561,0.9665273560366126,0.8571864045115075,0.8383487654320987
1267,Philadelphia,Median Income,tract,2,27601,1079,2592,Feat\&PC-RGNN,7,0.8264492753623188,0.8183300126788625,0.7542438271604939,0.8383487654320988,0.9183664058596984,0.9117631773707295,0.8365846717344917,0.8383487654320987
1268,Philadelphia,Median Income,tract,2,27601,1079,2592,Feat\&PC-RGNN,8,0.8696557971014492,0.861075892048542,0.7781635802469136,0.8383487654320988,0.9443583730326398,0.932659975947149,0.8396192939338515,0.8383487654320987
1269,Philadelphia,Median Income,tract,2,27601,1079,2592,Feat\&PC-RGNN,9,0.8826992753623188,0.8659663104510053,0.7708333333333334,0.8383487654320988,0.9515583782657406,0.9364691149421535,0.8413283155197379,0.8383487654320987
1270,Philadelphia,Median Income,tract,2,27601,1079,2592,NoPreTrain,0,1.0,0.9530882086578518,0.8360339506172839,0.8383487654320988,1.0,0.9891482597054886,0.8596581004229538,0.8383487654320987
1271,Philadelphia,Median Income,tract,2,27601,1079,2592,NoPreTrain,1,1.0,0.9462053975729035,0.8360339506172839,0.8383487654320988,1.0,0.9861015199007414,0.8610688395442768,0.8383487654320987
1272,Philadelphia,Median Income,tract,2,27601,1079,2592,NoPreTrain,2,1.0,0.9536315884803478,0.8341049382716049,0.8383487654320988,1.0,0.9896108825546087,0.8627412456180461,0.8383487654320987
1273,Philadelphia,Median Income,tract,2,27601,1079,2592,NoPreTrain,3,1.0,0.9462053975729035,0.8410493827160493,0.8383487654320988,1.0,0.9852281075521597,0.8561180055441244,0.8383487654320987
1274,Philadelphia,Median Income,tract,2,27601,1079,2592,NoPreTrain,4,1.0,0.947473283825394,0.8344907407407407,0.8383487654320988,1.0,0.9847491592385804,0.8565960910112788,0.8383487654320987
1275,Philadelphia,Median Income,tract,2,27601,1079,2592,NoPreTrain,5,1.0,0.9583408802753124,0.8379629629629629,0.8383487654320988,1.0,0.9901011906705411,0.8561695054107606,0.8383487654320987
1276,Philadelphia,Median Income,tract,2,27601,1079,2592,NoPreTrain,6,1.0,0.9510958159753667,0.8344907407407407,0.8383487654320988,0.9999999999999999,0.9855846148822933,0.8633568625209571,0.8383487654320987
1277,Philadelphia,Median Income,tract,2,27601,1079,2592,NoPreTrain,7,1.0,0.9543560949103423,0.8352623456790124,0.8383487654320988,1.0,0.985579173060807,0.8564814814814815,0.8383487654320987
1278,Philadelphia,Median Income,tract,2,27601,1079,2592,NoPreTrain,8,1.0,0.946929904002898,0.8368055555555556,0.8383487654320988,1.0,0.9866100581186535,0.8571286532159732,0.8383487654320987
1279,Philadelphia,Median Income,tract,2,27601,1079,2592,NoPreTrain,9,1.0,0.9489222966853831,0.8368055555555556,0.8383487654320988,1.0,0.988161725492757,0.8610608019928364,0.8383487654320987
1280,Philadelphia,Median Home Value,tract,2,27637,1076,2617,Emb,0,0.9906372970283595,0.9715991316931982,0.9090561711883837,0.919373328238441,0.9992131679656977,0.9945074266844143,0.9426060323590119,0.9193737639925101
1281,Philadelphia,Median Home Value,tract,2,27637,1076,2617,Emb,1,0.9995929259577547,0.9629160636758322,0.915170042032862,0.919373328238441,0.9999984447885627,0.9909105783453124,0.9420485513670989,0.9193737639925101
1282,Philadelphia,Median Home Value,tract,2,27637,1076,2617,Emb,2,0.9791487629472161,0.9536903039073806,0.9014138326327856,0.919373328238441,0.9968070698194522,0.9863032515869189,0.9376926653139942,0.9193737639925101
1283,Philadelphia,Median Home Value,tract,2,27637,1076,2617,Emb,3,0.7769686552987471,0.7715267727930536,0.7951853267099732,0.919373328238441,0.930608545648318,0.9194581314246196,0.8843438661905445,0.9193737639925101
1284,Philadelphia,Median Home Value,tract,2,27637,1076,2617,Emb,4,0.9568049210728663,0.9325253256150506,0.8849828047382499,0.919373328238441,0.9880520451984517,0.9772405399576638,0.9290191488442126,0.9193737639925101
1285,Philadelphia,Median Home Value,tract,2,27637,1076,2617,Emb,5,0.9740829526437198,0.9551374819102749,0.8968284294994269,0.919373328238441,0.9955771313314041,0.986637661105334,0.9369345612516544,0.9193737639925101
1286,Philadelphia,Median Home Value,tract,2,27637,1076,2617,Emb,6,0.9597449002668597,0.9422937771345875,0.8937714940771876,0.919373328238441,0.9924687502683456,0.9825509508997997,0.9304045285328642,0.9193737639925101
1287,Philadelphia,Median Home Value,tract,2,27637,1076,2617,Emb,7,0.9026188430051111,0.8867583212735166,0.8544134505158578,0.919373328238441,0.9687980076119488,0.9572833431549913,0.918502645187441,0.9193737639925101
1288,Philadelphia,Median Home Value,tract,2,27637,1076,2617,Emb,8,0.9853453344791714,0.9576700434153401,0.9044707680550248,0.919373328238441,0.9985379199667203,0.9891412299463037,0.9395654393324013,0.9193737639925101
1289,Philadelphia,Median Home Value,tract,2,27637,1076,2617,Emb,9,0.9765706273463296,0.9549565846599132,0.9002674818494459,0.919373328238441,0.9966645771494597,0.9891629032240832,0.9396066152464189,0.9193737639925101
1290,Philadelphia,Median Home Value,tract,2,27637,1076,2617,LightGCN,0,0.951874802116785,0.9384949348769899,0.8830722200993504,0.919373328238441,0.9891375303051554,0.9848334370445464,0.9410471881815197,0.9193737639925101
1291,Philadelphia,Median Home Value,tract,2,27637,1076,2617,LightGCN,1,0.9253697589217061,0.912807525325615,0.8605273213603363,0.919373328238441,0.9814038263926058,0.9744998624052119,0.9361974831879621,0.9193737639925101
1292,Philadelphia,Median Home Value,tract,2,27637,1076,2617,LightGCN,2,0.9957031073318559,0.9645441389290883,0.9128773404661826,0.919373328238441,0.9998594680413591,0.9922089908387666,0.9492835390960923,0.9193737639925101
1293,Philadelphia,Median Home Value,tract,2,27637,1076,2617,LightGCN,3,0.9815007463024108,0.956041968162084,0.899885364921666,0.919373328238441,0.9977270012374903,0.9911959177312901,0.9435781927686918,0.9193737639925101
1294,Philadelphia,Median Home Value,tract,2,27637,1076,2617,LightGCN,4,0.9476683703469175,0.9346960926193922,0.8781047000382117,0.919373328238441,0.9876984778964382,0.9811866791150647,0.9360540975582976,0.9193737639925101
1295,Philadelphia,Median Home Value,tract,2,27637,1076,2617,LightGCN,5,0.9952508028404722,0.9632778581765558,0.9109667558272831,0.919373328238441,0.9997250901402458,0.9930956873687681,0.9481329497256691,0.9193737639925101
1296,Philadelphia,Median Home Value,tract,2,27637,1076,2617,LightGCN,6,0.9765253968971912,0.9576700434153401,0.8952999617883072,0.919373328238441,0.9969633399453672,0.9911281505810499,0.9450257743700086,0.9193737639925101
1297,Philadelphia,Median Home Value,tract,2,27637,1076,2617,LightGCN,7,0.9156452123569587,0.908465991316932,0.8628200229270157,0.919373328238441,0.9749082854604906,0.9699733525523413,0.9301008196635139,0.9193737639925101
1298,Philadelphia,Median Home Value,tract,2,27637,1076,2617,LightGCN,8,0.9918132887059569,0.965629522431259,0.907909820405044,0.919373328238441,0.9998082891815485,0.9931153001588713,0.9473374661101787,0.9193737639925101
1299,Philadelphia,Median Home Value,tract,2,27637,1076,2617,LightGCN,9,0.9947984983490886,0.962192474674385,0.9117309896828429,0.919373328238441,0.9998275528127859,0.9929540479196173,0.9478280727452829,0.9193737639925101
1300,Philadelphia,Median Home Value,tract,2,27637,1076,2617,Feat-LightGCN,0,0.9980550906870506,0.9587554269175108,0.9159342758884219,0.919373328238441,0.9999505003868946,0.9921123005467007,0.9515593114219065,0.9193737639925101
1301,Philadelphia,Median Home Value,tract,2,27637,1076,2617,Feat-LightGCN,1,0.939436428603736,0.9242040520984081,0.8788689338937715,0.919373328238441,0.9871854680280016,0.9797028227307505,0.9424413287029413,0.9193737639925101
1302,Philadelphia,Median Home Value,tract,2,27637,1076,2617,Feat-LightGCN,2,0.9789226107015243,0.9623733719247467,0.8975926633549867,0.919373328238441,0.9975290266380049,0.9909155387786072,0.9476035033986191,0.9193737639925101
1303,Philadelphia,Median Home Value,tract,2,27637,1076,2617,Feat-LightGCN,3,0.9985978560767108,0.9573082489146165,0.9128773404661826,0.919373328238441,0.9999371952191083,0.9907562707126708,0.9504668355755226,0.9193737639925101
1304,Philadelphia,Median Home Value,tract,2,27637,1076,2617,Feat-LightGCN,4,0.9957031073318559,0.9668958031837916,0.9075277034772641,0.919373328238441,0.999791773408556,0.993855167863352,0.9501750998442909,0.9193737639925101
1305,Philadelphia,Median Home Value,tract,2,27637,1076,2617,Feat-LightGCN,5,0.9582522954452938,0.9413892908827786,0.8868933893771495,0.919373328238441,0.9930931581192054,0.9863229406913807,0.9449886868446167,0.9193737639925101
1306,Philadelphia,Median Home Value,tract,2,27637,1076,2617,Feat-LightGCN,6,0.9746709484825185,0.953328509406657,0.899885364921666,0.919373328238441,0.9968954497184878,0.9882997878308208,0.9477647027215821,0.9193737639925101
1307,Philadelphia,Median Home Value,tract,2,27637,1076,2617,Feat-LightGCN,7,0.9985978560767108,0.9591172214182344,0.9132594573939625,0.919373328238441,0.9999434208354444,0.9930883611903636,0.9518364457651886,0.9193737639925101
1308,Philadelphia,Median Home Value,tract,2,27637,1076,2617,Feat-LightGCN,8,0.9952055723913339,0.9629160636758322,0.9094382881161636,0.919373328238441,0.9998100638399984,0.9927279284757413,0.9506630782295641,0.9193737639925101
1309,Philadelphia,Median Home Value,tract,2,27637,1076,2617,Feat-LightGCN,9,0.9895065357999004,0.9667149059334298,0.9040886511272449,0.919373328238441,0.999012192666844,0.9942283450758236,0.9498874525016849,0.9193737639925101
1310,Philadelphia,Median Home Value,tract,2,27637,1076,2617,Feat\&PC-LightGCN,0,0.9710525125514496,0.9602026049204052,0.8979747802827666,0.919373328238441,0.9961954757658937,0.9928836097668337,0.9483618994887179,0.9193737639925101
1311,Philadelphia,Median Home Value,tract,2,27637,1076,2617,Feat\&PC-LightGCN,1,0.9997286173051698,0.9712373371924746,0.9166985097439817,0.919373328238441,0.9999997996353363,0.9950083541328116,0.9509448850169901,0.9193737639925101
1312,Philadelphia,Median Home Value,tract,2,27637,1076,2617,Feat\&PC-LightGCN,2,0.9997738477543082,0.9694283646888567,0.9170806266717616,0.919373328238441,0.9999946474011272,0.9954923397936489,0.9516699899425639,0.9193737639925101
1313,Philadelphia,Median Home Value,tract,2,27637,1076,2617,Feat\&PC-LightGCN,3,0.9676602288660726,0.9549565846599132,0.8972105464272068,0.919373328238441,0.9938541765060029,0.9900621153088587,0.9409429342715601,0.9193737639925101
1314,Philadelphia,Median Home Value,tract,2,27637,1076,2617,Feat\&PC-LightGCN,4,0.9993215432629245,0.9710564399421129,0.915170042032862,0.919373328238441,0.9999870240027325,0.9957021279648319,0.9518674007076418,0.9193737639925101
1315,Philadelphia,Median Home Value,tract,2,27637,1076,2617,Feat\&PC-LightGCN,5,0.9932606630783843,0.9676193921852387,0.9132594573939625,0.919373328238441,0.9997789977759522,0.9948106999446109,0.9516220973900896,0.9193737639925101
1316,Philadelphia,Median Home Value,tract,2,27637,1076,2617,Feat\&PC-LightGCN,6,0.9990953910172328,0.9683429811866859,0.915170042032862,0.919373328238441,0.9999915751429507,0.994727669922695,0.9507428018077687,0.9193737639925101
1317,Philadelphia,Median Home Value,tract,2,27637,1076,2617,Feat\&PC-LightGCN,7,0.9997286173051698,0.9710564399421129,0.915170042032862,0.919373328238441,0.9999995324824514,0.9960496635528882,0.950667458645949,0.9193737639925101
1318,Philadelphia,Median Home Value,tract,2,27637,1076,2617,Feat\&PC-LightGCN,8,0.9869736306481524,0.9611070911722142,0.907909820405044,0.919373328238441,0.9990046265154964,0.993279299715027,0.9493171222883763,0.9193737639925101
1319,Philadelphia,Median Home Value,tract,2,27637,1076,2617,Feat\&PC-LightGCN,9,0.9985978560767108,0.9672575976845152,0.9144058081773022,0.919373328238441,0.9999800112395035,0.9943944814340139,0.9500209091875436,0.9193737639925101
1320,Philadelphia,Median Home Value,tract,2,27637,1076,2617,RGNN,0,0.8521416617667014,0.8547395079594791,0.8204050439434467,0.919373328238441,0.9188864113639204,0.9236835811336863,0.8995039032430268,0.9193737639925101
1321,Philadelphia,Median Home Value,tract,2,27637,1076,2617,RGNN,1,0.9363607580623275,0.9258321273516642,0.8754298815437523,0.919373328238441,0.9816604553620922,0.9757737016752681,0.9327719975750015,0.9193737639925101
1322,Philadelphia,Median Home Value,tract,2,27637,1076,2617,RGNN,2,0.946718530915012,0.9361432706222865,0.8811616354604509,0.919373328238441,0.9859644314557257,0.9779965099917626,0.9315851967624633,0.9193737639925101
1323,Philadelphia,Median Home Value,tract,2,27637,1076,2617,RGNN,3,0.9074585010629156,0.901410998552822,0.8490638135269393,0.919373328238441,0.9655995196972776,0.960277918577769,0.9220218717110374,0.9193737639925101
1324,Philadelphia,Median Home Value,tract,2,27637,1076,2617,RGNN,4,0.9046089827671989,0.8941751085383502,0.8654948414214749,0.919373328238441,0.9764644223916098,0.9691338946101763,0.9317519446128472,0.9193737639925101
1325,Philadelphia,Median Home Value,tract,2,27637,1076,2617,RGNN,5,0.9726808087204306,0.9602026049204052,0.8949178448605273,0.919373328238441,0.9953103505522909,0.9900171661517737,0.9431915480157883,0.9193737639925101
1326,Philadelphia,Median Home Value,tract,2,27637,1076,2617,RGNN,6,0.867429553575467,0.8522069464544139,0.811616354604509,0.919373328238441,0.9344413022176553,0.9300452986768464,0.8977581612997806,0.9193737639925101
1327,Philadelphia,Median Home Value,tract,2,27637,1076,2617,RGNN,7,0.9641322538332806,0.9526049204052098,0.8945357279327474,0.919373328238441,0.9923811479750289,0.986924832035913,0.9398685641462334,0.9193737639925101
1328,Philadelphia,Median Home Value,tract,2,27637,1076,2617,RGNN,8,0.9539554027771496,0.9390376266280752,0.8784868169659916,0.919373328238441,0.9893794944894946,0.9826501595656919,0.9376640465936129,0.9193737639925101
1329,Philadelphia,Median Home Value,tract,2,27637,1076,2617,RGNN,9,0.9573476864625265,0.9431982633863966,0.8826901031715705,0.919373328238441,0.9937998633703817,0.9867163412088227,0.9388815103208449,0.9193737639925101
1330,Philadelphia,Median Home Value,tract,2,27637,1076,2617,Feat-RGNN,0,0.9447736216020625,0.9343342981186686,0.8880397401604891,0.919373328238441,0.9867589823001672,0.9820352947802353,0.9429144136725061,0.9193737639925101
1331,Philadelphia,Median Home Value,tract,2,27637,1076,2617,Feat-RGNN,1,0.9382604369261387,0.9312590448625181,0.8796331677493313,0.919373328238441,0.9841880412827537,0.9782301082427597,0.9365242622502726,0.9193737639925101
1332,Philadelphia,Median Home Value,tract,2,27637,1076,2617,Feat-RGNN,2,0.941064724772717,0.9294500723589001,0.8777225831104318,0.919373328238441,0.9857228727713009,0.978212250682899,0.9349887802934996,0.9193737639925101
1333,Philadelphia,Median Home Value,tract,2,27637,1076,2617,Feat-RGNN,3,0.9359989144692207,0.9238422575976846,0.8792510508215514,0.919373328238441,0.9823713491888572,0.9755455980580744,0.9380930353715704,0.9193737639925101
1334,Philadelphia,Median Home Value,tract,2,27637,1076,2617,Feat-RGNN,4,0.9485729793296848,0.9406657018813314,0.8834543370271303,0.919373328238441,0.9880006468916284,0.980509923384963,0.9398682721184746,0.9193737639925101
1335,Philadelphia,Median Home Value,tract,2,27637,1076,2617,Feat-RGNN,5,0.9598353611651363,0.946273516642547,0.8907145586549484,0.919373328238441,0.991546199797918,0.9852346979409013,0.9426767030766876,0.9193737639925101
1336,Philadelphia,Median Home Value,tract,2,27637,1076,2617,Feat-RGNN,6,0.9595639784703062,0.9460926193921853,0.8910966755827283,0.919373328238441,0.9918855507499839,0.9869734442822,0.9417971154666078,0.9193737639925101
1337,Philadelphia,Median Home Value,tract,2,27637,1076,2617,Feat-RGNN,7,0.9339635442579944,0.9251085383502171,0.8784868169659916,0.919373328238441,0.9839456000396912,0.9783743423800952,0.9369576314446146,0.9193737639925101
1338,Philadelphia,Median Home Value,tract,2,27637,1076,2617,Feat-RGNN,8,0.9522818761590303,0.9399421128798843,0.8830722200993504,0.919373328238441,0.9894178070755442,0.9824741023409124,0.9389825519254559,0.9193737639925101
1339,Philadelphia,Median Home Value,tract,2,27637,1076,2617,Feat-RGNN,9,0.8544484146727577,0.8446092619392185,0.7821933511654566,0.919373328238441,0.9393206302136554,0.9316852942384034,0.9029766973529436,0.9193737639925101
1340,Philadelphia,Median Home Value,tract,2,27637,1076,2617,Feat\&PC-RGNN,0,0.9396625808494279,0.932163531114327,0.8723729461215132,0.919373328238441,0.9836552334773097,0.9796200979662684,0.9333429118438283,0.9193737639925101
1341,Philadelphia,Median Home Value,tract,2,27637,1076,2617,Feat\&PC-RGNN,1,0.9099914062146637,0.9037626628075254,0.8593809705769966,0.919373328238441,0.9697512091053336,0.9652684197295816,0.9270409528048098,0.9193737639925101
1342,Philadelphia,Median Home Value,tract,2,27637,1076,2617,Feat\&PC-RGNN,2,0.8548102582658645,0.8554630969609262,0.815055406954528,0.919373328238441,0.9174493912253635,0.9228948722398431,0.8922645350976482,0.9193737639925101
1343,Philadelphia,Median Home Value,tract,2,27637,1076,2617,Feat\&PC-RGNN,3,0.9145144511284997,0.9059334298118669,0.8574703859380971,0.919373328238441,0.973513795107095,0.9688186399957143,0.9292524790236462,0.9193737639925101
1344,Philadelphia,Median Home Value,tract,2,27637,1076,2617,Feat\&PC-RGNN,4,0.967207924374689,0.9549565846599132,0.8842185708826901,0.919373328238441,0.9943755205903316,0.9903648543685467,0.9417743373014066,0.9193737639925101
1345,Philadelphia,Median Home Value,tract,2,27637,1076,2617,Feat\&PC-RGNN,5,0.9479849834908861,0.9417510853835022,0.8815437523882308,0.919373328238441,0.9886065687169696,0.9849425665770277,0.9385982433946242,0.9193737639925101
1346,Philadelphia,Median Home Value,tract,2,27637,1076,2617,Feat\&PC-RGNN,6,0.9470351440589805,0.9299927641099855,0.873137179977073,0.919373328238441,0.9887904557723628,0.9824524290631329,0.9344879526868307,0.9193737639925101
1347,Philadelphia,Median Home Value,tract,2,27637,1076,2617,Feat\&PC-RGNN,7,0.9667556198833055,0.956041968162084,0.8945357279327474,0.919373328238441,0.9936660817926722,0.9891912921654001,0.941412514908017,0.9193737639925101
1348,Philadelphia,Median Home Value,tract,2,27637,1076,2617,Feat\&PC-RGNN,8,0.926862363743272,0.9164254703328509,0.8589988536492167,0.919373328238441,0.9755865532411847,0.9707739664860916,0.9251941692569529,0.9193737639925101
1349,Philadelphia,Median Home Value,tract,2,27637,1076,2617,Feat\&PC-RGNN,9,0.9616898095798091,0.9527858176555717,0.8907145586549484,0.919373328238441,0.9932572615493532,0.9891053621978658,0.9421110453075227,0.9193737639925101
1350,Philadelphia,Median Home Value,tract,2,27637,1076,2617,NoPreTrain,0,1.0,0.9725036179450073,0.9174627435995415,0.919373328238441,1.0,0.9945112424023332,0.9379735960181432,0.9193737639925101
1351,Philadelphia,Median Home Value,tract,2,27637,1076,2617,NoPreTrain,1,1.0,0.9768451519536903,0.9170806266717616,0.919373328238441,1.0,0.9923713114790378,0.9365663142475671,0.9193737639925101
1352,Philadelphia,Median Home Value,tract,2,27637,1076,2617,NoPreTrain,2,1.0,0.9710564399421129,0.9182269774551013,0.919373328238441,1.0,0.9924888355909408,0.9416805963907706,0.9193737639925101
1353,Philadelphia,Median Home Value,tract,2,27637,1076,2617,NoPreTrain,3,1.0,0.9712373371924746,0.9166985097439817,0.919373328238441,1.0,0.9951573960747251,0.9394188413973878,0.9193737639925101
1354,Philadelphia,Median Home Value,tract,2,27637,1076,2617,NoPreTrain,4,1.0,0.9712373371924746,0.9155521589606419,0.919373328238441,1.0,0.9939354505683664,0.934762458780282,0.9193737639925101
1355,Philadelphia,Median Home Value,tract,2,27637,1076,2617,NoPreTrain,5,1.0,0.9755788712011577,0.9186090943828812,0.919373328238441,1.0,0.9943391535241893,0.9406301725416811,0.9193737639925101
1356,Philadelphia,Median Home Value,tract,2,27637,1076,2617,NoPreTrain,6,1.0,0.9705137481910275,0.9159342758884219,0.919373328238441,1.0,0.9920182812571784,0.9394062842037514,0.9193737639925101
1357,Philadelphia,Median Home Value,tract,2,27637,1076,2617,NoPreTrain,7,1.0,0.9697901591895803,0.915170042032862,0.919373328238441,1.0,0.9923564301791541,0.9428151242344494,0.9193737639925101
1358,Philadelphia,Median Home Value,tract,2,27637,1076,2617,NoPreTrain,8,1.0,0.9714182344428365,0.9144058081773022,0.919373328238441,1.0,0.9945404708015924,0.9397692747081767,0.9193737639925101
1359,Philadelphia,Median Home Value,tract,2,27637,1076,2617,NoPreTrain,9,1.0,0.9676193921852387,0.9159342758884219,0.919373328238441,1.0,0.9924235105001689,0.9379893655171286,0.9193737639925101
1360,Philadelphia,Median Age,tract,2,28547,1082,2716,Emb,0,0.848710426062968,0.8110332749562171,0.6634756995581738,0.758100147275405,0.9436523764112137,0.9145159390414489,0.7365882411633032,0.7580872911207899
1361,Philadelphia,Median Age,tract,2,28547,1082,2716,Emb,1,0.9956649297193152,0.9327495621716287,0.7511045655375552,0.758100147275405,0.9998355514480493,0.9806044933618002,0.7858052694823787,0.7580872911207899
1362,Philadelphia,Median Age,tract,2,28547,1082,2716,Emb,2,0.8353111179226693,0.8056042031523643,0.6826215022091311,0.758100147275405,0.9194716313590916,0.8947850253993963,0.7359283086640407,0.7580872911207899
1363,Philadelphia,Median Age,tract,2,28547,1082,2716,Emb,3,0.9981170906861672,0.9290718038528897,0.7525773195876289,0.758100147275405,0.999975936416295,0.9792139684409434,0.783087996061011,0.7580872911207899
1364,Philadelphia,Median Age,tract,2,28547,1082,2716,Emb,4,0.9980733020974734,0.9332749562171628,0.7496318114874816,0.758100147275405,0.9999645451438046,0.9819339738398487,0.7871514341737667,0.7580872911207899
1365,Philadelphia,Median Age,tract,2,28547,1082,2716,Emb,5,0.8956080045540132,0.8658493870402802,0.7120765832106039,0.758100147275405,0.965744913279048,0.9422751478563891,0.7674326294053342,0.7580872911207899
1366,Philadelphia,Median Age,tract,2,28547,1082,2716,Emb,6,0.998773919516574,0.9295971978984238,0.7562592047128129,0.758100147275405,0.9999870592076154,0.9795148347198704,0.7839382624199622,0.7580872911207899
1367,Philadelphia,Median Age,tract,2,28547,1082,2716,Emb,7,0.9970661645575163,0.9285464098073555,0.7477908689248896,0.758100147275405,0.9999375742925751,0.9810202090848855,0.7812071613250273,0.7580872911207899
1368,Philadelphia,Median Age,tract,2,28547,1082,2716,Emb,8,0.8517318386828393,0.8273204903677759,0.695139911634757,0.758100147275405,0.9395684786537526,0.9177799455201354,0.7468895868399591,0.7580872911207899
1369,Philadelphia,Median Age,tract,2,28547,1082,2716,Emb,9,0.9989052852826553,0.9236427320490368,0.751840942562592,0.758100147275405,0.9999911401213964,0.9760268350143563,0.7852236937999966,0.7580872911207899
1370,Philadelphia,Median Age,tract,2,28547,1082,2716,LightGCN,0,0.9495555458247581,0.9199649737302977,0.7349042709867453,0.758100147275405,0.9892174893850217,0.9739068443397385,0.7824608703951135,0.7580872911207899
1371,Philadelphia,Median Age,tract,2,28547,1082,2716,LightGCN,1,0.9017821955598371,0.8740805604203152,0.7013991163475699,0.758100147275405,0.9668087162181651,0.9483568921936734,0.763747961095976,0.7580872911207899
1372,Philadelphia,Median Age,tract,2,28547,1082,2716,LightGCN,2,0.9551604851775627,0.9162872154115587,0.7341678939617083,0.758100147275405,0.9909219689396436,0.9722215269086358,0.7828653976296657,0.7580872911207899
1373,Philadelphia,Median Age,tract,2,28547,1082,2716,LightGCN,3,0.9591890353373911,0.9308231173380035,0.7382179675994109,0.758100147275405,0.9927278269839838,0.9811622371101132,0.7823979680369259,0.7580872911207899
1374,Philadelphia,Median Age,tract,2,28547,1082,2716,LightGCN,4,0.932959670709813,0.9133099824868651,0.7253313696612665,0.758100147275405,0.9822126775887876,0.9721236717465459,0.7773815049714554,0.7580872911207899
1375,Philadelphia,Median Age,tract,2,28547,1082,2716,LightGCN,5,0.9527083242107107,0.9257443082311734,0.7352724594992637,0.758100147275405,0.9905534440150792,0.9769566124322069,0.77968909967204,0.7580872911207899
1376,Philadelphia,Median Age,tract,2,28547,1082,2716,LightGCN,6,0.9330472478872006,0.9054290718038529,0.7312223858615611,0.758100147275405,0.9855856448794965,0.9713423028785984,0.7798466266983637,0.7580872911207899
1377,Philadelphia,Median Age,tract,2,28547,1082,2716,LightGCN,7,0.7865306301177913,0.784063047285464,0.6586892488954345,0.758100147275405,0.8736032037014195,0.8713988073326953,0.721005266445713,0.7580872911207899
1378,Philadelphia,Median Age,tract,2,28547,1082,2716,LightGCN,8,0.9449577440119105,0.918739054290718,0.725699558173785,0.758100147275405,0.9882144514055218,0.9748384009423544,0.7781992356278957,0.7580872911207899
1379,Philadelphia,Median Age,tract,2,28547,1082,2716,LightGCN,9,0.9541095590489118,0.9201401050788091,0.7382179675994109,0.758100147275405,0.9908753260895579,0.9758954820977204,0.7835659997570668,0.7580872911207899
1380,Philadelphia,Median Age,tract,2,28547,1082,2716,Feat-LightGCN,0,0.989534527302185,0.9280210157618214,0.7551546391752577,0.758100147275405,0.9995141564751213,0.9809268939115071,0.7884344253761126,0.7580872911207899
1381,Philadelphia,Median Age,tract,2,28547,1082,2716,Feat-LightGCN,1,0.9462276130840303,0.9152364273204904,0.7360088365243005,0.758100147275405,0.9883915109015626,0.9719350168102285,0.7825031668083777,0.7580872911207899
1382,Philadelphia,Median Age,tract,2,28547,1082,2716,Feat-LightGCN,2,0.9243333187371371,0.8851138353765324,0.7282768777614138,0.758100147275405,0.9846349683989993,0.9593921936734645,0.7821894684100019,0.7580872911207899
1383,Philadelphia,Median Age,tract,2,28547,1082,2716,Feat-LightGCN,3,0.9802513464991023,0.9362521891418564,0.7474226804123711,0.758100147275405,0.9983526340610859,0.9824449679746743,0.7853015083551684,0.7580872911207899
1384,Philadelphia,Median Age,tract,2,28547,1082,2716,Feat-LightGCN,4,0.9681219074309235,0.9290718038528897,0.740058910162003,0.758100147275405,0.9974628759580176,0.9821660040737197,0.7880488773013586,0.7580872911207899
1385,Philadelphia,Median Age,tract,2,28547,1082,2716,Feat-LightGCN,5,0.9785873801287385,0.9313485113835377,0.7463181148748159,0.758100147275405,0.997930850143323,0.9789511399052738,0.7847833772926825,0.7580872911207899
1386,Philadelphia,Median Age,tract,2,28547,1082,2716,Feat-LightGCN,6,0.9860752287953759,0.9343257443082311,0.7547864506627393,0.758100147275405,0.9989524094880939,0.9826550958305725,0.7881443153620572,0.7580872911207899
1387,Philadelphia,Median Age,tract,2,28547,1082,2716,Feat-LightGCN,7,0.9869510005692517,0.9334500875656743,0.7522091310751104,0.758100147275405,0.9989650204321839,0.981051130089082,0.7872452454493398,0.7580872911207899
1388,Philadelphia,Median Age,tract,2,28547,1082,2716,Feat-LightGCN,8,0.8292682926829268,0.8120840630472854,0.6837260677466863,0.758100147275405,0.978132461858798,0.960907936391077,0.7794700259418003,0.7580872911207899
1389,Philadelphia,Median Age,tract,2,28547,1082,2716,Feat-LightGCN,9,0.9606778473529798,0.9262697022767076,0.7437407952871871,0.758100147275405,0.9933581440617795,0.9797039191145794,0.7889281546617154,0.7580872911207899
1390,Philadelphia,Median Age,tract,2,28547,1082,2716,Feat\&PC-LightGCN,0,0.989753470245654,0.9336252189141856,0.7558910162002945,0.758100147275405,0.9993783817121059,0.9829509313111977,0.787399247774558,0.7580872911207899
1391,Philadelphia,Median Age,tract,2,28547,1082,2716,Feat\&PC-LightGCN,1,0.9887901212943907,0.9425569176882662,0.7522091310751104,0.758100147275405,0.9992264520535588,0.9848737392328646,0.7818944780405698,0.7580872911207899
1392,Philadelphia,Median Age,tract,2,28547,1082,2716,Feat\&PC-LightGCN,2,0.9840609537154618,0.9378283712784589,0.7448453608247423,0.758100147275405,0.998788244759094,0.9829936317455644,0.7815113701435041,0.7580872911207899
1393,Philadelphia,Median Age,tract,2,28547,1082,2716,Feat\&PC-LightGCN,3,0.8667951131935018,0.8446584938704028,0.680780559646539,0.758100147275405,0.957502993948588,0.944845333627819,0.7541423371913446,0.7580872911207899
1394,Philadelphia,Median Age,tract,2,28547,1082,2716,Feat\&PC-LightGCN,4,0.9874326750448833,0.9388791593695271,0.7474226804123711,0.758100147275405,0.9992048891801782,0.9847777859579375,0.7834369414704403,0.7580872911207899
1395,Philadelphia,Median Age,tract,2,28547,1082,2716,Feat\&PC-LightGCN,5,0.9905854534308359,0.930122591943958,0.7525773195876289,0.758100147275405,0.9996909551608831,0.9827754055314241,0.7852828003262246,0.7580872911207899
1396,Philadelphia,Median Age,tract,2,28547,1082,2716,Feat\&PC-LightGCN,6,0.9128607084993651,0.8915936952714536,0.7172312223858616,0.758100147275405,0.9766177754785561,0.9652668777147906,0.7685990343403495,0.7580872911207899
1397,Philadelphia,Median Age,tract,2,28547,1082,2716,Feat\&PC-LightGCN,7,0.9851994570215002,0.9381786339754816,0.7511045655375552,0.758100147275405,0.9989775086420253,0.9859272620186998,0.7837660943275088,0.7580872911207899
1398,Philadelphia,Median Age,tract,2,28547,1082,2716,Feat\&PC-LightGCN,8,0.8767351228269913,0.8646234676007005,0.6944035346097202,0.758100147275405,0.962806402217317,0.9533059093474687,0.7540919068524528,0.7580872911207899
1399,Philadelphia,Median Age,tract,2,28547,1082,2716,Feat\&PC-LightGCN,9,0.9889652756491658,0.9330998248686515,0.7525773195876289,0.758100147275405,0.9994300528309575,0.9829963925495104,0.7853302482257197,0.7580872911207899
1400,Philadelphia,Median Age,tract,2,28547,1082,2716,RGNN,0,0.7934492271314095,0.7926444833625219,0.6689985272459499,0.758100147275405,0.8790155309452929,0.8714133475668114,0.7261757318364017,0.7580872911207899
1401,Philadelphia,Median Age,tract,2,28547,1082,2716,RGNN,1,0.8988483601173535,0.8866900175131348,0.709499263622975,0.758100147275405,0.9623286016211968,0.9506878082897738,0.7699460124243003,0.7580872911207899
1402,Philadelphia,Median Age,tract,2,28547,1082,2716,RGNN,2,0.8561544861409117,0.8276707530647986,0.6936671575846833,0.758100147275405,0.9347703135921431,0.9124430047363125,0.7430156691943293,0.7580872911207899
1403,Philadelphia,Median Age,tract,2,28547,1082,2716,RGNN,3,0.8576432981565004,0.8479859894921191,0.6881443298969072,0.758100147275405,0.9362885554301622,0.9253463888684386,0.7506767426122265,0.7580872911207899
1404,Philadelphia,Median Age,tract,2,28547,1082,2716,RGNN,4,0.7731751105661865,0.7753064798598949,0.6435935198821797,0.758100147275405,0.8638795444656978,0.8576261380647378,0.7065680907182148,0.7580872911207899
1405,Philadelphia,Median Age,tract,2,28547,1082,2716,RGNN,5,0.9159696982966239,0.9047285464098074,0.7220176730486009,0.758100147275405,0.9704260205506228,0.9606782988539597,0.7651277460132919,0.7580872911207899
1406,Philadelphia,Median Age,tract,2,28547,1082,2716,RGNN,6,0.8811139816963699,0.8618213660245184,0.7010309278350515,0.758100147275405,0.948604906639125,0.9355609340106505,0.7553868278123861,0.7580872911207899
1407,Philadelphia,Median Age,tract,2,28547,1082,2716,RGNN,7,0.8128037833340631,0.8071803852889667,0.6745213549337261,0.758100147275405,0.8995510879777507,0.8936820535473262,0.7257804230508945,0.7580872911207899
1408,Philadelphia,Median Age,tract,2,28547,1082,2716,RGNN,8,0.807505364102115,0.8087565674255692,0.6686303387334315,0.758100147275405,0.8982379350699004,0.8945267368524381,0.7297541168508911,0.7580872911207899
1409,Philadelphia,Median Age,tract,2,28547,1082,2716,RGNN,9,0.9300258352673293,0.906830122591944,0.7238586156111929,0.758100147275405,0.9801130321066659,0.9633103879849813,0.7694080888094537,0.7580872911207899
1410,Philadelphia,Median Age,tract,2,28547,1082,2716,Feat-RGNN,0,0.8233130446205719,0.8042031523642732,0.6693667157584683,0.758100147275405,0.9183607790126889,0.8991850106751086,0.7369390844887123,0.7580872911207899
1411,Philadelphia,Median Age,tract,2,28547,1082,2716,Feat-RGNN,1,0.9438192407058721,0.9197898423817863,0.7323269513991163,0.758100147275405,0.984473127949841,0.9715525534368941,0.7727909884780233,0.7580872911207899
1412,Philadelphia,Median Age,tract,2,28547,1082,2716,Feat-RGNN,2,0.8597451504138022,0.8322241681260946,0.6914580265095729,0.758100147275405,0.9386640346306959,0.9159991042724975,0.749524978743341,0.7580872911207899
1413,Philadelphia,Median Age,tract,2,28547,1082,2716,Feat-RGNN,3,0.9381705127643736,0.909106830122592,0.7242268041237113,0.758100147275405,0.98439509581556,0.968946109106972,0.7771141699491575,0.7580872911207899
1414,Philadelphia,Median Age,tract,2,28547,1082,2716,Feat-RGNN,4,0.7973026229364628,0.7952714535901927,0.6734167893961709,0.758100147275405,0.8776568359601531,0.8724523914697292,0.7245321365978934,0.7580872911207899
1415,Philadelphia,Median Age,tract,2,28547,1082,2716,Feat-RGNN,5,0.9198230941016771,0.8935201401050789,0.7164948453608248,0.758100147275405,0.973509684039086,0.9575208594075928,0.7693340700862413,0.7580872911207899
1416,Philadelphia,Median Age,tract,2,28547,1082,2716,Feat-RGNN,6,0.8011998073302098,0.802276707530648,0.6653166421207658,0.758100147275405,0.8899007854685103,0.894190470931802,0.732056560065245,0.7580872911207899
1417,Philadelphia,Median Age,tract,2,28547,1082,2716,Feat-RGNN,7,0.8122345316810439,0.802276707530648,0.6712076583210603,0.758100147275405,0.8958303263442314,0.887573866843358,0.7346097993197869,0.7580872911207899
1418,Philadelphia,Median Age,tract,2,28547,1082,2716,Feat-RGNN,8,0.8785742435521303,0.8663747810858143,0.7010309278350515,0.758100147275405,0.9475463544246003,0.9340791185059756,0.7561297263530513,0.7580872911207899
1419,Philadelphia,Median Age,tract,2,28547,1082,2716,Feat-RGNN,9,0.7194903008276043,0.7178633975481611,0.6303387334315169,0.758100147275405,0.796001429393748,0.7921888267196742,0.6798687509760711,0.7580872911207899
1420,Philadelphia,Median Age,tract,2,28547,1082,2716,Feat\&PC-RGNN,0,0.911021587774226,0.8928196147110333,0.7128129602356407,0.758100147275405,0.9704249581322792,0.9572547792583868,0.7611413090631453,0.7580872911207899
1421,Philadelphia,Median Age,tract,2,28547,1082,2716,Feat\&PC-RGNN,1,0.9191662652712703,0.8912434325744308,0.7153902798232695,0.758100147275405,0.9815810718013768,0.9646702986576359,0.7728628381544014,0.7580872911207899
1422,Philadelphia,Median Age,tract,2,28547,1082,2716,Feat\&PC-RGNN,2,0.9342295397819328,0.9078809106830122,0.7238586156111929,0.758100147275405,0.9821730727807961,0.9661949986502736,0.7773809627097468,0.7580872911207899
1423,Philadelphia,Median Age,tract,2,28547,1082,2716,Feat\&PC-RGNN,3,0.787012304593423,0.7705779334500875,0.6524300441826215,0.758100147275405,0.8776472741950627,0.8654407470121966,0.7090380928004998,0.7580872911207899
1424,Philadelphia,Median Age,tract,2,28547,1082,2716,Feat\&PC-RGNN,4,0.9025266015676314,0.8875656742556918,0.7128129602356407,0.758100147275405,0.9673707968889322,0.9528684139488086,0.7645158036752329,0.7580872911207899
1425,Philadelphia,Median Age,tract,2,28547,1082,2716,Feat\&PC-RGNN,5,0.8466961509830538,0.8422066549912435,0.6833578792341679,0.758100147275405,0.923641450761781,0.9160073866843358,0.7411041966718146,0.7580872911207899
1426,Philadelphia,Median Age,tract,2,28547,1082,2716,Feat\&PC-RGNN,6,0.9416735998598765,0.9175131348511384,0.7290132547864506,0.758100147275405,0.9854205174537307,0.9708321676605561,0.7792899950545733,0.7580872911207899
1427,Philadelphia,Median Age,tract,2,28547,1082,2716,Feat\&PC-RGNN,7,0.8325524368349608,0.8359019264448336,0.6885125184094256,0.758100147275405,0.9144714035336419,0.9126312302142384,0.7455447778028423,0.7580872911207899
1428,Philadelphia,Median Age,tract,2,28547,1082,2716,Feat\&PC-RGNN,8,0.8593948417042518,0.8591943957968476,0.7021354933726067,0.758100147275405,0.9382999626581048,0.9353678004368204,0.7537855289871418,0.7580872911207899
1429,Philadelphia,Median Age,tract,2,28547,1082,2716,Feat\&PC-RGNN,9,0.8243201821605289,0.8138353765323993,0.6752577319587629,0.758100147275405,0.9048602800979664,0.8961277577363861,0.7254892285134221,0.7580872911207899
1430,Philadelphia,Median Age,tract,2,28547,1082,2716,NoPreTrain,0,1.0,0.9395796847635727,0.7562592047128129,0.758100147275405,1.0,0.9802069375935605,0.7811174170122681,0.7580872911207899
1431,Philadelphia,Median Age,tract,2,28547,1082,2716,NoPreTrain,1,1.0,0.9397548161120841,0.7511045655375552,0.758100147275405,1.0,0.9830441851333777,0.7780381839004668,0.7580872911207899
1432,Philadelphia,Median Age,tract,2,28547,1082,2716,NoPreTrain,2,1.0,0.9390542907180385,0.7507363770250368,0.758100147275405,1.0,0.9810037056124076,0.7751598587516701,0.7580872911207899
1433,Philadelphia,Median Age,tract,2,28547,1082,2716,NoPreTrain,3,1.0,0.9339754816112084,0.7529455081001473,0.758100147275405,1.0,0.9800573020196814,0.7817532188655018,0.7580872911207899
1434,Philadelphia,Median Age,tract,2,28547,1082,2716,NoPreTrain,4,1.0,0.9455341506129598,0.75,0.758100147275405,0.9999999999999999,0.9833600211048124,0.7743860512936195,0.7580872911207899
1435,Philadelphia,Median Age,tract,2,28547,1082,2716,NoPreTrain,5,0.9999562114113062,0.9402802101576182,0.7529455081001473,0.758100147275405,0.9999997238479397,0.9847944734840118,0.7726944658939076,0.7580872911207899
1436,Philadelphia,Median Age,tract,2,28547,1082,2716,NoPreTrain,6,1.0,0.936077057793345,0.7577319587628866,0.758100147275405,1.0,0.9809473238607083,0.7834957768658141,0.7580872911207899
1437,Philadelphia,Median Age,tract,2,28547,1082,2716,NoPreTrain,7,1.0,0.9479859894921191,0.7529455081001473,0.758100147275405,1.0,0.9883873223882794,0.7778229060021864,0.7580872911207899
1438,Philadelphia,Median Age,tract,2,28547,1082,2716,NoPreTrain,8,1.0,0.9374781085814361,0.7511045655375552,0.758100147275405,1.0,0.9810229698888315,0.7782944025577401,0.7580872911207899
1439,Philadelphia,Median Age,tract,2,28547,1082,2716,NoPreTrain,9,1.0,0.9364273204903678,0.7529455081001473,0.758100147275405,1.0,0.9837327909887359,0.7833434013257214,0.7580872911207899
1440,St. Louis,Median Income,tract,2,8554,269,701,Emb,0,1.0,0.9299065420560748,0.7988587731811697,0.8045649072753209,1.0,0.9727168707947667,0.8348066748066748,0.8045624745624745
1441,St. Louis,Median Income,tract,2,8554,269,701,Emb,1,0.8779596609178603,0.8311915887850467,0.7146932952924394,0.8045649072753209,0.9778494825634941,0.9440387821773761,0.7955636955636955,0.8045624745624745
1442,St. Louis,Median Income,tract,2,8554,269,701,Emb,2,1.0,0.9199766355140186,0.797432239657632,0.8045649072753209,1.0,0.9720402866583948,0.8263085063085063,0.8045624745624745
1443,St. Louis,Median Income,tract,2,8554,269,701,Emb,3,0.9707687810581701,0.8802570093457944,0.7803138373751783,0.8045649072753209,1.0,0.9704968966476301,0.8358933658933658,0.8045624745624745
1444,St. Louis,Median Income,tract,2,8554,269,701,Emb,4,1.0,0.9188084112149533,0.7945791726105563,0.8045649072753209,1.0,0.9783377790459227,0.8311965811965811,0.8045624745624745
1445,St. Louis,Median Income,tract,2,8554,269,701,Emb,5,1.0,0.9223130841121495,0.7988587731811697,0.8045649072753209,1.0,0.9727348842169278,0.8232926332926334,0.8045624745624745
1446,St. Louis,Median Income,tract,2,8554,269,701,Emb,6,0.8574978076585794,0.8084112149532711,0.7403708987161198,0.8045649072753209,0.9306023653106062,0.8929008382726138,0.7885388685388685,0.8045624745624745
1447,St. Louis,Median Income,tract,2,8554,269,701,Emb,7,1.0,0.9258177570093458,0.8017118402282454,0.8045649072753209,1.0,0.975265409762122,0.829124949124949,0.8045624745624745
1448,St. Louis,Median Income,tract,2,8554,269,701,Emb,8,1.0,0.9082943925233645,0.8017118402282454,0.8045649072753209,1.0,0.9706582969101938,0.8283719983719984,0.8045624745624745
1449,St. Louis,Median Income,tract,2,8554,269,701,Emb,9,1.0,0.9158878504672897,0.8017118402282454,0.8045649072753209,1.0,0.9675369311181147,0.832018722018722,0.8045624745624745
1450,St. Louis,Median Income,tract,2,8554,269,701,LightGCN,0,0.9317451037708272,0.9047897196261683,0.7731811697574893,0.8045649072753209,0.9808992741886591,0.9675484597082978,0.8164672364672365,0.8045624745624745
1451,St. Louis,Median Income,tract,2,8554,269,701,LightGCN,1,0.9425606547793043,0.9106308411214953,0.7689015691868759,0.8045649072753209,0.9869754901536215,0.9697893294251412,0.8117419617419617,0.8045624745624745
1452,St. Louis,Median Income,tract,2,8554,269,701,LightGCN,2,0.9830458930137387,0.945677570093458,0.7945791726105563,0.8045649072753209,0.9992207596767627,0.983544378587373,0.8214204314204313,0.8045624745624745
1453,St. Louis,Median Income,tract,2,8554,269,701,LightGCN,3,0.9859690149079217,0.9357476635514018,0.7960057061340942,0.8045649072753209,0.998974365636846,0.9817199791908947,0.8225722425722426,0.8045624745624745
1454,St. Louis,Median Income,tract,2,8554,269,701,LightGCN,4,0.9273604209295527,0.9012850467289719,0.7674750356633381,0.8045649072753209,0.9788902289741346,0.9604540535243621,0.8071550671550672,0.8045624745624745
1455,St. Louis,Median Income,tract,2,8554,269,701,LightGCN,5,0.9469453376205788,0.9316588785046729,0.7731811697574893,0.8045649072753209,0.9889946401401964,0.9752812615736237,0.8182051282051284,0.8045624745624745
1456,St. Louis,Median Income,tract,2,8554,269,701,LightGCN,6,0.9606840105232388,0.9310747663551402,0.7803138373751783,0.8045649072753209,0.9927184290832661,0.976741069305561,0.8237525437525437,0.8045624745624745
1457,St. Louis,Median Income,tract,2,8554,269,701,LightGCN,7,0.9665302543116048,0.9269859813084113,0.7888730385164051,0.8045649072753209,0.9951573782158436,0.9777310869875363,0.8225071225071224,0.8045624745624745
1458,St. Louis,Median Income,tract,2,8554,269,701,LightGCN,8,0.9619994153756212,0.9369158878504673,0.7731811697574893,0.8045649072753209,0.9930095728279792,0.9841914207114004,0.8166341066341067,0.8045624745624745
1459,St. Louis,Median Income,tract,2,8554,269,701,LightGCN,9,0.8735749780765858,0.8691588785046729,0.7574893009985735,0.8045649072753209,0.9414317487607219,0.9353880163187195,0.8041595441595442,0.8045624745624745
1460,St. Louis,Median Income,tract,2,8554,269,701,Feat-LightGCN,0,0.9973691902952353,0.9375,0.7945791726105563,0.8045649072753209,0.99997500873341,0.9820629547488425,0.8263410663410664,0.8045624745624745
1461,St. Louis,Median Income,tract,2,8554,269,701,Feat-LightGCN,1,0.8332358959368605,0.8113317757009346,0.717546362339515,0.8045649072753209,0.954003348288396,0.9331702037822422,0.8020919820919822,0.8045624745624745
1462,St. Louis,Median Income,tract,2,8554,269,701,Feat-LightGCN,2,0.8363051739257527,0.8113317757009346,0.7232524964336662,0.8045649072753209,0.9537699460982587,0.9275471339204268,0.7941351241351241,0.8045624745624745
1463,St. Louis,Median Income,tract,2,8554,269,701,Feat-LightGCN,3,0.9986845951476176,0.927570093457944,0.8002853067047075,0.8045649072753209,0.9999864668231463,0.9817545649614441,0.8303337403337403,0.8045624745624745
1464,St. Louis,Median Income,tract,2,8554,269,701,Feat-LightGCN,4,0.7908506284712072,0.7575934579439252,0.7018544935805991,0.8045649072753209,0.91768959439445,0.8876567708130683,0.7768579568579569,0.8045624745624745
1465,St. Louis,Median Income,tract,2,8554,269,701,Feat-LightGCN,5,0.944314527915814,0.915303738317757,0.7817403708987162,0.8045649072753209,0.9887121576286698,0.9723659693310678,0.8177045177045177,0.8045624745624745
1466,St. Louis,Median Income,tract,2,8554,269,701,Feat-LightGCN,6,0.9812920198772289,0.9228971962616822,0.7945791726105563,0.8045649072753209,0.9983060071426303,0.9747639160891564,0.8276963776963777,0.8045624745624745
1467,St. Louis,Median Income,tract,2,8554,269,701,Feat-LightGCN,7,0.913914060216311,0.8820093457943925,0.7503566333808844,0.8045649072753209,0.9754092252238207,0.9507152769671738,0.8067724867724868,0.8045624745624745
1468,St. Louis,Median Income,tract,2,8554,269,701,Feat-LightGCN,8,1.0,0.9328271028037384,0.8031383737517832,0.8045649072753209,1.0,0.9816205451005653,0.830993080993081,0.8045624745624745
1469,St. Louis,Median Income,tract,2,8554,269,701,Feat-LightGCN,9,0.9903536977491961,0.9392523364485982,0.7960057061340942,0.8045649072753209,0.999261268986145,0.9811132871325082,0.824053724053724,0.8045624745624745
1470,St. Louis,Median Income,tract,2,8554,269,701,Feat\&PC-LightGCN,0,1.0,0.9450934579439252,0.8002853067047075,0.8045649072753209,1.0,0.9870361003390846,0.8174318274318275,0.8045624745624745
1471,St. Louis,Median Income,tract,2,8554,269,701,Feat\&PC-LightGCN,1,1.0,0.9339953271028038,0.8017118402282454,0.8045649072753209,1.0,0.9870807736260443,0.8284452584452585,0.8045624745624745
1472,St. Louis,Median Income,tract,2,8554,269,701,Feat\&PC-LightGCN,2,1.0,0.9433411214953271,0.797432239657632,0.8045649072753209,1.0,0.9856591543490886,0.8202482702482703,0.8045624745624745
1473,St. Louis,Median Income,tract,2,8554,269,701,Feat\&PC-LightGCN,3,0.9144986845951476,0.905373831775701,0.7574893009985735,0.8045649072753209,0.9705407099612842,0.9629002762538422,0.7985470085470086,0.8045624745624745
1474,St. Louis,Median Income,tract,2,8554,269,701,Feat\&PC-LightGCN,4,0.7673194972230342,0.7634345794392523,0.6005706134094151,0.8045649072753209,0.9355318700901635,0.9272884611781931,0.796882376882377,0.8045624745624745
1475,St. Louis,Median Income,tract,2,8554,269,701,Feat\&PC-LightGCN,5,0.9033908213972522,0.8872663551401869,0.7489300998573466,0.8045649072753209,0.9691407479263563,0.9566337669524317,0.7964265364265364,0.8045624745624745
1476,St. Louis,Median Income,tract,2,8554,269,701,Feat\&PC-LightGCN,6,1.0,0.9433411214953271,0.8002853067047075,0.8045649072753209,1.0,0.9848845771961605,0.8240048840048839,0.8045624745624745
1477,St. Louis,Median Income,tract,2,8554,269,701,Feat\&PC-LightGCN,7,1.0,0.9468457943925234,0.8002853067047075,0.8045649072753209,1.0,0.9879540643324154,0.8287138787138787,0.8045624745624745
1478,St. Louis,Median Income,tract,2,8554,269,701,Feat\&PC-LightGCN,8,0.916837182110494,0.8907710280373832,0.7646219686162625,0.8045649072753209,0.9759350342551774,0.9611637823575102,0.794997964997965,0.8045624745624745
1479,St. Louis,Median Income,tract,2,8554,269,701,Feat\&PC-LightGCN,9,1.0,0.9398364485981309,0.8031383737517832,0.8045649072753209,1.0,0.9855748515333745,0.8182254782254782,0.8045624745624745
1480,St. Louis,Median Income,tract,2,8554,269,701,RGNN,0,0.7291727565039462,0.727803738317757,0.651925820256776,0.8045649072753209,0.7965166865875031,0.7981624868321884,0.6963003663003662,0.8045624745624745
1481,St. Louis,Median Income,tract,2,8554,269,701,RGNN,1,0.900175387313651,0.8878504672897196,0.7717546362339515,0.8045649072753209,0.9640319736640769,0.9500941741710582,0.7969352869352869,0.8045624745624745
1482,St. Louis,Median Income,tract,2,8554,269,701,RGNN,2,0.9530838935983631,0.9328271028037384,0.776034236804565,0.8045649072753209,0.9920242673318495,0.9801203873029872,0.8199185999185998,0.8045624745624745
1483,St. Louis,Median Income,tract,2,8554,269,701,RGNN,3,0.9428529669687226,0.9170560747663551,0.7660485021398002,0.8045649072753209,0.9861910170020007,0.9702490319586929,0.8065567765567765,0.8045624745624745
1484,St. Louis,Median Income,tract,2,8554,269,701,RGNN,4,0.8991522946506869,0.8837616822429907,0.7589158345221113,0.8045649072753209,0.9671283645282082,0.9574220343062022,0.7896255596255597,0.8045624745624745
1485,St. Louis,Median Income,tract,2,8554,269,701,RGNN,5,0.9663840982168956,0.9164719626168224,0.7817403708987162,0.8045649072753209,0.9966583879712793,0.9749051413188995,0.8162393162393162,0.8045624745624745
1486,St. Louis,Median Income,tract,2,8554,269,701,RGNN,6,0.9378836597486115,0.9258177570093458,0.7546362339514978,0.8045649072753209,0.9851473384030419,0.9755550655904728,0.8060276760276761,0.8045624745624745
1487,St. Louis,Median Income,tract,2,8554,269,701,RGNN,7,0.9532300496930722,0.929322429906542,0.7717546362339515,0.8045649072753209,0.9888110400408809,0.9755680352544288,0.7977859177859177,0.8045624745624745
1488,St. Louis,Median Income,tract,2,8554,269,701,RGNN,8,0.9191756796258403,0.8919392523364486,0.7631954350927247,0.8045649072753209,0.974593490433668,0.9587060310378469,0.7965282865282866,0.8045624745624745
1489,St. Louis,Median Income,tract,2,8554,269,701,RGNN,9,0.6812335574393452,0.6857476635514018,0.5834522111269614,0.8045649072753209,0.8617437119447068,0.860829020920068,0.781082621082621,0.8045624745624745
1490,St. Louis,Median Income,tract,2,8554,269,701,Feat-RGNN,0,0.9698918444899153,0.9310747663551402,0.7888730385164051,0.8045649072753209,0.9959792931567596,0.9810441155914095,0.824977614977615,0.8045624745624745
1491,St. Louis,Median Income,tract,2,8554,269,701,Feat-RGNN,1,0.9636071324174218,0.9316588785046729,0.7774607703281027,0.8045649072753209,0.9925638802035969,0.9829679490782172,0.8106308506308505,0.8045624745624745
1492,St. Louis,Median Income,tract,2,8554,269,701,Feat-RGNN,2,0.8393744519146449,0.8212616822429907,0.6904422253922967,0.8045649072753209,0.9162300412707761,0.9112183269998142,0.7345136345136345,0.8045624745624745
1493,St. Louis,Median Income,tract,2,8554,269,701,Feat-RGNN,3,0.7335574393452207,0.7207943925233645,0.6718972895863052,0.8045649072753209,0.8072972603797662,0.8144855294577096,0.7434350834350835,0.8045624745624745
1494,St. Louis,Median Income,tract,2,8554,269,701,Feat-RGNN,4,0.944314527915814,0.923481308411215,0.7674750356633381,0.8045649072753209,0.9854095211492879,0.9741975740964107,0.8093772893772893,0.8045624745624745
1495,St. Louis,Median Income,tract,2,8554,269,701,Feat-RGNN,5,0.87971353405437,0.8685747663551402,0.7375178316690443,0.8045649072753209,0.9419222813110797,0.9328365952038182,0.7903581603581604,0.8045624745624745
1496,St. Louis,Median Income,tract,2,8554,269,701,Feat-RGNN,6,0.9017831043554516,0.8843457943925234,0.7646219686162625,0.8045649072753209,0.9642919008808474,0.9453343074992038,0.8105779405779405,0.8045624745624745
1497,St. Louis,Median Income,tract,2,8554,269,701,Feat-RGNN,7,0.9628763519438761,0.9345794392523364,0.7803138373751783,0.8045649072753209,0.9927734640024712,0.9800461720036835,0.8114041514041513,0.8045624745624745
1498,St. Louis,Median Income,tract,2,8554,269,701,Feat-RGNN,8,0.9503069277988893,0.919392523364486,0.7831669044222539,0.8045649072753209,0.987933999959581,0.9695299361460211,0.8063899063899063,0.8045624745624745
1499,St. Louis,Median Income,tract,2,8554,269,701,Feat-RGNN,9,0.6316866413329436,0.6238317757009346,0.6048502139800286,0.8045649072753209,0.8080901241010362,0.799752711740572,0.7086731786731786,0.8045624745624745
1500,St. Louis,Median Income,tract,2,8554,269,701,Feat\&PC-RGNN,0,0.9329143525285004,0.9129672897196262,0.776034236804565,0.8045649072753209,0.9825679148947228,0.967910169225293,0.8052014652014652,0.8045624745624745
1501,St. Louis,Median Income,tract,2,8554,269,701,Feat\&PC-RGNN,1,0.8757673194972231,0.8539719626168224,0.7289586305278174,0.8045649072753209,0.9559899735399326,0.9431943129464627,0.8104517704517705,0.8045624745624745
1502,St. Louis,Median Income,tract,2,8554,269,701,Feat\&PC-RGNN,2,0.95703010815551,0.9328271028037384,0.776034236804565,0.8045649072753209,0.9913587056941835,0.976375036567247,0.8179649979649979,0.8045624745624745
1503,St. Louis,Median Income,tract,2,8554,269,701,Feat\&PC-RGNN,3,0.9611224788073662,0.9392523364485982,0.7803138373751783,0.8045649072753209,0.9920905798984327,0.9823871963477426,0.8253357753357753,0.8045624745624745
1504,St. Louis,Median Income,tract,2,8554,269,701,Feat\&PC-RGNN,4,0.979538146740719,0.9375,0.7888730385164051,0.8045649072753209,0.9983150292605328,0.9873632240855306,0.8225681725681726,0.8045624745624745
1505,St. Louis,Median Income,tract,2,8554,269,701,Feat\&PC-RGNN,5,0.8659748611517101,0.8586448598130841,0.7275320970042796,0.8045649072753209,0.9348934199167944,0.9251506282361114,0.7817989417989418,0.8045624745624745
1506,St. Louis,Median Income,tract,2,8554,269,701,Feat\&PC-RGNN,6,0.9700380005846244,0.9404205607476636,0.7860199714693296,0.8045649072753209,0.9957777390428183,0.98479955384356,0.8227798127798127,0.8045624745624745
1507,St. Louis,Median Income,tract,2,8554,269,701,Feat\&PC-RGNN,7,0.9763227126571178,0.9404205607476636,0.7860199714693296,0.8045649072753209,0.9977091038222021,0.9834435034232707,0.8243264143264143,0.8045624745624745
1508,St. Louis,Median Income,tract,2,8554,269,701,Feat\&PC-RGNN,8,0.9501607717041801,0.9199766355140186,0.7788873038516405,0.8045649072753209,0.9899465638000872,0.9799892495896543,0.8136182336182335,0.8045624745624745
1509,St. Louis,Median Income,tract,2,8554,269,701,Feat\&PC-RGNN,9,0.970622624963461,0.9480140186915887,0.7888730385164051,0.8045649072753209,0.9958454049270867,0.9843686727854659,0.8220187220187221,0.8045624745624745
1510,St. Louis,Median Income,tract,2,8554,269,701,NoPreTrain,0,1.0,0.9450934579439252,0.7960057061340942,0.8045649072753209,1.0,0.9828937337789133,0.8293487993487992,0.8045624745624745
1511,St. Louis,Median Income,tract,2,8554,269,701,NoPreTrain,1,1.0,0.927570093457944,0.8031383737517832,0.8045649072753209,1.0,0.9782952673696224,0.824004884004884,0.8045624745624745
1512,St. Louis,Median Income,tract,2,8554,269,701,NoPreTrain,2,1.0,0.9316588785046729,0.797432239657632,0.8045649072753209,1.0,0.9793623824984473,0.8185836385836387,0.8045624745624745
1513,St. Louis,Median Income,tract,2,8554,269,701,NoPreTrain,3,1.0,0.9369158878504673,0.8031383737517832,0.8045649072753209,1.0,0.9779105006722609,0.8176882376882378,0.8045624745624745
1514,St. Louis,Median Income,tract,2,8554,269,701,NoPreTrain,4,1.0,0.9462616822429907,0.7988587731811697,0.8045649072753209,1.0,0.9838974416617309,0.8108831908831909,0.8045624745624745
1515,St. Louis,Median Income,tract,2,8554,269,701,NoPreTrain,5,1.0,0.9386682242990654,0.797432239657632,0.8045649072753209,1.0,0.9772065361342043,0.8022303622303621,0.8045624745624745
1516,St. Louis,Median Income,tract,2,8554,269,701,NoPreTrain,6,1.0,0.945677570093458,0.8002853067047075,0.8045649072753209,1.0,0.9809064930460987,0.8285185185185187,0.8045624745624745
1517,St. Louis,Median Income,tract,2,8554,269,701,NoPreTrain,7,1.0,0.9322429906542056,0.8031383737517832,0.8045649072753209,1.0,0.9788407137926612,0.8218518518518518,0.8045624745624745
1518,St. Louis,Median Income,tract,2,8554,269,701,NoPreTrain,8,1.0,0.9345794392523364,0.8002853067047075,0.8045649072753209,1.0,0.9819808135437877,0.8271835571835571,0.8045624745624745
1519,St. Louis,Median Income,tract,2,8554,269,701,NoPreTrain,9,1.0,0.9386682242990654,0.7988587731811697,0.8045649072753209,1.0,0.9799993371060643,0.8146438746438747,0.8045624745624745
1520,St. Louis,Median Home Value,tract,2,8330,268,688,Emb,0,0.9473210265646106,0.910617876424715,0.8633720930232558,0.8982558139534884,0.9822376988412193,0.9468322825169299,0.9059753583017848,0.8982558139534884
1521,St. Louis,Median Home Value,tract,2,8330,268,688,Emb,1,1.0,0.9418116376724655,0.8895348837209303,0.8982558139534884,1.0,0.9851816924431032,0.9191581598161169,0.8982558139534884
1522,St. Louis,Median Home Value,tract,2,8330,268,688,Emb,2,1.0,0.9598080383923215,0.8968023255813954,0.8982558139534884,1.0,0.9911587720716352,0.917590589507842,0.8982558139534884
1523,St. Louis,Median Home Value,tract,2,8330,268,688,Emb,3,0.579768872880084,0.5584883023395321,0.6976744186046512,0.8982558139534884,0.9168607495907153,0.8921089975031884,0.8739521362898865,0.8982558139534884
1524,St. Louis,Median Home Value,tract,2,8330,268,688,Emb,4,1.0,0.9556088782243551,0.8851744186046512,0.8982558139534884,1.0,0.9881715794578865,0.9177765008112494,0.8982558139534884
1525,St. Louis,Median Home Value,tract,2,8330,268,688,Emb,5,0.6340987543148732,0.6394721055788842,0.7049418604651163,0.8982558139534884,0.9321703812502842,0.9147455587289611,0.8839237425635479,0.8982558139534884
1526,St. Louis,Median Home Value,tract,2,8330,268,688,Emb,6,0.9621791985592075,0.9184163167366527,0.873546511627907,0.8982558139534884,0.9919440582041711,0.9652027087711733,0.9075091265548946,0.8982558139534884
1527,St. Louis,Median Home Value,tract,2,8330,268,688,Emb,7,1.0,0.9514097180563887,0.8938953488372093,0.8982558139534884,1.0,0.9868540173519427,0.9188328150351541,0.8982558139534884
1528,St. Louis,Median Home Value,tract,2,8330,268,688,Emb,8,0.9360648356596127,0.9166166766646671,0.8415697674418605,0.8982558139534884,0.9785060851411101,0.9684431750821793,0.9002078826392645,0.8982558139534884
1529,St. Louis,Median Home Value,tract,2,8330,268,688,Emb,9,1.0,0.9448110377924415,0.8968023255813954,0.8982558139534884,1.0,0.9843832516031685,0.9170286303407248,0.8982558139534884
1530,St. Louis,Median Home Value,tract,2,8330,268,688,LightGCN,0,0.9833408374606033,0.9436112777444511,0.8866279069767442,0.8982558139534884,0.9997518634436446,0.9861444917461515,0.9280481003244998,0.8982558139534884
1531,St. Louis,Median Home Value,tract,2,8330,268,688,LightGCN,1,0.9989494221822002,0.9550089982003599,0.8938953488372093,0.8982558139534884,0.9999534110955415,0.9871602809362146,0.925614352352623,0.8982558139534884
1532,St. Louis,Median Home Value,tract,2,8330,268,688,LightGCN,2,0.894942218220021,0.9040191961607679,0.8343023255813954,0.8982558139534884,0.9552709381114795,0.9592534712866663,0.8995064899945918,0.8982558139534884
1533,St. Louis,Median Home Value,tract,2,8330,268,688,LightGCN,3,0.9213567462104157,0.8962207558488302,0.8284883720930233,0.8982558139534884,0.9681218234582112,0.9459287600366438,0.9056077609518658,0.8982558139534884
1534,St. Louis,Median Home Value,tract,2,8330,268,688,LightGCN,4,0.9768872880084046,0.9388122375524895,0.875,0.8982558139534884,0.9999309043784117,0.9847173573314653,0.928779069767442,0.8982558139534884
1535,St. Louis,Median Home Value,tract,2,8330,268,688,LightGCN,5,0.9711841512832058,0.9502099580083984,0.873546511627907,0.8982558139534884,0.9942704650202855,0.9815738894577068,0.9209454434829637,0.8982558139534884
1536,St. Louis,Median Home Value,tract,2,8330,268,688,LightGCN,6,0.9998499174546001,0.9532093581283744,0.8953488372093024,0.8982558139534884,0.9999997749328288,0.9853550322429991,0.9257453353163871,0.8982558139534884
1537,St. Louis,Median Home Value,tract,2,8330,268,688,LightGCN,7,0.9438691280204112,0.9340131973605279,0.8561046511627907,0.8982558139534884,0.9847026345012668,0.9775035476280289,0.9161202001081665,0.8982558139534884
1538,St. Louis,Median Home Value,tract,2,8330,268,688,LightGCN,8,0.9566261443794086,0.9448110377924415,0.8706395348837209,0.8982558139534884,0.9899765209926903,0.9848017818972176,0.9206158734451055,0.8982558139534884
1539,St. Louis,Median Home Value,tract,2,8330,268,688,LightGCN,9,0.9947471109110011,0.9586082783443312,0.8924418604651163,0.8982558139534884,0.999738697014124,0.9899822169531713,0.9259608234180637,0.8982558139534884
1540,St. Louis,Median Home Value,tract,2,8330,268,688,Feat-LightGCN,0,0.9209064985742158,0.8962207558488302,0.8299418604651163,0.8982558139534884,0.9675252829206877,0.9539203535054158,0.9157737290427257,0.8982558139534884
1541,St. Louis,Median Home Value,tract,2,8330,268,688,Feat-LightGCN,1,0.9995497523638001,0.9508098380323935,0.8938953488372093,0.8982558139534884,0.9999995498656574,0.987004903809883,0.9309466265548946,0.8982558139534884
1542,St. Louis,Median Home Value,tract,2,8330,268,688,Feat-LightGCN,2,0.9474711091100105,0.9370125974805039,0.8648255813953488,0.8982558139534884,0.9889447568126707,0.9862603509906415,0.9319142103839914,0.8982558139534884
1543,St. Louis,Median Home Value,tract,2,8330,268,688,Feat-LightGCN,3,0.9575266396518085,0.9316136772645471,0.8677325581395349,0.8982558139534884,0.9901121239633969,0.9751216971133985,0.9286354110329907,0.8982558139534884
1544,St. Louis,Median Home Value,tract,2,8330,268,688,Feat-LightGCN,4,0.855020261143629,0.8554289142171566,0.7587209302325582,0.8982558139534884,0.9331377199525199,0.937638986186704,0.8884532179556517,0.8982558139534884
1545,St. Louis,Median Home Value,tract,2,8330,268,688,Feat-LightGCN,5,0.8554705087798289,0.8446310737852429,0.7543604651162791,0.8982558139534884,0.905370620361647,0.8995347667546838,0.8625101406165496,0.8982558139534884
1546,St. Louis,Median Home Value,tract,2,8330,268,688,Feat-LightGCN,6,0.8470658862374306,0.8290341931613677,0.7281976744186046,0.8982558139534884,0.9354301416257682,0.9127858310430924,0.8832138994050838,0.8982558139534884
1547,St. Louis,Median Home Value,tract,2,8330,268,688,Feat-LightGCN,7,0.9813897643704037,0.9652069586082783,0.8808139534883721,0.8982558139534884,0.9977467962813501,0.9926209336997719,0.9260580043266631,0.8982558139534884
1548,St. Louis,Median Home Value,tract,2,8330,268,688,Feat-LightGCN,8,0.9380159087498124,0.9304139172165566,0.8546511627906976,0.8982558139534884,0.9833224100732865,0.9791597061306605,0.9283734451054624,0.8982558139534884
1549,St. Louis,Median Home Value,tract,2,8330,268,688,Feat-LightGCN,9,0.8787333033168242,0.874625074985003,0.7994186046511628,0.8982558139534884,0.9361599219286997,0.9305634890697131,0.8984417252568956,0.8982558139534884
1550,St. Louis,Median Home Value,tract,2,8330,268,688,Feat\&PC-LightGCN,0,1.0,0.97000599880024,0.8982558139534884,0.8982558139534884,1.0,0.9943390634262004,0.9352817401298,0.8982558139534884
1551,St. Louis,Median Home Value,tract,2,8330,268,688,Feat\&PC-LightGCN,1,0.795287408074441,0.7996400719856028,0.6395348837209303,0.8982558139534884,0.9179239106411308,0.9001194517792028,0.8815871755002704,0.8982558139534884
1552,St. Louis,Median Home Value,tract,2,8330,268,688,Feat\&PC-LightGCN,2,0.9240582320276152,0.9304139172165566,0.8502906976744186,0.8982558139534884,0.9777582994644752,0.9812810978786082,0.9235524269875608,0.8982558139534884
1553,St. Louis,Median Home Value,tract,2,8330,268,688,Feat\&PC-LightGCN,3,0.9027465105808195,0.883623275344931,0.8386627906976745,0.8982558139534884,0.9720016438906193,0.9651991162364607,0.9200243374797189,0.8982558139534884
1554,St. Louis,Median Home Value,tract,2,8330,268,688,Feat\&PC-LightGCN,4,1.0,0.9628074385122976,0.8895348837209303,0.8982558139534884,1.0,0.9922742540999802,0.9320663196322335,0.8982558139534884
1555,St. Louis,Median Home Value,tract,2,8330,268,688,Feat\&PC-LightGCN,5,0.9998499174546001,0.9544091181763648,0.8924418604651163,0.8982558139534884,1.0,0.9877862801099315,0.9340775419145484,0.8982558139534884
1556,St. Louis,Median Home Value,tract,2,8330,268,688,Feat\&PC-LightGCN,6,1.0,0.9616076784643072,0.8953488372093024,0.8982558139534884,1.0,0.9909450162562196,0.9349944226608978,0.8982558139534884
1557,St. Louis,Median Home Value,tract,2,8330,268,688,Feat\&PC-LightGCN,7,1.0,0.9694061187762447,0.8953488372093024,0.8982558139534884,1.0,0.9962889116416088,0.9362324229313143,0.8982558139534884
1558,St. Louis,Median Home Value,tract,2,8330,268,688,Feat\&PC-LightGCN,8,0.9768872880084046,0.9604079184163168,0.877906976744186,0.8982558139534884,0.9974380603891231,0.9929586319627813,0.9384844848566792,0.8982558139534884
1559,St. Louis,Median Home Value,tract,2,8330,268,688,Feat\&PC-LightGCN,9,0.9414678072940117,0.9328134373125375,0.8590116279069767,0.8982558139534884,0.9849044072203349,0.9795575793501105,0.9193609721471065,0.8982558139534884
1560,St. Louis,Median Home Value,tract,2,8330,268,688,RGNN,0,0.9419180549302116,0.9190161967606478,0.8633720930232558,0.8982558139534884,0.9828453239369291,0.9619335021824649,0.9163906165494862,0.8982558139534884
1561,St. Louis,Median Home Value,tract,2,8330,268,688,RGNN,1,0.990094552003602,0.9598080383923215,0.8837209302325582,0.8982558139534884,0.9989524248511968,0.9880224892673025,0.9187356341265549,0.8982558139534884
1562,St. Louis,Median Home Value,tract,2,8330,268,688,RGNN,2,0.8518685276902296,0.8722255548890222,0.815406976744186,0.8982558139534884,0.9071988972608875,0.9223635285875951,0.8768168604651162,0.8982558139534884
1563,St. Louis,Median Home Value,tract,2,8330,268,688,RGNN,3,0.8583220771424284,0.8308338332333534,0.8052325581395349,0.8982558139534884,0.9084658566349127,0.8795297372060856,0.8822251892915088,0.8982558139534884
1564,St. Louis,Median Home Value,tract,2,8330,268,688,RGNN,4,0.9372654960228125,0.9322135572885423,0.8561046511627907,0.8982558139534884,0.9820207340880885,0.977756821325286,0.9050922796106005,0.8982558139534884
1565,St. Louis,Median Home Value,tract,2,8330,268,688,RGNN,5,0.8304067236980339,0.8302339532093581,0.7747093023255814,0.8982558139534884,0.8928596989771598,0.8877261051534912,0.8560877501352083,0.8982558139534884
1566,St. Louis,Median Home Value,tract,2,8330,268,688,RGNN,6,0.8593726549602281,0.8422315536892622,0.8008720930232558,0.8982558139534884,0.9100868466693884,0.885653212624167,0.8821913872363439,0.8982558139534884
1567,St. Louis,Median Home Value,tract,2,8330,268,688,RGNN,7,0.9602281254690079,0.9526094781043791,0.873546511627907,0.8982558139534884,0.9886971829242437,0.9826013543855868,0.9138723634396971,0.8982558139534884
1568,St. Louis,Median Home Value,tract,2,8330,268,688,RGNN,8,0.9893441392766021,0.9652069586082783,0.8837209302325582,0.8982558139534884,0.9991117724084753,0.9908767580966751,0.9230918739859384,0.8982558139534884
1569,St. Louis,Median Home Value,tract,2,8330,268,688,RGNN,9,0.8670268647756266,0.8554289142171566,0.8343023255813954,0.8982558139534884,0.9083681774825696,0.8953081496649962,0.8583060100054085,0.8982558139534884
1570,St. Louis,Median Home Value,tract,2,8330,268,688,Feat-RGNN,0,0.9627795287408074,0.9388122375524895,0.8662790697674418,0.8982558139534884,0.9918415401076451,0.983000125738715,0.9242664954029206,0.8982558139534884
1571,St. Louis,Median Home Value,tract,2,8330,268,688,Feat-RGNN,1,0.9312621942068138,0.9070185962807439,0.8459302325581395,0.8982558139534884,0.9716396796123803,0.9464326130301234,0.8981290562466198,0.8982558139534884
1572,St. Louis,Median Home Value,tract,2,8330,268,688,Feat-RGNN,2,0.9620291160138076,0.9592081583683263,0.8793604651162791,0.8982558139534884,0.9893839191306645,0.9871980025506997,0.9226777988101676,0.8982558139534884
1573,St. Louis,Median Home Value,tract,2,8330,268,688,Feat-RGNN,3,0.8168992946120366,0.7876424715056989,0.7630813953488372,0.8982558139534884,0.864664690426858,0.8409656733308186,0.8370571930773392,0.8982558139534884
1574,St. Louis,Median Home Value,tract,2,8330,268,688,Feat-RGNN,4,0.8239531742458353,0.8212357528494301,0.7122093023255814,0.8982558139534884,0.778930978200444,0.7761832911210504,0.7496577541914549,0.8982558139534884
1575,St. Louis,Median Home Value,tract,2,8330,268,688,Feat-RGNN,5,0.9545249887438091,0.943011397720456,0.8619186046511628,0.8982558139534884,0.9900078053295006,0.9801710046523324,0.9143709437533801,0.8982558139534884
1576,St. Louis,Median Home Value,tract,2,8330,268,688,Feat-RGNN,6,0.9282605432988144,0.9088182363527294,0.8502906976744186,0.8982558139534884,0.9786769673909177,0.9673097303802698,0.9022698080043267,0.8982558139534884
1577,St. Louis,Median Home Value,tract,2,8330,268,688,Feat-RGNN,7,0.9581269698334084,0.9550089982003599,0.872093023255814,0.8982558139534884,0.9868870239322924,0.9839961559878573,0.9204384126554894,0.8982558139534884
1578,St. Louis,Median Home Value,tract,2,8330,268,688,Feat-RGNN,8,0.9747861323728051,0.9610077984403119,0.8677325581395349,0.8982558139534884,0.9951902020157916,0.9893517271110632,0.9259734991887507,0.8982558139534884
1579,St. Louis,Median Home Value,tract,2,8330,268,688,Feat-RGNN,9,0.9578268047426084,0.943011397720456,0.8662790697674418,0.8982558139534884,0.9873035669995711,0.9817104057767959,0.9191454840454298,0.8982558139534884
1580,St. Louis,Median Home Value,tract,2,8330,268,688,Feat\&PC-RGNN,0,0.9681825003752064,0.9514097180563887,0.8808139534883721,0.8982558139534884,0.9947262260421624,0.9870929209103483,0.9204468631692807,0.8982558139534884
1581,St. Louis,Median Home Value,tract,2,8330,268,688,Feat\&PC-RGNN,1,0.9861924058232028,0.9562087582483503,0.8793604651162791,0.8982558139534884,0.9988395536647915,0.9842161987390202,0.9242284680908599,0.8982558139534884
1582,St. Louis,Median Home Value,tract,2,8330,268,688,Feat\&PC-RGNN,2,0.9656310971034069,0.9610077984403119,0.876453488372093,0.8982558139534884,0.9934918451411824,0.9908246663433385,0.9202525013520821,0.8982558139534884
1583,St. Louis,Median Home Value,tract,2,8330,268,688,Feat\&PC-RGNN,3,0.9725348941918055,0.9544091181763648,0.875,0.8982558139534884,0.9956950276810114,0.989130786226222,0.928977656841536,0.8982558139534884
1584,St. Louis,Median Home Value,tract,2,8330,268,688,Feat\&PC-RGNN,4,0.9425183851118115,0.9388122375524895,0.8575581395348837,0.8982558139534884,0.9839021268397553,0.9778322645542563,0.9094147174148187,0.8982558139534884
1585,St. Louis,Median Home Value,tract,2,8330,268,688,Feat\&PC-RGNN,5,0.9531742458352094,0.9370125974805039,0.8648255813953488,0.8982558139534884,0.9879798938493193,0.9797524743582835,0.9193820984315846,0.8982558139534884
1586,St. Louis,Median Home Value,tract,2,8330,268,688,Feat\&PC-RGNN,6,0.9708839861924058,0.9490101979604079,0.8677325581395349,0.8982558139534884,0.9935481682007995,0.9883835390059457,0.9264002501352082,0.8982558139534884
1587,St. Louis,Median Home Value,tract,2,8330,268,688,Feat\&PC-RGNN,7,0.9687828305568063,0.9532093581283744,0.875,0.8982558139534884,0.9941269284317903,0.9868737762928634,0.9203074296917252,0.8982558139534884
1588,St. Louis,Median Home Value,tract,2,8330,268,688,Feat\&PC-RGNN,8,0.9927960378208014,0.9562087582483503,0.8953488372093024,0.8982558139534884,0.9993660983120413,0.9898079790195974,0.935002873174689,0.8982558139534884
1589,St. Louis,Median Home Value,tract,2,8330,268,688,Feat\&PC-RGNN,9,0.9722347291010055,0.9658068386322736,0.877906976744186,0.8982558139534884,0.9944615470487167,0.9888451797165491,0.930553677663602,0.8982558139534884
1590,St. Louis,Median Home Value,tract,2,8330,268,688,NoPreTrain,0,1.0,0.9634073185362927,0.8997093023255814,0.8982558139534884,1.0,0.9868692856244724,0.9128667522985396,0.8982558139534884
1591,St. Louis,Median Home Value,tract,2,8330,268,688,NoPreTrain,1,1.0,0.9586082783443312,0.8909883720930233,0.8982558139534884,1.0,0.9846805338506583,0.9193144943212548,0.8982558139534884
1592,St. Louis,Median Home Value,tract,2,8330,268,688,NoPreTrain,2,1.0,0.9628074385122976,0.8982558139534884,0.8982558139534884,1.0,0.9904977456844676,0.9169821525148728,0.8982558139534884
1593,St. Louis,Median Home Value,tract,2,8330,268,688,NoPreTrain,3,1.0,0.9610077984403119,0.8982558139534884,0.8982558139534884,1.0,0.9882775592319161,0.9099513250405624,0.8982558139534884
1594,St. Louis,Median Home Value,tract,2,8330,268,688,NoPreTrain,4,1.0,0.9568086382723455,0.8880813953488372,0.8982558139534884,1.0,0.9885389161322772,0.9057345186587346,0.8982558139534884
1595,St. Louis,Median Home Value,tract,2,8330,268,688,NoPreTrain,5,1.0,0.9562087582483503,0.8968023255813954,0.8982558139534884,1.0,0.9862352032476513,0.9105217347214712,0.8982558139534884
1596,St. Louis,Median Home Value,tract,2,8330,268,688,NoPreTrain,6,1.0,0.9634073185362927,0.8982558139534884,0.8982558139534884,1.0,0.9900073646961615,0.9210341738777719,0.8982558139534884
1597,St. Louis,Median Home Value,tract,2,8330,268,688,NoPreTrain,7,1.0,0.973005398920216,0.8924418604651163,0.8982558139534884,1.0,0.9917856693790305,0.9224707612222823,0.8982558139534884
1598,St. Louis,Median Home Value,tract,2,8330,268,688,NoPreTrain,8,1.0,0.9604079184163168,0.8953488372093024,0.8982558139534884,1.0,0.9897585816672952,0.9180215657111952,0.8982558139534884
1599,St. Louis,Median Home Value,tract,2,8330,268,688,NoPreTrain,9,1.0,0.9676064787042592,0.8953488372093024,0.8982558139534884,1.0,0.990258842126062,0.9096259802595996,0.8982558139534884
1600,St. Louis,Median Age,tract,2,8760,271,728,Emb,0,0.586329908675799,0.5776255707762558,0.5384615384615384,0.7335164835164835,0.9478507939451039,0.9191529592439767,0.7368353522774445,0.7334691875165101
1601,St. Louis,Median Age,tract,2,8760,271,728,Emb,1,1.0,0.9332191780821918,0.7252747252747253,0.7335164835164835,1.0,0.9784741158695985,0.7657421034756029,0.7334691875165101
1602,St. Louis,Median Age,tract,2,8760,271,728,Emb,2,1.0,0.9360730593607306,0.7362637362637363,0.7335164835164835,1.0,0.9807298948700847,0.7544473376353825,0.7334691875165101
1603,St. Louis,Median Age,tract,2,8760,271,728,Emb,3,1.0,0.9155251141552512,0.7225274725274725,0.7335164835164835,1.0,0.9729555487708198,0.748854673761274,0.7334691875165101
1604,St. Louis,Median Age,tract,2,8760,271,728,Emb,4,1.0,0.9235159817351598,0.7335164835164835,0.7335164835164835,1.0,0.977059585848672,0.7608324842446886,0.7334691875165101
1605,St. Louis,Median Age,tract,2,8760,271,728,Emb,5,1.0,0.9138127853881278,0.7239010989010989,0.7335164835164835,1.0,0.969996108240702,0.7499981131363449,0.7334691875165101
1606,St. Louis,Median Age,tract,2,8760,271,728,Emb,6,1.0,0.9218036529680366,0.7293956043956044,0.7335164835164835,1.0,0.9791574668709077,0.7486093814860939,0.7334691875165101
1607,St. Louis,Median Age,tract,2,8760,271,728,Emb,7,1.0,0.9166666666666666,0.7307692307692307,0.7335164835164835,1.0,0.9713909829116387,0.7604249216951583,0.7334691875165101
1608,St. Louis,Median Age,tract,2,8760,271,728,Emb,8,0.8852739726027398,0.8624429223744292,0.6717032967032966,0.7335164835164835,0.9624455874394451,0.9444487395024052,0.7397109324880184,0.7334691875165101
1609,St. Louis,Median Age,tract,2,8760,271,728,Emb,9,1.0,0.9126712328767124,0.728021978021978,0.7335164835164835,1.0,0.9740234894535944,0.753428431261557,0.7334691875165101
1610,St. Louis,Median Age,tract,2,8760,271,728,LightGCN,0,0.9089611872146118,0.8984018264840182,0.6868131868131868,0.7335164835164835,0.9696334670333919,0.95564966828321,0.7452507641797803,0.7334691875165101
1611,St. Louis,Median Age,tract,2,8760,271,728,LightGCN,1,0.903681506849315,0.8886986301369864,0.7005494505494505,0.7335164835164835,0.9691348763219861,0.9521103949283956,0.7399977357636137,0.7334691875165101
1612,St. Louis,Median Age,tract,2,8760,271,728,LightGCN,2,0.9863013698630136,0.9497716894977168,0.7307692307692307,0.7335164835164835,0.9993410543915948,0.9906204669849086,0.764598664100532,0.7334691875165101
1613,St. Louis,Median Age,tract,2,8760,271,728,LightGCN,3,0.9556221461187214,0.9252283105022832,0.7129120879120879,0.7335164835164835,0.9912206922352195,0.9757387463293634,0.7548284840937394,0.7334691875165101
1614,St. Louis,Median Age,tract,2,8760,271,728,LightGCN,4,0.9837328767123288,0.9337899543378996,0.728021978021978,0.7335164835164835,0.9990293532996746,0.9826102566857673,0.7643307294614892,0.7334691875165101
1615,St. Louis,Median Age,tract,2,8760,271,728,LightGCN,5,0.8625856164383562,0.8567351598173516,0.6620879120879121,0.7335164835164835,0.9371651629231962,0.9324249067353643,0.7176346277218009,0.7334691875165101
1616,St. Louis,Median Age,tract,2,8760,271,728,LightGCN,6,0.898829908675799,0.875,0.6895604395604396,0.7335164835164835,0.9993213171443136,0.9846884823580131,0.7697196120608325,0.7334691875165101
1617,St. Louis,Median Age,tract,2,8760,271,728,LightGCN,7,0.6622431506849316,0.6592465753424658,0.5686813186813187,0.7335164835164835,0.9926385390964565,0.9734102425339153,0.7602701988754293,0.7334691875165101
1618,St. Louis,Median Age,tract,2,8760,271,728,LightGCN,8,0.9511986301369864,0.934931506849315,0.7129120879120879,0.7335164835164835,0.9920765189326883,0.9828670865922996,0.7590852484999433,0.7334691875165101
1619,St. Louis,Median Age,tract,2,8760,271,728,LightGCN,9,0.9958618721461188,0.91324200913242,0.7197802197802198,0.7335164835164835,0.9997879679119859,0.9741008004968873,0.7668629004868108,0.7334691875165101
1620,St. Louis,Median Age,tract,2,8760,271,728,Feat-LightGCN,0,0.999857305936073,0.9337899543378996,0.7225274725274725,0.7335164835164835,1.0,0.9826666020224044,0.7665421336654212,0.7334691875165101
1621,St. Louis,Median Age,tract,2,8760,271,728,Feat-LightGCN,1,1.0,0.9263698630136986,0.728021978021978,0.7335164835164835,1.0,0.9796016777806751,0.7703045397939545,0.7334691875165101
1622,St. Louis,Median Age,tract,2,8760,271,728,Feat-LightGCN,2,0.83162100456621,0.8281963470319634,0.6565934065934066,0.7335164835164835,0.9295153416558455,0.9231004087002441,0.7150760406053058,0.7334691875165101
1623,St. Louis,Median Age,tract,2,8760,271,728,Feat-LightGCN,3,0.999857305936073,0.9235159817351598,0.7239010989010989,0.7335164835164835,0.9999999181027084,0.9782068031097384,0.7651609494697913,0.7334691875165101
1624,St. Louis,Median Age,tract,2,8760,271,728,Feat-LightGCN,4,0.8998287671232876,0.865296803652968,0.695054945054945,0.7335164835164835,0.9999928749356287,0.985032450982833,0.768976187780671,0.7334691875165101
1625,St. Louis,Median Age,tract,2,8760,271,728,Feat-LightGCN,5,0.9997146118721462,0.9195205479452054,0.7335164835164835,0.7335164835164835,1.0,0.9788849126843836,0.7650477376504773,0.7334691875165101
1626,St. Louis,Median Age,tract,2,8760,271,728,Feat-LightGCN,6,0.999857305936073,0.9286529680365296,0.7321428571428571,0.7335164835164835,0.9999998362054168,0.9827543959190252,0.7695346994226197,0.7334691875165101
1627,St. Louis,Median Age,tract,2,8760,271,728,Feat-LightGCN,7,0.9994292237442922,0.9337899543378996,0.7362637362637363,0.7335164835164835,0.9999945947787529,0.9829719151255781,0.7765349635835314,0.7334691875165101
1628,St. Louis,Median Age,tract,2,8760,271,728,Feat-LightGCN,8,0.5977454337899544,0.6050228310502284,0.5494505494505495,0.7335164835164835,0.9268541710618212,0.9191477178173127,0.728846371561191,0.7334691875165101
1629,St. Louis,Median Age,tract,2,8760,271,728,Feat-LightGCN,9,0.9984303652968036,0.9223744292237442,0.7239010989010989,0.7335164835164835,0.9999842757200083,0.9787669805844452,0.7697875391524209,0.7334691875165101
1630,St. Louis,Median Age,tract,2,8760,271,728,Feat\&PC-LightGCN,0,0.999857305936073,0.9412100456621004,0.728021978021978,0.7335164835164835,1.0,0.986889881556861,0.7629042605381335,0.7334691875165101
1631,St. Louis,Median Age,tract,2,8760,271,728,Feat\&PC-LightGCN,1,0.8898401826484018,0.8778538812785388,0.6895604395604396,0.7335164835164835,0.9569391001911811,0.9421313737386179,0.7292426129287898,0.7334691875165101
1632,St. Louis,Median Age,tract,2,8760,271,728,Feat\&PC-LightGCN,2,0.999857305936073,0.9372146118721462,0.7321428571428571,0.7335164835164835,1.0,0.9864502568954244,0.7649835842861995,0.7334691875165101
1633,St. Louis,Median Age,tract,2,8760,271,728,Feat\&PC-LightGCN,3,0.999857305936073,0.9366438356164384,0.7266483516483516,0.7335164835164835,0.9999995905135419,0.9852440735843889,0.7650137741046832,0.7334691875165101
1634,St. Louis,Median Age,tract,2,8760,271,728,Feat\&PC-LightGCN,4,0.999857305936073,0.9366438356164384,0.7307692307692307,0.7335164835164835,1.0,0.9865832580970215,0.7635420204536021,0.7334691875165101
1635,St. Louis,Median Age,tract,2,8760,271,728,Feat\&PC-LightGCN,5,0.999857305936073,0.9389269406392694,0.728021978021978,0.7335164835164835,0.9999941852922947,0.9860473222206352,0.7614702441601571,0.7334691875165101
1636,St. Louis,Median Age,tract,2,8760,271,728,Feat\&PC-LightGCN,6,0.9994292237442922,0.9412100456621004,0.728021978021978,0.7335164835164835,0.9999962327245854,0.9868381224685547,0.7608626740631721,0.7334691875165101
1637,St. Louis,Median Age,tract,2,8760,271,728,Feat\&PC-LightGCN,7,0.9835901826484018,0.9394977168949772,0.7225274725274725,0.7335164835164835,0.9987020098250543,0.9855821456042121,0.7633042756330428,0.7334691875165101
1638,St. Louis,Median Age,tract,2,8760,271,728,Feat\&PC-LightGCN,8,0.9997146118721462,0.9497716894977168,0.7321428571428571,0.7335164835164835,0.9999998362054168,0.9889772797257685,0.7649684893769576,0.7334691875165101
1639,St. Louis,Median Age,tract,2,8760,271,728,Feat\&PC-LightGCN,9,0.9095319634703196,0.8710045662100456,0.6895604395604396,0.7335164835164835,0.9750795550290834,0.9549407653269143,0.7343899769802634,0.7334691875165101
1640,St. Louis,Median Age,tract,2,8760,271,728,RGNN,0,0.947345890410959,0.9235159817351598,0.7060439560439561,0.7335164835164835,0.9875342903960029,0.9753731568195547,0.7427751990641157,0.7334691875165101
1641,St. Louis,Median Age,tract,2,8760,271,728,RGNN,1,0.6652397260273972,0.66837899543379,0.5741758241758241,0.7335164835164835,0.7440481962285314,0.7256014864686019,0.6365711913657119,0.7334691875165101
1642,St. Louis,Median Age,tract,2,8760,271,728,RGNN,2,0.88712899543379,0.877283105022831,0.6826923076923077,0.7335164835164835,0.9520307088636455,0.9423115477801903,0.7243594097890486,0.7334691875165101
1643,St. Louis,Median Age,tract,2,8760,271,728,RGNN,3,0.8898401826484018,0.8681506849315068,0.6785714285714286,0.7335164835164835,0.9553455836394107,0.9477750798989977,0.7303935997584815,0.7334691875165101
1644,St. Louis,Median Age,tract,2,8760,271,728,RGNN,4,0.976170091324201,0.964041095890411,0.7252747252747253,0.7335164835164835,0.9977451218697218,0.9924968977305932,0.7556964413751461,0.7334691875165101
1645,St. Louis,Median Age,tract,2,8760,271,728,RGNN,5,0.9509132420091324,0.9257990867579908,0.6936813186813187,0.7335164835164835,0.9889339560584997,0.9764974428389664,0.752209517340277,0.7334691875165101
1646,St. Louis,Median Age,tract,2,8760,271,728,RGNN,6,0.9561929223744292,0.9440639269406392,0.7197802197802198,0.7335164835164835,0.9917201838168331,0.9864260152971037,0.7544284689988303,0.7334691875165101
1647,St. Louis,Median Age,tract,2,8760,271,728,RGNN,7,0.9195205479452054,0.8881278538812786,0.6923076923076923,0.7335164835164835,0.9783156446103064,0.9605720230989673,0.7432921997056493,0.7334691875165101
1648,St. Louis,Median Age,tract,2,8760,271,728,RGNN,8,0.935074200913242,0.920662100456621,0.7019230769230769,0.7335164835164835,0.9848789345096843,0.9780023874698454,0.7618740329823768,0.7334691875165101
1649,St. Louis,Median Age,tract,2,8760,271,728,RGNN,9,0.9626141552511416,0.9292237442922374,0.6991758241758241,0.7335164835164835,0.9938292028707294,0.9805503760068454,0.7616476093437489,0.7334691875165101
1650,St. Louis,Median Age,tract,2,8760,271,728,Feat-RGNN,0,0.8600171232876712,0.8476027397260274,0.6675824175824175,0.7335164835164835,0.9409439449073642,0.9384335472272198,0.7112419336578739,0.7334691875165101
1651,St. Louis,Median Age,tract,2,8760,271,728,Feat-RGNN,1,0.9196632420091324,0.9103881278538812,0.6936813186813187,0.7335164835164835,0.9788388045091992,0.9741361801268689,0.7421449866032681,0.7334691875165101
1652,St. Louis,Median Age,tract,2,8760,271,728,Feat-RGNN,2,0.879994292237443,0.8692922374429224,0.6758241758241759,0.7335164835164835,0.9352008973322449,0.9235688612083324,0.7146043246914978,0.7334691875165101
1653,St. Louis,Median Age,tract,2,8760,271,728,Feat-RGNN,3,0.94449200913242,0.9023972602739726,0.7046703296703297,0.7335164835164835,0.9872874110104028,0.9685553710864561,0.7491075134910752,0.7334691875165101
1654,St. Louis,Median Age,tract,2,8760,271,728,Feat-RGNN,4,0.9581906392694064,0.9452054794520548,0.7101648351648352,0.7335164835164835,0.9929909840909598,0.9863932563804542,0.7563379750179252,0.7334691875165101
1655,St. Louis,Median Age,tract,2,8760,271,728,Feat-RGNN,5,0.9626141552511416,0.9360730593607306,0.7074175824175825,0.7335164835164835,0.994220712873337,0.9824490828158515,0.7544058266349674,0.7334691875165101
1656,St. Louis,Median Age,tract,2,8760,271,728,Feat-RGNN,6,0.963898401826484,0.934931506849315,0.7197802197802198,0.7335164835164835,0.9938487763234276,0.982838258745648,0.757855013396732,0.7334691875165101
1657,St. Louis,Median Age,tract,2,8760,271,728,Feat-RGNN,7,0.954337899543379,0.9218036529680366,0.7156593406593407,0.7335164835164835,0.9914656470344664,0.9792387089841984,0.7528208611645721,0.7334691875165101
1658,St. Louis,Median Age,tract,2,8760,271,728,Feat-RGNN,8,0.8926940639269406,0.896689497716895,0.6868131868131868,0.7335164835164835,0.9587564420409591,0.9607548178538716,0.7406543643156346,0.7334691875165101
1659,St. Louis,Median Age,tract,2,8760,271,728,Feat-RGNN,9,0.886843607305936,0.8573059360730594,0.6826923076923077,0.7335164835164835,0.958770855964285,0.9361934925067255,0.7442922374429224,0.7334691875165101
1660,St. Louis,Median Age,tract,2,8760,271,728,Feat\&PC-RGNN,0,0.894263698630137,0.8898401826484018,0.6758241758241759,0.7335164835164835,0.9651490579845927,0.9613300644302373,0.7405222838597683,0.7334691875165101
1661,St. Louis,Median Age,tract,2,8760,271,728,Feat\&PC-RGNN,1,0.8457477168949772,0.8299086757990868,0.6593406593406593,0.7335164835164835,0.9276621287923359,0.9132733888837202,0.7132797464055247,0.7334691875165101
1662,St. Louis,Median Age,tract,2,8760,271,728,Feat\&PC-RGNN,2,0.9751712328767124,0.940068493150685,0.7197802197802198,0.7335164835164835,0.9963423031614976,0.9861272539772601,0.7625683988075022,0.7334691875165101
1663,St. Louis,Median Age,tract,2,8760,271,728,Feat\&PC-RGNN,3,0.9726027397260274,0.9257990867579908,0.7197802197802198,0.7335164835164835,0.9967509706467003,0.9814152114063928,0.7532623872598966,0.7334691875165101
1664,St. Louis,Median Age,tract,2,8760,271,728,Feat\&PC-RGNN,4,0.9827340182648402,0.9526255707762558,0.7266483516483516,0.7335164835164835,0.9989917624428193,0.9896730791154045,0.7585757953130307,0.7334691875165101
1665,St. Louis,Median Age,tract,2,8760,271,728,Feat\&PC-RGNN,5,0.9443493150684932,0.910958904109589,0.7019230769230769,0.7335164835164835,0.9878719119807221,0.974326181843436,0.749707536133439,0.7334691875165101
1666,St. Louis,Median Age,tract,2,8760,271,728,Feat\&PC-RGNN,6,0.9726027397260274,0.9560502283105022,0.717032967032967,0.7335164835164835,0.9963716223918988,0.992246619607391,0.7578361447601796,0.7334691875165101
1667,St. Louis,Median Age,tract,2,8760,271,728,Feat\&PC-RGNN,7,0.9333618721461188,0.9058219178082192,0.7032967032967034,0.7335164835164835,0.98473876729507,0.9739710751869552,0.7519529038831655,0.7334691875165101
1668,St. Louis,Median Age,tract,2,8760,271,728,Feat\&PC-RGNN,8,0.9045376712328768,0.8909817351598174,0.6785714285714286,0.7335164835164835,0.9966738233979906,0.9832392278854382,0.7548624476395336,0.7334691875165101
1669,St. Louis,Median Age,tract,2,8760,271,728,Feat\&PC-RGNN,9,0.9813070776255708,0.9377853881278538,0.7225274725274725,0.7335164835164835,0.998745824876073,0.9864954642004008,0.7617155364353372,0.7334691875165101
1670,St. Louis,Median Age,tract,2,8760,271,728,NoPreTrain,0,1.0,0.9394977168949772,0.7211538461538461,0.7335164835164835,1.0,0.9825512906357982,0.7496207404052984,0.7334691875165101
1671,St. Louis,Median Age,tract,2,8760,271,728,NoPreTrain,1,1.0,0.932648401826484,0.7266483516483516,0.7335164835164835,1.0,0.977340002175192,0.7433337107060645,0.7334691875165101
1672,St. Louis,Median Age,tract,2,8760,271,728,NoPreTrain,2,1.0,0.9463470319634704,0.7307692307692307,0.7335164835164835,1.0,0.9809284139049808,0.7477187818408242,0.7334691875165101
1673,St. Louis,Median Age,tract,2,8760,271,728,NoPreTrain,3,1.0,0.9372146118721462,0.7266483516483516,0.7335164835164835,1.0,0.9808569994666848,0.7474470734744708,0.7334691875165101
1674,St. Louis,Median Age,tract,2,8760,271,728,NoPreTrain,4,1.0,0.944634703196347,0.7321428571428571,0.7335164835164835,1.0,0.9864522224304233,0.7537265557190838,0.7334691875165101
1675,St. Louis,Median Age,tract,2,8760,271,728,NoPreTrain,5,1.0,0.932648401826484,0.728021978021978,0.7335164835164835,1.0,0.980296166813645,0.7450847201781199,0.7334691875165101
1676,St. Louis,Median Age,tract,2,8760,271,728,NoPreTrain,6,1.0,0.9389269406392694,0.7307692307692307,0.7335164835164835,1.0,0.9844447560181405,0.7561341937431602,0.7334691875165101
1677,St. Louis,Median Age,tract,2,8760,271,728,NoPreTrain,7,1.0,0.9412100456621004,0.7362637362637363,0.7335164835164835,1.0,0.9801585793637171,0.7593607305936073,0.7334691875165101
1678,St. Louis,Median Age,tract,2,8760,271,728,NoPreTrain,8,1.0,0.9412100456621004,0.7266483516483516,0.7335164835164835,1.0,0.9830151568955554,0.7485414543945055,0.7334691875165101
1679,St. Louis,Median Age,tract,2,8760,271,728,NoPreTrain,9,1.0,0.9315068493150684,0.728021978021978,0.7335164835164835,1.0,0.9778471102049265,0.7465111891014755,0.7334691875165101
1680,Indianapolis,Median Income,tract,2,5781,193,454,Emb,0,1.0,0.9464131374243734,0.8502202643171806,0.8546255506607929,1.0,0.9887392616670536,0.8537231461895243,0.8546255506607929
1681,Indianapolis,Median Income,tract,2,5781,193,454,Emb,1,1.0,0.9567847882454624,0.8502202643171806,0.8546255506607929,1.0,0.9887515742519226,0.8537716625589473,0.8546255506607929
1682,Indianapolis,Median Income,tract,2,5781,193,454,Emb,2,1.0,0.9662921348314607,0.8392070484581498,0.8546255506607929,1.0,0.9914304409312535,0.8601370102272505,0.8546255506607929
1683,Indianapolis,Median Income,tract,2,5781,193,454,Emb,3,0.8817041522491349,0.8444252376836646,0.7026431718061674,0.8546255506607929,0.9858351428248884,0.9728120536687985,0.8391682353626114,0.8546255506607929
1684,Indianapolis,Median Income,tract,2,5781,193,454,Emb,4,1.0,0.9498703543647364,0.8458149779735683,0.8546255506607929,1.0,0.9873778415686938,0.8664732480739001,0.8546255506607929
1685,Indianapolis,Median Income,tract,2,5781,193,454,Emb,5,1.0,0.9550561797752809,0.8502202643171806,0.8546255506607929,1.0,0.9859249565541648,0.8612237769023268,0.8546255506607929
1686,Indianapolis,Median Income,tract,2,5781,193,454,Emb,6,1.0,0.9636992221261884,0.8480176211453745,0.8546255506607929,1.0,0.9924154477207646,0.8534029381513322,0.8546255506607929
1687,Indianapolis,Median Income,tract,2,5781,193,454,Emb,7,0.9206314878892734,0.88504753673293,0.762114537444934,0.8546255506607929,0.9939566877396732,0.9767169020129317,0.8516369423043335,0.8546255506607929
1688,Indianapolis,Median Income,tract,2,5781,193,454,Emb,8,1.0,0.9429559204840103,0.8458149779735683,0.8546255506607929,1.0,0.9883241516629024,0.8634167168002485,0.8546255506607929
1689,Indianapolis,Median Income,tract,2,5781,193,454,Emb,9,1.0,0.9567847882454624,0.8436123348017621,0.8546255506607929,1.0,0.989164925315378,0.8610782277940577,0.8546255506607929
1690,Indianapolis,Median Income,tract,2,5781,193,454,LightGCN,0,1.0,0.9576490924805532,0.8480176211453745,0.8546255506607929,1.0,0.9922430715326002,0.8715771701372043,0.8546255506607929
1691,Indianapolis,Median Income,tract,2,5781,193,454,LightGCN,1,0.9227941176470589,0.9178910976663786,0.7577092511013216,0.8546255506607929,0.9757341449733472,0.9706116188586585,0.8436608511711851,0.8546255506607929
1692,Indianapolis,Median Income,tract,2,5781,193,454,LightGCN,2,0.9772923875432526,0.9524632670700086,0.8193832599118943,0.8546255506607929,0.9970888647035374,0.9912967614383913,0.8740223951561258,0.8546255506607929
1693,Indianapolis,Median Income,tract,2,5781,193,454,LightGCN,3,0.9993512110726643,0.9515989628349178,0.8370044052863436,0.8546255506607929,0.999979273898518,0.9858194201124314,0.8735760445574337,0.8546255506607929
1694,Indianapolis,Median Income,tract,2,5781,193,454,LightGCN,4,0.9816176470588235,0.9559204840103717,0.8325991189427313,0.8546255506607929,0.9981533925541259,0.9874939316546002,0.8764870267228163,0.8546255506607929
1695,Indianapolis,Median Income,tract,2,5781,193,454,LightGCN,5,0.9733996539792388,0.9559204840103717,0.8259911894273128,0.8546255506607929,0.9956126811990447,0.9876276111474626,0.873119990684857,0.8546255506607929
1696,Indianapolis,Median Income,tract,2,5781,193,454,LightGCN,6,0.9757785467128027,0.9559204840103717,0.8237885462555066,0.8546255506607929,0.9963535290818072,0.9901323426979336,0.8701313823283976,0.8546255506607929
1697,Indianapolis,Median Income,tract,2,5781,193,454,LightGCN,7,0.9727508650519031,0.9515989628349178,0.8171806167400881,0.8546255506607929,0.9941043060901223,0.9864174599489205,0.8607192066603272,0.8546255506607929
1698,Indianapolis,Median Income,tract,2,5781,193,454,LightGCN,8,0.9913494809688581,0.9550561797752809,0.8370044052863436,0.8546255506607929,0.9989842005369383,0.9891121570945114,0.8703351510799744,0.8546255506607929
1699,Indianapolis,Median Income,tract,2,5781,193,454,LightGCN,9,0.9809688581314879,0.9498703543647364,0.8259911894273128,0.8546255506607929,0.9984742061462151,0.9886407609881026,0.8818723437287741,0.8546255506607929
1700,Indianapolis,Median Income,tract,2,5781,193,454,Feat-LightGCN,0,0.9664792387543253,0.9394987035436474,0.8259911894273128,0.8546255506607929,0.9950405085038754,0.9838669959403649,0.8877137146073084,0.8546255506607929
1701,Indianapolis,Median Income,tract,2,5781,193,454,Feat-LightGCN,1,0.8946799307958477,0.8694900605012964,0.751101321585903,0.8546255506607929,0.9831376627660438,0.9752235613624051,0.8580119932465214,0.8546255506607929
1702,Indianapolis,Median Income,tract,2,5781,193,454,Feat-LightGCN,2,0.9076557093425606,0.9170267934312878,0.7863436123348018,0.8546255506607929,0.9658804271517222,0.9608108013030232,0.8476391934638747,0.8546255506607929
1703,Indianapolis,Median Income,tract,2,5781,193,454,Feat-LightGCN,3,0.960856401384083,0.9343128781331028,0.8105726872246696,0.8546255506607929,0.9923306809803182,0.980039540986836,0.8688117370800909,0.8546255506607929
1704,Indianapolis,Median Income,tract,2,5781,193,454,Feat-LightGCN,4,0.9059256055363322,0.8980121002592912,0.7665198237885462,0.8546255506607929,0.9730419566850936,0.9640613237084098,0.8583224980108288,0.8546255506607929
1705,Indianapolis,Median Income,tract,2,5781,193,454,Feat-LightGCN,5,1.0,0.9576490924805532,0.8480176211453745,0.8546255506607929,1.0,0.9910188488084936,0.883114362786004,0.8546255506607929
1706,Indianapolis,Median Income,tract,2,5781,193,454,Feat-LightGCN,6,0.9556660899653979,0.9386343993085566,0.7907488986784141,0.8546255506607929,0.9904923419259929,0.984377088742076,0.8702284150672437,0.8546255506607929
1707,Indianapolis,Median Income,tract,2,5781,193,454,Feat-LightGCN,7,0.856401384083045,0.8452895419187554,0.751101321585903,0.8546255506607929,0.9259306460546322,0.9217904609128198,0.8201595218226629,0.8546255506607929
1708,Indianapolis,Median Income,tract,2,5781,193,454,Feat-LightGCN,8,0.9225778546712803,0.9170267934312878,0.7863436123348018,0.8546255506607929,0.9845500142877806,0.9793816971666984,0.8652700421122087,0.8546255506607929
1709,Indianapolis,Median Income,tract,2,5781,193,454,Feat-LightGCN,9,0.9822664359861591,0.9317199654278306,0.8281938325991189,0.8546255506607929,0.9981463368600044,0.9832443309341382,0.8721981796658193,0.8546255506607929
1710,Indianapolis,Median Income,tract,2,5781,193,454,Feat\&PC-LightGCN,0,1.0,0.9723422644770959,0.8524229074889867,0.8546255506607929,1.0,0.996703745136529,0.8784761978691611,0.8546255506607929
1711,Indianapolis,Median Income,tract,2,5781,193,454,Feat\&PC-LightGCN,1,0.8953287197231834,0.902333621434745,0.7577092511013216,0.8546255506607929,0.9741413220254077,0.9672133454348453,0.8538492887500242,0.8546255506607929
1712,Indianapolis,Median Income,tract,2,5781,193,454,Feat\&PC-LightGCN,2,0.9541522491349481,0.9464131374243734,0.8083700440528634,0.8546255506607929,0.9914396791070313,0.9861360294376316,0.8635913757301714,0.8546255506607929
1713,Indianapolis,Median Income,tract,2,5781,193,454,Feat\&PC-LightGCN,3,0.9240916955017301,0.9308556611927399,0.7863436123348018,0.8546255506607929,0.9827807989868023,0.9805883304838493,0.8535970036290245,0.8546255506607929
1714,Indianapolis,Median Income,tract,2,5781,193,454,Feat\&PC-LightGCN,4,0.7264273356401384,0.7199654278305964,0.5484581497797357,0.8546255506607929,0.9793319977492335,0.9705993062737898,0.8542665295270624,0.8546255506607929
1715,Indianapolis,Median Income,tract,2,5781,193,454,Feat\&PC-LightGCN,5,0.9344723183391004,0.9334485738980121,0.7819383259911894,0.8546255506607929,0.9837027797670914,0.9806973848069738,0.8536746298201013,0.8546255506607929
1716,Indianapolis,Median Income,tract,2,5781,193,454,Feat\&PC-LightGCN,6,0.9234429065743944,0.9222126188418324,0.7863436123348018,0.8546255506607929,0.9760264050532881,0.974555163898094,0.8590696500999437,0.8546255506607929
1717,Indianapolis,Median Income,tract,2,5781,193,454,Feat\&PC-LightGCN,7,0.9442041522491349,0.9291270527225584,0.7951541850220264,0.8546255506607929,0.9851409286704603,0.9798812363242361,0.8714704341244737,0.8546255506607929
1718,Indianapolis,Median Income,tract,2,5781,193,454,Feat\&PC-LightGCN,8,0.9342560553633218,0.9213483146067416,0.801762114537445,0.8546255506607929,0.987107041935518,0.9813059782876361,0.864464670379786,0.8546255506607929
1719,Indianapolis,Median Income,tract,2,5781,193,454,Feat\&PC-LightGCN,9,0.9243079584775087,0.9204840103716508,0.788546255506608,0.8546255506607929,0.9809383808593131,0.9781609923239828,0.8531991693997555,0.8546255506607929
1720,Indianapolis,Median Income,tract,2,5781,193,454,RGNN,0,0.9928633217993079,0.9688850475367329,0.8392070484581498,0.8546255506607929,0.9995896672887438,0.9945894984204713,0.8694327466087056,0.8546255506607929
1721,Indianapolis,Median Income,tract,2,5781,193,454,RGNN,1,0.9273356401384083,0.9178910976663786,0.788546255506608,0.8546255506607929,0.9734999153316706,0.9687823205352808,0.8421277338974171,0.8546255506607929
1722,Indianapolis,Median Income,tract,2,5781,193,454,RGNN,2,0.9913494809688581,0.9611063094209161,0.8348017621145375,0.8546255506607929,0.9996558144211333,0.991745291315758,0.8606221739214811,0.8546255506607929
1723,Indianapolis,Median Income,tract,2,5781,193,454,RGNN,3,0.9943771626297578,0.9498703543647364,0.8370044052863436,0.8546255506607929,0.9999863295926394,0.9852706306154181,0.8714995439461274,0.8546255506607929
1724,Indianapolis,Median Income,tract,2,5781,193,454,RGNN,4,0.9457179930795848,0.9256698357821953,0.788546255506608,0.8546255506607929,0.9860387657474273,0.9775699882502762,0.8362475499233442,0.8546255506607929
1725,Indianapolis,Median Income,tract,2,5781,193,454,RGNN,5,0.971885813148789,0.9533275713050994,0.8149779735682819,0.8546255506607929,0.9955531487798941,0.9891139160352069,0.8556638009664461,0.8546255506607929
1726,Indianapolis,Median Income,tract,2,5781,193,454,RGNN,6,0.7188581314878892,0.7199654278305964,0.5330396475770925,0.8546255506607929,0.9792925299602411,0.9704163764414518,0.8400609365599954,0.8546255506607929
1727,Indianapolis,Median Income,tract,2,5781,193,454,RGNN,7,0.9567474048442907,0.9438202247191011,0.7841409691629956,0.8546255506607929,0.9893969454136223,0.9830860262715382,0.844233344330377,0.8546255506607929
1728,Indianapolis,Median Income,tract,2,5781,193,454,RGNN,8,0.9199826989619377,0.9222126188418324,0.762114537444934,0.8546255506607929,0.9749789652119002,0.9763193814157362,0.839304081196996,0.8546255506607929
1729,Indianapolis,Median Income,tract,2,5781,193,454,RGNN,9,0.9874567474048442,0.9688850475367329,0.8325991189427313,0.8546255506607929,0.9986090360510691,0.9943186215533557,0.8723049156785501,0.8546255506607929
1730,Indianapolis,Median Income,tract,2,5781,193,454,Feat-RGNN,0,0.8334775086505191,0.8297320656871219,0.698237885462555,0.8546255506607929,0.9154900929234916,0.908770781884318,0.7837722447553804,0.8546255506607929
1731,Indianapolis,Median Income,tract,2,5781,193,454,Feat-RGNN,1,0.9604238754325259,0.9507346585998271,0.8061674008810573,0.8546255506607929,0.9900009789775593,0.9839866039076626,0.8528595548137942,0.8546255506607929
1732,Indianapolis,Median Income,tract,2,5781,193,454,Feat-RGNN,2,0.9662629757785467,0.9490060501296457,0.8149779735682819,0.8546255506607929,0.9927231539658291,0.9851826835806403,0.8641153525199402,0.8546255506607929
1733,Indianapolis,Median Income,tract,2,5781,193,454,Feat-RGNN,3,0.9859429065743944,0.9602420051858254,0.8281938325991189,0.8546255506607929,0.9979798665768241,0.9876944508938937,0.8647751751440936,0.8546255506607929
1734,Indianapolis,Median Income,tract,2,5781,193,454,Feat-RGNN,4,0.9305795847750865,0.9239412273120138,0.7775330396475771,0.8546255506607929,0.9782672494082035,0.9666311360646165,0.8398765743561877,0.8546255506607929
1735,Indianapolis,Median Income,tract,2,5781,193,454,Feat-RGNN,5,0.9935121107266436,0.9645635263612792,0.8436123348017621,0.8546255506607929,0.9998233871565201,0.9933406505266268,0.8661724465834773,0.8546255506607929
1736,Indianapolis,Median Income,tract,2,5781,193,454,Feat-RGNN,6,0.9556660899653979,0.9576490924805532,0.7951541850220264,0.8546255506607929,0.9907550562867999,0.9920003377166136,0.8535970036290244,0.8546255506607929
1737,Indianapolis,Median Income,tract,2,5781,193,454,Feat-RGNN,7,0.9338235294117647,0.9075194468452895,0.7819383259911894,0.8546255506607929,0.9824323138443302,0.9696371657133208,0.8308331230957324,0.8546255506607929
1738,Indianapolis,Median Income,tract,2,5781,193,454,Feat-RGNN,8,0.7123702422145328,0.7277441659464131,0.7070484581497798,0.8546255506607929,0.8920861350318741,0.8911497139962429,0.7868190727551475,0.8546255506607929
1739,Indianapolis,Median Income,tract,2,5781,193,454,Feat-RGNN,9,0.7915224913494809,0.8046672428694901,0.7158590308370044,0.8546255506607929,0.8605010998063212,0.8617032878119482,0.7659473306293543,0.8546255506607929
1740,Indianapolis,Median Income,tract,2,5781,193,454,Feat\&PC-RGNN,0,0.9695069204152249,0.9490060501296457,0.8105726872246696,0.8546255506607929,0.9947183719691383,0.9884859742068938,0.8657940189019775,0.8546255506607929
1741,Indianapolis,Median Income,tract,2,5781,193,454,Feat\&PC-RGNN,1,0.8966262975778547,0.878133102852204,0.775330396475771,0.8546255506607929,0.9503193142570884,0.9422117623882194,0.8218867045741234,0.8546255506607929
1742,Indianapolis,Median Income,tract,2,5781,193,454,Feat\&PC-RGNN,2,0.9803200692041523,0.9654278305963699,0.8325991189427313,0.8546255506607929,0.9973903853820129,0.9907444540599869,0.8693745269653981,0.8546255506607929
1743,Indianapolis,Median Income,tract,2,5781,193,454,Feat\&PC-RGNN,3,0.9775086505190311,0.9636992221261884,0.8215859030837004,0.8546255506607929,0.9966509706871188,0.9940477446862401,0.8623881697684799,0.8546255506607929
1744,Indianapolis,Median Income,tract,2,5781,193,454,Feat\&PC-RGNN,4,0.9024653979238755,0.9066551426101987,0.7665198237885462,0.8546255506607929,0.9635721127217693,0.9635653024322632,0.8344621475285761,0.8546255506607929
1745,Indianapolis,Median Income,tract,2,5781,193,454,Feat\&PC-RGNN,5,0.971885813148789,0.9559204840103717,0.8325991189427313,0.8546255506607929,0.9957778285395771,0.989228247180418,0.8591666828387898,0.8546255506607929
1746,Indianapolis,Median Income,tract,2,5781,193,454,Feat\&PC-RGNN,6,0.9552335640138409,0.9455488331892826,0.7973568281938326,0.8546255506607929,0.9876093191607958,0.9863189592699693,0.8454850666614916,0.8546255506607929
1747,Indianapolis,Median Income,tract,2,5781,193,454,Feat\&PC-RGNN,7,0.9801038062283737,0.9688850475367329,0.8171806167400881,0.8546255506607929,0.998012278671695,0.9948920362201068,0.8621552911952493,0.8546255506607929
1748,Indianapolis,Median Income,tract,2,5781,193,454,Feat\&PC-RGNN,8,0.904628027681661,0.9049265341400173,0.7665198237885462,0.8546255506607929,0.9996333243961206,0.9955147012263335,0.8619612257175571,0.8546255506607929
1749,Indianapolis,Median Income,tract,2,5781,193,454,Feat\&PC-RGNN,9,0.9370674740484429,0.9325842696629213,0.7907488986784141,0.8546255506607929,0.9791998137296752,0.9794239117433916,0.8374313493372664,0.8546255506607929
1750,Indianapolis,Median Income,tract,2,5781,193,454,NoPreTrain,0,1.0,0.9654278305963699,0.8502202643171806,0.8546255506607929,1.0,0.9940934771443246,0.859506297424751,0.8546255506607929
1751,Indianapolis,Median Income,tract,2,5781,193,454,NoPreTrain,1,1.0,0.9671564390665515,0.8502202643171806,0.8546255506607929,1.0,0.9940020122281557,0.8532670923169478,0.8546255506607929
1752,Indianapolis,Median Income,tract,2,5781,193,454,NoPreTrain,2,1.0,0.9628349178910977,0.8436123348017621,0.8546255506607929,1.0,0.9915606025427247,0.8540724640493702,0.8546255506607929
1753,Indianapolis,Median Income,tract,2,5781,193,454,NoPreTrain,3,1.0,0.9680207433016422,0.8480176211453745,0.8546255506607929,1.0,0.9946739275738579,0.8550913078072542,0.8546255506607929
1754,Indianapolis,Median Income,tract,2,5781,193,454,NoPreTrain,4,1.0,0.9662921348314607,0.8524229074889867,0.8546255506607929,1.0,0.992141052972258,0.8660074909274389,0.8546255506607929
1755,Indianapolis,Median Income,tract,2,5781,193,454,NoPreTrain,5,1.0,0.9645635263612792,0.8414096916299559,0.8546255506607929,1.0,0.9881975079328226,0.8529856973742941,0.8546255506607929
1756,Indianapolis,Median Income,tract,2,5781,193,454,NoPreTrain,6,1.0,0.9740708729472775,0.8480176211453745,0.8546255506607929,1.0,0.9941638347721469,0.8595742203419434,0.8546255506607929
1757,Indianapolis,Median Income,tract,2,5781,193,454,NoPreTrain,7,1.0,0.9706136560069144,0.8392070484581498,0.8546255506607929,1.0,0.9920566238188713,0.8443982999864154,0.8546255506607929
1758,Indianapolis,Median Income,tract,2,5781,193,454,NoPreTrain,8,1.0,0.9688850475367329,0.8480176211453745,0.8546255506607929,1.0,0.9936431883262624,0.851006229501834,0.8546255506607929
1759,Indianapolis,Median Income,tract,2,5781,193,454,NoPreTrain,9,1.0,0.958513396715644,0.8436123348017621,0.8546255506607929,1.0,0.9908886871970225,0.8592346057559821,0.8546255506607929
1760,Indianapolis,Median Home Value,tract,2,5368,189,434,Emb,0,0.9576152771308803,0.9106145251396648,0.8548387096774194,0.8847926267281107,0.9922848537005164,0.9661153552330023,0.8762449829047123,0.8847926267281105
1761,Indianapolis,Median Home Value,tract,2,5368,189,434,Emb,1,1.0,0.9441340782122905,0.8824884792626728,0.8847926267281107,1.0,0.9847097020626432,0.899987258170698,0.8847926267281105
1762,Indianapolis,Median Home Value,tract,2,5368,189,434,Emb,2,1.0,0.9515828677839852,0.8755760368663594,0.8847926267281107,1.0,0.9857104660045837,0.90890653868207,0.8847926267281105
1763,Indianapolis,Median Home Value,tract,2,5368,189,434,Emb,3,1.0,0.9357541899441341,0.8732718894009217,0.8847926267281107,1.0,0.9818544690603513,0.9032151882605279,0.8847926267281105
1764,Indianapolis,Median Home Value,tract,2,5368,189,434,Emb,4,1.0,0.9422718808193669,0.8778801843317973,0.8847926267281107,1.0,0.9870741023682201,0.9082588290258872,0.8847926267281105
1765,Indianapolis,Median Home Value,tract,2,5368,189,434,Emb,5,1.0,0.9376163873370578,0.8709677419354839,0.8847926267281107,1.0,0.9839686783804431,0.9006774405912208,0.8847926267281105
1766,Indianapolis,Median Home Value,tract,2,5368,189,434,Emb,6,1.0,0.9515828677839852,0.880184331797235,0.8847926267281107,1.0,0.9903132161955691,0.9018560598016523,0.8847926267281105
1767,Indianapolis,Median Home Value,tract,2,5368,189,434,Emb,7,1.0,0.9459962756052142,0.8778801843317973,0.8847926267281107,1.0,0.9871810542398778,0.9059865361337043,0.8847926267281105
1768,Indianapolis,Median Home Value,tract,2,5368,189,434,Emb,8,1.0,0.9497206703910615,0.8847926267281107,0.8847926267281107,1.0,0.9894117647058823,0.9045955531015737,0.8847926267281105
1769,Indianapolis,Median Home Value,tract,2,5368,189,434,Emb,9,1.0,0.9506517690875232,0.8824884792626728,0.8847926267281107,1.0,0.9905003819709702,0.9119858140967105,0.8847926267281105
1770,Indianapolis,Median Home Value,tract,2,5368,189,434,LightGCN,0,0.97973917093619,0.9478584729981379,0.8571428571428571,0.8847926267281107,0.9973505928475808,0.9857983193277311,0.9005606404892863,0.8847926267281105
1771,Indianapolis,Median Home Value,tract,2,5368,189,434,LightGCN,1,0.9550535631113182,0.9227188081936686,0.8341013824884793,0.8847926267281107,0.9877041499330657,0.970423987776929,0.8868631739896791,0.8847926267281105
1772,Indianapolis,Median Home Value,tract,2,5368,189,434,LightGCN,2,0.9720540288775035,0.946927374301676,0.8571428571428571,0.8847926267281107,0.9959050487664945,0.9866042780748663,0.8974495105013911,0.8847926267281105
1773,Indianapolis,Median Home Value,tract,2,5368,189,434,LightGCN,3,0.9142990218910108,0.8919925512104283,0.815668202764977,0.8847926267281107,0.974203241537579,0.966837280366692,0.8821486971479539,0.8847926267281105
1774,Indianapolis,Median Home Value,tract,2,5368,189,434,LightGCN,4,0.9983698183511877,0.9590316573556797,0.8709677419354839,0.8847926267281107,0.9999416714476955,0.9927616501145914,0.897757438042855,0.8847926267281105
1775,Indianapolis,Median Home Value,tract,2,5368,189,434,LightGCN,5,0.9972054028877504,0.952513966480447,0.8732718894009217,0.8847926267281107,0.9999349780072672,0.9862070282658517,0.8938499437235873,0.8847926267281105
1776,Indianapolis,Median Home Value,tract,2,5368,189,434,LightGCN,6,0.819981369352585,0.8175046554934823,0.7672811059907834,0.8847926267281107,0.9635869669152803,0.9554469060351412,0.88177706045998,0.8847926267281105
1777,Indianapolis,Median Home Value,tract,2,5368,189,434,LightGCN,7,0.9091755938518864,0.9013035381750466,0.8225806451612904,0.8847926267281107,0.9688853031172309,0.9633040488922843,0.8822973518231435,0.8847926267281105
1778,Indianapolis,Median Home Value,tract,2,5368,189,434,LightGCN,8,0.9993013507219376,0.9553072625698324,0.880184331797235,0.8847926267281107,0.9999698795180724,0.9886554621848741,0.9115398500711419,0.8847926267281105
1779,Indianapolis,Median Home Value,tract,2,5368,189,434,LightGCN,9,0.9666977177456917,0.9515828677839852,0.8617511520737328,0.8847926267281107,0.9946921017402943,0.9896218487394959,0.8937437618127375,0.8847926267281105
1780,Indianapolis,Median Home Value,tract,2,5368,189,434,Feat-LightGCN,0,1.0,0.9441340782122905,0.8709677419354839,0.8847926267281107,1.0,0.9858938120702827,0.9011021682346195,0.8847926267281105
1781,Indianapolis,Median Home Value,tract,2,5368,189,434,Feat-LightGCN,1,1.0,0.9497206703910615,0.880184331797235,0.8847926267281107,1.0,0.9865049656226127,0.9133343243645013,0.8847926267281105
1782,Indianapolis,Median Home Value,tract,2,5368,189,434,Feat-LightGCN,2,0.8414066138798323,0.8566108007448789,0.7304147465437788,0.8847926267281107,0.9495958835341365,0.9484453781512605,0.869629849858778,0.8847926267281105
1783,Indianapolis,Median Home Value,tract,2,5368,189,434,Feat-LightGCN,3,1.0,0.9497206703910615,0.880184331797235,0.8847926267281107,1.0,0.9892742551566082,0.8999978763617831,0.8847926267281105
1784,Indianapolis,Median Home Value,tract,2,5368,189,434,Feat-LightGCN,4,0.9077782952957615,0.9115456238361266,0.8202764976958525,0.8847926267281107,0.9684657678332376,0.9670893812070284,0.8849200450211301,0.8847926267281105
1785,Indianapolis,Median Home Value,tract,2,5368,189,434,Feat-LightGCN,5,0.8630647414997671,0.8361266294227188,0.7811059907834101,0.8847926267281107,0.9762614744693059,0.9544079449961803,0.8812142963324768,0.8847926267281105
1786,Indianapolis,Median Home Value,tract,2,5368,189,434,Feat-LightGCN,6,0.9329296693060084,0.904096834264432,0.8202764976958525,0.8847926267281107,0.9823529833620194,0.9674980901451489,0.880513495720869,0.8847926267281105
1787,Indianapolis,Median Home Value,tract,2,5368,189,434,Feat-LightGCN,7,0.9273404750815091,0.9283054003724395,0.8387096774193549,0.8847926267281107,0.9846390323197552,0.9789304812834225,0.9083437745545668,0.8847926267281105
1788,Indianapolis,Median Home Value,tract,2,5368,189,434,Feat-LightGCN,8,0.8858872845831393,0.8770949720670391,0.804147465437788,0.8847926267281107,0.9710944970357621,0.9614018334606569,0.8964938733037441,0.8847926267281105
1789,Indianapolis,Median Home Value,tract,2,5368,189,434,Feat-LightGCN,9,0.6071262226362366,0.6089385474860335,0.6175115207373272,0.8847926267281107,0.9869243641231593,0.9610886172650879,0.8920023784748029,0.8847926267281105
1790,Indianapolis,Median Home Value,tract,2,5368,189,434,Feat\&PC-LightGCN,0,0.9280391243595715,0.9124767225325885,0.815668202764977,0.8847926267281107,0.9835697552113215,0.9741673032849504,0.887553356410202,0.8847926267281105
1791,Indianapolis,Median Home Value,tract,2,5368,189,434,Feat\&PC-LightGCN,1,0.9375873311597578,0.9227188081936686,0.8317972350230415,0.8847926267281107,0.9810440571811053,0.9740718105423988,0.8860880460404765,0.8847926267281105
1792,Indianapolis,Median Home Value,tract,2,5368,189,434,Feat\&PC-LightGCN,2,0.9031206334420121,0.9003724394785847,0.8341013824884793,0.8847926267281107,0.9705971505067891,0.9677692895339953,0.8905476862961625,0.8847926267281105
1793,Indianapolis,Median Home Value,tract,2,5368,189,434,Feat\&PC-LightGCN,3,0.8490917559385188,0.8463687150837989,0.7695852534562212,0.8847926267281107,0.9707111780455154,0.9691061879297174,0.8909511775573913,0.8847926267281105
1794,Indianapolis,Median Home Value,tract,2,5368,189,434,Feat\&PC-LightGCN,4,0.9122030740568234,0.9227188081936686,0.8133640552995391,0.8847926267281107,0.9756530885446548,0.977070282658518,0.8877763384229864,0.8847926267281105
1795,Indianapolis,Median Home Value,tract,2,5368,189,434,Feat\&PC-LightGCN,5,0.9112715416860736,0.8910614525139665,0.8271889400921659,0.8847926267281107,0.9806179479824059,0.9686134453781512,0.8863853553908555,0.8847926267281105
1796,Indianapolis,Median Home Value,tract,2,5368,189,434,Feat\&PC-LightGCN,6,0.9021891010712623,0.8919925512104283,0.8133640552995391,0.8847926267281107,0.9701862210747753,0.9608174178762413,0.891386523391875,0.8847926267281105
1797,Indianapolis,Median Home Value,tract,2,5368,189,434,Feat\&PC-LightGCN,7,0.8858872845831393,0.8687150837988827,0.8087557603686636,0.8847926267281107,0.9753132769171926,0.9706226126814361,0.8848881904478753,0.8847926267281105
1798,Indianapolis,Median Home Value,tract,2,5368,189,434,Feat\&PC-LightGCN,8,0.9443409408476945,0.9292364990689013,0.8502304147465438,0.8847926267281107,0.9849801587301587,0.9793659281894577,0.8953789632398225,0.8847926267281105
1799,Indianapolis,Median Home Value,tract,2,5368,189,434,Feat\&PC-LightGCN,9,0.9485328365160689,0.9283054003724395,0.8433179723502304,0.8847926267281107,0.9880878275004782,0.9802635599694424,0.909256938987874,0.8847926267281105
1800,Indianapolis,Median Home Value,tract,2,5368,189,434,RGNN,0,0.9499301350721937,0.925512104283054,0.8248847926267281,0.8847926267281107,0.9900179288582903,0.981707410236822,0.8851854997982543,0.8847926267281105
1801,Indianapolis,Median Home Value,tract,2,5368,189,434,RGNN,1,0.9550535631113182,0.9273743016759777,0.8387096774193549,0.8847926267281107,0.991822767259514,0.9774866310160428,0.8832954617851303,0.8847926267281105
1802,Indianapolis,Median Home Value,tract,2,5368,189,434,RGNN,2,0.9664648346530041,0.952513966480447,0.8387096774193549,0.8847926267281107,0.9940856282271945,0.9915087853323147,0.8934358342712736,0.8847926267281105
1803,Indianapolis,Median Home Value,tract,2,5368,189,434,RGNN,3,0.9934792734047508,0.9608938547486033,0.8755760368663594,0.8847926267281107,0.999489625167336,0.9922498090145149,0.8971840557242667,0.8847926267281105
1804,Indianapolis,Median Home Value,tract,2,5368,189,434,RGNN,4,0.9641360037261295,0.9543761638733705,0.8341013824884793,0.8847926267281107,0.9921091508892714,0.990305576776165,0.8969504555203975,0.8847926267281105
1805,Indianapolis,Median Home Value,tract,2,5368,189,434,RGNN,5,0.9592454587796926,0.9245810055865922,0.8617511520737328,0.8847926267281107,0.9924466915280169,0.9810656990068755,0.8853872454288688,0.8847926267281105
1806,Indianapolis,Median Home Value,tract,2,5368,189,434,RGNN,6,0.9063809967396367,0.8873370577281192,0.8087557603686636,0.8847926267281107,0.9765265825205586,0.9674102368220016,0.8737072352354053,0.8847926267281105
1807,Indianapolis,Median Home Value,tract,2,5368,189,434,RGNN,7,0.9266418258034467,0.9068901303538175,0.8225806451612904,0.8847926267281107,0.9777745505832856,0.9634224598930481,0.87859160313449,0.8847926267281105
1808,Indianapolis,Median Home Value,tract,2,5368,189,434,RGNN,8,0.9748486259897532,0.9534450651769087,0.868663594470046,0.8847926267281107,0.9958646490724805,0.9867838044308632,0.895867400029731,0.8847926267281105
1809,Indianapolis,Median Home Value,tract,2,5368,189,434,RGNN,9,0.9268747088961341,0.9320297951582868,0.8202764976958525,0.8847926267281107,0.9846940141518454,0.9846829640947288,0.8819257151351696,0.8847926267281105
1810,Indianapolis,Median Home Value,tract,2,5368,189,434,Feat-RGNN,0,0.9673963670237541,0.9515828677839852,0.847926267281106,0.8847926267281107,0.9940378179384203,0.9851718869365927,0.8946675444371297,0.8847926267281105
1811,Indianapolis,Median Home Value,tract,2,5368,189,434,Feat-RGNN,1,0.9476013041453191,0.9273743016759777,0.8341013824884793,0.8847926267281107,0.9897623828647925,0.9775324675324674,0.8932234704495743,0.8847926267281105
1812,Indianapolis,Median Home Value,tract,2,5368,189,434,Feat-RGNN,2,0.9904517931998137,0.9683426443202979,0.868663594470046,0.8847926267281107,0.9993908969210173,0.9938961038961039,0.9023020238272208,0.8847926267281105
1813,Indianapolis,Median Home Value,tract,2,5368,189,434,Feat-RGNN,3,0.9939450395901258,0.9553072625698324,0.8640552995391705,0.8847926267281107,0.9996631765155862,0.9914094728800611,0.9001677674191426,0.8847926267281105
1814,Indianapolis,Median Home Value,tract,2,5368,189,434,Feat-RGNN,4,0.959944108057755,0.9543761638733705,0.8456221198156681,0.8847926267281107,0.9913535092751962,0.9850229182582124,0.8996474760559792,0.8847926267281105
1815,Indianapolis,Median Home Value,tract,2,5368,189,434,Feat-RGNN,5,0.9958081043316255,0.9562383612662942,0.8709677419354839,0.8847926267281107,0.9999459743736852,0.9863941940412528,0.8995625305272995,0.8847926267281105
1816,Indianapolis,Median Home Value,tract,2,5368,189,434,Feat-RGNN,6,0.9084769445738239,0.8994413407821229,0.815668202764977,0.8847926267281107,0.966063539873781,0.9573949579831931,0.8846439720529211,0.8847926267281105
1817,Indianapolis,Median Home Value,tract,2,5368,189,434,Feat-RGNN,7,0.9457382394038193,0.9394785847299814,0.8387096774193549,0.8847926267281107,0.9865861063300823,0.9825668449197861,0.8866932829323196,0.8847926267281105
1818,Indianapolis,Median Home Value,tract,2,5368,189,434,Feat-RGNN,8,0.9541220307405682,0.9357541899441341,0.8502304147465438,0.8847926267281107,0.9875014343086633,0.982742551566081,0.8840281169699931,0.8847926267281105
1819,Indianapolis,Median Home Value,tract,2,5368,189,434,Feat-RGNN,9,0.928272007452259,0.9236499068901304,0.8341013824884793,0.8847926267281107,0.982557252820807,0.9754507257448435,0.8903247042833783,0.8847926267281105
1820,Indianapolis,Median Home Value,tract,2,5368,189,434,Feat\&PC-RGNN,0,0.9715882626921285,0.9515828677839852,0.8525345622119815,0.8847926267281107,0.9946000669344043,0.9843544690603514,0.8918431056085284,0.8847926267281105
1821,Indianapolis,Median Home Value,tract,2,5368,189,434,Feat\&PC-RGNN,1,0.9392175128085701,0.9134078212290503,0.8433179723502304,0.8847926267281107,0.9837358959648117,0.9664171122994651,0.8910361230860709,0.8847926267281105
1822,Indianapolis,Median Home Value,tract,2,5368,189,434,Feat\&PC-RGNN,2,0.9625058220773172,0.9366852886405959,0.8433179723502304,0.8847926267281107,0.9928480589022758,0.9849809014514898,0.888201066066385,0.8847926267281105
1823,Indianapolis,Median Home Value,tract,2,5368,189,434,Feat\&PC-RGNN,3,0.9257102934326968,0.9152700186219739,0.8225806451612904,0.8847926267281107,0.9766205297379996,0.9681550802139038,0.888487757225679,0.8847926267281105
1824,Indianapolis,Median Home Value,tract,2,5368,189,434,Feat\&PC-RGNN,4,0.9583139264089428,0.957169459962756,0.8456221198156681,0.8847926267281107,0.9885886402753873,0.9847669977081741,0.8788252033383592,0.8847926267281105
1825,Indianapolis,Median Home Value,tract,2,5368,189,434,Feat\&PC-RGNN,5,0.8952026082906381,0.8631284916201117,0.8018433179723502,0.8847926267281107,0.9538659399502774,0.9322918258212377,0.8552740555119029,0.8847926267281105
1826,Indianapolis,Median Home Value,tract,2,5368,189,434,Feat\&PC-RGNN,6,0.9028877503493247,0.8864059590316573,0.8248847926267281,0.8847926267281107,0.9648395964811627,0.9480022918258212,0.8761494191849477,0.8847926267281105
1827,Indianapolis,Median Home Value,tract,2,5368,189,434,Feat\&PC-RGNN,7,0.9692594317652539,0.9581005586592178,0.8525345622119815,0.8847926267281107,0.9952321189519985,0.9909434682964094,0.8893796852768162,0.8847926267281105
1828,Indianapolis,Median Home Value,tract,2,5368,189,434,Feat\&PC-RGNN,8,0.9252445272473219,0.9236499068901304,0.8271889400921659,0.8847926267281107,0.9717852361828265,0.9663101604278075,0.8798870224468559,0.8847926267281105
1829,Indianapolis,Median Home Value,tract,2,5368,189,434,Feat\&PC-RGNN,9,0.9629715882626921,0.9478584729981379,0.8341013824884793,0.8847926267281107,0.9934781985083191,0.9888770053475936,0.8849306632122151,0.8847926267281105
1830,Indianapolis,Median Home Value,tract,2,5368,189,434,NoPreTrain,0,1.0,0.9590316573556797,0.8709677419354839,0.8847926267281107,1.0,0.9898968678380443,0.893892416487927,0.8847926267281105
1831,Indianapolis,Median Home Value,tract,2,5368,189,434,NoPreTrain,1,1.0,0.9664804469273743,0.880184331797235,0.8847926267281107,1.0,0.9910618792971734,0.9130794877784622,0.8847926267281105
1832,Indianapolis,Median Home Value,tract,2,5368,189,434,NoPreTrain,2,1.0,0.9599627560521415,0.880184331797235,0.8847926267281107,1.0,0.9892704354469061,0.8971203465777571,0.8847926267281105
1833,Indianapolis,Median Home Value,tract,2,5368,189,434,NoPreTrain,3,1.0,0.9636871508379888,0.8778801843317973,0.8847926267281107,1.0,0.9886764705882354,0.9020896600055215,0.8847926267281105
1834,Indianapolis,Median Home Value,tract,2,5368,189,434,NoPreTrain,4,1.0,0.9562383612662942,0.880184331797235,0.8847926267281107,1.0,0.9927081741787624,0.8970884920045021,0.8847926267281105
1835,Indianapolis,Median Home Value,tract,2,5368,189,434,NoPreTrain,5,1.0,0.9618249534450651,0.8709677419354839,0.8847926267281107,1.0,0.9905805958747136,0.9008473316485803,0.8847926267281105
1836,Indianapolis,Median Home Value,tract,2,5368,189,434,NoPreTrain,6,1.0,0.9534450651769087,0.880184331797235,0.8847926267281107,1.0,0.988538961038961,0.8940410711631167,0.8847926267281105
1837,Indianapolis,Median Home Value,tract,2,5368,189,434,NoPreTrain,7,1.0,0.9497206703910615,0.8755760368663594,0.8847926267281107,1.0,0.9912223071046602,0.8962178003355349,0.8847926267281105
1838,Indianapolis,Median Home Value,tract,2,5368,189,434,NoPreTrain,8,1.0,0.9692737430167597,0.880184331797235,0.8847926267281107,1.0,0.9931436210847975,0.9025143876489202,0.8847926267281105
1839,Indianapolis,Median Home Value,tract,2,5368,189,434,NoPreTrain,9,1.0,0.9683426443202979,0.8847926267281107,0.8847926267281107,1.0,0.9935561497326203,0.9129733058676124,0.8847926267281105
1840,Indianapolis,Median Age,tract,2,5834,193,463,Emb,0,1.0,0.925513698630137,0.7408207343412527,0.7494600431965442,1.0,0.977867581695777,0.757250027992386,0.7494308214832233
1841,Indianapolis,Median Age,tract,2,5834,193,463,Emb,1,1.0,0.9443493150684932,0.734341252699784,0.7494600431965442,1.0,0.9793208275309687,0.7624659425969469,0.7494308214832233
1842,Indianapolis,Median Age,tract,2,5834,193,463,Emb,2,1.0,0.9392123287671232,0.7537796976241901,0.7494600431965442,1.0,0.9802765111177857,0.7620087336244541,0.7494308214832233
1843,Indianapolis,Median Age,tract,2,5834,193,463,Emb,3,1.0,0.9443493150684932,0.7494600431965442,0.7494600431965442,1.0,0.9821924291656428,0.7523793528160342,0.7494308214832233
1844,Indianapolis,Median Age,tract,2,5834,193,463,Emb,4,1.0,0.952054794520548,0.7408207343412527,0.7494600431965442,1.0,0.9877884875017825,0.7546187437017132,0.7494308214832233
1845,Indianapolis,Median Age,tract,2,5834,193,463,Emb,5,1.0,0.9426369863013698,0.7451403887688985,0.7494600431965442,1.0,0.9802552737047453,0.7608517150001867,0.7494308214832233
1846,Indianapolis,Median Age,tract,2,5834,193,463,Emb,6,1.0,0.9511986301369864,0.7429805615550756,0.7494600431965442,1.0,0.9859924091417962,0.754786698018139,0.7494308214832233
1847,Indianapolis,Median Age,tract,2,5834,193,463,Emb,7,1.0,0.949486301369863,0.7386609071274298,0.7494600431965442,1.0,0.9847818765984945,0.7540495651849364,0.7494308214832233
1848,Indianapolis,Median Age,tract,2,5834,193,463,Emb,8,1.0,0.9315068493150684,0.7494600431965442,0.7494600431965442,1.0,0.9841750933687695,0.7716567760235882,0.7494308214832233
1849,Indianapolis,Median Age,tract,2,5834,193,463,Emb,9,1.0,0.9434931506849316,0.7429805615550756,0.7494600431965442,1.0,0.9834818435288085,0.7512503265778374,0.7494308214832233
1850,Indianapolis,Median Age,tract,2,5834,193,463,LightGCN,0,0.9783540505786541,0.9434931506849316,0.7257019438444925,0.7494600431965442,0.9966132883191143,0.9864050217380091,0.7539562572313665,0.7494308214832233
1851,Indianapolis,Median Age,tract,2,5834,193,463,LightGCN,1,0.9164166309472782,0.9041095890410958,0.7105831533477321,0.7494600431965442,0.9795896254391168,0.969402955641112,0.7444761691486582,0.7494308214832233
1852,Indianapolis,Median Age,tract,2,5834,193,463,LightGCN,2,0.9324903557651093,0.8921232876712328,0.6889848812095032,0.7494600431965442,0.9828139969889136,0.9610202453224598,0.7368062553652074,0.7494308214832233
1853,Indianapolis,Median Age,tract,2,5834,193,463,LightGCN,3,0.9920702957565366,0.946917808219178,0.7429805615550756,0.7494600431965442,0.9996469957571057,0.9852369640207884,0.7574926286716679,0.7494308214832233
1854,Indianapolis,Median Age,tract,2,5834,193,463,LightGCN,4,0.9980711530218602,0.952054794520548,0.7516198704103672,0.7494600431965442,0.999976428365041,0.990391587557303,0.7631657522487216,0.7494308214832233
1855,Indianapolis,Median Age,tract,2,5834,193,463,LightGCN,5,0.9609944277753965,0.9417808219178082,0.714902807775378,0.7494600431965442,0.9918586614352846,0.9859833073933503,0.7394841936326653,0.7494308214832233
1856,Indianapolis,Median Age,tract,2,5834,193,463,LightGCN,6,0.9903557651093013,0.9460616438356164,0.7386609071274298,0.7494600431965442,0.9993133810849035,0.9874153158155015,0.7459877579964915,0.7494308214832233
1857,Indianapolis,Median Age,tract,2,5834,193,463,LightGCN,7,0.9766395199314187,0.9486301369863014,0.7192224622030238,0.7494600431965442,0.996605874659732,0.985491812977273,0.7472754077557571,0.7494308214832233
1858,Indianapolis,Median Age,tract,2,5834,193,463,LightGCN,8,0.9556365195027862,0.9332191780821918,0.7062634989200864,0.7494600431965442,0.9904120473865899,0.9844511797382944,0.7503079162467807,0.7494308214832233
1859,Indianapolis,Median Age,tract,2,5834,193,463,LightGCN,9,0.9969995713673382,0.9443493150684932,0.7365010799136069,0.7494600431965442,0.9999328968778989,0.9817722317790581,0.7536670025752996,0.7494308214832233
1860,Indianapolis,Median Age,tract,2,5834,193,463,Feat-LightGCN,0,0.8844834976425203,0.8613013698630136,0.6652267818574514,0.7494600431965442,0.9550093526164516,0.9321677027490314,0.7263650953607286,0.7494308214832233
1861,Indianapolis,Median Age,tract,2,5834,193,463,Feat-LightGCN,1,0.8596228032576082,0.8518835616438356,0.6868250539956804,0.7494600431965442,0.9484596696929605,0.9410388735676123,0.7320568805284962,0.7494308214832233
1862,Indianapolis,Median Age,tract,2,5834,193,463,Feat-LightGCN,2,0.8411915987998285,0.8107876712328768,0.6393088552915767,0.7494600431965442,0.9200873100962635,0.892605436170955,0.6773970813272123,0.7494308214832233
1863,Indianapolis,Median Age,tract,2,5834,193,463,Feat-LightGCN,3,1.0,0.9571917808219178,0.7473002159827213,0.7494600431965442,1.0,0.9904704693771673,0.7670846862986602,0.7494308214832233
1864,Indianapolis,Median Age,tract,2,5834,193,463,Feat-LightGCN,4,0.8465495070724389,0.8493150684931506,0.6760259179265659,0.7494600431965442,0.9272964285171159,0.9250622711289506,0.7020490426603965,0.7494308214832233
1865,Indianapolis,Median Age,tract,2,5834,193,463,Feat-LightGCN,5,0.9309901414487785,0.8938356164383562,0.7019438444924406,0.7494600431965442,0.9810537281202,0.9649704041479701,0.7487963273989474,0.7494308214832233
1866,Indianapolis,Median Age,tract,2,5834,193,463,Feat-LightGCN,6,1.0,0.961472602739726,0.7429805615550756,0.7494600431965442,1.0,0.9893524712763988,0.7605717911394768,0.7494308214832233
1867,Indianapolis,Median Age,tract,2,5834,193,463,Feat-LightGCN,7,0.7788255465066438,0.776541095890411,0.6220302375809935,0.7494600431965442,0.9355030643125448,0.9192462538720356,0.7134512745866458,0.7494308214832233
1868,Indianapolis,Median Age,tract,2,5834,193,463,Feat-LightGCN,8,0.9982854693527646,0.9563356164383562,0.7473002159827213,0.7494600431965442,0.9998142783277826,0.9925304984420841,0.7681110737879298,0.7494308214832233
1869,Indianapolis,Median Age,tract,2,5834,193,463,Feat-LightGCN,9,0.9027003857693956,0.8707191780821918,0.6825053995680346,0.7494600431965442,0.9661425779764893,0.943408362079689,0.7221475758593662,0.7494308214832233
1870,Indianapolis,Median Age,tract,2,5834,193,463,Feat\&PC-LightGCN,0,0.9496356622374625,0.9006849315068494,0.7408207343412527,0.7494600431965442,1.0,0.9885287630420471,0.7691281304818423,0.7494308214832233
1871,Indianapolis,Median Age,tract,2,5834,193,463,Feat\&PC-LightGCN,1,1.0,0.9554794520547946,0.7365010799136069,0.7494600431965442,1.0,0.9896619307235587,0.7538349568917254,0.7494308214832233
1872,Indianapolis,Median Age,tract,2,5834,193,463,Feat\&PC-LightGCN,2,1.0,0.9443493150684932,0.7473002159827213,0.7494600431965442,1.0,0.9851504974105525,0.7635576456537156,0.7494308214832233
1873,Indianapolis,Median Age,tract,2,5834,193,463,Feat\&PC-LightGCN,3,0.7610372910415774,0.7696917808219178,0.6112311015118791,0.7494600431965442,0.9260379123135178,0.9126565879972209,0.6897417235845184,0.7494308214832233
1874,Indianapolis,Median Age,tract,2,5834,193,463,Feat\&PC-LightGCN,4,0.623446206600943,0.613013698630137,0.5032397408207343,0.7494600431965442,0.7268393479021246,0.7130082188788466,0.6207684843056022,0.7494308214832233
1875,Indianapolis,Median Age,tract,2,5834,193,463,Feat\&PC-LightGCN,5,0.8761251607372482,0.8587328767123288,0.652267818574514,0.7494600431965442,0.9561767188284137,0.9472037911816193,0.7145336468480573,0.7494308214832233
1876,Indianapolis,Median Age,tract,2,5834,193,463,Feat\&PC-LightGCN,6,0.7856836690955851,0.7868150684931506,0.6155507559395248,0.7494600431965442,0.9222904975896102,0.9257024274363105,0.7106986899563319,0.7494308214832233
1877,Indianapolis,Median Age,tract,2,5834,193,463,Feat\&PC-LightGCN,7,0.8523360480068581,0.8501712328767124,0.6565874730021598,0.7494600431965442,0.9567412024575329,0.9499145952604162,0.7028981450378831,0.7494308214832233
1878,Indianapolis,Median Age,tract,2,5834,193,463,Feat\&PC-LightGCN,8,0.9991427346763824,0.9443493150684932,0.7451403887688985,0.7494600431965442,0.9999876439010296,0.9898909913927799,0.7578938528720188,0.7494308214832233
1879,Indianapolis,Median Age,tract,2,5834,193,463,Feat\&PC-LightGCN,9,0.8964852121731676,0.8690068493150684,0.6760259179265659,0.7494600431965442,0.9558825486260019,0.9370811299517303,0.7110905833613257,0.7494308214832233
1880,Indianapolis,Median Age,tract,2,5834,193,463,RGNN,0,0.5752250321474497,0.571917808219178,0.5485961123110151,0.7494600431965442,0.9818064996882461,0.9577223784689038,0.7211025267793827,0.7494308214832233
1881,Indianapolis,Median Age,tract,2,5834,193,463,RGNN,1,0.9712816116588084,0.9443493150684932,0.7213822894168467,0.7494600431965442,0.995235488236994,0.984366230086133,0.7372448027469861,0.7494308214832233
1882,Indianapolis,Median Age,tract,2,5834,193,463,RGNN,2,0.963351907415345,0.9392123287671232,0.7170626349892009,0.7494600431965442,0.9934646691606978,0.982112030387704,0.7343522561863174,0.7494308214832233
1883,Indianapolis,Median Age,tract,2,5834,193,463,RGNN,3,0.9819974282040291,0.9503424657534246,0.7300215982721382,0.7494600431965442,0.9982302264397707,0.9871695686074629,0.7437017131340276,0.7494308214832233
1884,Indianapolis,Median Age,tract,2,5834,193,463,RGNN,4,0.9624946420917274,0.9417808219178082,0.712742980561555,0.7494600431965442,0.9927346138053744,0.9845877059649826,0.7287724405628335,0.7494308214832233
1885,Indianapolis,Median Age,tract,2,5834,193,463,RGNN,5,0.954564937848264,0.9238013698630136,0.7084233261339092,0.7494600431965442,0.9900076227625955,0.983110188800602,0.740156010898369,0.7494308214832233
1886,Indianapolis,Median Age,tract,2,5834,193,463,RGNN,6,0.951993141877411,0.9434931506849316,0.7192224622030238,0.7494600431965442,0.9906939565369465,0.984255492146708,0.7249561452618221,0.7494308214832233
1887,Indianapolis,Median Age,tract,2,5834,193,463,RGNN,7,0.8184740677239606,0.8133561643835616,0.6414686825053996,0.7494600431965442,0.9077608657633407,0.9015706583901435,0.6615907139924607,0.7494308214832233
1888,Indianapolis,Median Age,tract,2,5834,193,463,RGNN,8,0.8658379768538362,0.8595890410958904,0.652267818574514,0.7494600431965442,0.9350974991255683,0.9325105352738261,0.6917105214048445,0.7494308214832233
1889,Indianapolis,Median Age,tract,2,5834,193,463,RGNN,9,0.9867123874839263,0.9486301369863014,0.734341252699784,0.7494600431965442,0.999318513618322,0.9856783988204133,0.7447467622140111,0.7494308214832233
1890,Indianapolis,Median Age,tract,2,5834,193,463,Feat-RGNN,0,0.9657093870552936,0.934931506849315,0.7192224622030238,0.7494600431965442,0.9928220569673192,0.9800611030712334,0.755159929832419,0.7494308214832233
1891,Indianapolis,Median Age,tract,2,5834,193,463,Feat-RGNN,1,0.9697813973424775,0.9503424657534246,0.7321814254859611,0.7494600431965442,0.9947524598141642,0.9863352416665908,0.7521554137274661,0.7494308214832233
1892,Indianapolis,Median Age,tract,2,5834,193,463,Feat-RGNN,2,0.9657093870552936,0.940068493150685,0.7257019438444925,0.7494600431965442,0.994388049941451,0.9808802604313622,0.7553092225581308,0.7494308214832233
1893,Indianapolis,Median Age,tract,2,5834,193,463,Feat-RGNN,3,0.7192456065152164,0.7183219178082192,0.6047516198704104,0.7494600431965442,0.8985773377739252,0.8861401608582342,0.7108013287052588,0.7494308214832233
1894,Indianapolis,Median Age,tract,2,5834,193,463,Feat-RGNN,4,0.9601371624517788,0.9409246575342466,0.714902807775378,0.7494600431965442,0.9919291862463311,0.98388687133465,0.7429552495054679,0.7494308214832233
1895,Indianapolis,Median Age,tract,2,5834,193,463,Feat-RGNN,5,0.9669952850407201,0.940068493150685,0.7192224622030238,0.7494600431965442,0.9936113265507854,0.9816539090492615,0.7560090322099055,0.7494308214832233
1896,Indianapolis,Median Age,tract,2,5834,193,463,Feat-RGNN,6,0.9592798971281612,0.9340753424657534,0.7300215982721382,0.7494600431965442,0.9912509314597685,0.982615660468376,0.7530511700817377,0.7494308214832233
1897,Indianapolis,Median Age,tract,2,5834,193,463,Feat-RGNN,7,0.9466352336048007,0.9212328767123288,0.7192224622030238,0.7494600431965442,0.9877514941375062,0.9783469404472599,0.7523606912253201,0.7494308214832233
1898,Indianapolis,Median Age,tract,2,5834,193,463,Feat-RGNN,8,0.9532790398628376,0.9289383561643836,0.734341252699784,0.7494600431965442,0.9863562054229967,0.9740569830131034,0.7509050871496286,0.7494308214832233
1899,Indianapolis,Median Age,tract,2,5834,193,463,Feat-RGNN,9,0.9502786112301758,0.922945205479452,0.714902807775378,0.7494600431965442,0.992130305518804,0.9793587514828265,0.7589015787705744,0.7494308214832233
1900,Indianapolis,Median Age,tract,2,5834,193,463,Feat\&PC-RGNN,0,0.9706386626660951,0.9563356164383562,0.7321814254859611,0.7494600431965442,0.9956308834040483,0.9887654085016397,0.7593307953569963,0.7494308214832233
1901,Indianapolis,Median Age,tract,2,5834,193,463,Feat\&PC-RGNN,1,0.8756965280754393,0.8809931506849316,0.6652267818574514,0.7494600431965442,0.9443363444196056,0.9487298510043779,0.7210652035979546,0.7494308214832233
1902,Indianapolis,Median Age,tract,2,5834,193,463,Feat\&PC-RGNN,2,0.9076296613801972,0.8715753424657534,0.6976241900647948,0.7494600431965442,0.966555651869763,0.9506472860103093,0.7270555742171463,0.7494308214832233
1903,Indianapolis,Median Age,tract,2,5834,193,463,Feat\&PC-RGNN,3,0.9669952850407201,0.9546232876712328,0.714902807775378,0.7494600431965442,0.9942388262846542,0.9904219267187894,0.7429645803008249,0.7494308214832233
1904,Indianapolis,Median Age,tract,2,5834,193,463,Feat\&PC-RGNN,4,0.9558508358336906,0.940068493150685,0.7170626349892009,0.7494600431965442,0.9896130830177776,0.9836623615396518,0.7353133281080878,0.7494308214832233
1905,Indianapolis,Median Age,tract,2,5834,193,463,Feat\&PC-RGNN,5,0.9511358765537934,0.934931506849315,0.7084233261339092,0.7494600431965442,0.9849055994038657,0.9756255176619429,0.7367969245698505,0.7494308214832233
1906,Indianapolis,Median Age,tract,2,5834,193,463,Feat\&PC-RGNN,6,0.9856408058294042,0.9657534246575342,0.7278617710583153,0.7494600431965442,0.9984551074410328,0.9913988477186468,0.7518101742992572,0.7494308214832233
1907,Indianapolis,Median Age,tract,2,5834,193,463,Feat\&PC-RGNN,7,0.9226318045435062,0.9118150684931506,0.6868250539956804,0.7494600431965442,0.9783389981294768,0.9690950131520265,0.7236218415257716,0.7494308214832233
1908,Indianapolis,Median Age,tract,2,5834,193,463,Feat\&PC-RGNN,8,0.9089155593656236,0.9006849315068494,0.67170626349892,0.7494600431965442,0.9653255546937969,0.9509264062959829,0.7111745605195386,0.7494308214832233
1909,Indianapolis,Median Age,tract,2,5834,193,463,Feat\&PC-RGNN,9,0.9620660094299186,0.913527397260274,0.693304535637149,0.7494600431965442,0.9935622823425642,0.9728555522182478,0.745008024484007,0.7494308214832233
1910,Indianapolis,Median Age,tract,2,5834,193,463,NoPreTrain,0,1.0,0.9554794520547946,0.7473002159827213,0.7494600431965442,1.0,0.9915657131068212,0.7546374052924272,0.7494308214832233
1911,Indianapolis,Median Age,tract,2,5834,193,463,NoPreTrain,1,1.0,0.9554794520547946,0.7386609071274298,0.7494600431965442,1.0,0.9880797434520505,0.7539842496174374,0.7494308214832233
1912,Indianapolis,Median Age,tract,2,5834,193,463,NoPreTrain,2,1.0,0.9503424657534246,0.7473002159827213,0.7494600431965442,1.0,0.9864262591510495,0.7567088418616802,0.7494308214832233
1913,Indianapolis,Median Age,tract,2,5834,193,463,NoPreTrain,3,1.0,0.9580479452054794,0.7451403887688985,0.7494600431965442,1.0,0.9875548759583382,0.7579591684395177,0.7494308214832233
1914,Indianapolis,Median Age,tract,2,5834,193,463,NoPreTrain,4,1.0,0.9623287671232876,0.7408207343412527,0.7494600431965442,1.0,0.9905250798678427,0.7542921658642183,0.7494308214832233
1915,Indianapolis,Median Age,tract,2,5834,193,463,NoPreTrain,5,1.0,0.9563356164383562,0.7473002159827213,0.7494600431965442,1.0,0.9884256098929938,0.7373940954726981,0.7494308214832233
1916,Indianapolis,Median Age,tract,2,5834,193,463,NoPreTrain,6,1.0,0.961472602739726,0.7408207343412527,0.7494600431965442,1.0,0.9864793526836505,0.7398854178330162,0.7494308214832233
1917,Indianapolis,Median Age,tract,2,5834,193,463,NoPreTrain,7,1.0,0.9529109589041096,0.734341252699784,0.7494600431965442,1.0,0.9857284584368657,0.7393069085208823,0.7494308214832233
1918,Indianapolis,Median Age,tract,2,5834,193,463,NoPreTrain,8,1.0,0.9666095890410958,0.7451403887688985,0.7494600431965442,1.0,0.9940201512710591,0.7349027731123802,0.7494308214832233
1919,Indianapolis,Median Age,tract,2,5834,193,463,NoPreTrain,9,1.0,0.9511986301369864,0.7408207343412527,0.7494600431965442,1.0,0.9829630438673937,0.7577538909416638,0.7494308214832233
1920,Nashville,Median Income,tract,2,5928,160,380,Emb,0,1.0,0.95787700084246,0.7973684210526316,0.8078947368421052,1.0,0.9863001447917554,0.8254709141274238,0.8078947368421052
1921,Nashville,Median Income,tract,2,5928,160,380,Emb,1,1.0,0.9637742207245156,0.7973684210526316,0.8078947368421052,1.0,0.9922976464242115,0.8354570637119114,0.8078947368421052
1922,Nashville,Median Income,tract,2,5928,160,380,Emb,2,1.0,0.95787700084246,0.8078947368421052,0.8078947368421052,1.0,0.9888680691593561,0.8446398891966759,0.8078947368421052
1923,Nashville,Median Income,tract,2,5928,160,380,Emb,3,1.0,0.9511373209772536,0.8105263157894737,0.8078947368421052,1.0,0.9882037305169917,0.8302077562326869,0.8078947368421052
1924,Nashville,Median Income,tract,2,5928,160,380,Emb,4,1.0,0.9595619208087616,0.8052631578947368,0.8078947368421052,1.0,0.9851460693296994,0.8386011080332411,0.8078947368421052
1925,Nashville,Median Income,tract,2,5928,160,380,Emb,5,1.0,0.9595619208087616,0.8078947368421052,0.8078947368421052,1.0,0.9898560599608209,0.8222437673130194,0.8078947368421052
1926,Nashville,Median Income,tract,2,5928,160,380,Emb,6,0.9090909090909091,0.8845829823083403,0.7368421052631579,0.8078947368421052,0.9645021576455113,0.9495045850722539,0.81398891966759,0.8078947368421052
1927,Nashville,Median Income,tract,2,5928,160,380,Emb,7,1.0,0.9553496208930076,0.8026315789473685,0.8078947368421052,1.0,0.9902095221872073,0.829196675900277,0.8078947368421052
1928,Nashville,Median Income,tract,2,5928,160,380,Emb,8,1.0,0.9595619208087616,0.8078947368421052,0.8078947368421052,1.0,0.990298952389064,0.8311772853185596,0.8078947368421052
1929,Nashville,Median Income,tract,2,5928,160,380,Emb,9,1.0,0.9612468407750632,0.8078947368421052,0.8078947368421052,1.0,0.9914771598103511,0.8315927977839335,0.8078947368421052
1930,Nashville,Median Income,tract,2,5928,160,380,LightGCN,0,0.9900864796456443,0.9671440606571188,0.8,0.8078947368421052,0.9991400739764176,0.9900675694858474,0.8444459833795014,0.8078947368421052
1931,Nashville,Median Income,tract,2,5928,160,380,LightGCN,1,0.989875553680658,0.9696714406065712,0.7947368421052632,0.8078947368421052,0.9996106129677984,0.9934701757374442,0.84595567867036,0.8078947368421052
1932,Nashville,Median Income,tract,2,5928,160,380,LightGCN,2,0.9902974056106306,0.9587194608256108,0.8026315789473685,0.8078947368421052,0.9995547320134512,0.9913408852170457,0.8477285318559556,0.8078947368421052
1933,Nashville,Median Income,tract,2,5928,160,380,LightGCN,3,0.9997890740350137,0.949452401010952,0.8052631578947368,0.8078947368421052,0.999999288140709,0.9905629844135934,0.8517174515235458,0.8078947368421052
1934,Nashville,Median Income,tract,2,5928,160,380,LightGCN,4,0.9995781480700274,0.9612468407750632,0.8052631578947368,0.8078947368421052,0.9999996440703545,0.992547483178605,0.8519113573407202,0.8078947368421052
1935,Nashville,Median Income,tract,2,5928,160,380,LightGCN,5,0.8751318287281165,0.8652064026958719,0.7289473684210527,0.8078947368421052,0.9532032600308092,0.9481503563012803,0.8075069252077562,0.8078947368421052
1936,Nashville,Median Income,tract,2,5928,160,380,LightGCN,6,0.9997890740350137,0.9511373209772536,0.8026315789473685,0.8078947368421052,1.0,0.9899284558385146,0.8496675900277008,0.8078947368421052
1937,Nashville,Median Income,tract,2,5928,160,380,LightGCN,7,0.9981016663151234,0.9679865206402696,0.8052631578947368,0.8078947368421052,0.9999572884425373,0.9929449507424126,0.8412049861495844,0.8078947368421052
1938,Nashville,Median Income,tract,2,5928,160,380,LightGCN,8,0.7568023623708079,0.7371524852569503,0.7105263157894737,0.8078947368421052,0.862179236203455,0.8494478039917099,0.7566481994459834,0.8078947368421052
1939,Nashville,Median Income,tract,2,5928,160,380,LightGCN,9,0.9738451803417001,0.9646166807076664,0.8052631578947368,0.8078947368421052,0.9964043987209313,0.9922664168299123,0.8553047091412743,0.8078947368421052
1940,Nashville,Median Income,tract,2,5928,160,380,Feat-LightGCN,0,0.6021936300358575,0.5888795282224094,0.5631578947368421,0.8078947368421052,0.8183567333346622,0.7941572268120262,0.76398891966759,0.8078947368421052
1941,Nashville,Median Income,tract,2,5928,160,380,Feat-LightGCN,1,0.7719890318498207,0.7700084245998315,0.6736842105263158,0.8078947368421052,0.8562525626934476,0.8761434290094541,0.7205263157894737,0.8078947368421052
1942,Nashville,Median Income,tract,2,5928,160,380,Feat-LightGCN,2,0.9162623919004429,0.8887952822240943,0.7578947368421053,0.8078947368421052,0.9772881293192063,0.9611901314482014,0.8207340720221605,0.8078947368421052
1943,Nashville,Median Income,tract,2,5928,160,380,Feat-LightGCN,3,0.8390634887154609,0.8298230834035384,0.7421052631578947,0.8078947368421052,0.9309580131152956,0.9256792436760073,0.8121606648199446,0.8078947368421052
1944,Nashville,Median Income,tract,2,5928,160,380,Feat-LightGCN,4,0.9438936933136469,0.9292333614153327,0.7631578947368421,0.8078947368421052,0.9871374144701062,0.9771669079862589,0.829819944598338,0.8078947368421052
1945,Nashville,Median Income,tract,2,5928,160,380,Feat-LightGCN,5,0.9367222105041131,0.8946925021061499,0.7789473684210526,0.8078947368421052,0.9878571042133528,0.9671833744996167,0.8228393351800554,0.8078947368421052
1946,Nashville,Median Income,tract,2,5928,160,380,Feat-LightGCN,6,0.7120860577937144,0.6925021061499579,0.6578947368421053,0.8078947368421052,0.8193134722218267,0.8103540300371915,0.7352354570637119,0.8078947368421052
1947,Nashville,Median Income,tract,2,5928,160,380,Feat-LightGCN,7,0.9040286859312381,0.8887952822240943,0.75,0.8078947368421052,0.9668161452534646,0.9527737557845726,0.8120914127423823,0.8078947368421052
1948,Nashville,Median Income,tract,2,5928,160,380,Feat-LightGCN,8,0.57646066230753,0.573715248525695,0.5605263157894737,0.8078947368421052,0.9101548151586165,0.8857280754052749,0.7966759002770083,0.8078947368421052
1949,Nashville,Median Income,tract,2,5928,160,380,Feat-LightGCN,9,0.9162623919004429,0.8980623420387531,0.7684210526315789,0.8078947368421052,0.9760425535247002,0.9684552707038014,0.823060941828255,0.8078947368421052
1950,Nashville,Median Income,tract,2,5928,160,380,Feat\&PC-LightGCN,0,0.7903395908036279,0.802021903959562,0.6710526315789473,0.8078947368421052,0.9526698994569938,0.94629645402152,0.7829916897506926,0.8078947368421052
1951,Nashville,Median Income,tract,2,5928,160,380,Feat\&PC-LightGCN,1,0.8371651550305843,0.8626790227464195,0.7105263157894737,0.8078947368421052,0.9440578257539302,0.9461005592936433,0.8077839335180055,0.8078947368421052
1952,Nashville,Median Income,tract,2,5928,160,380,Feat\&PC-LightGCN,2,1.0,0.9629317607413648,0.8078947368421052,0.8078947368421052,1.0,0.9953212389631774,0.823808864265928,0.8078947368421052
1953,Nashville,Median Income,tract,2,5928,160,380,Feat\&PC-LightGCN,3,1.0,0.9637742207245156,0.8078947368421052,0.8078947368421052,1.0,0.9952105158561166,0.8279639889196675,0.8078947368421052
1954,Nashville,Median Income,tract,2,5928,160,380,Feat\&PC-LightGCN,4,0.898122758911622,0.8887952822240943,0.7368421052631579,0.8078947368421052,0.9655067690699985,0.9576441529682309,0.8156232686980609,0.8078947368421052
1955,Nashville,Median Income,tract,2,5928,160,380,Feat\&PC-LightGCN,5,0.8572031217042818,0.83150800336984,0.7078947368421052,0.8078947368421052,0.9568524287215292,0.9404905885358998,0.7978116343490305,0.8078947368421052
1956,Nashville,Median Income,tract,2,5928,160,380,Feat\&PC-LightGCN,6,0.874077198903185,0.8618365627632687,0.7263157894736842,0.8078947368421052,0.9575630422588151,0.9529029327428101,0.8063434903047092,0.8078947368421052
1957,Nashville,Median Income,tract,2,5928,160,380,Feat\&PC-LightGCN,7,0.8869436827673487,0.8635214827295703,0.7447368421052631,0.8078947368421052,0.9658602961904138,0.9560784146722312,0.8036565096952908,0.8078947368421052
1958,Nashville,Median Income,tract,2,5928,160,380,Feat\&PC-LightGCN,8,1.0,0.9654591406908172,0.8105263157894737,0.8078947368421052,1.0,0.9945830849161059,0.8274792243767314,0.8078947368421052
1959,Nashville,Median Income,tract,2,5928,160,380,Feat\&PC-LightGCN,9,0.8512971946846657,0.8550968828980623,0.7052631578947368,0.8078947368421052,0.9612326769041525,0.9568832864889419,0.8085457063711912,0.8078947368421052
1960,Nashville,Median Income,tract,2,5928,160,380,RGNN,0,0.96646277156718,0.9477674810446504,0.7789473684210526,0.8078947368421052,0.996094561964504,0.9846066490645317,0.8300277008310248,0.8078947368421052
1961,Nashville,Median Income,tract,2,5928,160,380,RGNN,1,0.9786964775363848,0.9612468407750632,0.7947368421052632,0.8078947368421052,0.9974351709743646,0.993765437356273,0.8289196675900277,0.8078947368421052
1962,Nashville,Median Income,tract,2,5928,160,380,RGNN,2,0.9166842438304156,0.8997472620050547,0.75,0.8078947368421052,0.9746525592765232,0.9583283649887857,0.8253047091412742,0.8078947368421052
1963,Nashville,Median Income,tract,2,5928,160,380,RGNN,3,0.5028475005273149,0.5029486099410277,0.5,0.8078947368421052,0.5731887452198648,0.5881895352468558,0.5923268698060942,0.8078947368421052
1964,Nashville,Median Income,tract,2,5928,160,380,RGNN,4,0.96646277156718,0.9519797809604044,0.781578947368421,0.8078947368421052,0.9944001588869936,0.9892087556426198,0.8322991689750692,0.8078947368421052
1965,Nashville,Median Income,tract,2,5928,160,380,RGNN,5,0.9736342543767138,0.9721988205560236,0.7973684210526316,0.8078947368421052,0.9972536468551481,0.9937228515458648,0.8413157894736842,0.8078947368421052
1966,Nashville,Median Income,tract,2,5928,160,380,RGNN,6,0.9930394431554525,0.9730412805391744,0.8026315789473685,0.8078947368421052,0.999810645428582,0.9949095761292338,0.8373130193905817,0.8078947368421052
1967,Nashville,Median Income,tract,2,5928,160,380,RGNN,7,0.9050833157561696,0.8980623420387531,0.7315789473684211,0.8078947368421052,0.978218262465368,0.9744882605115975,0.8299307479224377,0.8078947368421052
1968,Nashville,Median Income,tract,2,5928,160,380,RGNN,8,0.9409407298038388,0.9250210614995787,0.7684210526315789,0.8078947368421052,0.9847425418502077,0.9764926326547995,0.8237396121883657,0.8078947368421052
1969,Nashville,Median Income,tract,2,5928,160,380,RGNN,9,0.9911411094705759,0.9637742207245156,0.8,0.8078947368421052,0.9993445555577701,0.9923856570990547,0.8282548476454293,0.8078947368421052
1970,Nashville,Median Income,tract,2,5928,160,380,Feat-RGNN,0,0.8021514448428602,0.7708508845829823,0.6789473684210526,0.8078947368421052,0.8761238478557374,0.8520100502512562,0.7293351800554017,0.8078947368421052
1971,Nashville,Median Income,tract,2,5928,160,380,Feat-RGNN,1,0.6781269774309218,0.6798652064026959,0.631578947368421,0.8078947368421052,0.7394446394147947,0.7405345938733214,0.6699168975069252,0.8078947368421052
1972,Nashville,Median Income,tract,2,5928,160,380,Feat-RGNN,2,0.9320818392744147,0.8980623420387531,0.7526315789473684,0.8078947368421052,0.9829924357831734,0.9607926638843938,0.8075623268698061,0.8078947368421052
1973,Nashville,Median Income,tract,2,5928,160,380,Feat-RGNN,3,0.9396751740139211,0.9376579612468408,0.7710526315789473,0.8078947368421052,0.9797880901669451,0.9788036226329387,0.8154847645429362,0.8078947368421052
1974,Nashville,Median Income,tract,2,5928,160,380,Feat-RGNN,4,0.88061590381776,0.8542544229149115,0.7526315789473684,0.8078947368421052,0.9400459647544228,0.9313743860545666,0.7986980609418283,0.8078947368421052
1975,Nashville,Median Income,tract,2,5928,160,380,Feat-RGNN,5,0.9314490613794558,0.9132266217354675,0.7789473684210526,0.8078947368421052,0.9771695157648358,0.9662152570763423,0.8173545706371191,0.8078947368421052
1976,Nashville,Median Income,tract,2,5928,160,380,Feat-RGNN,6,0.8998101666315124,0.9005897219882055,0.7526315789473684,0.8078947368421052,0.940014464980794,0.9416006586605343,0.7951385041551248,0.8078947368421052
1977,Nashville,Median Income,tract,2,5928,160,380,Feat-RGNN,7,0.925754060324826,0.8963774220724515,0.7552631578947369,0.8078947368421052,0.9771338338178722,0.9628538171081396,0.805567867036011,0.8078947368421052
1978,Nashville,Median Income,tract,2,5928,160,380,Feat-RGNN,8,0.951276102088167,0.9140690817186183,0.7763157894736842,0.8078947368421052,0.986456876987867,0.9640575760156715,0.8222991689750692,0.8078947368421052
1979,Nashville,Median Income,tract,2,5928,160,380,Feat-RGNN,9,0.9246994304998946,0.9022746419545071,0.7526315789473684,0.8078947368421052,0.9709589883625244,0.9595491582204809,0.7932825484764543,0.8078947368421052
1980,Nashville,Median Income,tract,2,5928,160,380,Feat\&PC-RGNN,0,0.954861843492934,0.9418702611625948,0.7763157894736842,0.8078947368421052,0.9898513780172156,0.9810904806518468,0.8160110803324099,0.8078947368421052
1981,Nashville,Median Income,tract,2,5928,160,380,Feat\&PC-RGNN,1,0.8620544188989665,0.8609941027801179,0.7315789473684211,0.8078947368421052,0.9480159413769638,0.9470090565823469,0.806426592797784,0.8078947368421052
1982,Nashville,Median Income,tract,2,5928,160,380,Feat\&PC-RGNN,2,0.5028475005273149,0.502106149957877,0.5,0.8078947368421052,0.5020902858257426,0.500831842829969,0.5053185595567866,0.8078947368421052
1983,Nashville,Median Income,tract,2,5928,160,380,Feat\&PC-RGNN,3,0.9702594389369331,0.9646166807076664,0.7789473684210526,0.8078947368421052,0.9935893511544932,0.9921074298043892,0.8292797783933517,0.8078947368421052
1984,Nashville,Median Income,tract,2,5928,160,380,Feat\&PC-RGNN,4,0.9654081417422484,0.9511373209772536,0.7894736842105263,0.8078947368421052,0.9935690631646986,0.9874144734974306,0.8240443213296399,0.8078947368421052
1985,Nashville,Median Income,tract,2,5928,160,380,Feat\&PC-RGNN,5,0.9181607255853196,0.9174389216512215,0.7473684210526316,0.8078947368421052,0.9755365995335898,0.9788987309428498,0.8122160664819945,0.8078947368421052
1986,Nashville,Median Income,tract,2,5928,160,380,Feat\&PC-RGNN,6,0.8080573718624763,0.8003369839932604,0.7,0.8078947368421052,0.9075471855931069,0.89930585129035,0.783185595567867,0.8078947368421052
1987,Nashville,Median Income,tract,2,5928,160,380,Feat\&PC-RGNN,7,0.9000210925964987,0.8711036225779275,0.7631578947368421,0.8078947368421052,0.9625455234016622,0.9432955739147715,0.8242936288088643,0.8078947368421052
1988,Nashville,Median Income,tract,2,5928,160,380,Feat\&PC-RGNN,8,0.9784855515713985,0.9427127211457456,0.8,0.8078947368421052,0.9984426298360161,0.9827215171904722,0.8292936288088644,0.8078947368421052
1989,Nashville,Median Income,tract,2,5928,160,380,Feat\&PC-RGNN,9,0.9348238768192364,0.9233361415332771,0.7736842105263158,0.8078947368421052,0.9794048429211288,0.9711523720296397,0.8237950138504155,0.8078947368421052
1990,Nashville,Median Income,tract,2,5928,160,380,NoPreTrain,0,1.0,0.9713563605728728,0.7973684210526316,0.8078947368421052,1.0,0.9898546404338074,0.8251108033240997,0.8078947368421052
1991,Nashville,Median Income,tract,2,5928,160,380,NoPreTrain,1,1.0,0.970513900589722,0.8052631578947368,0.8078947368421052,1.0,0.9948073701842546,0.8156371191135734,0.8078947368421052
1992,Nashville,Median Income,tract,2,5928,160,380,NoPreTrain,2,1.0,0.9671440606571188,0.8078947368421052,0.8078947368421052,1.0,0.989452914288959,0.8198337950138503,0.8078947368421052
1993,Nashville,Median Income,tract,2,5928,160,380,NoPreTrain,3,1.0,0.9713563605728728,0.8078947368421052,0.8078947368421052,1.0,0.9915850438633848,0.8292520775623268,0.8078947368421052
1994,Nashville,Median Income,tract,2,5928,160,380,NoPreTrain,4,1.0,0.966301600673968,0.8052631578947368,0.8078947368421052,1.0,0.9903614115776623,0.8291689750692521,0.8078947368421052
1995,Nashville,Median Income,tract,2,5928,160,380,NoPreTrain,5,1.0,0.9646166807076664,0.8078947368421052,0.8078947368421052,1.0,0.9930017318229566,0.7956232686980609,0.8078947368421052
1996,Nashville,Median Income,tract,2,5928,160,380,NoPreTrain,6,1.0,0.9587194608256108,0.8026315789473685,0.8078947368421052,1.0,0.992118786020498,0.8202631578947369,0.8078947368421052
1997,Nashville,Median Income,tract,2,5928,160,380,NoPreTrain,7,1.0,0.962089300758214,0.8052631578947368,0.8078947368421052,1.0,0.9928824915538143,0.819612188365651,0.8078947368421052
1998,Nashville,Median Income,tract,2,5928,160,380,NoPreTrain,8,1.0,0.966301600673968,0.8078947368421052,0.8078947368421052,1.0,0.9924310819634897,0.7966759002770083,0.8078947368421052
1999,Nashville,Median Income,tract,2,5928,160,380,NoPreTrain,9,1.0,0.9646166807076664,0.8052631578947368,0.8078947368421052,1.0,0.9932061437129149,0.8166481994459834,0.8078947368421052
2000,Nashville,Median Home Value,tract,2,5631,159,371,Emb,0,1.0,0.968944099378882,0.894878706199461,0.9056603773584906,1.0,0.9953689415274617,0.925850043591979,0.9056524266201685
2001,Nashville,Median Home Value,tract,2,5631,159,371,Emb,1,0.9760213143872114,0.9538598047914818,0.8840970350404312,0.9056603773584906,0.9955966261598406,0.9877030207167933,0.9249636733507701,0.9056524266201685
2002,Nashville,Median Home Value,tract,2,5631,159,371,Emb,2,0.9431616341030196,0.9245785270629991,0.8571428571428571,0.9056603773584906,0.9952617137332008,0.9904099636073711,0.9232199941877361,0.9056524266201685
2003,Nashville,Median Home Value,tract,2,5631,159,371,Emb,3,0.9402753108348135,0.9245785270629991,0.862533692722372,0.9056603773584906,0.9807990921941051,0.9687608502758381,0.9196745132229004,0.9056524266201685
2004,Nashville,Median Home Value,tract,2,5631,159,371,Emb,4,1.0,0.9795918367346939,0.8921832884097035,0.9056603773584906,1.0,0.9980003343492406,0.9245568148793956,0.9056524266201685
2005,Nashville,Median Home Value,tract,2,5631,159,371,Emb,5,0.969582593250444,0.9467613132209406,0.8814016172506739,0.9056603773584906,0.9960973846439029,0.9871275542353047,0.9170589944783493,0.9056524266201685
2006,Nashville,Median Home Value,tract,2,5631,159,371,Emb,6,1.0,0.976929902395741,0.894878706199461,0.9056603773584906,1.0,0.9932262129804664,0.9270124963673352,0.9056524266201685
2007,Nashville,Median Home Value,tract,2,5631,159,371,Emb,7,1.0,0.9733806566104702,0.9002695417789758,0.9056603773584906,1.0,0.9931040469117705,0.9266928218541121,0.9056524266201685
2008,Nashville,Median Home Value,tract,2,5631,159,371,Emb,8,0.991785079928952,0.963620230700976,0.8787061994609164,0.9056603773584906,0.9992879085544162,0.9949911911834677,0.9253414705027608,0.9056524266201685
2009,Nashville,Median Home Value,tract,2,5631,159,371,Emb,9,0.9047513321492007,0.8988464951197871,0.8436657681940701,0.9056603773584906,0.9647194715951392,0.9628968789784345,0.9029933158965416,0.9056524266201685
2010,Nashville,Median Home Value,tract,2,5631,159,371,LightGCN,0,0.9908969804618117,0.9778172138420586,0.8787061994609164,0.9056603773584906,0.9989898284439271,0.9961421241464451,0.9285382156349898,0.9056524266201685
2011,Nashville,Median Home Value,tract,2,5631,159,371,LightGCN,1,0.9840142095914742,0.9716060337178349,0.8867924528301887,0.9056603773584906,0.9983604587575675,0.9972705528336098,0.9335512932287127,0.9056524266201685
2012,Nashville,Median Home Value,tract,2,5631,159,371,LightGCN,2,0.9913410301953819,0.9795918367346939,0.889487870619946,0.9056603773584906,0.9992303454810874,0.9976917042809563,0.9270851496657948,0.9056524266201685
2013,Nashville,Median Home Value,tract,2,5631,159,371,LightGCN,3,0.9669182948490231,0.9547471162377995,0.876010781671159,0.9056603773584906,0.9941607696384174,0.9893651222303667,0.92324905550712,0.9056524266201685
2014,Nashville,Median Home Value,tract,2,5631,159,371,LightGCN,4,1.0,0.9849157054125999,0.9002695417789758,0.9056603773584906,1.0,0.9991191183467716,0.9308195292066259,0.9056524266201685
2015,Nashville,Median Home Value,tract,2,5631,159,371,LightGCN,5,0.9849023090586145,0.9698314108251996,0.8840970350404312,0.9056603773584906,0.9994622079302996,0.9982543111762663,0.928509154315606,0.9056524266201685
2016,Nashville,Median Home Value,tract,2,5631,159,371,LightGCN,6,1.0,0.9778172138420586,0.9002695417789758,0.9056603773584906,1.0,0.9956663194578398,0.9345975007265329,0.9056524266201685
2017,Nashville,Median Home Value,tract,2,5631,159,371,LightGCN,7,0.9904529307282416,0.968944099378882,0.8921832884097035,0.9056603773584906,0.9991415856372484,0.9944993120121395,0.9285818076140658,0.9056524266201685
2018,Nashville,Median Home Value,tract,2,5631,159,371,LightGCN,8,0.9713587921847247,0.9618456078083407,0.876010781671159,0.9056603773584906,0.9960323745995492,0.9911429600195466,0.9165794827085149,0.9056524266201685
2019,Nashville,Median Home Value,tract,2,5631,159,371,LightGCN,9,0.9713587921847247,0.9618456078083407,0.876010781671159,0.9056603773584906,0.9946828626881191,0.9914740943636434,0.9198052891601279,0.9056524266201685
2020,Nashville,Median Home Value,tract,2,5631,159,371,Feat-LightGCN,0,1.0,0.9733806566104702,0.8975741239892183,0.9056603773584906,1.0,0.9964571840078187,0.9324614937518163,0.9056524266201685
2021,Nashville,Median Home Value,tract,2,5631,159,371,Feat-LightGCN,1,0.9893428063943162,0.9787045252883763,0.8787061994609164,0.9056603773584906,0.9990357178870005,0.9957788408369019,0.9245568148793956,0.9056524266201685
2022,Nashville,Median Home Value,tract,2,5631,159,371,Feat-LightGCN,2,0.9123001776198935,0.904170363797693,0.8436657681940701,0.9056603773584906,0.9659816325491404,0.9592351118141019,0.904359197907585,0.9056524266201685
2023,Nashville,Median Home Value,tract,2,5631,159,371,Feat-LightGCN,3,0.9955595026642984,0.9707187222715173,0.889487870619946,0.9056603773584906,0.9998601177064215,0.9959010069055978,0.9274920081371695,0.9056524266201685
2024,Nashville,Median Home Value,tract,2,5631,159,371,Feat-LightGCN,4,0.9997779751332149,0.9893522626441881,0.9002695417789758,0.9056603773584906,0.9999993961915385,0.9992219950361998,0.9262859633827376,0.9056524266201685
2025,Nashville,Median Home Value,tract,2,5631,159,371,Feat-LightGCN,5,0.9826820603907638,0.974267968056788,0.8840970350404312,0.9056603773584906,0.9982610316309087,0.9965793500765145,0.9270560883464111,0.9056524266201685
2026,Nashville,Median Home Value,tract,2,5631,159,371,Feat-LightGCN,6,0.9904529307282416,0.976929902395741,0.8867924528301887,0.9056603773584906,0.9993933737656897,0.9955666576649564,0.9253269398430689,0.9056524266201685
2027,Nashville,Median Home Value,tract,2,5631,159,371,Feat-LightGCN,7,1.0,0.9707187222715173,0.8975741239892183,0.9056603773584906,1.0,0.9944189395985237,0.9296716070909619,0.9056524266201685
2028,Nashville,Median Home Value,tract,2,5631,159,371,Feat-LightGCN,8,0.9755772646536413,0.9724933451641526,0.8840970350404312,0.9056603773584906,0.9968181306774349,0.9939977881511772,0.9251816332461493,0.9056524266201685
2029,Nashville,Median Home Value,tract,2,5631,159,371,Feat-LightGCN,9,0.9875666074600356,0.9760425909494232,0.8840970350404312,0.9056603773584906,0.9992746247682633,0.9954605660789836,0.9255013077593723,0.9056524266201685
2030,Nashville,Median Home Value,tract,2,5631,159,371,Feat\&PC-LightGCN,0,0.9824600355239786,0.966282165039929,0.8840970350404312,0.9056603773584906,0.998872488332911,0.9953078584931137,0.9245132229003197,0.9056524266201685
2031,Nashville,Median Home Value,tract,2,5631,159,371,Feat\&PC-LightGCN,1,0.9675843694493783,0.9627329192546584,0.876010781671159,0.9056603773584906,0.996029556826729,0.9929529467741728,0.9214763150247022,0.9056524266201685
2032,Nashville,Median Home Value,tract,2,5631,159,371,Feat\&PC-LightGCN,2,0.9780195381882771,0.9591836734693877,0.8706199460916442,0.9056603773584906,0.9979585235917022,0.9944446587708806,0.921810520197617,0.9056524266201685
2033,Nashville,Median Home Value,tract,2,5631,159,371,Feat\&PC-LightGCN,3,1.0,0.9795918367346939,0.9056603773584906,0.9056603773584906,1.0,0.997450587040109,0.926140656785818,0.9056524266201685
2034,Nashville,Median Home Value,tract,2,5631,159,371,Feat\&PC-LightGCN,4,1.0,0.9858030168589175,0.9002695417789758,0.9056603773584906,1.0,0.9993602355876188,0.9251089799476896,0.9056524266201685
2035,Nashville,Median Home Value,tract,2,5631,159,371,Feat\&PC-LightGCN,5,0.9318383658969804,0.9210292812777284,0.8382749326145552,0.9056603773584906,0.9849311547655684,0.9814854107994804,0.9132810229584424,0.9056524266201685
2036,Nashville,Median Home Value,tract,2,5631,159,371,Feat\&PC-LightGCN,6,0.9442717584369449,0.935226264418811,0.8652291105121294,0.9056603773584906,0.9914520848801732,0.9884488767151473,0.9131793083405988,0.9056524266201685
2037,Nashville,Median Home Value,tract,2,5631,159,371,Feat\&PC-LightGCN,7,0.9646980461811723,0.9467613132209406,0.8652291105121294,0.9056603773584906,0.996877505176148,0.9905610637449687,0.9187590816623075,0.9056524266201685
2038,Nashville,Median Home Value,tract,2,5631,159,371,Feat\&PC-LightGCN,8,0.9302841918294849,0.929902395740905,0.8517520215633423,0.9056603773584906,0.9881790404799229,0.9856744209971323,0.915111886079628,0.9056524266201685
2039,Nashville,Median Home Value,tract,2,5631,159,371,Feat\&PC-LightGCN,9,0.9269538188277087,0.9316770186335404,0.8355795148247979,0.9056603773584906,0.9823114311206504,0.9861052171341126,0.9137895960476606,0.9056524266201685
2040,Nashville,Median Home Value,tract,2,5631,159,371,RGNN,0,0.9793516873889876,0.9645075421472937,0.876010781671159,0.9056603773584906,0.9970626731043384,0.9927825572573074,0.911886079628015,0.9056524266201685
2041,Nashville,Median Home Value,tract,2,5631,159,371,RGNN,1,0.9706927175843695,0.9556344276841171,0.8787061994609164,0.9056603773584906,0.9943407045599413,0.9906221467793166,0.9169427492008136,0.9056524266201685
2042,Nashville,Median Home Value,tract,2,5631,159,371,RGNN,2,0.997113676731794,0.9822537710736469,0.8921832884097035,0.9056603773584906,0.999972828619233,0.999392384553065,0.9257483289741355,0.9056524266201685
2043,Nashville,Median Home Value,tract,2,5631,159,371,RGNN,3,0.9771314387211367,0.9716060337178349,0.8733153638814016,0.9056603773584906,0.9971176196743338,0.9920817098105783,0.9257483289741354,0.9056524266201685
2044,Nashville,Median Home Value,tract,2,5631,159,371,RGNN,4,0.9029751332149201,0.8855368234250222,0.8355795148247979,0.9056603773584906,0.9599747447047509,0.9558273214767949,0.8909909909909911,0.9056524266201685
2045,Nashville,Median Home Value,tract,2,5631,159,371,RGNN,5,0.9351687388987566,0.9165927240461402,0.862533692722372,0.9056603773584906,0.9827924651949708,0.9783187377030208,0.9148793955245568,0.9056524266201685
2046,Nashville,Median Home Value,tract,2,5631,159,371,RGNN,6,0.9975577264653641,0.9671694764862466,0.8975741239892183,0.9056603773584906,0.9999531042094909,0.9964475393181847,0.9236123219994189,0.9056524266201685
2047,Nashville,Median Home Value,tract,2,5631,159,371,RGNN,7,0.9738010657193605,0.9440993788819876,0.8706199460916442,0.9056603773584906,0.9962628281623512,0.9893554775407327,0.9143272304562626,0.9056524266201685
2048,Nashville,Median Home Value,tract,2,5631,159,371,RGNN,8,0.9973357015985791,0.9840283939662822,0.894878706199461,0.9056603773584906,0.9999529029400037,0.9984279155896764,0.9265620459168846,0.9056524266201685
2049,Nashville,Median Home Value,tract,2,5631,159,371,RGNN,9,0.9908969804618117,0.9840283939662822,0.8814016172506739,0.9056603773584906,0.9993114570844142,0.995933155871044,0.9202266782911944,0.9056524266201685
2050,Nashville,Median Home Value,tract,2,5631,159,371,Feat-RGNN,0,0.8641207815275311,0.8598047914818101,0.7951482479784366,0.9056603773584906,0.9496311032204526,0.9383929375152708,0.8819529206625981,0.9056524266201685
2051,Nashville,Median Home Value,tract,2,5631,159,371,Feat-RGNN,1,0.9178507992895204,0.9094942324755989,0.8517520215633423,0.9056603773584906,0.9765887357921355,0.9692237953782648,0.9016855565242663,0.9056524266201685
2052,Nashville,Median Home Value,tract,2,5631,159,371,Feat-RGNN,2,0.947380106571936,0.9449866903283053,0.8679245283018868,0.9056603773584906,0.9856145653092314,0.9852757738255983,0.914850334205173,0.9056524266201685
2053,Nashville,Median Home Value,tract,2,5631,159,371,Feat-RGNN,3,0.9023090586145648,0.8837622005323869,0.8382749326145552,0.9056603773584906,0.9589277408325271,0.949133906870877,0.8931415286253995,0.9056524266201685
2054,Nashville,Median Home Value,tract,2,5631,159,371,Feat-RGNN,4,0.9980017761989343,0.9822537710736469,0.9002695417789758,0.9056603773584906,0.9999335810692361,0.9979103172459911,0.9136588201104331,0.9056524266201685
2055,Nashville,Median Home Value,tract,2,5631,159,371,Feat-RGNN,5,0.9160746003552398,0.9192546583850931,0.8490566037735849,0.9056603773584906,0.9746955949958771,0.9730591669560075,0.895931415286254,0.9056524266201685
2056,Nashville,Median Home Value,tract,2,5631,159,371,Feat-RGNN,6,0.9651420959147424,0.9547471162377995,0.8544474393530997,0.9056603773584906,0.995483713977542,0.9923678356030503,0.908398721301947,0.9056524266201685
2057,Nashville,Median Home Value,tract,2,5631,159,371,Feat-RGNN,7,0.9571492007104796,0.935226264418811,0.8679245283018868,0.9056603773584906,0.992664331001358,0.9817618919023186,0.9174077303109561,0.9056524266201685
2058,Nashville,Median Home Value,tract,2,5631,159,371,Feat-RGNN,8,0.9913410301953819,0.9787045252883763,0.8814016172506739,0.9056603773584906,0.9990545365840502,0.9969844270411379,0.9227986050566696,0.9056524266201685
2059,Nashville,Median Home Value,tract,2,5631,159,371,Feat-RGNN,9,0.8821047957371225,0.8935226264418811,0.8247978436657682,0.9056603773584906,0.9432738051989117,0.9575569358178053,0.8893344957861087,0.9056524266201685
2060,Nashville,Median Home Value,tract,2,5631,159,371,Feat\&PC-RGNN,0,0.9713587921847247,0.9511978704525288,0.862533692722372,0.9056603773584906,0.9954674111490818,0.9875004822344816,0.91222028480093,0.9056524266201685
2061,Nashville,Median Home Value,tract,2,5631,159,371,Feat\&PC-RGNN,1,0.9853463587921847,0.968944099378882,0.8733153638814016,0.9056603773584906,0.9986661871085685,0.9956888237336522,0.9267654751525719,0.9056524266201685
2062,Nashville,Median Home Value,tract,2,5631,159,371,Feat\&PC-RGNN,2,0.9886767317939609,0.9831410825199645,0.889487870619946,0.9056603773584906,0.9990361204259749,0.9987011817959697,0.9271723336239466,0.9056524266201685
2063,Nashville,Median Home Value,tract,2,5631,159,371,Feat\&PC-RGNN,3,0.9900088809946714,0.9760425909494232,0.8787061994609164,0.9056603773584906,0.9990087477757206,0.9962257114566053,0.9275646614356291,0.9056524266201685
2064,Nashville,Median Home Value,tract,2,5631,159,371,Feat\&PC-RGNN,4,0.9547069271758437,0.9574090505767524,0.8652291105121294,0.9056603773584906,0.9837611752366879,0.9828646014171263,0.9155768671897704,0.9056524266201685
2065,Nashville,Median Home Value,tract,2,5631,159,371,Feat\&PC-RGNN,5,0.9977797513321492,0.9911268855368234,0.8975741239892183,0.9056603773584906,0.9999887289087189,0.9989519437264509,0.9287561755303692,0.9056524266201685
2066,Nashville,Median Home Value,tract,2,5631,159,371,Feat\&PC-RGNN,6,0.9911190053285968,0.9787045252883763,0.8787061994609164,0.9056603773584906,0.9990471902477688,0.9964346797320062,0.9222464399883755,0.9056524266201685
2067,Nashville,Median Home Value,tract,2,5631,159,371,Feat\&PC-RGNN,7,0.9291740674955595,0.9139307897071872,0.8301886792452831,0.9056603773584906,0.9826823707854924,0.9695967233774417,0.8970066841034584,0.9056524266201685
2068,Nashville,Median Home Value,tract,2,5631,159,371,Feat\&PC-RGNN,8,0.9702486678507993,0.9556344276841171,0.8679245283018868,0.9056603773584906,0.9958808186757152,0.9906060722965934,0.9235251380412671,0.9056524266201685
2069,Nashville,Median Home Value,tract,2,5631,159,371,Feat\&PC-RGNN,9,0.9862344582593251,0.9733806566104702,0.8787061994609164,0.9056603773584906,0.9987631990013813,0.995370548975734,0.9242662016855566,0.9056524266201685
2070,Nashville,Median Home Value,tract,2,5631,159,371,NoPreTrain,0,1.0,0.9831410825199645,0.9002695417789758,0.9056603773584906,1.0,0.9985918753134525,0.9102731764022087,0.9056524266201685
2071,Nashville,Median Home Value,tract,2,5631,159,371,NoPreTrain,1,1.0,0.9893522626441881,0.9056603773584906,0.9056603773584906,1.0,0.9986658179339789,0.9069165940133683,0.9056524266201685
2072,Nashville,Median Home Value,tract,2,5631,159,371,NoPreTrain,2,1.0,0.9858030168589175,0.9056603773584906,0.9056603773584906,1.0,0.9982318069004539,0.9123510607381575,0.9056524266201685
2073,Nashville,Median Home Value,tract,2,5631,159,371,NoPreTrain,3,1.0,0.9875776397515528,0.9056603773584906,0.9056603773584906,1.0,0.9977977958669291,0.9071781458878233,0.9056524266201685
2074,Nashville,Median Home Value,tract,2,5631,159,371,NoPreTrain,4,1.0,0.9858030168589175,0.8975741239892183,0.9056603773584906,1.0,0.9974955955917337,0.9011043301365882,0.9056524266201685
2075,Nashville,Median Home Value,tract,2,5631,159,371,NoPreTrain,5,1.0,0.9866903283052352,0.9056603773584906,0.9056603773584906,1.0,0.9985854455203632,0.9148212728857891,0.9056524266201685
2076,Nashville,Median Home Value,tract,2,5631,159,371,NoPreTrain,6,1.0,0.9778172138420586,0.9002695417789758,0.9056603773584906,1.0,0.9971451718683693,0.9069020633536763,0.9056524266201685
2077,Nashville,Median Home Value,tract,2,5631,159,371,NoPreTrain,7,1.0,0.9804791481810116,0.9002695417789758,0.9056603773584906,1.0,0.9969490631791469,0.9213019471083987,0.9056524266201685
2078,Nashville,Median Home Value,tract,2,5631,159,371,NoPreTrain,8,1.0,0.9840283939662822,0.9029649595687331,0.9056603773584906,1.0,0.9981675089695614,0.9020052310374892,0.9056524266201685
2079,Nashville,Median Home Value,tract,2,5631,159,371,NoPreTrain,9,1.0,0.9840283939662822,0.8975741239892183,0.9056603773584906,1.0,0.994910818769852,0.9115082824760246,0.9056524266201685
2080,Nashville,Median Age,tract,2,6051,160,389,Emb,0,1.0,0.9554087530966143,0.7712082262210797,0.7737789203084833,1.0,0.9896431975652038,0.7986518636003173,0.7737509912767645
2081,Nashville,Median Age,tract,2,6051,160,389,Emb,1,1.0,0.9570602807597027,0.7737789203084833,0.7737789203084833,1.0,0.9879263541045379,0.7996563573883162,0.7737509912767645
2082,Nashville,Median Age,tract,2,6051,160,389,Emb,2,1.0,0.9628406275805119,0.7712082262210797,0.7737789203084833,1.0,0.9914074214460504,0.7981628337298441,0.7737509912767645
2083,Nashville,Median Age,tract,2,6051,160,389,Emb,3,1.0,0.9504541701073493,0.7660668380462725,0.7737789203084833,1.0,0.9851991928606068,0.7975680676711605,0.7737509912767645
2084,Nashville,Median Age,tract,2,6051,160,389,Emb,4,1.0,0.9578860445912469,0.7686375321336761,0.7737789203084833,1.0,0.9868296367315313,0.7961406291303199,0.7737509912767645
2085,Nashville,Median Age,tract,2,6051,160,389,Emb,5,1.0,0.9488026424442609,0.781491002570694,0.7737789203084833,1.0,0.9873076215586486,0.8025641025641026,0.7737509912767645
2086,Nashville,Median Age,tract,2,6051,160,389,Emb,6,1.0,0.9521056977704376,0.7609254498714653,0.7737789203084833,1.0,0.987137609462706,0.797766323024055,0.7737509912767645
2087,Nashville,Median Age,tract,2,6051,160,389,Emb,7,1.0,0.9661436829066887,0.7609254498714653,0.7737789203084833,1.0,0.9923940490192252,0.8030266983875232,0.7737509912767645
2088,Nashville,Median Age,tract,2,6051,160,389,Emb,8,1.0,0.9653179190751445,0.7634961439588689,0.7737789203084833,1.0,0.9896822167347644,0.8002246893999472,0.7737509912767645
2089,Nashville,Median Age,tract,2,6051,160,389,Emb,9,1.0,0.9603633360858794,0.7686375321336761,0.7737789203084833,1.0,0.9914938210357919,0.7906159132963256,0.7737509912767645
2090,Nashville,Median Age,tract,2,6051,160,389,LightGCN,0,0.9400826446280992,0.9124690338563171,0.7352185089974294,0.7737789203084833,0.9810244961357147,0.9721821191868405,0.7753370340999206,0.7737509912767645
2091,Nashville,Median Age,tract,2,6051,160,389,LightGCN,1,0.962603305785124,0.9454995871180842,0.7609254498714653,0.7737789203084833,0.9931872608371641,0.9822825099359528,0.7943431139307428,0.7737509912767645
2092,Nashville,Median Age,tract,2,6051,160,389,LightGCN,2,0.9144628099173554,0.8959537572254336,0.7326478149100257,0.7737789203084833,0.9707977118518706,0.9601753632963395,0.7787998942638118,0.7737509912767645
2093,Nashville,Median Age,tract,2,6051,160,389,LightGCN,3,0.9995867768595041,0.9562345169281585,0.7763496143958869,0.7737789203084833,0.9999802878187791,0.9901086405163909,0.8046391752577321,0.7737509912767645
2094,Nashville,Median Age,tract,2,6051,160,389,LightGCN,4,0.9960743801652893,0.9603633360858794,0.7660668380462725,0.7737789203084833,0.9998431747706409,0.9895707333931627,0.8072957969865188,0.7737509912767645
2095,Nashville,Median Age,tract,2,6051,160,389,LightGCN,5,0.8128099173553719,0.7952105697770437,0.7017994858611826,0.7737789203084833,0.9398323173710021,0.9076583481513275,0.7528680941052075,0.7737509912767645
2096,Nashville,Median Age,tract,2,6051,160,389,LightGCN,6,0.9867768595041322,0.9521056977704376,0.7634961439588689,0.7737789203084833,0.9981226327938127,0.9912820026867486,0.796801480306635,0.7737509912767645
2097,Nashville,Median Age,tract,2,6051,160,389,LightGCN,7,0.9954545454545455,0.9562345169281585,0.7660668380462725,0.7737789203084833,0.9998958568832844,0.9891248000267561,0.8012424002114724,0.7737509912767645
2098,Nashville,Median Age,tract,2,6051,160,389,LightGCN,8,0.9991735537190083,0.9587118084227911,0.7557840616966581,0.7737789203084833,0.99992917570287,0.9895763075602427,0.7978852762357918,0.7737509912767645
2099,Nashville,Median Age,tract,2,6051,160,389,LightGCN,9,0.9452479338842975,0.921552436003303,0.7480719794344473,0.7737789203084833,0.9872913997672218,0.9746291785349975,0.7942373777425324,0.7737509912767645
2100,Nashville,Median Age,tract,2,6051,160,389,Feat-LightGCN,0,0.8948347107438016,0.8860445912469034,0.7300771208226221,0.7737789203084833,0.956327051950843,0.949258357069995,0.7889770023790643,0.7737509912767645
2101,Nashville,Median Age,tract,2,6051,160,389,Feat-LightGCN,1,1.0,0.9496284062758051,0.7737789203084833,0.7737789203084833,1.0,0.9882552299622629,0.8011102299762094,0.7737509912767645
2102,Nashville,Median Age,tract,2,6051,160,389,Feat-LightGCN,2,0.9161157024793388,0.8943022295623452,0.7352185089974294,0.7737789203084833,0.9709904725620393,0.9613598738008573,0.7800158604282317,0.7737509912767645
2103,Nashville,Median Age,tract,2,6051,160,389,Feat-LightGCN,3,0.7332644628099173,0.7151114781172585,0.6298200514138818,0.7737789203084833,0.9224955412092742,0.8959400554072207,0.7511366640232618,0.7737509912767645
2104,Nashville,Median Age,tract,2,6051,160,389,Feat-LightGCN,4,0.9692148760330579,0.9454995871180842,0.7480719794344473,0.7737789203084833,0.9924629690103577,0.983355537098869,0.8039651070578905,0.7737509912767645
2105,Nashville,Median Age,tract,2,6051,160,389,Feat-LightGCN,5,0.9254132231404959,0.8909991742361685,0.7377892030848329,0.7737789203084833,0.9772720294964009,0.956761185959788,0.7847211208035951,0.7737509912767645
2106,Nashville,Median Age,tract,2,6051,160,389,Feat-LightGCN,6,0.906198347107438,0.8976052848885219,0.7377892030848329,0.7737789203084833,0.9666944381644575,0.9572126934932748,0.7820512820512819,0.7737509912767645
2107,Nashville,Median Age,tract,2,6051,160,389,Feat-LightGCN,7,0.9345041322314049,0.9066886870355079,0.7532133676092545,0.7737789203084833,0.9798028642322647,0.9687567935161288,0.7845625165212794,0.7737509912767645
2108,Nashville,Median Age,tract,2,6051,160,389,Feat-LightGCN,8,0.8747933884297521,0.8777869529314616,0.7403598971722365,0.7737789203084833,0.9535956065211385,0.9483915740890417,0.7916468411313772,0.7737509912767645
2109,Nashville,Median Age,tract,2,6051,160,389,Feat-LightGCN,9,0.8549586776859505,0.8521882741535921,0.7043701799485861,0.7737789203084833,0.9322905763911565,0.9285977067876632,0.759238699444885,0.7737509912767645
2110,Nashville,Median Age,tract,2,6051,160,389,Feat\&PC-LightGCN,0,0.9388429752066115,0.9240297274979355,0.7583547557840618,0.7737789203084833,0.9845177388697699,0.978255174220592,0.7841395717684376,0.7737509912767645
2111,Nashville,Median Age,tract,2,6051,160,389,Feat\&PC-LightGCN,1,0.8694214876033057,0.8670520231213873,0.7043701799485861,0.7737789203084833,0.95274248774007,0.9472962502578053,0.7530795664816283,0.7737509912767645
2112,Nashville,Median Age,tract,2,6051,160,389,Feat\&PC-LightGCN,2,0.9745867768595041,0.9521056977704376,0.7557840616966581,0.7737789203084833,0.996107803651324,0.9870707194577449,0.7900872323552737,0.7737509912767645
2113,Nashville,Median Age,tract,2,6051,160,389,Feat\&PC-LightGCN,3,0.9997933884297521,0.967795210569777,0.7737789203084833,0.7737789203084833,0.9999994766677551,0.9931131165725562,0.8005947660586836,0.7737509912767645
2114,Nashville,Median Age,tract,2,6051,160,389,Feat\&PC-LightGCN,4,0.8878099173553718,0.8976052848885219,0.7326478149100257,0.7737789203084833,0.9579482480231998,0.959952396613136,0.7671160454665611,0.7737509912767645
2115,Nashville,Median Age,tract,2,6051,160,389,Feat\&PC-LightGCN,5,0.881404958677686,0.8744838976052849,0.6760925449871465,0.7737789203084833,0.9685881158922746,0.9595928628364707,0.7565159925984668,0.7737509912767645
2116,Nashville,Median Age,tract,2,6051,160,389,Feat\&PC-LightGCN,6,0.903099173553719,0.8868703550784476,0.7377892030848329,0.7737789203084833,0.9701794820266775,0.9599050161929553,0.7662701559608776,0.7737509912767645
2117,Nashville,Median Age,tract,2,6051,160,389,Feat\&PC-LightGCN,7,0.9365702479338843,0.9108175061932288,0.7403598971722365,0.7737789203084833,0.984658864131785,0.9746459010362377,0.7775574940523395,0.7737509912767645
2118,Nashville,Median Age,tract,2,6051,160,389,Feat\&PC-LightGCN,8,0.921900826446281,0.9199009083402147,0.7069408740359897,0.7737789203084833,0.9750104492004878,0.9672238975691058,0.7621464446206714,0.7737509912767645
2119,Nashville,Median Age,tract,2,6051,160,389,Feat\&PC-LightGCN,9,0.8822314049586777,0.8810900082576383,0.7249357326478149,0.7737789203084833,0.9468296183721716,0.947354779012146,0.7485857784826856,0.7737509912767645
2120,Nashville,Median Age,tract,2,6051,160,389,RGNN,0,0.9173553719008265,0.9033856317093312,0.7172236503856041,0.7737789203084833,0.967305515782305,0.9622378051159706,0.7690985989955064,0.7737509912767645
2121,Nashville,Median Age,tract,2,6051,160,389,RGNN,1,0.9444214876033058,0.925681255161024,0.7172236503856041,0.7737789203084833,0.982897502239862,0.9700639356964086,0.770182394924663,0.7737509912767645
2122,Nashville,Median Age,tract,2,6051,160,389,RGNN,2,0.996694214876033,0.976878612716763,0.7737789203084833,0.7737789203084833,0.9998750980375739,0.9967335380910708,0.8001586042823157,0.7737509912767645
2123,Nashville,Median Age,tract,2,6051,160,389,RGNN,3,0.9477272727272728,0.9331131296449215,0.7429305912596401,0.7737789203084833,0.9840786631163807,0.9716219153952921,0.7900872323552737,0.7737509912767645
2124,Nashville,Median Age,tract,2,6051,160,389,RGNN,4,0.9671487603305785,0.9521056977704376,0.7480719794344473,0.7737789203084833,0.9889466124354906,0.9721208033489595,0.7959027227068464,0.7737509912767645
2125,Nashville,Median Age,tract,2,6051,160,389,RGNN,5,0.8150826446280992,0.786952931461602,0.6940874035989717,0.7737789203084833,0.8977630337640008,0.8766381083506598,0.7436293946603225,0.7737509912767645
2126,Nashville,Median Age,tract,2,6051,160,389,RGNN,6,0.9413223140495868,0.9157720891824938,0.7429305912596401,0.7737789203084833,0.9784067882472137,0.9650806303268133,0.7883690192968544,0.7737509912767645
2127,Nashville,Median Age,tract,2,6051,160,389,RGNN,7,0.8004132231404959,0.7960363336085879,0.7223650385604113,0.7737789203084833,0.867876663149874,0.86074615800534,0.7511102299762092,0.7737509912767645
2128,Nashville,Median Age,tract,2,6051,160,389,RGNN,8,0.8809917355371901,0.8571428571428571,0.7275064267352185,0.7737789203084833,0.9469288770546024,0.9292889035055937,0.7750462595823421,0.7737509912767645
2129,Nashville,Median Age,tract,2,6051,160,389,RGNN,9,0.9669421487603306,0.9636663914120561,0.7506426735218509,0.7737789203084833,0.9915506264635858,0.9872490928043077,0.7987840338355803,0.7737509912767645
2130,Nashville,Median Age,tract,2,6051,160,389,Feat-RGNN,0,0.8070247933884298,0.7985136251032204,0.6658097686375322,0.7737789203084833,0.8591050913947432,0.8531193038980152,0.722244250594766,0.7737509912767645
2131,Nashville,Median Age,tract,2,6051,160,389,Feat-RGNN,1,0.8415289256198347,0.8191577208918249,0.7352185089974294,0.7737789203084833,0.9350134740608629,0.9192790929715328,0.7644329896907216,0.7737509912767645
2132,Nashville,Median Age,tract,2,6051,160,389,Feat-RGNN,2,0.9646694214876033,0.9587118084227911,0.7506426735218509,0.7737789203084833,0.9911392873191713,0.9849915551368738,0.7862278614855935,0.7737509912767645
2133,Nashville,Median Age,tract,2,6051,160,389,Feat-RGNN,3,0.7832644628099174,0.7696118909991743,0.6889460154241646,0.7737789203084833,0.8427975353144598,0.8201690087458683,0.7108511763150938,0.7737509912767645
2134,Nashville,Median Age,tract,2,6051,160,389,Feat-RGNN,4,0.793801652892562,0.7861271676300579,0.6555269922879178,0.7737789203084833,0.9587820035112105,0.9415019035780579,0.7620407084324611,0.7737509912767645
2135,Nashville,Median Age,tract,2,6051,160,389,Feat-RGNN,5,0.8981404958677686,0.8645747316267548,0.7146529562982005,0.7737789203084833,0.9468795093795095,0.917574791386797,0.7554057626222573,0.7737509912767645
2136,Nashville,Median Age,tract,2,6051,160,389,Feat-RGNN,6,0.984504132231405,0.9611890999174236,0.7763496143958869,0.7737789203084833,0.9985915384851555,0.9855489718448821,0.7955855141422151,0.7737509912767645
2137,Nashville,Median Age,tract,2,6051,160,389,Feat-RGNN,7,0.9256198347107438,0.9091659785301404,0.7326478149100257,0.7737789203084833,0.9743299428381634,0.9655516474450806,0.7648691514670897,0.7737509912767645
2138,Nashville,Median Age,tract,2,6051,160,389,Feat-RGNN,8,0.9568181818181818,0.9430222956234517,0.7480719794344473,0.7737789203084833,0.9884920983808797,0.9811955473553364,0.7693893735130849,0.7737509912767645
2139,Nashville,Median Age,tract,2,6051,160,389,Feat-RGNN,9,0.9576446280991735,0.9298100743187449,0.7532133676092545,0.7737789203084833,0.9878279897622257,0.9747211522918189,0.7703409992069786,0.7737509912767645
2140,Nashville,Median Age,tract,2,6051,160,389,Feat\&PC-RGNN,0,0.9444214876033058,0.9364161849710982,0.7583547557840618,0.7737789203084833,0.9869101522268832,0.9847435047018099,0.7818662437219138,0.7737509912767645
2141,Nashville,Median Age,tract,2,6051,160,389,Feat\&PC-RGNN,1,0.9764462809917356,0.9587118084227911,0.7634961439588689,0.7737789203084833,0.994700912133214,0.9867279081823198,0.7919640496960084,0.7737509912767645
2142,Nashville,Median Age,tract,2,6051,160,389,Feat\&PC-RGNN,2,0.971900826446281,0.9628406275805119,0.7712082262210797,0.7737789203084833,0.9952802409282099,0.9898466546636269,0.80192968543484,0.7737509912767645
2143,Nashville,Median Age,tract,2,6051,160,389,Feat\&PC-RGNN,3,0.9696280991735537,0.9587118084227911,0.7429305912596401,0.7737789203084833,0.9946491022409786,0.9867669273518804,0.7950568332011632,0.7737509912767645
2144,Nashville,Median Age,tract,2,6051,160,389,Feat\&PC-RGNN,4,0.9787190082644628,0.9620148637489678,0.7557840616966581,0.7737789203084833,0.9958522430717788,0.9896209008968835,0.7964181866243722,0.7737509912767645
2145,Nashville,Median Age,tract,2,6051,160,389,Feat\&PC-RGNN,5,0.9696280991735537,0.9570602807597027,0.7634961439588689,0.7737789203084833,0.9944840781397841,0.9867000373469195,0.7906952154374834,0.7737509912767645
2146,Nashville,Median Age,tract,2,6051,160,389,Feat\&PC-RGNN,6,0.8820247933884298,0.8662262592898431,0.7043701799485861,0.7737789203084833,0.9560760269174197,0.9375386707841181,0.7457044673539519,0.7737509912767645
2147,Nashville,Median Age,tract,2,6051,160,389,Feat\&PC-RGNN,7,0.9793388429752066,0.9661436829066887,0.7557840616966581,0.7737789203084833,0.9972732645604986,0.9894258050490805,0.7915675389902195,0.7737509912767645
2148,Nashville,Median Age,tract,2,6051,160,389,Feat\&PC-RGNN,8,0.9764462809917356,0.9570602807597027,0.7557840616966581,0.7737789203084833,0.9965186194634937,0.9879402895222381,0.7884483214380122,0.7737509912767645
2149,Nashville,Median Age,tract,2,6051,160,389,Feat\&PC-RGNN,9,0.9712809917355372,0.9587118084227911,0.7455012853470437,0.7737789203084833,0.9938825949464248,0.9867585661012603,0.7832275971451229,0.7737509912767645
2150,Nashville,Median Age,tract,2,6051,160,389,NoPreTrain,0,1.0,0.9661436829066887,0.7737789203084833,0.7737789203084833,1.0,0.9917084264683749,0.7915411049431668,0.7737509912767645
2151,Nashville,Median Age,tract,2,6051,160,389,NoPreTrain,1,1.0,0.9669694467382328,0.7712082262210797,0.7737789203084833,0.9999999999999999,0.9894508888009409,0.7913692836373248,0.7737509912767645
2152,Nashville,Median Age,tract,2,6051,160,389,NoPreTrain,2,1.0,0.9636663914120561,0.7686375321336761,0.7737789203084833,1.0,0.9924581519406462,0.7923341263547449,0.7737509912767645
2153,Nashville,Median Age,tract,2,6051,160,389,NoPreTrain,3,1.0,0.9545829892650702,0.7686375321336761,0.7737789203084833,1.0,0.9903678392856148,0.7931535818133757,0.7737509912767645
2154,Nashville,Median Age,tract,2,6051,160,389,NoPreTrain,4,1.0,0.9719240297274979,0.7737789203084833,0.7737789203084833,1.0,0.995953154699859,0.7952947396246365,0.7737509912767645
2155,Nashville,Median Age,tract,2,6051,160,389,NoPreTrain,5,1.0,0.9628406275805119,0.7763496143958869,0.7737789203084833,1.0,0.9886955891615896,0.8132698916204072,0.7737509912767645
2156,Nashville,Median Age,tract,2,6051,160,389,NoPreTrain,6,1.0,0.9669694467382328,0.7634961439588689,0.7737789203084833,1.0,0.9909057464088429,0.8012159661644198,0.7737509912767645
2157,Nashville,Median Age,tract,2,6051,160,389,NoPreTrain,7,1.0,0.9628406275805119,0.7737789203084833,0.7737789203084833,1.0,0.9877033874213347,0.8003700766587364,0.7737509912767645
2158,Nashville,Median Age,tract,2,6051,160,389,NoPreTrain,8,1.0,0.9620148637489678,0.7660668380462725,0.7737789203084833,1.0,0.9900069119671793,0.8061855670103093,0.7737509912767645
2159,Nashville,Median Age,tract,2,6051,160,389,NoPreTrain,9,1.0,0.9727497935590421,0.7660668380462725,0.7737789203084833,1.0,0.9947324121093206,0.7918318794607455,0.7737509912767645
2160,Tampa,Median Income,tract,2,14419,458,1091,Emb,0,0.7328998699609883,0.7083911234396671,0.6727772685609532,0.8285976168652612,0.9497700963024743,0.9237166872312221,0.8363914373088686,0.8285966327250729
2161,Tampa,Median Income,tract,2,14419,458,1091,Emb,1,0.6247941048981361,0.6189320388349514,0.5875343721356554,0.8285976168652612,0.9204969509791148,0.8874014531212648,0.8156551399670666,0.8285966327250729
2162,Tampa,Median Income,tract,2,14419,458,1091,Emb,2,0.9635023840485479,0.909500693481276,0.8102658111824015,0.8285976168652612,0.99531631365339,0.9649966315982644,0.8543485566421345,0.8285966327250729
2163,Tampa,Median Income,tract,2,14419,458,1091,Emb,3,0.8602514087559601,0.8470873786407767,0.7451879010082493,0.8285976168652612,0.9418882767891028,0.927380156129646,0.8166717074973956,0.8285966327250729
2164,Tampa,Median Income,tract,2,14419,458,1091,Emb,4,0.9508452535760729,0.9011789181692095,0.8130155820348305,0.8285976168652612,0.9901575932218167,0.9629461321331038,0.8566959034848943,0.8285966327250729
2165,Tampa,Median Income,tract,2,14419,458,1091,Emb,5,0.7431296055483312,0.7167128987517337,0.6544454628780935,0.8285976168652612,0.9452159153082088,0.9081669857995909,0.823500352858151,0.8285966327250729
2166,Tampa,Median Income,tract,2,14419,458,1091,Emb,6,1.0,0.9108876560332871,0.8276810265811182,0.8285976168652612,1.0,0.9699079786450573,0.8632036159559096,0.8285966327250729
2167,Tampa,Median Income,tract,2,14419,458,1091,Emb,7,0.7348938014737755,0.7163661581137309,0.6718606782768103,0.8285976168652612,0.9413009745443796,0.9142276942988292,0.8303289982189067,0.8285966327250729
2168,Tampa,Median Income,tract,2,14419,458,1091,Emb,8,0.7934113567403555,0.7666435506241331,0.7039413382218148,0.8285976168652612,0.9544488922371775,0.9253740857626472,0.8315925664549517,0.8285966327250729
2169,Tampa,Median Income,tract,2,14419,458,1091,Emb,9,0.9150411790203727,0.8786407766990292,0.7864344637946837,0.8285976168652612,0.9723069105384271,0.9449528303025766,0.8482810767214438,0.8285966327250729
2170,Tampa,Median Income,tract,2,14419,458,1091,LightGCN,0,0.8776766363242307,0.8626907073509015,0.76993583868011,0.8285976168652612,0.9490281272342692,0.9365552478250266,0.836389757031959,0.8285966327250729
2171,Tampa,Median Income,tract,2,14419,458,1091,LightGCN,1,0.9900303424360641,0.9268377253814147,0.8148487626031164,0.8285976168652612,0.9994392629557577,0.9786127014098995,0.8744715529119198,0.8285966327250729
2172,Tampa,Median Income,tract,2,14419,458,1091,LightGCN,2,0.9785002167316862,0.9289181692094314,0.8175985334555453,0.8285976168652612,0.9977947261073492,0.9806308449013988,0.8759451557616695,0.8285966327250729
2173,Tampa,Median Income,tract,2,14419,458,1091,LightGCN,3,0.9446033810143043,0.9257975034674064,0.8001833180568286,0.8285976168652612,0.9866129049396903,0.9761719985608837,0.8649796686493935,0.8285966327250729
2174,Tampa,Median Income,tract,2,14419,458,1091,LightGCN,4,0.9586475942782835,0.9313453536754508,0.8084326306141155,0.8285976168652612,0.9928891901489957,0.9807564053962037,0.8661928285781496,0.8285966327250729
2175,Tampa,Median Income,tract,2,14419,458,1091,LightGCN,5,0.9328998699609883,0.8945908460471568,0.8038496791934006,0.8285976168652612,0.9821256350441362,0.9620399234080981,0.8591743119266055,0.8285966327250729
2176,Tampa,Median Income,tract,2,14419,458,1091,LightGCN,6,0.7548331166016472,0.734743411927878,0.7021081576535289,0.8285976168652612,0.8958880661995134,0.8684579963925504,0.805736465369493,0.8285966327250729
2177,Tampa,Median Income,tract,2,14419,458,1091,LightGCN,7,0.9660164716081491,0.9223300970873787,0.8185151237396884,0.8285976168652612,0.9971609347617845,0.9846357417606961,0.8708942433713076,0.8285966327250729
2178,Tampa,Median Income,tract,2,14419,458,1091,LightGCN,8,0.9911573472041613,0.9414008321775312,0.8249312557286893,0.8285976168652612,0.9994527870578207,0.984657956309777,0.8711479651846625,0.8285966327250729
2179,Tampa,Median Income,tract,2,14419,458,1091,LightGCN,9,0.5833550065019506,0.5884188626907073,0.5481209899175069,0.8285976168652612,0.8651295035410809,0.8571442714231559,0.7598380213059113,0.8285966327250729
2180,Tampa,Median Income,tract,2,14419,458,1091,Feat-LightGCN,0,0.6033810143042913,0.5957004160887656,0.5728689275893676,0.8285976168652612,0.9698048007181299,0.9307099238668769,0.8527472527472528,0.8285966327250729
2181,Tampa,Median Income,tract,2,14419,458,1091,Feat-LightGCN,1,0.9972258344169918,0.9292649098474342,0.8276810265811182,0.8285976168652612,0.9997864218256789,0.9809703411623522,0.8730786033538328,0.8285966327250729
2182,Tampa,Median Income,tract,2,14419,458,1091,Feat-LightGCN,2,0.999393151278717,0.9268377253814147,0.8267644362969753,0.8285976168652612,0.9999948680862707,0.9805067331815339,0.8743136068824142,0.8285966327250729
2183,Tampa,Median Income,tract,2,14419,458,1091,Feat-LightGCN,3,0.742262678803641,0.720873786407767,0.6718606782768103,0.8285976168652612,0.9022183723477515,0.8811589233670496,0.7998403736935847,0.8285966327250729
2184,Tampa,Median Income,tract,2,14419,458,1091,Feat-LightGCN,4,0.9978326831382748,0.9365464632454924,0.8258478460128322,0.8285976168652612,0.9998998673068236,0.9843995914454668,0.8733340054440972,0.8285966327250729
2185,Tampa,Median Income,tract,2,14419,458,1091,Feat-LightGCN,5,0.999653229302124,0.915742024965326,0.8258478460128322,0.8285976168652612,0.9999995471840827,0.9763139785050091,0.8796703296703297,0.8285966327250729
2186,Tampa,Median Income,tract,2,14419,458,1091,Feat-LightGCN,6,0.9995665366276549,0.9296116504854369,0.8285976168652612,0.8285976168652612,0.9999937813280693,0.9794129081017909,0.8783798770037301,0.8285966327250729
2187,Tampa,Median Income,tract,2,14419,458,1091,Feat-LightGCN,7,0.9978326831382748,0.9164355062413315,0.8230980751604033,0.8285976168652612,0.9999817364246695,0.9788396761505084,0.8693584702759014,0.8285966327250729
2188,Tampa,Median Income,tract,2,14419,458,1091,Feat-LightGCN,8,0.9147811009969657,0.8873092926490985,0.7791017415215399,0.8285976168652612,0.9734938618085516,0.9552326128897506,0.8505931377491011,0.8285966327250729
2189,Tampa,Median Income,tract,2,14419,458,1091,Feat-LightGCN,9,0.9995665366276549,0.930998613037448,0.8240146654445463,0.8285976168652612,0.9999999094368164,0.9812108378024016,0.8732970393520855,0.8285966327250729
2190,Tampa,Median Income,tract,2,14419,458,1091,Feat\&PC-LightGCN,0,1.0,0.9441747572815534,0.8285976168652612,0.8285976168652612,1.0,0.9869767206013381,0.8732298282757,0.8285966327250729
2191,Tampa,Median Income,tract,2,14419,458,1091,Feat\&PC-LightGCN,1,0.9993064586042479,0.9396671289875174,0.8276810265811182,0.8285976168652612,0.9999959850322,0.9855054896497103,0.8737137480256747,0.8285966327250729
2192,Tampa,Median Income,tract,2,14419,458,1091,Feat\&PC-LightGCN,2,0.999653229302124,0.9348127600554785,0.8313473877176902,0.8285976168652612,0.9999996981227218,0.9842861040751624,0.8711378835232048,0.8285966327250729
2193,Tampa,Median Income,tract,2,14419,458,1091,Feat\&PC-LightGCN,3,0.9915041179020373,0.9379334257975035,0.8194317140238313,0.8285976168652612,0.9995693418749309,0.9874922430175086,0.8710908357697349,0.8285966327250729
2194,Tampa,Median Income,tract,2,14419,458,1091,Feat\&PC-LightGCN,4,0.9914174252275683,0.9368932038834952,0.8249312557286893,0.8285976168652612,0.9996546222060202,0.9866275658407844,0.873789360486608,0.8285966327250729
2195,Tampa,Median Income,tract,2,14419,458,1091,Feat\&PC-LightGCN,5,0.9688773298656264,0.9178224687933426,0.8221814848762603,0.8285976168652612,0.9964584965231585,0.9760717916275297,0.873601169472729,0.8285966327250729
2196,Tampa,Median Income,tract,2,14419,458,1091,Feat\&PC-LightGCN,6,0.8625921109666234,0.8439667128987517,0.7451879010082493,0.8285976168652612,0.9580361301216651,0.9464122295921941,0.8420774943710724,0.8285966327250729
2197,Tampa,Median Income,tract,2,14419,458,1091,Feat\&PC-LightGCN,7,0.9993064586042479,0.9320388349514563,0.8276810265811182,0.8285976168652612,0.999997494418591,0.9852005225248284,0.8734617064892295,0.8285966327250729
2198,Tampa,Median Income,tract,2,14419,458,1091,Feat\&PC-LightGCN,8,0.9936714347637624,0.9438280166435506,0.8276810265811182,0.8285976168652612,0.9997835539915361,0.9877066617086369,0.8715764357966194,0.8285966327250729
2199,Tampa,Median Income,tract,2,14419,458,1091,Feat\&PC-LightGCN,9,1.0,0.9358529819694869,0.8258478460128322,0.8285976168652612,1.0,0.9863269450407227,0.8687619719729811,0.8285966327250729
2200,Tampa,Median Income,tract,2,14419,458,1091,RGNN,0,0.7930645860424794,0.7829403606102635,0.7030247479376719,0.8285976168652612,0.9036715039079221,0.8928288055092083,0.8077914440299762,0.8285966327250729
2201,Tampa,Median Income,tract,2,14419,458,1091,RGNN,1,0.9576072821846554,0.9247572815533981,0.8093492208982584,0.8285976168652612,0.9910549536189712,0.9770359513501375,0.8627818664515912,0.8285966327250729
2202,Tampa,Median Income,tract,2,14419,458,1091,RGNN,2,0.928305158214131,0.9036061026352289,0.8010999083409716,0.8285976168652612,0.979373661400679,0.9641833859319124,0.8672278791544846,0.8285966327250729
2203,Tampa,Median Income,tract,2,14419,458,1091,RGNN,3,0.9538794971824881,0.9303051317614425,0.8102658111824015,0.8285976168652612,0.9906348461047749,0.9808713415414484,0.8598615451826461,0.8285966327250729
2204,Tampa,Median Income,tract,2,14419,458,1091,RGNN,4,0.9601213697442567,0.9424410540915396,0.8084326306141155,0.8285976168652612,0.9937193677578886,0.9864377763236369,0.8647561918204121,0.8285966327250729
2205,Tampa,Median Income,tract,2,14419,458,1091,RGNN,5,0.9094928478543564,0.8814147018030514,0.7891842346471127,0.8285976168652612,0.9644092877495423,0.946641136032723,0.8471519306381692,0.8285966327250729
2206,Tampa,Median Income,tract,2,14419,458,1091,RGNN,6,0.894581707845687,0.8782940360610264,0.7809349220898258,0.8285976168652612,0.9573897353997357,0.9418596958055552,0.840141815371173,0.8285966327250729
2207,Tampa,Median Income,tract,2,14419,458,1091,RGNN,7,0.9335934113567403,0.9098474341192788,0.7965169569202566,0.8285976168652612,0.9792873546868438,0.9702532700057709,0.8641344893638471,0.8285966327250729
2208,Tampa,Median Income,tract,2,14419,458,1091,RGNN,8,0.8743823146944083,0.8540221914008321,0.775435380384968,0.8285976168652612,0.9442314633162958,0.9330694953192498,0.832530160970528,0.8285966327250729
2209,Tampa,Median Income,tract,2,14419,458,1091,RGNN,9,0.9383615084525357,0.9160887656033287,0.8111824014665444,0.8285976168652612,0.9783482748498433,0.9676988383239606,0.8545384279329235,0.8285966327250729
2210,Tampa,Median Income,tract,2,14419,458,1091,Feat-RGNN,0,0.9312527091460772,0.908113730929265,0.7974335472043996,0.8285976168652612,0.982600820067739,0.9671611013587095,0.8567681553920087,0.8285966327250729
2211,Tampa,Median Income,tract,2,14419,458,1091,Feat-RGNN,1,0.7253576072821847,0.6938280166435506,0.6608615948670944,0.8285976168652612,0.8101052452867599,0.7761512327867428,0.7212924689988909,0.8285966327250729
2212,Tampa,Median Income,tract,2,14419,458,1091,Feat-RGNN,2,0.798959687906372,0.7753120665742025,0.7222731439046746,0.8285976168652612,0.8902575417698534,0.8730733104265919,0.801633229156165,0.8285966327250729
2213,Tampa,Median Income,tract,2,14419,458,1091,Feat-RGNN,3,0.7205895101863893,0.7104715672676838,0.6544454628780935,0.8285976168652612,0.8015465867279534,0.7980547781804836,0.73725846019424,0.8285966327250729
2214,Tampa,Median Income,tract,2,14419,458,1091,Feat-RGNN,4,0.9519722583441699,0.9285714285714286,0.8056828597616865,0.8285976168652612,0.9901748907898572,0.9809302583890106,0.8634825419229089,0.8285966327250729
2215,Tampa,Median Income,tract,2,14419,458,1091,Feat-RGNN,5,0.9104464672735154,0.8810679611650486,0.7974335472043996,0.8285976168652612,0.9717055860941319,0.9548498948430856,0.8538209496925094,0.8285966327250729
2216,Tampa,Median Income,tract,2,14419,458,1091,Feat-RGNN,6,0.787863025574339,0.7662968099861304,0.7231897341888176,0.8285976168652612,0.8722577769926285,0.8515053978939642,0.7922371206774876,0.8285966327250729
2217,Tampa,Median Income,tract,2,14419,458,1091,Feat-RGNN,7,0.9484178586909406,0.9185159500693482,0.8120989917506874,0.8285976168652612,0.9885784731795924,0.9746908676471654,0.8629179688812716,0.8285966327250729
2218,Tampa,Median Income,tract,2,14419,458,1091,Feat-RGNN,8,0.8612050281751192,0.8325242718446602,0.7552703941338221,0.8285976168652612,0.9435369795439504,0.9177226223792265,0.8266609537251739,0.8285966327250729
2219,Tampa,Median Income,tract,2,14419,458,1091,Feat-RGNN,9,0.8299956653662766,0.8231622746185853,0.7644362969752521,0.8285976168652612,0.9134337018932897,0.906586855264969,0.8288906811842591,0.8285966327250729
2220,Tampa,Median Income,tract,2,14419,458,1091,Feat\&PC-RGNN,0,0.9488513220632857,0.9313453536754508,0.8001833180568286,0.8285976168652612,0.9880819152446938,0.9771458167830919,0.8732096649527842,0.8285966327250729
2221,Tampa,Median Income,tract,2,14419,458,1091,Feat\&PC-RGNN,1,0.9504117902037278,0.9240638002773925,0.8038496791934006,0.8285976168652612,0.9886929148557552,0.9729402645945966,0.8688191013879087,0.8285966327250729
2222,Tampa,Median Income,tract,2,14419,458,1091,Feat\&PC-RGNN,2,0.8184655396618986,0.7995839112343966,0.7461044912923923,0.8285976168652612,0.9152823681572119,0.8977411184059613,0.819047619047619,0.8285966327250729
2223,Tampa,Median Income,tract,2,14419,458,1091,Feat\&PC-RGNN,3,0.9217165149544864,0.9088072122052705,0.7827681026581118,0.8285976168652612,0.9754421475742772,0.9648783149781598,0.85588769029136,0.8285966327250729
2224,Tampa,Median Income,tract,2,14419,458,1091,Feat\&PC-RGNN,4,0.8973558734286953,0.8935506241331485,0.7928505957836847,0.8285976168652612,0.960579702786122,0.9557561035680913,0.8630187854958498,0.8285966327250729
2225,Tampa,Median Income,tract,2,14419,458,1091,Feat\&PC-RGNN,5,0.9351538794971825,0.9178224687933426,0.8020164986251146,0.8285976168652612,0.9845582376211298,0.9699268127192783,0.8623147494707128,0.8285966327250729
2226,Tampa,Median Income,tract,2,14419,458,1091,Feat\&PC-RGNN,6,0.9335934113567403,0.9160887656033287,0.8010999083409716,0.8285976168652612,0.9825087474978902,0.9726295023699545,0.8687972577880836,0.8285966327250729
2227,Tampa,Median Income,tract,2,14419,458,1091,Feat\&PC-RGNN,7,0.8284351972258344,0.8356449375866851,0.768102658111824,0.8285976168652612,0.9178268011719117,0.9175526327862598,0.8408592936115873,0.8285966327250729
2228,Tampa,Median Income,tract,2,14419,458,1091,Feat\&PC-RGNN,8,0.9510186389250108,0.9306518723994452,0.8093492208982584,0.8285976168652612,0.9913276544582262,0.9802531975670239,0.8625415868535136,0.8285966327250729
2229,Tampa,Median Income,tract,2,14419,458,1091,Feat\&PC-RGNN,9,0.9462505418292154,0.9230235783633842,0.7956003666361137,0.8285976168652612,0.9874200945938487,0.9762958688182584,0.8641899385018652,0.8285966327250729
2230,Tampa,Median Income,tract,2,14419,458,1091,NoPreTrain,0,1.0,0.9358529819694869,0.8240146654445463,0.8285976168652612,1.0,0.9805308794305349,0.8507477232247874,0.8285966327250729
2231,Tampa,Median Income,tract,2,14419,458,1091,NoPreTrain,1,1.0,0.9361997226074896,0.8285976168652612,0.8285976168652612,1.0,0.9818700304001274,0.8690694626474443,0.8285966327250729
2232,Tampa,Median Income,tract,2,14419,458,1091,NoPreTrain,2,1.0,0.9358529819694869,0.8230980751604033,0.8285976168652612,1.0,0.9827209442149208,0.8608529085593305,0.8285966327250729
2233,Tampa,Median Income,tract,2,14419,458,1091,NoPreTrain,3,1.0,0.9400138696255201,0.8230980751604033,0.8285976168652612,1.0,0.9832487812180816,0.8604849279161206,0.8285966327250729
2234,Tampa,Median Income,tract,2,14419,458,1091,NoPreTrain,4,1.0,0.9379334257975035,0.8267644362969753,0.8285976168652612,1.0,0.9824234624272292,0.8582199146419331,0.8285966327250729
2235,Tampa,Median Income,tract,2,14419,458,1091,NoPreTrain,5,0.999913307325531,0.9407073509015257,0.8267644362969753,0.8285976168652612,0.9999682425103342,0.9836027652284356,0.8621265584568337,0.8285966327250729
2236,Tampa,Median Income,tract,2,14419,458,1091,NoPreTrain,6,1.0,0.9313453536754508,0.8276810265811182,0.8285976168652612,1.0,0.9789403660088425,0.8692307692307693,0.8285966327250729
2237,Tampa,Median Income,tract,2,14419,458,1091,NoPreTrain,7,1.0,0.9455617198335645,0.8304307974335472,0.8285976168652612,1.0,0.9835054558449617,0.8666011358671908,0.8285966327250729
2238,Tampa,Median Income,tract,2,14419,458,1091,NoPreTrain,8,1.0,0.930998613037448,0.8276810265811182,0.8285976168652612,1.0,0.9787520252666349,0.8670917767248042,0.8285966327250729
2239,Tampa,Median Income,tract,2,14419,458,1091,NoPreTrain,9,1.0,0.9427877947295423,0.8240146654445463,0.8285976168652612,1.0,0.9856863450547276,0.8547451019928084,0.8285966327250729
2240,Tampa,Median Home Value,tract,2,14061,452,1062,Emb,0,0.932699146514936,0.8922858158549591,0.832391713747646,0.8747645951035782,0.9822159192507295,0.9571346536818433,0.8835047524471558,0.8747659242445738
2241,Tampa,Median Home Value,tract,2,14061,452,1062,Emb,1,0.853929587482219,0.8275862068965517,0.7693032015065914,0.8747645951035782,0.9265892454366618,0.8996394126380303,0.8296637820967513,0.8747659242445738
2242,Tampa,Median Home Value,tract,2,14061,452,1062,Emb,2,0.9373221906116643,0.8908638464273018,0.8286252354048964,0.8747645951035782,0.9848675001977933,0.9568035958601424,0.8850546176762661,0.8747659242445738
2243,Tampa,Median Home Value,tract,2,14061,452,1062,Emb,3,0.9562588904694168,0.9089939566299324,0.835216572504708,0.8747645951035782,0.992203683544477,0.9624857333492731,0.890385161015747,0.8747659242445738
2244,Tampa,Median Home Value,tract,2,14061,452,1062,Emb,4,0.5603662873399715,0.5613224315677213,0.5103578154425612,0.8747645951035782,0.8817526131406601,0.8670938232171668,0.7960685912895447,0.8747659242445738
2245,Tampa,Median Home Value,tract,2,14061,452,1062,Emb,5,0.8696657183499289,0.845360824742268,0.7768361581920904,0.8747645951035782,0.9485783356806513,0.9316283855515739,0.866009363030217,0.8747659242445738
2246,Tampa,Median Home Value,tract,2,14061,452,1062,Emb,6,0.6552275960170697,0.6409527195165304,0.5932203389830508,0.8747645951035782,0.9156148630918669,0.8969569757663631,0.8256277486168251,0.8747659242445738
2247,Tampa,Median Home Value,tract,2,14061,452,1062,Emb,7,0.8688655761024182,0.8521151795236402,0.7890772128060264,0.8747645951035782,0.9662715401409261,0.9448477082931005,0.8749255213505462,0.8747659242445738
2248,Tampa,Median Home Value,tract,2,14061,452,1062,Emb,8,0.8406827880512091,0.8165659438322076,0.7740112994350282,0.8747645951035782,0.9218538526497851,0.9073748238700863,0.8430770322031494,0.8747659242445738
2249,Tampa,Median Home Value,tract,2,14061,452,1062,Emb,9,0.9055832147937412,0.8745111980092428,0.8050847457627118,0.8747645951035782,0.9665794618564352,0.9373314696004114,0.8641012909632572,0.8747659242445738
2250,Tampa,Median Home Value,tract,2,14061,452,1062,LightGCN,0,0.9938655761024182,0.9360113757554213,0.8606403013182674,0.8747645951035782,0.9996720592988875,0.9827310941971898,0.9093949496382465,0.8747659242445738
2251,Tampa,Median Home Value,tract,2,14061,452,1062,LightGCN,1,0.8934921763869133,0.8716672591539282,0.7862523540489642,0.8747645951035782,0.9600670925198589,0.9431249814801759,0.870694424741098,0.8747659242445738
2252,Tampa,Median Home Value,tract,2,14061,452,1062,LightGCN,2,0.9932432432432432,0.9349448986846782,0.85969868173258,0.8747645951035782,0.9997236645051915,0.9833193859899192,0.9085490849765925,0.8747659242445738
2253,Tampa,Median Home Value,tract,2,14061,452,1062,LightGCN,3,0.9846194879089616,0.9328119445431923,0.8634651600753296,0.8747645951035782,0.9995175951705452,0.9834609029908623,0.911748120300752,0.8747659242445738
2254,Tampa,Median Home Value,tract,2,14061,452,1062,LightGCN,4,0.7443990042674253,0.742979025950942,0.6986817325800376,0.8747645951035782,0.8428677227232775,0.8338094843978783,0.7910022698255073,0.8747659242445738
2255,Tampa,Median Home Value,tract,2,14061,452,1062,LightGCN,5,0.9679943100995733,0.9427657305367935,0.8380414312617702,0.8747645951035782,0.9959172133623165,0.9856122679402175,0.9067208114626188,0.8747659242445738
2256,Tampa,Median Home Value,tract,2,14061,452,1062,LightGCN,6,0.9604374110953058,0.9278350515463918,0.8333333333333334,0.8747645951035782,0.992625855671837,0.9777011099633077,0.9018584196339907,0.8747659242445738
2257,Tampa,Median Home Value,tract,2,14061,452,1062,LightGCN,7,0.971728307254623,0.9374333451830785,0.8465160075329566,0.8747645951035782,0.9955178881219577,0.982028362663626,0.904312668463612,0.8747659242445738
2258,Tampa,Median Home Value,tract,2,14061,452,1062,LightGCN,8,0.8081436699857752,0.7955918947742624,0.7429378531073446,0.8747645951035782,0.9302496362711683,0.9200950054205608,0.8513654419066534,0.8747659242445738
2259,Tampa,Median Home Value,tract,2,14061,452,1062,LightGCN,9,0.8642425320056899,0.8499822253821543,0.7777777777777778,0.8747645951035782,0.9566908977874371,0.9414783775305744,0.8587193218896298,0.8747659242445738
2260,Tampa,Median Home Value,tract,2,14061,452,1062,Feat-LightGCN,0,0.9987553342816501,0.9416992534660504,0.8653483992467044,0.8747645951035782,0.9998541953211365,0.984658944027727,0.9079638955880266,0.8747659242445738
2261,Tampa,Median Home Value,tract,2,14061,452,1062,Feat-LightGCN,1,0.9962660028449503,0.9360113757554213,0.8587570621468926,0.8747645951035782,0.9998244783911906,0.979970490895399,0.9035182295361044,0.8747659242445738
2262,Tampa,Median Home Value,tract,2,14061,452,1062,Feat-LightGCN,2,0.9895092460881935,0.9374333451830785,0.8540489642184558,0.8747645951035782,0.999132489321397,0.9810162862056174,0.9036813732444319,0.8747659242445738
2263,Tampa,Median Home Value,tract,2,14061,452,1062,Feat-LightGCN,3,0.9967994310099573,0.934589406327764,0.8662900188323918,0.8747645951035782,0.9998741663762077,0.9822506005531936,0.9028621081004397,0.8747659242445738
2264,Tampa,Median Home Value,tract,2,14061,452,1062,Feat-LightGCN,4,0.9807076813655761,0.9249911126910771,0.8465160075329566,0.8747645951035782,0.9977682905147521,0.9763094409720838,0.9034721237054901,0.8747659242445738
2265,Tampa,Median Home Value,tract,2,14061,452,1062,Feat-LightGCN,5,0.9935099573257468,0.9409882687522219,0.8606403013182674,0.8747645951035782,0.9997155163147224,0.9839904422380734,0.9132128670733438,0.8747659242445738
2266,Tampa,Median Home Value,tract,2,14061,452,1062,Feat-LightGCN,6,0.9039829302987198,0.8791325986491291,0.8107344632768362,0.8747645951035782,0.9661076496745901,0.9511209474793113,0.8759717690452546,0.8747659242445738
2267,Tampa,Median Home Value,tract,2,14061,452,1062,Feat-LightGCN,7,0.9570590327169275,0.9225026661926768,0.8333333333333334,0.8747645951035782,0.9910625534345548,0.9752983862974759,0.8955170946233509,0.8747659242445738
2268,Tampa,Median Home Value,tract,2,14061,452,1062,Feat-LightGCN,8,0.8758001422475107,0.863846427301813,0.8050847457627118,0.8747645951035782,0.9500368937282961,0.9393423393322237,0.8758405447581218,0.8747659242445738
2269,Tampa,Median Home Value,tract,2,14061,452,1062,Feat-LightGCN,9,0.9979551920341394,0.9289015286171347,0.8606403013182674,0.8747645951035782,0.999898131642293,0.9801666733082587,0.906695985246134,0.8747659242445738
2270,Tampa,Median Home Value,tract,2,14061,452,1062,Feat\&PC-LightGCN,0,0.899626600284495,0.8851759687166726,0.7928436911487758,0.8747645951035782,0.9670654614758029,0.9559611354465858,0.8731894594978012,0.8747659242445738
2271,Tampa,Median Home Value,tract,2,14061,452,1062,Feat\&PC-LightGCN,1,0.8342816500711238,0.8258087451119801,0.748587570621469,0.8747645951035782,0.9491574323703387,0.9368737106370718,0.8605334089941836,0.8747659242445738
2272,Tampa,Median Home Value,tract,2,14061,452,1062,Feat\&PC-LightGCN,2,0.8535739687055477,0.8425168858869534,0.7627118644067796,0.8747645951035782,0.9429734031559764,0.9335544472611605,0.8604500638388424,0.8747659242445738
2273,Tampa,Median Home Value,tract,2,14061,452,1062,Feat\&PC-LightGCN,3,0.9996443812233285,0.9480981158905084,0.871939736346516,0.8747645951035782,0.9999997443704952,0.9884180851574722,0.906827209533267,0.8747659242445738
2274,Tampa,Median Home Value,tract,2,14061,452,1062,Feat\&PC-LightGCN,4,0.9896870554765291,0.9409882687522219,0.8587570621468926,0.8747645951035782,0.9994946524224794,0.9873094501681344,0.9062118740246843,0.8747659242445738
2275,Tampa,Median Home Value,tract,2,14061,452,1062,Feat\&PC-LightGCN,5,0.8279694167852063,0.8314966228226093,0.756120527306968,0.8747645951035782,0.9406958401282852,0.9318884294269533,0.8583362888352959,0.8747659242445738
2276,Tampa,Median Home Value,tract,2,14061,452,1062,Feat\&PC-LightGCN,6,0.9602596017069701,0.9271240668325631,0.8389830508474576,0.8747645951035782,0.9943132340800654,0.9797459539931807,0.8989466591005818,0.8747659242445738
2277,Tampa,Median Home Value,tract,2,14061,452,1062,Feat\&PC-LightGCN,7,0.9920874822190612,0.9456096693921081,0.8653483992467044,0.8747645951035782,0.9995721081624673,0.9876583891993408,0.9104997162718116,0.8747659242445738
2278,Tampa,Median Home Value,tract,2,14061,452,1062,Feat\&PC-LightGCN,8,0.8014758179231863,0.7877710629221472,0.7297551789077212,0.8747645951035782,0.9914038827309872,0.9634579602546693,0.8916761242729466,0.8747659242445738
2279,Tampa,Median Home Value,tract,2,14061,452,1062,Feat\&PC-LightGCN,9,0.9999110953058321,0.9434767152506222,0.8681732580037664,0.8747645951035782,0.9999998402315594,0.9848321363140797,0.9023868633848774,0.8747659242445738
2280,Tampa,Median Home Value,tract,2,14061,452,1062,RGNN,0,0.9646159317211949,0.948809100604337,0.8427495291902072,0.8747645951035782,0.9935559796022994,0.9863770728153505,0.9023709036742801,0.8747659242445738
2281,Tampa,Median Home Value,tract,2,14061,452,1062,RGNN,1,0.9356330014224751,0.9111269107714184,0.8239171374764596,0.8747645951035782,0.981015099651411,0.9674661610882402,0.8864200595829196,0.8747659242445738
2282,Tampa,Median Home Value,tract,2,14061,452,1062,RGNN,2,0.9329658605974396,0.9121933878421614,0.8192090395480226,0.8747645951035782,0.9794677263276533,0.9678337476665022,0.8796957015179458,0.8747659242445738
2283,Tampa,Median Home Value,tract,2,14061,452,1062,RGNN,3,0.930921052631579,0.9079274795591895,0.8192090395480226,0.8747645951035782,0.9777437289928466,0.9682429719183268,0.8827847921691019,0.8747659242445738
2284,Tampa,Median Home Value,tract,2,14061,452,1062,RGNN,4,0.8681543385490754,0.8346960540348383,0.7909604519774012,0.8747645951035782,0.940242001896004,0.9252315105739255,0.8595048943112498,0.8747659242445738
2285,Tampa,Median Home Value,tract,2,14061,452,1062,RGNN,5,0.9624822190611664,0.9427657305367935,0.8370998116760828,0.8747645951035782,0.9930735587960003,0.9838946500442944,0.8992516669031068,0.8747659242445738
2286,Tampa,Median Home Value,tract,2,14061,452,1062,RGNN,6,0.8997155049786629,0.8738002132954141,0.800376647834275,0.8747645951035782,0.9604671047645121,0.9444333751242746,0.8611221449851042,0.8747659242445738
2287,Tampa,Median Home Value,tract,2,14061,452,1062,RGNN,7,0.9145625889046942,0.898684678279417,0.8022598870056498,0.8747645951035782,0.9863286145404875,0.9760923119995177,0.8875656121435664,0.8747659242445738
2288,Tampa,Median Home Value,tract,2,14061,452,1062,RGNN,8,0.9387446657183499,0.913970849626733,0.8295668549905838,0.8747645951035782,0.9825922538124903,0.9720205051492775,0.8920609306284579,0.8747659242445738
2289,Tampa,Median Home Value,tract,2,14061,452,1062,RGNN,9,0.8868243243243243,0.8496267330252399,0.7843691148775894,0.8747645951035782,0.9582613256971688,0.9336591800596925,0.8572315222017308,0.8747659242445738
2290,Tampa,Median Home Value,tract,2,14061,452,1062,Feat-RGNN,0,0.7901849217638691,0.7859936011375755,0.736346516007533,0.8747645951035782,0.8886229915988642,0.8851403061876135,0.8204106965527024,0.8747659242445738
2291,Tampa,Median Home Value,tract,2,14061,452,1062,Feat-RGNN,1,0.8825568990042674,0.8684678279416993,0.7947269303201506,0.8747645951035782,0.9519124314289831,0.9396700763578737,0.8633210384451696,0.8747659242445738
2292,Tampa,Median Home Value,tract,2,14061,452,1062,Feat-RGNN,2,0.9114509246088194,0.8869534305012442,0.803201506591337,0.8747645951035782,0.9708812750492948,0.9558548699729534,0.8728294793587743,0.8747659242445738
2293,Tampa,Median Home Value,tract,2,14061,452,1062,Feat-RGNN,3,0.8191678520625889,0.8130110202630644,0.748587570621469,0.8747645951035782,0.9057871548218819,0.8949315456210962,0.8276883245850475,0.8747659242445738
2294,Tampa,Median Home Value,tract,2,14061,452,1062,Feat-RGNN,4,0.8742887624466572,0.8642019196587274,0.7900188323917138,0.8747645951035782,0.9593527837989178,0.9478195653129058,0.8559494254504184,0.8747659242445738
2295,Tampa,Median Home Value,tract,2,14061,452,1062,Feat-RGNN,5,0.936344238975818,0.9271240668325631,0.812617702448211,0.8747645951035782,0.9800139266954275,0.9729968191882749,0.8704248829621223,0.8747659242445738
2296,Tampa,Median Home Value,tract,2,14061,452,1062,Feat-RGNN,6,0.9167852062588905,0.8805545680767863,0.8163841807909604,0.8747645951035782,0.9732420135271465,0.9567800948419353,0.8776386721520782,0.8747659242445738
2297,Tampa,Median Home Value,tract,2,14061,452,1062,Feat-RGNN,7,0.9246977240398293,0.9157483114113046,0.8097928436911488,0.8747645951035782,0.9781372865925009,0.973400934523098,0.8697403887076179,0.8747659242445738
2298,Tampa,Median Home Value,tract,2,14061,452,1062,Feat-RGNN,8,0.9468349928876245,0.9264130821187344,0.8229755178907722,0.8747645951035782,0.9872493600634882,0.9761311397687297,0.8844020428429564,0.8747659242445738
2299,Tampa,Median Home Value,tract,2,14061,452,1062,Feat-RGNN,9,0.7825391180654339,0.7696409527195165,0.7259887005649718,0.8747645951035782,0.8529513001508342,0.8462238972658098,0.7881437083274223,0.8747659242445738
2300,Tampa,Median Home Value,tract,2,14061,452,1062,Feat\&PC-RGNN,0,0.8920697012802276,0.8702452897262709,0.7928436911487758,0.8747645951035782,0.9707207077665229,0.9629335299244595,0.8789544616257624,0.8747659242445738
2301,Tampa,Median Home Value,tract,2,14061,452,1062,Feat\&PC-RGNN,1,0.8031650071123755,0.7835051546391752,0.7589453860640302,0.8747645951035782,0.8992935902307606,0.8809704081309435,0.833487019435381,0.8747659242445738
2302,Tampa,Median Home Value,tract,2,14061,452,1062,Feat\&PC-RGNN,2,0.9172297297297297,0.8947742623533594,0.8258003766478342,0.8747645951035782,0.9738668359445248,0.9593869197419793,0.8784880834160873,0.8747659242445738
2303,Tampa,Median Home Value,tract,2,14061,452,1062,Feat\&PC-RGNN,3,0.9208748221906117,0.9075719872022752,0.8248587570621468,0.8747645951035782,0.976494068181246,0.9667603642044753,0.8863278479216911,0.8747659242445738
2304,Tampa,Median Home Value,tract,2,14061,452,1062,Feat\&PC-RGNN,4,0.9479018492176386,0.9232136509065055,0.8258003766478342,0.8747645951035782,0.9873813927027746,0.976874487192456,0.8920449709178607,0.8747659242445738
2305,Tampa,Median Home Value,tract,2,14061,452,1062,Feat\&PC-RGNN,5,0.9066500711237553,0.8951297547102738,0.8022598870056498,0.8747645951035782,0.9698199812291254,0.9609545909239067,0.8759363030217052,0.8747659242445738
2306,Tampa,Median Home Value,tract,2,14061,452,1062,Feat\&PC-RGNN,6,0.8325035561877667,0.8123000355492357,0.7448210922787194,0.8747645951035782,0.9500158841783612,0.9322876912906247,0.8609164420485176,0.8747659242445738
2307,Tampa,Median Home Value,tract,2,14061,452,1062,Feat\&PC-RGNN,7,0.884068278805121,0.8787771062922147,0.7909604519774012,0.8747645951035782,0.9547551114078117,0.948562401844932,0.8642502482621648,0.8747659242445738
2308,Tampa,Median Home Value,tract,2,14061,452,1062,Feat\&PC-RGNN,8,0.9448790896159317,0.9239246356203341,0.827683615819209,0.8747645951035782,0.9861574066795735,0.97393353912051,0.8848932472691162,0.8747659242445738
2309,Tampa,Median Home Value,tract,2,14061,452,1062,Feat\&PC-RGNN,9,0.9492354196301565,0.9203697120511909,0.8305084745762712,0.8747645951035782,0.9919022963581869,0.9798499204541622,0.8887040714995034,0.8747659242445738
2310,Tampa,Median Home Value,tract,2,14061,452,1062,NoPreTrain,0,1.0,0.9477426235335941,0.8728813559322034,0.8747645951035782,1.0,0.9869193843550655,0.8963718257908923,0.8747659242445738
2311,Tampa,Median Home Value,tract,2,14061,452,1062,NoPreTrain,1,1.0,0.9388553146107359,0.8700564971751412,0.8747645951035782,1.0,0.9811205081124492,0.8914952475528444,0.8747659242445738
2312,Tampa,Median Home Value,tract,2,14061,452,1062,NoPreTrain,2,1.0,0.946676146462851,0.867231638418079,0.8747645951035782,1.0,0.9863911223371048,0.8934671584621932,0.8747659242445738
2313,Tampa,Median Home Value,tract,2,14061,452,1062,NoPreTrain,3,1.0,0.9473871311766797,0.8691148775894538,0.8747645951035782,1.0,0.9859560980544222,0.8908994183572138,0.8747659242445738
2314,Tampa,Median Home Value,tract,2,14061,452,1062,NoPreTrain,4,1.0,0.9448986846782794,0.8709981167608286,0.8747645951035782,1.0,0.985440097437265,0.8956731451269683,0.8747659242445738
2315,Tampa,Median Home Value,tract,2,14061,452,1062,NoPreTrain,5,1.0,0.9424102381798791,0.8662900188323918,0.8747645951035782,1.0,0.981897318942536,0.8939991488154349,0.8747659242445738
2316,Tampa,Median Home Value,tract,2,14061,452,1062,NoPreTrain,6,1.0,0.934589406327764,0.8747645951035782,0.8747645951035782,1.0,0.9782584928081774,0.8954497091786069,0.8747659242445738
2317,Tampa,Median Home Value,tract,2,14061,452,1062,NoPreTrain,7,1.0,0.9424102381798791,0.871939736346516,0.8747645951035782,1.0,0.9838535232624318,0.9000407859270818,0.8747659242445738
2318,Tampa,Median Home Value,tract,2,14061,452,1062,NoPreTrain,8,1.0,0.9473871311766797,0.8709981167608286,0.8747645951035782,1.0,0.9878862468976101,0.8942332245708611,0.8747659242445738
2319,Tampa,Median Home Value,tract,2,14061,452,1062,NoPreTrain,9,1.0,0.933522929257021,0.867231638418079,0.8747645951035782,1.0,0.9800537662425244,0.8961235636260462,0.8747659242445738
2320,Tampa,Median Age,tract,2,14876,458,1122,Emb,0,0.7876470588235294,0.7553763440860215,0.6639928698752228,0.7602495543672014,0.870243879932421,0.8346588146429388,0.6992790348154055,0.760243329721623
2321,Tampa,Median Age,tract,2,14876,458,1122,Emb,1,1.0,0.9038978494623656,0.749554367201426,0.7602495543672014,1.0,0.9689544279579084,0.773898454802251,0.760243329721623
2322,Tampa,Median Age,tract,2,14876,458,1122,Emb,2,1.0,0.9102822580645161,0.750445632798574,0.7602495543672014,1.0,0.9692135990175923,0.7756301693267285,0.760243329721623
2323,Tampa,Median Age,tract,2,14876,458,1122,Emb,3,0.984873949579832,0.9129704301075269,0.7486631016042781,0.7602495543672014,0.9989235378645337,0.9745329380183139,0.7767470457585703,0.760243329721623
2324,Tampa,Median Age,tract,2,14876,458,1122,Emb,4,0.8192436974789916,0.7943548387096774,0.6853832442067737,0.7602495543672014,0.9176170257594196,0.8901879103259086,0.7606087373735768,0.760243329721623
2325,Tampa,Median Age,tract,2,14876,458,1122,Emb,5,0.8678991596638655,0.8464381720430108,0.6978609625668449,0.7602495543672014,0.9459629897647412,0.9253700424488724,0.7585608657937131,0.760243329721623
2326,Tampa,Median Age,tract,2,14876,458,1122,Emb,6,0.9867226890756302,0.9092741935483871,0.7450980392156863,0.7602495543672014,0.9988016144470933,0.968808107124038,0.7799213261438054,0.760243329721623
2327,Tampa,Median Age,tract,2,14876,458,1122,Emb,7,0.7302521008403361,0.7059811827956989,0.6221033868092691,0.7602495543672014,0.9074481601289547,0.8810196775513989,0.7309678218844231,0.760243329721623
2328,Tampa,Median Age,tract,2,14876,458,1122,Emb,8,0.7983193277310925,0.7573924731182796,0.6702317290552585,0.7602495543672014,0.9243414982702008,0.8806168994909301,0.7320497462799913,0.760243329721623
2329,Tampa,Median Age,tract,2,14876,458,1122,Emb,9,0.8384033613445379,0.8094758064516129,0.6755793226381461,0.7602495543672014,0.9231091099451914,0.8952229753109033,0.743399625695466,0.760243329721623
2330,Tampa,Median Age,tract,2,14876,458,1122,LightGCN,0,0.8940336134453781,0.876008064516129,0.7067736185383244,0.7602495543672014,0.9640858732371564,0.9484435036489747,0.7683601457817658,0.760243329721623
2331,Tampa,Median Age,tract,2,14876,458,1122,LightGCN,1,0.9889915966386554,0.9217069892473119,0.7406417112299465,0.7602495543672014,0.9993269318164364,0.9759373466401615,0.7907087955210554,0.760243329721623
2332,Tampa,Median Age,tract,2,14876,458,1122,LightGCN,2,0.9705042016806723,0.9055779569892473,0.7379679144385026,0.7602495543672014,0.9983391541156975,0.9734976106961207,0.7852102047236088,0.760243329721623
2333,Tampa,Median Age,tract,2,14876,458,1122,LightGCN,3,0.9643697478991596,0.9133064516129032,0.7299465240641712,0.7602495543672014,0.9944854971812069,0.9705607909918834,0.7845302287451901,0.760243329721623
2334,Tampa,Median Age,tract,2,14876,458,1122,LightGCN,4,0.7252941176470589,0.7096774193548387,0.6185383244206774,0.7602495543672014,0.8766755099333781,0.8486621933651305,0.7035336508672871,0.760243329721623
2335,Tampa,Median Age,tract,2,14876,458,1122,LightGCN,5,0.8938655462184874,0.8753360215053764,0.7094474153297683,0.7602495543672014,0.9694355672786856,0.9512722223352985,0.7680582872866735,0.760243329721623
2336,Tampa,Median Age,tract,2,14876,458,1122,LightGCN,6,0.9900840336134453,0.9196908602150538,0.7433155080213903,0.7602495543672014,0.9992960690673811,0.9754294075476221,0.7838121232726545,0.760243329721623
2337,Tampa,Median Age,tract,2,14876,458,1122,LightGCN,7,0.9086554621848739,0.884744623655914,0.7094474153297683,0.7602495543672014,0.9693327951729869,0.9543899642452491,0.770034666065068,0.760243329721623
2338,Tampa,Median Age,tract,2,14876,458,1122,LightGCN,8,0.984873949579832,0.9210349462365591,0.7468805704099821,0.7602495543672014,0.9993077522161986,0.9785150357660586,0.7837358642844205,0.760243329721623
2339,Tampa,Median Age,tract,2,14876,458,1122,LightGCN,9,0.9772268907563025,0.9156586021505376,0.7468805704099821,0.7602495543672014,0.9994928155565453,0.9807611849499864,0.7863683881074107,0.760243329721623
2340,Tampa,Median Age,tract,2,14876,458,1122,Feat-LightGCN,0,0.9964705882352941,0.905241935483871,0.7486631016042781,0.7602495543672014,0.9999395474842065,0.9705282249948549,0.7839471652309853,0.760243329721623
2341,Tampa,Median Age,tract,2,14876,458,1122,Feat-LightGCN,1,0.9150420168067227,0.8800403225806451,0.713903743315508,0.7602495543672014,0.9736953197164395,0.9529253989900018,0.7740732149836201,0.760243329721623
2342,Tampa,Median Age,tract,2,14876,458,1122,Feat-LightGCN,2,0.9310084033613445,0.9038978494623656,0.7156862745098039,0.7602495543672014,0.981353241871534,0.9639109953208995,0.7710006132493639,0.760243329721623
2343,Tampa,Median Age,tract,2,14876,458,1122,Feat-LightGCN,3,0.9475630252100841,0.9018817204301075,0.7335115864527629,0.7602495543672014,0.9894472594798214,0.9638788816293854,0.781962842807983,0.760243329721623
2344,Tampa,Median Age,tract,2,14876,458,1122,Feat-LightGCN,4,0.9865546218487395,0.8958333333333334,0.749554367201426,0.7602495543672014,0.9999219520397405,0.9674794596758326,0.7923642510572992,0.760243329721623
2345,Tampa,Median Age,tract,2,14876,458,1122,Feat-LightGCN,5,0.9983193277310924,0.9065860215053764,0.7477718360071302,0.7602495543672014,0.9999410467744905,0.9710768715836798,0.7885497129166839,0.760243329721623
2346,Tampa,Median Age,tract,2,14876,458,1122,Feat-LightGCN,6,0.9656302521008403,0.9136424731182796,0.7415329768270945,0.7602495543672014,0.9949870946467163,0.9747722076353694,0.7812987541187798,0.760243329721623
2347,Tampa,Median Age,tract,2,14876,458,1122,Feat-LightGCN,7,0.9173949579831933,0.8854166666666666,0.7174688057040999,0.7602495543672014,0.9753728416690902,0.9562991458210363,0.7739747137904848,0.760243329721623
2348,Tampa,Median Age,tract,2,14876,458,1122,Feat-LightGCN,8,0.9966386554621849,0.9213709677419355,0.7557932263814616,0.7602495543672014,0.999877143062194,0.9755628376743355,0.7941785794856966,0.760243329721623
2349,Tampa,Median Age,tract,2,14876,458,1122,Feat-LightGCN,9,0.9963865546218488,0.9133064516129032,0.749554367201426,0.7602495543672014,0.9997880060115317,0.9742601977932013,0.7909042091784046,0.760243329721623
2350,Tampa,Median Age,tract,2,14876,458,1122,Feat\&PC-LightGCN,0,0.9982352941176471,0.9250672043010753,0.7513368983957219,0.7602495543672014,0.9999757850474875,0.9813613943674395,0.7846763918059717,0.760243329721623
2351,Tampa,Median Age,tract,2,14876,458,1122,Feat\&PC-LightGCN,1,0.9436974789915966,0.9028897849462365,0.713903743315508,0.7602495543672014,0.9883213207649808,0.9671675950237346,0.7737872437777432,0.760243329721623
2352,Tampa,Median Age,tract,2,14876,458,1122,Feat\&PC-LightGCN,2,0.9991596638655462,0.918010752688172,0.749554367201426,0.7602495543672014,0.9999875813502885,0.978371881070788,0.7900208758980292,0.760243329721623
2353,Tampa,Median Age,tract,2,14876,458,1122,Feat\&PC-LightGCN,3,0.8342857142857143,0.8417338709677419,0.6836007130124777,0.7602495543672014,0.9375747010775851,0.9277993753660848,0.7605483656745584,0.760243329721623
2354,Tampa,Median Age,tract,2,14876,458,1122,Feat\&PC-LightGCN,4,0.8610084033613445,0.84375,0.6836007130124777,0.7602495543672014,0.9411134787639251,0.9252931505114446,0.7429754350734151,0.760243329721623
2355,Tampa,Median Age,tract,2,14876,458,1122,Feat\&PC-LightGCN,5,0.9994117647058823,0.9230510752688172,0.7450980392156863,0.7602495543672014,0.9999869590033782,0.9790019426521839,0.787315270544648,0.760243329721623
2356,Tampa,Median Age,tract,2,14876,458,1122,Feat\&PC-LightGCN,6,0.9956302521008403,0.9311155913978495,0.7513368983957219,0.7602495543672014,0.9998814712020707,0.981026235981356,0.7907485137440938,0.760243329721623
2357,Tampa,Median Age,tract,2,14876,458,1122,Feat\&PC-LightGCN,7,0.8580672268907563,0.8383736559139785,0.7094474153297683,0.7602495543672014,0.9753098290444154,0.9533657184081559,0.7781085864443293,0.760243329721623
2358,Tampa,Median Age,tract,2,14876,458,1122,Feat\&PC-LightGCN,8,0.9994117647058823,0.926747311827957,0.7549019607843137,0.7602495543672014,0.9999771428952918,0.9813166161215254,0.7917907199166234,0.760243329721623
2359,Tampa,Median Age,tract,2,14876,458,1122,Feat\&PC-LightGCN,9,0.9996638655462184,0.9230510752688172,0.7513368983957219,0.7602495543672014,0.9999984158442281,0.9800291284751199,0.7881382321260053,0.760243329721623
2360,Tampa,Median Age,tract,2,14876,458,1122,RGNN,0,0.9534453781512605,0.9196908602150538,0.7335115864527629,0.7602495543672014,0.9903861263711045,0.9764882547565579,0.7740446178630325,0.760243329721623
2361,Tampa,Median Age,tract,2,14876,458,1122,RGNN,1,0.8851260504201681,0.8753360215053764,0.7112299465240641,0.7602495543672014,0.9673300545269246,0.9555994291904408,0.7675657813209963,0.760243329721623
2362,Tampa,Median Age,tract,2,14876,458,1122,RGNN,2,0.930672268907563,0.9008736559139785,0.714795008912656,0.7602495543672014,0.9811532846380822,0.9646505148367518,0.7678835271053042,0.760243329721623
2363,Tampa,Median Age,tract,2,14876,458,1122,RGNN,3,0.9226890756302522,0.8918010752688172,0.7165775401069518,0.7602495543672014,0.9767145084538615,0.9604031399048802,0.765289132776431,0.760243329721623
2364,Tampa,Median Age,tract,2,14876,458,1122,RGNN,4,0.9274789915966386,0.8978494623655914,0.7183600713012478,0.7602495543672014,0.9787258770911811,0.9580631373267386,0.7614968368407172,0.760243329721623
2365,Tampa,Median Age,tract,2,14876,458,1122,RGNN,5,0.8047058823529412,0.8067876344086021,0.679144385026738,0.7602495543672014,0.8957744455249707,0.8925742742192639,0.7248766351992424,0.760243329721623
2366,Tampa,Median Age,tract,2,14876,458,1122,RGNN,6,0.9016806722689076,0.8716397849462365,0.7112299465240641,0.7602495543672014,0.965986237816463,0.9424947815251289,0.7684554695170582,0.760243329721623
2367,Tampa,Median Age,tract,2,14876,458,1122,RGNN,7,0.9359663865546218,0.9035618279569892,0.7192513368983957,0.7602495543672014,0.9831042573366002,0.961110319576461,0.7679407213464795,0.760243329721623
2368,Tampa,Median Age,tract,2,14876,458,1122,RGNN,8,0.8278991596638655,0.8215725806451613,0.6880570409982175,0.7602495543672014,0.8982528713742741,0.8925254252237216,0.7440494158243756,0.760243329721623
2369,Tampa,Median Age,tract,2,14876,458,1122,RGNN,9,0.9578151260504202,0.9304435483870968,0.731729055258467,0.7602495543672014,0.9931788656986401,0.9806684623195584,0.7723430891880643,0.760243329721623
2370,Tampa,Median Age,tract,2,14876,458,1122,Feat-RGNN,0,0.9343697478991596,0.9018817204301075,0.7210338680926917,0.7602495543672014,0.981397117328715,0.9647328344403512,0.7805901810197733,0.760243329721623
2371,Tampa,Median Age,tract,2,14876,458,1122,Feat-RGNN,1,0.8830252100840336,0.8531586021505376,0.7085561497326203,0.7602495543672014,0.9521465438006765,0.9335527015077604,0.7605690191505384,0.760243329721623
2372,Tampa,Median Age,tract,2,14876,458,1122,Feat-RGNN,2,0.9270588235294117,0.8988575268817204,0.7192513368983957,0.7602495543672014,0.9800670771157695,0.9652964071111473,0.7695421600993908,0.760243329721623
2373,Tampa,Median Age,tract,2,14876,458,1122,Feat-RGNN,3,0.8402521008403361,0.8182123655913979,0.6853832442067737,0.7602495543672014,0.9214846289224015,0.9028248740894524,0.751964463311483,0.760243329721623
2374,Tampa,Median Age,tract,2,14876,458,1122,Feat-RGNN,4,0.8956302521008404,0.8743279569892473,0.7130124777183601,0.7602495543672014,0.9646805398542615,0.9473208813625252,0.7658626639171064,0.760243329721623
2375,Tampa,Median Age,tract,2,14876,458,1122,Feat-RGNN,5,0.9157142857142857,0.8850806451612904,0.7156862745098039,0.7602495543672014,0.9734714304154344,0.9557414531219257,0.7622340070603113,0.760243329721623
2376,Tampa,Median Age,tract,2,14876,458,1122,Feat-RGNN,6,0.8926890756302521,0.8622311827956989,0.7023172905525846,0.7602495543672014,0.9600393311931954,0.9388790512439532,0.7688939586994029,0.760243329721623
2377,Tampa,Median Age,tract,2,14876,458,1122,Feat-RGNN,7,0.9012605042016807,0.884744623655914,0.7076648841354723,0.7602495543672014,0.9669147652624851,0.95596579665701,0.7583257339133254,0.760243329721623
2378,Tampa,Median Age,tract,2,14876,458,1122,Feat-RGNN,8,0.8669747899159664,0.8467741935483871,0.6987522281639929,0.7602495543672014,0.9390363818063218,0.9221745039904654,0.7604165011740707,0.760243329721623
2379,Tampa,Median Age,tract,2,14876,458,1122,Feat-RGNN,9,0.9114285714285715,0.8884408602150538,0.7165775401069518,0.7602495543672014,0.9697295979053389,0.9544808776536199,0.7676483952249163,0.760243329721623
2380,Tampa,Median Age,tract,2,14876,458,1122,Feat\&PC-RGNN,0,0.9470588235294117,0.9122983870967742,0.7237076648841355,0.7602495543672014,0.9891471751150402,0.9714843988520485,0.7702666204876126,0.760243329721623
2381,Tampa,Median Age,tract,2,14876,458,1122,Feat\&PC-RGNN,1,0.91,0.8756720430107527,0.7112299465240641,0.7602495543672014,0.9699069950632897,0.9515189549933398,0.7475096674154876,0.760243329721623
2382,Tampa,Median Age,tract,2,14876,458,1122,Feat\&PC-RGNN,2,0.8310084033613445,0.8239247311827957,0.6657754010695187,0.7602495543672014,0.9302016582207119,0.9175729738409105,0.743175614917529,0.760243329721623
2383,Tampa,Median Age,tract,2,14876,458,1122,Feat\&PC-RGNN,3,0.9546218487394958,0.9260752688172043,0.7308377896613191,0.7602495543672014,0.9896729733888139,0.9753407556668228,0.7719188985660133,0.760243329721623
2384,Tampa,Median Age,tract,2,14876,458,1122,Feat\&PC-RGNN,4,0.817310924369748,0.8104838709677419,0.6907308377896613,0.7602495543672014,0.889934426983559,0.877091856465368,0.7246415033188547,0.760243329721623
2385,Tampa,Median Age,tract,2,14876,458,1122,Feat\&PC-RGNN,5,0.937983193277311,0.9065860215053764,0.7210338680926917,0.7602495543672014,0.9943673644222206,0.9740625402834601,0.7741335866826388,0.760243329721623
2386,Tampa,Median Age,tract,2,14876,458,1122,Feat\&PC-RGNN,6,0.9573949579831933,0.926747311827957,0.732620320855615,0.7602495543672014,0.991863493070832,0.9796892208811363,0.7733678193424569,0.760243329721623
2387,Tampa,Median Age,tract,2,14876,458,1122,Feat\&PC-RGNN,7,0.9115966386554621,0.8840725806451613,0.696969696969697,0.7602495543672014,0.969774123997926,0.9506602529744741,0.7688621841209722,0.760243329721623
2388,Tampa,Median Age,tract,2,14876,458,1122,Feat\&PC-RGNN,8,0.9492436974789916,0.9230510752688172,0.7263814616755794,0.7602495543672014,0.9887064686370113,0.9744415723044287,0.7795638621364591,0.760243329721623
2389,Tampa,Median Age,tract,2,14876,458,1122,Feat\&PC-RGNN,9,0.9577310924369747,0.9344758064516129,0.7219251336898396,0.7602495543672014,0.9919858408157113,0.9806399670721586,0.7739032209890155,0.760243329721623
2390,Tampa,Median Age,tract,2,14876,458,1122,NoPreTrain,0,1.0,0.9237231182795699,0.7540106951871658,0.7602495543672014,1.0,0.9740700033244456,0.7726449476831566,0.760243329721623
2391,Tampa,Median Age,tract,2,14876,458,1122,NoPreTrain,1,1.0,0.9193548387096774,0.7513368983957219,0.7602495543672014,1.0,0.9748509087948545,0.770438203211139,0.760243329721623
2392,Tampa,Median Age,tract,2,14876,458,1122,NoPreTrain,2,1.0,0.918010752688172,0.7513368983957219,0.7602495543672014,1.0,0.9754400367272078,0.7700330773361465,0.760243329721623
2393,Tampa,Median Age,tract,2,14876,458,1122,NoPreTrain,3,1.0,0.9233870967741935,0.7531194295900179,0.7602495543672014,1.0,0.9765459237096288,0.7818135022893584,0.760243329721623
2394,Tampa,Median Age,tract,2,14876,458,1122,NoPreTrain,4,1.0,0.9317876344086021,0.7540106951871658,0.7602495543672014,1.0,0.978757245368957,0.7820915298506278,0.760243329721623
2395,Tampa,Median Age,tract,2,14876,458,1122,NoPreTrain,5,1.0,0.9203629032258065,0.7549019607843137,0.7602495543672014,1.0,0.9743682988111149,0.7707019322121145,0.760243329721623
2396,Tampa,Median Age,tract,2,14876,458,1122,NoPreTrain,6,1.0,0.9183467741935484,0.7566844919786097,0.7602495543672014,1.0,0.9745241180607854,0.7726640124302151,0.760243329721623
2397,Tampa,Median Age,tract,2,14876,458,1122,NoPreTrain,7,1.0,0.9190188172043011,0.7549019607843137,0.7602495543672014,1.0,0.9748294242829261,0.7699282212273247,0.760243329721623
2398,Tampa,Median Age,tract,2,14876,458,1122,NoPreTrain,8,1.0,0.9354838709677419,0.7557932263814616,0.7602495543672014,1.0,0.9831547857315702,0.7730453073713843,0.760243329721623
2399,Tampa,Median Age,tract,2,14876,458,1122,NoPreTrain,9,1.0,0.9284274193548387,0.7513368983957219,0.7602495543672014,1.0,0.9748262581443261,0.7818484543256322,0.760243329721623
