,urban_area,target_variable,macroentity,num_datapoints,num_macroentities,num_bg,model_embeddings,trial,train_r2,val_r2,test_r2,train_to_test_r2,train_mae,val_mae,test_mae,train_to_test_mae
0,Philadelphia,Median Income,zip,14992,189,1472,Emb,0,0.9972339868545532,0.13659334182739258,0.1152198314666748,0.46235132217407227,0.05625992640852928,0.5761384963989258,1.0480859279632568,0.7350523471832275
1,Philadelphia,Median Income,zip,14992,189,1472,Emb,1,0.9982625842094421,0.05316901206970215,0.04785710573196411,0.46235132217407227,0.04474419355392456,0.5721471905708313,1.0787357091903687,0.7350523471832275
2,Philadelphia,Median Income,zip,14992,189,1472,Emb,2,0.9970261454582214,0.004899263381958008,0.09910774230957031,0.46235132217407227,0.05749543383717537,0.6151939630508423,1.0579309463500977,0.7350523471832275
3,Philadelphia,Median Income,zip,14992,189,1472,Emb,3,0.9992562532424927,0.008952081203460693,0.15418750047683716,0.46235132217407227,0.028501328080892563,0.6030634641647339,1.0148509740829468,0.7350523471832275
4,Philadelphia,Median Income,zip,14992,189,1472,Emb,4,0.9993689060211182,-0.09544336795806885,0.011395692825317383,0.46235132217407227,0.026860522106289864,0.6274006366729736,1.1239385604858398,0.7350523471832275
5,Philadelphia,Median Income,zip,14992,189,1472,Emb,5,0.9999456405639648,0.19542747735977173,0.1425701379776001,0.46235132217407227,0.005817965138703585,0.5470567345619202,1.0219517946243286,0.7350523471832275
6,Philadelphia,Median Income,zip,14992,189,1472,Emb,6,0.9997995495796204,0.13339293003082275,0.11012661457061768,0.46235132217407227,0.014085736125707626,0.5922970771789551,1.0482797622680664,0.7350523471832275
7,Philadelphia,Median Income,zip,14992,189,1472,Emb,7,0.9969567656517029,-0.0021539926528930664,0.04936933517456055,0.46235132217407227,0.057569656521081924,0.618941605091095,1.0926544666290283,0.7350523471832275
8,Philadelphia,Median Income,zip,14992,189,1472,Emb,8,0.9994595646858215,0.11330419778823853,0.1303706169128418,0.46235132217407227,0.02374575473368168,0.5756794214248657,1.0328683853149414,0.7350523471832275
9,Philadelphia,Median Income,zip,14992,189,1472,Emb,9,0.9960147142410278,0.3460487127304077,0.12308275699615479,0.46235132217407227,0.06521737575531006,0.5002653002738953,1.0468212366104126,0.7350523471832275
10,Philadelphia,Median Income,zip,14992,189,1472,LightGCN,0,0.9859126210212708,0.2675241231918335,0.3183974623680115,0.46235132217407227,0.10551004111766815,0.5248363614082336,0.8752861022949219,0.7350523471832275
11,Philadelphia,Median Income,zip,14992,189,1472,LightGCN,1,0.9835956692695618,0.11672300100326538,0.31668931245803833,0.46235132217407227,0.12593300640583038,0.5781940817832947,0.8726806640625,0.7350523471832275
12,Philadelphia,Median Income,zip,14992,189,1472,LightGCN,2,0.9928221702575684,0.2902759909629822,0.31788432598114014,0.46235132217407227,0.07909224182367325,0.5333477258682251,0.8851029872894287,0.7350523471832275
13,Philadelphia,Median Income,zip,14992,189,1472,LightGCN,3,0.9961405992507935,0.2032448649406433,0.3028160333633423,0.46235132217407227,0.05049091577529907,0.5414475798606873,0.8898944854736328,0.7350523471832275
14,Philadelphia,Median Income,zip,14992,189,1472,LightGCN,4,0.9957324266433716,0.19376176595687866,0.27499765157699585,0.46235132217407227,0.058317430317401886,0.5533007383346558,0.9196065068244934,0.7350523471832275
15,Philadelphia,Median Income,zip,14992,189,1472,LightGCN,5,0.9924264550209045,0.26997894048690796,0.27155381441116333,0.46235132217407227,0.07989578694105148,0.5168645977973938,0.9292458295822144,0.7350523471832275
16,Philadelphia,Median Income,zip,14992,189,1472,LightGCN,6,0.9876737594604492,0.10520541667938232,0.2594352960586548,0.46235132217407227,0.11441999673843384,0.602072536945343,0.9311671257019043,0.7350523471832275
17,Philadelphia,Median Income,zip,14992,189,1472,LightGCN,7,0.9964174628257751,0.21108770370483398,0.327922523021698,0.46235132217407227,0.047455064952373505,0.5568237900733948,0.8702623248100281,0.7350523471832275
18,Philadelphia,Median Income,zip,14992,189,1472,LightGCN,8,0.9970383644104004,0.30675333738327026,0.30381321907043457,0.46235132217407227,0.04081965610384941,0.5107731819152832,0.8934480547904968,0.7350523471832275
19,Philadelphia,Median Income,zip,14992,189,1472,LightGCN,9,0.9916608929634094,0.13997185230255127,0.2719213366508484,0.46235132217407227,0.08474455773830414,0.5527844429016113,0.9215326905250549,0.7350523471832275
20,Philadelphia,Median Income,zip,14992,189,1472,Feat-LightGCN,0,0.9838601350784302,0.32920676469802856,0.3036668300628662,0.46235132217407227,0.13559558987617493,0.4557443857192993,0.8856297135353088,0.7350523471832275
21,Philadelphia,Median Income,zip,14992,189,1472,Feat-LightGCN,1,0.9923328757286072,0.43259304761886597,0.2925114035606384,0.46235132217407227,0.08968858420848846,0.4494728744029999,0.889255940914154,0.7350523471832275
22,Philadelphia,Median Income,zip,14992,189,1472,Feat-LightGCN,2,0.9959445595741272,0.3676939606666565,0.30241334438323975,0.46235132217407227,0.06561175733804703,0.4956420660018921,0.8691306710243225,0.7350523471832275
23,Philadelphia,Median Income,zip,14992,189,1472,Feat-LightGCN,3,0.9926855564117432,0.46651071310043335,0.29361289739608765,0.46235132217407227,0.08554495126008987,0.4549419581890106,0.8732588291168213,0.7350523471832275
24,Philadelphia,Median Income,zip,14992,189,1472,Feat-LightGCN,4,0.986305832862854,0.44484835863113403,0.25051915645599365,0.46235132217407227,0.12612852454185486,0.46700146794319153,0.91261887550354,0.7350523471832275
25,Philadelphia,Median Income,zip,14992,189,1472,Feat-LightGCN,5,0.999439001083374,0.45312803983688354,0.28763771057128906,0.46235132217407227,0.0173745509237051,0.4731581211090088,0.8857920169830322,0.7350523471832275
26,Philadelphia,Median Income,zip,14992,189,1472,Feat-LightGCN,6,0.9759711027145386,0.5329684615135193,0.2863490581512451,0.46235132217407227,0.15425629913806915,0.43238675594329834,0.8859509825706482,0.7350523471832275
27,Philadelphia,Median Income,zip,14992,189,1472,Feat-LightGCN,7,0.9973158240318298,0.5003544092178345,0.24820435047149658,0.46235132217407227,0.05204468220472336,0.44798335433006287,0.9268128871917725,0.7350523471832275
28,Philadelphia,Median Income,zip,14992,189,1472,Feat-LightGCN,8,0.9996318817138672,0.5251353979110718,0.3131163716316223,0.46235132217407227,0.01632584258913994,0.4133590757846832,0.8688066601753235,0.7350523471832275
29,Philadelphia,Median Income,zip,14992,189,1472,Feat-LightGCN,9,0.9988873600959778,0.49950695037841797,0.2825409173965454,0.46235132217407227,0.034136999398469925,0.4345967173576355,0.9013519883155823,0.7350523471832275
30,Philadelphia,Median Income,zip,14992,189,1472,Feat\&PC-LightGCN,0,0.9999891519546509,0.2556154727935791,0.41946929693222046,0.46235132217407227,0.002705588238313794,0.5189858078956604,0.7780784964561462,0.7350523471832275
31,Philadelphia,Median Income,zip,14992,189,1472,Feat\&PC-LightGCN,1,0.999986469745636,0.18015354871749878,0.4182904362678528,0.46235132217407227,0.0032571577467024326,0.5604511499404907,0.7778841257095337,0.7350523471832275
32,Philadelphia,Median Income,zip,14992,189,1472,Feat\&PC-LightGCN,2,0.9999812841415405,0.08262532949447632,0.4039347171783447,0.46235132217407227,0.00339573179371655,0.5861920118331909,0.787304699420929,0.7350523471832275
33,Philadelphia,Median Income,zip,14992,189,1472,Feat\&PC-LightGCN,3,0.9999867081642151,0.23120075464248657,0.41891729831695557,0.46235132217407227,0.003098075743764639,0.5150520205497742,0.774968683719635,0.7350523471832275
34,Philadelphia,Median Income,zip,14992,189,1472,Feat\&PC-LightGCN,4,0.9999871850013733,0.19644135236740112,0.4120553731918335,0.46235132217407227,0.002970033558085561,0.5412900447845459,0.7779223322868347,0.7350523471832275
35,Philadelphia,Median Income,zip,14992,189,1472,Feat\&PC-LightGCN,5,0.9999890327453613,0.2484338879585266,0.41917091608047485,0.46235132217407227,0.0026808762922883034,0.5325150489807129,0.7788407802581787,0.7350523471832275
36,Philadelphia,Median Income,zip,14992,189,1472,Feat\&PC-LightGCN,6,0.9999876022338867,0.058292269706726074,0.4100065231323242,0.46235132217407227,0.0029384654480963945,0.5824110507965088,0.7844527959823608,0.7350523471832275
37,Philadelphia,Median Income,zip,14992,189,1472,Feat\&PC-LightGCN,7,0.9999906420707703,0.13556528091430664,0.41408783197402954,0.46235132217407227,0.002634017961099744,0.5491294860839844,0.7790684700012207,0.7350523471832275
38,Philadelphia,Median Income,zip,14992,189,1472,Feat\&PC-LightGCN,8,0.9999911785125732,0.2517775297164917,0.41897422075271606,0.46235132217407227,0.0025602818932384253,0.5382064580917358,0.7747195959091187,0.7350523471832275
39,Philadelphia,Median Income,zip,14992,189,1472,Feat\&PC-LightGCN,9,0.9999737739562988,0.2113128900527954,0.4103112816810608,0.46235132217407227,0.0047126454301178455,0.553957998752594,0.7841238975524902,0.7350523471832275
40,Philadelphia,Median Income,zip,14992,189,1472,RGNN,0,0.9997707605361938,0.358323872089386,0.12008547782897949,0.46235132217407227,0.010385987348854542,0.467734694480896,0.9880720376968384,0.7350523471832275
41,Philadelphia,Median Income,zip,14992,189,1472,RGNN,1,0.9494153261184692,0.25090694427490234,0.1892830729484558,0.46235132217407227,0.19401687383651733,0.5380377769470215,0.9531939029693604,0.7350523471832275
42,Philadelphia,Median Income,zip,14992,189,1472,RGNN,2,0.9768843650817871,0.2925978899002075,0.2056404948234558,0.46235132217407227,0.13928814232349396,0.5383204221725464,0.9376686215400696,0.7350523471832275
43,Philadelphia,Median Income,zip,14992,189,1472,RGNN,3,0.9885793328285217,0.3747096657752991,0.16951382160186768,0.46235132217407227,0.0885433703660965,0.491736501455307,0.9797670841217041,0.7350523471832275
44,Philadelphia,Median Income,zip,14992,189,1472,RGNN,4,0.9711009860038757,0.10325974225997925,0.22316783666610718,0.46235132217407227,0.1458491086959839,0.5591107606887817,0.9390174150466919,0.7350523471832275
45,Philadelphia,Median Income,zip,14992,189,1472,RGNN,5,0.9711017608642578,0.2131860852241516,0.29361528158187866,0.46235132217407227,0.1396116316318512,0.5564080476760864,0.8809744715690613,0.7350523471832275
46,Philadelphia,Median Income,zip,14992,189,1472,RGNN,6,0.9907404184341431,0.23481911420822144,0.2081966996192932,0.46235132217407227,0.07753733545541763,0.5402213931083679,0.9437791705131531,0.7350523471832275
47,Philadelphia,Median Income,zip,14992,189,1472,RGNN,7,0.9776484966278076,0.29961031675338745,0.2235679030418396,0.46235132217407227,0.13329671323299408,0.5099411606788635,0.9360051155090332,0.7350523471832275
48,Philadelphia,Median Income,zip,14992,189,1472,RGNN,8,0.9691075682640076,-0.21667766571044922,0.19496524333953857,0.46235132217407227,0.14578132331371307,0.6184322237968445,0.9543934464454651,0.7350523471832275
49,Philadelphia,Median Income,zip,14992,189,1472,RGNN,9,0.969219446182251,0.1338796615600586,0.19664883613586426,0.46235132217407227,0.14979207515716553,0.5911569595336914,0.9688740372657776,0.7350523471832275
50,Philadelphia,Median Income,zip,14992,189,1472,Feat-RGNN,0,0.9823254942893982,0.3358684778213501,0.22502368688583374,0.46235132217407227,0.1075449287891388,0.5023552775382996,0.9612981677055359,0.7350523471832275
51,Philadelphia,Median Income,zip,14992,189,1472,Feat-RGNN,1,0.9395204782485962,0.17312878370285034,0.2337142825126648,0.46235132217407227,0.22110910713672638,0.5529352426528931,0.9585251808166504,0.7350523471832275
52,Philadelphia,Median Income,zip,14992,189,1472,Feat-RGNN,2,0.950752854347229,0.3568837642669678,0.17901140451431274,0.46235132217407227,0.21667172014713287,0.510384738445282,0.9882999658584595,0.7350523471832275
53,Philadelphia,Median Income,zip,14992,189,1472,Feat-RGNN,3,0.9537979364395142,0.18485677242279053,0.22554320096969604,0.46235132217407227,0.19037234783172607,0.5214009881019592,0.9587333798408508,0.7350523471832275
54,Philadelphia,Median Income,zip,14992,189,1472,Feat-RGNN,4,0.9811736941337585,0.3707943558692932,0.23067057132720947,0.46235132217407227,0.12254990637302399,0.4773775041103363,0.9565404653549194,0.7350523471832275
55,Philadelphia,Median Income,zip,14992,189,1472,Feat-RGNN,5,0.9787571430206299,0.11865437030792236,0.151181161403656,0.46235132217407227,0.13015809655189514,0.5891552567481995,0.995267927646637,0.7350523471832275
56,Philadelphia,Median Income,zip,14992,189,1472,Feat-RGNN,6,0.9512393474578857,0.34120285511016846,0.22263574600219727,0.46235132217407227,0.19054599106311798,0.49010029435157776,0.9462761282920837,0.7350523471832275
57,Philadelphia,Median Income,zip,14992,189,1472,Feat-RGNN,7,0.9889208078384399,0.26319247484207153,0.2022145390510559,0.46235132217407227,0.08712724596261978,0.530154287815094,0.9599151611328125,0.7350523471832275
58,Philadelphia,Median Income,zip,14992,189,1472,Feat-RGNN,8,0.9224533438682556,0.10843151807785034,0.28249335289001465,0.46235132217407227,0.2564905285835266,0.5460193157196045,0.9033505916595459,0.7350523471832275
59,Philadelphia,Median Income,zip,14992,189,1472,Feat-RGNN,9,0.9739747047424316,0.1882198452949524,0.23645055294036865,0.46235132217407227,0.14026811718940735,0.49698615074157715,0.9325131773948669,0.7350523471832275
60,Philadelphia,Median Income,zip,14992,189,1472,Feat\&PC-RGNN,0,0.9638572335243225,0.16431301832199097,0.17467916011810303,0.46235132217407227,0.17027366161346436,0.5524114370346069,0.9675945043563843,0.7350523471832275
61,Philadelphia,Median Income,zip,14992,189,1472,Feat\&PC-RGNN,1,0.9655973315238953,0.14043056964874268,0.22509294748306274,0.46235132217407227,0.17183567583560944,0.5607877969741821,0.9316736459732056,0.7350523471832275
62,Philadelphia,Median Income,zip,14992,189,1472,Feat\&PC-RGNN,2,0.9913154244422913,0.058422207832336426,0.18806779384613037,0.46235132217407227,0.08215732872486115,0.5908184051513672,0.9529294371604919,0.7350523471832275
63,Philadelphia,Median Income,zip,14992,189,1472,Feat\&PC-RGNN,3,0.9757955074310303,0.20439141988754272,0.26817554235458374,0.46235132217407227,0.13377325236797333,0.52995765209198,0.9103614091873169,0.7350523471832275
64,Philadelphia,Median Income,zip,14992,189,1472,Feat\&PC-RGNN,4,0.9554890990257263,0.04949074983596802,0.19735896587371826,0.46235132217407227,0.19876952469348907,0.6103959083557129,0.9455805420875549,0.7350523471832275
65,Philadelphia,Median Income,zip,14992,189,1472,Feat\&PC-RGNN,5,0.9596368670463562,0.15691709518432617,0.17059457302093506,0.46235132217407227,0.17451032996177673,0.5471402406692505,0.9854542016983032,0.7350523471832275
66,Philadelphia,Median Income,zip,14992,189,1472,Feat\&PC-RGNN,6,0.9789772033691406,0.19820594787597656,0.18580234050750732,0.46235132217407227,0.11628899723291397,0.5786533951759338,0.9766747951507568,0.7350523471832275
67,Philadelphia,Median Income,zip,14992,189,1472,Feat\&PC-RGNN,7,0.973633885383606,0.22482866048812866,0.1885731816291809,0.46235132217407227,0.14444126188755035,0.5660224556922913,0.9647318124771118,0.7350523471832275
68,Philadelphia,Median Income,zip,14992,189,1472,Feat\&PC-RGNN,8,0.9165581464767456,0.28542375564575195,0.21596628427505493,0.46235132217407227,0.2596873939037323,0.5107069611549377,0.9436338543891907,0.7350523471832275
69,Philadelphia,Median Income,zip,14992,189,1472,Feat\&PC-RGNN,9,0.9560545086860657,0.2345036268234253,0.20002102851867676,0.46235132217407227,0.18504363298416138,0.5674543976783752,0.9521290063858032,0.7350523471832275
70,Philadelphia,Median Income,zip,14992,189,1472,NoPreTrain,0,0.9961014986038208,-1.2246017456054688,-0.6379427909851074,0.46235132217407227,0.049290936440229416,0.8745554089546204,1.4097892045974731,0.7350523471832275
71,Philadelphia,Median Income,zip,14992,189,1472,NoPreTrain,1,0.9997760653495789,-2.0289063453674316,-0.40789175033569336,0.46235132217407227,0.012111742980778217,1.0721641778945923,1.3807424306869507,0.7350523471832275
72,Philadelphia,Median Income,zip,14992,189,1472,NoPreTrain,2,0.9947728514671326,-1.0948636531829834,-0.4676467180252075,0.46235132217407227,0.0751132220029831,0.8832834362983704,1.381637692451477,0.7350523471832275
73,Philadelphia,Median Income,zip,14992,189,1472,NoPreTrain,3,0.9987356066703796,-2.6263928413391113,-0.47455894947052,0.46235132217407227,0.03664731606841087,1.172133207321167,1.412672996520996,0.7350523471832275
74,Philadelphia,Median Income,zip,14992,189,1472,NoPreTrain,4,0.9994946122169495,-1.436711311340332,-0.5838576555252075,0.46235132217407227,0.02288302406668663,0.9504224061965942,1.4666157960891724,0.7350523471832275
75,Philadelphia,Median Income,zip,14992,189,1472,NoPreTrain,5,0.9986072778701782,-0.6188244819641113,-0.6036378145217896,0.46235132217407227,0.040151096880435944,0.7588508725166321,1.4630839824676514,0.7350523471832275
76,Philadelphia,Median Income,zip,14992,189,1472,NoPreTrain,6,0.9969087243080139,-2.0768799781799316,-0.7710453271865845,0.46235132217407227,0.059351347386837006,1.0109318494796753,1.5278575420379639,0.7350523471832275
77,Philadelphia,Median Income,zip,14992,189,1472,NoPreTrain,7,0.9923645257949829,-0.7534900903701782,-0.5053497552871704,0.46235132217407227,0.0916871726512909,0.8378350734710693,1.4190669059753418,0.7350523471832275
78,Philadelphia,Median Income,zip,14992,189,1472,NoPreTrain,8,0.9975571036338806,-1.0657236576080322,-0.47379612922668457,0.46235132217407227,0.051168087869882584,0.8162948489189148,1.382755994796753,0.7350523471832275
79,Philadelphia,Median Income,zip,14992,189,1472,NoPreTrain,9,0.9991707801818848,-1.2899577617645264,-0.3117893934249878,0.46235132217407227,0.02857249230146408,0.8564925789833069,1.314494252204895,0.7350523471832275
80,Philadelphia,Median Home Value,zip,14844,189,1482,Emb,0,0.9998920559883118,0.4297945499420166,0.08075171709060669,0.5861278772354126,0.00865253061056137,0.5381760001182556,0.8719943761825562,0.48624393343925476
81,Philadelphia,Median Home Value,zip,14844,189,1482,Emb,1,0.9983680844306946,0.4216485023498535,0.04587996006011963,0.5861278772354126,0.03680449724197388,0.5408392548561096,0.8925861716270447,0.48624393343925476
82,Philadelphia,Median Home Value,zip,14844,189,1482,Emb,2,0.9994791150093079,0.42857831716537476,0.04300820827484131,0.5861278772354126,0.021524513140320778,0.5622242093086243,0.8822750449180603,0.48624393343925476
83,Philadelphia,Median Home Value,zip,14844,189,1482,Emb,3,0.99723219871521,0.44016462564468384,0.06944847106933594,0.5861278772354126,0.050154902040958405,0.5552499890327454,0.873981237411499,0.48624393343925476
84,Philadelphia,Median Home Value,zip,14844,189,1482,Emb,4,0.9999083876609802,0.364851713180542,-0.13137578964233398,0.5861278772354126,0.007609855383634567,0.5884766578674316,0.961688220500946,0.48624393343925476
85,Philadelphia,Median Home Value,zip,14844,189,1482,Emb,5,0.9992452263832092,0.3844902515411377,0.018516719341278076,0.5861278772354126,0.02568317949771881,0.584837794303894,0.8978211283683777,0.48624393343925476
86,Philadelphia,Median Home Value,zip,14844,189,1482,Emb,6,0.9995299577713013,0.3404061794281006,-0.07457470893859863,0.5861278772354126,0.019758591428399086,0.632499098777771,0.9450075626373291,0.48624393343925476
87,Philadelphia,Median Home Value,zip,14844,189,1482,Emb,7,0.9988280534744263,0.3810853362083435,0.008374035358428955,0.5861278772354126,0.03231382742524147,0.6122063994407654,0.9107370972633362,0.48624393343925476
88,Philadelphia,Median Home Value,zip,14844,189,1482,Emb,8,0.999156653881073,0.37861156463623047,-0.006367921829223633,0.5861278772354126,0.02670837566256523,0.58673495054245,0.9138197302818298,0.48624393343925476
89,Philadelphia,Median Home Value,zip,14844,189,1482,Emb,9,0.9999882578849792,0.42264312505722046,0.044958651065826416,0.5861278772354126,0.002563940128311515,0.5606398582458496,0.8931930661201477,0.48624393343925476
90,Philadelphia,Median Home Value,zip,14844,189,1482,LightGCN,0,0.987830638885498,0.49410736560821533,0.39099806547164917,0.5861278772354126,0.09843664616346359,0.5867037177085876,0.6568009853363037,0.48624393343925476
91,Philadelphia,Median Home Value,zip,14844,189,1482,LightGCN,1,0.9974726438522339,0.5069984793663025,0.4036446809768677,0.5861278772354126,0.04245945066213608,0.5757378935813904,0.6371407508850098,0.48624393343925476
92,Philadelphia,Median Home Value,zip,14844,189,1482,LightGCN,2,0.9855445623397827,0.4433748722076416,0.35749387741088867,0.5861278772354126,0.10722396522760391,0.6099172234535217,0.6630105972290039,0.48624393343925476
93,Philadelphia,Median Home Value,zip,14844,189,1482,LightGCN,3,0.9953799247741699,0.535792350769043,0.4229928255081177,0.5861278772354126,0.05772903934121132,0.5616506338119507,0.6222193241119385,0.48624393343925476
94,Philadelphia,Median Home Value,zip,14844,189,1482,LightGCN,4,0.9970285892486572,0.5364973545074463,0.3772165775299072,0.5861278772354126,0.042016882449388504,0.5523632168769836,0.6605919003486633,0.48624393343925476
95,Philadelphia,Median Home Value,zip,14844,189,1482,LightGCN,5,0.9917498826980591,0.51594078540802,0.39919108152389526,0.5861278772354126,0.07979121059179306,0.5700435638427734,0.6539462804794312,0.48624393343925476
96,Philadelphia,Median Home Value,zip,14844,189,1482,LightGCN,6,0.9892790913581848,0.5207526683807373,0.3975036144256592,0.5861278772354126,0.08488357812166214,0.5722187161445618,0.6574071049690247,0.48624393343925476
97,Philadelphia,Median Home Value,zip,14844,189,1482,LightGCN,7,0.9946935176849365,0.473106324672699,0.3654595613479614,0.5861278772354126,0.06649276614189148,0.5871322751045227,0.6609094142913818,0.48624393343925476
98,Philadelphia,Median Home Value,zip,14844,189,1482,LightGCN,8,0.9933518767356873,0.5352997183799744,0.42428678274154663,0.5861278772354126,0.07176697254180908,0.5522758364677429,0.6384449005126953,0.48624393343925476
99,Philadelphia,Median Home Value,zip,14844,189,1482,LightGCN,9,0.9836515188217163,0.4831807613372803,0.36828064918518066,0.5861278772354126,0.11736489832401276,0.6080424785614014,0.6714432835578918,0.48624393343925476
100,Philadelphia,Median Home Value,zip,14844,189,1482,Feat-LightGCN,0,0.9974607825279236,0.5725687742233276,0.36874908208847046,0.5861278772354126,0.04521270841360092,0.4951665699481964,0.661307692527771,0.48624393343925476
101,Philadelphia,Median Home Value,zip,14844,189,1482,Feat-LightGCN,1,0.9987982511520386,0.6304309964179993,0.3698914051055908,0.5861278772354126,0.029156669974327087,0.4418557286262512,0.6734781265258789,0.48624393343925476
102,Philadelphia,Median Home Value,zip,14844,189,1482,Feat-LightGCN,2,0.9905270338058472,0.5833256840705872,0.3754814863204956,0.5861278772354126,0.08301738649606705,0.5076213479042053,0.6559640765190125,0.48624393343925476
103,Philadelphia,Median Home Value,zip,14844,189,1482,Feat-LightGCN,3,0.9991891980171204,0.5742071270942688,0.33386343717575073,0.5861278772354126,0.01704590395092964,0.49472397565841675,0.696079432964325,0.48624393343925476
104,Philadelphia,Median Home Value,zip,14844,189,1482,Feat-LightGCN,4,0.9952664971351624,0.5690245032310486,0.32335835695266724,0.5861278772354126,0.06403986364603043,0.4743225574493408,0.6864476799964905,0.48624393343925476
105,Philadelphia,Median Home Value,zip,14844,189,1482,Feat-LightGCN,5,0.9983261823654175,0.5441253185272217,0.3440971374511719,0.5861278772354126,0.0364224947988987,0.501859188079834,0.6863155961036682,0.48624393343925476
106,Philadelphia,Median Home Value,zip,14844,189,1482,Feat-LightGCN,6,0.997235119342804,0.5714235305786133,0.3359505534172058,0.5861278772354126,0.04601724073290825,0.5102274417877197,0.6696829795837402,0.48624393343925476
107,Philadelphia,Median Home Value,zip,14844,189,1482,Feat-LightGCN,7,0.9974695444107056,0.5639711618423462,0.2561289668083191,0.5861278772354126,0.046252377331256866,0.4847192168235779,0.7068461775779724,0.48624393343925476
108,Philadelphia,Median Home Value,zip,14844,189,1482,Feat-LightGCN,8,0.9978063702583313,0.5805099010467529,0.41205286979675293,0.5861278772354126,0.040998075157403946,0.46966230869293213,0.6449435949325562,0.48624393343925476
109,Philadelphia,Median Home Value,zip,14844,189,1482,Feat-LightGCN,9,0.999867856502533,0.622355043888092,0.3618507981300354,0.5861278772354126,0.008883142843842506,0.4667697846889496,0.6702788472175598,0.48624393343925476
110,Philadelphia,Median Home Value,zip,14844,189,1482,Feat\&PC-LightGCN,0,0.9980929493904114,0.34630244970321655,0.4692579507827759,0.5861278772354126,0.03916599228978157,0.6208359599113464,0.5730299353599548,0.48624393343925476
111,Philadelphia,Median Home Value,zip,14844,189,1482,Feat\&PC-LightGCN,1,0.999785840511322,0.3644161820411682,0.4803062081336975,0.5861278772354126,0.013052531518042088,0.6349940299987793,0.5656976103782654,0.48624393343925476
112,Philadelphia,Median Home Value,zip,14844,189,1482,Feat\&PC-LightGCN,2,0.9999887943267822,0.3733314871788025,0.46304571628570557,0.5861278772354126,0.0024496708065271378,0.6076550483703613,0.5755086541175842,0.48624393343925476
113,Philadelphia,Median Home Value,zip,14844,189,1482,Feat\&PC-LightGCN,3,0.9999931454658508,0.3859326243400574,0.4763312339782715,0.5861278772354126,0.0019330802606418729,0.6131877899169922,0.5664729475975037,0.48624393343925476
114,Philadelphia,Median Home Value,zip,14844,189,1482,Feat\&PC-LightGCN,4,0.9997251033782959,0.373868465423584,0.4698549509048462,0.5861278772354126,0.015005316585302353,0.5845065712928772,0.5650571584701538,0.48624393343925476
115,Philadelphia,Median Home Value,zip,14844,189,1482,Feat\&PC-LightGCN,5,0.9999352693557739,0.3938060402870178,0.4654332995414734,0.5861278772354126,0.007016137707978487,0.6182122230529785,0.5743708610534668,0.48624393343925476
116,Philadelphia,Median Home Value,zip,14844,189,1482,Feat\&PC-LightGCN,6,0.9999777674674988,0.36662471294403076,0.46204131841659546,0.5861278772354126,0.004046047106385231,0.6459010243415833,0.5804895758628845,0.48624393343925476
117,Philadelphia,Median Home Value,zip,14844,189,1482,Feat\&PC-LightGCN,7,0.9989776015281677,0.43078285455703735,0.4888516068458557,0.5861278772354126,0.02960062399506569,0.547553539276123,0.5547807812690735,0.48624393343925476
118,Philadelphia,Median Home Value,zip,14844,189,1482,Feat\&PC-LightGCN,8,0.9998911023139954,0.4102742075920105,0.4724108576774597,0.5861278772354126,0.008525417186319828,0.6041223406791687,0.5723698139190674,0.48624393343925476
119,Philadelphia,Median Home Value,zip,14844,189,1482,Feat\&PC-LightGCN,9,0.9999852180480957,0.32202082872390747,0.46638381481170654,0.5861278772354126,0.0028172247111797333,0.6679543852806091,0.5764023661613464,0.48624393343925476
120,Philadelphia,Median Home Value,zip,14844,189,1482,RGNN,0,0.9759997129440308,0.5089960098266602,0.2991679310798645,0.5861278772354126,0.13453248143196106,0.519688606262207,0.7165194749832153,0.48624393343925476
121,Philadelphia,Median Home Value,zip,14844,189,1482,RGNN,1,0.8985811471939087,0.4811003804206848,0.2553970217704773,0.5861278772354126,0.2799072861671448,0.5324906706809998,0.7541155219078064,0.48624393343925476
122,Philadelphia,Median Home Value,zip,14844,189,1482,RGNN,2,0.9936147332191467,0.5283271074295044,0.26794010400772095,0.5861278772354126,0.06710057705640793,0.5114263296127319,0.7458140254020691,0.48624393343925476
123,Philadelphia,Median Home Value,zip,14844,189,1482,RGNN,3,0.8848856687545776,0.5169503688812256,0.31138914823532104,0.5861278772354126,0.2914443910121918,0.5397719144821167,0.7258434295654297,0.48624393343925476
124,Philadelphia,Median Home Value,zip,14844,189,1482,RGNN,4,0.9923162460327148,0.47555333375930786,0.31023889780044556,0.5861278772354126,0.0758071169257164,0.5135498046875,0.7037683725357056,0.48624393343925476
125,Philadelphia,Median Home Value,zip,14844,189,1482,RGNN,5,0.9601100087165833,0.4940232038497925,0.3089216351509094,0.5861278772354126,0.17785947024822235,0.5410799980163574,0.7293673157691956,0.48624393343925476
126,Philadelphia,Median Home Value,zip,14844,189,1482,RGNN,6,0.9717475771903992,0.44675517082214355,0.3176063895225525,0.5861278772354126,0.13600628077983856,0.5755382776260376,0.7049359679222107,0.48624393343925476
127,Philadelphia,Median Home Value,zip,14844,189,1482,RGNN,7,0.9541183710098267,0.4015877842903137,0.30401474237442017,0.5861278772354126,0.1836051344871521,0.5417153239250183,0.7137802243232727,0.48624393343925476
128,Philadelphia,Median Home Value,zip,14844,189,1482,RGNN,8,0.986242413520813,0.47155624628067017,0.00045478343963623047,0.5861278772354126,0.1001599133014679,0.5404391884803772,0.8842765092849731,0.48624393343925476
129,Philadelphia,Median Home Value,zip,14844,189,1482,RGNN,9,0.9482251405715942,0.5031840801239014,0.24578744173049927,0.5861278772354126,0.16950073838233948,0.5179052948951721,0.7461868524551392,0.48624393343925476
130,Philadelphia,Median Home Value,zip,14844,189,1482,Feat-RGNN,0,0.9547980427742004,0.4750213027000427,0.32843708992004395,0.5861278772354126,0.18420174717903137,0.531990110874176,0.716248631477356,0.48624393343925476
131,Philadelphia,Median Home Value,zip,14844,189,1482,Feat-RGNN,1,0.988763689994812,0.42444294691085815,0.36892837285995483,0.5861278772354126,0.08207663148641586,0.543486475944519,0.6856318116188049,0.48624393343925476
132,Philadelphia,Median Home Value,zip,14844,189,1482,Feat-RGNN,2,0.9685206413269043,0.4687861204147339,0.2761436104774475,0.5861278772354126,0.14670221507549286,0.5344923734664917,0.7371444702148438,0.48624393343925476
133,Philadelphia,Median Home Value,zip,14844,189,1482,Feat-RGNN,3,0.9932626485824585,0.5090315341949463,0.34164732694625854,0.5861278772354126,0.06882338225841522,0.5032278895378113,0.6951864957809448,0.48624393343925476
134,Philadelphia,Median Home Value,zip,14844,189,1482,Feat-RGNN,4,0.9933893084526062,0.46950238943099976,0.35181814432144165,0.5861278772354126,0.05764075741171837,0.510703980922699,0.677147388458252,0.48624393343925476
135,Philadelphia,Median Home Value,zip,14844,189,1482,Feat-RGNN,5,0.9893731474876404,0.43132996559143066,0.35241085290908813,0.5861278772354126,0.09323325753211975,0.5499662756919861,0.6858518719673157,0.48624393343925476
136,Philadelphia,Median Home Value,zip,14844,189,1482,Feat-RGNN,6,0.9540652632713318,0.49702906608581543,0.20399892330169678,0.5861278772354126,0.18129169940948486,0.5160114169120789,0.7985347509384155,0.48624393343925476
137,Philadelphia,Median Home Value,zip,14844,189,1482,Feat-RGNN,7,0.9679168462753296,0.47132378816604614,0.30178749561309814,0.5861278772354126,0.1675257384777069,0.487513929605484,0.6969667077064514,0.48624393343925476
138,Philadelphia,Median Home Value,zip,14844,189,1482,Feat-RGNN,8,0.9791926145553589,0.3869205117225647,0.3626747131347656,0.5861278772354126,0.10370038449764252,0.5555533170700073,0.6793866157531738,0.48624393343925476
139,Philadelphia,Median Home Value,zip,14844,189,1482,Feat-RGNN,9,0.987697958946228,0.47108888626098633,0.31904661655426025,0.5861278772354126,0.0958385244011879,0.5145278573036194,0.72341388463974,0.48624393343925476
140,Philadelphia,Median Home Value,zip,14844,189,1482,Feat\&PC-RGNN,0,0.9845669865608215,0.39871102571487427,0.37276434898376465,0.5861278772354126,0.09903091192245483,0.6117135286331177,0.6735696792602539,0.48624393343925476
141,Philadelphia,Median Home Value,zip,14844,189,1482,Feat\&PC-RGNN,1,0.8997823596000671,0.46249258518218994,0.452920138835907,0.5861278772354126,0.23569509387016296,0.5205197930335999,0.6100674867630005,0.48624393343925476
142,Philadelphia,Median Home Value,zip,14844,189,1482,Feat\&PC-RGNN,2,0.9995928406715393,0.4601122736930847,0.33982956409454346,0.5861278772354126,0.018516236916184425,0.5621659755706787,0.7002861499786377,0.48624393343925476
143,Philadelphia,Median Home Value,zip,14844,189,1482,Feat\&PC-RGNN,3,0.9198704361915588,0.3694274425506592,0.24597615003585815,0.5861278772354126,0.2223556935787201,0.5934401154518127,0.7530231475830078,0.48624393343925476
144,Philadelphia,Median Home Value,zip,14844,189,1482,Feat\&PC-RGNN,4,0.9967624545097351,0.5313628315925598,0.30131077766418457,0.5861278772354126,0.04816148802638054,0.5144029855728149,0.7019927501678467,0.48624393343925476
145,Philadelphia,Median Home Value,zip,14844,189,1482,Feat\&PC-RGNN,5,0.9860363602638245,0.45361173152923584,0.31108731031417847,0.5861278772354126,0.1029040515422821,0.5892058610916138,0.719216525554657,0.48624393343925476
146,Philadelphia,Median Home Value,zip,14844,189,1482,Feat\&PC-RGNN,6,0.9815468192100525,0.42704904079437256,0.40877050161361694,0.5861278772354126,0.0978924110531807,0.5929805636405945,0.6455351114273071,0.48624393343925476
147,Philadelphia,Median Home Value,zip,14844,189,1482,Feat\&PC-RGNN,7,0.9798007011413574,0.42741256952285767,0.3686124086380005,0.5861278772354126,0.112067811191082,0.5608074069023132,0.6865900754928589,0.48624393343925476
148,Philadelphia,Median Home Value,zip,14844,189,1482,Feat\&PC-RGNN,8,0.965874433517456,0.40879493951797485,0.29873257875442505,0.5861278772354126,0.14275559782981873,0.5970470905303955,0.7115626931190491,0.48624393343925476
149,Philadelphia,Median Home Value,zip,14844,189,1482,Feat\&PC-RGNN,9,0.9787224531173706,0.4808781147003174,0.3573451042175293,0.5861278772354126,0.11156345158815384,0.5550111532211304,0.6830490231513977,0.48624393343925476
150,Philadelphia,Median Home Value,zip,14844,189,1482,NoPreTrain,0,0.9996771812438965,-0.16318058967590332,-0.23865413665771484,0.5861278772354126,0.01383245550096035,0.8283584713935852,1.0564613342285156,0.48624393343925476
151,Philadelphia,Median Home Value,zip,14844,189,1482,NoPreTrain,1,0.9996272325515747,-0.69575035572052,-0.7628685235977173,0.5861278772354126,0.015845412388443947,1.1225829124450684,1.288720965385437,0.48624393343925476
152,Philadelphia,Median Home Value,zip,14844,189,1482,NoPreTrain,2,0.9880841374397278,-0.2569319009780884,-0.7929280996322632,0.5861278772354126,0.10476735234260559,0.9794148802757263,1.2843409776687622,0.48624393343925476
153,Philadelphia,Median Home Value,zip,14844,189,1482,NoPreTrain,3,0.9969907402992249,-0.1397029161453247,-0.6885741949081421,0.5861278772354126,0.049989502876996994,0.8948236703872681,1.216627597808838,0.48624393343925476
154,Philadelphia,Median Home Value,zip,14844,189,1482,NoPreTrain,4,0.9976871013641357,-1.0128483772277832,-0.790230393409729,0.5861278772354126,0.04445350542664528,1.1050074100494385,1.2765228748321533,0.48624393343925476
155,Philadelphia,Median Home Value,zip,14844,189,1482,NoPreTrain,5,0.9992181062698364,-0.3958653211593628,-0.9296832084655762,0.5861278772354126,0.02367638237774372,0.9809746146202087,1.3069136142730713,0.48624393343925476
156,Philadelphia,Median Home Value,zip,14844,189,1482,NoPreTrain,6,0.9924148917198181,-0.12596678733825684,-0.43231451511383057,0.5861278772354126,0.08189261704683304,0.7866796255111694,1.1096307039260864,0.48624393343925476
157,Philadelphia,Median Home Value,zip,14844,189,1482,NoPreTrain,7,0.9986215829849243,-0.25449836254119873,-0.26764583587646484,0.5861278772354126,0.03382933512330055,0.9203260540962219,1.0577665567398071,0.48624393343925476
158,Philadelphia,Median Home Value,zip,14844,189,1482,NoPreTrain,8,0.9989529848098755,-0.7897332906723022,-0.8577113151550293,0.5861278772354126,0.029444662854075432,1.1366828680038452,1.326310396194458,0.48624393343925476
159,Philadelphia,Median Home Value,zip,14844,189,1482,NoPreTrain,9,0.9989443421363831,-0.3507586717605591,-0.5998077392578125,0.5861278772354126,0.029643157497048378,0.9644418954849243,1.2217384576797485,0.48624393343925476
160,Philadelphia,Median Age,zip,15530,189,1546,Emb,0,0.9995806217193604,0.11755937337875366,-0.10621845722198486,0.13218730688095093,0.018100598827004433,0.7565805315971375,1.3645910024642944,1.1377406120300293
161,Philadelphia,Median Age,zip,15530,189,1546,Emb,1,0.9999823570251465,0.10681474208831787,-0.16827797889709473,0.13218730688095093,0.0029228972271084785,0.7860285639762878,1.4053988456726074,1.1377406120300293
162,Philadelphia,Median Age,zip,15530,189,1546,Emb,2,0.999861478805542,0.08519351482391357,-0.11520946025848389,0.13218730688095093,0.008317999541759491,0.765124499797821,1.3838386535644531,1.1377406120300293
163,Philadelphia,Median Age,zip,15530,189,1546,Emb,3,0.9808975458145142,0.15328985452651978,-0.11601722240447998,0.13218730688095093,0.12154435366392136,0.7406883239746094,1.3952324390411377,1.1377406120300293
164,Philadelphia,Median Age,zip,15530,189,1546,Emb,4,0.998802900314331,0.10540896654129028,-0.15569651126861572,0.13218730688095093,0.030190814286470413,0.7290419936180115,1.4017198085784912,1.1377406120300293
165,Philadelphia,Median Age,zip,15530,189,1546,Emb,5,0.997011125087738,0.01578223705291748,-0.15396296977996826,0.13218730688095093,0.047021664679050446,0.830025851726532,1.4049389362335205,1.1377406120300293
166,Philadelphia,Median Age,zip,15530,189,1546,Emb,6,0.9999192953109741,-0.029140710830688477,-0.13929712772369385,0.13218730688095093,0.007354950997978449,0.8313524723052979,1.3983445167541504,1.1377406120300293
167,Philadelphia,Median Age,zip,15530,189,1546,Emb,7,0.9987148642539978,0.0049582719802856445,-0.17283809185028076,0.13218730688095093,0.03147488459944725,0.8342665433883667,1.4144209623336792,1.1377406120300293
168,Philadelphia,Median Age,zip,15530,189,1546,Emb,8,0.9910436868667603,0.14421498775482178,-0.08609819412231445,0.13218730688095093,0.07446283102035522,0.7337467670440674,1.3400527238845825,1.1377406120300293
169,Philadelphia,Median Age,zip,15530,189,1546,Emb,9,0.9997498989105225,0.03539860248565674,-0.0724419355392456,0.13218730688095093,0.012473540380597115,0.7620881795883179,1.3402069807052612,1.1377406120300293
170,Philadelphia,Median Age,zip,15530,189,1546,LightGCN,0,0.9939298629760742,-0.003518223762512207,-0.03572738170623779,0.13218730688095093,0.06491486728191376,0.8056981563568115,1.2931071519851685,1.1377406120300293
171,Philadelphia,Median Age,zip,15530,189,1546,LightGCN,1,0.9936954975128174,0.022377490997314453,-0.041422247886657715,0.13218730688095093,0.06701725721359253,0.7953742146492004,1.2842693328857422,1.1377406120300293
172,Philadelphia,Median Age,zip,15530,189,1546,LightGCN,2,0.9965732097625732,-0.16062712669372559,-0.03184235095977783,0.13218730688095093,0.044549670070409775,0.8766796588897705,1.2861021757125854,1.1377406120300293
173,Philadelphia,Median Age,zip,15530,189,1546,LightGCN,3,0.9918584227561951,-0.06571006774902344,-0.03170919418334961,0.13218730688095093,0.06856726109981537,0.8682990670204163,1.2756757736206055,1.1377406120300293
174,Philadelphia,Median Age,zip,15530,189,1546,LightGCN,4,0.9940903186798096,0.08982068300247192,-0.028630495071411133,0.13218730688095093,0.05641020089387894,0.7416380047798157,1.3011090755462646,1.1377406120300293
175,Philadelphia,Median Age,zip,15530,189,1546,LightGCN,5,0.9882484078407288,0.191475510597229,0.01524275541305542,0.13218730688095093,0.0899360328912735,0.7382620573043823,1.2670786380767822,1.1377406120300293
176,Philadelphia,Median Age,zip,15530,189,1546,LightGCN,6,0.9806165099143982,0.027626752853393555,-0.05983853340148926,0.13218730688095093,0.11615879833698273,0.8016694188117981,1.2937413454055786,1.1377406120300293
177,Philadelphia,Median Age,zip,15530,189,1546,LightGCN,7,0.9982280135154724,0.021542072296142578,-0.010277628898620605,0.13218730688095093,0.025452204048633575,0.7866274118423462,1.2712888717651367,1.1377406120300293
178,Philadelphia,Median Age,zip,15530,189,1546,LightGCN,8,0.9910088181495667,0.23419952392578125,-0.022939443588256836,0.13218730688095093,0.08077294379472733,0.7168778777122498,1.274010419845581,1.1377406120300293
179,Philadelphia,Median Age,zip,15530,189,1546,LightGCN,9,0.9975386261940002,0.030663907527923584,-0.02888476848602295,0.13218730688095093,0.027451783418655396,0.788975179195404,1.2869091033935547,1.1377406120300293
180,Philadelphia,Median Age,zip,15530,189,1546,Feat-LightGCN,0,0.9967195987701416,0.14860081672668457,0.009402573108673096,0.13218730688095093,0.04967350885272026,0.7169625163078308,1.2506355047225952,1.1377406120300293
181,Philadelphia,Median Age,zip,15530,189,1546,Feat-LightGCN,1,0.9964053630828857,0.2545199990272522,0.026068568229675293,0.13218730688095093,0.052929140627384186,0.678434431552887,1.246813416481018,1.1377406120300293
182,Philadelphia,Median Age,zip,15530,189,1546,Feat-LightGCN,2,0.998387336730957,0.08145660161972046,-0.013578057289123535,0.13218730688095093,0.03202212601900101,0.7736501097679138,1.2672721147537231,1.1377406120300293
183,Philadelphia,Median Age,zip,15530,189,1546,Feat-LightGCN,3,0.9970836043357849,0.17517560720443726,0.006318867206573486,0.13218730688095093,0.046449098736047745,0.7314813733100891,1.2640599012374878,1.1377406120300293
184,Philadelphia,Median Age,zip,15530,189,1546,Feat-LightGCN,4,0.9998213648796082,0.19202899932861328,0.0013384222984313965,0.13218730688095093,0.008462276309728622,0.7381330728530884,1.2742565870285034,1.1377406120300293
185,Philadelphia,Median Age,zip,15530,189,1546,Feat-LightGCN,5,0.9982000589370728,0.18711978197097778,0.01839733123779297,0.13218730688095093,0.03650660812854767,0.7395504117012024,1.2579883337020874,1.1377406120300293
186,Philadelphia,Median Age,zip,15530,189,1546,Feat-LightGCN,6,0.9958019256591797,0.13915640115737915,-0.0031409263610839844,0.13218730688095093,0.05554917827248573,0.7589443325996399,1.2510985136032104,1.1377406120300293
187,Philadelphia,Median Age,zip,15530,189,1546,Feat-LightGCN,7,0.997843861579895,0.04784172773361206,-0.011568188667297363,0.13218730688095093,0.04158501327037811,0.7596005797386169,1.2730865478515625,1.1377406120300293
188,Philadelphia,Median Age,zip,15530,189,1546,Feat-LightGCN,8,0.9988293647766113,0.16287392377853394,0.004641234874725342,0.13218730688095093,0.029088938608765602,0.7321321964263916,1.267526626586914,1.1377406120300293
189,Philadelphia,Median Age,zip,15530,189,1546,Feat-LightGCN,9,0.9975785613059998,0.07005977630615234,0.024462580680847168,0.13218730688095093,0.04149147868156433,0.7608634829521179,1.2602283954620361,1.1377406120300293
190,Philadelphia,Median Age,zip,15530,189,1546,Feat\&PC-LightGCN,0,0.9998944997787476,0.10455143451690674,0.09233379364013672,0.13218730688095093,0.008827200159430504,0.7847657799720764,1.1803079843521118,1.1377406120300293
191,Philadelphia,Median Age,zip,15530,189,1546,Feat\&PC-LightGCN,1,0.9972253441810608,0.1426289677619934,0.10557389259338379,0.13218730688095093,0.04542665183544159,0.7342172861099243,1.1748580932617188,1.1377406120300293
192,Philadelphia,Median Age,zip,15530,189,1546,Feat\&PC-LightGCN,2,0.9999873042106628,0.04624909162521362,0.09192544221878052,0.13218730688095093,0.002579753054305911,0.7695137858390808,1.1830216646194458,1.1377406120300293
193,Philadelphia,Median Age,zip,15530,189,1546,Feat\&PC-LightGCN,3,0.9999964833259583,0.24505609273910522,0.10522651672363281,0.13218730688095093,0.001316554844379425,0.6889302134513855,1.1713147163391113,1.1377406120300293
194,Philadelphia,Median Age,zip,15530,189,1546,Feat\&PC-LightGCN,4,0.9999833106994629,0.15428221225738525,0.0936545729637146,0.13218730688095093,0.0029929319862276316,0.7611377835273743,1.1844351291656494,1.1377406120300293
195,Philadelphia,Median Age,zip,15530,189,1546,Feat\&PC-LightGCN,5,0.9995927214622498,0.21644216775894165,0.0903591513633728,0.13218730688095093,0.01782674714922905,0.6645793914794922,1.1866440773010254,1.1377406120300293
196,Philadelphia,Median Age,zip,15530,189,1546,Feat\&PC-LightGCN,6,0.9999197721481323,0.06005573272705078,0.08380544185638428,0.13218730688095093,0.0073951538652181625,0.8398557901382446,1.1847038269042969,1.1377406120300293
197,Philadelphia,Median Age,zip,15530,189,1546,Feat\&PC-LightGCN,7,0.9999530911445618,-0.008126139640808105,0.08217591047286987,0.13218730688095093,0.005466890055686235,0.824993908405304,1.1930842399597168,1.1377406120300293
198,Philadelphia,Median Age,zip,15530,189,1546,Feat\&PC-LightGCN,8,0.9999880790710449,0.22877198457717896,0.0953441858291626,0.13218730688095093,0.002289347117766738,0.7117546200752258,1.1831907033920288,1.1377406120300293
199,Philadelphia,Median Age,zip,15530,189,1546,Feat\&PC-LightGCN,9,0.9996214509010315,0.13859885931015015,0.09398043155670166,0.13218730688095093,0.01608709618449211,0.7522987723350525,1.1792681217193604,1.1377406120300293
200,Philadelphia,Median Age,zip,15530,189,1546,RGNN,0,0.7566747069358826,0.11047250032424927,0.03762084245681763,0.13218730688095093,0.3366219103336334,0.7401677966117859,1.2441954612731934,1.1377406120300293
201,Philadelphia,Median Age,zip,15530,189,1546,RGNN,1,0.7279136776924133,0.08829271793365479,0.047458112239837646,0.13218730688095093,0.3319959342479706,0.7002866268157959,1.2074483633041382,1.1377406120300293
202,Philadelphia,Median Age,zip,15530,189,1546,RGNN,2,0.8017950654029846,-0.10892176628112793,-0.026674985885620117,0.13218730688095093,0.32423508167266846,0.7962833046913147,1.2802666425704956,1.1377406120300293
203,Philadelphia,Median Age,zip,15530,189,1546,RGNN,3,0.8609857559204102,0.15036165714263916,0.049481987953186035,0.13218730688095093,0.2423265427350998,0.6980605125427246,1.245897889137268,1.1377406120300293
204,Philadelphia,Median Age,zip,15530,189,1546,RGNN,4,0.9537776708602905,-0.046633243560791016,-0.08257782459259033,0.13218730688095093,0.17199334502220154,0.8224576711654663,1.3369807004928589,1.1377406120300293
205,Philadelphia,Median Age,zip,15530,189,1546,RGNN,5,0.8143332004547119,0.04246842861175537,-0.007439613342285156,0.13218730688095093,0.31408771872520447,0.7952879667282104,1.297835350036621,1.1377406120300293
206,Philadelphia,Median Age,zip,15530,189,1546,RGNN,6,0.7378356456756592,-0.11559522151947021,-0.0411534309387207,0.13218730688095093,0.37074604630470276,0.8217437267303467,1.2842141389846802,1.1377406120300293
207,Philadelphia,Median Age,zip,15530,189,1546,RGNN,7,0.9072078466415405,-0.09497356414794922,-0.020148515701293945,0.13218730688095093,0.22463347017765045,0.8031370639801025,1.2708011865615845,1.1377406120300293
208,Philadelphia,Median Age,zip,15530,189,1546,RGNN,8,0.8191120624542236,0.08699256181716919,0.04346662759780884,0.13218730688095093,0.2728521227836609,0.7486580014228821,1.2449030876159668,1.1377406120300293
209,Philadelphia,Median Age,zip,15530,189,1546,RGNN,9,0.7968202233314514,0.07550853490829468,0.017939209938049316,0.13218730688095093,0.31920889019966125,0.7406604290008545,1.266557216644287,1.1377406120300293
210,Philadelphia,Median Age,zip,15530,189,1546,Feat-RGNN,0,0.8575910925865173,0.08675980567932129,-0.0023927688598632812,0.13218730688095093,0.2503868341445923,0.7839166522026062,1.2957626581192017,1.1377406120300293
211,Philadelphia,Median Age,zip,15530,189,1546,Feat-RGNN,1,0.801821231842041,0.11928653717041016,-0.04093015193939209,0.13218730688095093,0.3075411021709442,0.8003690838813782,1.3112374544143677,1.1377406120300293
212,Philadelphia,Median Age,zip,15530,189,1546,Feat-RGNN,2,0.9362212419509888,-0.017861485481262207,-0.06609225273132324,0.13218730688095093,0.17202559113502502,0.8225153684616089,1.330783724784851,1.1377406120300293
213,Philadelphia,Median Age,zip,15530,189,1546,Feat-RGNN,3,0.9200687408447266,0.04878354072570801,-0.10676634311676025,0.13218730688095093,0.1799691617488861,0.8225355744361877,1.3618019819259644,1.1377406120300293
214,Philadelphia,Median Age,zip,15530,189,1546,Feat-RGNN,4,0.887544572353363,0.19623690843582153,0.02707052230834961,0.13218730688095093,0.2624038755893707,0.7127477526664734,1.260528802871704,1.1377406120300293
215,Philadelphia,Median Age,zip,15530,189,1546,Feat-RGNN,5,0.908255398273468,0.020381569862365723,-0.032376885414123535,0.13218730688095093,0.21992692351341248,0.8430876731872559,1.318481683731079,1.1377406120300293
216,Philadelphia,Median Age,zip,15530,189,1546,Feat-RGNN,6,0.7520632147789001,0.1547607183456421,0.007477402687072754,0.13218730688095093,0.31749916076660156,0.7871143221855164,1.2683563232421875,1.1377406120300293
217,Philadelphia,Median Age,zip,15530,189,1546,Feat-RGNN,7,0.69398033618927,-0.16017019748687744,-0.1754235029220581,0.13218730688095093,0.4713256061077118,0.89703369140625,1.3764307498931885,1.1377406120300293
218,Philadelphia,Median Age,zip,15530,189,1546,Feat-RGNN,8,0.9407380819320679,0.1105116605758667,-0.007385730743408203,0.13218730688095093,0.1858980357646942,0.7188431620597839,1.2686455249786377,1.1377406120300293
219,Philadelphia,Median Age,zip,15530,189,1546,Feat-RGNN,9,0.9203096628189087,0.11484622955322266,-0.0789339542388916,0.13218730688095093,0.2017190009355545,0.8129439353942871,1.3180913925170898,1.1377406120300293
220,Philadelphia,Median Age,zip,15530,189,1546,Feat\&PC-RGNN,0,0.9971319437026978,0.3115661144256592,-0.1318192481994629,0.13218730688095093,0.03995282202959061,0.7227730751037598,1.379062533378601,1.1377406120300293
221,Philadelphia,Median Age,zip,15530,189,1546,Feat\&PC-RGNN,1,0.9731879234313965,0.2064618468284607,-0.08852005004882812,0.13218730688095093,0.11700762808322906,0.7507564425468445,1.3398699760437012,1.1377406120300293
222,Philadelphia,Median Age,zip,15530,189,1546,Feat\&PC-RGNN,2,0.9815875291824341,0.2692233920097351,-0.1241225004196167,0.13218730688095093,0.11067239940166473,0.7086285948753357,1.3402128219604492,1.1377406120300293
223,Philadelphia,Median Age,zip,15530,189,1546,Feat\&PC-RGNN,3,0.9813178777694702,0.16055798530578613,-0.1137772798538208,0.13218730688095093,0.12016943097114563,0.7617960572242737,1.351894736289978,1.1377406120300293
224,Philadelphia,Median Age,zip,15530,189,1546,Feat\&PC-RGNN,4,0.9068418145179749,0.2053534984588623,-0.12011444568634033,0.13218730688095093,0.23891958594322205,0.741033673286438,1.3421907424926758,1.1377406120300293
225,Philadelphia,Median Age,zip,15530,189,1546,Feat\&PC-RGNN,5,0.9604179859161377,0.3193873167037964,-0.007479667663574219,0.13218730688095093,0.14702440798282623,0.6192085146903992,1.3078984022140503,1.1377406120300293
226,Philadelphia,Median Age,zip,15530,189,1546,Feat\&PC-RGNN,6,0.9995927214622498,0.27785319089889526,-0.160658597946167,0.13218730688095093,0.012168342247605324,0.6658262014389038,1.3992748260498047,1.1377406120300293
227,Philadelphia,Median Age,zip,15530,189,1546,Feat\&PC-RGNN,7,0.9999287724494934,0.4109196066856384,-0.06843078136444092,0.13218730688095093,0.005457863211631775,0.6411749124526978,1.3092423677444458,1.1377406120300293
228,Philadelphia,Median Age,zip,15530,189,1546,Feat\&PC-RGNN,8,0.9039540886878967,0.1925603151321411,-0.11036372184753418,0.13218730688095093,0.2242283672094345,0.7189696431159973,1.3765159845352173,1.1377406120300293
229,Philadelphia,Median Age,zip,15530,189,1546,Feat\&PC-RGNN,9,0.7392359972000122,0.03010106086730957,-0.3094397783279419,0.13218730688095093,0.42969614267349243,0.8056753873825073,1.4903780221939087,1.1377406120300293
230,Philadelphia,Median Age,zip,15530,189,1546,NoPreTrain,0,0.9954289793968201,-0.4500666856765747,-0.7834231853485107,0.13218730688095093,0.057073112577199936,1.014224648475647,1.7016050815582275,1.1377406120300293
231,Philadelphia,Median Age,zip,15530,189,1546,NoPreTrain,1,0.9972599148750305,-0.9255505800247192,-1.1129941940307617,0.13218730688095093,0.04513414576649666,1.0812088251113892,1.848405361175537,1.1377406120300293
232,Philadelphia,Median Age,zip,15530,189,1546,NoPreTrain,2,0.9979035258293152,-0.8876616954803467,-0.7108626365661621,0.13218730688095093,0.03920966759324074,1.1007972955703735,1.7415965795516968,1.1377406120300293
233,Philadelphia,Median Age,zip,15530,189,1546,NoPreTrain,3,0.9996739029884338,-1.449366807937622,-0.856600284576416,0.13218730688095093,0.013332434929907322,1.2701739072799683,1.7883529663085938,1.1377406120300293
234,Philadelphia,Median Age,zip,15530,189,1546,NoPreTrain,4,0.9943137764930725,-1.1285762786865234,-0.8774865865707397,0.13218730688095093,0.06933915615081787,1.1791735887527466,1.867726445198059,1.1377406120300293
235,Philadelphia,Median Age,zip,15530,189,1546,NoPreTrain,5,0.9936196208000183,-1.0574042797088623,-1.062976598739624,0.13218730688095093,0.06849771738052368,1.1949838399887085,1.767898440361023,1.1377406120300293
236,Philadelphia,Median Age,zip,15530,189,1546,NoPreTrain,6,0.9989188313484192,-1.6788439750671387,-0.915483832359314,0.13218730688095093,0.027489179745316505,1.3372538089752197,1.7969470024108887,1.1377406120300293
237,Philadelphia,Median Age,zip,15530,189,1546,NoPreTrain,7,0.9990547299385071,-0.566322922706604,-0.6773324012756348,0.13218730688095093,0.025911465287208557,1.0903511047363281,1.7199712991714478,1.1377406120300293
238,Philadelphia,Median Age,zip,15530,189,1546,NoPreTrain,8,0.9992496967315674,-0.41115736961364746,-0.8345164060592651,0.13218730688095093,0.014327778480947018,0.9013554453849792,1.6847549676895142,1.1377406120300293
239,Philadelphia,Median Age,zip,15530,189,1546,NoPreTrain,9,0.9997631907463074,-0.7898205518722534,-0.8085073232650757,0.13218730688095093,0.010076369158923626,1.1108840703964233,1.7163641452789307,1.1377406120300293
240,St. Louis,Median Income,zip,2397,43,246,Emb,0,0.9999796748161316,-1.2249081134796143,0.22216057777404785,0.3296397924423218,0.0050034536980092525,0.6605519652366638,1.0824170112609863,0.8545359373092651
241,St. Louis,Median Income,zip,2397,43,246,Emb,1,0.9999794363975525,-0.5271787643432617,0.19512516260147095,0.3296397924423218,0.0048666647635400295,0.6311255693435669,1.075302004814148,0.8545359373092651
242,St. Louis,Median Income,zip,2397,43,246,Emb,2,0.9999735355377197,-1.9866149425506592,0.1442316174507141,0.3296397924423218,0.006552533246576786,0.8830077052116394,1.1158443689346313,0.8545359373092651
243,St. Louis,Median Income,zip,2397,43,246,Emb,3,0.9999738931655884,-0.6117074489593506,0.19340741634368896,0.3296397924423218,0.006147379986941814,0.6434905529022217,1.0765093564987183,0.8545359373092651
244,St. Louis,Median Income,zip,2397,43,246,Emb,4,0.9999473094940186,-1.6084015369415283,0.15649211406707764,0.3296397924423218,0.006549871060997248,0.813493013381958,1.1146081686019897,0.8545359373092651
245,St. Louis,Median Income,zip,2397,43,246,Emb,5,0.999972939491272,-1.8328814506530762,0.14745914936065674,0.3296397924423218,0.006358208134770393,0.8662168979644775,1.1199510097503662,0.8545359373092651
246,St. Louis,Median Income,zip,2397,43,246,Emb,6,0.9998400211334229,-1.0327413082122803,0.1688098907470703,0.3296397924423218,0.011724529787898064,0.7285131812095642,1.1061118841171265,0.8545359373092651
247,St. Louis,Median Income,zip,2397,43,246,Emb,7,0.9999803900718689,-0.4401721954345703,0.1713041067123413,0.3296397924423218,0.005458570551127195,0.5733998417854309,1.0993177890777588,0.8545359373092651
248,St. Louis,Median Income,zip,2397,43,246,Emb,8,0.9999809265136719,-1.3341264724731445,0.23747652769088745,0.3296397924423218,0.004933676216751337,0.747661292552948,1.0362942218780518,0.8545359373092651
249,St. Louis,Median Income,zip,2397,43,246,Emb,9,0.9999788403511047,-1.9784529209136963,0.16672998666763306,0.3296397924423218,0.005867771338671446,0.7731128931045532,1.1173450946807861,0.8545359373092651
250,St. Louis,Median Income,zip,2397,43,246,LightGCN,0,0.9975764751434326,-0.10047769546508789,0.13802725076675415,0.3296397924423218,0.06307992339134216,0.4864051043987274,1.0790719985961914,0.8545359373092651
251,St. Louis,Median Income,zip,2397,43,246,LightGCN,1,0.9979959726333618,-3.942415237426758,0.016355037689208984,0.3296397924423218,0.05905868113040924,0.9023662209510803,1.1663951873779297,0.8545359373092651
252,St. Louis,Median Income,zip,2397,43,246,LightGCN,2,0.9946008324623108,-0.18260061740875244,0.14857256412506104,0.3296397924423218,0.10651793330907822,0.5622869729995728,1.0794392824172974,0.8545359373092651
253,St. Louis,Median Income,zip,2397,43,246,LightGCN,3,0.9991379380226135,-1.2797458171844482,0.0590977668762207,0.3296397924423218,0.03150483965873718,0.6869025826454163,1.1323806047439575,0.8545359373092651
254,St. Louis,Median Income,zip,2397,43,246,LightGCN,4,0.9983038902282715,-0.9206761121749878,0.08423137664794922,0.3296397924423218,0.06268955767154694,0.6441542506217957,1.1239820718765259,0.8545359373092651
255,St. Louis,Median Income,zip,2397,43,246,LightGCN,5,0.9945873618125916,-1.5445477962493896,0.04158496856689453,0.3296397924423218,0.10200318694114685,0.7135711312294006,1.1724262237548828,0.8545359373092651
256,St. Louis,Median Income,zip,2397,43,246,LightGCN,6,0.9986287951469421,-0.8585008382797241,0.06616413593292236,0.3296397924423218,0.039319779723882675,0.68253493309021,1.1290864944458008,0.8545359373092651
257,St. Louis,Median Income,zip,2397,43,246,LightGCN,7,0.9906123280525208,-0.2744789123535156,0.08907580375671387,0.3296397924423218,0.14664269983768463,0.6103882789611816,1.1494964361190796,0.8545359373092651
258,St. Louis,Median Income,zip,2397,43,246,LightGCN,8,0.9944807291030884,-1.6089272499084473,0.023644626140594482,0.3296397924423218,0.11249613761901855,0.7596079707145691,1.1797893047332764,0.8545359373092651
259,St. Louis,Median Income,zip,2397,43,246,LightGCN,9,0.9991121292114258,-0.1503307819366455,0.132740318775177,0.3296397924423218,0.044701073318719864,0.5428664684295654,1.0865875482559204,0.8545359373092651
260,St. Louis,Median Income,zip,2397,43,246,Feat-LightGCN,0,0.9999936819076538,-0.7107573747634888,0.10894781351089478,0.3296397924423218,0.003362236311659217,0.6918388605117798,1.103751540184021,0.8545359373092651
261,St. Louis,Median Income,zip,2397,43,246,Feat-LightGCN,1,0.9999853372573853,-0.6217849254608154,0.1576392650604248,0.3296397924423218,0.005125632043927908,0.6373461484909058,1.0829598903656006,0.8545359373092651
262,St. Louis,Median Income,zip,2397,43,246,Feat-LightGCN,2,0.9999887943267822,-0.3293079137802124,0.16158175468444824,0.3296397924423218,0.003541964339092374,0.5888722538948059,1.05839204788208,0.8545359373092651
263,St. Louis,Median Income,zip,2397,43,246,Feat-LightGCN,3,0.9999580979347229,-0.7490615844726562,0.17811644077301025,0.3296397924423218,0.006926382426172495,0.6527021527290344,1.075519323348999,0.8545359373092651
264,St. Louis,Median Income,zip,2397,43,246,Feat-LightGCN,4,0.9999796152114868,-0.7507206201553345,0.12983113527297974,0.3296397924423218,0.005461671855300665,0.7175115346908569,1.1092145442962646,0.8545359373092651
265,St. Louis,Median Income,zip,2397,43,246,Feat-LightGCN,5,0.9999045729637146,-0.5092332363128662,0.16668879985809326,0.3296397924423218,0.009836061857640743,0.6436039805412292,1.070744514465332,0.8545359373092651
266,St. Louis,Median Income,zip,2397,43,246,Feat-LightGCN,6,0.9999841451644897,-0.39284610748291016,0.18026775121688843,0.3296397924423218,0.005098891910165548,0.6177950501441956,1.0551893711090088,0.8545359373092651
267,St. Louis,Median Income,zip,2397,43,246,Feat-LightGCN,7,0.9999751448631287,-0.4968181848526001,0.16926312446594238,0.3296397924423218,0.005767611786723137,0.5969454646110535,1.0853508710861206,0.8545359373092651
268,St. Louis,Median Income,zip,2397,43,246,Feat-LightGCN,8,0.9999763369560242,-0.4962657690048218,0.1550934910774231,0.3296397924423218,0.005973068531602621,0.5952272415161133,1.0953603982925415,0.8545359373092651
269,St. Louis,Median Income,zip,2397,43,246,Feat-LightGCN,9,0.9999898076057434,-0.4626725912094116,0.11627620458602905,0.3296397924423218,0.004157852381467819,0.637477695941925,1.0891398191452026,0.8545359373092651
270,St. Louis,Median Income,zip,2397,43,246,Feat\&PC-LightGCN,0,0.9999978542327881,0.13790243864059448,0.31146907806396484,0.3296397924423218,0.0018481932347640395,0.4492753744125366,0.8948408365249634,0.8545359373092651
271,St. Louis,Median Income,zip,2397,43,246,Feat\&PC-LightGCN,1,0.999997079372406,0.08737349510192871,0.31487733125686646,0.3296397924423218,0.002132786437869072,0.5033929944038391,0.8981181383132935,0.8545359373092651
272,St. Louis,Median Income,zip,2397,43,246,Feat\&PC-LightGCN,2,0.9999997019767761,0.221835196018219,0.32317668199539185,0.3296397924423218,0.0006609378033317626,0.42546114325523376,0.8900477290153503,0.8545359373092651
273,St. Louis,Median Income,zip,2397,43,246,Feat\&PC-LightGCN,3,0.9999979138374329,-0.28187882900238037,0.2958676218986511,0.3296397924423218,0.001888330327346921,0.568823516368866,0.9372580647468567,0.8545359373092651
274,St. Louis,Median Income,zip,2397,43,246,Feat\&PC-LightGCN,4,0.9999979138374329,0.06679892539978027,0.3140544891357422,0.3296397924423218,0.0018756380304694176,0.46802446246147156,0.9095371961593628,0.8545359373092651
275,St. Louis,Median Income,zip,2397,43,246,Feat\&PC-LightGCN,5,0.9999983310699463,0.09782665967941284,0.31156831979751587,0.3296397924423218,0.0016219005919992924,0.43804770708084106,0.9105309844017029,0.8545359373092651
276,St. Louis,Median Income,zip,2397,43,246,Feat\&PC-LightGCN,6,0.999995768070221,-0.026928067207336426,0.31733590364456177,0.3296397924423218,0.0026790713891386986,0.5362085103988647,0.8919728994369507,0.8545359373092651
277,St. Louis,Median Income,zip,2397,43,246,Feat\&PC-LightGCN,7,0.9999991655349731,0.1766248345375061,0.315701961517334,0.3296397924423218,0.0011636556591838598,0.45943281054496765,0.8956025838851929,0.8545359373092651
278,St. Louis,Median Income,zip,2397,43,246,Feat\&PC-LightGCN,8,0.999995768070221,0.21962368488311768,0.30934059619903564,0.3296397924423218,0.0025786266196519136,0.4344014823436737,0.9096727967262268,0.8545359373092651
279,St. Louis,Median Income,zip,2397,43,246,Feat\&PC-LightGCN,9,0.9999996423721313,0.2705024480819702,0.32251083850860596,0.3296397924423218,0.0006987035158090293,0.42980751395225525,0.8805627822875977,0.8545359373092651
280,St. Louis,Median Income,zip,2397,43,246,RGNN,0,0.9994726181030273,-0.7392500638961792,0.1429871916770935,0.3296397924423218,0.03275865316390991,0.7025400400161743,1.0960575342178345,0.8545359373092651
281,St. Louis,Median Income,zip,2397,43,246,RGNN,1,0.9994307160377502,-0.28375720977783203,0.17118966579437256,0.3296397924423218,0.02370232716202736,0.566597044467926,1.083936333656311,0.8545359373092651
282,St. Louis,Median Income,zip,2397,43,246,RGNN,2,0.9992778301239014,-0.8917404413223267,0.007881879806518555,0.3296397924423218,0.03623510152101517,0.6077917218208313,1.2019935846328735,0.8545359373092651
283,St. Louis,Median Income,zip,2397,43,246,RGNN,3,0.9998943209648132,-0.5025075674057007,0.21529966592788696,0.3296397924423218,0.008646521717309952,0.5853284001350403,1.02351975440979,0.8545359373092651
284,St. Louis,Median Income,zip,2397,43,246,RGNN,4,0.9929817318916321,-0.5705735683441162,0.07583129405975342,0.3296397924423218,0.10082501918077469,0.676476240158081,1.1777963638305664,0.8545359373092651
285,St. Louis,Median Income,zip,2397,43,246,RGNN,5,0.9991071224212646,-0.40383172035217285,0.11882245540618896,0.3296397924423218,0.042143139988183975,0.6015112996101379,1.0982632637023926,0.8545359373092651
286,St. Louis,Median Income,zip,2397,43,246,RGNN,6,0.9995185136795044,-0.47042834758758545,0.11617416143417358,0.3296397924423218,0.021014180034399033,0.589614748954773,1.1101703643798828,0.8545359373092651
287,St. Louis,Median Income,zip,2397,43,246,RGNN,7,0.9956138730049133,-0.8337321281433105,0.16532570123672485,0.3296397924423218,0.09848619997501373,0.7009456157684326,1.0686655044555664,0.8545359373092651
288,St. Louis,Median Income,zip,2397,43,246,RGNN,8,0.9994136095046997,-0.7616819143295288,0.065449059009552,0.3296397924423218,0.02661065198481083,0.6182876229286194,1.1692107915878296,0.8545359373092651
289,St. Louis,Median Income,zip,2397,43,246,RGNN,9,0.9995346665382385,-0.7306147813796997,0.14036738872528076,0.3296397924423218,0.020216606557369232,0.6748481392860413,1.0772168636322021,0.8545359373092651
290,St. Louis,Median Income,zip,2397,43,246,Feat-RGNN,0,0.9963328242301941,-0.010428667068481445,0.16969913244247437,0.3296397924423218,0.09234529733657837,0.48288455605506897,1.0732771158218384,0.8545359373092651
291,St. Louis,Median Income,zip,2397,43,246,Feat-RGNN,1,0.9849870800971985,-0.41100168228149414,0.06272631883621216,0.3296397924423218,0.18797020614147186,0.6063705682754517,1.1284998655319214,0.8545359373092651
292,St. Louis,Median Income,zip,2397,43,246,Feat-RGNN,2,0.9998383522033691,0.6714268922805786,0.1773253083229065,0.3296397924423218,0.01886119693517685,0.28070005774497986,1.0345755815505981,0.8545359373092651
293,St. Louis,Median Income,zip,2397,43,246,Feat-RGNN,3,0.999496579170227,0.5342919826507568,0.09736025333404541,0.3296397924423218,0.032886654138565063,0.315075546503067,1.0901036262512207,0.8545359373092651
294,St. Louis,Median Income,zip,2397,43,246,Feat-RGNN,4,0.9937357902526855,0.012749314308166504,0.1452045440673828,0.3296397924423218,0.11993667483329773,0.4940021336078644,1.0874460935592651,0.8545359373092651
295,St. Louis,Median Income,zip,2397,43,246,Feat-RGNN,5,0.9901415109634399,0.2626519799232483,-0.002430558204650879,0.3296397924423218,0.1544167548418045,0.4563024938106537,1.1431617736816406,0.8545359373092651
296,St. Louis,Median Income,zip,2397,43,246,Feat-RGNN,6,0.9879343509674072,-0.6039412021636963,0.04279828071594238,0.3296397924423218,0.15676674246788025,0.5587708950042725,1.1729426383972168,0.8545359373092651
297,St. Louis,Median Income,zip,2397,43,246,Feat-RGNN,7,0.999761700630188,-0.15485751628875732,0.07684636116027832,0.3296397924423218,0.014576435089111328,0.5541147589683533,1.1567752361297607,0.8545359373092651
298,St. Louis,Median Income,zip,2397,43,246,Feat-RGNN,8,0.9724760055541992,-0.33026397228240967,0.020003080368041992,0.3296397924423218,0.2548484802246094,0.5971753001213074,1.1653125286102295,0.8545359373092651
299,St. Louis,Median Income,zip,2397,43,246,Feat-RGNN,9,0.9974793791770935,0.11231178045272827,0.08649826049804688,0.3296397924423218,0.06998232752084732,0.45349058508872986,1.1379704475402832,0.8545359373092651
300,St. Louis,Median Income,zip,2397,43,246,Feat\&PC-RGNN,0,0.9993288516998291,-5.022235870361328,0.05898469686508179,0.3296397924423218,0.03611934185028076,1.3494024276733398,1.1957257986068726,0.8545359373092651
301,St. Louis,Median Income,zip,2397,43,246,Feat\&PC-RGNN,1,0.9998353719711304,-2.8129827976226807,0.14253872632980347,0.3296397924423218,0.011352312751114368,1.0875738859176636,1.1141064167022705,0.8545359373092651
302,St. Louis,Median Income,zip,2397,43,246,Feat\&PC-RGNN,2,0.99998539686203,-3.332347869873047,0.13783621788024902,0.3296397924423218,0.005001867655664682,1.1698918342590332,1.1206040382385254,0.8545359373092651
303,St. Louis,Median Income,zip,2397,43,246,Feat\&PC-RGNN,3,0.9997893571853638,-1.537205696105957,0.16578829288482666,0.3296397924423218,0.0173936877399683,0.8640854954719543,1.0704923868179321,0.8545359373092651
304,St. Louis,Median Income,zip,2397,43,246,Feat\&PC-RGNN,4,0.9999445676803589,-2.221303701400757,0.1783992052078247,0.3296397924423218,0.009171881712973118,0.9555497765541077,1.079095721244812,0.8545359373092651
305,St. Louis,Median Income,zip,2397,43,246,Feat\&PC-RGNN,5,0.9996469020843506,-4.07880973815918,0.0014085769653320312,0.3296397924423218,0.0205894373357296,1.225493311882019,1.2203940153121948,0.8545359373092651
306,St. Louis,Median Income,zip,2397,43,246,Feat\&PC-RGNN,6,0.986650288105011,-2.3205089569091797,0.14917337894439697,0.3296397924423218,0.17482256889343262,1.0257713794708252,1.1304843425750732,0.8545359373092651
307,St. Louis,Median Income,zip,2397,43,246,Feat\&PC-RGNN,7,0.998855710029602,-2.392906427383423,0.17722773551940918,0.3296397924423218,0.04517928510904312,1.011723279953003,1.0712980031967163,0.8545359373092651
308,St. Louis,Median Income,zip,2397,43,246,Feat\&PC-RGNN,8,0.9760884046554565,-4.2761921882629395,-0.003321409225463867,0.3296397924423218,0.2253519594669342,1.2851529121398926,1.190445899963379,0.8545359373092651
309,St. Louis,Median Income,zip,2397,43,246,Feat\&PC-RGNN,9,0.9999385476112366,-2.581536293029785,0.16664022207260132,0.3296397924423218,0.011276698671281338,1.0172839164733887,1.0775524377822876,0.8545359373092651
310,St. Louis,Median Income,zip,2397,43,246,NoPreTrain,0,0.9999411106109619,-9.171741485595703,0.04002201557159424,0.3296397924423218,0.008198888972401619,1.0928953886032104,1.157515525817871,0.8545359373092651
311,St. Louis,Median Income,zip,2397,43,246,NoPreTrain,1,0.9999845027923584,-0.3311026096343994,0.055556297302246094,0.3296397924423218,0.0036004334688186646,0.5541226863861084,1.1000295877456665,0.8545359373092651
312,St. Louis,Median Income,zip,2397,43,246,NoPreTrain,2,0.9999110102653503,-1.544752836227417,0.08507704734802246,0.3296397924423218,0.012378137558698654,0.7461386919021606,1.1611881256103516,0.8545359373092651
313,St. Louis,Median Income,zip,2397,43,246,NoPreTrain,3,0.9999459385871887,-3.237159252166748,0.17630153894424438,0.3296397924423218,0.006945613771677017,1.0631262063980103,1.1312938928604126,0.8545359373092651
314,St. Louis,Median Income,zip,2397,43,246,NoPreTrain,4,0.999955415725708,-0.6121132373809814,0.09390139579772949,0.3296397924423218,0.007309381850063801,0.636728823184967,1.1798298358917236,0.8545359373092651
315,St. Louis,Median Income,zip,2397,43,246,NoPreTrain,5,0.999939501285553,-0.8313232660293579,0.19405019283294678,0.3296397924423218,0.0076067387126386166,0.7047573924064636,1.011853575706482,0.8545359373092651
316,St. Louis,Median Income,zip,2397,43,246,NoPreTrain,6,0.9998994469642639,-1.5944199562072754,0.12871652841567993,0.3296397924423218,0.012039256282150745,0.657974898815155,1.104033350944519,0.8545359373092651
317,St. Louis,Median Income,zip,2397,43,246,NoPreTrain,7,0.9999107718467712,-3.840749740600586,0.13782787322998047,0.3296397924423218,0.008846263401210308,0.9998086094856262,1.1119565963745117,0.8545359373092651
318,St. Louis,Median Income,zip,2397,43,246,NoPreTrain,8,0.9987955093383789,0.40641963481903076,0.1884811520576477,0.3296397924423218,0.050999969244003296,0.4028364419937134,1.1017613410949707,0.8545359373092651
319,St. Louis,Median Income,zip,2397,43,246,NoPreTrain,9,0.9992838501930237,-0.9687104225158691,0.1394374966621399,0.3296397924423218,0.0393996387720108,0.769686222076416,1.1663885116577148,0.8545359373092651
320,St. Louis,Median Home Value,zip,2352,43,241,Emb,0,0.9999836087226868,-1.796140432357788,-0.20261812210083008,0.5351871252059937,0.005119324196130037,0.8342612385749817,1.09429132938385,0.5841450095176697
321,St. Louis,Median Home Value,zip,2352,43,241,Emb,1,0.9999777674674988,-1.6227567195892334,-0.23049259185791016,0.5351871252059937,0.005928082391619682,0.844309389591217,1.0785759687423706,0.5841450095176697
322,St. Louis,Median Home Value,zip,2352,43,241,Emb,2,0.9999837875366211,-1.887711524963379,-0.1612706184387207,0.5351871252059937,0.005476509220898151,0.9513362050056458,1.1271826028823853,0.5841450095176697
323,St. Louis,Median Home Value,zip,2352,43,241,Emb,3,0.9999831914901733,-1.3836877346038818,-0.04093945026397705,0.5351871252059937,0.005503274966031313,0.8147525787353516,1.0752427577972412,0.5841450095176697
324,St. Louis,Median Home Value,zip,2352,43,241,Emb,4,0.996550977230072,-2.1997601985931396,-0.11052381992340088,0.5351871252059937,0.09054336696863174,0.9697045087814331,1.1513874530792236,0.5841450095176697
325,St. Louis,Median Home Value,zip,2352,43,241,Emb,5,0.9999790191650391,-2.8506240844726562,-0.15118658542633057,0.5351871252059937,0.005868327803909779,1.0009894371032715,1.1814947128295898,0.5841450095176697
326,St. Louis,Median Home Value,zip,2352,43,241,Emb,6,0.9999901652336121,-0.9994504451751709,-0.217323899269104,0.5351871252059937,0.00424013938754797,0.7727628946304321,1.1127815246582031,0.5841450095176697
327,St. Louis,Median Home Value,zip,2352,43,241,Emb,7,0.9999874830245972,-1.957139492034912,-0.30363941192626953,0.5351871252059937,0.00439459877088666,0.7927165031433105,1.1747219562530518,0.5841450095176697
328,St. Louis,Median Home Value,zip,2352,43,241,Emb,8,0.9999615550041199,-2.247650146484375,-0.21583032608032227,0.5351871252059937,0.007239709608256817,0.9410939812660217,1.164584755897522,0.5841450095176697
329,St. Louis,Median Home Value,zip,2352,43,241,Emb,9,0.9999854564666748,-1.3492345809936523,-0.1920262575149536,0.5351871252059937,0.004860129673033953,0.8209487795829773,1.053323745727539,0.5841450095176697
330,St. Louis,Median Home Value,zip,2352,43,241,LightGCN,0,0.9980306625366211,-0.017738699913024902,0.288677453994751,0.5351871252059937,0.0623544380068779,0.7384679317474365,0.9129400849342346,0.5841450095176697
331,St. Louis,Median Home Value,zip,2352,43,241,LightGCN,1,0.9994835257530212,-0.2794055938720703,0.18551045656204224,0.5351871252059937,0.02866964042186737,0.8319656848907471,0.988355278968811,0.5841450095176697
332,St. Louis,Median Home Value,zip,2352,43,241,LightGCN,2,0.9999497532844543,0.12391167879104614,0.22403192520141602,0.5351871252059937,0.00924012716859579,0.6235105991363525,0.9699782729148865,0.5841450095176697
333,St. Louis,Median Home Value,zip,2352,43,241,LightGCN,3,0.999009907245636,0.21396136283874512,0.24880433082580566,0.5351871252059937,0.04510098323225975,0.5746265053749084,0.9047497510910034,0.5841450095176697
334,St. Louis,Median Home Value,zip,2352,43,241,LightGCN,4,0.9998988509178162,-0.3948274850845337,0.21006178855895996,0.5351871252059937,0.013699290342628956,0.7619109749794006,0.9912266731262207,0.5841450095176697
335,St. Louis,Median Home Value,zip,2352,43,241,LightGCN,5,0.9993270635604858,-1.2628984451293945,0.25547492504119873,0.5351871252059937,0.02344249188899994,0.8280376195907593,0.9514603614807129,0.5841450095176697
336,St. Louis,Median Home Value,zip,2352,43,241,LightGCN,6,0.9998937845230103,-0.9288334846496582,0.17820662260055542,0.5351871252059937,0.01479340996593237,0.8622313737869263,0.9785783290863037,0.5841450095176697
337,St. Louis,Median Home Value,zip,2352,43,241,LightGCN,7,0.999995231628418,0.28805816173553467,0.23427879810333252,0.5351871252059937,0.0025630176533013582,0.6622793674468994,0.9674316644668579,0.5841450095176697
338,St. Louis,Median Home Value,zip,2352,43,241,LightGCN,8,0.9998073577880859,-1.3430867195129395,0.21463632583618164,0.5351871252059937,0.017301760613918304,1.0369009971618652,1.0092692375183105,0.5841450095176697
339,St. Louis,Median Home Value,zip,2352,43,241,LightGCN,9,0.9983603954315186,0.04594379663467407,0.277785062789917,0.5351871252059937,0.06018942967057228,0.6136717200279236,0.8904675841331482,0.5841450095176697
340,St. Louis,Median Home Value,zip,2352,43,241,Feat-LightGCN,0,0.9999900460243225,-0.6321280002593994,0.13027435541152954,0.5351871252059937,0.004117538221180439,0.7687872052192688,0.9378848075866699,0.5841450095176697
341,St. Louis,Median Home Value,zip,2352,43,241,Feat-LightGCN,1,0.999940812587738,-0.24174249172210693,0.10730719566345215,0.5351871252059937,0.011141423135995865,0.6825346946716309,0.9294354319572449,0.5841450095176697
342,St. Louis,Median Home Value,zip,2352,43,241,Feat-LightGCN,2,0.9999929666519165,-0.5792697668075562,0.11192446947097778,0.5351871252059937,0.003566363360732794,0.8021267056465149,0.9360328316688538,0.5841450095176697
343,St. Louis,Median Home Value,zip,2352,43,241,Feat-LightGCN,3,0.9999886155128479,-0.40058135986328125,0.12286925315856934,0.5351871252059937,0.00424761651083827,0.7294332981109619,0.9533296227455139,0.5841450095176697
344,St. Louis,Median Home Value,zip,2352,43,241,Feat-LightGCN,4,0.9999918341636658,-0.32687103748321533,0.18837285041809082,0.5351871252059937,0.003652418265119195,0.72928786277771,0.9052590131759644,0.5841450095176697
345,St. Louis,Median Home Value,zip,2352,43,241,Feat-LightGCN,5,0.9999805688858032,-0.5032994747161865,0.15426230430603027,0.5351871252059937,0.005869437009096146,0.6832194924354553,0.9176657795906067,0.5841450095176697
346,St. Louis,Median Home Value,zip,2352,43,241,Feat-LightGCN,6,0.9999923706054688,-0.9237031936645508,0.07849186658859253,0.5351871252059937,0.003556479001417756,0.7773354649543762,0.9642577171325684,0.5841450095176697
347,St. Louis,Median Home Value,zip,2352,43,241,Feat-LightGCN,7,0.9999843835830688,-0.45080065727233887,0.15413802862167358,0.5351871252059937,0.004880357533693314,0.7256715297698975,0.9154027700424194,0.5841450095176697
348,St. Louis,Median Home Value,zip,2352,43,241,Feat-LightGCN,8,0.9999895691871643,-1.9508287906646729,0.016686856746673584,0.5351871252059937,0.004138946067541838,1.025726079940796,1.0698837041854858,0.5841450095176697
349,St. Louis,Median Home Value,zip,2352,43,241,Feat-LightGCN,9,0.9999912977218628,-0.45936083793640137,0.10436558723449707,0.5351871252059937,0.003979654051363468,0.7532534599304199,0.9258557558059692,0.5841450095176697
350,St. Louis,Median Home Value,zip,2352,43,241,Feat\&PC-LightGCN,0,0.9999945759773254,-1.4018995761871338,0.4506135582923889,0.5351871252059937,0.003069362137466669,0.8094241619110107,0.6810092926025391,0.5841450095176697
351,St. Louis,Median Home Value,zip,2352,43,241,Feat\&PC-LightGCN,1,0.9999954104423523,-1.203885555267334,0.4424135684967041,0.5351871252059937,0.002607994480058551,0.7693789005279541,0.683434784412384,0.5841450095176697
352,St. Louis,Median Home Value,zip,2352,43,241,Feat\&PC-LightGCN,2,0.9999940395355225,-1.1166446208953857,0.4473823308944702,0.5351871252059937,0.0031731952913105488,0.7833095788955688,0.6882091760635376,0.5841450095176697
353,St. Louis,Median Home Value,zip,2352,43,241,Feat\&PC-LightGCN,3,0.9999966025352478,-1.7219593524932861,0.42495834827423096,0.5351871252059937,0.0023644412867724895,0.8747016787528992,0.7146424055099487,0.5841450095176697
354,St. Louis,Median Home Value,zip,2352,43,241,Feat\&PC-LightGCN,4,0.999997079372406,-1.523735523223877,0.4343312978744507,0.5351871252059937,0.00200652820058167,0.8749863505363464,0.7044993042945862,0.5841450095176697
355,St. Louis,Median Home Value,zip,2352,43,241,Feat\&PC-LightGCN,5,0.9999380707740784,-1.429394006729126,0.4250275492668152,0.5351871252059937,0.011383618228137493,0.8582483530044556,0.7018187642097473,0.5841450095176697
356,St. Louis,Median Home Value,zip,2352,43,241,Feat\&PC-LightGCN,6,0.9999951720237732,-1.5448575019836426,0.42997026443481445,0.5351871252059937,0.00279128341935575,0.8495705127716064,0.6858794093132019,0.5841450095176697
357,St. Louis,Median Home Value,zip,2352,43,241,Feat\&PC-LightGCN,7,0.9999966025352478,-1.0832619667053223,0.45088374614715576,0.5351871252059937,0.0024884091690182686,0.7680321335792542,0.6819491982460022,0.5841450095176697
358,St. Louis,Median Home Value,zip,2352,43,241,Feat\&PC-LightGCN,8,0.9999980926513672,-1.465165376663208,0.4355638027191162,0.5351871252059937,0.0017119431868195534,0.8360434770584106,0.6918678879737854,0.5841450095176697
359,St. Louis,Median Home Value,zip,2352,43,241,Feat\&PC-LightGCN,9,0.9999967217445374,-1.1722898483276367,0.4508170485496521,0.5351871252059937,0.002339677419513464,0.7744119167327881,0.6772549152374268,0.5841450095176697
360,St. Louis,Median Home Value,zip,2352,43,241,RGNN,0,0.9993108510971069,-2.883178472518921,-0.12744736671447754,0.5351871252059937,0.04023069143295288,1.0845671892166138,1.1605242490768433,0.5841450095176697
361,St. Louis,Median Home Value,zip,2352,43,241,RGNN,1,0.9777764081954956,-4.336750507354736,-0.18280291557312012,0.5351871252059937,0.22857221961021423,1.1758521795272827,1.1229249238967896,0.5841450095176697
362,St. Louis,Median Home Value,zip,2352,43,241,RGNN,2,0.9954513311386108,-4.882619857788086,-0.3669363260269165,0.5351871252059937,0.08491755276918411,1.2300078868865967,1.2415823936462402,0.5841450095176697
363,St. Louis,Median Home Value,zip,2352,43,241,RGNN,3,0.9998970031738281,-2.568514108657837,-0.027213215827941895,0.5351871252059937,0.011992250569164753,0.9978084564208984,1.0328278541564941,0.5841450095176697
364,St. Louis,Median Home Value,zip,2352,43,241,RGNN,4,0.9998257160186768,-3.576098918914795,0.05664438009262085,0.5351871252059937,0.017072096467018127,0.9327218532562256,0.93458092212677,0.5841450095176697
365,St. Louis,Median Home Value,zip,2352,43,241,RGNN,5,0.9999361038208008,-6.653704643249512,-0.10622942447662354,0.5351871252059937,0.009931228123605251,1.1479352712631226,1.0089821815490723,0.5841450095176697
366,St. Louis,Median Home Value,zip,2352,43,241,RGNN,6,0.9979082345962524,-5.777986526489258,-0.30610501766204834,0.5351871252059937,0.0703306794166565,1.1577972173690796,1.1308391094207764,0.5841450095176697
367,St. Louis,Median Home Value,zip,2352,43,241,RGNN,7,0.999788761138916,-5.94183349609375,-0.2228313684463501,0.5351871252059937,0.018795780837535858,1.1474488973617554,1.1070845127105713,0.5841450095176697
368,St. Louis,Median Home Value,zip,2352,43,241,RGNN,8,0.9997021555900574,-4.175972938537598,-0.03939783573150635,0.5351871252059937,0.02187173254787922,1.1826562881469727,1.0375983715057373,0.5841450095176697
369,St. Louis,Median Home Value,zip,2352,43,241,RGNN,9,0.998469352722168,-2.817758083343506,-0.10096454620361328,0.5351871252059937,0.059573300182819366,1.0135130882263184,1.0925616025924683,0.5841450095176697
370,St. Louis,Median Home Value,zip,2352,43,241,Feat-RGNN,0,0.9999485015869141,0.28010284900665283,-0.29621851444244385,0.5351871252059937,0.009684376418590546,0.563518226146698,1.2812273502349854,0.5841450095176697
371,St. Louis,Median Home Value,zip,2352,43,241,Feat-RGNN,1,0.9962247610092163,0.5865379571914673,-0.21225261688232422,0.5351871252059937,0.0966213047504425,0.45126157999038696,1.188517689704895,0.5841450095176697
372,St. Louis,Median Home Value,zip,2352,43,241,Feat-RGNN,2,0.9770292639732361,0.09789907932281494,-0.10728001594543457,0.5351871252059937,0.22962358593940735,0.5298833847045898,1.1934584379196167,0.5841450095176697
373,St. Louis,Median Home Value,zip,2352,43,241,Feat-RGNN,3,0.999783456325531,-0.03815901279449463,-0.042453765869140625,0.5351871252059937,0.021246671676635742,0.629517674446106,1.1578165292739868,0.5841450095176697
374,St. Louis,Median Home Value,zip,2352,43,241,Feat-RGNN,4,0.9996925592422485,0.26478904485702515,-0.0451127290725708,0.5351871252059937,0.01892455853521824,0.49421876668930054,1.1536601781845093,0.5841450095176697
375,St. Louis,Median Home Value,zip,2352,43,241,Feat-RGNN,5,0.999968945980072,0.0648917555809021,-0.19738364219665527,0.5351871252059937,0.008071310818195343,0.5455590486526489,1.1862341165542603,0.5841450095176697
376,St. Louis,Median Home Value,zip,2352,43,241,Feat-RGNN,6,0.9996905326843262,-0.9370487928390503,-0.04979825019836426,0.5351871252059937,0.025583568960428238,0.7453053593635559,1.1518845558166504,0.5841450095176697
377,St. Louis,Median Home Value,zip,2352,43,241,Feat-RGNN,7,0.9908358454704285,-0.9447907209396362,-0.03206813335418701,0.5351871252059937,0.14736565947532654,0.7361632585525513,1.1619404554367065,0.5841450095176697
378,St. Louis,Median Home Value,zip,2352,43,241,Feat-RGNN,8,0.9999731183052063,0.29078954458236694,-0.27296769618988037,0.5351871252059937,0.007546671200543642,0.5289453268051147,1.2435081005096436,0.5841450095176697
379,St. Louis,Median Home Value,zip,2352,43,241,Feat-RGNN,9,0.9978767037391663,-1.091892957687378,-0.05673527717590332,0.5351871252059937,0.06757930666208267,0.8076608180999756,1.1975984573364258,0.5841450095176697
380,St. Louis,Median Home Value,zip,2352,43,241,Feat\&PC-RGNN,0,0.999929666519165,-1.3279063701629639,-0.012611150741577148,0.5351871252059937,0.011448546312749386,0.8546340465545654,0.9958873987197876,0.5841450095176697
381,St. Louis,Median Home Value,zip,2352,43,241,Feat\&PC-RGNN,1,0.9999873042106628,-0.5898394584655762,0.12028652429580688,0.5351871252059937,0.004545861389487982,0.6846652626991272,0.8885467052459717,0.5841450095176697
382,St. Louis,Median Home Value,zip,2352,43,241,Feat\&PC-RGNN,2,0.9991669058799744,-1.3442108631134033,0.0974663496017456,0.5351871252059937,0.02531496062874794,0.8608803153038025,0.927911639213562,0.5841450095176697
383,St. Louis,Median Home Value,zip,2352,43,241,Feat\&PC-RGNN,3,0.9996218085289001,-1.2937772274017334,0.007264614105224609,0.5351871252059937,0.029022708535194397,0.8769640922546387,0.9945679903030396,0.5841450095176697
384,St. Louis,Median Home Value,zip,2352,43,241,Feat\&PC-RGNN,4,0.9999154210090637,-1.3539996147155762,0.13291192054748535,0.5351871252059937,0.01213771477341652,0.7903603315353394,0.9142836928367615,0.5841450095176697
385,St. Louis,Median Home Value,zip,2352,43,241,Feat\&PC-RGNN,5,0.9999358654022217,-0.40323495864868164,0.11181551218032837,0.5351871252059937,0.011741089634597301,0.6963376998901367,0.904157817363739,0.5841450095176697
386,St. Louis,Median Home Value,zip,2352,43,241,Feat\&PC-RGNN,6,0.9999050498008728,-1.1027510166168213,0.08765941858291626,0.5351871252059937,0.014091191813349724,0.869938850402832,0.9591944813728333,0.5841450095176697
387,St. Louis,Median Home Value,zip,2352,43,241,Feat\&PC-RGNN,7,0.99701988697052,-2.6081840991973877,0.03668278455734253,0.5351871252059937,0.08223665505647659,0.9898803234100342,0.9903382062911987,0.5841450095176697
388,St. Louis,Median Home Value,zip,2352,43,241,Feat\&PC-RGNN,8,0.9999597072601318,-1.7330126762390137,0.1513938307762146,0.5351871252059937,0.008292458020150661,0.852748453617096,0.8824790716171265,0.5841450095176697
389,St. Louis,Median Home Value,zip,2352,43,241,Feat\&PC-RGNN,9,0.9990636706352234,-1.0464091300964355,0.02671867609024048,0.5351871252059937,0.04578065499663353,0.769544780254364,0.9264653921127319,0.5841450095176697
390,St. Louis,Median Home Value,zip,2352,43,241,NoPreTrain,0,0.9999603629112244,-4.965628623962402,-0.14529991149902344,0.5351871252059937,0.007687034085392952,1.0976333618164062,0.9761741161346436,0.5841450095176697
391,St. Louis,Median Home Value,zip,2352,43,241,NoPreTrain,1,0.9999704360961914,-1.6915771961212158,-0.11246025562286377,0.5351871252059937,0.0076296329498291016,0.9209088087081909,1.0876154899597168,0.5841450095176697
392,St. Louis,Median Home Value,zip,2352,43,241,NoPreTrain,2,0.9999699592590332,-0.8263691663742065,0.12439984083175659,0.5351871252059937,0.00716139143332839,0.8859001398086548,1.0098931789398193,0.5841450095176697
393,St. Louis,Median Home Value,zip,2352,43,241,NoPreTrain,3,0.999974250793457,-3.5192079544067383,-0.15434086322784424,0.5351871252059937,0.006543703842908144,1.2422045469284058,1.0827826261520386,0.5841450095176697
394,St. Louis,Median Home Value,zip,2352,43,241,NoPreTrain,4,0.9999681711196899,-0.6578922271728516,-0.16859877109527588,0.5351871252059937,0.006759369280189276,0.8307228684425354,1.0788092613220215,0.5841450095176697
395,St. Louis,Median Home Value,zip,2352,43,241,NoPreTrain,5,0.9999565482139587,-1.7412488460540771,-0.20305418968200684,0.5351871252059937,0.007693007588386536,1.0785046815872192,1.127240777015686,0.5841450095176697
396,St. Louis,Median Home Value,zip,2352,43,241,NoPreTrain,6,0.9999791383743286,-2.6360533237457275,-0.08611845970153809,0.5351871252059937,0.005310282576829195,1.2174185514450073,1.0217735767364502,0.5841450095176697
397,St. Louis,Median Home Value,zip,2352,43,241,NoPreTrain,7,0.999207079410553,0.0009073615074157715,0.18253624439239502,0.5351871252059937,0.04232139512896538,0.6540469527244568,0.8168531060218811,0.5841450095176697
398,St. Louis,Median Home Value,zip,2352,43,241,NoPreTrain,8,0.9999733567237854,-2.7028074264526367,-0.14394235610961914,0.5351871252059937,0.00620937068015337,1.2093654870986938,1.0897204875946045,0.5841450095176697
399,St. Louis,Median Home Value,zip,2352,43,241,NoPreTrain,9,0.9996938109397888,-2.9679787158966064,-0.32257723808288574,0.5351871252059937,0.023138150572776794,1.178606629371643,1.1344660520553589,0.5841450095176697
400,St. Louis,Median Age,zip,2462,43,254,Emb,0,0.9996117949485779,-4.43688440322876,0.06731033325195312,0.2406221628189087,0.020609335973858833,0.8642368912696838,2.002835988998413,1.7313871383666992
401,St. Louis,Median Age,zip,2462,43,254,Emb,1,0.9999642372131348,-2.705747365951538,0.08630537986755371,0.2406221628189087,0.006846186704933643,0.731217086315155,1.9831628799438477,1.7313871383666992
402,St. Louis,Median Age,zip,2462,43,254,Emb,2,0.9994540214538574,-3.2155675888061523,0.0849452018737793,0.2406221628189087,0.016083471477031708,0.7298558950424194,1.9843330383300781,1.7313871383666992
403,St. Louis,Median Age,zip,2462,43,254,Emb,3,0.9999883770942688,-4.107773303985596,0.0855555534362793,0.2406221628189087,0.0037525498773902655,0.8186212182044983,1.9859553575515747,1.7313871383666992
404,St. Louis,Median Age,zip,2462,43,254,Emb,4,0.9999964833259583,-3.296168804168701,0.07913309335708618,0.2406221628189087,0.0022729113698005676,0.7644497156143188,1.9940649271011353,1.7313871383666992
405,St. Louis,Median Age,zip,2462,43,254,Emb,5,0.9999936819076538,-2.982957601547241,0.06268960237503052,0.2406221628189087,0.0029393737204372883,0.7474959492683411,1.9943431615829468,1.7313871383666992
406,St. Louis,Median Age,zip,2462,43,254,Emb,6,0.999946117401123,-3.6706624031066895,0.09816044569015503,0.2406221628189087,0.009210478514432907,0.7789981365203857,1.9847054481506348,1.7313871383666992
407,St. Louis,Median Age,zip,2462,43,254,Emb,7,0.999793529510498,-2.814877986907959,0.07949715852737427,0.2406221628189087,0.010274224914610386,0.6759517788887024,1.9919770956039429,1.7313871383666992
408,St. Louis,Median Age,zip,2462,43,254,Emb,8,0.9999715089797974,-3.155834197998047,0.10121458768844604,0.2406221628189087,0.006889853160828352,0.7548605799674988,1.962471842765808,1.7313871383666992
409,St. Louis,Median Age,zip,2462,43,254,Emb,9,0.9997155070304871,-3.4542274475097656,0.09637904167175293,0.2406221628189087,0.012725971639156342,0.8003994226455688,1.9659384489059448,1.7313871383666992
410,St. Louis,Median Age,zip,2462,43,254,LightGCN,0,0.9988635182380676,-6.650688648223877,0.14163821935653687,0.2406221628189087,0.0487072691321373,0.9804314374923706,1.934173822402954,1.7313871383666992
411,St. Louis,Median Age,zip,2462,43,254,LightGCN,1,0.9997507929801941,-6.864715099334717,0.1419680118560791,0.2406221628189087,0.020967157557606697,0.9765735268592834,1.9313461780548096,1.7313871383666992
412,St. Louis,Median Age,zip,2462,43,254,LightGCN,2,0.9997109174728394,-6.949764251708984,0.14140814542770386,0.2406221628189087,0.01923566311597824,0.9581254124641418,1.9370462894439697,1.7313871383666992
413,St. Louis,Median Age,zip,2462,43,254,LightGCN,3,0.9991358518600464,-5.362924575805664,0.1619091033935547,0.2406221628189087,0.04490223526954651,0.8755033612251282,1.9240643978118896,1.7313871383666992
414,St. Louis,Median Age,zip,2462,43,254,LightGCN,4,0.9999284744262695,-5.913872241973877,0.1450366973876953,0.2406221628189087,0.011342121288180351,0.968297004699707,1.9485470056533813,1.7313871383666992
415,St. Louis,Median Age,zip,2462,43,254,LightGCN,5,0.9992344379425049,-7.755393981933594,0.1059412956237793,0.2406221628189087,0.030634121969342232,1.0895079374313354,2.001323699951172,1.7313871383666992
416,St. Louis,Median Age,zip,2462,43,254,LightGCN,6,0.9952765703201294,-5.197389125823975,0.14486640691757202,0.2406221628189087,0.10500767827033997,0.9334645867347717,1.9501830339431763,1.7313871383666992
417,St. Louis,Median Age,zip,2462,43,254,LightGCN,7,0.9982683658599854,-3.7362256050109863,0.15878456830978394,0.2406221628189087,0.060932762920856476,0.7822996973991394,1.9142602682113647,1.7313871383666992
418,St. Louis,Median Age,zip,2462,43,254,LightGCN,8,0.9952617883682251,-6.637800216674805,0.15239572525024414,0.2406221628189087,0.10290270298719406,1.0227495431900024,1.930838942527771,1.7313871383666992
419,St. Louis,Median Age,zip,2462,43,254,LightGCN,9,0.9988370537757874,-4.744817733764648,0.1436583399772644,0.2406221628189087,0.044094737619161606,0.8817349076271057,1.9392132759094238,1.7313871383666992
420,St. Louis,Median Age,zip,2462,43,254,Feat-LightGCN,0,0.9999492764472961,-9.043770790100098,0.14511877298355103,0.2406221628189087,0.008974314667284489,1.0441516637802124,1.885539174079895,1.7313871383666992
421,St. Louis,Median Age,zip,2462,43,254,Feat-LightGCN,1,0.9999768137931824,-11.313773155212402,0.14271968603134155,0.2406221628189087,0.006029624491930008,1.1793233156204224,1.8906168937683105,1.7313871383666992
422,St. Louis,Median Age,zip,2462,43,254,Feat-LightGCN,2,0.9999524354934692,-9.420218467712402,0.12754029035568237,0.2406221628189087,0.008150018751621246,1.0513249635696411,1.9094581604003906,1.7313871383666992
423,St. Louis,Median Age,zip,2462,43,254,Feat-LightGCN,3,0.999902606010437,-10.510035514831543,0.1573852300643921,0.2406221628189087,0.010808305814862251,1.1908190250396729,1.8808399438858032,1.7313871383666992
424,St. Louis,Median Age,zip,2462,43,254,Feat-LightGCN,4,0.9999862313270569,-10.780789375305176,0.14615893363952637,0.2406221628189087,0.004813347011804581,1.2107356786727905,1.895652174949646,1.7313871383666992
425,St. Louis,Median Age,zip,2462,43,254,Feat-LightGCN,5,0.9999470114707947,-11.139363288879395,0.1459418535232544,0.2406221628189087,0.008561604656279087,1.1868319511413574,1.9003124237060547,1.7313871383666992
426,St. Louis,Median Age,zip,2462,43,254,Feat-LightGCN,6,0.9999877214431763,-11.085649490356445,0.14961355924606323,0.2406221628189087,0.004646988585591316,1.1498932838439941,1.8744380474090576,1.7313871383666992
427,St. Louis,Median Age,zip,2462,43,254,Feat-LightGCN,7,0.9999257922172546,-8.620651245117188,0.15441769361495972,0.2406221628189087,0.01094138529151678,1.0721508264541626,1.8883763551712036,1.7313871383666992
428,St. Louis,Median Age,zip,2462,43,254,Feat-LightGCN,8,0.999955415725708,-10.103341102600098,0.15453457832336426,0.2406221628189087,0.0087742879986763,1.1455739736557007,1.8731493949890137,1.7313871383666992
429,St. Louis,Median Age,zip,2462,43,254,Feat-LightGCN,9,0.9999496340751648,-10.967354774475098,0.09764701128005981,0.2406221628189087,0.0086355684325099,1.1653039455413818,1.9592258930206299,1.7313871383666992
430,St. Louis,Median Age,zip,2462,43,254,Feat\&PC-LightGCN,0,0.9999935626983643,-5.32345724105835,0.200677752494812,0.2406221628189087,0.003370540449395776,0.9631560444831848,1.8262447118759155,1.7313871383666992
431,St. Louis,Median Age,zip,2462,43,254,Feat\&PC-LightGCN,1,0.9999967217445374,-5.915459632873535,0.20168811082839966,0.2406221628189087,0.0023507769219577312,0.9300129413604736,1.8153520822525024,1.7313871383666992
432,St. Louis,Median Age,zip,2462,43,254,Feat\&PC-LightGCN,2,0.9999974370002747,-4.621030807495117,0.19560474157333374,0.2406221628189087,0.0019730646163225174,0.8889796733856201,1.8246585130691528,1.7313871383666992
433,St. Louis,Median Age,zip,2462,43,254,Feat\&PC-LightGCN,3,0.9999963641166687,-4.848911762237549,0.2182663083076477,0.2406221628189087,0.0024350264575332403,0.7952552437782288,1.785723328590393,1.7313871383666992
434,St. Louis,Median Age,zip,2462,43,254,Feat\&PC-LightGCN,4,0.9999937415122986,-4.380275249481201,0.20361149311065674,0.2406221628189087,0.0032753830309957266,0.8397877216339111,1.8049976825714111,1.7313871383666992
435,St. Louis,Median Age,zip,2462,43,254,Feat\&PC-LightGCN,5,0.9999969005584717,-3.825183868408203,0.21707475185394287,0.2406221628189087,0.002487391699105501,0.7485182285308838,1.7791444063186646,1.7313871383666992
436,St. Louis,Median Age,zip,2462,43,254,Feat\&PC-LightGCN,6,0.9999978542327881,-3.699106216430664,0.21462929248809814,0.2406221628189087,0.0019374025287106633,0.7516509890556335,1.79254949092865,1.7313871383666992
437,St. Louis,Median Age,zip,2462,43,254,Feat\&PC-LightGCN,7,0.9999971389770508,-4.650043487548828,0.2052595019340515,0.2406221628189087,0.002255222760140896,0.8422694802284241,1.813347339630127,1.7313871383666992
438,St. Louis,Median Age,zip,2462,43,254,Feat\&PC-LightGCN,8,0.9999955296516418,-4.9900712966918945,0.20696306228637695,0.2406221628189087,0.0025426209904253483,0.8462634682655334,1.8037559986114502,1.7313871383666992
439,St. Louis,Median Age,zip,2462,43,254,Feat\&PC-LightGCN,9,0.9999933242797852,-5.205069065093994,0.20427197217941284,0.2406221628189087,0.0029284870252013206,0.9052804112434387,1.8165180683135986,1.7313871383666992
440,St. Louis,Median Age,zip,2462,43,254,RGNN,0,0.9972918033599854,-10.420684814453125,0.07861912250518799,0.2406221628189087,0.07155505567789078,1.1903541088104248,2.031857967376709,1.7313871383666992
441,St. Louis,Median Age,zip,2462,43,254,RGNN,1,0.9967213273048401,-10.13237476348877,0.08220356702804565,0.2406221628189087,0.07770995050668716,1.1517753601074219,2.028496742248535,1.7313871383666992
442,St. Louis,Median Age,zip,2462,43,254,RGNN,2,0.9981768131256104,-9.575754165649414,0.10726559162139893,0.2406221628189087,0.06446724385023117,1.2422760725021362,1.9956730604171753,1.7313871383666992
443,St. Louis,Median Age,zip,2462,43,254,RGNN,3,0.9999557137489319,-9.314713478088379,0.12372750043869019,0.2406221628189087,0.00812776479870081,1.2285476922988892,1.9693317413330078,1.7313871383666992
444,St. Louis,Median Age,zip,2462,43,254,RGNN,4,0.9960741400718689,-9.379984855651855,0.09103536605834961,0.2406221628189087,0.08221179246902466,1.2360800504684448,2.00058650970459,1.7313871383666992
445,St. Louis,Median Age,zip,2462,43,254,RGNN,5,0.9977143406867981,-9.281991004943848,0.09376728534698486,0.2406221628189087,0.04419317841529846,1.2252473831176758,2.001408100128174,1.7313871383666992
446,St. Louis,Median Age,zip,2462,43,254,RGNN,6,0.981640100479126,-12.20114517211914,0.08818137645721436,0.2406221628189087,0.18470443785190582,1.34881591796875,2.0340325832366943,1.7313871383666992
447,St. Louis,Median Age,zip,2462,43,254,RGNN,7,0.9999066591262817,-9.029139518737793,0.11540442705154419,0.2406221628189087,0.01162175927311182,1.2281508445739746,1.97321617603302,1.7313871383666992
448,St. Louis,Median Age,zip,2462,43,254,RGNN,8,0.99725741147995,-9.053366661071777,0.09066551923751831,0.2406221628189087,0.062189970165491104,1.1253420114517212,2.021665573120117,1.7313871383666992
449,St. Louis,Median Age,zip,2462,43,254,RGNN,9,0.9995584487915039,-10.968767166137695,0.14242321252822876,0.2406221628189087,0.025179468095302582,1.3221979141235352,1.9572093486785889,1.7313871383666992
450,St. Louis,Median Age,zip,2462,43,254,Feat-RGNN,0,0.9929799437522888,-8.306239128112793,0.10710442066192627,0.2406221628189087,0.08136282116174698,1.1655125617980957,1.9819920063018799,1.7313871383666992
451,St. Louis,Median Age,zip,2462,43,254,Feat-RGNN,1,0.9971364736557007,-6.133772850036621,0.08690232038497925,0.2406221628189087,0.05394064262509346,0.9976377487182617,1.9939929246902466,1.7313871383666992
452,St. Louis,Median Age,zip,2462,43,254,Feat-RGNN,2,0.9392770528793335,-7.528406143188477,0.04538726806640625,0.2406221628189087,0.3801133334636688,0.9692140221595764,2.0288236141204834,1.7313871383666992
453,St. Louis,Median Age,zip,2462,43,254,Feat-RGNN,3,0.9958341717720032,-6.0968708992004395,0.09943503141403198,0.2406221628189087,0.0920274406671524,1.0673853158950806,1.9866299629211426,1.7313871383666992
454,St. Louis,Median Age,zip,2462,43,254,Feat-RGNN,4,0.9955974817276001,-6.382890701293945,0.08198386430740356,0.2406221628189087,0.06953630596399307,1.0122302770614624,2.004301071166992,1.7313871383666992
455,St. Louis,Median Age,zip,2462,43,254,Feat-RGNN,5,0.9869577884674072,-7.708588600158691,0.08667999505996704,0.2406221628189087,0.1401401162147522,1.0189443826675415,2.016355037689209,1.7313871383666992
456,St. Louis,Median Age,zip,2462,43,254,Feat-RGNN,6,0.988675594329834,-6.30720853805542,0.08371520042419434,0.2406221628189087,0.14874643087387085,1.0383169651031494,2.017510175704956,1.7313871383666992
457,St. Louis,Median Age,zip,2462,43,254,Feat-RGNN,7,0.9957311749458313,-6.171782970428467,0.08869004249572754,0.2406221628189087,0.09526902437210083,1.0360692739486694,2.0111989974975586,1.7313871383666992
458,St. Louis,Median Age,zip,2462,43,254,Feat-RGNN,8,0.9736547470092773,-8.223945617675781,-0.048038482666015625,0.2406221628189087,0.2548353672027588,1.1251473426818848,2.166548013687134,1.7313871383666992
459,St. Louis,Median Age,zip,2462,43,254,Feat-RGNN,9,0.9943550825119019,-6.554154872894287,0.07895499467849731,0.2406221628189087,0.08132918179035187,0.9968493580818176,1.991160273551941,1.7313871383666992
460,St. Louis,Median Age,zip,2462,43,254,Feat\&PC-RGNN,0,0.9995843768119812,-3.078322410583496,0.09052270650863647,0.2406221628189087,0.025745844468474388,0.7262992858886719,1.9829461574554443,1.7313871383666992
461,St. Louis,Median Age,zip,2462,43,254,Feat\&PC-RGNN,1,0.9787350296974182,-4.991507530212402,0.07736212015151978,0.2406221628189087,0.2266862690448761,0.845093309879303,2.017359972000122,1.7313871383666992
462,St. Louis,Median Age,zip,2462,43,254,Feat\&PC-RGNN,2,0.9999384880065918,-3.646027088165283,0.12204223871231079,0.2406221628189087,0.011126894503831863,0.8242071866989136,1.9267691373825073,1.7313871383666992
463,St. Louis,Median Age,zip,2462,43,254,Feat\&PC-RGNN,3,0.9999381303787231,-3.429093360900879,0.09358245134353638,0.2406221628189087,0.009683591313660145,0.6837472915649414,1.9735276699066162,1.7313871383666992
464,St. Louis,Median Age,zip,2462,43,254,Feat\&PC-RGNN,4,0.9998869895935059,-3.366624355316162,0.09937995672225952,0.2406221628189087,0.01384851336479187,0.747212827205658,1.9873498678207397,1.7313871383666992
465,St. Louis,Median Age,zip,2462,43,254,Feat\&PC-RGNN,5,0.9995773434638977,-5.474304676055908,0.0950232744216919,0.2406221628189087,0.030228877440094948,0.8819239139556885,1.979079246520996,1.7313871383666992
466,St. Louis,Median Age,zip,2462,43,254,Feat\&PC-RGNN,6,0.9938187003135681,-4.505465984344482,0.0831795334815979,0.2406221628189087,0.06918572634458542,0.8405765295028687,1.9884132146835327,1.7313871383666992
467,St. Louis,Median Age,zip,2462,43,254,Feat\&PC-RGNN,7,0.9949815273284912,-4.094790458679199,0.11086130142211914,0.2406221628189087,0.10026424378156662,0.724676787853241,1.9450135231018066,1.7313871383666992
468,St. Louis,Median Age,zip,2462,43,254,Feat\&PC-RGNN,8,0.9998779296875,-3.3625917434692383,0.1161462664604187,0.2406221628189087,0.014551348984241486,0.6738324761390686,1.943326473236084,1.7313871383666992
469,St. Louis,Median Age,zip,2462,43,254,Feat\&PC-RGNN,9,0.9999701976776123,-4.052974700927734,0.13876384496688843,0.2406221628189087,0.007413115352392197,0.7692463397979736,1.9305698871612549,1.7313871383666992
470,St. Louis,Median Age,zip,2462,43,254,NoPreTrain,0,0.9999459981918335,-6.573027610778809,0.1327732801437378,0.2406221628189087,0.007798328995704651,0.9529406428337097,1.9347522258758545,1.7313871383666992
471,St. Louis,Median Age,zip,2462,43,254,NoPreTrain,1,0.9999505281448364,-2.642019271850586,0.07484334707260132,0.2406221628189087,0.006846326868981123,0.6317982077598572,2.0153918266296387,1.7313871383666992
472,St. Louis,Median Age,zip,2462,43,254,NoPreTrain,2,0.9996639490127563,-1.642087697982788,0.14539873600006104,0.2406221628189087,0.026717087253928185,0.542823076248169,1.9656461477279663,1.7313871383666992
473,St. Louis,Median Age,zip,2462,43,254,NoPreTrain,3,0.9999710917472839,-0.25387275218963623,0.012084007263183594,0.2406221628189087,0.005939005874097347,0.3738854229450226,2.0429959297180176,1.7313871383666992
474,St. Louis,Median Age,zip,2462,43,254,NoPreTrain,4,0.9999186396598816,-6.027360439300537,0.1239507794380188,0.2406221628189087,0.008960125967860222,0.8440530300140381,1.9099746942520142,1.7313871383666992
475,St. Louis,Median Age,zip,2462,43,254,NoPreTrain,5,0.9999318718910217,-2.097132682800293,0.09789526462554932,0.2406221628189087,0.00912204198539257,0.6012341976165771,1.9578664302825928,1.7313871383666992
476,St. Louis,Median Age,zip,2462,43,254,NoPreTrain,6,0.9999260306358337,-4.378634929656982,0.11322140693664551,0.2406221628189087,0.007121145259588957,0.8804788589477539,1.937056541442871,1.7313871383666992
477,St. Louis,Median Age,zip,2462,43,254,NoPreTrain,7,0.9998391270637512,-5.429260730743408,0.11266058683395386,0.2406221628189087,0.01900111883878708,0.8892773389816284,2.013016700744629,1.7313871383666992
478,St. Louis,Median Age,zip,2462,43,254,NoPreTrain,8,0.9999555945396423,-1.4965708255767822,0.09879195690155029,0.2406221628189087,0.007110532373189926,0.5428264737129211,1.9796195030212402,1.7313871383666992
479,St. Louis,Median Age,zip,2462,43,254,NoPreTrain,9,0.999918520450592,-5.111137390136719,0.15086668729782104,0.2406221628189087,0.009462902322411537,0.825184166431427,1.963315486907959,1.7313871383666992
480,Indianapolis,Median Income,zip,2493,31,239,Emb,0,0.9999706745147705,-0.4403223991394043,0.12053424119949341,0.42349565029144287,0.0071435123682022095,0.7264748811721802,1.3711704015731812,0.9592537879943848
481,Indianapolis,Median Income,zip,2493,31,239,Emb,1,0.9999889135360718,-0.7194041013717651,0.1455211043357849,0.42349565029144287,0.004548926372081041,0.8152431845664978,1.3493735790252686,0.9592537879943848
482,Indianapolis,Median Income,zip,2493,31,239,Emb,2,0.9999879598617554,-1.3363962173461914,0.09938317537307739,0.42349565029144287,0.0047239940613508224,0.9131102561950684,1.3861913681030273,0.9592537879943848
483,Indianapolis,Median Income,zip,2493,31,239,Emb,3,0.9999253153800964,-0.7011269330978394,0.16194182634353638,0.42349565029144287,0.012287686578929424,0.7198683023452759,1.3459450006484985,0.9592537879943848
484,Indianapolis,Median Income,zip,2493,31,239,Emb,4,0.9999917149543762,-0.5088069438934326,0.13745492696762085,0.42349565029144287,0.004065895453095436,0.7709698677062988,1.3302973508834839,0.9592537879943848
485,Indianapolis,Median Income,zip,2493,31,239,Emb,5,0.9999922513961792,-0.2996852397918701,0.178402841091156,0.42349565029144287,0.00402751425281167,0.6506519317626953,1.3034394979476929,0.9592537879943848
486,Indianapolis,Median Income,zip,2493,31,239,Emb,6,0.9999606609344482,-0.08223867416381836,0.12201112508773804,0.42349565029144287,0.008892886340618134,0.5942274928092957,1.366271734237671,0.9592537879943848
487,Indianapolis,Median Income,zip,2493,31,239,Emb,7,0.9999939203262329,-1.127535343170166,0.12855678796768188,0.42349565029144287,0.0036873873323202133,0.8674250245094299,1.3768595457077026,0.9592537879943848
488,Indianapolis,Median Income,zip,2493,31,239,Emb,8,0.9999823570251465,-0.6853158473968506,0.08596420288085938,0.42349565029144287,0.006055569741874933,0.733372151851654,1.3979026079177856,0.9592537879943848
489,Indianapolis,Median Income,zip,2493,31,239,Emb,9,0.9999864101409912,-1.0062685012817383,0.15906476974487305,0.42349565029144287,0.005077080801129341,0.8629766702651978,1.3477908372879028,0.9592537879943848
490,Indianapolis,Median Income,zip,2493,31,239,LightGCN,0,0.9970155358314514,0.05001324415206909,0.08345723152160645,0.42349565029144287,0.08604691177606583,0.6024843454360962,1.3856045007705688,0.9592537879943848
491,Indianapolis,Median Income,zip,2493,31,239,LightGCN,1,0.9984050393104553,-0.19523465633392334,-0.25330114364624023,0.42349565029144287,0.06061622500419617,0.5921964645385742,1.4773671627044678,0.9592537879943848
492,Indianapolis,Median Income,zip,2493,31,239,LightGCN,2,0.9982680678367615,0.43055063486099243,0.07056748867034912,0.42349565029144287,0.0675869807600975,0.4657305181026459,1.3762973546981812,0.9592537879943848
493,Indianapolis,Median Income,zip,2493,31,239,LightGCN,3,0.9996728897094727,-0.30373990535736084,-0.20763981342315674,0.42349565029144287,0.020876551046967506,0.5771965980529785,1.5193121433258057,0.9592537879943848
494,Indianapolis,Median Income,zip,2493,31,239,LightGCN,4,0.999817430973053,-0.7229388952255249,-0.1829010248184204,0.42349565029144287,0.014465726912021637,0.6809976696968079,1.397637963294983,0.9592537879943848
495,Indianapolis,Median Income,zip,2493,31,239,LightGCN,5,0.9990540742874146,-0.5700210332870483,-0.13919246196746826,0.42349565029144287,0.04387661814689636,0.5943517684936523,1.4872314929962158,0.9592537879943848
496,Indianapolis,Median Income,zip,2493,31,239,LightGCN,6,0.9999952912330627,0.3290695548057556,0.09996676445007324,0.42349565029144287,0.002957199467346072,0.5121134519577026,1.344251275062561,0.9592537879943848
497,Indianapolis,Median Income,zip,2493,31,239,LightGCN,7,0.9966277480125427,0.4267578721046448,0.08545947074890137,0.42349565029144287,0.07023272663354874,0.43132004141807556,1.3349461555480957,0.9592537879943848
498,Indianapolis,Median Income,zip,2493,31,239,LightGCN,8,0.9993295669555664,0.5471775531768799,-8.499622344970703e-05,0.42349565029144287,0.038148295134305954,0.41425755620002747,1.386069893836975,0.9592537879943848
499,Indianapolis,Median Income,zip,2493,31,239,LightGCN,9,0.9985357522964478,0.5309927463531494,0.14800220727920532,0.42349565029144287,0.05436723306775093,0.4128306806087494,1.2962934970855713,0.9592537879943848
500,Indianapolis,Median Income,zip,2493,31,239,Feat-LightGCN,0,0.9999938607215881,-1.2590961456298828,0.1061791181564331,0.42349565029144287,0.003301946446299553,0.7538150548934937,1.3724617958068848,0.9592537879943848
501,Indianapolis,Median Income,zip,2493,31,239,Feat-LightGCN,1,0.9999831914901733,-0.5312923192977905,0.1401907205581665,0.42349565029144287,0.0059372540563344955,0.7564736604690552,1.3184791803359985,0.9592537879943848
502,Indianapolis,Median Income,zip,2493,31,239,Feat-LightGCN,2,0.9999901056289673,-1.123213768005371,0.08667206764221191,0.42349565029144287,0.004391088616102934,0.753970742225647,1.3627835512161255,0.9592537879943848
503,Indianapolis,Median Income,zip,2493,31,239,Feat-LightGCN,3,0.9999765157699585,-1.5018835067749023,0.09758812189102173,0.42349565029144287,0.006014855578541756,0.7987812757492065,1.3730809688568115,0.9592537879943848
504,Indianapolis,Median Income,zip,2493,31,239,Feat-LightGCN,4,0.9999549388885498,-0.7378274202346802,0.11935120820999146,0.42349565029144287,0.009892967529594898,0.7477129697799683,1.3341941833496094,0.9592537879943848
505,Indianapolis,Median Income,zip,2493,31,239,Feat-LightGCN,5,0.9999858736991882,-0.6656398773193359,0.07173216342926025,0.42349565029144287,0.0046523860655725,0.7337259650230408,1.3556947708129883,0.9592537879943848
506,Indianapolis,Median Income,zip,2493,31,239,Feat-LightGCN,6,0.9999821186065674,-1.119481086730957,0.08730202913284302,0.42349565029144287,0.005265798419713974,0.8082581162452698,1.334716558456421,0.9592537879943848
507,Indianapolis,Median Income,zip,2493,31,239,Feat-LightGCN,7,0.9999902248382568,-1.1796963214874268,-0.017343997955322266,0.42349565029144287,0.004599573090672493,0.700980544090271,1.4808820486068726,0.9592537879943848
508,Indianapolis,Median Income,zip,2493,31,239,Feat-LightGCN,8,0.9999630451202393,-1.3600292205810547,0.038784921169281006,0.42349565029144287,0.008594565093517303,0.8264907598495483,1.4150663614273071,0.9592537879943848
509,Indianapolis,Median Income,zip,2493,31,239,Feat-LightGCN,9,0.9999797940254211,-1.9905486106872559,-0.0702512264251709,0.42349565029144287,0.006601323839277029,0.9261907339096069,1.5797944068908691,0.9592537879943848
510,Indianapolis,Median Income,zip,2493,31,239,Feat\&PC-LightGCN,0,0.9999977350234985,0.5955668687820435,0.3542303442955017,0.42349565029144287,0.001485655433498323,0.3967774212360382,1.0300264358520508,0.9592537879943848
511,Indianapolis,Median Income,zip,2493,31,239,Feat\&PC-LightGCN,1,0.9999957084655762,0.23175764083862305,0.3280702233314514,0.42349565029144287,0.0027148171793669462,0.5681918263435364,1.0568726062774658,0.9592537879943848
512,Indianapolis,Median Income,zip,2493,31,239,Feat\&PC-LightGCN,2,0.9999887943267822,0.5180853605270386,0.35163241624832153,0.42349565029144287,0.0032272033859044313,0.4229305684566498,1.032409906387329,0.9592537879943848
513,Indianapolis,Median Income,zip,2493,31,239,Feat\&PC-LightGCN,3,0.9999996423721313,0.5664793252944946,0.35215604305267334,0.42349565029144287,0.0008554700762033463,0.3502146601676941,1.0269572734832764,0.9592537879943848
514,Indianapolis,Median Income,zip,2493,31,239,Feat\&PC-LightGCN,4,0.9999956488609314,0.5654880404472351,0.34768450260162354,0.42349565029144287,0.0028554939199239016,0.44670194387435913,1.0356240272521973,0.9592537879943848
515,Indianapolis,Median Income,zip,2493,31,239,Feat\&PC-LightGCN,5,0.9999991059303284,0.5052749514579773,0.3354111909866333,0.42349565029144287,0.0013609890593215823,0.4556688368320465,1.0380758047103882,0.9592537879943848
516,Indianapolis,Median Income,zip,2493,31,239,Feat\&PC-LightGCN,6,0.9999992251396179,0.48560935258865356,0.3553772568702698,0.42349565029144287,0.0011081225238740444,0.41785144805908203,1.031140685081482,0.9592537879943848
517,Indianapolis,Median Income,zip,2493,31,239,Feat\&PC-LightGCN,7,0.9999986886978149,0.48520803451538086,0.3699568510055542,0.42349565029144287,0.0011923621641471982,0.398712694644928,1.0283045768737793,0.9592537879943848
518,Indianapolis,Median Income,zip,2493,31,239,Feat\&PC-LightGCN,8,0.9999985098838806,0.49942201375961304,0.33753883838653564,0.42349565029144287,0.001713890116661787,0.4383666515350342,1.0437524318695068,0.9592537879943848
519,Indianapolis,Median Income,zip,2493,31,239,Feat\&PC-LightGCN,9,0.9998590350151062,0.5380872488021851,0.33789747953414917,0.42349565029144287,0.01685221679508686,0.4508155882358551,1.0427000522613525,0.9592537879943848
520,Indianapolis,Median Income,zip,2493,31,239,RGNN,0,0.9969258904457092,-2.972454786300659,-0.02809000015258789,0.42349565029144287,0.08744817227125168,0.9268540740013123,1.4275996685028076,0.9592537879943848
521,Indianapolis,Median Income,zip,2493,31,239,RGNN,1,0.9978342056274414,-4.45947265625,-0.1351984739303589,0.42349565029144287,0.05915878340601921,1.1895074844360352,1.3787037134170532,0.9592537879943848
522,Indianapolis,Median Income,zip,2493,31,239,RGNN,2,0.9953813552856445,-3.94981050491333,-0.13668882846832275,0.42349565029144287,0.10086414963006973,1.0829118490219116,1.5275845527648926,0.9592537879943848
523,Indianapolis,Median Income,zip,2493,31,239,RGNN,3,0.999244213104248,-3.2705135345458984,-0.08346116542816162,0.42349565029144287,0.03252227231860161,0.9622372984886169,1.425468921661377,0.9592537879943848
524,Indianapolis,Median Income,zip,2493,31,239,RGNN,4,0.9972696900367737,-3.7373929023742676,-0.1021127700805664,0.42349565029144287,0.06258605420589447,1.202775001525879,1.4871435165405273,0.9592537879943848
525,Indianapolis,Median Income,zip,2493,31,239,RGNN,5,0.9986881613731384,-1.6562294960021973,-0.19455111026763916,0.42349565029144287,0.04176763817667961,0.8575956225395203,1.4054532051086426,0.9592537879943848
526,Indianapolis,Median Income,zip,2493,31,239,RGNN,6,0.9997684359550476,-3.4150543212890625,-0.03417372703552246,0.42349565029144287,0.018705280497670174,1.0204991102218628,1.4242826700210571,0.9592537879943848
527,Indianapolis,Median Income,zip,2493,31,239,RGNN,7,0.9996417164802551,-3.1448583602905273,-0.4323827028274536,0.42349565029144287,0.017198823392391205,1.1459189653396606,1.5097614526748657,0.9592537879943848
528,Indianapolis,Median Income,zip,2493,31,239,RGNN,8,0.9863134622573853,-2.0431103706359863,-0.08160543441772461,0.42349565029144287,0.1910889595746994,0.8761676549911499,1.4290207624435425,0.9592537879943848
529,Indianapolis,Median Income,zip,2493,31,239,RGNN,9,0.9997333288192749,-2.685150146484375,-0.3908039331436157,0.42349565029144287,0.0264084804803133,0.9042600393295288,1.4317588806152344,0.9592537879943848
530,Indianapolis,Median Income,zip,2493,31,239,Feat-RGNN,0,0.9951510429382324,-1.224066972732544,-0.48290371894836426,0.42349565029144287,0.10407146066427231,0.7949824929237366,1.748529076576233,0.9592537879943848
531,Indianapolis,Median Income,zip,2493,31,239,Feat-RGNN,1,0.999443531036377,-0.16173458099365234,-0.28383874893188477,0.42349565029144287,0.03787637874484062,0.6348708868026733,1.444825291633606,0.9592537879943848
532,Indianapolis,Median Income,zip,2493,31,239,Feat-RGNN,2,0.9999822974205017,0.2109607458114624,-0.4207606315612793,0.42349565029144287,0.006001370493322611,0.45772624015808105,1.49303138256073,0.9592537879943848
533,Indianapolis,Median Income,zip,2493,31,239,Feat-RGNN,3,0.9981865286827087,-0.8126558065414429,-0.9939453601837158,0.42349565029144287,0.06921833753585815,0.7508459687232971,1.8082518577575684,0.9592537879943848
534,Indianapolis,Median Income,zip,2493,31,239,Feat-RGNN,4,0.9976053833961487,-0.6042976379394531,-0.631128191947937,0.42349565029144287,0.07768041640520096,0.6225333213806152,1.63039231300354,0.9592537879943848
535,Indianapolis,Median Income,zip,2493,31,239,Feat-RGNN,5,0.9995405077934265,-0.7263475656509399,-0.42047441005706787,0.42349565029144287,0.028385361656546593,0.6505616307258606,1.577277660369873,0.9592537879943848
536,Indianapolis,Median Income,zip,2493,31,239,Feat-RGNN,6,0.9997506737709045,0.25392717123031616,-0.059973716735839844,0.42349565029144287,0.017797647044062614,0.48298054933547974,1.4446216821670532,0.9592537879943848
537,Indianapolis,Median Income,zip,2493,31,239,Feat-RGNN,7,0.9965890645980835,0.7109332084655762,-0.32910990715026855,0.42349565029144287,0.09286793321371078,0.2999383807182312,1.504178524017334,0.9592537879943848
538,Indianapolis,Median Income,zip,2493,31,239,Feat-RGNN,8,0.998132050037384,-0.5428197383880615,-0.25753772258758545,0.42349565029144287,0.06192988157272339,0.7217559218406677,1.5862905979156494,0.9592537879943848
539,Indianapolis,Median Income,zip,2493,31,239,Feat-RGNN,9,0.9974763989448547,-1.8714697360992432,-0.4198939800262451,0.42349565029144287,0.07617446035146713,0.8635367751121521,1.6122148036956787,0.9592537879943848
540,Indianapolis,Median Income,zip,2493,31,239,Feat\&PC-RGNN,0,0.9998980760574341,-0.15850722789764404,0.016643047332763672,0.42349565029144287,0.01574655994772911,0.4712415337562561,1.3204345703125,0.9592537879943848
541,Indianapolis,Median Income,zip,2493,31,239,Feat\&PC-RGNN,1,0.9958560466766357,-1.8683321475982666,-0.16558897495269775,0.42349565029144287,0.09649919718503952,1.1226541996002197,1.533419132232666,0.9592537879943848
542,Indianapolis,Median Income,zip,2493,31,239,Feat\&PC-RGNN,2,0.9938919544219971,0.10386687517166138,-0.15177106857299805,0.42349565029144287,0.13203014433383942,0.608104407787323,1.4380536079406738,0.9592537879943848
543,Indianapolis,Median Income,zip,2493,31,239,Feat\&PC-RGNN,3,0.9997684955596924,-1.4355239868164062,-0.03126120567321777,0.42349565029144287,0.020313693210482597,0.921630322933197,1.3949588537216187,0.9592537879943848
544,Indianapolis,Median Income,zip,2493,31,239,Feat\&PC-RGNN,4,0.9993720054626465,-0.5910717248916626,-0.06894302368164062,0.42349565029144287,0.04017344489693642,0.8212685585021973,1.4005682468414307,0.9592537879943848
545,Indianapolis,Median Income,zip,2493,31,239,Feat\&PC-RGNN,5,0.9989036321640015,-0.8349031209945679,-0.09282350540161133,0.42349565029144287,0.04328519105911255,0.8112788796424866,1.4554696083068848,0.9592537879943848
546,Indianapolis,Median Income,zip,2493,31,239,Feat\&PC-RGNN,6,0.9568995237350464,-0.86338210105896,-0.3223121166229248,0.42349565029144287,0.3358010947704315,0.6243603825569153,1.4543434381484985,0.9592537879943848
547,Indianapolis,Median Income,zip,2493,31,239,Feat\&PC-RGNN,7,0.9999663829803467,0.2808912396430969,-0.06145954132080078,0.42349565029144287,0.008884728886187077,0.5399460196495056,1.3096106052398682,0.9592537879943848
548,Indianapolis,Median Income,zip,2493,31,239,Feat\&PC-RGNN,8,0.9960771799087524,-0.4302419424057007,-0.3903474807739258,0.42349565029144287,0.09882514923810959,0.7104933857917786,1.5055031776428223,0.9592537879943848
549,Indianapolis,Median Income,zip,2493,31,239,Feat\&PC-RGNN,9,0.9969350099563599,-0.014283180236816406,-0.28401315212249756,0.42349565029144287,0.07442604750394821,0.5495481491088867,1.3901766538619995,0.9592537879943848
550,Indianapolis,Median Income,zip,2493,31,239,NoPreTrain,0,0.9999843239784241,-1.0424609184265137,0.13611721992492676,0.42349565029144287,0.0048013837076723576,0.9426566362380981,1.3204617500305176,0.9592537879943848
551,Indianapolis,Median Income,zip,2493,31,239,NoPreTrain,1,0.9999618530273438,-0.9035869836807251,0.07380199432373047,0.42349565029144287,0.007562775164842606,0.8687392473220825,1.389175534248352,0.9592537879943848
552,Indianapolis,Median Income,zip,2493,31,239,NoPreTrain,2,0.9999733567237854,-0.2264498472213745,0.11617976427078247,0.42349565029144287,0.006513732019811869,0.6711045503616333,1.3936024904251099,0.9592537879943848
553,Indianapolis,Median Income,zip,2493,31,239,NoPreTrain,3,0.9999897480010986,-1.4893419742584229,0.08928143978118896,0.42349565029144287,0.004316032398492098,0.9805949330329895,1.4472070932388306,0.9592537879943848
554,Indianapolis,Median Income,zip,2493,31,239,NoPreTrain,4,0.9999790787696838,-1.658268928527832,0.032590508460998535,0.42349565029144287,0.005977734923362732,0.9431269764900208,1.4221482276916504,0.9592537879943848
555,Indianapolis,Median Income,zip,2493,31,239,NoPreTrain,5,0.9999644160270691,-0.15329813957214355,0.15610283613204956,0.42349565029144287,0.008506997488439083,0.6648877263069153,1.3562333583831787,0.9592537879943848
556,Indianapolis,Median Income,zip,2493,31,239,NoPreTrain,6,0.9999767541885376,-0.3618440628051758,0.05174684524536133,0.42349565029144287,0.005631804466247559,0.7844201326370239,1.3851795196533203,0.9592537879943848
557,Indianapolis,Median Income,zip,2493,31,239,NoPreTrain,7,0.9999527335166931,0.1263079047203064,0.14336907863616943,0.42349565029144287,0.010369799099862576,0.6136264204978943,1.3676018714904785,0.9592537879943848
558,Indianapolis,Median Income,zip,2493,31,239,NoPreTrain,8,0.999972939491272,-0.1425621509552002,0.05214273929595947,0.42349565029144287,0.006731715518981218,0.588498592376709,1.3454936742782593,0.9592537879943848
559,Indianapolis,Median Income,zip,2493,31,239,NoPreTrain,9,0.998123288154602,0.36720216274261475,0.28196918964385986,0.42349565029144287,0.07321406155824661,0.5238592028617859,1.1843175888061523,0.9592537879943848
560,Indianapolis,Median Home Value,zip,2429,30,229,Emb,0,0.999980628490448,-4.40841817855835,0.21288394927978516,0.40892261266708374,0.005711743142455816,0.8812102675437927,1.5555964708328247,1.127940058708191
561,Indianapolis,Median Home Value,zip,2429,30,229,Emb,1,0.9999948740005493,-4.299582481384277,0.23167234659194946,0.40892261266708374,0.003331470303237438,0.8188396096229553,1.5155951976776123,1.127940058708191
562,Indianapolis,Median Home Value,zip,2429,30,229,Emb,2,0.9999778270721436,-3.2046899795532227,0.2693796753883362,0.40892261266708374,0.006415104027837515,0.8012961745262146,1.4921795129776,1.127940058708191
563,Indianapolis,Median Home Value,zip,2429,30,229,Emb,3,0.9999736547470093,-3.9205803871154785,0.2412465214729309,0.40892261266708374,0.007335409056395292,0.8135302662849426,1.5452873706817627,1.127940058708191
564,Indianapolis,Median Home Value,zip,2429,30,229,Emb,4,0.9999845623970032,-4.3626708984375,0.2254994511604309,0.40892261266708374,0.005321724805980921,0.9075558185577393,1.5372408628463745,1.127940058708191
565,Indianapolis,Median Home Value,zip,2429,30,229,Emb,5,0.9999843239784241,-3.3137688636779785,0.20956110954284668,0.40892261266708374,0.005536607000976801,0.7400283813476562,1.5612868070602417,1.127940058708191
566,Indianapolis,Median Home Value,zip,2429,30,229,Emb,6,0.9999817609786987,-5.155176162719727,0.22115492820739746,0.40892261266708374,0.005834522191435099,0.8439199924468994,1.5381205081939697,1.127940058708191
567,Indianapolis,Median Home Value,zip,2429,30,229,Emb,7,0.9999942183494568,-3.9439892768859863,0.25509703159332275,0.40892261266708374,0.0035258943680673838,0.8181769251823425,1.4949012994766235,1.127940058708191
568,Indianapolis,Median Home Value,zip,2429,30,229,Emb,8,0.9999933838844299,-3.163905620574951,0.21210092306137085,0.40892261266708374,0.0037357890978455544,0.6986387372016907,1.5400116443634033,1.127940058708191
569,Indianapolis,Median Home Value,zip,2429,30,229,Emb,9,0.9999865293502808,-4.598771095275879,0.23758649826049805,0.40892261266708374,0.005123673938214779,0.8650946021080017,1.5643659830093384,1.127940058708191
570,Indianapolis,Median Home Value,zip,2429,30,229,LightGCN,0,0.9699408411979675,-16.250822067260742,0.10695749521255493,0.40892261266708374,0.2071276158094406,1.6487919092178345,1.7102495431900024,1.127940058708191
571,Indianapolis,Median Home Value,zip,2429,30,229,LightGCN,1,0.9958716034889221,-29.193315505981445,-0.03484845161437988,0.40892261266708374,0.09131530672311783,1.9840178489685059,1.784414291381836,1.127940058708191
572,Indianapolis,Median Home Value,zip,2429,30,229,LightGCN,2,0.98760586977005,-41.62911605834961,-0.24062120914459229,0.40892261266708374,0.1754172295331955,2.5157113075256348,1.9858310222625732,1.127940058708191
573,Indianapolis,Median Home Value,zip,2429,30,229,LightGCN,3,0.9970769882202148,-49.83571243286133,-0.22905361652374268,0.40892261266708374,0.07778795808553696,2.858748197555542,1.9477607011795044,1.127940058708191
574,Indianapolis,Median Home Value,zip,2429,30,229,LightGCN,4,0.998919665813446,-45.66510009765625,-0.37575364112854004,0.40892261266708374,0.05109996721148491,2.5645875930786133,1.9984261989593506,1.127940058708191
575,Indianapolis,Median Home Value,zip,2429,30,229,LightGCN,5,0.9949355125427246,-38.02959060668945,-0.15823101997375488,0.40892261266708374,0.11448270827531815,2.3834409713745117,1.9047329425811768,1.127940058708191
576,Indianapolis,Median Home Value,zip,2429,30,229,LightGCN,6,0.989512026309967,-35.79569625854492,-0.21114003658294678,0.40892261266708374,0.16451098024845123,2.415585994720459,1.9841594696044922,1.127940058708191
577,Indianapolis,Median Home Value,zip,2429,30,229,LightGCN,7,0.9668383002281189,-24.94029998779297,-0.05637526512145996,0.40892261266708374,0.1956089287996292,1.8721075057983398,1.8225401639938354,1.127940058708191
578,Indianapolis,Median Home Value,zip,2429,30,229,LightGCN,8,0.9911667704582214,-35.471229553222656,-0.1863802671432495,0.40892261266708374,0.15284579992294312,2.257650375366211,1.9533417224884033,1.127940058708191
579,Indianapolis,Median Home Value,zip,2429,30,229,LightGCN,9,0.9887311458587646,-23.118968963623047,-0.038900017738342285,0.40892261266708374,0.1569673717021942,1.8718475103378296,1.7856402397155762,1.127940058708191
580,Indianapolis,Median Home Value,zip,2429,30,229,Feat-LightGCN,0,0.9999756217002869,-1.7587695121765137,0.1640605330467224,0.40892261266708374,0.007082668598741293,0.6033859848976135,1.534731149673462,1.127940058708191
581,Indianapolis,Median Home Value,zip,2429,30,229,Feat-LightGCN,1,0.9999607801437378,-1.7023673057556152,0.1377582550048828,0.40892261266708374,0.008970508351922035,0.6294919848442078,1.5453613996505737,1.127940058708191
582,Indianapolis,Median Home Value,zip,2429,30,229,Feat-LightGCN,2,0.9999958872795105,-0.6643311977386475,0.22722887992858887,0.40892261266708374,0.0029187651816755533,0.43747225403785706,1.4718308448791504,1.127940058708191
583,Indianapolis,Median Home Value,zip,2429,30,229,Feat-LightGCN,3,0.9996963143348694,-1.6779136657714844,0.16517490148544312,0.40892261266708374,0.026799624785780907,0.6066775918006897,1.5517852306365967,1.127940058708191
584,Indianapolis,Median Home Value,zip,2429,30,229,Feat-LightGCN,4,0.9999409914016724,-1.1112678050994873,0.12307822704315186,0.40892261266708374,0.009772135876119137,0.4756028652191162,1.5497742891311646,1.127940058708191
585,Indianapolis,Median Home Value,zip,2429,30,229,Feat-LightGCN,5,0.9999051094055176,-2.950955629348755,0.11581885814666748,0.40892261266708374,0.014051951467990875,0.7157605290412903,1.5640226602554321,1.127940058708191
586,Indianapolis,Median Home Value,zip,2429,30,229,Feat-LightGCN,6,0.9999659657478333,-2.094162702560425,0.13603097200393677,0.40892261266708374,0.008755073882639408,0.584491491317749,1.5390933752059937,1.127940058708191
587,Indianapolis,Median Home Value,zip,2429,30,229,Feat-LightGCN,7,0.9995214343070984,-1.3984458446502686,0.18582195043563843,0.40892261266708374,0.037147585302591324,0.5282818078994751,1.5017342567443848,1.127940058708191
588,Indianapolis,Median Home Value,zip,2429,30,229,Feat-LightGCN,8,0.999984085559845,-2.1313705444335938,0.11903971433639526,0.40892261266708374,0.005586849991232157,0.5936822295188904,1.575501799583435,1.127940058708191
589,Indianapolis,Median Home Value,zip,2429,30,229,Feat-LightGCN,9,0.9999277591705322,-2.508822441101074,0.14442980289459229,0.40892261266708374,0.013413336127996445,0.6815056204795837,1.5709601640701294,1.127940058708191
590,Indianapolis,Median Home Value,zip,2429,30,229,Feat\&PC-LightGCN,0,0.999997615814209,0.3238202929496765,0.38560742139816284,0.40892261266708374,0.002212994731962681,0.3168688118457794,1.177904725074768,1.127940058708191
591,Indianapolis,Median Home Value,zip,2429,30,229,Feat\&PC-LightGCN,1,0.9999964237213135,0.7910584211349487,0.37312787771224976,0.40892261266708374,0.0025541929062455893,0.17824280261993408,1.186518907546997,1.127940058708191
592,Indianapolis,Median Home Value,zip,2429,30,229,Feat\&PC-LightGCN,2,0.9999990463256836,0.6605202555656433,0.38319462537765503,0.40892261266708374,0.0014378083869814873,0.20036351680755615,1.1814556121826172,1.127940058708191
593,Indianapolis,Median Home Value,zip,2429,30,229,Feat\&PC-LightGCN,3,0.9999998807907104,0.787863552570343,0.37790268659591675,0.40892261266708374,0.00045662172487936914,0.16929002106189728,1.185340166091919,1.127940058708191
594,Indianapolis,Median Home Value,zip,2429,30,229,Feat\&PC-LightGCN,4,0.9999973773956299,0.15614885091781616,0.36772000789642334,0.40892261266708374,0.002243094379082322,0.3143788278102875,1.2139641046524048,1.127940058708191
595,Indianapolis,Median Home Value,zip,2429,30,229,Feat\&PC-LightGCN,5,0.9999994039535522,0.6076587438583374,0.36307084560394287,0.40892261266708374,0.0010834047570824623,0.25654712319374084,1.1876657009124756,1.127940058708191
596,Indianapolis,Median Home Value,zip,2429,30,229,Feat\&PC-LightGCN,6,0.9999975562095642,0.018517911434173584,0.3582957983016968,0.40892261266708374,0.0021800941321998835,0.3511795997619629,1.2313876152038574,1.127940058708191
597,Indianapolis,Median Home Value,zip,2429,30,229,Feat\&PC-LightGCN,7,0.9999958872795105,-0.10029375553131104,0.372109055519104,0.40892261266708374,0.002907097339630127,0.37612128257751465,1.220156192779541,1.127940058708191
598,Indianapolis,Median Home Value,zip,2429,30,229,Feat\&PC-LightGCN,8,0.9999951720237732,0.5913658142089844,0.3652419447898865,0.40892261266708374,0.0029333375860005617,0.23403780162334442,1.1972328424453735,1.127940058708191
599,Indianapolis,Median Home Value,zip,2429,30,229,Feat\&PC-LightGCN,9,0.9999837875366211,0.7084343433380127,0.38045424222946167,0.40892261266708374,0.005225669592618942,0.20152461528778076,1.176977515220642,1.127940058708191
600,Indianapolis,Median Home Value,zip,2429,30,229,RGNN,0,0.9966742992401123,-4.4262518882751465,0.24611103534698486,0.40892261266708374,0.09607923030853271,0.7241716980934143,1.4690173864364624,1.127940058708191
601,Indianapolis,Median Home Value,zip,2429,30,229,RGNN,1,0.9933760762214661,-2.0976240634918213,0.21627116203308105,0.40892261266708374,0.1354326456785202,0.5014500617980957,1.4406715631484985,1.127940058708191
602,Indianapolis,Median Home Value,zip,2429,30,229,RGNN,2,0.9998475313186646,-5.017461776733398,0.2212011218070984,0.40892261266708374,0.015641922131180763,0.8331319689750671,1.5100492238998413,1.127940058708191
603,Indianapolis,Median Home Value,zip,2429,30,229,RGNN,3,0.9997667670249939,-2.788372755050659,0.12522375583648682,0.40892261266708374,0.022932859137654305,0.5446019768714905,1.515071153640747,1.127940058708191
604,Indianapolis,Median Home Value,zip,2429,30,229,RGNN,4,0.9995608329772949,-4.090826034545898,0.24875181913375854,0.40892261266708374,0.023255446925759315,0.7415335178375244,1.4663790464401245,1.127940058708191
605,Indianapolis,Median Home Value,zip,2429,30,229,RGNN,5,0.9995301365852356,-3.2927393913269043,0.2320166826248169,0.40892261266708374,0.02280288375914097,0.6975076198577881,1.3681635856628418,1.127940058708191
606,Indianapolis,Median Home Value,zip,2429,30,229,RGNN,6,0.9986883997917175,-2.3151354789733887,0.21695083379745483,0.40892261266708374,0.0564386285841465,0.5876668691635132,1.4428958892822266,1.127940058708191
607,Indianapolis,Median Home Value,zip,2429,30,229,RGNN,7,0.9998255372047424,-3.9137167930603027,0.17947977781295776,0.40892261266708374,0.02155190147459507,0.7236347794532776,1.436179757118225,1.127940058708191
608,Indianapolis,Median Home Value,zip,2429,30,229,RGNN,8,0.9995705485343933,-3.718881130218506,0.1443030834197998,0.40892261266708374,0.034123796969652176,0.797342836856842,1.4469941854476929,1.127940058708191
609,Indianapolis,Median Home Value,zip,2429,30,229,RGNN,9,0.9995114207267761,-3.414290428161621,0.24702972173690796,0.40892261266708374,0.03006751276552677,0.6165816187858582,1.4499582052230835,1.127940058708191
610,Indianapolis,Median Home Value,zip,2429,30,229,Feat-RGNN,0,0.9982364773750305,-18.032413482666016,-0.1212688684463501,0.40892261266708374,0.05638296529650688,1.6684231758117676,1.8095650672912598,1.127940058708191
611,Indianapolis,Median Home Value,zip,2429,30,229,Feat-RGNN,1,0.9979029297828674,-7.200771331787109,-0.07327234745025635,0.40892261266708374,0.058421432971954346,1.1216365098953247,1.6607437133789062,1.127940058708191
612,Indianapolis,Median Home Value,zip,2429,30,229,Feat-RGNN,2,0.9978447556495667,-17.020370483398438,-0.1316075325012207,0.40892261266708374,0.05773906037211418,1.6564126014709473,1.7403740882873535,1.127940058708191
613,Indianapolis,Median Home Value,zip,2429,30,229,Feat-RGNN,3,0.9975411891937256,-18.017574310302734,-0.04455709457397461,0.40892261266708374,0.07722566276788712,1.635090708732605,1.7295942306518555,1.127940058708191
614,Indianapolis,Median Home Value,zip,2429,30,229,Feat-RGNN,4,0.9811262488365173,-6.890681266784668,0.014091551303863525,0.40892261266708374,0.22374598681926727,0.9449577927589417,1.6363122463226318,1.127940058708191
615,Indianapolis,Median Home Value,zip,2429,30,229,Feat-RGNN,5,0.9977371096611023,-14.301562309265137,-0.08732080459594727,0.40892261266708374,0.08333250880241394,1.4361600875854492,1.79718017578125,1.127940058708191
616,Indianapolis,Median Home Value,zip,2429,30,229,Feat-RGNN,6,0.9954412579536438,-13.94352912902832,0.0194283127784729,0.40892261266708374,0.09816960245370865,1.5376781225204468,1.692372441291809,1.127940058708191
617,Indianapolis,Median Home Value,zip,2429,30,229,Feat-RGNN,7,0.9996135234832764,-11.663605690002441,0.04204815626144409,0.40892261266708374,0.029371678829193115,1.41607666015625,1.6588054895401,1.127940058708191
618,Indianapolis,Median Home Value,zip,2429,30,229,Feat-RGNN,8,0.998942494392395,-18.462383270263672,-0.13037598133087158,0.40892261266708374,0.049391210079193115,1.5622965097427368,1.761539101600647,1.127940058708191
619,Indianapolis,Median Home Value,zip,2429,30,229,Feat-RGNN,9,0.9987452626228333,-13.696742057800293,-0.15978527069091797,0.40892261266708374,0.045276980847120285,1.341273307800293,1.7442139387130737,1.127940058708191
620,Indianapolis,Median Home Value,zip,2429,30,229,Feat\&PC-RGNN,0,0.9995347857475281,-16.632343292236328,0.21510332822799683,0.40892261266708374,0.02341379225254059,1.5714340209960938,1.493963599205017,1.127940058708191
621,Indianapolis,Median Home Value,zip,2429,30,229,Feat\&PC-RGNN,1,0.9997377395629883,-13.189096450805664,0.12722623348236084,0.40892261266708374,0.023601779714226723,1.35552978515625,1.569878339767456,1.127940058708191
622,Indianapolis,Median Home Value,zip,2429,30,229,Feat\&PC-RGNN,2,0.9997016191482544,-8.874220848083496,0.16530698537826538,0.40892261266708374,0.01915518008172512,1.214770793914795,1.4913657903671265,1.127940058708191
623,Indianapolis,Median Home Value,zip,2429,30,229,Feat\&PC-RGNN,3,0.9996351003646851,-13.646553039550781,0.19387465715408325,0.40892261266708374,0.020152444019913673,1.4431184530258179,1.4765474796295166,1.127940058708191
624,Indianapolis,Median Home Value,zip,2429,30,229,Feat\&PC-RGNN,4,0.9999265074729919,-7.270910263061523,0.1470063328742981,0.40892261266708374,0.010527066886425018,1.0594282150268555,1.5351176261901855,1.127940058708191
625,Indianapolis,Median Home Value,zip,2429,30,229,Feat\&PC-RGNN,5,0.9998338222503662,-10.01523208618164,0.1684882640838623,0.40892261266708374,0.016561394557356834,1.2507520914077759,1.5428026914596558,1.127940058708191
626,Indianapolis,Median Home Value,zip,2429,30,229,Feat\&PC-RGNN,6,0.9998485445976257,-14.41806411743164,0.11408203840255737,0.40892261266708374,0.016913386061787605,1.4546284675598145,1.5617234706878662,1.127940058708191
627,Indianapolis,Median Home Value,zip,2429,30,229,Feat\&PC-RGNN,7,0.989661693572998,-12.12807846069336,0.15588468313217163,0.40892261266708374,0.17868810892105103,1.3211699724197388,1.494638442993164,1.127940058708191
628,Indianapolis,Median Home Value,zip,2429,30,229,Feat\&PC-RGNN,8,0.9995635151863098,-9.127187728881836,0.05098080635070801,0.40892261266708374,0.018910180777311325,1.2489231824874878,1.5561473369598389,1.127940058708191
629,Indianapolis,Median Home Value,zip,2429,30,229,Feat\&PC-RGNN,9,0.9995718002319336,-12.409197807312012,0.15235990285873413,0.40892261266708374,0.02682427503168583,1.3403860330581665,1.5221368074417114,1.127940058708191
630,Indianapolis,Median Home Value,zip,2429,30,229,NoPreTrain,0,0.9999769926071167,-2.9449989795684814,0.0495600700378418,0.40892261266708374,0.006485284771770239,0.6437687277793884,1.707899570465088,1.127940058708191
631,Indianapolis,Median Home Value,zip,2429,30,229,NoPreTrain,1,0.9999628067016602,-2.3610012531280518,0.1779097318649292,0.40892261266708374,0.00858825258910656,0.6741886734962463,1.5686755180358887,1.127940058708191
632,Indianapolis,Median Home Value,zip,2429,30,229,NoPreTrain,2,0.9999637603759766,-13.310989379882812,0.13082599639892578,0.40892261266708374,0.007511916104704142,1.5612529516220093,1.5734080076217651,1.127940058708191
633,Indianapolis,Median Home Value,zip,2429,30,229,NoPreTrain,3,0.9999631643295288,-6.363729953765869,0.18467074632644653,0.40892261266708374,0.00808124989271164,0.963428258895874,1.5348271131515503,1.127940058708191
634,Indianapolis,Median Home Value,zip,2429,30,229,NoPreTrain,4,0.9999759197235107,-2.077026844024658,0.17863357067108154,0.40892261266708374,0.005594901740550995,0.6474724411964417,1.5871251821517944,1.127940058708191
635,Indianapolis,Median Home Value,zip,2429,30,229,NoPreTrain,5,0.9999783635139465,-7.546262741088867,0.13489151000976562,0.40892261266708374,0.005842885468155146,1.0553869009017944,1.5462031364440918,1.127940058708191
636,Indianapolis,Median Home Value,zip,2429,30,229,NoPreTrain,6,0.999966561794281,-3.114537239074707,0.06737023591995239,0.40892261266708374,0.006388186011463404,0.6568053960800171,1.6212337017059326,1.127940058708191
637,Indianapolis,Median Home Value,zip,2429,30,229,NoPreTrain,7,0.9999614953994751,-8.97252368927002,0.13773804903030396,0.40892261266708374,0.007651079446077347,1.1209720373153687,1.6771032810211182,1.127940058708191
638,Indianapolis,Median Home Value,zip,2429,30,229,NoPreTrain,8,0.9999749660491943,-5.0501322746276855,0.163535475730896,0.40892261266708374,0.006553156767040491,0.8921539783477783,1.576511263847351,1.127940058708191
639,Indianapolis,Median Home Value,zip,2429,30,229,NoPreTrain,9,0.9938795566558838,-4.60380744934082,0.11307293176651001,0.40892261266708374,0.13540872931480408,0.9267856478691101,1.6117154359817505,1.127940058708191
640,Indianapolis,Median Age,zip,2509,31,243,Emb,0,0.9997970461845398,0.26810091733932495,-0.15957939624786377,0.0349079966545105,0.010466431267559528,1.3989168405532837,2.561624526977539,2.3572492599487305
641,Indianapolis,Median Age,zip,2509,31,243,Emb,1,0.9999914765357971,0.18770736455917358,-0.24680495262145996,0.0349079966545105,0.002987753367051482,1.5680961608886719,2.5944924354553223,2.3572492599487305
642,Indianapolis,Median Age,zip,2509,31,243,Emb,2,0.9999845027923584,0.3322325348854065,-0.09691274166107178,0.0349079966545105,0.003898249939084053,1.3378266096115112,2.5243544578552246,2.3572492599487305
643,Indianapolis,Median Age,zip,2509,31,243,Emb,3,0.9999791383743286,0.22732102870941162,-0.19872760772705078,0.0349079966545105,0.004670807626098394,1.471725344657898,2.5869064331054688,2.3572492599487305
644,Indianapolis,Median Age,zip,2509,31,243,Emb,4,0.9999799728393555,0.1837170124053955,-0.32848572731018066,0.0349079966545105,0.0045778932981193066,1.5489342212677002,2.654128074645996,2.3572492599487305
645,Indianapolis,Median Age,zip,2509,31,243,Emb,5,0.9999871850013733,0.19182038307189941,-0.22174584865570068,0.0349079966545105,0.003508957102894783,1.5486658811569214,2.6010067462921143,2.3572492599487305
646,Indianapolis,Median Age,zip,2509,31,243,Emb,6,0.9999949932098389,0.3182181119918823,-0.16250085830688477,0.0349079966545105,0.002271188423037529,1.3795831203460693,2.5593457221984863,2.3572492599487305
647,Indianapolis,Median Age,zip,2509,31,243,Emb,7,0.9999914169311523,0.247860848903656,-0.17525649070739746,0.0349079966545105,0.003096511820331216,1.506482481956482,2.572145700454712,2.3572492599487305
648,Indianapolis,Median Age,zip,2509,31,243,Emb,8,0.9999253153800964,0.18806928396224976,-0.24380815029144287,0.0349079966545105,0.009664514102041721,1.5941088199615479,2.578979015350342,2.3572492599487305
649,Indianapolis,Median Age,zip,2509,31,243,Emb,9,0.9999860525131226,0.2606830596923828,-0.14425575733184814,0.0349079966545105,0.003880997421219945,1.5071786642074585,2.55790638923645,2.3572492599487305
650,Indianapolis,Median Age,zip,2509,31,243,LightGCN,0,0.9963710308074951,0.34580689668655396,-0.15636670589447021,0.0349079966545105,0.070686936378479,1.1672067642211914,2.5435738563537598,2.3572492599487305
651,Indianapolis,Median Age,zip,2509,31,243,LightGCN,1,0.9999455809593201,0.38892126083374023,-0.21594607830047607,0.0349079966545105,0.005739160347729921,1.140523076057434,2.571598529815674,2.3572492599487305
652,Indianapolis,Median Age,zip,2509,31,243,LightGCN,2,0.9981309771537781,0.4610624313354492,-0.170212984085083,0.0349079966545105,0.046162109822034836,1.0511130094528198,2.5547351837158203,2.3572492599487305
653,Indianapolis,Median Age,zip,2509,31,243,LightGCN,3,0.999933123588562,0.32983219623565674,-0.25018930435180664,0.0349079966545105,0.007517690304666758,1.218896508216858,2.6029303073883057,2.3572492599487305
654,Indianapolis,Median Age,zip,2509,31,243,LightGCN,4,0.9998794794082642,0.2072221040725708,-0.1853632926940918,0.0349079966545105,0.012147541157901287,1.2957392930984497,2.5821778774261475,2.3572492599487305
655,Indianapolis,Median Age,zip,2509,31,243,LightGCN,5,0.9992173314094543,0.4466763734817505,-0.23020637035369873,0.0349079966545105,0.03276688978075981,1.0430339574813843,2.611630439758301,2.3572492599487305
656,Indianapolis,Median Age,zip,2509,31,243,LightGCN,6,0.9994345307350159,0.22416484355926514,-0.20010626316070557,0.0349079966545105,0.028263205662369728,1.3309179544448853,2.5782053470611572,2.3572492599487305
657,Indianapolis,Median Age,zip,2509,31,243,LightGCN,7,0.9997448921203613,0.45141083002090454,-0.213303804397583,0.0349079966545105,0.017360014840960503,1.091493844985962,2.612811803817749,2.3572492599487305
658,Indianapolis,Median Age,zip,2509,31,243,LightGCN,8,0.9981644153594971,0.32678961753845215,-0.25282907485961914,0.0349079966545105,0.048246800899505615,1.2118008136749268,2.5950796604156494,2.3572492599487305
659,Indianapolis,Median Age,zip,2509,31,243,LightGCN,9,0.9999940991401672,0.35768991708755493,-0.16763806343078613,0.0349079966545105,0.0022899508476257324,1.2193148136138916,2.5390052795410156,2.3572492599487305
660,Indianapolis,Median Age,zip,2509,31,243,Feat-LightGCN,0,0.9999600648880005,0.2651366591453552,-0.20829236507415771,0.0349079966545105,0.005603110883384943,1.4588931798934937,2.583359479904175,2.3572492599487305
661,Indianapolis,Median Age,zip,2509,31,243,Feat-LightGCN,1,0.9999788403511047,0.20563071966171265,-0.18846619129180908,0.0349079966545105,0.004792944993823767,1.5106900930404663,2.558457612991333,2.3572492599487305
662,Indianapolis,Median Age,zip,2509,31,243,Feat-LightGCN,2,0.99949049949646,0.12385743856430054,-0.18971753120422363,0.0349079966545105,0.02384786307811737,1.605299949645996,2.6207540035247803,2.3572492599487305
663,Indianapolis,Median Age,zip,2509,31,243,Feat-LightGCN,3,0.999994158744812,0.1144980788230896,-0.20835793018341064,0.0349079966545105,0.0024939083959907293,1.6428426504135132,2.6550819873809814,2.3572492599487305
664,Indianapolis,Median Age,zip,2509,31,243,Feat-LightGCN,4,0.9994944930076599,0.3466406464576721,-0.2249361276626587,0.0349079966545105,0.015565663576126099,1.2917506694793701,2.570711612701416,2.3572492599487305
665,Indianapolis,Median Age,zip,2509,31,243,Feat-LightGCN,5,0.9999575018882751,0.28487831354141235,-0.2604435682296753,0.0349079966545105,0.0069858417846262455,1.4578508138656616,2.5960934162139893,2.3572492599487305
666,Indianapolis,Median Age,zip,2509,31,243,Feat-LightGCN,6,0.999973475933075,0.20493412017822266,-0.1928485631942749,0.0349079966545105,0.0053534433245658875,1.4931055307388306,2.581904649734497,2.3572492599487305
667,Indianapolis,Median Age,zip,2509,31,243,Feat-LightGCN,7,0.9990750551223755,0.19119125604629517,-0.20095443725585938,0.0349079966545105,0.03389360383152962,1.522506833076477,2.6098196506500244,2.3572492599487305
668,Indianapolis,Median Age,zip,2509,31,243,Feat-LightGCN,8,0.9999864101409912,0.1852325201034546,-0.2879863977432251,0.0349079966545105,0.003628009231761098,1.5263044834136963,2.578730583190918,2.3572492599487305
669,Indianapolis,Median Age,zip,2509,31,243,Feat-LightGCN,9,0.9994734525680542,0.1649811863899231,-0.19601011276245117,0.0349079966545105,0.023791642859578133,1.5698121786117554,2.6057169437408447,2.3572492599487305
670,Indianapolis,Median Age,zip,2509,31,243,Feat\&PC-LightGCN,0,0.9999973177909851,0.19089913368225098,-0.03288125991821289,0.0349079966545105,0.0015883477171882987,1.5524197816848755,2.441348075866699,2.3572492599487305
671,Indianapolis,Median Age,zip,2509,31,243,Feat\&PC-LightGCN,1,0.9999964237213135,0.09149450063705444,-0.04876697063446045,0.0349079966545105,0.00188643264118582,1.699661374092102,2.447946310043335,2.3572492599487305
672,Indianapolis,Median Age,zip,2509,31,243,Feat\&PC-LightGCN,2,0.9999957084655762,0.16563671827316284,-0.04703664779663086,0.0349079966545105,0.0021302986424416304,1.5799967050552368,2.4593183994293213,2.3572492599487305
673,Indianapolis,Median Age,zip,2509,31,243,Feat\&PC-LightGCN,3,0.9999947547912598,0.15567106008529663,-0.04278397560119629,0.0349079966545105,0.0019008038798347116,1.601501703262329,2.444084882736206,2.3572492599487305
674,Indianapolis,Median Age,zip,2509,31,243,Feat\&PC-LightGCN,4,0.999997615814209,0.14893096685409546,-0.043802618980407715,0.0349079966545105,0.0014762667706236243,1.6557493209838867,2.4453983306884766,2.3572492599487305
675,Indianapolis,Median Age,zip,2509,31,243,Feat\&PC-LightGCN,5,0.9999964833259583,0.16790497303009033,-0.04379606246948242,0.0349079966545105,0.0016446193912997842,1.5780572891235352,2.4495041370391846,2.3572492599487305
676,Indianapolis,Median Age,zip,2509,31,243,Feat\&PC-LightGCN,6,0.9999966025352478,0.14692765474319458,-0.04331254959106445,0.0349079966545105,0.0017283102497458458,1.5896587371826172,2.4472546577453613,2.3572492599487305
677,Indianapolis,Median Age,zip,2509,31,243,Feat\&PC-LightGCN,7,0.999996542930603,0.12900996208190918,-0.038034796714782715,0.0349079966545105,0.001561701879836619,1.589522123336792,2.443943500518799,2.3572492599487305
678,Indianapolis,Median Age,zip,2509,31,243,Feat\&PC-LightGCN,8,0.9999935030937195,0.12589502334594727,-0.04646265506744385,0.0349079966545105,0.0020055638160556555,1.6191972494125366,2.448153018951416,2.3572492599487305
679,Indianapolis,Median Age,zip,2509,31,243,Feat\&PC-LightGCN,9,0.9999993443489075,0.239324688911438,-0.03671729564666748,0.0349079966545105,0.000685395672917366,1.4964491128921509,2.444074869155884,2.3572492599487305
680,Indianapolis,Median Age,zip,2509,31,243,RGNN,0,0.999990701675415,0.47142601013183594,-0.19820702075958252,0.0349079966545105,0.003303561359643936,1.350221037864685,2.5383689403533936,2.3572492599487305
681,Indianapolis,Median Age,zip,2509,31,243,RGNN,1,0.9910349249839783,0.49269330501556396,-0.18294739723205566,0.0349079966545105,0.11410462856292725,1.0617038011550903,2.5814661979675293,2.3572492599487305
682,Indianapolis,Median Age,zip,2509,31,243,RGNN,2,0.9997884035110474,0.5073515176773071,-0.14367127418518066,0.0349079966545105,0.01709028333425522,1.0557308197021484,2.5367913246154785,2.3572492599487305
683,Indianapolis,Median Age,zip,2509,31,243,RGNN,3,0.9999947547912598,0.42970919609069824,-0.2191106081008911,0.0349079966545105,0.002266398398205638,1.2871147394180298,2.579336404800415,2.3572492599487305
684,Indianapolis,Median Age,zip,2509,31,243,RGNN,4,0.9999890327453613,0.49975520372390747,-0.08683764934539795,0.0349079966545105,0.0032431420404464006,1.071587324142456,2.502755880355835,2.3572492599487305
685,Indianapolis,Median Age,zip,2509,31,243,RGNN,5,0.9998016953468323,0.4565048813819885,-0.29710638523101807,0.0349079966545105,0.01630025915801525,1.0480687618255615,2.6205105781555176,2.3572492599487305
686,Indianapolis,Median Age,zip,2509,31,243,RGNN,6,0.9999281167984009,0.47401922941207886,-0.09442651271820068,0.0349079966545105,0.007932743988931179,1.1824709177017212,2.518336057662964,2.3572492599487305
687,Indianapolis,Median Age,zip,2509,31,243,RGNN,7,0.9850706458091736,0.5158477425575256,-0.19661450386047363,0.0349079966545105,0.15135225653648376,1.1089650392532349,2.6076278686523438,2.3572492599487305
688,Indianapolis,Median Age,zip,2509,31,243,RGNN,8,0.9999192953109741,0.3687841296195984,-0.32041871547698975,0.0349079966545105,0.009231486357748508,1.431957483291626,2.6477699279785156,2.3572492599487305
689,Indianapolis,Median Age,zip,2509,31,243,RGNN,9,0.9998801350593567,0.45669811964035034,-0.376102089881897,0.0349079966545105,0.010386057198047638,1.2506040334701538,2.567793369293213,2.3572492599487305
690,Indianapolis,Median Age,zip,2509,31,243,Feat-RGNN,0,0.9832190275192261,-0.032007694244384766,-0.1858159303665161,0.0349079966545105,0.1547144651412964,1.6393152475357056,2.6636481285095215,2.3572492599487305
691,Indianapolis,Median Age,zip,2509,31,243,Feat-RGNN,1,0.9918957948684692,0.20144718885421753,-0.18230462074279785,0.0349079966545105,0.07289598882198334,1.4082456827163696,2.592132091522217,2.3572492599487305
692,Indianapolis,Median Age,zip,2509,31,243,Feat-RGNN,2,0.9926038384437561,0.147657573223114,-0.16260111331939697,0.0349079966545105,0.06594841927289963,1.6007684469223022,2.585777521133423,2.3572492599487305
693,Indianapolis,Median Age,zip,2509,31,243,Feat-RGNN,3,0.9806734919548035,0.10728287696838379,-0.10910582542419434,0.0349079966545105,0.13641013205051422,1.493829607963562,2.5355441570281982,2.3572492599487305
694,Indianapolis,Median Age,zip,2509,31,243,Feat-RGNN,4,0.9834607243537903,-0.043741464614868164,-0.19997406005859375,0.0349079966545105,0.11448157578706741,1.7036882638931274,2.6308789253234863,2.3572492599487305
695,Indianapolis,Median Age,zip,2509,31,243,Feat-RGNN,5,0.9885408878326416,0.14843815565109253,-0.12378799915313721,0.0349079966545105,0.11172011494636536,1.5319424867630005,2.597805976867676,2.3572492599487305
696,Indianapolis,Median Age,zip,2509,31,243,Feat-RGNN,6,0.9955309629440308,0.109402596950531,-0.15181255340576172,0.0349079966545105,0.052499789744615555,1.5497666597366333,2.583643674850464,2.3572492599487305
697,Indianapolis,Median Age,zip,2509,31,243,Feat-RGNN,7,0.9981974959373474,-0.05288374423980713,-0.1521451473236084,0.0349079966545105,0.037075817584991455,1.7709590196609497,2.590331554412842,2.3572492599487305
698,Indianapolis,Median Age,zip,2509,31,243,Feat-RGNN,8,0.9830058217048645,0.21127021312713623,-0.1229783296585083,0.0349079966545105,0.10384102910757065,1.5634084939956665,2.5468428134918213,2.3572492599487305
699,Indianapolis,Median Age,zip,2509,31,243,Feat-RGNN,9,0.9997068643569946,0.03506028652191162,-0.16747820377349854,0.0349079966545105,0.014658813364803791,1.7664731740951538,2.6145567893981934,2.3572492599487305
700,Indianapolis,Median Age,zip,2509,31,243,Feat\&PC-RGNN,0,0.9988364577293396,0.20006531476974487,-0.31891930103302,0.0349079966545105,0.04062927886843681,1.3972737789154053,2.733299732208252,2.3572492599487305
701,Indianapolis,Median Age,zip,2509,31,243,Feat\&PC-RGNN,1,0.9985877871513367,0.32261914014816284,-0.17354726791381836,0.0349079966545105,0.0437762551009655,1.236004114151001,2.6330997943878174,2.3572492599487305
702,Indianapolis,Median Age,zip,2509,31,243,Feat\&PC-RGNN,2,0.9991889595985413,0.21784847974777222,-0.20314431190490723,0.0349079966545105,0.03330938518047333,1.1983405351638794,2.6650686264038086,2.3572492599487305
703,Indianapolis,Median Age,zip,2509,31,243,Feat\&PC-RGNN,3,0.9786072373390198,0.2681846618652344,-0.13177478313446045,0.0349079966545105,0.15927256643772125,1.1543880701065063,2.6126763820648193,2.3572492599487305
704,Indianapolis,Median Age,zip,2509,31,243,Feat\&PC-RGNN,4,0.9988486766815186,0.3046944737434387,-0.1772674322128296,0.0349079966545105,0.03451824560761452,1.083954930305481,2.6446456909179688,2.3572492599487305
705,Indianapolis,Median Age,zip,2509,31,243,Feat\&PC-RGNN,5,0.9060249924659729,0.11765861511230469,-0.2897059917449951,0.0349079966545105,0.35559168457984924,1.3972347974777222,2.754080057144165,2.3572492599487305
706,Indianapolis,Median Age,zip,2509,31,243,Feat\&PC-RGNN,6,0.9999039173126221,0.2301558256149292,-0.22454798221588135,0.0349079966545105,0.01067855954170227,1.353809118270874,2.6795201301574707,2.3572492599487305
707,Indianapolis,Median Age,zip,2509,31,243,Feat\&PC-RGNN,7,0.9999924898147583,0.2435816526412964,-0.20428025722503662,0.0349079966545105,0.0025731557980179787,1.2138181924819946,2.651811122894287,2.3572492599487305
708,Indianapolis,Median Age,zip,2509,31,243,Feat\&PC-RGNN,8,0.9973912239074707,0.27292555570602417,-0.1681886911392212,0.0349079966545105,0.05379924550652504,1.1202929019927979,2.674724817276001,2.3572492599487305
709,Indianapolis,Median Age,zip,2509,31,243,Feat\&PC-RGNN,9,0.9998642802238464,-0.1448984146118164,-0.21188509464263916,0.0349079966545105,0.009398871101439,1.7722387313842773,2.6874141693115234,2.3572492599487305
710,Indianapolis,Median Age,zip,2509,31,243,NoPreTrain,0,0.9941888451576233,-0.24210238456726074,-0.37037694454193115,0.0349079966545105,0.08300057798624039,2.024879217147827,2.7760822772979736,2.3572492599487305
711,Indianapolis,Median Age,zip,2509,31,243,NoPreTrain,1,0.9997463822364807,0.14703166484832764,-0.11635041236877441,0.0349079966545105,0.019291965290904045,1.3465540409088135,2.552034854888916,2.3572492599487305
712,Indianapolis,Median Age,zip,2509,31,243,NoPreTrain,2,0.9995803236961365,0.18724358081817627,-0.10776758193969727,0.0349079966545105,0.024094833061099052,1.3266925811767578,2.5114479064941406,2.3572492599487305
713,Indianapolis,Median Age,zip,2509,31,243,NoPreTrain,3,0.999963104724884,0.20364820957183838,-0.1771172285079956,0.0349079966545105,0.005644143093377352,1.535722017288208,2.6496994495391846,2.3572492599487305
714,Indianapolis,Median Age,zip,2509,31,243,NoPreTrain,4,0.9999266862869263,-0.12668657302856445,-0.2092883586883545,0.0349079966545105,0.008940772153437138,1.863331913948059,2.6154472827911377,2.3572492599487305
715,Indianapolis,Median Age,zip,2509,31,243,NoPreTrain,5,0.9999866485595703,-0.20014500617980957,-0.31290721893310547,0.0349079966545105,0.003468787996098399,1.8920632600784302,2.679670810699463,2.3572492599487305
716,Indianapolis,Median Age,zip,2509,31,243,NoPreTrain,6,0.9999803304672241,0.21928167343139648,-0.1975710391998291,0.0349079966545105,0.004046988673508167,1.4752415418624878,2.584672689437866,2.3572492599487305
717,Indianapolis,Median Age,zip,2509,31,243,NoPreTrain,7,0.9999887347221375,0.08610230684280396,-0.1447446346282959,0.0349079966545105,0.0035306671634316444,1.5296884775161743,2.5682640075683594,2.3572492599487305
718,Indianapolis,Median Age,zip,2509,31,243,NoPreTrain,8,0.9999657273292542,-0.07053959369659424,-0.1823354959487915,0.0349079966545105,0.005975694861263037,1.9251633882522583,2.65305757522583,2.3572492599487305
719,Indianapolis,Median Age,zip,2509,31,243,NoPreTrain,9,0.9997003078460693,0.1258227825164795,-0.17438530921936035,0.0349079966545105,0.018276112154126167,1.3944263458251953,2.607999563217163,2.3572492599487305
720,Nashville,Median Income,zip,2505,18,153,Emb,0,0.9999856352806091,-31.10165786743164,-0.4065943956375122,0.17174535989761353,0.0067492141388356686,1.2053087949752808,1.9755765199661255,1.3576364517211914
721,Nashville,Median Income,zip,2505,18,153,Emb,1,0.9999930262565613,-21.969799041748047,-0.36981284618377686,0.17174535989761353,0.004803709220141172,1.0389950275421143,1.965539813041687,1.3576364517211914
722,Nashville,Median Income,zip,2505,18,153,Emb,2,0.9999826550483704,-27.600601196289062,-0.34485042095184326,0.17174535989761353,0.006991343107074499,1.1409497261047363,1.9165868759155273,1.3576364517211914
723,Nashville,Median Income,zip,2505,18,153,Emb,3,0.999976634979248,-29.467708587646484,-0.4062899351119995,0.17174535989761353,0.008874667808413506,1.2405277490615845,2.000483989715576,1.3576364517211914
724,Nashville,Median Income,zip,2505,18,153,Emb,4,0.9999608993530273,-46.16090774536133,-0.37488889694213867,0.17174535989761353,0.009589208289980888,1.424635648727417,1.9927136898040771,1.3576364517211914
725,Nashville,Median Income,zip,2505,18,153,Emb,5,0.9999783039093018,-29.481338500976562,-0.3961033821105957,0.17174535989761353,0.008548291400074959,1.127610206604004,1.938069462776184,1.3576364517211914
726,Nashville,Median Income,zip,2505,18,153,Emb,6,0.9999923706054688,-33.422401428222656,-0.443074107170105,0.17174535989761353,0.004991409368813038,1.2970163822174072,2.0175952911376953,1.3576364517211914
727,Nashville,Median Income,zip,2505,18,153,Emb,7,0.9999890923500061,-32.463314056396484,-0.4314206838607788,0.17174535989761353,0.006268695462495089,1.3082025051116943,2.0277507305145264,1.3576364517211914
728,Nashville,Median Income,zip,2505,18,153,Emb,8,0.9999923706054688,-31.21282196044922,-0.43866240978240967,0.17174535989761353,0.005450399126857519,1.2329847812652588,2.0032060146331787,1.3576364517211914
729,Nashville,Median Income,zip,2505,18,153,Emb,9,0.9999759793281555,-22.578338623046875,-0.458693265914917,0.17174535989761353,0.008765912614762783,1.073725938796997,2.0226683616638184,1.3576364517211914
730,Nashville,Median Income,zip,2505,18,153,LightGCN,0,0.9997255802154541,-53.64443588256836,0.008189201354980469,0.17174535989761353,0.030901657417416573,1.4688928127288818,1.62473726272583,1.3576364517211914
731,Nashville,Median Income,zip,2505,18,153,LightGCN,1,0.9988540410995483,-164.0020751953125,-0.15163111686706543,0.17174535989761353,0.06532552093267441,2.688650131225586,1.7725560665130615,1.3576364517211914
732,Nashville,Median Income,zip,2505,18,153,LightGCN,2,0.9996808767318726,-41.05315017700195,-0.13035869598388672,0.17174535989761353,0.030334606766700745,1.1622087955474854,1.7281454801559448,1.3576364517211914
733,Nashville,Median Income,zip,2505,18,153,LightGCN,3,0.9998700022697449,-162.41893005371094,-0.2217118740081787,0.17174535989761353,0.021236654371023178,2.508976936340332,1.7737897634506226,1.3576364517211914
734,Nashville,Median Income,zip,2505,18,153,LightGCN,4,0.9998515844345093,-151.6889190673828,-0.19921529293060303,0.17174535989761353,0.02416970022022724,2.5691542625427246,1.7959890365600586,1.3576364517211914
735,Nashville,Median Income,zip,2505,18,153,LightGCN,5,0.9993102550506592,-41.231361389160156,-0.22864794731140137,0.17174535989761353,0.04958593472838402,1.3179798126220703,1.830958604812622,1.3576364517211914
736,Nashville,Median Income,zip,2505,18,153,LightGCN,6,0.999555230140686,-74.01837158203125,-0.12063312530517578,0.17174535989761353,0.03735347464680672,1.7079323530197144,1.7238777875900269,1.3576364517211914
737,Nashville,Median Income,zip,2505,18,153,LightGCN,7,0.9998205304145813,-170.83056640625,-0.10603213310241699,0.17174535989761353,0.026338500902056694,2.635258436203003,1.7351648807525635,1.3576364517211914
738,Nashville,Median Income,zip,2505,18,153,LightGCN,8,0.9995347857475281,-153.93663024902344,-0.09410035610198975,0.17174535989761353,0.04088230058550835,2.5927631855010986,1.7268277406692505,1.3576364517211914
739,Nashville,Median Income,zip,2505,18,153,LightGCN,9,0.9995786547660828,-29.095687866210938,-0.15162241458892822,0.17174535989761353,0.03538926690816879,0.9046075940132141,1.783582329750061,1.3576364517211914
740,Nashville,Median Income,zip,2505,18,153,Feat-LightGCN,0,0.9999809265136719,-39.87548828125,-0.37178146839141846,0.17174535989761353,0.007237928453832865,1.5001264810562134,1.9363223314285278,1.3576364517211914
741,Nashville,Median Income,zip,2505,18,153,Feat-LightGCN,1,0.9999781847000122,-44.05978775024414,-0.3752479553222656,0.17174535989761353,0.008603338152170181,1.4782438278198242,1.916028380393982,1.3576364517211914
742,Nashville,Median Income,zip,2505,18,153,Feat-LightGCN,2,0.999984622001648,-39.972312927246094,-0.3190854787826538,0.17174535989761353,0.007141296751797199,1.4262449741363525,1.872563123703003,1.3576364517211914
743,Nashville,Median Income,zip,2505,18,153,Feat-LightGCN,3,0.9999843239784241,-37.58064651489258,-0.3153737783432007,0.17174535989761353,0.00683780899271369,1.3464983701705933,1.8528969287872314,1.3576364517211914
744,Nashville,Median Income,zip,2505,18,153,Feat-LightGCN,4,0.9999911785125732,-20.98192596435547,-0.23442256450653076,0.17174535989761353,0.005016580689698458,1.0140734910964966,1.7833846807479858,1.3576364517211914
745,Nashville,Median Income,zip,2505,18,153,Feat-LightGCN,5,0.9999889135360718,-46.284767150878906,-0.4009186029434204,0.17174535989761353,0.006125751882791519,1.5191808938980103,1.9280329942703247,1.3576364517211914
746,Nashville,Median Income,zip,2505,18,153,Feat-LightGCN,6,0.9999940991401672,-42.71461486816406,-0.34209632873535156,0.17174535989761353,0.0044584861025214195,1.4772989749908447,1.9247161149978638,1.3576364517211914
747,Nashville,Median Income,zip,2505,18,153,Feat-LightGCN,7,0.9999786615371704,-42.848876953125,-0.35612261295318604,0.17174535989761353,0.008523140102624893,1.4185819625854492,1.9212092161178589,1.3576364517211914
748,Nashville,Median Income,zip,2505,18,153,Feat-LightGCN,8,0.99998939037323,-34.07704162597656,-0.304317831993103,0.17174535989761353,0.005332167260348797,1.2766673564910889,1.8612993955612183,1.3576364517211914
749,Nashville,Median Income,zip,2505,18,153,Feat-LightGCN,9,0.9999915957450867,-36.99263381958008,-0.2965017557144165,0.17174535989761353,0.004817954730242491,1.364083170890808,1.866233229637146,1.3576364517211914
750,Nashville,Median Income,zip,2505,18,153,Feat\&PC-LightGCN,0,0.9999974370002747,-1.47383713722229,0.18408989906311035,0.17174535989761353,0.0025455851573497057,0.36374256014823914,1.3427776098251343,1.3576364517211914
751,Nashville,Median Income,zip,2505,18,153,Feat\&PC-LightGCN,1,0.9999977350234985,-1.759509563446045,0.17763322591781616,0.17174535989761353,0.0024969764053821564,0.3653613328933716,1.3522613048553467,1.3576364517211914
752,Nashville,Median Income,zip,2505,18,153,Feat\&PC-LightGCN,2,0.999997615814209,-5.8026533126831055,0.2094111442565918,0.17174535989761353,0.0024813811760395765,0.5570963025093079,1.3242871761322021,1.3576364517211914
753,Nashville,Median Income,zip,2505,18,153,Feat\&PC-LightGCN,3,0.9999977946281433,-3.176558494567871,0.20627498626708984,0.17174535989761353,0.002491565654054284,0.4509524703025818,1.339674949645996,1.3576364517211914
754,Nashville,Median Income,zip,2505,18,153,Feat\&PC-LightGCN,4,0.9999979138374329,-2.174875259399414,0.17237961292266846,0.17174535989761353,0.0025980679783970118,0.3837164044380188,1.3715523481369019,1.3576364517211914
755,Nashville,Median Income,zip,2505,18,153,Feat\&PC-LightGCN,5,0.9998041391372681,-1.8416306972503662,0.19144994020462036,0.17174535989761353,0.023383675143122673,0.36554664373397827,1.3557499647140503,1.3576364517211914
756,Nashville,Median Income,zip,2505,18,153,Feat\&PC-LightGCN,6,0.9999971389770508,-4.83587646484375,0.1715797781944275,0.17174535989761353,0.002900328952819109,0.5233836770057678,1.3585278987884521,1.3576364517211914
757,Nashville,Median Income,zip,2505,18,153,Feat\&PC-LightGCN,7,0.9999986886978149,-0.6974203586578369,0.21301275491714478,0.17174535989761353,0.0019518950721248984,0.3130130171775818,1.3261473178863525,1.3576364517211914
758,Nashville,Median Income,zip,2505,18,153,Feat\&PC-LightGCN,8,0.9999979734420776,-3.0653529167175293,0.1924046277999878,0.17174535989761353,0.0022409127559512854,0.41350460052490234,1.3584054708480835,1.3576364517211914
759,Nashville,Median Income,zip,2505,18,153,Feat\&PC-LightGCN,9,0.999997615814209,-4.098145961761475,0.15658509731292725,0.17174535989761353,0.002768600592389703,0.49302247166633606,1.3600069284439087,1.3576364517211914
760,Nashville,Median Income,zip,2505,18,153,RGNN,0,0.9920652508735657,-97.91656494140625,-0.736980676651001,0.17174535989761353,0.16882289946079254,1.7750554084777832,2.18758225440979,1.3576364517211914
761,Nashville,Median Income,zip,2505,18,153,RGNN,1,0.9999203681945801,-58.79022216796875,-0.6280660629272461,0.17174535989761353,0.016970183700323105,1.384522557258606,2.0389201641082764,1.3576364517211914
762,Nashville,Median Income,zip,2505,18,153,RGNN,2,0.9985265731811523,-58.178855895996094,-0.35816490650177,0.17174535989761353,0.06939659267663956,1.1358188390731812,1.8216640949249268,1.3576364517211914
763,Nashville,Median Income,zip,2505,18,153,RGNN,3,0.9999129176139832,-27.451370239257812,-0.3405719995498657,0.17174535989761353,0.017136570066213608,1.0647363662719727,1.831894874572754,1.3576364517211914
764,Nashville,Median Income,zip,2505,18,153,RGNN,4,0.9998634457588196,-29.018993377685547,-0.24392521381378174,0.17174535989761353,0.02431681752204895,0.8393405675888062,1.7832330465316772,1.3576364517211914
765,Nashville,Median Income,zip,2505,18,153,RGNN,5,0.9999285340309143,-22.994182586669922,-0.5019826889038086,0.17174535989761353,0.01740214228630066,0.8484441041946411,1.956994891166687,1.3576364517211914
766,Nashville,Median Income,zip,2505,18,153,RGNN,6,0.9997470378875732,-29.567548751831055,-0.32819581031799316,0.17174535989761353,0.032352264970541,1.018896460533142,1.8155595064163208,1.3576364517211914
767,Nashville,Median Income,zip,2505,18,153,RGNN,7,0.998658299446106,-71.23150634765625,-0.3950185775756836,0.17174535989761353,0.06743939965963364,1.3385097980499268,1.8765143156051636,1.3576364517211914
768,Nashville,Median Income,zip,2505,18,153,RGNN,8,0.9954668283462524,-66.21355438232422,-0.666488528251648,0.17174535989761353,0.1125790998339653,1.396775245666504,2.087043285369873,1.3576364517211914
769,Nashville,Median Income,zip,2505,18,153,RGNN,9,0.9998735189437866,-91.76290130615234,-0.3230637311935425,0.17174535989761353,0.02020898647606373,1.3703033924102783,1.775837779045105,1.3576364517211914
770,Nashville,Median Income,zip,2505,18,153,Feat-RGNN,0,0.9987750053405762,-123.19509887695312,-0.4295341968536377,0.17174535989761353,0.07097723335027695,2.3427157402038574,2.0191164016723633,1.3576364517211914
771,Nashville,Median Income,zip,2505,18,153,Feat-RGNN,1,0.9980998635292053,-130.08346557617188,-0.568062424659729,0.17174535989761353,0.09160315990447998,2.3777332305908203,2.1077022552490234,1.3576364517211914
772,Nashville,Median Income,zip,2505,18,153,Feat-RGNN,2,0.9997467398643494,-97.766845703125,-0.37895894050598145,0.17174535989761353,0.030214710161089897,2.1373982429504395,1.9507793188095093,1.3576364517211914
773,Nashville,Median Income,zip,2505,18,153,Feat-RGNN,3,0.9997480511665344,-106.08281707763672,-0.3887988328933716,0.17174535989761353,0.029305294156074524,2.088041305541992,1.9802261590957642,1.3576364517211914
774,Nashville,Median Income,zip,2505,18,153,Feat-RGNN,4,0.999729335308075,-123.50775909423828,-0.5562670230865479,0.17174535989761353,0.03356405347585678,2.3009800910949707,2.0740203857421875,1.3576364517211914
775,Nashville,Median Income,zip,2505,18,153,Feat-RGNN,5,0.9995418787002563,-171.23928833007812,-0.6810750961303711,0.17174535989761353,0.043891631066799164,2.692988157272339,2.178887367248535,1.3576364517211914
776,Nashville,Median Income,zip,2505,18,153,Feat-RGNN,6,0.9995686411857605,-160.11473083496094,-0.5551097393035889,0.17174535989761353,0.03209439292550087,2.515719413757324,2.0894830226898193,1.3576364517211914
777,Nashville,Median Income,zip,2505,18,153,Feat-RGNN,7,0.99973464012146,-148.54815673828125,-0.7810368537902832,0.17174535989761353,0.03226238489151001,2.5227770805358887,2.265160083770752,1.3576364517211914
778,Nashville,Median Income,zip,2505,18,153,Feat-RGNN,8,0.982435941696167,-134.09405517578125,-0.49969422817230225,0.17174535989761353,0.25265106558799744,2.2966909408569336,2.066729784011841,1.3576364517211914
779,Nashville,Median Income,zip,2505,18,153,Feat-RGNN,9,0.99896240234375,-134.2689971923828,-0.4598574638366699,0.17174535989761353,0.06387018412351608,2.3756942749023438,2.014430522918701,1.3576364517211914
780,Nashville,Median Income,zip,2505,18,153,Feat\&PC-RGNN,0,0.9999763369560242,-17.40380096435547,-0.18059945106506348,0.17174535989761353,0.009570934809744358,0.9615619778633118,1.8035268783569336,1.3576364517211914
781,Nashville,Median Income,zip,2505,18,153,Feat\&PC-RGNN,1,0.9997925162315369,-4.3665771484375,-0.02405083179473877,0.17174535989761353,0.023482676595449448,0.5065696239471436,1.6645724773406982,1.3576364517211914
782,Nashville,Median Income,zip,2505,18,153,Feat\&PC-RGNN,2,0.9999660849571228,-27.915218353271484,-0.04195582866668701,0.17174535989761353,0.009885920211672783,1.1398077011108398,1.6614147424697876,1.3576364517211914
783,Nashville,Median Income,zip,2505,18,153,Feat\&PC-RGNN,3,0.9999827742576599,-13.82896614074707,-0.05311775207519531,0.17174535989761353,0.008257102221250534,0.8298689126968384,1.6783888339996338,1.3576364517211914
784,Nashville,Median Income,zip,2505,18,153,Feat\&PC-RGNN,4,0.9999890327453613,-6.021114826202393,-0.04880678653717041,0.17174535989761353,0.0061687869019806385,0.5893944501876831,1.6623886823654175,1.3576364517211914
785,Nashville,Median Income,zip,2505,18,153,Feat\&PC-RGNN,5,0.9999593496322632,-9.336697578430176,-0.03980875015258789,0.17174535989761353,0.009670814499258995,0.7403781414031982,1.661402940750122,1.3576364517211914
786,Nashville,Median Income,zip,2505,18,153,Feat\&PC-RGNN,6,0.9999648928642273,-17.17409324645996,-0.08262312412261963,0.17174535989761353,0.011831416748464108,0.8337413668632507,1.7460976839065552,1.3576364517211914
787,Nashville,Median Income,zip,2505,18,153,Feat\&PC-RGNN,7,0.9999338388442993,-9.977121353149414,-0.12307226657867432,0.17174535989761353,0.01507441233843565,0.7070178985595703,1.7412289381027222,1.3576364517211914
788,Nashville,Median Income,zip,2505,18,153,Feat\&PC-RGNN,8,0.9999962449073792,-14.474181175231934,-0.15488862991333008,0.17174535989761353,0.0034004817716777325,0.854338526725769,1.7827560901641846,1.3576364517211914
789,Nashville,Median Income,zip,2505,18,153,Feat\&PC-RGNN,9,0.9999905228614807,-8.662162780761719,0.04313462972640991,0.17174535989761353,0.005911545362323523,0.699516773223877,1.5770896673202515,1.3576364517211914
790,Nashville,Median Income,zip,2505,18,153,NoPreTrain,0,0.9999825954437256,-3.134519577026367,0.005302369594573975,0.17174535989761353,0.008734147064387798,0.47870850563049316,1.61610746383667,1.3576364517211914
791,Nashville,Median Income,zip,2505,18,153,NoPreTrain,1,0.9999842643737793,-10.342037200927734,-0.18219411373138428,0.17174535989761353,0.006387774832546711,0.7691931128501892,1.6716976165771484,1.3576364517211914
792,Nashville,Median Income,zip,2505,18,153,NoPreTrain,2,0.9999951124191284,-0.12173616886138916,-0.047022223472595215,0.17174535989761353,0.003748035291209817,0.20518437027931213,1.6686503887176514,1.3576364517211914
793,Nashville,Median Income,zip,2505,18,153,NoPreTrain,3,0.9999876022338867,-0.6017551422119141,-0.08875095844268799,0.17174535989761353,0.006255529820919037,0.26965394616127014,1.608033299446106,1.3576364517211914
794,Nashville,Median Income,zip,2505,18,153,NoPreTrain,4,0.999988853931427,-5.054555416107178,-0.09339988231658936,0.17174535989761353,0.00603297958150506,0.47008180618286133,1.6374268531799316,1.3576364517211914
795,Nashville,Median Income,zip,2505,18,153,NoPreTrain,5,0.9999900460243225,-8.035539627075195,-0.14184045791625977,0.17174535989761353,0.005606836173683405,0.6553875207901001,1.774515151977539,1.3576364517211914
796,Nashville,Median Income,zip,2505,18,153,NoPreTrain,6,0.9999926090240479,-0.8618835210800171,-0.08145058155059814,0.17174535989761353,0.004654158838093281,0.32371824979782104,1.6050318479537964,1.3576364517211914
797,Nashville,Median Income,zip,2505,18,153,NoPreTrain,7,0.9999942183494568,-2.249352216720581,-0.051209449768066406,0.17174535989761353,0.003828304586932063,0.3762113153934479,1.5696786642074585,1.3576364517211914
798,Nashville,Median Income,zip,2505,18,153,NoPreTrain,8,0.999983549118042,-2.2991769313812256,0.042783915996551514,0.17174535989761353,0.005899800453335047,0.32134491205215454,1.5684469938278198,1.3576364517211914
799,Nashville,Median Income,zip,2505,18,153,NoPreTrain,9,0.9999903440475464,-1.3945918083190918,-0.20166492462158203,0.17174535989761353,0.00522190285846591,0.3277195692062378,1.7809065580368042,1.3576364517211914
800,Nashville,Median Home Value,zip,2338,18,147,Emb,0,0.9999891519546509,-1.8357977867126465,-0.4376547336578369,-0.17395877838134766,0.005597948096692562,1.0896906852722168,2.3099987506866455,1.855020523071289
801,Nashville,Median Home Value,zip,2338,18,147,Emb,1,0.9999970197677612,-1.2715530395507812,-0.3568929433822632,-0.17395877838134766,0.003211498726159334,0.8247950077056885,2.171190023422241,1.855020523071289
802,Nashville,Median Home Value,zip,2338,18,147,Emb,2,0.9999942183494568,-2.8099608421325684,-0.44953453540802,-0.17395877838134766,0.003985818009823561,1.3009361028671265,2.334149122238159,1.855020523071289
803,Nashville,Median Home Value,zip,2338,18,147,Emb,3,0.9999899864196777,-1.4824185371398926,-0.3813009262084961,-0.17395877838134766,0.006261001341044903,0.9149019718170166,2.2413687705993652,1.855020523071289
804,Nashville,Median Home Value,zip,2338,18,147,Emb,4,0.999994158744812,-6.259355545043945,-0.3944356441497803,-0.17395877838134766,0.004061424173414707,1.377690315246582,2.154761791229248,1.855020523071289
805,Nashville,Median Home Value,zip,2338,18,147,Emb,5,0.999991238117218,-4.743058681488037,-0.4172588586807251,-0.17395877838134766,0.005626908503472805,1.2483203411102295,2.210664749145508,1.855020523071289
806,Nashville,Median Home Value,zip,2338,18,147,Emb,6,0.9999873042106628,-0.9595121145248413,-0.4176865816116333,-0.17395877838134766,0.0060438974760472775,0.8332081437110901,2.271082639694214,1.855020523071289
807,Nashville,Median Home Value,zip,2338,18,147,Emb,7,0.9999927282333374,-2.9006590843200684,-0.46280622482299805,-0.17395877838134766,0.005042123608291149,1.0669573545455933,2.3219032287597656,1.855020523071289
808,Nashville,Median Home Value,zip,2338,18,147,Emb,8,0.999977707862854,-6.095371723175049,-0.466998815536499,-0.17395877838134766,0.009237607941031456,1.4976677894592285,2.2620856761932373,1.855020523071289
809,Nashville,Median Home Value,zip,2338,18,147,Emb,9,0.9999943375587463,-0.717800498008728,-0.4553110599517822,-0.17395877838134766,0.004244739655405283,0.9038987159729004,2.2650163173675537,1.855020523071289
810,Nashville,Median Home Value,zip,2338,18,147,LightGCN,0,0.9998874068260193,-1.9402401447296143,-0.8596545457839966,-0.17395877838134766,0.019379928708076477,1.1663211584091187,2.6338911056518555,1.855020523071289
811,Nashville,Median Home Value,zip,2338,18,147,LightGCN,1,0.9998982548713684,-7.974522590637207,-1.136425256729126,-0.17395877838134766,0.01673000678420067,2.135266065597534,2.845506429672241,1.855020523071289
812,Nashville,Median Home Value,zip,2338,18,147,LightGCN,2,0.9999731183052063,-5.757110595703125,-0.9745897054672241,-0.17395877838134766,0.008982879109680653,1.6214451789855957,2.7116518020629883,1.855020523071289
813,Nashville,Median Home Value,zip,2338,18,147,LightGCN,3,0.9998669028282166,-4.0038347244262695,-0.9493887424468994,-0.17395877838134766,0.019157614558935165,1.4150351285934448,2.6813483238220215,1.855020523071289
814,Nashville,Median Home Value,zip,2338,18,147,LightGCN,4,0.9999871850013733,-5.335448265075684,-1.1529731750488281,-0.17395877838134766,0.0067516532726585865,1.677322268486023,2.8921754360198975,1.855020523071289
815,Nashville,Median Home Value,zip,2338,18,147,LightGCN,5,0.9996849298477173,-5.916079998016357,-1.0177507400512695,-0.17395877838134766,0.030027031898498535,1.7852838039398193,2.78879714012146,1.855020523071289
816,Nashville,Median Home Value,zip,2338,18,147,LightGCN,6,0.9996497631072998,-7.949066162109375,-1.243539571762085,-0.17395877838134766,0.028276724740862846,2.02376127243042,2.8852484226226807,1.855020523071289
817,Nashville,Median Home Value,zip,2338,18,147,LightGCN,7,0.9992498755455017,-5.601068019866943,-0.9621357917785645,-0.17395877838134766,0.035602159798145294,1.599595546722412,2.6639931201934814,1.855020523071289
818,Nashville,Median Home Value,zip,2338,18,147,LightGCN,8,0.999877393245697,-8.039846420288086,-1.225450038909912,-0.17395877838134766,0.019567767158150673,2.081138849258423,2.8932666778564453,1.855020523071289
819,Nashville,Median Home Value,zip,2338,18,147,LightGCN,9,0.9996845126152039,-5.595132350921631,-0.9929108619689941,-0.17395877838134766,0.03013857640326023,1.671666145324707,2.7173914909362793,1.855020523071289
820,Nashville,Median Home Value,zip,2338,18,147,Feat-LightGCN,0,0.9999924302101135,-3.6305651664733887,-0.8923866748809814,-0.17395877838134766,0.004692372865974903,1.2924563884735107,2.65440034866333,1.855020523071289
821,Nashville,Median Home Value,zip,2338,18,147,Feat-LightGCN,1,0.9999959468841553,-2.9355621337890625,-0.863648533821106,-0.17395877838134766,0.0035285146441310644,1.2424933910369873,2.5936083793640137,1.855020523071289
822,Nashville,Median Home Value,zip,2338,18,147,Feat-LightGCN,2,0.9999905824661255,-3.5164012908935547,-0.9218165874481201,-0.17395877838134766,0.005349444691091776,1.2776832580566406,2.6152303218841553,1.855020523071289
823,Nashville,Median Home Value,zip,2338,18,147,Feat-LightGCN,3,0.9999958872795105,-4.180715560913086,-0.9483932256698608,-0.17395877838134766,0.003335211891680956,1.3195106983184814,2.6565754413604736,1.855020523071289
824,Nashville,Median Home Value,zip,2338,18,147,Feat-LightGCN,4,0.9999955892562866,-2.736696720123291,-0.7850686311721802,-0.17395877838134766,0.003987275063991547,1.2549489736557007,2.5470449924468994,1.855020523071289
825,Nashville,Median Home Value,zip,2338,18,147,Feat-LightGCN,5,0.9999803304672241,-5.708362102508545,-1.1627352237701416,-0.17395877838134766,0.008254781365394592,1.6445344686508179,2.783942222595215,1.855020523071289
826,Nashville,Median Home Value,zip,2338,18,147,Feat-LightGCN,6,0.9999942183494568,-3.9490461349487305,-0.9820010662078857,-0.17395877838134766,0.004014316014945507,1.4176007509231567,2.7176568508148193,1.855020523071289
827,Nashville,Median Home Value,zip,2338,18,147,Feat-LightGCN,7,0.9999908804893494,-3.4875717163085938,-0.8715757131576538,-0.17395877838134766,0.004732915200293064,1.2368422746658325,2.6032955646514893,1.855020523071289
828,Nashville,Median Home Value,zip,2338,18,147,Feat-LightGCN,8,0.9999874830245972,-3.443844795227051,-0.9465203285217285,-0.17395877838134766,0.0056818341836333275,1.2919267416000366,2.6810905933380127,1.855020523071289
829,Nashville,Median Home Value,zip,2338,18,147,Feat-LightGCN,9,0.999978244304657,-5.037824630737305,-1.0821177959442139,-0.17395877838134766,0.008414878509938717,1.6424351930618286,2.7535126209259033,1.855020523071289
830,Nashville,Median Home Value,zip,2338,18,147,Feat\&PC-LightGCN,0,0.9999991059303284,0.6671462059020996,-0.1610327959060669,-0.17395877838134766,0.0016612366307526827,0.45577022433280945,1.8706365823745728,1.855020523071289
831,Nashville,Median Home Value,zip,2338,18,147,Feat\&PC-LightGCN,1,0.9999986290931702,0.25550907850265503,-0.22830605506896973,-0.17395877838134766,0.001977493055164814,0.6288378238677979,1.9447466135025024,1.855020523071289
832,Nashville,Median Home Value,zip,2338,18,147,Feat\&PC-LightGCN,2,0.9999997615814209,0.6075348854064941,-0.16822314262390137,-0.17395877838134766,0.0007823438500054181,0.4385342001914978,1.8881549835205078,1.855020523071289
833,Nashville,Median Home Value,zip,2338,18,147,Feat\&PC-LightGCN,3,0.9999993443489075,0.8464763760566711,-0.18677866458892822,-0.17395877838134766,0.0014700971078127623,0.22559018433094025,1.891998052597046,1.855020523071289
834,Nashville,Median Home Value,zip,2338,18,147,Feat\&PC-LightGCN,4,0.9999927282333374,0.7842926383018494,-0.18065953254699707,-0.17395877838134766,0.004033995326608419,0.3573976755142212,1.8862284421920776,1.855020523071289
835,Nashville,Median Home Value,zip,2338,18,147,Feat\&PC-LightGCN,5,0.9999999403953552,0.6716448068618774,-0.1802290678024292,-0.17395877838134766,0.0004748211067635566,0.4086916148662567,1.904159426689148,1.855020523071289
836,Nashville,Median Home Value,zip,2338,18,147,Feat\&PC-LightGCN,6,0.9999995231628418,0.748125433921814,-0.15195703506469727,-0.17395877838134766,0.0011528125032782555,0.3524877727031708,1.8663671016693115,1.855020523071289
837,Nashville,Median Home Value,zip,2338,18,147,Feat\&PC-LightGCN,7,0.9999990463256836,0.8675596117973328,-0.15981733798980713,-0.17395877838134766,0.0016635454958304763,0.23827007412910461,1.8760426044464111,1.855020523071289
838,Nashville,Median Home Value,zip,2338,18,147,Feat\&PC-LightGCN,8,0.999998927116394,0.7338628768920898,-0.1501295566558838,-0.17395877838134766,0.001810381538234651,0.3847331702709198,1.8579462766647339,1.855020523071289
839,Nashville,Median Home Value,zip,2338,18,147,Feat\&PC-LightGCN,9,0.9999988675117493,0.7175627946853638,-0.16113770008087158,-0.17395877838134766,0.0018347649602219462,0.4321262538433075,1.8761392831802368,1.855020523071289
840,Nashville,Median Home Value,zip,2338,18,147,RGNN,0,0.9996074438095093,-10.469217300415039,-0.5004304647445679,-0.17395877838134766,0.04074796661734581,1.9302716255187988,2.4165308475494385,1.855020523071289
841,Nashville,Median Home Value,zip,2338,18,147,RGNN,1,0.9999158978462219,-9.656622886657715,-0.5286990404129028,-0.17395877838134766,0.018114794045686722,1.9428884983062744,2.3999879360198975,1.855020523071289
842,Nashville,Median Home Value,zip,2338,18,147,RGNN,2,0.9999933838844299,-4.276360511779785,-0.45258617401123047,-0.17395877838134766,0.004102774895727634,1.3642103672027588,2.2571702003479004,1.855020523071289
843,Nashville,Median Home Value,zip,2338,18,147,RGNN,3,0.9999018907546997,-7.889971733093262,-0.5979753732681274,-0.17395877838134766,0.017517467960715294,1.7537016868591309,2.398991346359253,1.855020523071289
844,Nashville,Median Home Value,zip,2338,18,147,RGNN,4,0.9999586939811707,-5.8507304191589355,-0.5452326536178589,-0.17395877838134766,0.012435846030712128,1.6370389461517334,2.317791700363159,1.855020523071289
845,Nashville,Median Home Value,zip,2338,18,147,RGNN,5,0.999928891658783,-9.0152587890625,-0.5411211252212524,-0.17395877838134766,0.016557905822992325,1.9401299953460693,2.4225027561187744,1.855020523071289
846,Nashville,Median Home Value,zip,2338,18,147,RGNN,6,0.9999929070472717,-4.318357944488525,-0.5107004642486572,-0.17395877838134766,0.004634467419236898,1.5600037574768066,2.297952890396118,1.855020523071289
847,Nashville,Median Home Value,zip,2338,18,147,RGNN,7,0.9989787340164185,-10.367546081542969,-0.47504496574401855,-0.17395877838134766,0.06792578846216202,1.950568437576294,2.3554928302764893,1.855020523071289
848,Nashville,Median Home Value,zip,2338,18,147,RGNN,8,0.999943196773529,-10.933027267456055,-0.5870325565338135,-0.17395877838134766,0.014503329992294312,2.028998613357544,2.4198696613311768,1.855020523071289
849,Nashville,Median Home Value,zip,2338,18,147,RGNN,9,0.9999641180038452,-3.415813446044922,-0.548102617263794,-0.17395877838134766,0.010808727703988552,1.3459389209747314,2.273935317993164,1.855020523071289
850,Nashville,Median Home Value,zip,2338,18,147,Feat-RGNN,0,0.9999376535415649,-0.013972997665405273,-0.589880108833313,-0.17395877838134766,0.014578698202967644,0.5157605409622192,2.5106911659240723,1.855020523071289
851,Nashville,Median Home Value,zip,2338,18,147,Feat-RGNN,1,0.9999931454658508,0.007397174835205078,-0.6583724021911621,-0.17395877838134766,0.004244796931743622,0.48273420333862305,2.5223758220672607,1.855020523071289
852,Nashville,Median Home Value,zip,2338,18,147,Feat-RGNN,2,0.9999533891677856,0.2805607318878174,-0.5778355598449707,-0.17395877838134766,0.010824011638760567,0.49202969670295715,2.557143449783325,1.855020523071289
853,Nashville,Median Home Value,zip,2338,18,147,Feat-RGNN,3,0.9999747276306152,-0.06093776226043701,-0.5154684782028198,-0.17395877838134766,0.008863460272550583,0.7492905855178833,2.421900987625122,1.855020523071289
854,Nashville,Median Home Value,zip,2338,18,147,Feat-RGNN,4,0.9998469352722168,0.17043918371200562,-0.5236721038818359,-0.17395877838134766,0.021018121391534805,0.47963741421699524,2.3895671367645264,1.855020523071289
855,Nashville,Median Home Value,zip,2338,18,147,Feat-RGNN,5,0.9999529123306274,-0.9851140975952148,-0.868488073348999,-0.17395877838134766,0.012397835031151772,0.8252077102661133,2.8600950241088867,1.855020523071289
856,Nashville,Median Home Value,zip,2338,18,147,Feat-RGNN,6,0.9987780451774597,0.6933634281158447,-0.5228320360183716,-0.17395877838134766,0.07113058865070343,0.3112201392650604,2.3743436336517334,1.855020523071289
857,Nashville,Median Home Value,zip,2338,18,147,Feat-RGNN,7,0.999776303768158,-0.02249431610107422,-0.6065171957015991,-0.17395877838134766,0.02558688260614872,0.6364574432373047,2.438997268676758,1.855020523071289
858,Nashville,Median Home Value,zip,2338,18,147,Feat-RGNN,8,0.9999945759773254,-0.2659493684768677,-0.5713633298873901,-0.17395877838134766,0.0038168567698448896,0.7694724202156067,2.4769747257232666,1.855020523071289
859,Nashville,Median Home Value,zip,2338,18,147,Feat-RGNN,9,0.9963240623474121,-2.2022666931152344,-1.162900686264038,-0.17395877838134766,0.12239992618560791,1.0342891216278076,3.064821481704712,1.855020523071289
860,Nashville,Median Home Value,zip,2338,18,147,Feat\&PC-RGNN,0,0.9999978542327881,-3.7267093658447266,-0.6513950824737549,-0.17395877838134766,0.002470446517691016,1.6192312240600586,2.478994846343994,1.855020523071289
861,Nashville,Median Home Value,zip,2338,18,147,Feat\&PC-RGNN,1,0.9999287128448486,-2.914415121078491,-0.5899481773376465,-0.17395877838134766,0.017712201923131943,1.4404367208480835,2.414846658706665,1.855020523071289
862,Nashville,Median Home Value,zip,2338,18,147,Feat\&PC-RGNN,2,0.9999971985816956,-0.27699780464172363,-0.35395240783691406,-0.17395877838134766,0.0028123450465500355,0.8451439738273621,2.125669240951538,1.855020523071289
863,Nashville,Median Home Value,zip,2338,18,147,Feat\&PC-RGNN,3,0.9999900460243225,-3.028043746948242,-0.5513722896575928,-0.17395877838134766,0.00600432651117444,1.4733679294586182,2.377034902572632,1.855020523071289
864,Nashville,Median Home Value,zip,2338,18,147,Feat\&PC-RGNN,4,0.9999958276748657,-1.475081205368042,-0.47801411151885986,-0.17395877838134766,0.0035446796100586653,1.170335292816162,2.263974666595459,1.855020523071289
865,Nashville,Median Home Value,zip,2338,18,147,Feat\&PC-RGNN,5,0.9999966621398926,-1.3567590713500977,-0.49306046962738037,-0.17395877838134766,0.002910604001954198,1.1529295444488525,2.2874410152435303,1.855020523071289
866,Nashville,Median Home Value,zip,2338,18,147,Feat\&PC-RGNN,6,0.9999915361404419,-1.1877632141113281,-0.5529024600982666,-0.17395877838134766,0.005004050675779581,1.1501665115356445,2.3572142124176025,1.855020523071289
867,Nashville,Median Home Value,zip,2338,18,147,Feat\&PC-RGNN,7,0.9999986886978149,-2.0710980892181396,-0.5663425922393799,-0.17395877838134766,0.0019884782377630472,1.2911193370819092,2.3319475650787354,1.855020523071289
868,Nashville,Median Home Value,zip,2338,18,147,Feat\&PC-RGNN,8,0.9999938011169434,-3.856964111328125,-0.7615839242935181,-0.17395877838134766,0.003585315076634288,1.6495463848114014,2.5640923976898193,1.855020523071289
869,Nashville,Median Home Value,zip,2338,18,147,Feat\&PC-RGNN,9,0.9999616146087646,0.04894763231277466,-0.2994992733001709,-0.17395877838134766,0.009880641475319862,0.6830824613571167,2.0590615272521973,1.855020523071289
870,Nashville,Median Home Value,zip,2338,18,147,NoPreTrain,0,0.9999873638153076,-1.9616305828094482,-0.38634490966796875,-0.17395877838134766,0.00540990149602294,0.9817909002304077,2.1466376781463623,1.855020523071289
871,Nashville,Median Home Value,zip,2338,18,147,NoPreTrain,1,0.9999889731407166,-0.7037439346313477,-0.3908374309539795,-0.17395877838134766,0.005039036273956299,0.7494399547576904,2.1776797771453857,1.855020523071289
872,Nashville,Median Home Value,zip,2338,18,147,NoPreTrain,2,0.9999938607215881,0.23072445392608643,-0.324321985244751,-0.17395877838134766,0.004607819952070713,0.44227609038352966,2.1014814376831055,1.855020523071289
873,Nashville,Median Home Value,zip,2338,18,147,NoPreTrain,3,0.999983549118042,-0.13619744777679443,-0.3103792667388916,-0.17395877838134766,0.007379732094705105,0.7609283924102783,2.1345338821411133,1.855020523071289
874,Nashville,Median Home Value,zip,2338,18,147,NoPreTrain,4,0.9999827146530151,0.16860181093215942,-0.34900152683258057,-0.17395877838134766,0.006327552255243063,0.6644845008850098,2.1340224742889404,1.855020523071289
875,Nashville,Median Home Value,zip,2338,18,147,NoPreTrain,5,0.9999966621398926,0.1651797890663147,-0.32143163681030273,-0.17395877838134766,0.0036924465093761683,0.5774072408676147,2.0234122276306152,1.855020523071289
876,Nashville,Median Home Value,zip,2338,18,147,NoPreTrain,6,0.99998539686203,0.3328298330307007,-0.2125988006591797,-0.17395877838134766,0.007786971051245928,0.5528642535209656,1.9740017652511597,1.855020523071289
877,Nashville,Median Home Value,zip,2338,18,147,NoPreTrain,7,0.9999848008155823,0.28329241275787354,-0.2458345890045166,-0.17395877838134766,0.007404988165944815,0.5742363333702087,1.9882131814956665,1.855020523071289
878,Nashville,Median Home Value,zip,2338,18,147,NoPreTrain,8,0.9999819397926331,-1.843843936920166,-0.37190496921539307,-0.17395877838134766,0.006534033454954624,1.0221900939941406,2.161024808883667,1.855020523071289
879,Nashville,Median Home Value,zip,2338,18,147,NoPreTrain,9,0.9995779395103455,0.4330821633338928,-0.2012472152709961,-0.17395877838134766,0.04163791611790657,0.4735635817050934,1.940726399421692,1.855020523071289
880,Nashville,Median Age,zip,2521,18,156,Emb,0,0.9999969601631165,-2.363661527633667,-0.13263463973999023,0.09648102521896362,0.0026899001095443964,1.347774624824524,3.0446105003356934,2.543693780899048
881,Nashville,Median Age,zip,2521,18,156,Emb,1,0.9999765157699585,-0.8301284313201904,-0.12878000736236572,0.09648102521896362,0.008026589639484882,0.98952716588974,3.052499532699585,2.543693780899048
882,Nashville,Median Age,zip,2521,18,156,Emb,2,0.9999963045120239,-1.524320125579834,-0.09196269512176514,0.09648102521896362,0.003438495099544525,1.1664588451385498,2.988208770751953,2.543693780899048
883,Nashville,Median Age,zip,2521,18,156,Emb,3,0.9999929070472717,-2.26914381980896,-0.1284792423248291,0.09648102521896362,0.004994592629373074,1.3573200702667236,3.0532493591308594,2.543693780899048
884,Nashville,Median Age,zip,2521,18,156,Emb,4,0.9999967217445374,-0.7951041460037231,-0.06743097305297852,0.09648102521896362,0.003414627630263567,0.8989301919937134,2.9156970977783203,2.543693780899048
885,Nashville,Median Age,zip,2521,18,156,Emb,5,0.9999978542327881,-0.5059053897857666,-0.09082388877868652,0.09648102521896362,0.0025163728278130293,0.8696509003639221,2.9958863258361816,2.543693780899048
886,Nashville,Median Age,zip,2521,18,156,Emb,6,0.9999952912330627,-1.162121295928955,-0.09108841419219971,0.09648102521896362,0.0028944090008735657,1.0120062828063965,2.9893834590911865,2.543693780899048
887,Nashville,Median Age,zip,2521,18,156,Emb,7,0.9999974370002747,-1.2109644412994385,-0.11072683334350586,0.09648102521896362,0.0026395830791443586,1.0559407472610474,3.038411855697632,2.543693780899048
888,Nashville,Median Age,zip,2521,18,156,Emb,8,0.9999957084655762,-0.5191458463668823,-0.11052680015563965,0.09648102521896362,0.003898441791534424,0.8831172585487366,3.0369999408721924,2.543693780899048
889,Nashville,Median Age,zip,2521,18,156,Emb,9,0.9999970197677612,-1.4866786003112793,-0.10544097423553467,0.09648102521896362,0.003072476712986827,1.2060099840164185,2.991814613342285,2.543693780899048
890,Nashville,Median Age,zip,2521,18,156,LightGCN,0,0.9999628663063049,-0.9380375146865845,0.000822901725769043,0.09648102521896362,0.009386916644871235,0.9153110980987549,2.7837657928466797,2.543693780899048
891,Nashville,Median Age,zip,2521,18,156,LightGCN,1,0.9999724626541138,-0.6765979528427124,0.004273414611816406,0.09648102521896362,0.00994084868580103,0.8910058736801147,2.785982370376587,2.543693780899048
892,Nashville,Median Age,zip,2521,18,156,LightGCN,2,0.9999876022338867,-0.730682373046875,0.016985416412353516,0.09648102521896362,0.006514132022857666,0.9321939945220947,2.775078296661377,2.543693780899048
893,Nashville,Median Age,zip,2521,18,156,LightGCN,3,0.9999921917915344,-0.5898008346557617,0.011532068252563477,0.09648102521896362,0.004612778313457966,0.8039629459381104,2.7557835578918457,2.543693780899048
894,Nashville,Median Age,zip,2521,18,156,LightGCN,4,0.9999911785125732,-0.9480973482131958,-0.006466269493103027,0.09648102521896362,0.005032035987824202,0.9460313320159912,2.7943530082702637,2.543693780899048
895,Nashville,Median Age,zip,2521,18,156,LightGCN,5,0.9998142719268799,-0.8122912645339966,-0.004369854927062988,0.09648102521896362,0.026022788137197495,1.0016021728515625,2.7796356678009033,2.543693780899048
896,Nashville,Median Age,zip,2521,18,156,LightGCN,6,0.9999774098396301,-1.1241319179534912,-0.0251009464263916,0.09648102521896362,0.008678922429680824,0.9674888849258423,2.840100049972534,2.543693780899048
897,Nashville,Median Age,zip,2521,18,156,LightGCN,7,0.9999583959579468,-0.5853613615036011,0.005636334419250488,0.09648102521896362,0.012477639131247997,0.9017922282218933,2.8038346767425537,2.543693780899048
898,Nashville,Median Age,zip,2521,18,156,LightGCN,8,0.9999915957450867,-1.0534687042236328,-0.02037954330444336,0.09648102521896362,0.004718479234725237,0.9668933749198914,2.8112785816192627,2.543693780899048
899,Nashville,Median Age,zip,2521,18,156,LightGCN,9,0.9999796748161316,-0.7486563920974731,0.0027440786361694336,0.09648102521896362,0.007074954453855753,0.8892106413841248,2.775162935256958,2.543693780899048
900,Nashville,Median Age,zip,2521,18,156,Feat-LightGCN,0,0.9999921321868896,-0.8966488838195801,-0.024119853973388672,0.09648102521896362,0.005135614890605211,1.09608793258667,2.8182215690612793,2.543693780899048
901,Nashville,Median Age,zip,2521,18,156,Feat-LightGCN,1,0.9999849796295166,-1.1867568492889404,-0.037581682205200195,0.09648102521896362,0.006359210703521967,1.1038315296173096,2.814116954803467,2.543693780899048
902,Nashville,Median Age,zip,2521,18,156,Feat-LightGCN,2,0.9999892115592957,-0.8731667995452881,-0.004156708717346191,0.09648102521896362,0.005742393434047699,1.173321008682251,2.7836596965789795,2.543693780899048
903,Nashville,Median Age,zip,2521,18,156,Feat-LightGCN,3,0.9999958872795105,-1.7962145805358887,-0.024012327194213867,0.09648102521896362,0.0030145731288939714,1.438551902770996,2.847144603729248,2.543693780899048
904,Nashville,Median Age,zip,2521,18,156,Feat-LightGCN,4,0.999866247177124,-0.8812278509140015,-0.0374068021774292,0.09648102521896362,0.01260586827993393,0.9846562147140503,2.8335843086242676,2.543693780899048
905,Nashville,Median Age,zip,2521,18,156,Feat-LightGCN,5,0.9999913573265076,-1.3044872283935547,-0.01669764518737793,0.09648102521896362,0.005264139734208584,1.2491698265075684,2.8089568614959717,2.543693780899048
906,Nashville,Median Age,zip,2521,18,156,Feat-LightGCN,6,0.9999952912330627,-1.405076026916504,-0.0031145811080932617,0.09648102521896362,0.003828432410955429,1.3532028198242188,2.7837026119232178,2.543693780899048
907,Nashville,Median Age,zip,2521,18,156,Feat-LightGCN,7,0.999992311000824,-2.6242165565490723,-0.12990617752075195,0.09648102521896362,0.0043599228374660015,1.3298121690750122,3.019010543823242,2.543693780899048
908,Nashville,Median Age,zip,2521,18,156,Feat-LightGCN,8,0.9998517036437988,0.025242149829864502,-0.003190159797668457,0.09648102521896362,0.01724899373948574,0.7469860315322876,2.7184956073760986,2.543693780899048
909,Nashville,Median Age,zip,2521,18,156,Feat-LightGCN,9,0.9999869465827942,-1.5595042705535889,-0.036664605140686035,0.09648102521896362,0.0066650318913161755,1.3830569982528687,2.827033519744873,2.543693780899048
910,Nashville,Median Age,zip,2521,18,156,Feat\&PC-LightGCN,0,0.9997266530990601,-0.005073428153991699,0.08061325550079346,0.09648102521896362,0.028467755764722824,0.696517825126648,2.574357032775879,2.543693780899048
911,Nashville,Median Age,zip,2521,18,156,Feat\&PC-LightGCN,1,0.9999972581863403,-0.13310813903808594,0.0858425498008728,0.09648102521896362,0.002567276358604431,0.7585087418556213,2.564662456512451,2.543693780899048
912,Nashville,Median Age,zip,2521,18,156,Feat\&PC-LightGCN,2,0.999997615814209,-0.2787259817123413,0.07246440649032593,0.09648102521896362,0.0025373133830726147,0.9003807306289673,2.592968702316284,2.543693780899048
913,Nashville,Median Age,zip,2521,18,156,Feat\&PC-LightGCN,3,0.9999811053276062,-0.6253411769866943,0.07930409908294678,0.09648102521896362,0.006121516227722168,0.9270206689834595,2.5834014415740967,2.543693780899048
914,Nashville,Median Age,zip,2521,18,156,Feat\&PC-LightGCN,4,0.9999971985816956,-0.0691533088684082,0.07258439064025879,0.09648102521896362,0.00284488289617002,0.700545072555542,2.606868267059326,2.543693780899048
915,Nashville,Median Age,zip,2521,18,156,Feat\&PC-LightGCN,5,0.9999976754188538,-0.22178852558135986,0.06502586603164673,0.09648102521896362,0.002542503410950303,0.8950340747833252,2.645081043243408,2.543693780899048
916,Nashville,Median Age,zip,2521,18,156,Feat\&PC-LightGCN,6,0.9999999403953552,0.11175566911697388,0.07444953918457031,0.09648102521896362,0.00030324357794597745,0.6587791442871094,2.604396343231201,2.543693780899048
917,Nashville,Median Age,zip,2521,18,156,Feat\&PC-LightGCN,7,0.9999984502792358,-0.22336900234222412,0.07665014266967773,0.09648102521896362,0.0019374201074242592,0.8223757743835449,2.590125799179077,2.543693780899048
918,Nashville,Median Age,zip,2521,18,156,Feat\&PC-LightGCN,8,0.9999967217445374,-0.15290570259094238,0.06900519132614136,0.09648102521896362,0.002609848976135254,0.7864667177200317,2.607351064682007,2.543693780899048
919,Nashville,Median Age,zip,2521,18,156,Feat\&PC-LightGCN,9,0.9999993443489075,-0.3528062105178833,0.07659471035003662,0.09648102521896362,0.0014142374275252223,0.8212934732437134,2.5937461853027344,2.543693780899048
920,Nashville,Median Age,zip,2521,18,156,RGNN,0,0.9999491572380066,-3.237733840942383,-0.06794941425323486,0.09648102521896362,0.011536416597664356,1.5398013591766357,2.9029154777526855,2.543693780899048
921,Nashville,Median Age,zip,2521,18,156,RGNN,1,0.9999803900718689,-4.810429573059082,-0.09549462795257568,0.09648102521896362,0.008898677304387093,1.9017926454544067,2.942258834838867,2.543693780899048
922,Nashville,Median Age,zip,2521,18,156,RGNN,2,0.999991238117218,-4.094177722930908,-0.09113442897796631,0.09648102521896362,0.00519002228975296,1.8051131963729858,2.9046058654785156,2.543693780899048
923,Nashville,Median Age,zip,2521,18,156,RGNN,3,0.99993497133255,-5.763252258300781,-0.101784348487854,0.09648102521896362,0.015191147103905678,2.0164427757263184,2.9064695835113525,2.543693780899048
924,Nashville,Median Age,zip,2521,18,156,RGNN,4,0.999987006187439,-4.238849639892578,-0.0817570686340332,0.09648102521896362,0.0069140056148171425,1.7923009395599365,2.9238691329956055,2.543693780899048
925,Nashville,Median Age,zip,2521,18,156,RGNN,5,0.999993085861206,-4.0452165603637695,-0.07933521270751953,0.09648102521896362,0.004772036336362362,1.790597677230835,2.9199352264404297,2.543693780899048
926,Nashville,Median Age,zip,2521,18,156,RGNN,6,0.9999630451202393,-5.278189659118652,-0.09225118160247803,0.09648102521896362,0.01002354733645916,2.021479606628418,2.9170548915863037,2.543693780899048
927,Nashville,Median Age,zip,2521,18,156,RGNN,7,0.9999703764915466,-3.2628374099731445,-0.05945932865142822,0.09648102521896362,0.009762411937117577,1.5619770288467407,2.866185188293457,2.543693780899048
928,Nashville,Median Age,zip,2521,18,156,RGNN,8,0.9999232292175293,-5.873702526092529,-0.10236465930938721,0.09648102521896362,0.017351072281599045,2.1393392086029053,2.9470794200897217,2.543693780899048
929,Nashville,Median Age,zip,2521,18,156,RGNN,9,0.9999441504478455,-5.788809776306152,-0.11308085918426514,0.09648102521896362,0.013709780760109425,2.08746075630188,2.959634304046631,2.543693780899048
930,Nashville,Median Age,zip,2521,18,156,Feat-RGNN,0,0.9999773502349854,-1.367978811264038,-0.15069377422332764,0.09648102521896362,0.008332026191055775,1.2209142446517944,2.9881906509399414,2.543693780899048
931,Nashville,Median Age,zip,2521,18,156,Feat-RGNN,1,0.9956193566322327,-0.6865395307540894,-0.11026334762573242,0.09648102521896362,0.13155008852481842,0.9634969234466553,2.9046549797058105,2.543693780899048
932,Nashville,Median Age,zip,2521,18,156,Feat-RGNN,2,0.953078031539917,-2.5436742305755615,-0.21119368076324463,0.09648102521896362,0.4478622376918793,1.28268563747406,3.0565779209136963,2.543693780899048
933,Nashville,Median Age,zip,2521,18,156,Feat-RGNN,3,0.9996775984764099,-0.9733883142471313,-0.11916053295135498,0.09648102521896362,0.024614039808511734,1.0169966220855713,2.9116461277008057,2.543693780899048
934,Nashville,Median Age,zip,2521,18,156,Feat-RGNN,4,0.9998642206192017,-1.5328938961029053,-0.22916138172149658,0.09648102521896362,0.02124643325805664,1.2458416223526,3.0796453952789307,2.543693780899048
935,Nashville,Median Age,zip,2521,18,156,Feat-RGNN,5,0.9999762773513794,-2.435544013977051,-0.23449623584747314,0.09648102521896362,0.009304366074502468,1.4596610069274902,3.112199544906616,2.543693780899048
936,Nashville,Median Age,zip,2521,18,156,Feat-RGNN,6,0.9993736147880554,-1.264085054397583,-0.17446613311767578,0.09648102521896362,0.04534202441573143,1.212158203125,2.958454132080078,2.543693780899048
937,Nashville,Median Age,zip,2521,18,156,Feat-RGNN,7,0.9995471835136414,-1.1416041851043701,-0.16823124885559082,0.09648102521896362,0.030354736372828484,1.1413010358810425,2.9586071968078613,2.543693780899048
938,Nashville,Median Age,zip,2521,18,156,Feat-RGNN,8,0.998934805393219,-1.5013835430145264,-0.1600402593612671,0.09648102521896362,0.06300351768732071,1.2731375694274902,2.9330339431762695,2.543693780899048
939,Nashville,Median Age,zip,2521,18,156,Feat-RGNN,9,0.9474751353263855,-1.1658692359924316,-0.11910092830657959,0.09648102521896362,0.45700716972351074,1.1300709247589111,2.927733898162842,2.543693780899048
940,Nashville,Median Age,zip,2521,18,156,Feat\&PC-RGNN,0,0.9999830722808838,-0.5412009954452515,-0.11337625980377197,0.09648102521896362,0.00732139078900218,0.8186297416687012,2.9196999073028564,2.543693780899048
941,Nashville,Median Age,zip,2521,18,156,Feat\&PC-RGNN,1,0.9999878406524658,-0.11840188503265381,-0.05577218532562256,0.09648102521896362,0.006728857755661011,0.7832885384559631,2.8431642055511475,2.543693780899048
942,Nashville,Median Age,zip,2521,18,156,Feat\&PC-RGNN,2,0.9999836683273315,-0.29988861083984375,-0.10313737392425537,0.09648102521896362,0.007500245235860348,0.8194234371185303,2.896397113800049,2.543693780899048
943,Nashville,Median Age,zip,2521,18,156,Feat\&PC-RGNN,3,0.999929666519165,-0.6178233623504639,-0.11157822608947754,0.09648102521896362,0.015195896849036217,0.8839118480682373,2.925501585006714,2.543693780899048
944,Nashville,Median Age,zip,2521,18,156,Feat\&PC-RGNN,4,0.9999611377716064,0.25712430477142334,-0.031244635581970215,0.09648102521896362,0.010459299199283123,0.6410921812057495,2.7754979133605957,2.543693780899048
945,Nashville,Median Age,zip,2521,18,156,Feat\&PC-RGNN,5,0.9999879002571106,-0.11421990394592285,-0.0825047492980957,0.09648102521896362,0.005158324260264635,0.7486042380332947,2.8602263927459717,2.543693780899048
946,Nashville,Median Age,zip,2521,18,156,Feat\&PC-RGNN,6,0.9999775886535645,0.049112677574157715,-0.05909156799316406,0.09648102521896362,0.007754479069262743,0.753462553024292,2.8297033309936523,2.543693780899048
947,Nashville,Median Age,zip,2521,18,156,Feat\&PC-RGNN,7,0.999987781047821,-0.13560783863067627,-0.06569921970367432,0.09648102521896362,0.006680767517536879,0.7384428381919861,2.855140209197998,2.543693780899048
948,Nashville,Median Age,zip,2521,18,156,Feat\&PC-RGNN,8,0.9999765157699585,0.18826240301132202,-0.08728909492492676,0.09648102521896362,0.009397744201123714,0.7118184566497803,2.870676040649414,2.543693780899048
949,Nashville,Median Age,zip,2521,18,156,Feat\&PC-RGNN,9,0.9999731183052063,0.0707244873046875,-0.056746602058410645,0.09648102521896362,0.008675342425704002,0.7190729379653931,2.847135305404663,2.543693780899048
950,Nashville,Median Age,zip,2521,18,156,NoPreTrain,0,0.9999778866767883,-0.4035377502441406,-0.008611798286437988,0.09648102521896362,0.0065030851401388645,0.9648016691207886,2.74763560295105,2.543693780899048
951,Nashville,Median Age,zip,2521,18,156,NoPreTrain,1,0.9999631643295288,0.624079704284668,0.01197671890258789,0.09648102521896362,0.010389146395027637,0.502217173576355,2.724151611328125,2.543693780899048
952,Nashville,Median Age,zip,2521,18,156,NoPreTrain,2,0.9999514818191528,-0.10763192176818848,0.057999372482299805,0.09648102521896362,0.013183808885514736,0.7737764120101929,2.602660655975342,2.543693780899048
953,Nashville,Median Age,zip,2521,18,156,NoPreTrain,3,0.9999781847000122,-0.3339042663574219,-0.02326059341430664,0.09648102521896362,0.007480420172214508,0.8801817297935486,2.7669975757598877,2.543693780899048
954,Nashville,Median Age,zip,2521,18,156,NoPreTrain,4,0.99997878074646,-0.6684794425964355,-0.0680164098739624,0.09648102521896362,0.007784543093293905,0.8523676991462708,2.760037660598755,2.543693780899048
955,Nashville,Median Age,zip,2521,18,156,NoPreTrain,5,0.9999678730964661,-0.2673046588897705,0.009499132633209229,0.09648102521896362,0.007682311814278364,0.8263691663742065,2.7088465690612793,2.543693780899048
956,Nashville,Median Age,zip,2521,18,156,NoPreTrain,6,0.9999861121177673,-2.6359992027282715,0.012015998363494873,0.09648102521896362,0.005101930815726519,1.3729901313781738,2.752641439437866,2.543693780899048
957,Nashville,Median Age,zip,2521,18,156,NoPreTrain,7,0.9999884963035583,0.12401539087295532,-0.03840196132659912,0.09648102521896362,0.003662104019895196,0.7327855825424194,2.762328863143921,2.543693780899048
958,Nashville,Median Age,zip,2521,18,156,NoPreTrain,8,0.9999557137489319,-0.359214186668396,-0.053551673889160156,0.09648102521896362,0.01294891070574522,0.8861584067344666,2.7967872619628906,2.543693780899048
959,Nashville,Median Age,zip,2521,18,156,NoPreTrain,9,0.9999591708183289,-0.2273622751235962,-0.013809680938720703,0.09648102521896362,0.009167663753032684,0.899481475353241,2.6969528198242188,2.543693780899048
960,Tampa,Median Income,zip,8411,99,633,Emb,0,0.999813437461853,-0.002265334129333496,0.14398980140686035,0.330532968044281,0.009807403199374676,1.2695008516311646,1.1527212858200073,0.9560459852218628
961,Tampa,Median Income,zip,8411,99,633,Emb,1,0.9998523592948914,-0.08599340915679932,0.1210489273071289,0.330532968044281,0.008452330715954304,1.3167024850845337,1.1602997779846191,0.9560459852218628
962,Tampa,Median Income,zip,8411,99,633,Emb,2,0.9534629583358765,0.012764692306518555,0.15014952421188354,0.330532968044281,0.16273048520088196,1.2757066488265991,1.141379952430725,0.9560459852218628
963,Tampa,Median Income,zip,8411,99,633,Emb,3,0.9990041255950928,-0.15427839756011963,0.1363539695739746,0.330532968044281,0.023939229547977448,1.3537970781326294,1.1624122858047485,0.9560459852218628
964,Tampa,Median Income,zip,8411,99,633,Emb,4,0.9984787106513977,0.011099815368652344,0.16749972105026245,0.330532968044281,0.03069569170475006,1.2897276878356934,1.1300694942474365,0.9560459852218628
965,Tampa,Median Income,zip,8411,99,633,Emb,5,0.9991344213485718,-0.1445448398590088,0.07175099849700928,0.330532968044281,0.02040455862879753,1.3215882778167725,1.2081142663955688,0.9560459852218628
966,Tampa,Median Income,zip,8411,99,633,Emb,6,0.9989264011383057,-0.0891038179397583,0.14185422658920288,0.330532968044281,0.01906110905110836,1.3281809091567993,1.1472665071487427,0.9560459852218628
967,Tampa,Median Income,zip,8411,99,633,Emb,7,0.9718003869056702,-0.14934909343719482,0.14480668306350708,0.330532968044281,0.12978573143482208,1.3937013149261475,1.1408199071884155,0.9560459852218628
968,Tampa,Median Income,zip,8411,99,633,Emb,8,0.9540793895721436,-0.11483335494995117,0.08586525917053223,0.330532968044281,0.17369407415390015,1.3693292140960693,1.1912951469421387,0.9560459852218628
969,Tampa,Median Income,zip,8411,99,633,Emb,9,0.9887168407440186,-0.014023900032043457,0.10814160108566284,0.330532968044281,0.08400043100118637,1.272477388381958,1.1812211275100708,0.9560459852218628
970,Tampa,Median Income,zip,8411,99,633,LightGCN,0,0.9399110078811646,0.038042426109313965,0.2095963954925537,0.330532968044281,0.19852735102176666,1.1854125261306763,1.1084924936294556,0.9560459852218628
971,Tampa,Median Income,zip,8411,99,633,LightGCN,1,0.9967590570449829,0.09043586254119873,0.21789753437042236,0.330532968044281,0.041865743696689606,1.0730631351470947,1.0856133699417114,0.9560459852218628
972,Tampa,Median Income,zip,8411,99,633,LightGCN,2,0.9954840540885925,0.0418705940246582,0.20276391506195068,0.330532968044281,0.04563842713832855,1.2052175998687744,1.10457181930542,0.9560459852218628
973,Tampa,Median Income,zip,8411,99,633,LightGCN,3,0.9940142035484314,0.04598921537399292,0.19894945621490479,0.330532968044281,0.049635495990514755,1.1479257345199585,1.1116466522216797,0.9560459852218628
974,Tampa,Median Income,zip,8411,99,633,LightGCN,4,0.9545402526855469,0.07943081855773926,0.21742552518844604,0.330532968044281,0.1730155348777771,1.1304874420166016,1.1019420623779297,0.9560459852218628
975,Tampa,Median Income,zip,8411,99,633,LightGCN,5,0.9955905079841614,0.09461259841918945,0.20381182432174683,0.330532968044281,0.05189879983663559,1.0632617473602295,1.1074161529541016,0.9560459852218628
976,Tampa,Median Income,zip,8411,99,633,LightGCN,6,0.9984090328216553,0.008551597595214844,0.20630556344985962,0.330532968044281,0.022636672481894493,1.2121050357818604,1.1032918691635132,0.9560459852218628
977,Tampa,Median Income,zip,8411,99,633,LightGCN,7,0.9944524168968201,0.049774348735809326,0.21083950996398926,0.330532968044281,0.047758229076862335,1.1917927265167236,1.105535626411438,0.9560459852218628
978,Tampa,Median Income,zip,8411,99,633,LightGCN,8,0.9947811961174011,0.12317383289337158,0.23043686151504517,0.330532968044281,0.053958240896463394,1.0669238567352295,1.0800286531448364,0.9560459852218628
979,Tampa,Median Income,zip,8411,99,633,LightGCN,9,0.9861456751823425,0.02214103937149048,0.20084160566329956,0.330532968044281,0.09232138842344284,1.14076828956604,1.1099750995635986,0.9560459852218628
980,Tampa,Median Income,zip,8411,99,633,Feat-LightGCN,0,0.9996875524520874,0.10246270895004272,0.22884345054626465,0.330532968044281,0.011562932282686234,1.1285834312438965,1.0663844347000122,0.9560459852218628
981,Tampa,Median Income,zip,8411,99,633,Feat-LightGCN,1,0.9989233613014221,0.10404282808303833,0.22909176349639893,0.330532968044281,0.024553898721933365,1.1023849248886108,1.0771121978759766,0.9560459852218628
982,Tampa,Median Income,zip,8411,99,633,Feat-LightGCN,2,0.9878525733947754,0.06899255514144897,0.21351897716522217,0.330532968044281,0.08596872538328171,1.126779317855835,1.0870835781097412,0.9560459852218628
983,Tampa,Median Income,zip,8411,99,633,Feat-LightGCN,3,0.9994522929191589,0.053794145584106445,0.2143850326538086,0.330532968044281,0.017054656520485878,1.13145112991333,1.0856852531433105,0.9560459852218628
984,Tampa,Median Income,zip,8411,99,633,Feat-LightGCN,4,0.9981852769851685,0.09613114595413208,0.2253398299217224,0.330532968044281,0.03246888145804405,1.0923621654510498,1.0761746168136597,0.9560459852218628
985,Tampa,Median Income,zip,8411,99,633,Feat-LightGCN,5,0.9988349080085754,0.0605810284614563,0.21379733085632324,0.330532968044281,0.024474188685417175,1.170692801475525,1.091773271560669,0.9560459852218628
986,Tampa,Median Income,zip,8411,99,633,Feat-LightGCN,6,0.999822199344635,0.07571196556091309,0.2233511209487915,0.330532968044281,0.008591129444539547,1.1555945873260498,1.077679991722107,0.9560459852218628
987,Tampa,Median Income,zip,8411,99,633,Feat-LightGCN,7,0.9996306300163269,0.06586414575576782,0.21436727046966553,0.330532968044281,0.013404629193246365,1.147625207901001,1.079883098602295,0.9560459852218628
988,Tampa,Median Income,zip,8411,99,633,Feat-LightGCN,8,0.9998608231544495,0.10423719882965088,0.22181373834609985,0.330532968044281,0.007864417508244514,1.0904161930084229,1.075579047203064,0.9560459852218628
989,Tampa,Median Income,zip,8411,99,633,Feat-LightGCN,9,0.9981977343559265,0.14126533269882202,0.23413676023483276,0.330532968044281,0.03218601271510124,1.0261437892913818,1.0716559886932373,0.9560459852218628
990,Tampa,Median Income,zip,8411,99,633,Feat\&PC-LightGCN,0,0.9999816417694092,-0.02521061897277832,0.23968946933746338,0.330532968044281,0.0026329481042921543,1.3024340867996216,1.0363349914550781,0.9560459852218628
991,Tampa,Median Income,zip,8411,99,633,Feat\&PC-LightGCN,1,0.9999643564224243,-0.12571942806243896,0.22397452592849731,0.330532968044281,0.0043372223153710365,1.3285858631134033,1.0439460277557373,0.9560459852218628
992,Tampa,Median Income,zip,8411,99,633,Feat\&PC-LightGCN,2,0.9999806880950928,-0.025873303413391113,0.24645674228668213,0.330532968044281,0.0029152065981179476,1.268101453781128,1.030382513999939,0.9560459852218628
993,Tampa,Median Income,zip,8411,99,633,Feat\&PC-LightGCN,3,0.9999846816062927,-0.051457762718200684,0.23584192991256714,0.330532968044281,0.0026301320176571608,1.2700459957122803,1.0402108430862427,0.9560459852218628
994,Tampa,Median Income,zip,8411,99,633,Feat\&PC-LightGCN,4,0.9999916553497314,-0.01991403102874756,0.24117952585220337,0.330532968044281,0.0018605845980346203,1.2820158004760742,1.0376877784729004,0.9560459852218628
995,Tampa,Median Income,zip,8411,99,633,Feat\&PC-LightGCN,5,0.9999915361404419,-0.06539928913116455,0.231439471244812,0.330532968044281,0.0019073255825787783,1.3125474452972412,1.0498487949371338,0.9560459852218628
996,Tampa,Median Income,zip,8411,99,633,Feat\&PC-LightGCN,6,0.9999828338623047,0.005645632743835449,0.24442905187606812,0.330532968044281,0.0023735864087939262,1.2550798654556274,1.03508722782135,0.9560459852218628
997,Tampa,Median Income,zip,8411,99,633,Feat\&PC-LightGCN,7,0.9999787211418152,-0.09461355209350586,0.22948050498962402,0.330532968044281,0.00306571158580482,1.33524489402771,1.0460870265960693,0.9560459852218628
998,Tampa,Median Income,zip,8411,99,633,Feat\&PC-LightGCN,8,0.999990701675415,-0.0016542673110961914,0.24439531564712524,0.330532968044281,0.0020051137544214725,1.3105601072311401,1.0390530824661255,0.9560459852218628
999,Tampa,Median Income,zip,8411,99,633,Feat\&PC-LightGCN,9,0.9999892115592957,-0.050538063049316406,0.23436200618743896,0.330532968044281,0.002085472922772169,1.2549269199371338,1.0414804220199585,0.9560459852218628
1000,Tampa,Median Income,zip,8411,99,633,RGNN,0,0.9648312330245972,0.08927595615386963,0.07057785987854004,0.330532968044281,0.11109305173158646,1.017444372177124,1.1844147443771362,0.9560459852218628
1001,Tampa,Median Income,zip,8411,99,633,RGNN,1,0.9827944040298462,0.09384512901306152,0.18604439496994019,0.330532968044281,0.08065149188041687,1.1260443925857544,1.1253820657730103,0.9560459852218628
1002,Tampa,Median Income,zip,8411,99,633,RGNN,2,0.9921244382858276,0.12324118614196777,0.16407763957977295,0.330532968044281,0.04814540222287178,1.0844569206237793,1.1451455354690552,0.9560459852218628
1003,Tampa,Median Income,zip,8411,99,633,RGNN,3,0.9892061948776245,0.07614517211914062,0.16446322202682495,0.330532968044281,0.06346753239631653,1.1101586818695068,1.1241167783737183,0.9560459852218628
1004,Tampa,Median Income,zip,8411,99,633,RGNN,4,0.9831521511077881,0.09901535511016846,0.14889132976531982,0.330532968044281,0.07221328467130661,1.1303937435150146,1.139278531074524,0.9560459852218628
1005,Tampa,Median Income,zip,8411,99,633,RGNN,5,0.973044753074646,0.1041303277015686,0.12285447120666504,0.330532968044281,0.10548492521047592,1.0351078510284424,1.167206048965454,0.9560459852218628
1006,Tampa,Median Income,zip,8411,99,633,RGNN,6,0.9771969318389893,0.10004264116287231,0.1584794521331787,0.330532968044281,0.09823057055473328,1.1560237407684326,1.137349009513855,0.9560459852218628
1007,Tampa,Median Income,zip,8411,99,633,RGNN,7,0.9835560321807861,0.10639941692352295,0.13515043258666992,0.330532968044281,0.07490397989749908,1.020930290222168,1.1473990678787231,0.9560459852218628
1008,Tampa,Median Income,zip,8411,99,633,RGNN,8,0.9538209438323975,0.10570770502090454,0.09155696630477905,0.330532968044281,0.13735602796077728,1.0533100366592407,1.1938410997390747,0.9560459852218628
1009,Tampa,Median Income,zip,8411,99,633,RGNN,9,0.98086017370224,0.07333749532699585,0.109438955783844,0.330532968044281,0.08504869043827057,1.1555299758911133,1.1542303562164307,0.9560459852218628
1010,Tampa,Median Income,zip,8411,99,633,Feat-RGNN,0,0.8226072788238525,-0.09570121765136719,0.13408112525939941,0.330532968044281,0.305460661649704,1.2436093091964722,1.1697778701782227,0.9560459852218628
1011,Tampa,Median Income,zip,8411,99,633,Feat-RGNN,1,0.9277378916740417,-0.14290928840637207,0.15748989582061768,0.330532968044281,0.18280565738677979,1.1978788375854492,1.1406956911087036,0.9560459852218628
1012,Tampa,Median Income,zip,8411,99,633,Feat-RGNN,2,0.9859921336174011,-0.09399533271789551,0.15753161907196045,0.330532968044281,0.07127150148153305,1.1561743021011353,1.1280412673950195,0.9560459852218628
1013,Tampa,Median Income,zip,8411,99,633,Feat-RGNN,3,0.9970213770866394,-0.06115090847015381,0.13343137502670288,0.330532968044281,0.03206474706530571,1.221864938735962,1.1652787923812866,0.9560459852218628
1014,Tampa,Median Income,zip,8411,99,633,Feat-RGNN,4,0.8977305889129639,-0.29447710514068604,0.10167908668518066,0.330532968044281,0.2281445860862732,1.3310940265655518,1.1886255741119385,0.9560459852218628
1015,Tampa,Median Income,zip,8411,99,633,Feat-RGNN,5,0.9329732060432434,-0.15111708641052246,0.14376938343048096,0.330532968044281,0.17407098412513733,1.2530792951583862,1.1519324779510498,0.9560459852218628
1016,Tampa,Median Income,zip,8411,99,633,Feat-RGNN,6,0.9735832810401917,-0.11094868183135986,0.1517149806022644,0.330532968044281,0.09593517333269119,1.2150065898895264,1.1506112813949585,0.9560459852218628
1017,Tampa,Median Income,zip,8411,99,633,Feat-RGNN,7,0.9581058025360107,-0.19214439392089844,0.13121110200881958,0.330532968044281,0.12711331248283386,1.254479169845581,1.1656804084777832,0.9560459852218628
1018,Tampa,Median Income,zip,8411,99,633,Feat-RGNN,8,0.8891057372093201,-0.1794973611831665,0.15545421838760376,0.330532968044281,0.21703992784023285,1.2044448852539062,1.1317198276519775,0.9560459852218628
1019,Tampa,Median Income,zip,8411,99,633,Feat-RGNN,9,0.9089357852935791,-0.06762301921844482,0.1601751446723938,0.330532968044281,0.19576840102672577,1.1476904153823853,1.1316959857940674,0.9560459852218628
1020,Tampa,Median Income,zip,8411,99,633,Feat\&PC-RGNN,0,0.9881455898284912,0.04738134145736694,0.1492903232574463,0.330532968044281,0.07982242852449417,1.2087891101837158,1.1318150758743286,0.9560459852218628
1021,Tampa,Median Income,zip,8411,99,633,Feat\&PC-RGNN,1,0.9868380427360535,-0.06703531742095947,0.09380710124969482,0.330532968044281,0.08394358307123184,1.3000562191009521,1.17251455783844,0.9560459852218628
1022,Tampa,Median Income,zip,8411,99,633,Feat\&PC-RGNN,2,0.9988786578178406,-0.04200112819671631,0.1021302342414856,0.330532968044281,0.02276737056672573,1.2297852039337158,1.157211184501648,0.9560459852218628
1023,Tampa,Median Income,zip,8411,99,633,Feat\&PC-RGNN,3,0.9427329301834106,0.10862356424331665,0.14407777786254883,0.330532968044281,0.19061560928821564,1.1317304372787476,1.1431653499603271,0.9560459852218628
1024,Tampa,Median Income,zip,8411,99,633,Feat\&PC-RGNN,4,0.9642099142074585,-0.047586679458618164,0.10533136129379272,0.330532968044281,0.12876012921333313,1.2552034854888916,1.1567174196243286,0.9560459852218628
1025,Tampa,Median Income,zip,8411,99,633,Feat\&PC-RGNN,5,0.9832973480224609,0.006469011306762695,0.11757808923721313,0.330532968044281,0.092863067984581,1.2867343425750732,1.1723910570144653,0.9560459852218628
1026,Tampa,Median Income,zip,8411,99,633,Feat\&PC-RGNN,6,0.9993362426757812,0.052384912967681885,0.1235041618347168,0.330532968044281,0.016196971759200096,1.2151000499725342,1.1515536308288574,0.9560459852218628
1027,Tampa,Median Income,zip,8411,99,633,Feat\&PC-RGNN,7,0.9973769187927246,-0.05627858638763428,0.1445077657699585,0.330532968044281,0.034071777015924454,1.287428617477417,1.1304268836975098,0.9560459852218628
1028,Tampa,Median Income,zip,8411,99,633,Feat\&PC-RGNN,8,0.8890495300292969,-0.03846275806427002,0.0665435791015625,0.330532968044281,0.25511956214904785,1.2689775228500366,1.2083745002746582,0.9560459852218628
1029,Tampa,Median Income,zip,8411,99,633,Feat\&PC-RGNN,9,0.9876841902732849,-0.09686160087585449,0.0925142765045166,0.330532968044281,0.07080674171447754,1.3626517057418823,1.1795133352279663,0.9560459852218628
1030,Tampa,Median Income,zip,8411,99,633,NoPreTrain,0,0.9981555938720703,-0.2511308193206787,-0.14219343662261963,0.330532968044281,0.03322714939713478,1.3021240234375,1.38502037525177,0.9560459852218628
1031,Tampa,Median Income,zip,8411,99,633,NoPreTrain,1,0.9997916221618652,-0.737011194229126,-0.2987232208251953,0.330532968044281,0.00935432780534029,1.695159912109375,1.522135615348816,0.9560459852218628
1032,Tampa,Median Income,zip,8411,99,633,NoPreTrain,2,0.9991036653518677,-0.3956664800643921,-0.17195045948028564,0.330532968044281,0.022076953202486038,1.454282522201538,1.4438608884811401,0.9560459852218628
1033,Tampa,Median Income,zip,8411,99,633,NoPreTrain,3,0.9997809529304504,-0.44635140895843506,-0.16135525703430176,0.330532968044281,0.00790808629244566,1.7386490106582642,1.4194616079330444,0.9560459852218628
1034,Tampa,Median Income,zip,8411,99,633,NoPreTrain,4,0.9995549917221069,-0.3322700262069702,-0.15437018871307373,0.330532968044281,0.015527600422501564,1.396689772605896,1.42783522605896,0.9560459852218628
1035,Tampa,Median Income,zip,8411,99,633,NoPreTrain,5,0.9971174597740173,-0.588973879814148,-0.3209573030471802,0.330532968044281,0.04290434718132019,1.7683031558990479,1.5394179821014404,0.9560459852218628
1036,Tampa,Median Income,zip,8411,99,633,NoPreTrain,6,0.9998459815979004,-0.3746776580810547,-0.31242525577545166,0.330532968044281,0.007291484624147415,1.3730614185333252,1.549331784248352,0.9560459852218628
1037,Tampa,Median Income,zip,8411,99,633,NoPreTrain,7,0.9990829825401306,-0.1326582431793213,-0.23976731300354004,0.330532968044281,0.02157699130475521,1.3079417943954468,1.488124132156372,0.9560459852218628
1038,Tampa,Median Income,zip,8411,99,633,NoPreTrain,8,0.9870351552963257,-0.5149832963943481,-0.16137361526489258,0.330532968044281,0.09222777187824249,1.5900046825408936,1.4370379447937012,0.9560459852218628
1039,Tampa,Median Income,zip,8411,99,633,NoPreTrain,9,0.9997218251228333,-0.5458035469055176,-0.13478004932403564,0.330532968044281,0.00961318053305149,1.700636863708496,1.373309850692749,0.9560459852218628
1040,Tampa,Median Home Value,zip,8064,98,612,Emb,0,0.999674379825592,-0.21463322639465332,0.1624167561531067,0.425259530544281,0.020501714199781418,0.8475435376167297,1.249058485031128,0.9118477702140808
1041,Tampa,Median Home Value,zip,8064,98,612,Emb,1,0.999687910079956,-0.45455801486968994,0.16865861415863037,0.425259530544281,0.01993175409734249,0.9518561363220215,1.2562350034713745,0.9118477702140808
1042,Tampa,Median Home Value,zip,8064,98,612,Emb,2,0.9999170303344727,-0.46616899967193604,0.10588157176971436,0.425259530544281,0.007288770750164986,0.8825429081916809,1.2563148736953735,0.9118477702140808
1043,Tampa,Median Home Value,zip,8064,98,612,Emb,3,0.9999765753746033,-0.3986266851425171,0.16804492473602295,0.425259530544281,0.004534673877060413,0.971727192401886,1.2521711587905884,0.9118477702140808
1044,Tampa,Median Home Value,zip,8064,98,612,Emb,4,0.9999766945838928,-0.32776570320129395,0.17347675561904907,0.425259530544281,0.004472721368074417,0.930498480796814,1.2511457204818726,0.9118477702140808
1045,Tampa,Median Home Value,zip,8064,98,612,Emb,5,0.9996869564056396,-0.20835161209106445,0.1477755308151245,0.425259530544281,0.020373133942484856,0.9130741953849792,1.2690212726593018,0.9118477702140808
1046,Tampa,Median Home Value,zip,8064,98,612,Emb,6,0.9997478127479553,-0.471584677696228,0.16531503200531006,0.425259530544281,0.011330671608448029,0.9441054463386536,1.244061827659607,0.9118477702140808
1047,Tampa,Median Home Value,zip,8064,98,612,Emb,7,0.9999743103981018,-0.07124614715576172,0.19942712783813477,0.425259530544281,0.005205351859331131,0.8729820251464844,1.225827693939209,0.9118477702140808
1048,Tampa,Median Home Value,zip,8064,98,612,Emb,8,0.9896493554115295,-0.07275426387786865,0.16237211227416992,0.425259530544281,0.1194596141576767,0.8321830630302429,1.249015212059021,0.9118477702140808
1049,Tampa,Median Home Value,zip,8064,98,612,Emb,9,0.9999655485153198,-0.18479621410369873,0.18209457397460938,0.425259530544281,0.005618635099381208,0.8615501523017883,1.226983904838562,0.9118477702140808
1050,Tampa,Median Home Value,zip,8064,98,612,LightGCN,0,0.9971024990081787,0.5824273824691772,0.31186407804489136,0.425259530544281,0.05981254577636719,0.5699406862258911,1.0724307298660278,0.9118477702140808
1051,Tampa,Median Home Value,zip,8064,98,612,LightGCN,1,0.9987413287162781,0.5135438442230225,0.303331196308136,0.425259530544281,0.03318438306450844,0.6383547186851501,1.0585037469863892,0.9118477702140808
1052,Tampa,Median Home Value,zip,8064,98,612,LightGCN,2,0.998997151851654,0.5649570226669312,0.3050602674484253,0.425259530544281,0.030221721157431602,0.573083758354187,1.071155309677124,0.9118477702140808
1053,Tampa,Median Home Value,zip,8064,98,612,LightGCN,3,0.9995390772819519,0.6390604972839355,0.3311561942100525,0.425259530544281,0.023636456578969955,0.5271140336990356,1.05941641330719,0.9118477702140808
1054,Tampa,Median Home Value,zip,8064,98,612,LightGCN,4,0.9944116473197937,0.5633499622344971,0.2915390729904175,0.425259530544281,0.07973786443471909,0.6308673620223999,1.0656912326812744,0.9118477702140808
1055,Tampa,Median Home Value,zip,8064,98,612,LightGCN,5,0.9943652153015137,0.5762461423873901,0.3049849271774292,0.425259530544281,0.08510772138834,0.6106079816818237,1.077229380607605,0.9118477702140808
1056,Tampa,Median Home Value,zip,8064,98,612,LightGCN,6,0.9963537454605103,0.6025022268295288,0.31367355585098267,0.425259530544281,0.06954450160264969,0.5557308197021484,1.0799365043640137,0.9118477702140808
1057,Tampa,Median Home Value,zip,8064,98,612,LightGCN,7,0.9967706203460693,0.3665943741798401,0.2683004140853882,0.425259530544281,0.05784281715750694,0.667455792427063,1.12603759765625,0.9118477702140808
1058,Tampa,Median Home Value,zip,8064,98,612,LightGCN,8,0.992556631565094,0.48696064949035645,0.29019731283187866,0.425259530544281,0.0919904112815857,0.6277583837509155,1.0932631492614746,0.9118477702140808
1059,Tampa,Median Home Value,zip,8064,98,612,LightGCN,9,0.9956063628196716,0.6175085306167603,0.3155413866043091,0.425259530544281,0.07444322109222412,0.5795034170150757,1.0609068870544434,0.9118477702140808
1060,Tampa,Median Home Value,zip,8064,98,612,Feat-LightGCN,0,0.9995351433753967,0.5862582921981812,0.25711244344711304,0.425259530544281,0.02189059369266033,0.5337269902229309,1.1320648193359375,0.9118477702140808
1061,Tampa,Median Home Value,zip,8064,98,612,Feat-LightGCN,1,0.998416543006897,0.5683665871620178,0.27184176445007324,0.425259530544281,0.04402157664299011,0.5327725410461426,1.1441162824630737,0.9118477702140808
1062,Tampa,Median Home Value,zip,8064,98,612,Feat-LightGCN,2,0.9998112320899963,0.3511916399002075,0.2636520266532898,0.425259530544281,0.014756479300558567,0.6118348836898804,1.1193959712982178,0.9118477702140808
1063,Tampa,Median Home Value,zip,8064,98,612,Feat-LightGCN,3,0.9981626868247986,0.4739872217178345,0.231561541557312,0.425259530544281,0.048241984099149704,0.5747061371803284,1.159172534942627,0.9118477702140808
1064,Tampa,Median Home Value,zip,8064,98,612,Feat-LightGCN,4,0.9999557137489319,0.5181283950805664,0.2664778232574463,0.425259530544281,0.006505447439849377,0.5498398542404175,1.1401687860488892,0.9118477702140808
1065,Tampa,Median Home Value,zip,8064,98,612,Feat-LightGCN,5,0.9999914169311523,0.6410182118415833,0.2839207649230957,0.425259530544281,0.0025751222856342793,0.4685800075531006,1.1130025386810303,0.9118477702140808
1066,Tampa,Median Home Value,zip,8064,98,612,Feat-LightGCN,6,0.9997482299804688,0.39401131868362427,0.27722346782684326,0.425259530544281,0.012461688369512558,0.6111194491386414,1.1208144426345825,0.9118477702140808
1067,Tampa,Median Home Value,zip,8064,98,612,Feat-LightGCN,7,0.9992043972015381,0.42288970947265625,0.2580915093421936,0.425259530544281,0.029756737872958183,0.5635660886764526,1.1290041208267212,0.9118477702140808
1068,Tampa,Median Home Value,zip,8064,98,612,Feat-LightGCN,8,0.9999306797981262,0.43157511949539185,0.24936604499816895,0.425259530544281,0.007832313887774944,0.6225574612617493,1.162211537361145,0.9118477702140808
1069,Tampa,Median Home Value,zip,8064,98,612,Feat-LightGCN,9,0.9968374371528625,0.34273427724838257,0.22575676441192627,0.425259530544281,0.06454578787088394,0.5765862464904785,1.1657137870788574,0.9118477702140808
1070,Tampa,Median Home Value,zip,8064,98,612,Feat\&PC-LightGCN,0,0.9999971389770508,0.22203302383422852,0.35238713026046753,0.425259530544281,0.0016418608138337731,0.7922512292861938,0.9772781729698181,0.9118477702140808
1071,Tampa,Median Home Value,zip,8064,98,612,Feat\&PC-LightGCN,1,0.9999943971633911,0.10539513826370239,0.34046465158462524,0.425259530544281,0.0023026305716484785,0.8584192991256714,0.988116979598999,0.9118477702140808
1072,Tampa,Median Home Value,zip,8064,98,612,Feat\&PC-LightGCN,2,0.999994695186615,0.3861720561981201,0.36037570238113403,0.425259530544281,0.002252114238217473,0.6783977746963501,0.9703767895698547,0.9118477702140808
1073,Tampa,Median Home Value,zip,8064,98,612,Feat\&PC-LightGCN,3,0.9999944567680359,0.20212435722351074,0.3453291058540344,0.425259530544281,0.0021135546267032623,0.8104134798049927,0.9894969463348389,0.9118477702140808
1074,Tampa,Median Home Value,zip,8064,98,612,Feat\&PC-LightGCN,4,0.9999942183494568,0.14352285861968994,0.3442494869232178,0.425259530544281,0.0024494617246091366,0.803131103515625,0.9935262799263,0.9118477702140808
1075,Tampa,Median Home Value,zip,8064,98,612,Feat\&PC-LightGCN,5,0.9999923706054688,0.23674124479293823,0.3419068455696106,0.425259530544281,0.0027243313379585743,0.7939701080322266,0.9923953413963318,0.9118477702140808
1076,Tampa,Median Home Value,zip,8064,98,612,Feat\&PC-LightGCN,6,0.9999910593032837,0.2768460512161255,0.35579627752304077,0.425259530544281,0.0026997621171176434,0.7399638891220093,0.9776391983032227,0.9118477702140808
1077,Tampa,Median Home Value,zip,8064,98,612,Feat\&PC-LightGCN,7,0.9999901056289673,0.17273777723312378,0.3374386429786682,0.425259530544281,0.002873203018680215,0.835898220539093,0.9912137389183044,0.9118477702140808
1078,Tampa,Median Home Value,zip,8064,98,612,Feat\&PC-LightGCN,8,0.9999920129776001,0.3244328498840332,0.3379809260368347,0.425259530544281,0.00263698841445148,0.7368867993354797,0.9924002289772034,0.9118477702140808
1079,Tampa,Median Home Value,zip,8064,98,612,Feat\&PC-LightGCN,9,0.9999861121177673,0.3386937975883484,0.3534262776374817,0.425259530544281,0.004069805610924959,0.7141180634498596,0.9796103835105896,0.9118477702140808
1080,Tampa,Median Home Value,zip,8064,98,612,RGNN,0,0.9778755903244019,-0.12917649745941162,0.24191653728485107,0.425259530544281,0.13382984697818756,0.8859861493110657,1.1592662334442139,0.9118477702140808
1081,Tampa,Median Home Value,zip,8064,98,612,RGNN,1,0.8417496681213379,-0.46621131896972656,0.2569539546966553,0.425259530544281,0.35526105761528015,0.956412136554718,1.1594061851501465,0.9118477702140808
1082,Tampa,Median Home Value,zip,8064,98,612,RGNN,2,0.9260836839675903,0.32505613565444946,0.1255486011505127,0.425259530544281,0.3167898654937744,0.6595487594604492,1.2296708822250366,0.9118477702140808
1083,Tampa,Median Home Value,zip,8064,98,612,RGNN,3,0.9944525957107544,0.010879576206207275,0.16703534126281738,0.425259530544281,0.07391052693128586,0.8890172839164734,1.1625659465789795,0.9118477702140808
1084,Tampa,Median Home Value,zip,8064,98,612,RGNN,4,0.9823429584503174,-0.01812911033630371,0.16331905126571655,0.425259530544281,0.12181811779737473,0.7757886648178101,1.1823616027832031,0.9118477702140808
1085,Tampa,Median Home Value,zip,8064,98,612,RGNN,5,0.9629734754562378,-0.06636106967926025,0.16142505407333374,0.425259530544281,0.1797356903553009,0.8050925135612488,1.194292426109314,0.9118477702140808
1086,Tampa,Median Home Value,zip,8064,98,612,RGNN,6,0.9784417748451233,-0.09152448177337646,0.16175556182861328,0.425259530544281,0.1346161663532257,0.8695569038391113,1.1797293424606323,0.9118477702140808
1087,Tampa,Median Home Value,zip,8064,98,612,RGNN,7,0.9454294443130493,0.3983956575393677,0.2773483395576477,0.425259530544281,0.2137947827577591,0.6553688645362854,1.0899263620376587,0.9118477702140808
1088,Tampa,Median Home Value,zip,8064,98,612,RGNN,8,0.9999783039093018,0.4275531768798828,0.17514574527740479,0.425259530544281,0.004194227978587151,0.6893523931503296,1.1748812198638916,0.9118477702140808
1089,Tampa,Median Home Value,zip,8064,98,612,RGNN,9,0.9812127351760864,0.037646472454071045,0.1697458028793335,0.425259530544281,0.12390945851802826,0.8090645670890808,1.2050061225891113,0.9118477702140808
1090,Tampa,Median Home Value,zip,8064,98,612,Feat-RGNN,0,0.9574702978134155,-0.13009858131408691,0.1652938723564148,0.425259530544281,0.1971975564956665,0.7439847588539124,1.2153993844985962,0.9118477702140808
1091,Tampa,Median Home Value,zip,8064,98,612,Feat-RGNN,1,0.9764984846115112,-0.1922837495803833,0.1443312168121338,0.425259530544281,0.14633792638778687,0.8245964050292969,1.2294270992279053,0.9118477702140808
1092,Tampa,Median Home Value,zip,8064,98,612,Feat-RGNN,2,0.9761037826538086,0.06456917524337769,0.008130371570587158,0.425259530544281,0.1295546293258667,0.781586229801178,1.252724289894104,0.9118477702140808
1093,Tampa,Median Home Value,zip,8064,98,612,Feat-RGNN,3,0.9333066344261169,-0.47145867347717285,0.19648736715316772,0.425259530544281,0.23322176933288574,0.730811357498169,1.1932580471038818,0.9118477702140808
1094,Tampa,Median Home Value,zip,8064,98,612,Feat-RGNN,4,0.9746475219726562,-0.9283984899520874,0.10540741682052612,0.425259530544281,0.1690206676721573,0.9740749597549438,1.2386252880096436,0.9118477702140808
1095,Tampa,Median Home Value,zip,8064,98,612,Feat-RGNN,5,0.940217137336731,-0.08874773979187012,0.0981142520904541,0.425259530544281,0.24051901698112488,0.8355039358139038,1.2895336151123047,0.9118477702140808
1096,Tampa,Median Home Value,zip,8064,98,612,Feat-RGNN,6,0.9679998755455017,0.091685950756073,0.16553795337677002,0.425259530544281,0.1751999855041504,0.7171297669410706,1.2121117115020752,0.9118477702140808
1097,Tampa,Median Home Value,zip,8064,98,612,Feat-RGNN,7,0.93680739402771,-0.01857304573059082,0.21774131059646606,0.425259530544281,0.2492351531982422,0.7483255863189697,1.2027021646499634,0.9118477702140808
1098,Tampa,Median Home Value,zip,8064,98,612,Feat-RGNN,8,0.9588100910186768,-0.7984808683395386,0.013903200626373291,0.425259530544281,0.2135516256093979,0.8988083600997925,1.2994496822357178,0.9118477702140808
1099,Tampa,Median Home Value,zip,8064,98,612,Feat-RGNN,9,0.8207476139068604,0.06179410219192505,0.20665162801742554,0.425259530544281,0.3889922499656677,0.6981698870658875,1.2300986051559448,0.9118477702140808
1100,Tampa,Median Home Value,zip,8064,98,612,Feat\&PC-RGNN,0,0.80878746509552,-0.33825504779815674,0.09335476160049438,0.425259530544281,0.5087912082672119,1.060855746269226,1.2920541763305664,0.9118477702140808
1101,Tampa,Median Home Value,zip,8064,98,612,Feat\&PC-RGNN,1,0.9953047633171082,-0.5453208684921265,0.24479329586029053,0.425259530544281,0.06619679927825928,1.0224411487579346,1.1597627401351929,0.9118477702140808
1102,Tampa,Median Home Value,zip,8064,98,612,Feat\&PC-RGNN,2,0.9924718141555786,-0.4767824411392212,0.18946760892868042,0.425259530544281,0.08291108161211014,0.9054197072982788,1.1749825477600098,0.9118477702140808
1103,Tampa,Median Home Value,zip,8064,98,612,Feat\&PC-RGNN,3,0.9785342812538147,-0.22759366035461426,0.25640082359313965,0.425259530544281,0.15992394089698792,0.8555189371109009,1.1600621938705444,0.9118477702140808
1104,Tampa,Median Home Value,zip,8064,98,612,Feat\&PC-RGNN,4,0.9866786599159241,-0.3581583499908447,0.20920372009277344,0.425259530544281,0.11059127748012543,0.9869431257247925,1.1843620538711548,0.9118477702140808
1105,Tampa,Median Home Value,zip,8064,98,612,Feat\&PC-RGNN,5,0.977500319480896,-0.2483309507369995,0.2421780228614807,0.425259530544281,0.13799552619457245,0.8026321530342102,1.1801931858062744,0.9118477702140808
1106,Tampa,Median Home Value,zip,8064,98,612,Feat\&PC-RGNN,6,0.9691680669784546,-0.11092901229858398,0.2003333568572998,0.425259530544281,0.18482562899589539,0.9168257713317871,1.1691933870315552,0.9118477702140808
1107,Tampa,Median Home Value,zip,8064,98,612,Feat\&PC-RGNN,7,0.9780906438827515,-0.6042487621307373,0.21689510345458984,0.425259530544281,0.13464200496673584,0.9841432571411133,1.179738163948059,0.9118477702140808
1108,Tampa,Median Home Value,zip,8064,98,612,Feat\&PC-RGNN,8,0.9896882176399231,-0.6451644897460938,0.17029839754104614,0.425259530544281,0.10330059379339218,1.0108094215393066,1.2137640714645386,0.9118477702140808
1109,Tampa,Median Home Value,zip,8064,98,612,Feat\&PC-RGNN,9,0.9922950863838196,-0.8339695930480957,0.18746507167816162,0.425259530544281,0.0834619477391243,1.1054720878601074,1.1821682453155518,0.9118477702140808
1110,Tampa,Median Home Value,zip,8064,98,612,NoPreTrain,0,0.997393786907196,-0.9294202327728271,-0.45237088203430176,0.425259530544281,0.0606747530400753,1.2000806331634521,1.7112925052642822,0.9118477702140808
1111,Tampa,Median Home Value,zip,8064,98,612,NoPreTrain,1,0.9997782111167908,-0.614510178565979,-0.33256542682647705,0.425259530544281,0.015450816601514816,1.1207066774368286,1.566414475440979,0.9118477702140808
1112,Tampa,Median Home Value,zip,8064,98,612,NoPreTrain,2,0.9998909831047058,-0.32201695442199707,-0.12057816982269287,0.425259530544281,0.009021214209496975,0.9997848272323608,1.4716109037399292,0.9118477702140808
1113,Tampa,Median Home Value,zip,8064,98,612,NoPreTrain,3,0.9979761838912964,-1.3650493621826172,-0.2941187620162964,0.425259530544281,0.05327141657471657,1.0878573656082153,1.5650831460952759,0.9118477702140808
1114,Tampa,Median Home Value,zip,8064,98,612,NoPreTrain,4,0.9819742441177368,-1.313739538192749,-0.36379802227020264,0.425259530544281,0.16029968857765198,1.224442720413208,1.6763134002685547,0.9118477702140808
1115,Tampa,Median Home Value,zip,8064,98,612,NoPreTrain,5,0.9999005198478699,-0.8735275268554688,-0.30956482887268066,0.425259530544281,0.008982023224234581,1.1336733102798462,1.567513108253479,0.9118477702140808
1116,Tampa,Median Home Value,zip,8064,98,612,NoPreTrain,6,0.999836266040802,-1.8782649040222168,-0.34705162048339844,0.425259530544281,0.013360695913434029,1.3344331979751587,1.6196378469467163,0.9118477702140808
1117,Tampa,Median Home Value,zip,8064,98,612,NoPreTrain,7,0.9997336268424988,-1.611358880996704,-0.21934056282043457,0.425259530544281,0.017530761659145355,1.3403193950653076,1.537805438041687,0.9118477702140808
1118,Tampa,Median Home Value,zip,8064,98,612,NoPreTrain,8,0.9998856782913208,-0.3474181890487671,-0.19543147087097168,0.425259530544281,0.011035585775971413,0.9749898910522461,1.5484592914581299,0.9118477702140808
1119,Tampa,Median Home Value,zip,8064,98,612,NoPreTrain,9,0.9976846575737,-2.955094337463379,-0.3430972099304199,0.425259530544281,0.056301429867744446,1.5689704418182373,1.658146619796753,0.9118477702140808
1120,Tampa,Median Age,zip,8603,99,646,Emb,0,0.9995511174201965,-0.5503309965133667,-0.10318481922149658,0.39347243309020996,0.020701618865132332,0.7907222509384155,0.9911172986030579,0.7178726196289062
1121,Tampa,Median Age,zip,8603,99,646,Emb,1,0.9997292757034302,-0.23495960235595703,-0.08720266819000244,0.39347243309020996,0.01612488552927971,0.785880446434021,0.9994229078292847,0.7178726196289062
1122,Tampa,Median Age,zip,8603,99,646,Emb,2,0.9972705245018005,-0.26641595363616943,0.020772933959960938,0.39347243309020996,0.04844440892338753,0.776374101638794,0.9310659170150757,0.7178726196289062
1123,Tampa,Median Age,zip,8603,99,646,Emb,3,0.9958950877189636,-0.5831236839294434,-0.06597459316253662,0.39347243309020996,0.06987344473600388,0.8627499341964722,0.980183482170105,0.7178726196289062
1124,Tampa,Median Age,zip,8603,99,646,Emb,4,0.9998869299888611,-0.09077906608581543,-0.05887126922607422,0.39347243309020996,0.007851547561585903,0.7453306913375854,0.9907266497612,0.7178726196289062
1125,Tampa,Median Age,zip,8603,99,646,Emb,5,0.9994659423828125,-0.21701157093048096,-0.1273353099822998,0.39347243309020996,0.022203724831342697,0.7903982400894165,1.0079212188720703,0.7178726196289062
1126,Tampa,Median Age,zip,8603,99,646,Emb,6,0.9884346127510071,-0.21719813346862793,-0.05767178535461426,0.39347243309020996,0.11318974196910858,0.7238117456436157,0.9728577136993408,0.7178726196289062
1127,Tampa,Median Age,zip,8603,99,646,Emb,7,0.9985224008560181,-0.5300318002700806,-0.08499836921691895,0.39347243309020996,0.04146256670355797,0.7588119506835938,0.9753562808036804,0.7178726196289062
1128,Tampa,Median Age,zip,8603,99,646,Emb,8,0.9971444606781006,-0.010492563247680664,-0.16144585609436035,0.39347243309020996,0.05510138347744942,0.6945258378982544,1.0265207290649414,0.7178726196289062
1129,Tampa,Median Age,zip,8603,99,646,Emb,9,0.9998299479484558,-0.5648453235626221,-0.05720651149749756,0.39347243309020996,0.006500585004687309,0.7981778383255005,0.9774110317230225,0.7178726196289062
1130,Tampa,Median Age,zip,8603,99,646,LightGCN,0,0.9883044958114624,0.38929224014282227,0.1278281807899475,0.39347243309020996,0.08679471909999847,0.5269461870193481,0.8883827328681946,0.7178726196289062
1131,Tampa,Median Age,zip,8603,99,646,LightGCN,1,0.9892789721488953,0.45475566387176514,0.15335625410079956,0.39347243309020996,0.0990644320845604,0.5034456849098206,0.8682321906089783,0.7178726196289062
1132,Tampa,Median Age,zip,8603,99,646,LightGCN,2,0.9879211783409119,0.40945637226104736,0.16489332914352417,0.39347243309020996,0.09907199442386627,0.5414837002754211,0.8716315627098083,0.7178726196289062
1133,Tampa,Median Age,zip,8603,99,646,LightGCN,3,0.9842521548271179,0.26117634773254395,0.028601527214050293,0.39347243309020996,0.12026343494653702,0.604476273059845,0.9396297335624695,0.7178726196289062
1134,Tampa,Median Age,zip,8603,99,646,LightGCN,4,0.9946120381355286,0.25383996963500977,0.12585300207138062,0.39347243309020996,0.07075528055429459,0.5808197259902954,0.8898699879646301,0.7178726196289062
1135,Tampa,Median Age,zip,8603,99,646,LightGCN,5,0.9957304000854492,0.42501717805862427,0.08137524127960205,0.39347243309020996,0.052636973559856415,0.5249159932136536,0.9158909320831299,0.7178726196289062
1136,Tampa,Median Age,zip,8603,99,646,LightGCN,6,0.9974492788314819,0.3927769660949707,0.02120792865753174,0.39347243309020996,0.04368213191628456,0.5395333170890808,0.9338382482528687,0.7178726196289062
1137,Tampa,Median Age,zip,8603,99,646,LightGCN,7,0.997123122215271,0.39670562744140625,0.07772427797317505,0.39347243309020996,0.048571307212114334,0.540118396282196,0.9278886914253235,0.7178726196289062
1138,Tampa,Median Age,zip,8603,99,646,LightGCN,8,0.9928091764450073,0.18911510705947876,0.12066733837127686,0.39347243309020996,0.0850757285952568,0.5931175947189331,0.9021790027618408,0.7178726196289062
1139,Tampa,Median Age,zip,8603,99,646,LightGCN,9,0.9870581030845642,0.48085373640060425,0.12536698579788208,0.39347243309020996,0.11017713695764542,0.5003650188446045,0.8839547634124756,0.7178726196289062
1140,Tampa,Median Age,zip,8603,99,646,Feat-LightGCN,0,0.9992665648460388,0.3797866106033325,0.09648126363754272,0.39347243309020996,0.02337934635579586,0.5538290143013,0.9051917791366577,0.7178726196289062
1141,Tampa,Median Age,zip,8603,99,646,Feat-LightGCN,1,0.9998722672462463,-0.12007474899291992,0.009865164756774902,0.39347243309020996,0.010492759756743908,0.7177513241767883,0.9408078193664551,0.7178726196289062
1142,Tampa,Median Age,zip,8603,99,646,Feat-LightGCN,2,0.9984012842178345,0.05969560146331787,0.04191744327545166,0.39347243309020996,0.039993200451135635,0.6419216394424438,0.9374901652336121,0.7178726196289062
1143,Tampa,Median Age,zip,8603,99,646,Feat-LightGCN,3,0.998934268951416,0.0758281946182251,0.009384572505950928,0.39347243309020996,0.033849045634269714,0.6261744499206543,0.9471312761306763,0.7178726196289062
1144,Tampa,Median Age,zip,8603,99,646,Feat-LightGCN,4,0.999212384223938,0.4241557717323303,0.08910489082336426,0.39347243309020996,0.02941953018307686,0.5563408136367798,0.9069203734397888,0.7178726196289062
1145,Tampa,Median Age,zip,8603,99,646,Feat-LightGCN,5,0.9989839196205139,0.36137598752975464,0.010726571083068848,0.39347243309020996,0.03300095349550247,0.570958137512207,0.9494315981864929,0.7178726196289062
1146,Tampa,Median Age,zip,8603,99,646,Feat-LightGCN,6,0.9959119558334351,0.07544761896133423,0.04148876667022705,0.39347243309020996,0.06194201111793518,0.6245473623275757,0.930031418800354,0.7178726196289062
1147,Tampa,Median Age,zip,8603,99,646,Feat-LightGCN,7,0.9987103939056396,0.0003211498260498047,0.020759940147399902,0.39347243309020996,0.03108261525630951,0.6906772255897522,0.9481573700904846,0.7178726196289062
1148,Tampa,Median Age,zip,8603,99,646,Feat-LightGCN,8,0.9966912865638733,-0.13840699195861816,0.014251291751861572,0.39347243309020996,0.06078267842531204,0.7419541478157043,0.9209680557250977,0.7178726196289062
1149,Tampa,Median Age,zip,8603,99,646,Feat-LightGCN,9,0.9978310465812683,0.29962772130966187,0.11072731018066406,0.39347243309020996,0.04810795560479164,0.5835933685302734,0.8984236121177673,0.7178726196289062
1150,Tampa,Median Age,zip,8603,99,646,Feat\&PC-LightGCN,0,0.9999937415122986,0.015326738357543945,0.3186624050140381,0.39347243309020996,0.002276007551699877,0.7016028761863708,0.7786979675292969,0.7178726196289062
1151,Tampa,Median Age,zip,8603,99,646,Feat\&PC-LightGCN,1,0.9999931454658508,0.21125131845474243,0.33912986516952515,0.39347243309020996,0.0024435659870505333,0.6450645327568054,0.7661212086677551,0.7178726196289062
1152,Tampa,Median Age,zip,8603,99,646,Feat\&PC-LightGCN,2,0.9999935030937195,0.2579019069671631,0.31616026163101196,0.39347243309020996,0.0023418348282575607,0.6111450791358948,0.7770047783851624,0.7178726196289062
1153,Tampa,Median Age,zip,8603,99,646,Feat\&PC-LightGCN,3,0.9999952912330627,0.20705372095108032,0.3359476327896118,0.39347243309020996,0.0019640903919935226,0.6603007912635803,0.7682432532310486,0.7178726196289062
1154,Tampa,Median Age,zip,8603,99,646,Feat\&PC-LightGCN,4,0.9999836683273315,0.0794370174407959,0.336204469203949,0.39347243309020996,0.0036735942121595144,0.7069147825241089,0.7653437256813049,0.7178726196289062
1155,Tampa,Median Age,zip,8603,99,646,Feat\&PC-LightGCN,5,0.9999819993972778,0.13577580451965332,0.33598941564559937,0.39347243309020996,0.0035325484350323677,0.6945978403091431,0.7609569430351257,0.7178726196289062
1156,Tampa,Median Age,zip,8603,99,646,Feat\&PC-LightGCN,6,0.9999960660934448,0.20191198587417603,0.3356199860572815,0.39347243309020996,0.0017852572491392493,0.6364300847053528,0.7654596567153931,0.7178726196289062
1157,Tampa,Median Age,zip,8603,99,646,Feat\&PC-LightGCN,7,0.999993622303009,-0.012542128562927246,0.31480884552001953,0.39347243309020996,0.002245456213131547,0.7440924644470215,0.786341667175293,0.7178726196289062
1158,Tampa,Median Age,zip,8603,99,646,Feat\&PC-LightGCN,8,0.9999933242797852,0.1270464062690735,0.3274701237678528,0.39347243309020996,0.0023357782047241926,0.6683285236358643,0.7663162350654602,0.7178726196289062
1159,Tampa,Median Age,zip,8603,99,646,Feat\&PC-LightGCN,9,0.9999897480010986,0.01812279224395752,0.3159636855125427,0.39347243309020996,0.0028729867190122604,0.7342613339424133,0.7827942371368408,0.7178726196289062
1160,Tampa,Median Age,zip,8603,99,646,RGNN,0,0.9207152128219604,-1.3331966400146484,-0.23733162879943848,0.39347243309020996,0.21909445524215698,0.8224116563796997,1.048581838607788,0.7178726196289062
1161,Tampa,Median Age,zip,8603,99,646,RGNN,1,0.9531466364860535,-0.1929997205734253,0.07125496864318848,0.39347243309020996,0.19143891334533691,0.6843307018280029,0.9178513884544373,0.7178726196289062
1162,Tampa,Median Age,zip,8603,99,646,RGNN,2,0.892524003982544,0.18728619813919067,0.16920357942581177,0.39347243309020996,0.284441202878952,0.6177638173103333,0.8749898076057434,0.7178726196289062
1163,Tampa,Median Age,zip,8603,99,646,RGNN,3,0.9860707521438599,0.23965799808502197,0.06406295299530029,0.39347243309020996,0.10896836221218109,0.5712301135063171,0.9038476347923279,0.7178726196289062
1164,Tampa,Median Age,zip,8603,99,646,RGNN,4,0.991932213306427,0.31273412704467773,0.08555150032043457,0.39347243309020996,0.07202305644750595,0.5205070376396179,0.8953492641448975,0.7178726196289062
1165,Tampa,Median Age,zip,8603,99,646,RGNN,5,0.9993785619735718,0.3901001811027527,-0.04887497425079346,0.39347243309020996,0.02719203755259514,0.5287483930587769,0.9421142935752869,0.7178726196289062
1166,Tampa,Median Age,zip,8603,99,646,RGNN,6,0.9708097577095032,-0.5556375980377197,-0.03866302967071533,0.39347243309020996,0.14440232515335083,0.7640343904495239,0.9540631175041199,0.7178726196289062
1167,Tampa,Median Age,zip,8603,99,646,RGNN,7,0.9889672994613647,-0.0330502986907959,0.11017823219299316,0.39347243309020996,0.08540981262922287,0.6308797597885132,0.8908912539482117,0.7178726196289062
1168,Tampa,Median Age,zip,8603,99,646,RGNN,8,0.9271024465560913,-0.14117896556854248,-0.06599676609039307,0.39347243309020996,0.2613755762577057,0.6465561985969543,0.9925031661987305,0.7178726196289062
1169,Tampa,Median Age,zip,8603,99,646,RGNN,9,0.9997867345809937,0.47834575176239014,0.010129392147064209,0.39347243309020996,0.008311492390930653,0.4228035509586334,0.9226096868515015,0.7178726196289062
1170,Tampa,Median Age,zip,8603,99,646,Feat-RGNN,0,0.9916256070137024,0.15743285417556763,-0.2556145191192627,0.39347243309020996,0.09254719316959381,0.6753246784210205,1.041268229484558,0.7178726196289062
1171,Tampa,Median Age,zip,8603,99,646,Feat-RGNN,1,0.9706789255142212,0.37057971954345703,-0.11243605613708496,0.39347243309020996,0.1585858166217804,0.527123749256134,0.9896144866943359,0.7178726196289062
1172,Tampa,Median Age,zip,8603,99,646,Feat-RGNN,2,0.9381290078163147,0.054506659507751465,-0.24430251121520996,0.39347243309020996,0.2279426008462906,0.5811565518379211,1.0465127229690552,0.7178726196289062
1173,Tampa,Median Age,zip,8603,99,646,Feat-RGNN,3,0.9698375463485718,0.24788105487823486,-0.21239566802978516,0.39347243309020996,0.16529212892055511,0.6009919047355652,1.0284761190414429,0.7178726196289062
1174,Tampa,Median Age,zip,8603,99,646,Feat-RGNN,4,0.9603521823883057,0.16811728477478027,-0.027402400970458984,0.39347243309020996,0.18525072932243347,0.6214243769645691,0.9385529160499573,0.7178726196289062
1175,Tampa,Median Age,zip,8603,99,646,Feat-RGNN,5,0.9351330995559692,0.00921320915222168,-0.2723069190979004,0.39347243309020996,0.22656969726085663,0.5938806533813477,1.0686720609664917,0.7178726196289062
1176,Tampa,Median Age,zip,8603,99,646,Feat-RGNN,6,0.9673518538475037,0.23282766342163086,-0.039121389389038086,0.39347243309020996,0.16301634907722473,0.5853720307350159,0.9539422392845154,0.7178726196289062
1177,Tampa,Median Age,zip,8603,99,646,Feat-RGNN,7,0.9693595170974731,-0.14565229415893555,-0.0696030855178833,0.39347243309020996,0.1635148823261261,0.7531987428665161,0.9604356288909912,0.7178726196289062
1178,Tampa,Median Age,zip,8603,99,646,Feat-RGNN,8,0.9686367511749268,-0.15157651901245117,-0.025860905647277832,0.39347243309020996,0.14594747126102448,0.7482824325561523,0.9544209241867065,0.7178726196289062
1179,Tampa,Median Age,zip,8603,99,646,Feat-RGNN,9,0.9345691800117493,-0.07973361015319824,-0.2387462854385376,0.39347243309020996,0.22688865661621094,0.6973198056221008,1.0601726770401,0.7178726196289062
1180,Tampa,Median Age,zip,8603,99,646,Feat\&PC-RGNN,0,0.9684567451477051,0.06868141889572144,0.04986584186553955,0.39347243309020996,0.15235045552253723,0.652036726474762,0.9211747050285339,0.7178726196289062
1181,Tampa,Median Age,zip,8603,99,646,Feat\&PC-RGNN,1,0.9569358825683594,0.19628727436065674,0.1683870553970337,0.39347243309020996,0.17470169067382812,0.6650552153587341,0.8583624362945557,0.7178726196289062
1182,Tampa,Median Age,zip,8603,99,646,Feat\&PC-RGNN,2,0.9910838603973389,-0.10905683040618896,-0.0737602710723877,0.39347243309020996,0.07696395367383957,0.6453517079353333,0.9640969634056091,0.7178726196289062
1183,Tampa,Median Age,zip,8603,99,646,Feat\&PC-RGNN,3,0.9631476998329163,-0.18275833129882812,0.10369402170181274,0.39347243309020996,0.16816291213035583,0.6852716207504272,0.8955459594726562,0.7178726196289062
1184,Tampa,Median Age,zip,8603,99,646,Feat\&PC-RGNN,4,0.9863268733024597,-0.15874254703521729,0.06675750017166138,0.39347243309020996,0.09376335889101028,0.7313342094421387,0.9111828804016113,0.7178726196289062
1185,Tampa,Median Age,zip,8603,99,646,Feat\&PC-RGNN,5,0.9923427104949951,-0.3407493829727173,0.038023173809051514,0.39347243309020996,0.05821395665407181,0.7856271862983704,0.935091495513916,0.7178726196289062
1186,Tampa,Median Age,zip,8603,99,646,Feat\&PC-RGNN,6,0.9943794012069702,0.20833736658096313,0.1655145287513733,0.39347243309020996,0.06511731445789337,0.6171947717666626,0.8705546259880066,0.7178726196289062
1187,Tampa,Median Age,zip,8603,99,646,Feat\&PC-RGNN,7,0.9979252219200134,0.3550543785095215,0.11140406131744385,0.39347243309020996,0.03581111133098602,0.565294086933136,0.8894367814064026,0.7178726196289062
1188,Tampa,Median Age,zip,8603,99,646,Feat\&PC-RGNN,8,0.990146815776825,0.39670729637145996,-0.020923495292663574,0.39347243309020996,0.09223659336566925,0.5439938306808472,0.9523570537567139,0.7178726196289062
1189,Tampa,Median Age,zip,8603,99,646,Feat\&PC-RGNN,9,0.9913408756256104,0.06514590978622437,-0.052631378173828125,0.39347243309020996,0.08317504823207855,0.6560279130935669,0.9478317499160767,0.7178726196289062
1190,Tampa,Median Age,zip,8603,99,646,NoPreTrain,0,0.9994531273841858,-1.9335298538208008,-0.9477068185806274,0.39347243309020996,0.025499045848846436,1.2585057020187378,1.3644341230392456,0.7178726196289062
1191,Tampa,Median Age,zip,8603,99,646,NoPreTrain,1,0.9997790455818176,-0.8371305465698242,-0.8667590618133545,0.39347243309020996,0.015243933536112309,0.9165326356887817,1.3635261058807373,0.7178726196289062
1192,Tampa,Median Age,zip,8603,99,646,NoPreTrain,2,0.9959637522697449,-1.500182867050171,-0.8281301259994507,0.39347243309020996,0.07267472892999649,1.1219151020050049,1.3229154348373413,0.7178726196289062
1193,Tampa,Median Age,zip,8603,99,646,NoPreTrain,3,0.9998189806938171,-1.5467486381530762,-0.5986056327819824,0.39347243309020996,0.01277064997702837,1.0479122400283813,1.2345319986343384,0.7178726196289062
1194,Tampa,Median Age,zip,8603,99,646,NoPreTrain,4,0.9998871684074402,-1.1919336318969727,-0.6953456401824951,0.39347243309020996,0.010548241436481476,1.0400307178497314,1.298184871673584,0.7178726196289062
1195,Tampa,Median Age,zip,8603,99,646,NoPreTrain,5,0.9776477813720703,-0.8646848201751709,-0.6806851625442505,0.39347243309020996,0.1700277477502823,0.9807432889938354,1.2648504972457886,0.7178726196289062
1196,Tampa,Median Age,zip,8603,99,646,NoPreTrain,6,0.9998546242713928,-1.704277515411377,-0.6841429471969604,0.39347243309020996,0.009813287295401096,1.0491834878921509,1.2643446922302246,0.7178726196289062
1197,Tampa,Median Age,zip,8603,99,646,NoPreTrain,7,0.9998461604118347,-2.0744526386260986,-0.7037110328674316,0.39347243309020996,0.011789842508733273,1.150447130203247,1.2965490818023682,0.7178726196289062
1198,Tampa,Median Age,zip,8603,99,646,NoPreTrain,8,0.9998571872711182,-1.804753065109253,-0.8592262268066406,0.39347243309020996,0.010904964059591293,1.2370972633361816,1.367484211921692,0.7178726196289062
1199,Tampa,Median Age,zip,8603,99,646,NoPreTrain,9,0.9997326731681824,-3.185845375061035,-0.6832515001296997,0.39347243309020996,0.016238639131188393,1.3126827478408813,1.283799648284912,0.7178726196289062
1200,Philadelphia,Median Income,tract,27601,1079,2592,Emb,0,0.994604229927063,0.29684776067733765,0.3106478452682495,0.7034269571304321,0.04485055059194565,0.5851939916610718,0.6084523797035217,0.3581007421016693
1201,Philadelphia,Median Income,tract,27601,1079,2592,Emb,1,0.9921915531158447,0.21450722217559814,0.26868975162506104,0.7034269571304321,0.05904697999358177,0.6515083312988281,0.6383054256439209,0.3581007421016693
1202,Philadelphia,Median Income,tract,27601,1079,2592,Emb,2,0.9274147748947144,0.2718794345855713,0.28256499767303467,0.7034269571304321,0.2229480892419815,0.6264030337333679,0.6357203125953674,0.3581007421016693
1203,Philadelphia,Median Income,tract,27601,1079,2592,Emb,3,0.984893262386322,0.30566316843032837,0.33690547943115234,0.7034269571304321,0.07708899676799774,0.5761174559593201,0.60292649269104,0.3581007421016693
1204,Philadelphia,Median Income,tract,27601,1079,2592,Emb,4,0.98176109790802,0.16565024852752686,0.2087600827217102,0.7034269571304321,0.10161767899990082,0.660861074924469,0.6668913960456848,0.3581007421016693
1205,Philadelphia,Median Income,tract,27601,1079,2592,Emb,5,0.991493284702301,0.21492981910705566,0.28433758020401,0.7034269571304321,0.05925926938652992,0.6379789710044861,0.6263843774795532,0.3581007421016693
1206,Philadelphia,Median Income,tract,27601,1079,2592,Emb,6,0.9785048365592957,0.2459040880203247,0.2538371682167053,0.7034269571304321,0.11697440594434738,0.6255573034286499,0.6361575722694397,0.3581007421016693
1207,Philadelphia,Median Income,tract,27601,1079,2592,Emb,7,0.975594162940979,0.29862767457962036,0.28569191694259644,0.7034269571304321,0.12403710186481476,0.6107673645019531,0.6390842199325562,0.3581007421016693
1208,Philadelphia,Median Income,tract,27601,1079,2592,Emb,8,0.989617645740509,0.23102718591690063,0.2817035913467407,0.7034269571304321,0.06733774393796921,0.6374465227127075,0.6290457248687744,0.3581007421016693
1209,Philadelphia,Median Income,tract,27601,1079,2592,Emb,9,0.9888527393341064,0.2606690526008606,0.3051747679710388,0.7034269571304321,0.07314784079790115,0.6128890514373779,0.6148401498794556,0.3581007421016693
1210,Philadelphia,Median Income,tract,27601,1079,2592,LightGCN,0,0.9373840689659119,0.48805880546569824,0.4753624200820923,0.7034269571304321,0.17275166511535645,0.4927923083305359,0.5313978791236877,0.3581007421016693
1211,Philadelphia,Median Income,tract,27601,1079,2592,LightGCN,1,0.9245082139968872,0.4383649230003357,0.450558602809906,0.7034269571304321,0.1931414008140564,0.528093695640564,0.5397257208824158,0.3581007421016693
1212,Philadelphia,Median Income,tract,27601,1079,2592,LightGCN,2,0.9017730355262756,0.5007585287094116,0.48509901762008667,0.7034269571304321,0.2235092967748642,0.4842960834503174,0.5282012820243835,0.3581007421016693
1213,Philadelphia,Median Income,tract,27601,1079,2592,LightGCN,3,0.8874267339706421,0.4311028718948364,0.44245022535324097,0.7034269571304321,0.24284376204013824,0.5319569706916809,0.5531890392303467,0.3581007421016693
1214,Philadelphia,Median Income,tract,27601,1079,2592,LightGCN,4,0.9352663159370422,0.4923214316368103,0.4476291537284851,0.7034269571304321,0.1708630621433258,0.508120596408844,0.543475329875946,0.3581007421016693
1215,Philadelphia,Median Income,tract,27601,1079,2592,LightGCN,5,0.9008282423019409,0.44451916217803955,0.44086700677871704,0.7034269571304321,0.22155167162418365,0.5181960463523865,0.5553908944129944,0.3581007421016693
1216,Philadelphia,Median Income,tract,27601,1079,2592,LightGCN,6,0.9038139581680298,0.44631636142730713,0.45951616764068604,0.7034269571304321,0.2188946008682251,0.5202527046203613,0.5433263182640076,0.3581007421016693
1217,Philadelphia,Median Income,tract,27601,1079,2592,LightGCN,7,0.9296690821647644,0.4970622658729553,0.47724980115890503,0.7034269571304321,0.1813531070947647,0.49448665976524353,0.529918909072876,0.3581007421016693
1218,Philadelphia,Median Income,tract,27601,1079,2592,LightGCN,8,0.8988325595855713,0.4681217670440674,0.47970300912857056,0.7034269571304321,0.21990826725959778,0.5166208744049072,0.525867223739624,0.3581007421016693
1219,Philadelphia,Median Income,tract,27601,1079,2592,LightGCN,9,0.8963910937309265,0.5088630318641663,0.46459895372390747,0.7034269571304321,0.2219311147928238,0.509192705154419,0.5446679592132568,0.3581007421016693
1220,Philadelphia,Median Income,tract,27601,1079,2592,Feat-LightGCN,0,0.8688880205154419,0.42537736892700195,0.4362896680831909,0.7034269571304321,0.270241916179657,0.5434556603431702,0.5595120787620544,0.3581007421016693
1221,Philadelphia,Median Income,tract,27601,1079,2592,Feat-LightGCN,1,0.8949288725852966,0.32708513736724854,0.39803868532180786,0.7034269571304321,0.25125569105148315,0.5746539831161499,0.5717678070068359,0.3581007421016693
1222,Philadelphia,Median Income,tract,27601,1079,2592,Feat-LightGCN,2,0.9241876602172852,0.51658034324646,0.44561177492141724,0.7034269571304321,0.19935598969459534,0.5051880478858948,0.5529306530952454,0.3581007421016693
1223,Philadelphia,Median Income,tract,27601,1079,2592,Feat-LightGCN,3,0.9638361930847168,0.5244162082672119,0.46947968006134033,0.7034269571304321,0.1323760747909546,0.47771671414375305,0.5295005440711975,0.3581007421016693
1224,Philadelphia,Median Income,tract,27601,1079,2592,Feat-LightGCN,4,0.9344997406005859,0.533905029296875,0.4837654232978821,0.7034269571304321,0.18792413175106049,0.487174928188324,0.5268637537956238,0.3581007421016693
1225,Philadelphia,Median Income,tract,27601,1079,2592,Feat-LightGCN,5,0.9616891741752625,0.42704206705093384,0.4318355917930603,0.7034269571304321,0.14137539267539978,0.5481361150741577,0.5507908463478088,0.3581007421016693
1226,Philadelphia,Median Income,tract,27601,1079,2592,Feat-LightGCN,6,0.95998215675354,0.4593830704689026,0.4627739191055298,0.7034269571304321,0.13622106611728668,0.5167814493179321,0.5352174639701843,0.3581007421016693
1227,Philadelphia,Median Income,tract,27601,1079,2592,Feat-LightGCN,7,0.9623489379882812,0.4142994284629822,0.4446750283241272,0.7034269571304321,0.13043548166751862,0.5546055436134338,0.5488340258598328,0.3581007421016693
1228,Philadelphia,Median Income,tract,27601,1079,2592,Feat-LightGCN,8,0.9651127457618713,0.45811790227890015,0.4600430130958557,0.7034269571304321,0.13249455392360687,0.5322802066802979,0.5445831418037415,0.3581007421016693
1229,Philadelphia,Median Income,tract,27601,1079,2592,Feat-LightGCN,9,0.9064425230026245,0.39456576108932495,0.40761899948120117,0.7034269571304321,0.23908057808876038,0.5531823039054871,0.5696886777877808,0.3581007421016693
1230,Philadelphia,Median Income,tract,27601,1079,2592,Feat\&PC-LightGCN,0,0.9870254993438721,0.4661828875541687,0.5145636796951294,0.7034269571304321,0.07602899521589279,0.4956165552139282,0.5019732117652893,0.3581007421016693
1231,Philadelphia,Median Income,tract,27601,1079,2592,Feat\&PC-LightGCN,1,0.970260500907898,0.5418606996536255,0.5585216283798218,0.7034269571304321,0.12315135449171066,0.465021014213562,0.47411152720451355,0.3581007421016693
1232,Philadelphia,Median Income,tract,27601,1079,2592,Feat\&PC-LightGCN,2,0.9783114790916443,0.44125765562057495,0.5107629299163818,0.7034269571304321,0.10697035491466522,0.5000922083854675,0.49792441725730896,0.3581007421016693
1233,Philadelphia,Median Income,tract,27601,1079,2592,Feat\&PC-LightGCN,3,0.9792113900184631,0.4633027911186218,0.5223296880722046,0.7034269571304321,0.0927000641822815,0.4914659261703491,0.4963434338569641,0.3581007421016693
1234,Philadelphia,Median Income,tract,27601,1079,2592,Feat\&PC-LightGCN,4,0.982850968837738,0.4927385449409485,0.5176470279693604,0.7034269571304321,0.09444940835237503,0.47671961784362793,0.49350982904434204,0.3581007421016693
1235,Philadelphia,Median Income,tract,27601,1079,2592,Feat\&PC-LightGCN,5,0.9579094052314758,0.43698352575302124,0.5022014379501343,0.7034269571304321,0.1511082798242569,0.4949444532394409,0.5105354189872742,0.3581007421016693
1236,Philadelphia,Median Income,tract,27601,1079,2592,Feat\&PC-LightGCN,6,0.9817953109741211,0.4959636330604553,0.5302096009254456,0.7034269571304321,0.09382571280002594,0.48653700947761536,0.4910142719745636,0.3581007421016693
1237,Philadelphia,Median Income,tract,27601,1079,2592,Feat\&PC-LightGCN,7,0.9861348271369934,0.48654764890670776,0.5124372243881226,0.7034269571304321,0.07344230264425278,0.492197185754776,0.5011593699455261,0.3581007421016693
1238,Philadelphia,Median Income,tract,27601,1079,2592,Feat\&PC-LightGCN,8,0.9899576306343079,0.4703007936477661,0.5172059535980225,0.7034269571304321,0.06715478003025055,0.49419721961021423,0.499862939119339,0.3581007421016693
1239,Philadelphia,Median Income,tract,27601,1079,2592,Feat\&PC-LightGCN,9,0.9772366285324097,0.4740331768989563,0.5014256834983826,0.7034269571304321,0.11118920147418976,0.494809091091156,0.5100935697555542,0.3581007421016693
1240,Philadelphia,Median Income,tract,27601,1079,2592,RGNN,0,0.7887924909591675,0.5016950964927673,0.4444279074668884,0.7034269571304321,0.3182859718799591,0.5041888356208801,0.5571216344833374,0.3581007421016693
1241,Philadelphia,Median Income,tract,27601,1079,2592,RGNN,1,0.6954187154769897,0.5254116654396057,0.4056752920150757,0.7034269571304321,0.3939565420150757,0.4839921295642853,0.5785496234893799,0.3581007421016693
1242,Philadelphia,Median Income,tract,27601,1079,2592,RGNN,2,0.748420238494873,0.45339787006378174,0.42078936100006104,0.7034269571304321,0.3446817100048065,0.5164194703102112,0.5672430396080017,0.3581007421016693
1243,Philadelphia,Median Income,tract,27601,1079,2592,RGNN,3,0.8133301734924316,0.4836081862449646,0.41891413927078247,0.7034269571304321,0.2975066304206848,0.49900296330451965,0.5668057799339294,0.3581007421016693
1244,Philadelphia,Median Income,tract,27601,1079,2592,RGNN,4,0.8149890303611755,0.476104199886322,0.40753453969955444,0.7034269571304321,0.30250969529151917,0.5124417543411255,0.5791201591491699,0.3581007421016693
1245,Philadelphia,Median Income,tract,27601,1079,2592,RGNN,5,0.7336110472679138,0.4993788003921509,0.4102863073348999,0.7034269571304321,0.3560657799243927,0.4979269206523895,0.5729339718818665,0.3581007421016693
1246,Philadelphia,Median Income,tract,27601,1079,2592,RGNN,6,0.7255853414535522,0.5287772417068481,0.424373984336853,0.7034269571304321,0.3573058247566223,0.4912863075733185,0.565017819404602,0.3581007421016693
1247,Philadelphia,Median Income,tract,27601,1079,2592,RGNN,7,0.8261711001396179,0.40684789419174194,0.3557213544845581,0.7034269571304321,0.3017624020576477,0.5449156761169434,0.5886456370353699,0.3581007421016693
1248,Philadelphia,Median Income,tract,27601,1079,2592,RGNN,8,0.7458972334861755,0.5198086500167847,0.40431874990463257,0.7034269571304321,0.3520750403404236,0.48561158776283264,0.5739325881004333,0.3581007421016693
1249,Philadelphia,Median Income,tract,27601,1079,2592,RGNN,9,0.7397600412368774,0.4697985053062439,0.3795931935310364,0.7034269571304321,0.3566737473011017,0.5132316946983337,0.5887863636016846,0.3581007421016693
1250,Philadelphia,Median Income,tract,27601,1079,2592,Feat-RGNN,0,0.700139045715332,0.49246031045913696,0.39119142293930054,0.7034269571304321,0.38806986808776855,0.49029776453971863,0.5828186869621277,0.3581007421016693
1251,Philadelphia,Median Income,tract,27601,1079,2592,Feat-RGNN,1,0.7459779977798462,0.5033516883850098,0.40493887662887573,0.7034269571304321,0.35393649339675903,0.48803308606147766,0.5742958188056946,0.3581007421016693
1252,Philadelphia,Median Income,tract,27601,1079,2592,Feat-RGNN,2,0.758756160736084,0.38251787424087524,0.3171067237854004,0.7034269571304321,0.346569299697876,0.553270697593689,0.6108952164649963,0.3581007421016693
1253,Philadelphia,Median Income,tract,27601,1079,2592,Feat-RGNN,3,0.8328279256820679,0.41689950227737427,0.35568803548812866,0.7034269571304321,0.2843308448791504,0.5284790396690369,0.5950862169265747,0.3581007421016693
1254,Philadelphia,Median Income,tract,27601,1079,2592,Feat-RGNN,4,0.803033173084259,0.39723801612854004,0.34452515840530396,0.7034269571304321,0.3121381103992462,0.5531541109085083,0.5934317708015442,0.3581007421016693
1255,Philadelphia,Median Income,tract,27601,1079,2592,Feat-RGNN,5,0.7429615259170532,0.45994091033935547,0.3971478343009949,0.7034269571304321,0.35794106125831604,0.5087048411369324,0.583171546459198,0.3581007421016693
1256,Philadelphia,Median Income,tract,27601,1079,2592,Feat-RGNN,6,0.7581912279129028,0.4292793869972229,0.40042930841445923,0.7034269571304321,0.33565565943717957,0.5259949564933777,0.5718255639076233,0.3581007421016693
1257,Philadelphia,Median Income,tract,27601,1079,2592,Feat-RGNN,7,0.706099271774292,0.4667623043060303,0.3844722509384155,0.7034269571304321,0.3935302197933197,0.5039758682250977,0.5908745527267456,0.3581007421016693
1258,Philadelphia,Median Income,tract,27601,1079,2592,Feat-RGNN,8,0.8009263277053833,0.4388977885246277,0.3790261149406433,0.7034269571304321,0.32166197896003723,0.517853319644928,0.5874375700950623,0.3581007421016693
1259,Philadelphia,Median Income,tract,27601,1079,2592,Feat-RGNN,9,0.5909829139709473,0.41452521085739136,0.3175032138824463,0.7034269571304321,0.4502646327018738,0.5272147059440613,0.6188369393348694,0.3581007421016693
1260,Philadelphia,Median Income,tract,27601,1079,2592,Feat\&PC-RGNN,0,0.7972568869590759,0.5563675165176392,0.4544144868850708,0.7034269571304321,0.32430610060691833,0.4651024043560028,0.5531545281410217,0.3581007421016693
1261,Philadelphia,Median Income,tract,27601,1079,2592,Feat\&PC-RGNN,1,0.7794904708862305,0.4374256134033203,0.4246705174446106,0.7034269571304321,0.3256623148918152,0.529037356376648,0.5640495419502258,0.3581007421016693
1262,Philadelphia,Median Income,tract,27601,1079,2592,Feat\&PC-RGNN,2,0.8528979420661926,0.5457712411880493,0.4651646614074707,0.7034269571304321,0.2659822404384613,0.476380318403244,0.5446234941482544,0.3581007421016693
1263,Philadelphia,Median Income,tract,27601,1079,2592,Feat\&PC-RGNN,3,0.8652116656303406,0.5269589424133301,0.45642566680908203,0.7034269571304321,0.25894084572792053,0.48513171076774597,0.5503431558609009,0.3581007421016693
1264,Philadelphia,Median Income,tract,27601,1079,2592,Feat\&PC-RGNN,4,0.8980671167373657,0.5294299125671387,0.4290643334388733,0.7034269571304321,0.22268269956111908,0.4857880771160126,0.5567625761032104,0.3581007421016693
1265,Philadelphia,Median Income,tract,27601,1079,2592,Feat\&PC-RGNN,5,0.8157283067703247,0.4854586720466614,0.455083966255188,0.7034269571304321,0.3027169704437256,0.5141617655754089,0.5522209405899048,0.3581007421016693
1266,Philadelphia,Median Income,tract,27601,1079,2592,Feat\&PC-RGNN,6,0.8166030049324036,0.48355215787887573,0.41795825958251953,0.7034269571304321,0.30602097511291504,0.518174409866333,0.5704438090324402,0.3581007421016693
1267,Philadelphia,Median Income,tract,27601,1079,2592,Feat\&PC-RGNN,7,0.8869650959968567,0.46714460849761963,0.45680809020996094,0.7034269571304321,0.23563188314437866,0.5133734345436096,0.5477883815765381,0.3581007421016693
1268,Philadelphia,Median Income,tract,27601,1079,2592,Feat\&PC-RGNN,8,0.7781345844268799,0.4881581664085388,0.4061852693557739,0.7034269571304321,0.3361560106277466,0.49079596996307373,0.5744163393974304,0.3581007421016693
1269,Philadelphia,Median Income,tract,27601,1079,2592,Feat\&PC-RGNN,9,0.8105639815330505,0.4639991521835327,0.3705780506134033,0.7034269571304321,0.30584681034088135,0.5106726288795471,0.59493088722229,0.3581007421016693
1270,Philadelphia,Median Income,tract,27601,1079,2592,NoPreTrain,0,0.9945815801620483,-0.32258355617523193,0.036716580390930176,0.7034269571304321,0.0596570149064064,0.8108610510826111,0.7375754117965698,0.3581007421016693
1271,Philadelphia,Median Income,tract,27601,1079,2592,NoPreTrain,1,0.9974302649497986,-0.4632779359817505,0.008657217025756836,0.7034269571304321,0.03858000785112381,0.8753440380096436,0.7501230239868164,0.3581007421016693
1272,Philadelphia,Median Income,tract,27601,1079,2592,NoPreTrain,2,0.9964099526405334,-0.1110236644744873,0.09649735689163208,0.7034269571304321,0.04645968973636627,0.754274845123291,0.7115336060523987,0.3581007421016693
1273,Philadelphia,Median Income,tract,27601,1079,2592,NoPreTrain,3,0.9976865649223328,-0.5202139616012573,-0.12876546382904053,0.7034269571304321,0.03241622447967529,0.8793771266937256,0.7925536632537842,0.3581007421016693
1274,Philadelphia,Median Income,tract,27601,1079,2592,NoPreTrain,4,0.9877885580062866,-0.6955492496490479,-0.1915968656539917,0.7034269571304321,0.09120878577232361,0.9426946043968201,0.8276054263114929,0.3581007421016693
1275,Philadelphia,Median Income,tract,27601,1079,2592,NoPreTrain,5,0.9800620079040527,-0.2869824171066284,0.05096471309661865,0.7034269571304321,0.12316581606864929,0.813115656375885,0.7279385328292847,0.3581007421016693
1276,Philadelphia,Median Income,tract,27601,1079,2592,NoPreTrain,6,0.9964209794998169,-0.6619856357574463,-0.15481460094451904,0.7034269571304321,0.043900907039642334,0.9040839076042175,0.8150556683540344,0.3581007421016693
1277,Philadelphia,Median Income,tract,27601,1079,2592,NoPreTrain,7,0.9917043447494507,-0.5501465797424316,-0.053574442863464355,0.7034269571304321,0.07367318123579025,0.8911318182945251,0.7618119120597839,0.3581007421016693
1278,Philadelphia,Median Income,tract,27601,1079,2592,NoPreTrain,8,0.9968845844268799,-0.7014352083206177,-0.061629652976989746,0.7034269571304321,0.035884223878383636,0.9436793923377991,0.7710034251213074,0.3581007421016693
1279,Philadelphia,Median Income,tract,27601,1079,2592,NoPreTrain,9,0.9951791763305664,-0.6622039079666138,-0.10801076889038086,0.7034269571304321,0.05131484940648079,0.9040257334709167,0.7644698619842529,0.3581007421016693
1280,Philadelphia,Median Home Value,tract,27637,1076,2617,Emb,0,0.9946039319038391,0.39856964349746704,0.4966505169868469,0.8465257883071899,0.044902775436639786,0.5802422165870667,0.4878135025501251,0.20567750930786133
1281,Philadelphia,Median Home Value,tract,27637,1076,2617,Emb,1,0.9776588678359985,0.29699718952178955,0.4836902618408203,0.8465257883071899,0.11502209305763245,0.5931279063224792,0.5027715563774109,0.20567750930786133
1282,Philadelphia,Median Home Value,tract,27637,1076,2617,Emb,2,0.9873306751251221,0.37362200021743774,0.4721446633338928,0.8465257883071899,0.08506657928228378,0.5695230960845947,0.5043808221817017,0.20567750930786133
1283,Philadelphia,Median Home Value,tract,27637,1076,2617,Emb,3,0.9922417402267456,0.47022461891174316,0.540725588798523,0.8465257883071899,0.05862414836883545,0.5145823359489441,0.46881118416786194,0.20567750930786133
1284,Philadelphia,Median Home Value,tract,27637,1076,2617,Emb,4,0.980899453163147,0.17641276121139526,0.40880584716796875,0.8465257883071899,0.10995146632194519,0.6367060542106628,0.52891606092453,0.20567750930786133
1285,Philadelphia,Median Home Value,tract,27637,1076,2617,Emb,5,0.9722248315811157,0.2299146056175232,0.4490496516227722,0.8465257883071899,0.13708563148975372,0.6109451651573181,0.5110973715782166,0.20567750930786133
1286,Philadelphia,Median Home Value,tract,27637,1076,2617,Emb,6,0.9921561479568481,0.20160812139511108,0.427142858505249,0.8465257883071899,0.0575171522796154,0.6099013090133667,0.5158253312110901,0.20567750930786133
1287,Philadelphia,Median Home Value,tract,27637,1076,2617,Emb,7,0.9813011288642883,0.3425608277320862,0.5001790523529053,0.8465257883071899,0.10534953325986862,0.5589576959609985,0.48121824860572815,0.20567750930786133
1288,Philadelphia,Median Home Value,tract,27637,1076,2617,Emb,8,0.9610384702682495,0.2750878930091858,0.4941686987876892,0.8465257883071899,0.15726882219314575,0.6106970310211182,0.49222564697265625,0.20567750930786133
1289,Philadelphia,Median Home Value,tract,27637,1076,2617,Emb,9,0.9893136620521545,0.3229116201400757,0.45654046535491943,0.8465257883071899,0.08059512078762054,0.5897257328033447,0.5119498372077942,0.20567750930786133
1290,Philadelphia,Median Home Value,tract,27637,1076,2617,LightGCN,0,0.9779728055000305,0.6839181184768677,0.6754255294799805,0.8465257883071899,0.0991068109869957,0.3922034800052643,0.3836456835269928,0.20567750930786133
1291,Philadelphia,Median Home Value,tract,27637,1076,2617,LightGCN,1,0.9568713903427124,0.6717792749404907,0.6573799848556519,0.8465257883071899,0.1511153131723404,0.39816316962242126,0.39926186203956604,0.20567750930786133
1292,Philadelphia,Median Home Value,tract,27637,1076,2617,LightGCN,2,0.9486082196235657,0.6174038648605347,0.6347214579582214,0.8465257883071899,0.15546946227550507,0.42519620060920715,0.40827658772468567,0.20567750930786133
1293,Philadelphia,Median Home Value,tract,27637,1076,2617,LightGCN,3,0.9594041705131531,0.6331932544708252,0.6498100757598877,0.8465257883071899,0.14218322932720184,0.41527265310287476,0.39712396264076233,0.20567750930786133
1294,Philadelphia,Median Home Value,tract,27637,1076,2617,LightGCN,4,0.9567463397979736,0.675836443901062,0.6689573526382446,0.8465257883071899,0.14168819785118103,0.40076369047164917,0.38538405299186707,0.20567750930786133
1295,Philadelphia,Median Home Value,tract,27637,1076,2617,LightGCN,5,0.9297524094581604,0.6538878679275513,0.6368988156318665,0.8465257883071899,0.1899869590997696,0.4155663847923279,0.4111279249191284,0.20567750930786133
1296,Philadelphia,Median Home Value,tract,27637,1076,2617,LightGCN,6,0.9241750240325928,0.6260412335395813,0.6455847024917603,0.8465257883071899,0.1891898214817047,0.40627530217170715,0.4042534828186035,0.20567750930786133
1297,Philadelphia,Median Home Value,tract,27637,1076,2617,LightGCN,7,0.9634289145469666,0.6468397378921509,0.6525806188583374,0.8465257883071899,0.13886000216007233,0.40876346826553345,0.3983798921108246,0.20567750930786133
1298,Philadelphia,Median Home Value,tract,27637,1076,2617,LightGCN,8,0.897029459476471,0.5787829160690308,0.589654803276062,0.8465257883071899,0.24694038927555084,0.4552662670612335,0.44468986988067627,0.20567750930786133
1299,Philadelphia,Median Home Value,tract,27637,1076,2617,LightGCN,9,0.9837188720703125,0.6741398572921753,0.6642805337905884,0.8465257883071899,0.08695244044065475,0.41115379333496094,0.38828906416893005,0.20567750930786133
1300,Philadelphia,Median Home Value,tract,27637,1076,2617,Feat-LightGCN,0,0.9882565140724182,0.6643953323364258,0.6440373063087463,0.8465257883071899,0.07408270984888077,0.3998481035232544,0.4036533236503601,0.20567750930786133
1301,Philadelphia,Median Home Value,tract,27637,1076,2617,Feat-LightGCN,1,0.9709512591362,0.6268186569213867,0.6562731266021729,0.8465257883071899,0.11934434622526169,0.41640758514404297,0.38640084862709045,0.20567750930786133
1302,Philadelphia,Median Home Value,tract,27637,1076,2617,Feat-LightGCN,2,0.9609825611114502,0.6507050395011902,0.6544802784919739,0.8465257883071899,0.14078174531459808,0.4023062288761139,0.39416810870170593,0.20567750930786133
1303,Philadelphia,Median Home Value,tract,27637,1076,2617,Feat-LightGCN,3,0.9713721871376038,0.6824307441711426,0.6597546339035034,0.8465257883071899,0.12080009281635284,0.40374743938446045,0.3883726894855499,0.20567750930786133
1304,Philadelphia,Median Home Value,tract,27637,1076,2617,Feat-LightGCN,4,0.9594447016716003,0.6043757200241089,0.6476906538009644,0.8465257883071899,0.14545336365699768,0.4438974857330322,0.4047376811504364,0.20567750930786133
1305,Philadelphia,Median Home Value,tract,27637,1076,2617,Feat-LightGCN,5,0.9726787209510803,0.6671603918075562,0.6671077013015747,0.8465257883071899,0.11378056555986404,0.38689497113227844,0.3791625499725342,0.20567750930786133
1306,Philadelphia,Median Home Value,tract,27637,1076,2617,Feat-LightGCN,6,0.9852062463760376,0.673374593257904,0.6713237762451172,0.8465257883071899,0.08363837003707886,0.38405150175094604,0.3793778717517853,0.20567750930786133
1307,Philadelphia,Median Home Value,tract,27637,1076,2617,Feat-LightGCN,7,0.9779148101806641,0.6270334720611572,0.6580041646957397,0.8465257883071899,0.09918956458568573,0.40160071849823,0.38963770866394043,0.20567750930786133
1308,Philadelphia,Median Home Value,tract,27637,1076,2617,Feat-LightGCN,8,0.9742221236228943,0.6392295360565186,0.6561471223831177,0.8465257883071899,0.11185683310031891,0.409714013338089,0.38990193605422974,0.20567750930786133
1309,Philadelphia,Median Home Value,tract,27637,1076,2617,Feat-LightGCN,9,0.9808040857315063,0.6439868807792664,0.6376648545265198,0.8465257883071899,0.09884088486433029,0.3968537747859955,0.4004792869091034,0.20567750930786133
1310,Philadelphia,Median Home Value,tract,27637,1076,2617,Feat\&PC-LightGCN,0,0.98356693983078,0.7025076150894165,0.720920979976654,0.8465257883071899,0.0964367538690567,0.37840208411216736,0.33912354707717896,0.20567750930786133
1311,Philadelphia,Median Home Value,tract,27637,1076,2617,Feat\&PC-LightGCN,1,0.9860689640045166,0.7271822094917297,0.7332485914230347,0.8465257883071899,0.07572323828935623,0.3538499176502228,0.3246728479862213,0.20567750930786133
1312,Philadelphia,Median Home Value,tract,27637,1076,2617,Feat\&PC-LightGCN,2,0.9902951717376709,0.7257784605026245,0.7241767644882202,0.8465257883071899,0.06726836413145065,0.35935482382774353,0.3351045548915863,0.20567750930786133
1313,Philadelphia,Median Home Value,tract,27637,1076,2617,Feat\&PC-LightGCN,3,0.9850135445594788,0.716681957244873,0.733722984790802,0.8465257883071899,0.0893905833363533,0.3590873181819916,0.3243308365345001,0.20567750930786133
1314,Philadelphia,Median Home Value,tract,27637,1076,2617,Feat\&PC-LightGCN,4,0.9884686470031738,0.7255721092224121,0.7242016792297363,0.8465257883071899,0.07828659564256668,0.36353951692581177,0.33478251099586487,0.20567750930786133
1315,Philadelphia,Median Home Value,tract,27637,1076,2617,Feat\&PC-LightGCN,5,0.9840696454048157,0.6801643967628479,0.6946992874145508,0.8465257883071899,0.09590894728899002,0.3887937366962433,0.3548792898654938,0.20567750930786133
1316,Philadelphia,Median Home Value,tract,27637,1076,2617,Feat\&PC-LightGCN,6,0.9567641019821167,0.6999009847640991,0.7188032865524292,0.8465257883071899,0.15465378761291504,0.37742239236831665,0.3393535017967224,0.20567750930786133
1317,Philadelphia,Median Home Value,tract,27637,1076,2617,Feat\&PC-LightGCN,7,0.9885262846946716,0.6712670922279358,0.7146025896072388,0.8465257883071899,0.0798477828502655,0.38946136832237244,0.33514702320098877,0.20567750930786133
1318,Philadelphia,Median Home Value,tract,27637,1076,2617,Feat\&PC-LightGCN,8,0.9931824803352356,0.6706608533859253,0.7091113924980164,0.8465257883071899,0.05436095595359802,0.3993396759033203,0.34158965945243835,0.20567750930786133
1319,Philadelphia,Median Home Value,tract,27637,1076,2617,Feat\&PC-LightGCN,9,0.9867845177650452,0.6900327205657959,0.7207863926887512,0.8465257883071899,0.07783649116754532,0.3589058518409729,0.3348366618156433,0.20567750930786133
1320,Philadelphia,Median Home Value,tract,27637,1076,2617,RGNN,0,0.7904559373855591,0.628440797328949,0.5587689876556396,0.8465257883071899,0.3276921510696411,0.43513229489326477,0.4684145748615265,0.20567750930786133
1321,Philadelphia,Median Home Value,tract,27637,1076,2617,RGNN,1,0.8127061128616333,0.5819389820098877,0.5570359230041504,0.8465257883071899,0.3017585277557373,0.4551994502544403,0.46463608741760254,0.20567750930786133
1322,Philadelphia,Median Home Value,tract,27637,1076,2617,RGNN,2,0.8385857939720154,0.5961423516273499,0.5571982264518738,0.8465257883071899,0.28323447704315186,0.4428219497203827,0.4619031548500061,0.20567750930786133
1323,Philadelphia,Median Home Value,tract,27637,1076,2617,RGNN,3,0.7557668089866638,0.6095992922782898,0.5701083540916443,0.8465257883071899,0.3353213965892792,0.4327414035797119,0.4548075795173645,0.20567750930786133
1324,Philadelphia,Median Home Value,tract,27637,1076,2617,RGNN,4,0.8804673552513123,0.6187894344329834,0.5647193789482117,0.8465257883071899,0.2401755154132843,0.4508799910545349,0.4615190625190735,0.20567750930786133
1325,Philadelphia,Median Home Value,tract,27637,1076,2617,RGNN,5,0.69298255443573,0.5335687398910522,0.4808380603790283,0.8465257883071899,0.3944292962551117,0.48339250683784485,0.5153638124465942,0.20567750930786133
1326,Philadelphia,Median Home Value,tract,27637,1076,2617,RGNN,6,0.8108286261558533,0.5658514499664307,0.5500736832618713,0.8465257883071899,0.2972773313522339,0.45750752091407776,0.47081881761550903,0.20567750930786133
1327,Philadelphia,Median Home Value,tract,27637,1076,2617,RGNN,7,0.8373168110847473,0.6060658693313599,0.5734376907348633,0.8465257883071899,0.27604779601097107,0.44027838110923767,0.45407533645629883,0.20567750930786133
1328,Philadelphia,Median Home Value,tract,27637,1076,2617,RGNN,8,0.7957143187522888,0.5957218408584595,0.551588773727417,0.8465257883071899,0.31561699509620667,0.45319047570228577,0.46898770332336426,0.20567750930786133
1329,Philadelphia,Median Home Value,tract,27637,1076,2617,RGNN,9,0.8603612184524536,0.6289224624633789,0.5701597929000854,0.8465257883071899,0.2649317681789398,0.44769158959388733,0.4693489372730255,0.20567750930786133
1330,Philadelphia,Median Home Value,tract,27637,1076,2617,Feat-RGNN,0,0.8433063626289368,0.5557084679603577,0.55509352684021,0.8465257883071899,0.28002870082855225,0.4516577422618866,0.4665459096431732,0.20567750930786133
1331,Philadelphia,Median Home Value,tract,27637,1076,2617,Feat-RGNN,1,0.8046265244483948,0.5018841028213501,0.5546188354492188,0.8465257883071899,0.3116679787635803,0.45323047041893005,0.4627264440059662,0.20567750930786133
1332,Philadelphia,Median Home Value,tract,27637,1076,2617,Feat-RGNN,2,0.8551456928253174,0.59404057264328,0.6108191013336182,0.8465257883071899,0.2683175802230835,0.4271312952041626,0.4338071048259735,0.20567750930786133
1333,Philadelphia,Median Home Value,tract,27637,1076,2617,Feat-RGNN,3,0.8606744408607483,0.5611308813095093,0.5928709506988525,0.8465257883071899,0.25910502672195435,0.4534154236316681,0.4427013099193573,0.20567750930786133
1334,Philadelphia,Median Home Value,tract,27637,1076,2617,Feat-RGNN,4,0.13794296979904175,0.06636446714401245,0.06349480152130127,0.8465257883071899,0.6600996255874634,0.7076815962791443,0.7133218050003052,0.20567750930786133
1335,Philadelphia,Median Home Value,tract,27637,1076,2617,Feat-RGNN,5,0.8156236410140991,0.5748286843299866,0.5676254034042358,0.8465257883071899,0.30015385150909424,0.44306084513664246,0.4643348157405853,0.20567750930786133
1336,Philadelphia,Median Home Value,tract,27637,1076,2617,Feat-RGNN,6,0.8056076765060425,0.5597597360610962,0.5632100701332092,0.8465257883071899,0.30693796277046204,0.44357410073280334,0.46080338954925537,0.20567750930786133
1337,Philadelphia,Median Home Value,tract,27637,1076,2617,Feat-RGNN,7,0.8553858399391174,0.5418587923049927,0.5419564247131348,0.8465257883071899,0.27079692482948303,0.46954742074012756,0.46510306000709534,0.20567750930786133
1338,Philadelphia,Median Home Value,tract,27637,1076,2617,Feat-RGNN,8,0.7911027073860168,0.5788687467575073,0.5708909034729004,0.8465257883071899,0.32099297642707825,0.45416682958602905,0.46283188462257385,0.20567750930786133
1339,Philadelphia,Median Home Value,tract,27637,1076,2617,Feat-RGNN,9,0.8665878176689148,0.5607869625091553,0.594394326210022,0.8465257883071899,0.2541395425796509,0.45457184314727783,0.43731844425201416,0.20567750930786133
1340,Philadelphia,Median Home Value,tract,27637,1076,2617,Feat\&PC-RGNN,0,0.9142277836799622,0.6771777868270874,0.6461102962493896,0.8465257883071899,0.2081843912601471,0.39775967597961426,0.4038219451904297,0.20567750930786133
1341,Philadelphia,Median Home Value,tract,27637,1076,2617,Feat\&PC-RGNN,1,0.9059848189353943,0.6190417408943176,0.6279985308647156,0.8465257883071899,0.2242022454738617,0.434248685836792,0.4170437753200531,0.20567750930786133
1342,Philadelphia,Median Home Value,tract,27637,1076,2617,Feat\&PC-RGNN,2,0.8883858919143677,0.6380516290664673,0.6128019690513611,0.8465257883071899,0.23587433993816376,0.4405158460140228,0.42818719148635864,0.20567750930786133
1343,Philadelphia,Median Home Value,tract,27637,1076,2617,Feat\&PC-RGNN,3,0.9296707510948181,0.6669045686721802,0.6659153699874878,0.8465257883071899,0.1864577829837799,0.41217800974845886,0.3980398178100586,0.20567750930786133
1344,Philadelphia,Median Home Value,tract,27637,1076,2617,Feat\&PC-RGNN,4,0.9076972007751465,0.6451516151428223,0.6505569219589233,0.8465257883071899,0.21613964438438416,0.4110538959503174,0.4042830765247345,0.20567750930786133
1345,Philadelphia,Median Home Value,tract,27637,1076,2617,Feat\&PC-RGNN,5,0.8943873047828674,0.6311412453651428,0.6290308237075806,0.8465257883071899,0.2293510138988495,0.4265287220478058,0.4247874617576599,0.20567750930786133
1346,Philadelphia,Median Home Value,tract,27637,1076,2617,Feat\&PC-RGNN,6,0.8980671167373657,0.6357859373092651,0.6524138450622559,0.8465257883071899,0.22620221972465515,0.43790820240974426,0.40069231390953064,0.20567750930786133
1347,Philadelphia,Median Home Value,tract,27637,1076,2617,Feat\&PC-RGNN,7,0.9209499359130859,0.6229108572006226,0.6252954006195068,0.8465257883071899,0.19899749755859375,0.42539143562316895,0.4206845760345459,0.20567750930786133
1348,Philadelphia,Median Home Value,tract,27637,1076,2617,Feat\&PC-RGNN,8,0.847512423992157,0.6297613382339478,0.5998421907424927,0.8465257883071899,0.280733197927475,0.44020265340805054,0.4464050233364105,0.20567750930786133
1349,Philadelphia,Median Home Value,tract,27637,1076,2617,Feat\&PC-RGNN,9,0.9266496896743774,0.6312974691390991,0.6196812391281128,0.8465257883071899,0.1940174251794815,0.44694820046424866,0.4275142550468445,0.20567750930786133
1350,Philadelphia,Median Home Value,tract,27637,1076,2617,NoPreTrain,0,0.9906675219535828,-0.32926714420318604,0.005576968193054199,0.8465257883071899,0.08198610693216324,0.8887900114059448,0.7226167917251587,0.20567750930786133
1351,Philadelphia,Median Home Value,tract,27637,1076,2617,NoPreTrain,1,0.9979791641235352,-0.17266571521759033,0.1447696089744568,0.8465257883071899,0.031221386045217514,0.8442370295524597,0.6736317276954651,0.20567750930786133
1352,Philadelphia,Median Home Value,tract,27637,1076,2617,NoPreTrain,2,0.9983916878700256,-0.05586862564086914,0.1456049680709839,0.8465257883071899,0.027266383171081543,0.776652991771698,0.6458268761634827,0.20567750930786133
1353,Philadelphia,Median Home Value,tract,27637,1076,2617,NoPreTrain,3,0.9950440526008606,-0.16173624992370605,0.07226204872131348,0.8465257883071899,0.058115337044000626,0.8250907063484192,0.6873906850814819,0.20567750930786133
1354,Philadelphia,Median Home Value,tract,27637,1076,2617,NoPreTrain,4,0.9750111699104309,-0.6861559152603149,-0.31927788257598877,0.8465257883071899,0.10817557573318481,0.9750922918319702,0.8285546898841858,0.20567750930786133
1355,Philadelphia,Median Home Value,tract,27637,1076,2617,NoPreTrain,5,0.9844311475753784,-0.06775546073913574,0.23498260974884033,0.8465257883071899,0.10679030418395996,0.7632052302360535,0.6243788599967957,0.20567750930786133
1356,Philadelphia,Median Home Value,tract,27637,1076,2617,NoPreTrain,6,0.9813730716705322,-0.25934481620788574,0.06176340579986572,0.8465257883071899,0.11895602941513062,0.8443948030471802,0.6968916058540344,0.20567750930786133
1357,Philadelphia,Median Home Value,tract,27637,1076,2617,NoPreTrain,7,0.9930967688560486,-0.06470036506652832,0.09710466861724854,0.8465257883071899,0.06897593289613724,0.8007484078407288,0.6799870729446411,0.20567750930786133
1358,Philadelphia,Median Home Value,tract,27637,1076,2617,NoPreTrain,8,0.9747676849365234,-0.12272608280181885,0.13400566577911377,0.8465257883071899,0.13974714279174805,0.7796649932861328,0.6741448640823364,0.20567750930786133
1359,Philadelphia,Median Home Value,tract,27637,1076,2617,NoPreTrain,9,0.9983401894569397,-0.2009739875793457,0.08113187551498413,0.8465257883071899,0.029570871964097023,0.8206970691680908,0.68964684009552,0.20567750930786133
1360,Philadelphia,Median Age,tract,28547,1082,2716,Emb,0,0.9542325139045715,-0.4001098871231079,-0.007972002029418945,0.38543587923049927,0.1644429713487625,0.7905402779579163,0.9102360606193542,0.6407316327095032
1361,Philadelphia,Median Age,tract,28547,1082,2716,Emb,1,0.9822312593460083,-0.3735150098800659,-0.055182814598083496,0.38543587923049927,0.09390010684728622,0.7577643990516663,0.919999361038208,0.6407316327095032
1362,Philadelphia,Median Age,tract,28547,1082,2716,Emb,2,0.9663450121879578,-0.4437754154205322,-0.04534637928009033,0.38543587923049927,0.14050103724002838,0.7757700681686401,0.9192158579826355,0.6407316327095032
1363,Philadelphia,Median Age,tract,28547,1082,2716,Emb,3,0.9691913723945618,-0.410630464553833,-0.028923392295837402,0.38543587923049927,0.12830404937267303,0.7441129088401794,0.9051051735877991,0.6407316327095032
1364,Philadelphia,Median Age,tract,28547,1082,2716,Emb,4,0.9898353815078735,-0.5116626024246216,-0.045803070068359375,0.38543587923049927,0.06075853109359741,0.783507227897644,0.9181676506996155,0.6407316327095032
1365,Philadelphia,Median Age,tract,28547,1082,2716,Emb,5,0.9567672610282898,-0.5403451919555664,-0.061922669410705566,0.38543587923049927,0.1724061518907547,0.7714725732803345,0.9315893650054932,0.6407316327095032
1366,Philadelphia,Median Age,tract,28547,1082,2716,Emb,6,0.988621175289154,-0.40678417682647705,-0.010291099548339844,0.38543587923049927,0.06474233418703079,0.7530397772789001,0.904319703578949,0.6407316327095032
1367,Philadelphia,Median Age,tract,28547,1082,2716,Emb,7,0.954096794128418,-0.3919767141342163,-0.01182711124420166,0.38543587923049927,0.16768452525138855,0.7515947818756104,0.8995987772941589,0.6407316327095032
1368,Philadelphia,Median Age,tract,28547,1082,2716,Emb,8,0.9570382833480835,-0.45559751987457275,0.03365743160247803,0.38543587923049927,0.1567494124174118,0.774793803691864,0.8917953372001648,0.6407316327095032
1369,Philadelphia,Median Age,tract,28547,1082,2716,Emb,9,0.9873673915863037,-0.37915360927581787,0.03673374652862549,0.38543587923049927,0.07452258467674255,0.772372841835022,0.8863267302513123,0.6407316327095032
1370,Philadelphia,Median Age,tract,28547,1082,2716,LightGCN,0,0.8465626239776611,-0.1651928424835205,0.14951765537261963,0.38543587923049927,0.26635003089904785,0.6862836480140686,0.8263694643974304,0.6407316327095032
1371,Philadelphia,Median Age,tract,28547,1082,2716,LightGCN,1,0.8560975790023804,0.02145475149154663,0.16807228326797485,0.38543587923049927,0.2625480592250824,0.6457296013832092,0.8184964656829834,0.6407316327095032
1372,Philadelphia,Median Age,tract,28547,1082,2716,LightGCN,2,0.8434082865715027,-0.12666165828704834,0.13218539953231812,0.38543587923049927,0.27424684166908264,0.6698579788208008,0.8370080590248108,0.6407316327095032
1373,Philadelphia,Median Age,tract,28547,1082,2716,LightGCN,3,0.8047824501991272,-0.06160140037536621,0.060089707374572754,0.38543587923049927,0.3116963803768158,0.6544196605682373,0.8669626712799072,0.6407316327095032
1374,Philadelphia,Median Age,tract,28547,1082,2716,LightGCN,4,0.7728443145751953,-0.246956467628479,0.14953303337097168,0.38543587923049927,0.35288166999816895,0.7119832038879395,0.8412401080131531,0.6407316327095032
1375,Philadelphia,Median Age,tract,28547,1082,2716,LightGCN,5,0.8332068920135498,-0.054889798164367676,0.141887366771698,0.38543587923049927,0.28195658326148987,0.6669356822967529,0.8305354714393616,0.6407316327095032
1376,Philadelphia,Median Age,tract,28547,1082,2716,LightGCN,6,0.8061304688453674,-0.03311562538146973,0.138971209526062,0.38543587923049927,0.29956066608428955,0.6629248857498169,0.829555869102478,0.6407316327095032
1377,Philadelphia,Median Age,tract,28547,1082,2716,LightGCN,7,0.8488215208053589,-0.2764993906021118,0.09511905908584595,0.38543587923049927,0.25942912697792053,0.7040038108825684,0.8540781736373901,0.6407316327095032
1378,Philadelphia,Median Age,tract,28547,1082,2716,LightGCN,8,0.8387937545776367,-0.11595809459686279,0.1369914412498474,0.38543587923049927,0.2717339098453522,0.6690289378166199,0.8272246718406677,0.6407316327095032
1379,Philadelphia,Median Age,tract,28547,1082,2716,LightGCN,9,0.8503052592277527,-0.047457218170166016,0.17543941736221313,0.38543587923049927,0.25719475746154785,0.6733880639076233,0.812055766582489,0.6407316327095032
1380,Philadelphia,Median Age,tract,28547,1082,2716,Feat-LightGCN,0,0.912925660610199,-0.015938639640808105,0.09454154968261719,0.38543587923049927,0.21017229557037354,0.6592217087745667,0.8427878022193909,0.6407316327095032
1381,Philadelphia,Median Age,tract,28547,1082,2716,Feat-LightGCN,1,0.9300293326377869,-0.16681444644927979,0.0951109528541565,0.38543587923049927,0.1760418713092804,0.6773810386657715,0.8403642773628235,0.6407316327095032
1382,Philadelphia,Median Age,tract,28547,1082,2716,Feat-LightGCN,2,0.8660781979560852,-0.032839417457580566,0.04653966426849365,0.38543587923049927,0.2726127803325653,0.6409353613853455,0.8645417094230652,0.6407316327095032
1383,Philadelphia,Median Age,tract,28547,1082,2716,Feat-LightGCN,3,0.9007934331893921,0.005225241184234619,0.12571436166763306,0.38543587923049927,0.22154450416564941,0.6284000873565674,0.8257337808609009,0.6407316327095032
1384,Philadelphia,Median Age,tract,28547,1082,2716,Feat-LightGCN,4,0.936073362827301,-0.10309505462646484,0.09838289022445679,0.38543587923049927,0.16263960301876068,0.6647047996520996,0.8461320996284485,0.6407316327095032
1385,Philadelphia,Median Age,tract,28547,1082,2716,Feat-LightGCN,5,0.9427036643028259,-0.14172804355621338,0.06061756610870361,0.38543587923049927,0.16605009138584137,0.6826052069664001,0.8653432130813599,0.6407316327095032
1386,Philadelphia,Median Age,tract,28547,1082,2716,Feat-LightGCN,6,0.9076210260391235,-0.1316971778869629,0.02998894453048706,0.38543587923049927,0.21354667842388153,0.6614185571670532,0.8714592456817627,0.6407316327095032
1387,Philadelphia,Median Age,tract,28547,1082,2716,Feat-LightGCN,7,0.9290484189987183,0.020370423793792725,0.09855562448501587,0.38543587923049927,0.18096937239170074,0.643505871295929,0.8350816369056702,0.6407316327095032
1388,Philadelphia,Median Age,tract,28547,1082,2716,Feat-LightGCN,8,0.921483039855957,-0.16541719436645508,0.08168596029281616,0.38543587923049927,0.19592005014419556,0.672477126121521,0.8507674932479858,0.6407316327095032
1389,Philadelphia,Median Age,tract,28547,1082,2716,Feat-LightGCN,9,0.9627283811569214,-0.0710223913192749,0.10311061143875122,0.38543587923049927,0.12872910499572754,0.648177444934845,0.8437163829803467,0.6407316327095032
1390,Philadelphia,Median Age,tract,28547,1082,2716,Feat\&PC-LightGCN,0,0.9593889117240906,-0.26924681663513184,0.1653919219970703,0.38543587923049927,0.14160646498203278,0.6926007866859436,0.7927610874176025,0.6407316327095032
1391,Philadelphia,Median Age,tract,28547,1082,2716,Feat\&PC-LightGCN,1,0.9545799493789673,-0.07157933712005615,0.18654710054397583,0.38543587923049927,0.13201572000980377,0.6375356316566467,0.7864968776702881,0.6407316327095032
1392,Philadelphia,Median Age,tract,28547,1082,2716,Feat\&PC-LightGCN,2,0.9238700866699219,-0.03043520450592041,0.1425861120223999,0.38543587923049927,0.20449525117874146,0.6511218547821045,0.8082146644592285,0.6407316327095032
1393,Philadelphia,Median Age,tract,28547,1082,2716,Feat\&PC-LightGCN,3,0.9618881344795227,0.07693624496459961,0.1879693865776062,0.38543587923049927,0.123375304043293,0.5965154767036438,0.7824883460998535,0.6407316327095032
1394,Philadelphia,Median Age,tract,28547,1082,2716,Feat\&PC-LightGCN,4,0.9500589370727539,-0.08109939098358154,0.16219180822372437,0.38543587923049927,0.1565273255109787,0.6503254175186157,0.8027925491333008,0.6407316327095032
1395,Philadelphia,Median Age,tract,28547,1082,2716,Feat\&PC-LightGCN,5,0.9726205468177795,-0.07366859912872314,0.16224771738052368,0.38543587923049927,0.1101256012916565,0.6617587804794312,0.8011704683303833,0.6407316327095032
1396,Philadelphia,Median Age,tract,28547,1082,2716,Feat\&PC-LightGCN,6,0.9590983986854553,-0.07846558094024658,0.1551295518875122,0.38543587923049927,0.14088334143161774,0.6651455760002136,0.7973982691764832,0.6407316327095032
1397,Philadelphia,Median Age,tract,28547,1082,2716,Feat\&PC-LightGCN,7,0.9229828119277954,-0.10006773471832275,0.1748814582824707,0.38543587923049927,0.1959926038980484,0.6618066430091858,0.7952755093574524,0.6407316327095032
1398,Philadelphia,Median Age,tract,28547,1082,2716,Feat\&PC-LightGCN,8,0.9330176115036011,-0.32444262504577637,0.15024083852767944,0.38543587923049927,0.19554618000984192,0.7284029126167297,0.8193706274032593,0.6407316327095032
1399,Philadelphia,Median Age,tract,28547,1082,2716,Feat\&PC-LightGCN,9,0.9667553901672363,-0.13965380191802979,0.16457325220108032,0.38543587923049927,0.1185653954744339,0.6621805429458618,0.8011844158172607,0.6407316327095032
1400,Philadelphia,Median Age,tract,28547,1082,2716,RGNN,0,0.4912264347076416,0.14620059728622437,0.11135804653167725,0.38543587923049927,0.5026950836181641,0.6086844205856323,0.8533820509910583,0.6407316327095032
1401,Philadelphia,Median Age,tract,28547,1082,2716,RGNN,1,0.520256757736206,0.08895421028137207,0.03875964879989624,0.38543587923049927,0.4866476356983185,0.627791702747345,0.8807082772254944,0.6407316327095032
1402,Philadelphia,Median Age,tract,28547,1082,2716,RGNN,2,0.5853685140609741,0.2354258894920349,0.12794041633605957,0.38543587923049927,0.45670419931411743,0.5609143376350403,0.8461087942123413,0.6407316327095032
1403,Philadelphia,Median Age,tract,28547,1082,2716,RGNN,3,0.6333365440368652,0.22566813230514526,0.11371272802352905,0.38543587923049927,0.4266587793827057,0.5770681500434875,0.8495005965232849,0.6407316327095032
1404,Philadelphia,Median Age,tract,28547,1082,2716,RGNN,4,0.6661239266395569,0.061151742935180664,0.053640544414520264,0.38543587923049927,0.39964136481285095,0.6341134905815125,0.8693621754646301,0.6407316327095032
1405,Philadelphia,Median Age,tract,28547,1082,2716,RGNN,5,0.6692577600479126,0.09691363573074341,0.06006455421447754,0.38543587923049927,0.4004005789756775,0.6099490523338318,0.8755722641944885,0.6407316327095032
1406,Philadelphia,Median Age,tract,28547,1082,2716,RGNN,6,0.4220523238182068,0.05601280927658081,0.10243839025497437,0.38543587923049927,0.5509951114654541,0.6453608274459839,0.868745744228363,0.6407316327095032
1407,Philadelphia,Median Age,tract,28547,1082,2716,RGNN,7,0.570986270904541,0.21996641159057617,0.1045539379119873,0.38543587923049927,0.4566587507724762,0.5842958688735962,0.8520782589912415,0.6407316327095032
1408,Philadelphia,Median Age,tract,28547,1082,2716,RGNN,8,0.4740941524505615,0.13785314559936523,0.07510918378829956,0.38543587923049927,0.5153405070304871,0.5984644889831543,0.8659020066261292,0.6407316327095032
1409,Philadelphia,Median Age,tract,28547,1082,2716,RGNN,9,0.592727780342102,0.16580289602279663,0.11949563026428223,0.38543587923049927,0.4473719596862793,0.6092809438705444,0.8456226587295532,0.6407316327095032
1410,Philadelphia,Median Age,tract,28547,1082,2716,Feat-RGNN,0,0.48386150598526,0.17508786916732788,0.08701688051223755,0.38543587923049927,0.5001600980758667,0.5871831774711609,0.8631800413131714,0.6407316327095032
1411,Philadelphia,Median Age,tract,28547,1082,2716,Feat-RGNN,1,0.31510114669799805,-0.001129746437072754,0.08462458848953247,0.38543587923049927,0.6008422374725342,0.6762753129005432,0.8862322568893433,0.6407316327095032
1412,Philadelphia,Median Age,tract,28547,1082,2716,Feat-RGNN,2,0.5323805809020996,0.0492933988571167,0.012284815311431885,0.38543587923049927,0.4749871492385864,0.6235770583152771,0.8894380331039429,0.6407316327095032
1413,Philadelphia,Median Age,tract,28547,1082,2716,Feat-RGNN,3,0.4560295343399048,0.20325756072998047,0.11683505773544312,0.38543587923049927,0.5200523138046265,0.5799598693847656,0.8538733720779419,0.6407316327095032
1414,Philadelphia,Median Age,tract,28547,1082,2716,Feat-RGNN,4,0.5599372982978821,0.20331960916519165,0.06496566534042358,0.38543587923049927,0.4631200134754181,0.5771194100379944,0.8722596168518066,0.6407316327095032
1415,Philadelphia,Median Age,tract,28547,1082,2716,Feat-RGNN,5,0.5012845993041992,0.23569327592849731,0.0892033576965332,0.38543587923049927,0.49735233187675476,0.5744383931159973,0.8575999736785889,0.6407316327095032
1416,Philadelphia,Median Age,tract,28547,1082,2716,Feat-RGNN,6,0.6198114156723022,0.156721830368042,0.0931968092918396,0.38543587923049927,0.433595210313797,0.6056361198425293,0.858275830745697,0.6407316327095032
1417,Philadelphia,Median Age,tract,28547,1082,2716,Feat-RGNN,7,0.6501193642616272,0.11317580938339233,0.05043762922286987,0.38543587923049927,0.41025030612945557,0.6154273748397827,0.8805785775184631,0.6407316327095032
1418,Philadelphia,Median Age,tract,28547,1082,2716,Feat-RGNN,8,0.577420711517334,0.18453103303909302,0.08209341764450073,0.38543587923049927,0.4561941623687744,0.5898939371109009,0.8657090067863464,0.6407316327095032
1419,Philadelphia,Median Age,tract,28547,1082,2716,Feat-RGNN,9,0.48393839597702026,0.2037426233291626,0.07234996557235718,0.38543587923049927,0.5033119916915894,0.5771036744117737,0.8712767362594604,0.6407316327095032
1420,Philadelphia,Median Age,tract,28547,1082,2716,Feat\&PC-RGNN,0,0.6390848755836487,0.10839968919754028,0.099734365940094,0.38543587923049927,0.41570693254470825,0.6020416617393494,0.8490703105926514,0.6407316327095032
1421,Philadelphia,Median Age,tract,28547,1082,2716,Feat\&PC-RGNN,1,0.5919146537780762,0.06737637519836426,0.130210280418396,0.38543587923049927,0.44873908162117004,0.61656254529953,0.8388747572898865,0.6407316327095032
1422,Philadelphia,Median Age,tract,28547,1082,2716,Feat\&PC-RGNN,2,0.5743011236190796,0.1472318172454834,0.0949506163597107,0.38543587923049927,0.45724377036094666,0.6017431020736694,0.8529923558235168,0.6407316327095032
1423,Philadelphia,Median Age,tract,28547,1082,2716,Feat\&PC-RGNN,3,0.7110103368759155,0.1323910355567932,0.09984666109085083,0.38543587923049927,0.3666993975639343,0.6072316765785217,0.8472498655319214,0.6407316327095032
1424,Philadelphia,Median Age,tract,28547,1082,2716,Feat\&PC-RGNN,4,0.6590173244476318,-0.01107025146484375,-0.01573657989501953,0.38543587923049927,0.41680505871772766,0.6336309909820557,0.9072690606117249,0.6407316327095032
1425,Philadelphia,Median Age,tract,28547,1082,2716,Feat\&PC-RGNN,5,0.5160080194473267,0.14084047079086304,0.13133513927459717,0.38543587923049927,0.4926046133041382,0.606743335723877,0.844022810459137,0.6407316327095032
1426,Philadelphia,Median Age,tract,28547,1082,2716,Feat\&PC-RGNN,6,0.5830426216125488,0.15929126739501953,0.09722030162811279,0.38543587923049927,0.44795894622802734,0.578877329826355,0.8525356650352478,0.6407316327095032
1427,Philadelphia,Median Age,tract,28547,1082,2716,Feat\&PC-RGNN,7,0.7144239544868469,0.04799675941467285,0.08700758218765259,0.38543587923049927,0.37835630774497986,0.6206991076469421,0.850653350353241,0.6407316327095032
1428,Philadelphia,Median Age,tract,28547,1082,2716,Feat\&PC-RGNN,8,0.5248810052871704,0.2186652421951294,0.14060920476913452,0.38543587923049927,0.48588070273399353,0.5693359971046448,0.8356512188911438,0.6407316327095032
1429,Philadelphia,Median Age,tract,28547,1082,2716,Feat\&PC-RGNN,9,0.5327465534210205,0.2044278383255005,0.1304442286491394,0.38543587923049927,0.4778069257736206,0.5714777708053589,0.8356532454490662,0.6407316327095032
1430,Philadelphia,Median Age,tract,28547,1082,2716,NoPreTrain,0,0.9582921266555786,-0.9286408424377441,-0.33965373039245605,0.38543587923049927,0.16229139268398285,0.9145649671554565,1.0659013986587524,0.6407316327095032
1431,Philadelphia,Median Age,tract,28547,1082,2716,NoPreTrain,1,0.9877905249595642,-1.495457410812378,-0.3849060535430908,0.38543587923049927,0.09315642714500427,1.0439162254333496,1.0820469856262207,0.6407316327095032
1432,Philadelphia,Median Age,tract,28547,1082,2716,NoPreTrain,2,0.9978068470954895,-1.0985722541809082,-0.3630056381225586,0.38543587923049927,0.03000812791287899,0.9433390498161316,1.0738829374313354,0.6407316327095032
1433,Philadelphia,Median Age,tract,28547,1082,2716,NoPreTrain,3,0.9941844344139099,-1.4439716339111328,-0.5579525232315063,0.38543587923049927,0.05928333103656769,0.9967042207717896,1.13988196849823,0.6407316327095032
1434,Philadelphia,Median Age,tract,28547,1082,2716,NoPreTrain,4,0.9974210858345032,-1.4882915019989014,-0.4456435441970825,0.38543587923049927,0.03381115570664406,1.0491245985031128,1.1055774688720703,0.6407316327095032
1435,Philadelphia,Median Age,tract,28547,1082,2716,NoPreTrain,5,0.9949672818183899,-1.6304538249969482,-0.7074025869369507,0.38543587923049927,0.05304423347115517,1.0609484910964966,1.2024519443511963,0.6407316327095032
1436,Philadelphia,Median Age,tract,28547,1082,2716,NoPreTrain,6,0.9970102310180664,-1.1608028411865234,-0.32622551918029785,0.38543587923049927,0.03516048192977905,0.933396577835083,1.060217022895813,0.6407316327095032
1437,Philadelphia,Median Age,tract,28547,1082,2716,NoPreTrain,7,0.9801710844039917,-1.7469279766082764,-0.6209062337875366,0.38543587923049927,0.11603439599275589,1.066728949546814,1.1520740985870361,0.6407316327095032
1438,Philadelphia,Median Age,tract,28547,1082,2716,NoPreTrain,8,0.9947942495346069,-1.5079593658447266,-0.4614713191986084,0.38543587923049927,0.05520826578140259,1.041666865348816,1.1202868223190308,0.6407316327095032
1439,Philadelphia,Median Age,tract,28547,1082,2716,NoPreTrain,9,0.9922058582305908,-1.1835079193115234,-0.3329124450683594,0.38543587923049927,0.07142165303230286,0.9339208006858826,1.0557918548583984,0.6407316327095032
1440,St. Louis,Median Income,tract,8554,269,701,Emb,0,0.9996940493583679,-0.12419629096984863,0.16287147998809814,0.6057990193367004,0.011094546876847744,0.6805441379547119,0.7840795516967773,0.4554232954978943
1441,St. Louis,Median Income,tract,8554,269,701,Emb,1,0.9978817701339722,0.0845521092414856,0.21192485094070435,0.6057990193367004,0.03667307645082474,0.5712094902992249,0.7504653930664062,0.4554232954978943
1442,St. Louis,Median Income,tract,8554,269,701,Emb,2,0.9985527396202087,-0.14684200286865234,0.2059904932975769,0.6057990193367004,0.03385268524289131,0.6863486170768738,0.7705345153808594,0.4554232954978943
1443,St. Louis,Median Income,tract,8554,269,701,Emb,3,0.9988821148872375,0.04672956466674805,0.20398634672164917,0.6057990193367004,0.027282031252980232,0.6082209944725037,0.7693224549293518,0.4554232954978943
1444,St. Louis,Median Income,tract,8554,269,701,Emb,4,0.9747549295425415,-0.09738326072692871,0.1253412365913391,0.6057990193367004,0.14872406423091888,0.6660403609275818,0.8080875277519226,0.4554232954978943
1445,St. Louis,Median Income,tract,8554,269,701,Emb,5,0.9994141459465027,-0.16763484477996826,0.14122498035430908,0.6057990193367004,0.02142472378909588,0.6299067139625549,0.7758700847625732,0.4554232954978943
1446,St. Louis,Median Income,tract,8554,269,701,Emb,6,0.9989624619483948,-0.14325618743896484,0.05814641714096069,0.6057990193367004,0.027755318209528923,0.6527054309844971,0.8142189383506775,0.4554232954978943
1447,St. Louis,Median Income,tract,8554,269,701,Emb,7,0.9989298582077026,-0.17118096351623535,0.1241985559463501,0.6057990193367004,0.023640858009457588,0.6717928647994995,0.7944203615188599,0.4554232954978943
1448,St. Louis,Median Income,tract,8554,269,701,Emb,8,0.9996927380561829,-0.25336623191833496,0.1867384910583496,0.6057990193367004,0.01251362543553114,0.6980780959129333,0.7600998878479004,0.4554232954978943
1449,St. Louis,Median Income,tract,8554,269,701,Emb,9,0.9978613257408142,0.0438767671585083,0.19274985790252686,0.6057990193367004,0.039235733449459076,0.6167925596237183,0.7732041478157043,0.4554232954978943
1450,St. Louis,Median Income,tract,8554,269,701,LightGCN,0,0.9464322924613953,0.0964553952217102,0.3729408383369446,0.6057990193367004,0.17015142738819122,0.615616500377655,0.6597310900688171,0.4554232954978943
1451,St. Louis,Median Income,tract,8554,269,701,LightGCN,1,0.9525219798088074,0.18470340967178345,0.39088261127471924,0.6057990193367004,0.15923099219799042,0.5570533871650696,0.6498598456382751,0.4554232954978943
1452,St. Louis,Median Income,tract,8554,269,701,LightGCN,2,0.9451632499694824,0.0738072395324707,0.3931623101234436,0.6057990193367004,0.17180083692073822,0.6230136752128601,0.6491790413856506,0.4554232954978943
1453,St. Louis,Median Income,tract,8554,269,701,LightGCN,3,0.952256977558136,0.25260311365127563,0.36885035037994385,0.6057990193367004,0.14978811144828796,0.5375667810440063,0.6642826795578003,0.4554232954978943
1454,St. Louis,Median Income,tract,8554,269,701,LightGCN,4,0.9653968214988708,0.1672535538673401,0.3637346625328064,0.6057990193367004,0.13423839211463928,0.5584045648574829,0.6821773648262024,0.4554232954978943
1455,St. Louis,Median Income,tract,8554,269,701,LightGCN,5,0.9135607481002808,0.2868473529815674,0.3769223093986511,0.6057990193367004,0.22514937818050385,0.5022700428962708,0.6632376313209534,0.4554232954978943
1456,St. Louis,Median Income,tract,8554,269,701,LightGCN,6,0.9327642321586609,0.18715447187423706,0.3708786964416504,0.6057990193367004,0.1938508152961731,0.5531260967254639,0.6645470857620239,0.4554232954978943
1457,St. Louis,Median Income,tract,8554,269,701,LightGCN,7,0.8834558725357056,0.22697365283966064,0.38097232580184937,0.6057990193367004,0.2542817294597626,0.5649242997169495,0.6610742807388306,0.4554232954978943
1458,St. Louis,Median Income,tract,8554,269,701,LightGCN,8,0.8982810974121094,-0.0281829833984375,0.3352086544036865,0.6057990193367004,0.24887067079544067,0.6221019625663757,0.6972663402557373,0.4554232954978943
1459,St. Louis,Median Income,tract,8554,269,701,LightGCN,9,0.8973363637924194,0.12137269973754883,0.3829999566078186,0.6057990193367004,0.24591881036758423,0.570376992225647,0.6641292572021484,0.4554232954978943
1460,St. Louis,Median Income,tract,8554,269,701,Feat-LightGCN,0,0.988919734954834,-0.0762031078338623,0.2969675064086914,0.6057990193367004,0.08807439357042313,0.5979553461074829,0.7211910486221313,0.4554232954978943
1461,St. Louis,Median Income,tract,8554,269,701,Feat-LightGCN,1,0.9775202870368958,0.13424646854400635,0.2071446180343628,0.6057990193367004,0.11875487118959427,0.528061032295227,0.7547039985656738,0.4554232954978943
1462,St. Louis,Median Income,tract,8554,269,701,Feat-LightGCN,2,0.9827566146850586,0.3000074028968811,0.29180121421813965,0.6057990193367004,0.11035644263029099,0.5074672698974609,0.7240987420082092,0.4554232954978943
1463,St. Louis,Median Income,tract,8554,269,701,Feat-LightGCN,3,0.9840214252471924,0.2382800579071045,0.2600499987602234,0.6057990193367004,0.0947348102927208,0.5201178193092346,0.7281856536865234,0.4554232954978943
1464,St. Louis,Median Income,tract,8554,269,701,Feat-LightGCN,4,0.9850608706474304,-0.2651100158691406,0.29548996686935425,0.6057990193367004,0.09608720988035202,0.6180700659751892,0.7100468873977661,0.4554232954978943
1465,St. Louis,Median Income,tract,8554,269,701,Feat-LightGCN,5,0.9846315979957581,0.126132071018219,0.31500929594039917,0.6057990193367004,0.09575536102056503,0.5492761731147766,0.7054520845413208,0.4554232954978943
1466,St. Louis,Median Income,tract,8554,269,701,Feat-LightGCN,6,0.9721353054046631,0.16219359636306763,0.25262123346328735,0.6057990193367004,0.14653663337230682,0.5201421976089478,0.7365618348121643,0.4554232954978943
1467,St. Louis,Median Income,tract,8554,269,701,Feat-LightGCN,7,0.9865025877952576,0.12895768880844116,0.2815152406692505,0.6057990193367004,0.08894114196300507,0.5280343294143677,0.7230835556983948,0.4554232954978943
1468,St. Louis,Median Income,tract,8554,269,701,Feat-LightGCN,8,0.9809001088142395,0.21901559829711914,0.28323692083358765,0.6057990193367004,0.1112881526350975,0.5609918236732483,0.725299060344696,0.4554232954978943
1469,St. Louis,Median Income,tract,8554,269,701,Feat-LightGCN,9,0.9959695935249329,0.11321759223937988,0.2888393998146057,0.6057990193367004,0.04948297515511513,0.5448241233825684,0.7180866003036499,0.4554232954978943
1470,St. Louis,Median Income,tract,8554,269,701,Feat\&PC-LightGCN,0,0.9907552003860474,-0.15581965446472168,0.4521822929382324,0.6057990193367004,0.05994541570544243,0.6217488646507263,0.6142180562019348,0.4554232954978943
1471,St. Louis,Median Income,tract,8554,269,701,Feat\&PC-LightGCN,1,0.9734410643577576,-0.21317243576049805,0.4355851411819458,0.6057990193367004,0.12764449417591095,0.6834980249404907,0.6396320462226868,0.4554232954978943
1472,St. Louis,Median Income,tract,8554,269,701,Feat\&PC-LightGCN,2,0.9888114333152771,0.09210163354873657,0.4633903503417969,0.6057990193367004,0.07200069725513458,0.58219975233078,0.6099725365638733,0.4554232954978943
1473,St. Louis,Median Income,tract,8554,269,701,Feat\&PC-LightGCN,3,0.9538493156433105,-0.0681159496307373,0.43732672929763794,0.6057990193367004,0.17093659937381744,0.6526655554771423,0.6267450451850891,0.4554232954978943
1474,St. Louis,Median Income,tract,8554,269,701,Feat\&PC-LightGCN,4,0.9823041558265686,0.1291903257369995,0.46597468852996826,0.6057990193367004,0.10507047921419144,0.5827717781066895,0.6146529316902161,0.4554232954978943
1475,St. Louis,Median Income,tract,8554,269,701,Feat\&PC-LightGCN,5,0.982874870300293,0.03192782402038574,0.45408564805984497,0.6057990193367004,0.10397159308195114,0.6088769435882568,0.6165233254432678,0.4554232954978943
1476,St. Louis,Median Income,tract,8554,269,701,Feat\&PC-LightGCN,6,0.9884057641029358,0.024668753147125244,0.4478665590286255,0.6057990193367004,0.08862937986850739,0.5773394107818604,0.6208739876747131,0.4554232954978943
1477,St. Louis,Median Income,tract,8554,269,701,Feat\&PC-LightGCN,7,0.9883801341056824,0.1124352216720581,0.4226022958755493,0.6057990193367004,0.0711565613746643,0.5842560529708862,0.6403137445449829,0.4554232954978943
1478,St. Louis,Median Income,tract,8554,269,701,Feat\&PC-LightGCN,8,0.9851746559143066,0.07365435361862183,0.455261766910553,0.6057990193367004,0.0977100133895874,0.5848994255065918,0.6165308952331543,0.4554232954978943
1479,St. Louis,Median Income,tract,8554,269,701,Feat\&PC-LightGCN,9,0.9958063960075378,0.1671077013015747,0.46719300746917725,0.6057990193367004,0.04032806679606438,0.5769540071487427,0.6119276881217957,0.4554232954978943
1480,St. Louis,Median Income,tract,8554,269,701,RGNN,0,0.8263996839523315,-0.07381093502044678,0.2600119709968567,0.6057990193367004,0.31372255086898804,0.6622267365455627,0.761584997177124,0.4554232954978943
1481,St. Louis,Median Income,tract,8554,269,701,RGNN,1,0.8243871331214905,-0.21133041381835938,0.25523656606674194,0.6057990193367004,0.29959771037101746,0.68203204870224,0.7602265477180481,0.4554232954978943
1482,St. Louis,Median Income,tract,8554,269,701,RGNN,2,0.8907617330551147,0.01938450336456299,0.2568843364715576,0.6057990193367004,0.2501647174358368,0.6369975805282593,0.75287264585495,0.4554232954978943
1483,St. Louis,Median Income,tract,8554,269,701,RGNN,3,0.9419043064117432,0.14110177755355835,0.31072962284088135,0.6057990193367004,0.18411940336227417,0.6005988121032715,0.7101841568946838,0.4554232954978943
1484,St. Louis,Median Income,tract,8554,269,701,RGNN,4,0.8425818681716919,-0.18004322052001953,0.21273952722549438,0.6057990193367004,0.30729761719703674,0.681111216545105,0.7552605271339417,0.4554232954978943
1485,St. Louis,Median Income,tract,8554,269,701,RGNN,5,0.8973273634910583,-0.13947880268096924,0.22443538904190063,0.6057990193367004,0.25304731726646423,0.6783725023269653,0.7624788880348206,0.4554232954978943
1486,St. Louis,Median Income,tract,8554,269,701,RGNN,6,0.9244349598884583,-0.45847415924072266,0.04132169485092163,0.6057990193367004,0.21233396232128143,0.7356808185577393,0.8171371817588806,0.4554232954978943
1487,St. Louis,Median Income,tract,8554,269,701,RGNN,7,0.8650745153427124,-0.0436931848526001,0.21231329441070557,0.6057990193367004,0.280964732170105,0.6455322504043579,0.7706285715103149,0.4554232954978943
1488,St. Louis,Median Income,tract,8554,269,701,RGNN,8,0.8768346905708313,-0.21655046939849854,0.21091574430465698,0.6057990193367004,0.25537392497062683,0.6533485651016235,0.7874566316604614,0.4554232954978943
1489,St. Louis,Median Income,tract,8554,269,701,RGNN,9,0.688495397567749,-1.0538759231567383,0.004980683326721191,0.6057990193367004,0.4864252805709839,0.8500117659568787,0.8937079310417175,0.4554232954978943
1490,St. Louis,Median Income,tract,8554,269,701,Feat-RGNN,0,0.7426477670669556,0.1387527585029602,0.2153889536857605,0.6057990193367004,0.3871251940727234,0.55801922082901,0.7524158358573914,0.4554232954978943
1491,St. Louis,Median Income,tract,8554,269,701,Feat-RGNN,1,0.7683646082878113,-0.014773011207580566,0.16531449556350708,0.6057990193367004,0.3618031442165375,0.6171743869781494,0.7762706875801086,0.4554232954978943
1492,St. Louis,Median Income,tract,8554,269,701,Feat-RGNN,2,0.8465690016746521,-0.04887259006500244,0.25537097454071045,0.6057990193367004,0.3045739531517029,0.6694443821907043,0.7474279999732971,0.4554232954978943
1493,St. Louis,Median Income,tract,8554,269,701,Feat-RGNN,3,0.9061987996101379,-0.16524851322174072,0.14118272066116333,0.6057990193367004,0.23146124184131622,0.6444038152694702,0.7581643462181091,0.4554232954978943
1494,St. Louis,Median Income,tract,8554,269,701,Feat-RGNN,4,0.9008306264877319,0.02978295087814331,0.2774355411529541,0.6057990193367004,0.23926988244056702,0.6172194480895996,0.7150475978851318,0.4554232954978943
1495,St. Louis,Median Income,tract,8554,269,701,Feat-RGNN,5,0.7947917580604553,-0.05916178226470947,0.27187442779541016,0.6057990193367004,0.3493972718715668,0.6548630595207214,0.7300541996955872,0.4554232954978943
1496,St. Louis,Median Income,tract,8554,269,701,Feat-RGNN,6,0.7599610090255737,0.16338014602661133,0.262673556804657,0.6057990193367004,0.3732610046863556,0.5536909699440002,0.7173062562942505,0.4554232954978943
1497,St. Louis,Median Income,tract,8554,269,701,Feat-RGNN,7,0.8427914381027222,-0.2657487392425537,0.199998676776886,0.6057990193367004,0.2933722138404846,0.6721884608268738,0.7570661306381226,0.4554232954978943
1498,St. Louis,Median Income,tract,8554,269,701,Feat-RGNN,8,0.875885009765625,-0.3358265161514282,0.25662052631378174,0.6057990193367004,0.26144659519195557,0.7021163105964661,0.7345055341720581,0.4554232954978943
1499,St. Louis,Median Income,tract,8554,269,701,Feat-RGNN,9,0.784296989440918,0.22511601448059082,0.27868813276290894,0.6057990193367004,0.34070152044296265,0.5478121638298035,0.731840968132019,0.4554232954978943
1500,St. Louis,Median Income,tract,8554,269,701,Feat\&PC-RGNN,0,0.897412896156311,0.21606600284576416,0.28995370864868164,0.6057990193367004,0.24251507222652435,0.5542031526565552,0.7053558230400085,0.4554232954978943
1501,St. Louis,Median Income,tract,8554,269,701,Feat\&PC-RGNN,1,0.8402332067489624,0.04456925392150879,0.26094818115234375,0.6057990193367004,0.3213614225387573,0.6165489554405212,0.7201693654060364,0.4554232954978943
1502,St. Louis,Median Income,tract,8554,269,701,Feat\&PC-RGNN,2,0.9612208604812622,0.31746089458465576,0.33563071489334106,0.6057990193367004,0.14091600477695465,0.505517840385437,0.6596882343292236,0.4554232954978943
1503,St. Louis,Median Income,tract,8554,269,701,Feat\&PC-RGNN,3,0.9565991163253784,0.3296974301338196,0.3873462677001953,0.6057990193367004,0.15483084321022034,0.5073311924934387,0.6396199464797974,0.4554232954978943
1504,St. Louis,Median Income,tract,8554,269,701,Feat\&PC-RGNN,4,0.8828743696212769,0.14011764526367188,0.29790955781936646,0.6057990193367004,0.26576757431030273,0.5689074993133545,0.7063656449317932,0.4554232954978943
1505,St. Louis,Median Income,tract,8554,269,701,Feat\&PC-RGNN,5,0.8577966690063477,0.3545709252357483,0.3208126425743103,0.6057990193367004,0.2870052456855774,0.5062918663024902,0.6889663934707642,0.4554232954978943
1506,St. Louis,Median Income,tract,8554,269,701,Feat\&PC-RGNN,6,0.903963565826416,0.26322007179260254,0.32098400592803955,0.6057990193367004,0.2215045690536499,0.5364084839820862,0.6916574239730835,0.4554232954978943
1507,St. Louis,Median Income,tract,8554,269,701,Feat\&PC-RGNN,7,0.9583629369735718,0.017167985439300537,0.30925142765045166,0.6057990193367004,0.14663706719875336,0.6156113147735596,0.683459997177124,0.4554232954978943
1508,St. Louis,Median Income,tract,8554,269,701,Feat\&PC-RGNN,8,0.8692370653152466,0.15610229969024658,0.323266863822937,0.6057990193367004,0.261298805475235,0.533891499042511,0.6851155757904053,0.4554232954978943
1509,St. Louis,Median Income,tract,8554,269,701,Feat\&PC-RGNN,9,0.9132736325263977,0.1180153489112854,0.27783316373825073,0.6057990193367004,0.22002698481082916,0.5708109736442566,0.6885277032852173,0.4554232954978943
1510,St. Louis,Median Income,tract,8554,269,701,NoPreTrain,0,0.9990005493164062,-0.7920724153518677,-0.004899024963378906,0.6057990193367004,0.027780309319496155,0.7776783108711243,0.8772585391998291,0.4554232954978943
1511,St. Louis,Median Income,tract,8554,269,701,NoPreTrain,1,0.9967585206031799,-0.5952795743942261,-0.03975224494934082,0.6057990193367004,0.052864618599414825,0.7762568593025208,0.913849949836731,0.4554232954978943
1512,St. Louis,Median Income,tract,8554,269,701,NoPreTrain,2,0.999525249004364,-1.1409704685211182,-0.014506816864013672,0.6057990193367004,0.016569901257753372,0.8837741017341614,0.8890856504440308,0.4554232954978943
1513,St. Louis,Median Income,tract,8554,269,701,NoPreTrain,3,0.9181326627731323,-0.7613356113433838,0.05015683174133301,0.6057990193367004,0.27335333824157715,0.8279316425323486,0.858430802822113,0.4554232954978943
1514,St. Louis,Median Income,tract,8554,269,701,NoPreTrain,4,0.99925297498703,-0.6887737512588501,-0.08102726936340332,0.6057990193367004,0.023144394159317017,0.840053141117096,0.9177200794219971,0.4554232954978943
1515,St. Louis,Median Income,tract,8554,269,701,NoPreTrain,5,0.9987806677818298,-0.5072627067565918,-0.06122696399688721,0.6057990193367004,0.03163393959403038,0.7697920203208923,0.9163268208503723,0.4554232954978943
1516,St. Louis,Median Income,tract,8554,269,701,NoPreTrain,6,0.9980850219726562,-0.8079614639282227,0.0196954607963562,0.6057990193367004,0.03918776661157608,0.8086056709289551,0.8642964959144592,0.4554232954978943
1517,St. Louis,Median Income,tract,8554,269,701,NoPreTrain,7,0.9993801712989807,-0.7033776044845581,-0.001862645149230957,0.6057990193367004,0.02099725231528282,0.8097296357154846,0.8569415807723999,0.4554232954978943
1518,St. Louis,Median Income,tract,8554,269,701,NoPreTrain,8,0.9969187378883362,-0.7033684253692627,-0.2336951494216919,0.6057990193367004,0.05211038887500763,0.7691146731376648,0.9813960194587708,0.4554232954978943
1519,St. Louis,Median Income,tract,8554,269,701,NoPreTrain,9,0.9992609620094299,-1.1446387767791748,-0.020479798316955566,0.6057990193367004,0.020719492807984352,0.898874819278717,0.9101900458335876,0.4554232954978943
1520,St. Louis,Median Home Value,tract,8330,268,688,Emb,0,0.9984687566757202,0.09522342681884766,0.34881168603897095,0.696428656578064,0.034174319356679916,0.6574534177780151,0.6777752041816711,0.3348519206047058
1521,St. Louis,Median Home Value,tract,8330,268,688,Emb,1,0.9990114569664001,0.04712611436843872,0.33041441440582275,0.696428656578064,0.026914697140455246,0.7284877300262451,0.6645318269729614,0.3348519206047058
1522,St. Louis,Median Home Value,tract,8330,268,688,Emb,2,0.9971984028816223,0.24885737895965576,0.355695903301239,0.696428656578064,0.04797206073999405,0.6420649886131287,0.6473669409751892,0.3348519206047058
1523,St. Louis,Median Home Value,tract,8330,268,688,Emb,3,0.9862765669822693,0.17864567041397095,0.3937565088272095,0.696428656578064,0.10800841450691223,0.6513292789459229,0.6270368695259094,0.3348519206047058
1524,St. Louis,Median Home Value,tract,8330,268,688,Emb,4,0.9991111159324646,0.16428548097610474,0.3432411551475525,0.696428656578064,0.020704390481114388,0.6373651027679443,0.6673359870910645,0.3348519206047058
1525,St. Louis,Median Home Value,tract,8330,268,688,Emb,5,0.9928397536277771,0.16572827100753784,0.38379818201065063,0.696428656578064,0.07794389128684998,0.6630265116691589,0.6274706125259399,0.3348519206047058
1526,St. Louis,Median Home Value,tract,8330,268,688,Emb,6,0.9951547980308533,0.06858497858047485,0.36157190799713135,0.696428656578064,0.059059806168079376,0.674453616142273,0.645050585269928,0.3348519206047058
1527,St. Louis,Median Home Value,tract,8330,268,688,Emb,7,0.9979152679443359,0.16040754318237305,0.33239996433258057,0.696428656578064,0.03588321432471275,0.6732208728790283,0.6676114797592163,0.3348519206047058
1528,St. Louis,Median Home Value,tract,8330,268,688,Emb,8,0.9983859062194824,0.1533184051513672,0.4031248688697815,0.696428656578064,0.03586003929376602,0.6844834685325623,0.6196954250335693,0.3348519206047058
1529,St. Louis,Median Home Value,tract,8330,268,688,Emb,9,0.9817880988121033,0.13572698831558228,0.3986063003540039,0.696428656578064,0.12408623844385147,0.6149715185165405,0.6354825496673584,0.3348519206047058
1530,St. Louis,Median Home Value,tract,8330,268,688,LightGCN,0,0.9858818054199219,0.7031641006469727,0.49573224782943726,0.696428656578064,0.100954569876194,0.4562792181968689,0.5723288059234619,0.3348519206047058
1531,St. Louis,Median Home Value,tract,8330,268,688,LightGCN,1,0.9911222457885742,0.6052175164222717,0.5053907632827759,0.696428656578064,0.07795828580856323,0.4800669848918915,0.5633857846260071,0.3348519206047058
1532,St. Louis,Median Home Value,tract,8330,268,688,LightGCN,2,0.9846181869506836,0.5444997549057007,0.48067671060562134,0.696428656578064,0.09314499795436859,0.49736255407333374,0.590671718120575,0.3348519206047058
1533,St. Louis,Median Home Value,tract,8330,268,688,LightGCN,3,0.9892938137054443,0.6215484738349915,0.5227741599082947,0.696428656578064,0.07534431666135788,0.5086509585380554,0.5442326664924622,0.3348519206047058
1534,St. Louis,Median Home Value,tract,8330,268,688,LightGCN,4,0.9967302083969116,0.6405543088912964,0.4807429909706116,0.696428656578064,0.036765992641448975,0.47372183203697205,0.5792534947395325,0.3348519206047058
1535,St. Louis,Median Home Value,tract,8330,268,688,LightGCN,5,0.9958629012107849,0.5150507688522339,0.48163557052612305,0.696428656578064,0.055321104824543,0.5209686160087585,0.5760602355003357,0.3348519206047058
1536,St. Louis,Median Home Value,tract,8330,268,688,LightGCN,6,0.9984402656555176,0.5933908820152283,0.48764342069625854,0.696428656578064,0.02735081873834133,0.5337170958518982,0.5784696340560913,0.3348519206047058
1537,St. Louis,Median Home Value,tract,8330,268,688,LightGCN,7,0.9919636845588684,0.47304874658584595,0.4760061502456665,0.696428656578064,0.05398252233862877,0.5851002335548401,0.5807791352272034,0.3348519206047058
1538,St. Louis,Median Home Value,tract,8330,268,688,LightGCN,8,0.9826282858848572,0.6405551433563232,0.5168386101722717,0.696428656578064,0.09876445680856705,0.5063965916633606,0.5470059514045715,0.3348519206047058
1539,St. Louis,Median Home Value,tract,8330,268,688,LightGCN,9,0.9890167117118835,0.6712315082550049,0.46897798776626587,0.696428656578064,0.09178968518972397,0.4819498360157013,0.5703451633453369,0.3348519206047058
1540,St. Louis,Median Home Value,tract,8330,268,688,Feat-LightGCN,0,0.993660032749176,0.43354225158691406,0.4880889654159546,0.696428656578064,0.06961424648761749,0.532681405544281,0.5776298642158508,0.3348519206047058
1541,St. Louis,Median Home Value,tract,8330,268,688,Feat-LightGCN,1,0.996223509311676,0.44581592082977295,0.5222073197364807,0.696428656578064,0.03898362070322037,0.5044355988502502,0.5220696926116943,0.3348519206047058
1542,St. Louis,Median Home Value,tract,8330,268,688,Feat-LightGCN,2,0.9980988502502441,0.4573490619659424,0.5144850611686707,0.696428656578064,0.034877512603998184,0.501594603061676,0.5330595970153809,0.3348519206047058
1543,St. Louis,Median Home Value,tract,8330,268,688,Feat-LightGCN,3,0.9995084404945374,0.5799524784088135,0.5298473238945007,0.696428656578064,0.015330716967582703,0.4510018825531006,0.5300725698471069,0.3348519206047058
1544,St. Louis,Median Home Value,tract,8330,268,688,Feat-LightGCN,4,0.9928687214851379,0.42075663805007935,0.5187044739723206,0.696428656578064,0.06948346644639969,0.5108643174171448,0.5394608974456787,0.3348519206047058
1545,St. Louis,Median Home Value,tract,8330,268,688,Feat-LightGCN,5,0.9932360053062439,0.4446287751197815,0.5468891859054565,0.696428656578064,0.06916014850139618,0.4906596541404724,0.5212100744247437,0.3348519206047058
1546,St. Louis,Median Home Value,tract,8330,268,688,Feat-LightGCN,6,0.9968292713165283,0.3913504481315613,0.5080620050430298,0.696428656578064,0.050857819616794586,0.5166609287261963,0.5427116751670837,0.3348519206047058
1547,St. Louis,Median Home Value,tract,8330,268,688,Feat-LightGCN,7,0.9803250432014465,0.2217574119567871,0.49712473154067993,0.696428656578064,0.12928088009357452,0.5729883909225464,0.5605258941650391,0.3348519206047058
1548,St. Louis,Median Home Value,tract,8330,268,688,Feat-LightGCN,8,0.9923965334892273,0.4533124566078186,0.5226274132728577,0.696428656578064,0.07582945376634598,0.5516953468322754,0.5452046394348145,0.3348519206047058
1549,St. Louis,Median Home Value,tract,8330,268,688,Feat-LightGCN,9,0.9982872009277344,0.31536024808883667,0.49581146240234375,0.696428656578064,0.02816256694495678,0.5231537818908691,0.5592840313911438,0.3348519206047058
1550,St. Louis,Median Home Value,tract,8330,268,688,Feat\&PC-LightGCN,0,0.9959475994110107,0.30613648891448975,0.5843771696090698,0.696428656578064,0.03681888431310654,0.5423055291175842,0.4661767780780792,0.3348519206047058
1551,St. Louis,Median Home Value,tract,8330,268,688,Feat\&PC-LightGCN,1,0.993179440498352,0.35265934467315674,0.5825666189193726,0.696428656578064,0.06661155074834824,0.5462015271186829,0.4619424641132355,0.3348519206047058
1552,St. Louis,Median Home Value,tract,8330,268,688,Feat\&PC-LightGCN,2,0.9908144474029541,0.4053300619125366,0.5898658037185669,0.696428656578064,0.05354835465550423,0.4937041103839874,0.45017993450164795,0.3348519206047058
1553,St. Louis,Median Home Value,tract,8330,268,688,Feat\&PC-LightGCN,3,0.9912165999412537,0.41656315326690674,0.6084340810775757,0.696428656578064,0.06644577533006668,0.45982837677001953,0.44703495502471924,0.3348519206047058
1554,St. Louis,Median Home Value,tract,8330,268,688,Feat\&PC-LightGCN,4,0.9903379082679749,0.2517712712287903,0.5758533477783203,0.696428656578064,0.07419941574335098,0.5228179097175598,0.46102505922317505,0.3348519206047058
1555,St. Louis,Median Home Value,tract,8330,268,688,Feat\&PC-LightGCN,5,0.9962929487228394,0.42941808700561523,0.5926424264907837,0.696428656578064,0.038381244987249374,0.4996800124645233,0.45109638571739197,0.3348519206047058
1556,St. Louis,Median Home Value,tract,8330,268,688,Feat\&PC-LightGCN,6,0.985207200050354,0.2856696844100952,0.5931339263916016,0.696428656578064,0.09730347990989685,0.5176971554756165,0.4629068970680237,0.3348519206047058
1557,St. Louis,Median Home Value,tract,8330,268,688,Feat\&PC-LightGCN,7,0.9921079277992249,0.4254966378211975,0.5890778303146362,0.696428656578064,0.07352858781814575,0.44985172152519226,0.46544501185417175,0.3348519206047058
1558,St. Louis,Median Home Value,tract,8330,268,688,Feat\&PC-LightGCN,8,0.9947686791419983,0.40971893072128296,0.591004490852356,0.696428656578064,0.06316118687391281,0.4900290071964264,0.4458729922771454,0.3348519206047058
1559,St. Louis,Median Home Value,tract,8330,268,688,Feat\&PC-LightGCN,9,0.9976107478141785,0.33104556798934937,0.580562174320221,0.696428656578064,0.03797068074345589,0.5280922055244446,0.46560198068618774,0.3348519206047058
1560,St. Louis,Median Home Value,tract,8330,268,688,RGNN,0,0.9130684733390808,0.15394610166549683,0.4240038990974426,0.696428656578064,0.2001183182001114,0.6493119597434998,0.5964893102645874,0.3348519206047058
1561,St. Louis,Median Home Value,tract,8330,268,688,RGNN,1,0.8463743329048157,0.1879454255104065,0.4677523374557495,0.696428656578064,0.28220221400260925,0.6201995611190796,0.5766597986221313,0.3348519206047058
1562,St. Louis,Median Home Value,tract,8330,268,688,RGNN,2,0.9455293416976929,0.02914881706237793,0.45319968461990356,0.696428656578064,0.16033974289894104,0.6480929255485535,0.6055930256843567,0.3348519206047058
1563,St. Louis,Median Home Value,tract,8330,268,688,RGNN,3,0.9911497831344604,0.3783262372016907,0.4754962921142578,0.696428656578064,0.07106201350688934,0.5314030647277832,0.57182776927948,0.3348519206047058
1564,St. Louis,Median Home Value,tract,8330,268,688,RGNN,4,0.9813247919082642,0.3187318444252014,0.42522573471069336,0.696428656578064,0.10379891097545624,0.611916720867157,0.6116920113563538,0.3348519206047058
1565,St. Louis,Median Home Value,tract,8330,268,688,RGNN,5,0.909340500831604,-0.0486299991607666,0.4197368621826172,0.696428656578064,0.2600245475769043,0.7034401297569275,0.6311865448951721,0.3348519206047058
1566,St. Louis,Median Home Value,tract,8330,268,688,RGNN,6,0.9940787553787231,0.34293490648269653,0.5101560950279236,0.696428656578064,0.049654703587293625,0.6028736233711243,0.560068666934967,0.3348519206047058
1567,St. Louis,Median Home Value,tract,8330,268,688,RGNN,7,0.9309954643249512,0.26822924613952637,0.4318597912788391,0.696428656578064,0.20333951711654663,0.6050212979316711,0.6070078611373901,0.3348519206047058
1568,St. Louis,Median Home Value,tract,8330,268,688,RGNN,8,0.9519923329353333,0.3165406584739685,0.4837875962257385,0.696428656578064,0.17142456769943237,0.5501941442489624,0.5668863654136658,0.3348519206047058
1569,St. Louis,Median Home Value,tract,8330,268,688,RGNN,9,0.9704010486602783,0.26500874757766724,0.474229633808136,0.696428656578064,0.11867301911115646,0.6291342377662659,0.582632303237915,0.3348519206047058
1570,St. Louis,Median Home Value,tract,8330,268,688,Feat-RGNN,0,0.8756701350212097,0.13310998678207397,0.39018410444259644,0.696428656578064,0.29445454478263855,0.7497264742851257,0.6575601696968079,0.3348519206047058
1571,St. Louis,Median Home Value,tract,8330,268,688,Feat-RGNN,1,0.9443406462669373,0.3925973176956177,0.30231475830078125,0.696428656578064,0.1723404824733734,0.6457189917564392,0.6956679224967957,0.3348519206047058
1572,St. Louis,Median Home Value,tract,8330,268,688,Feat-RGNN,2,0.9166023135185242,0.45875030755996704,0.4455263614654541,0.696428656578064,0.24071933329105377,0.5611836910247803,0.601628839969635,0.3348519206047058
1573,St. Louis,Median Home Value,tract,8330,268,688,Feat-RGNN,3,0.9457643628120422,0.44999247789382935,0.4899837374687195,0.696428656578064,0.17374444007873535,0.6249244809150696,0.5564960837364197,0.3348519206047058
1574,St. Louis,Median Home Value,tract,8330,268,688,Feat-RGNN,4,0.9945808053016663,0.6336126923561096,0.40513843297958374,0.696428656578064,0.046585485339164734,0.5813464522361755,0.6430919766426086,0.3348519206047058
1575,St. Louis,Median Home Value,tract,8330,268,688,Feat-RGNN,5,0.9532951712608337,0.33998221158981323,0.38445717096328735,0.696428656578064,0.18217219412326813,0.7009109258651733,0.6567443609237671,0.3348519206047058
1576,St. Louis,Median Home Value,tract,8330,268,688,Feat-RGNN,6,0.9848946928977966,0.565176248550415,0.4427913427352905,0.696428656578064,0.09660275280475616,0.5978798270225525,0.6096645593643188,0.3348519206047058
1577,St. Louis,Median Home Value,tract,8330,268,688,Feat-RGNN,7,0.9869893193244934,0.5938280820846558,0.3954935669898987,0.696428656578064,0.08820542693138123,0.5608000755310059,0.6405450105667114,0.3348519206047058
1578,St. Louis,Median Home Value,tract,8330,268,688,Feat-RGNN,8,0.9970489740371704,0.5992644429206848,0.45654743909835815,0.696428656578064,0.04197300598025322,0.5823037028312683,0.6172584891319275,0.3348519206047058
1579,St. Louis,Median Home Value,tract,8330,268,688,Feat-RGNN,9,0.9737039804458618,0.4000089168548584,0.40367788076400757,0.696428656578064,0.10804986208677292,0.640190601348877,0.6389720439910889,0.3348519206047058
1580,St. Louis,Median Home Value,tract,8330,268,688,Feat\&PC-RGNN,0,0.9882294535636902,0.5483116507530212,0.46093565225601196,0.696428656578064,0.08995316177606583,0.4830891191959381,0.5707100033760071,0.3348519206047058
1581,St. Louis,Median Home Value,tract,8330,268,688,Feat\&PC-RGNN,1,0.9559717774391174,0.3290048837661743,0.4327176809310913,0.696428656578064,0.16353195905685425,0.5945720672607422,0.5814034938812256,0.3348519206047058
1582,St. Louis,Median Home Value,tract,8330,268,688,Feat\&PC-RGNN,2,0.9862024188041687,0.5239595174789429,0.510339081287384,0.696428656578064,0.09101183712482452,0.4742852449417114,0.5330143570899963,0.3348519206047058
1583,St. Louis,Median Home Value,tract,8330,268,688,Feat\&PC-RGNN,3,0.9956398606300354,0.5553678274154663,0.5253711938858032,0.696428656578064,0.04961997643113136,0.4648989140987396,0.5269708633422852,0.3348519206047058
1584,St. Louis,Median Home Value,tract,8330,268,688,Feat\&PC-RGNN,4,0.9910423755645752,0.43185991048812866,0.4893227815628052,0.696428656578064,0.07005791366100311,0.5406441688537598,0.5469231009483337,0.3348519206047058
1585,St. Louis,Median Home Value,tract,8330,268,688,Feat\&PC-RGNN,5,0.931294858455658,0.5086562633514404,0.45743799209594727,0.696428656578064,0.2205696403980255,0.5277163982391357,0.5778310298919678,0.3348519206047058
1586,St. Louis,Median Home Value,tract,8330,268,688,Feat\&PC-RGNN,6,0.9901981353759766,0.5794340968132019,0.4853513836860657,0.696428656578064,0.08136093616485596,0.507750928401947,0.5783043503761292,0.3348519206047058
1587,St. Louis,Median Home Value,tract,8330,268,688,Feat\&PC-RGNN,7,0.9685280919075012,0.517805814743042,0.45506685972213745,0.696428656578064,0.16642659902572632,0.5314065217971802,0.5951184034347534,0.3348519206047058
1588,St. Louis,Median Home Value,tract,8330,268,688,Feat\&PC-RGNN,8,0.970108687877655,0.4088175892829895,0.46592193841934204,0.696428656578064,0.13116461038589478,0.4980951249599457,0.5545380115509033,0.3348519206047058
1589,St. Louis,Median Home Value,tract,8330,268,688,Feat\&PC-RGNN,9,0.9587420225143433,0.5050331354141235,0.507535457611084,0.696428656578064,0.16507551074028015,0.5165852904319763,0.5519392490386963,0.3348519206047058
1590,St. Louis,Median Home Value,tract,8330,268,688,NoPreTrain,0,0.9965835213661194,-0.10026729106903076,0.254666805267334,0.696428656578064,0.0557899996638298,0.8196786046028137,0.7529424428939819,0.3348519206047058
1591,St. Louis,Median Home Value,tract,8330,268,688,NoPreTrain,1,0.999604344367981,-0.40731990337371826,0.1322149634361267,0.696428656578064,0.015148245729506016,0.9154145121574402,0.8000390529632568,0.3348519206047058
1592,St. Louis,Median Home Value,tract,8330,268,688,NoPreTrain,2,0.9996688961982727,-0.15995728969573975,0.22465330362319946,0.696428656578064,0.013720063492655754,0.8354308605194092,0.7624430060386658,0.3348519206047058
1593,St. Louis,Median Home Value,tract,8330,268,688,NoPreTrain,3,0.9984738826751709,-0.6199593544006348,-0.03271591663360596,0.696428656578064,0.035638391971588135,1.013535499572754,0.9148196578025818,0.3348519206047058
1594,St. Louis,Median Home Value,tract,8330,268,688,NoPreTrain,4,0.9997870922088623,0.0016585588455200195,0.27437126636505127,0.696428656578064,0.011186105199158192,0.7457526922225952,0.7442150712013245,0.3348519206047058
1595,St. Louis,Median Home Value,tract,8330,268,688,NoPreTrain,5,0.99959796667099,-0.21632909774780273,0.19980734586715698,0.696428656578064,0.013881201855838299,0.8957981467247009,0.7697275876998901,0.3348519206047058
1596,St. Louis,Median Home Value,tract,8330,268,688,NoPreTrain,6,0.9993808269500732,0.10139155387878418,0.1664002537727356,0.696428656578064,0.02224242128431797,0.799563467502594,0.8016023635864258,0.3348519206047058
1597,St. Louis,Median Home Value,tract,8330,268,688,NoPreTrain,7,0.9993202686309814,-0.18050694465637207,0.2853100895881653,0.696428656578064,0.02149120531976223,0.8454129695892334,0.718948245048523,0.3348519206047058
1598,St. Louis,Median Home Value,tract,8330,268,688,NoPreTrain,8,0.998935341835022,-0.38423895835876465,0.24764668941497803,0.696428656578064,0.029459649696946144,0.7942440509796143,0.7481169700622559,0.3348519206047058
1599,St. Louis,Median Home Value,tract,8330,268,688,NoPreTrain,9,0.9997599124908447,-0.38159728050231934,0.09960228204727173,0.696428656578064,0.010726734064519405,0.9252243041992188,0.8692924976348877,0.3348519206047058
1600,St. Louis,Median Age,tract,8760,271,728,Emb,0,0.9734337329864502,-0.09346663951873779,-0.0923614501953125,0.29936057329177856,0.14744901657104492,0.8434787392616272,1.0442664623260498,0.7812139391899109
1601,St. Louis,Median Age,tract,8760,271,728,Emb,1,0.9915673732757568,-0.06238210201263428,-0.01595926284790039,0.29936057329177856,0.08174051344394684,0.792851448059082,1.0229142904281616,0.7812139391899109
1602,St. Louis,Median Age,tract,8760,271,728,Emb,2,0.9971781373023987,-0.05709028244018555,0.008690953254699707,0.29936057329177856,0.04002153128385544,0.8088569045066833,1.0147411823272705,0.7812139391899109
1603,St. Louis,Median Age,tract,8760,271,728,Emb,3,0.9933297038078308,-0.1900402307510376,-0.01252889633178711,0.29936057329177856,0.07205354422330856,0.8154159784317017,1.0135462284088135,0.7812139391899109
1604,St. Louis,Median Age,tract,8760,271,728,Emb,4,0.9993957877159119,-0.3112773895263672,-0.1113656759262085,0.29936057329177856,0.017052888870239258,0.9186713695526123,1.0766444206237793,0.7812139391899109
1605,St. Louis,Median Age,tract,8760,271,728,Emb,5,0.9928276538848877,-0.17463302612304688,-0.074104905128479,0.29936057329177856,0.0732395127415657,0.8626853823661804,1.0493853092193604,0.7812139391899109
1606,St. Louis,Median Age,tract,8760,271,728,Emb,6,0.9955295920372009,0.021863877773284912,-0.09294998645782471,0.29936057329177856,0.044970255345106125,0.751979410648346,1.064180850982666,0.7812139391899109
1607,St. Louis,Median Age,tract,8760,271,728,Emb,7,0.9967218637466431,-0.07313668727874756,-0.10537922382354736,0.29936057329177856,0.039533428847789764,0.8003759980201721,1.067451000213623,0.7812139391899109
1608,St. Louis,Median Age,tract,8760,271,728,Emb,8,0.9976899027824402,0.041940510272979736,-0.02613067626953125,0.29936057329177856,0.04039142280817032,0.7736508250236511,1.0253931283950806,0.7812139391899109
1609,St. Louis,Median Age,tract,8760,271,728,Emb,9,0.9966883063316345,0.028898775577545166,-0.06531500816345215,0.29936057329177856,0.040821630507707596,0.7310841679573059,1.0436075925827026,0.7812139391899109
1610,St. Louis,Median Age,tract,8760,271,728,LightGCN,0,0.9234545826911926,-0.041982293128967285,0.02788597345352173,0.29936057329177856,0.18805962800979614,0.7560072541236877,0.9942924380302429,0.7812139391899109
1611,St. Louis,Median Age,tract,8760,271,728,LightGCN,1,0.986802339553833,0.17188400030136108,-0.00603032112121582,0.29936057329177856,0.07298818975687027,0.6762810945510864,1.0111083984375,0.7812139391899109
1612,St. Louis,Median Age,tract,8760,271,728,LightGCN,2,0.9271353483200073,-0.10762906074523926,0.007258176803588867,0.29936057329177856,0.1808345913887024,0.7869026064872742,1.0160908699035645,0.7812139391899109
1613,St. Louis,Median Age,tract,8760,271,728,LightGCN,3,0.8783489465713501,0.10905319452285767,0.06840652227401733,0.29936057329177856,0.24469727277755737,0.7471897006034851,0.9685547947883606,0.7812139391899109
1614,St. Louis,Median Age,tract,8760,271,728,LightGCN,4,0.9294396638870239,0.09630203247070312,0.040319859981536865,0.29936057329177856,0.17776916921138763,0.7093708515167236,0.9934120774269104,0.7812139391899109
1615,St. Louis,Median Age,tract,8760,271,728,LightGCN,5,0.8896281719207764,0.10373467206954956,0.04188960790634155,0.29936057329177856,0.23556512594223022,0.7575705051422119,0.983290433883667,0.7812139391899109
1616,St. Louis,Median Age,tract,8760,271,728,LightGCN,6,0.9077314138412476,0.00182420015335083,-0.010820150375366211,0.29936057329177856,0.20815032720565796,0.7380514740943909,1.0123562812805176,0.7812139391899109
1617,St. Louis,Median Age,tract,8760,271,728,LightGCN,7,0.9023151993751526,0.03563445806503296,0.024148881435394287,0.29936057329177856,0.22390177845954895,0.7528037428855896,0.9813001155853271,0.7812139391899109
1618,St. Louis,Median Age,tract,8760,271,728,LightGCN,8,0.8300280570983887,-0.10707318782806396,0.06112104654312134,0.29936057329177856,0.3044334053993225,0.7937639355659485,0.9886305928230286,0.7812139391899109
1619,St. Louis,Median Age,tract,8760,271,728,LightGCN,9,0.9322673082351685,-0.16037142276763916,0.009733140468597412,0.29936057329177856,0.17342768609523773,0.8251824378967285,1.0061126947402954,0.7812139391899109
1620,St. Louis,Median Age,tract,8760,271,728,Feat-LightGCN,0,0.9947474002838135,0.25964754819869995,-0.01797926425933838,0.29936057329177856,0.061484821140766144,0.644379198551178,1.0177459716796875,0.7812139391899109
1621,St. Louis,Median Age,tract,8760,271,728,Feat-LightGCN,1,0.9557364583015442,0.3518770933151245,0.019931256771087646,0.29936057329177856,0.1850191354751587,0.6242161989212036,0.996906042098999,0.7812139391899109
1622,St. Louis,Median Age,tract,8760,271,728,Feat-LightGCN,2,0.9865737557411194,-0.04228568077087402,-0.015476584434509277,0.29936057329177856,0.09267222136259079,0.7859802842140198,1.0194658041000366,0.7812139391899109
1623,St. Louis,Median Age,tract,8760,271,728,Feat-LightGCN,3,0.9899309277534485,0.23177701234817505,-0.014577865600585938,0.29936057329177856,0.08122917264699936,0.6539239883422852,1.0155209302902222,0.7812139391899109
1624,St. Louis,Median Age,tract,8760,271,728,Feat-LightGCN,4,0.9991558194160461,0.19896554946899414,-0.04373502731323242,0.29936057329177856,0.017573771998286247,0.7261125445365906,1.0517829656600952,0.7812139391899109
1625,St. Louis,Median Age,tract,8760,271,728,Feat-LightGCN,5,0.9863914251327515,0.31847959756851196,0.016341865062713623,0.29936057329177856,0.09143966436386108,0.6560335159301758,1.013900876045227,0.7812139391899109
1626,St. Louis,Median Age,tract,8760,271,728,Feat-LightGCN,6,0.9878268241882324,0.2260790467262268,0.018489539623260498,0.29936057329177856,0.08928362280130386,0.666543185710907,0.9976047277450562,0.7812139391899109
1627,St. Louis,Median Age,tract,8760,271,728,Feat-LightGCN,7,0.9986980557441711,0.19488084316253662,-0.0246812105178833,0.29936057329177856,0.021448247134685516,0.6997619867324829,1.0137969255447388,0.7812139391899109
1628,St. Louis,Median Age,tract,8760,271,728,Feat-LightGCN,8,0.9922186732292175,0.36226755380630493,-0.019254207611083984,0.29936057329177856,0.07742223143577576,0.6109441518783569,1.030822992324829,0.7812139391899109
1629,St. Louis,Median Age,tract,8760,271,728,Feat-LightGCN,9,0.9982079863548279,0.3169403076171875,-0.012677311897277832,0.29936057329177856,0.03381960093975067,0.6159740090370178,1.002880573272705,0.7812139391899109
1630,St. Louis,Median Age,tract,8760,271,728,Feat\&PC-LightGCN,0,0.9661954641342163,-0.04928088188171387,0.07119119167327881,0.29936057329177856,0.15902405977249146,0.7703699469566345,0.9544110894203186,0.7812139391899109
1631,St. Louis,Median Age,tract,8760,271,728,Feat\&PC-LightGCN,1,0.9900578856468201,-0.07564079761505127,0.05974578857421875,0.29936057329177856,0.053144671022892,0.8133816719055176,0.9687551856040955,0.7812139391899109
1632,St. Louis,Median Age,tract,8760,271,728,Feat\&PC-LightGCN,2,0.970391035079956,-0.05898582935333252,0.08883917331695557,0.29936057329177856,0.1351614147424698,0.8000454902648926,0.9664691686630249,0.7812139391899109
1633,St. Louis,Median Age,tract,8760,271,728,Feat\&PC-LightGCN,3,0.987322211265564,-0.25796449184417725,0.057303011417388916,0.29936057329177856,0.07473517209291458,0.8661055564880371,0.968254029750824,0.7812139391899109
1634,St. Louis,Median Age,tract,8760,271,728,Feat\&PC-LightGCN,4,0.9951451420783997,-0.15122079849243164,0.10256892442703247,0.29936057329177856,0.04793984815478325,0.8354550004005432,0.9446241855621338,0.7812139391899109
1635,St. Louis,Median Age,tract,8760,271,728,Feat\&PC-LightGCN,5,0.9796932339668274,-0.10073196887969971,0.10184651613235474,0.29936057329177856,0.10028994828462601,0.7912507057189941,0.9559281468391418,0.7812139391899109
1636,St. Louis,Median Age,tract,8760,271,728,Feat\&PC-LightGCN,6,0.9890130758285522,-0.1298443078994751,0.09114563465118408,0.29936057329177856,0.0844598338007927,0.8216715455055237,0.9517508745193481,0.7812139391899109
1637,St. Louis,Median Age,tract,8760,271,728,Feat\&PC-LightGCN,7,0.9724631905555725,-0.21802878379821777,0.09372872114181519,0.29936057329177856,0.13279199600219727,0.8369802832603455,0.9739804863929749,0.7812139391899109
1638,St. Louis,Median Age,tract,8760,271,728,Feat\&PC-LightGCN,8,0.9947502613067627,-0.09909582138061523,0.11011850833892822,0.29936057329177856,0.04330029338598251,0.8126611113548279,0.9428746700286865,0.7812139391899109
1639,St. Louis,Median Age,tract,8760,271,728,Feat\&PC-LightGCN,9,0.9975258111953735,-0.26081550121307373,0.07804983854293823,0.29936057329177856,0.027856256812810898,0.8417133092880249,0.9592229723930359,0.7812139391899109
1640,St. Louis,Median Age,tract,8760,271,728,RGNN,0,0.8908078670501709,-0.2862788438796997,0.030300438404083252,0.29936057329177856,0.22247368097305298,0.9259397387504578,0.9855014085769653,0.7812139391899109
1641,St. Louis,Median Age,tract,8760,271,728,RGNN,1,0.7376376390457153,0.03780937194824219,0.10348916053771973,0.29936057329177856,0.3653045892715454,0.7727157473564148,0.951678454875946,0.7812139391899109
1642,St. Louis,Median Age,tract,8760,271,728,RGNN,2,0.819290041923523,0.07893210649490356,0.07378244400024414,0.29936057329177856,0.2992584705352783,0.7613034844398499,0.9667391777038574,0.7812139391899109
1643,St. Louis,Median Age,tract,8760,271,728,RGNN,3,0.7967455387115479,0.007569849491119385,0.0458868145942688,0.29936057329177856,0.32020068168640137,0.7751240134239197,0.9721036553382874,0.7812139391899109
1644,St. Louis,Median Age,tract,8760,271,728,RGNN,4,0.861644446849823,-0.15223097801208496,0.09842008352279663,0.29936057329177856,0.2482622265815735,0.8360710740089417,0.9651086926460266,0.7812139391899109
1645,St. Louis,Median Age,tract,8760,271,728,RGNN,5,0.8041293025016785,-0.017690420150756836,0.08557981252670288,0.29936057329177856,0.29658904671669006,0.8176184296607971,0.9685490131378174,0.7812139391899109
1646,St. Louis,Median Age,tract,8760,271,728,RGNN,6,0.843435525894165,-0.12340736389160156,0.08507949113845825,0.29936057329177856,0.26784780621528625,0.8910804986953735,0.9687479138374329,0.7812139391899109
1647,St. Louis,Median Age,tract,8760,271,728,RGNN,7,0.7595152258872986,0.014737725257873535,0.04974013566970825,0.29936057329177856,0.3445947766304016,0.7926763296127319,0.9983267188072205,0.7812139391899109
1648,St. Louis,Median Age,tract,8760,271,728,RGNN,8,0.7454584836959839,-0.107818603515625,0.0812268853187561,0.29936057329177856,0.36349982023239136,0.8468848466873169,0.983927309513092,0.7812139391899109
1649,St. Louis,Median Age,tract,8760,271,728,RGNN,9,0.8039971590042114,0.06922149658203125,0.08499908447265625,0.29936057329177856,0.3282267153263092,0.7503311038017273,0.9629405736923218,0.7812139391899109
1650,St. Louis,Median Age,tract,8760,271,728,Feat-RGNN,0,0.6490584015846252,-0.011464834213256836,0.08496737480163574,0.29936057329177856,0.43442481756210327,0.77961266040802,0.9906827211380005,0.7812139391899109
1651,St. Louis,Median Age,tract,8760,271,728,Feat-RGNN,1,0.5184521675109863,-0.010953307151794434,0.06391274929046631,0.29936057329177856,0.5219346284866333,0.8257638216018677,0.9976689219474792,0.7812139391899109
1652,St. Louis,Median Age,tract,8760,271,728,Feat-RGNN,2,0.8077197074890137,0.05221825838088989,-0.04585254192352295,0.29936057329177856,0.31203582882881165,0.7455022931098938,1.033218264579773,0.7812139391899109
1653,St. Louis,Median Age,tract,8760,271,728,Feat-RGNN,3,0.7549974918365479,0.15085941553115845,0.14079934358596802,0.29936057329177856,0.368868887424469,0.710435688495636,0.9449958205223083,0.7812139391899109
1654,St. Louis,Median Age,tract,8760,271,728,Feat-RGNN,4,0.9467732906341553,0.15092605352401733,0.07873952388763428,0.29936057329177856,0.1551600843667984,0.6633729338645935,0.9802035093307495,0.7812139391899109
1655,St. Louis,Median Age,tract,8760,271,728,Feat-RGNN,5,0.8283701539039612,0.019662439823150635,0.050294339656829834,0.29936057329177856,0.2995555102825165,0.7797609567642212,0.9716469645500183,0.7812139391899109
1656,St. Louis,Median Age,tract,8760,271,728,Feat-RGNN,6,0.7238205671310425,-0.13859903812408447,0.06448197364807129,0.29936057329177856,0.388142853975296,0.8527650833129883,1.0164262056350708,0.7812139391899109
1657,St. Louis,Median Age,tract,8760,271,728,Feat-RGNN,7,0.8354029059410095,-0.0833737850189209,0.01077115535736084,0.29936057329177856,0.3023126423358917,0.8351396918296814,1.0282447338104248,0.7812139391899109
1658,St. Louis,Median Age,tract,8760,271,728,Feat-RGNN,8,0.4786161184310913,0.08779430389404297,-0.08105003833770752,0.29936057329177856,0.568479061126709,0.7582859396934509,1.0669785737991333,0.7812139391899109
1659,St. Louis,Median Age,tract,8760,271,728,Feat-RGNN,9,0.7782677412033081,-0.12801337242126465,0.04231977462768555,0.29936057329177856,0.3328918218612671,0.8335195183753967,1.0038114786148071,0.7812139391899109
1660,St. Louis,Median Age,tract,8760,271,728,Feat\&PC-RGNN,0,0.7803173065185547,-0.19286668300628662,-0.009213805198669434,0.29936057329177856,0.3399970829486847,0.8888470530509949,1.027838110923767,0.7812139391899109
1661,St. Louis,Median Age,tract,8760,271,728,Feat\&PC-RGNN,1,0.895270824432373,-0.13878357410430908,0.00828486680984497,0.29936057329177856,0.24766667187213898,0.8140652179718018,1.0411274433135986,0.7812139391899109
1662,St. Louis,Median Age,tract,8760,271,728,Feat\&PC-RGNN,2,0.7569140195846558,-0.16519665718078613,0.011027097702026367,0.29936057329177856,0.3578088581562042,0.8449382185935974,1.0161446332931519,0.7812139391899109
1663,St. Louis,Median Age,tract,8760,271,728,Feat\&PC-RGNN,3,0.9199572205543518,-0.05621778964996338,0.032343387603759766,0.29936057329177856,0.18516863882541656,0.7977414131164551,1.021787166595459,0.7812139391899109
1664,St. Louis,Median Age,tract,8760,271,728,Feat\&PC-RGNN,4,0.8314375281333923,-0.2536886930465698,0.03354841470718384,0.29936057329177856,0.2938985824584961,0.8454024791717529,1.024847388267517,0.7812139391899109
1665,St. Louis,Median Age,tract,8760,271,728,Feat\&PC-RGNN,5,0.8423832654953003,-0.1802915334701538,0.026889443397521973,0.29936057329177856,0.3028188943862915,0.8708138465881348,1.0340639352798462,0.7812139391899109
1666,St. Louis,Median Age,tract,8760,271,728,Feat\&PC-RGNN,6,0.8142366409301758,-0.1100841760635376,0.0697472095489502,0.29936057329177856,0.33120712637901306,0.8550166487693787,1.0333107709884644,0.7812139391899109
1667,St. Louis,Median Age,tract,8760,271,728,Feat\&PC-RGNN,7,0.9300773739814758,-0.046091318130493164,0.03252863883972168,0.29936057329177856,0.18569166958332062,0.7313504815101624,0.9988902807235718,0.7812139391899109
1668,St. Louis,Median Age,tract,8760,271,728,Feat\&PC-RGNN,8,0.961369514465332,0.22924590110778809,0.03923529386520386,0.29936057329177856,0.1436106562614441,0.6689987778663635,0.9964913129806519,0.7812139391899109
1669,St. Louis,Median Age,tract,8760,271,728,Feat\&PC-RGNN,9,0.8061502575874329,-0.12585341930389404,-0.02972733974456787,0.29936057329177856,0.3163394629955292,0.829522967338562,1.07358980178833,0.7812139391899109
1670,St. Louis,Median Age,tract,8760,271,728,NoPreTrain,0,0.9974437355995178,-0.37428081035614014,-0.2261425256729126,0.29936057329177856,0.04368983209133148,0.9706602692604065,1.1605182886123657,0.7812139391899109
1671,St. Louis,Median Age,tract,8760,271,728,NoPreTrain,1,0.9991105198860168,-0.6524165868759155,-0.30246543884277344,0.29936057329177856,0.024107174947857857,0.9416944980621338,1.1984915733337402,0.7812139391899109
1672,St. Louis,Median Age,tract,8760,271,728,NoPreTrain,2,0.9992260932922363,-0.622840404510498,-0.19352102279663086,0.29936057329177856,0.0221177376806736,1.0920876264572144,1.130839228630066,0.7812139391899109
1673,St. Louis,Median Age,tract,8760,271,728,NoPreTrain,3,0.9995602965354919,-0.5505688190460205,-0.332194447517395,0.29936057329177856,0.013125437311828136,1.0156947374343872,1.2108858823776245,0.7812139391899109
1674,St. Louis,Median Age,tract,8760,271,728,NoPreTrain,4,0.9975351095199585,-0.2469949722290039,-0.08292078971862793,0.29936057329177856,0.04177022725343704,0.9048128724098206,1.0907175540924072,0.7812139391899109
1675,St. Louis,Median Age,tract,8760,271,728,NoPreTrain,5,0.9996318221092224,-0.32768309116363525,-0.2820274829864502,0.29936057329177856,0.014276888221502304,0.9356701374053955,1.1751532554626465,0.7812139391899109
1676,St. Louis,Median Age,tract,8760,271,728,NoPreTrain,6,0.9984389543533325,-0.4725172519683838,-0.2605940103530884,0.29936057329177856,0.03320186585187912,1.031585931777954,1.206292748451233,0.7812139391899109
1677,St. Louis,Median Age,tract,8760,271,728,NoPreTrain,7,0.9983477592468262,-0.38604629039764404,-0.16679775714874268,0.29936057329177856,0.033614203333854675,1.0055173635482788,1.1205369234085083,0.7812139391899109
1678,St. Louis,Median Age,tract,8760,271,728,NoPreTrain,8,0.9951490759849548,-0.7311687469482422,-0.15656661987304688,0.29936057329177856,0.06151700019836426,1.108177900314331,1.123961091041565,0.7812139391899109
1679,St. Louis,Median Age,tract,8760,271,728,NoPreTrain,9,0.9982529282569885,-0.3437976837158203,-0.18447864055633545,0.29936057329177856,0.035494331270456314,0.9403713345527649,1.145346999168396,0.7812139391899109
1680,Indianapolis,Median Income,tract,5781,193,454,Emb,0,0.9980034828186035,-0.07894790172576904,0.263452410697937,0.639198899269104,0.04675773158669472,0.76211017370224,0.7670305967330933,0.44799381494522095
1681,Indianapolis,Median Income,tract,5781,193,454,Emb,1,0.997085690498352,0.11883169412612915,0.36192506551742554,0.639198899269104,0.05327926203608513,0.6976155638694763,0.7121454477310181,0.44799381494522095
1682,Indianapolis,Median Income,tract,5781,193,454,Emb,2,0.999146044254303,0.26306551694869995,0.3587889075279236,0.639198899269104,0.02430221624672413,0.6793561577796936,0.7223051190376282,0.44799381494522095
1683,Indianapolis,Median Income,tract,5781,193,454,Emb,3,0.99208003282547,0.13587462902069092,0.3172895312309265,0.639198899269104,0.0870903804898262,0.7060354948043823,0.7369139790534973,0.44799381494522095
1684,Indianapolis,Median Income,tract,5781,193,454,Emb,4,0.9990101456642151,0.12020337581634521,0.34406358003616333,0.639198899269104,0.0316404327750206,0.7118566632270813,0.7194651365280151,0.44799381494522095
1685,Indianapolis,Median Income,tract,5781,193,454,Emb,5,0.9899420738220215,0.27481967210769653,0.34373337030410767,0.639198899269104,0.10333215445280075,0.6470535397529602,0.7112146019935608,0.44799381494522095
1686,Indianapolis,Median Income,tract,5781,193,454,Emb,6,0.9999199509620667,0.19379979372024536,0.25275737047195435,0.639198899269104,0.007211892865598202,0.7149235606193542,0.7911465764045715,0.44799381494522095
1687,Indianapolis,Median Income,tract,5781,193,454,Emb,7,0.9997912049293518,-0.13629329204559326,0.28104764223098755,0.639198899269104,0.010507241822779179,0.827765166759491,0.7617589235305786,0.44799381494522095
1688,Indianapolis,Median Income,tract,5781,193,454,Emb,8,0.9984050393104553,0.17731928825378418,0.24972409009933472,0.639198899269104,0.03999447077512741,0.6470268964767456,0.791068434715271,0.44799381494522095
1689,Indianapolis,Median Income,tract,5781,193,454,Emb,9,0.9989441633224487,0.10783648490905762,0.23015791177749634,0.639198899269104,0.03319704532623291,0.7078725099563599,0.7842292785644531,0.44799381494522095
1690,Indianapolis,Median Income,tract,5781,193,454,LightGCN,0,0.9518702030181885,0.29062068462371826,0.4043266177177429,0.639198899269104,0.17503565549850464,0.7061195373535156,0.6957439184188843,0.44799381494522095
1691,Indianapolis,Median Income,tract,5781,193,454,LightGCN,1,0.9321556687355042,0.31200480461120605,0.42670220136642456,0.639198899269104,0.22406981885433197,0.6609634757041931,0.6772619485855103,0.44799381494522095
1692,Indianapolis,Median Income,tract,5781,193,454,LightGCN,2,0.9837561845779419,0.3055349588394165,0.41054344177246094,0.639198899269104,0.09512609988451004,0.6830568909645081,0.6921101212501526,0.44799381494522095
1693,Indianapolis,Median Income,tract,5781,193,454,LightGCN,3,0.9214072823524475,0.25222963094711304,0.37534844875335693,0.639198899269104,0.23757264018058777,0.7398887276649475,0.7041171789169312,0.44799381494522095
1694,Indianapolis,Median Income,tract,5781,193,454,LightGCN,4,0.9814034700393677,0.33014553785324097,0.4255073070526123,0.639198899269104,0.12058525532484055,0.6517672538757324,0.6753670573234558,0.44799381494522095
1695,Indianapolis,Median Income,tract,5781,193,454,LightGCN,5,0.939939558506012,0.26639336347579956,0.36166703701019287,0.639198899269104,0.1936441957950592,0.7128167152404785,0.7098183035850525,0.44799381494522095
1696,Indianapolis,Median Income,tract,5781,193,454,LightGCN,6,0.9642008543014526,0.3135778307914734,0.39734870195388794,0.639198899269104,0.15265536308288574,0.6678018569946289,0.7167811393737793,0.44799381494522095
1697,Indianapolis,Median Income,tract,5781,193,454,LightGCN,7,0.9602932929992676,0.31549715995788574,0.4130328297615051,0.639198899269104,0.14844608306884766,0.7046838998794556,0.6837776899337769,0.44799381494522095
1698,Indianapolis,Median Income,tract,5781,193,454,LightGCN,8,0.9530825018882751,0.2761218547821045,0.3717617988586426,0.639198899269104,0.1986600160598755,0.6810669302940369,0.7151831388473511,0.44799381494522095
1699,Indianapolis,Median Income,tract,5781,193,454,LightGCN,9,0.9458808302879333,0.42675191164016724,0.40655577182769775,0.639198899269104,0.18146395683288574,0.6205968856811523,0.6948649287223816,0.44799381494522095
1700,Indianapolis,Median Income,tract,5781,193,454,Feat-LightGCN,0,0.9904128909111023,0.3798190951347351,0.4006795883178711,0.639198899269104,0.0958898738026619,0.6662827134132385,0.7209159135818481,0.44799381494522095
1701,Indianapolis,Median Income,tract,5781,193,454,Feat-LightGCN,1,0.9775635600090027,0.41223394870758057,0.4417725205421448,0.639198899269104,0.1562076210975647,0.603708803653717,0.6973994374275208,0.44799381494522095
1702,Indianapolis,Median Income,tract,5781,193,454,Feat-LightGCN,2,0.9913045167922974,0.43674033880233765,0.4551354646682739,0.639198899269104,0.08557740598917007,0.611515462398529,0.6862474083900452,0.44799381494522095
1703,Indianapolis,Median Income,tract,5781,193,454,Feat-LightGCN,3,0.9998766183853149,0.504131555557251,0.4205745458602905,0.639198899269104,0.008067096583545208,0.5686807036399841,0.6937214732170105,0.44799381494522095
1704,Indianapolis,Median Income,tract,5781,193,454,Feat-LightGCN,4,0.9935761094093323,0.3776874542236328,0.4013069272041321,0.639198899269104,0.06836474686861038,0.6901252865791321,0.7092459201812744,0.44799381494522095
1705,Indianapolis,Median Income,tract,5781,193,454,Feat-LightGCN,5,0.9500624537467957,0.33018243312835693,0.41026002168655396,0.639198899269104,0.23883801698684692,0.6967630982398987,0.7126069664955139,0.44799381494522095
1706,Indianapolis,Median Income,tract,5781,193,454,Feat-LightGCN,6,0.9741063714027405,0.4354251027107239,0.393410861492157,0.639198899269104,0.16753093898296356,0.6157639622688293,0.712151288986206,0.44799381494522095
1707,Indianapolis,Median Income,tract,5781,193,454,Feat-LightGCN,7,0.9907935857772827,0.3199661374092102,0.42039597034454346,0.639198899269104,0.08384911715984344,0.6544452905654907,0.7139568328857422,0.44799381494522095
1708,Indianapolis,Median Income,tract,5781,193,454,Feat-LightGCN,8,0.9987586736679077,0.6190217137336731,0.4114665985107422,0.639198899269104,0.03598044812679291,0.49127912521362305,0.6937569379806519,0.44799381494522095
1709,Indianapolis,Median Income,tract,5781,193,454,Feat-LightGCN,9,0.9988466501235962,0.4964520335197449,0.42850327491760254,0.639198899269104,0.03313922882080078,0.5960801243782043,0.7057822942733765,0.44799381494522095
1710,Indianapolis,Median Income,tract,5781,193,454,Feat\&PC-LightGCN,0,0.9993764162063599,0.47350388765335083,0.437774121761322,0.639198899269104,0.01581227406859398,0.57079017162323,0.6753907203674316,0.44799381494522095
1711,Indianapolis,Median Income,tract,5781,193,454,Feat\&PC-LightGCN,1,0.9967175126075745,0.5676335096359253,0.46542251110076904,0.639198899269104,0.05077996850013733,0.5681604146957397,0.6589709520339966,0.44799381494522095
1712,Indianapolis,Median Income,tract,5781,193,454,Feat\&PC-LightGCN,2,0.9987831115722656,0.631090521812439,0.5071883797645569,0.639198899269104,0.025806812569499016,0.5150338411331177,0.6186827421188354,0.44799381494522095
1713,Indianapolis,Median Income,tract,5781,193,454,Feat\&PC-LightGCN,3,0.9910548329353333,0.5423686504364014,0.4740106463432312,0.639198899269104,0.08268515020608902,0.5539886355400085,0.638522744178772,0.44799381494522095
1714,Indianapolis,Median Income,tract,5781,193,454,Feat\&PC-LightGCN,4,0.9984956979751587,0.6187732815742493,0.4880180358886719,0.639198899269104,0.03744471073150635,0.5309880375862122,0.6400290131568909,0.44799381494522095
1715,Indianapolis,Median Income,tract,5781,193,454,Feat\&PC-LightGCN,5,0.9954434633255005,0.5323479175567627,0.4778693914413452,0.639198899269104,0.05397430807352066,0.5778219103813171,0.6558651924133301,0.44799381494522095
1716,Indianapolis,Median Income,tract,5781,193,454,Feat\&PC-LightGCN,6,0.9987390041351318,0.42697250843048096,0.4453943967819214,0.639198899269104,0.028346290811896324,0.6013099551200867,0.6754150390625,0.44799381494522095
1717,Indianapolis,Median Income,tract,5781,193,454,Feat\&PC-LightGCN,7,0.9932133555412292,0.19301116466522217,0.4451492428779602,0.639198899269104,0.06924142688512802,0.6820369362831116,0.6628217697143555,0.44799381494522095
1718,Indianapolis,Median Income,tract,5781,193,454,Feat\&PC-LightGCN,8,0.9995615482330322,0.45615100860595703,0.48346734046936035,0.639198899269104,0.013247836381196976,0.600368320941925,0.6422069668769836,0.44799381494522095
1719,Indianapolis,Median Income,tract,5781,193,454,Feat\&PC-LightGCN,9,0.9996617436408997,0.6035628318786621,0.48138463497161865,0.639198899269104,0.016908345744013786,0.5026018023490906,0.6505156755447388,0.44799381494522095
1720,Indianapolis,Median Income,tract,5781,193,454,RGNN,0,0.9158039093017578,0.32803046703338623,0.2543981671333313,0.639198899269104,0.26620593667030334,0.6354853510856628,0.7556453347206116,0.44799381494522095
1721,Indianapolis,Median Income,tract,5781,193,454,RGNN,1,0.9510162472724915,0.38198035955429077,0.32659780979156494,0.639198899269104,0.16868217289447784,0.6595630645751953,0.7527751922607422,0.44799381494522095
1722,Indianapolis,Median Income,tract,5781,193,454,RGNN,2,0.8907127976417542,0.4177533984184265,0.3119903802871704,0.639198899269104,0.2647765576839447,0.6284651160240173,0.7426056861877441,0.44799381494522095
1723,Indianapolis,Median Income,tract,5781,193,454,RGNN,3,0.8073278665542603,0.3205512762069702,0.2700534462928772,0.639198899269104,0.36215823888778687,0.6658591032028198,0.7703494429588318,0.44799381494522095
1724,Indianapolis,Median Income,tract,5781,193,454,RGNN,4,0.9334492683410645,0.36966848373413086,0.3476073741912842,0.639198899269104,0.19652287662029266,0.6820428371429443,0.7289945483207703,0.44799381494522095
1725,Indianapolis,Median Income,tract,5781,193,454,RGNN,5,0.982525646686554,0.030750751495361328,0.06562334299087524,0.639198899269104,0.11765038967132568,0.8078795671463013,0.865667462348938,0.44799381494522095
1726,Indianapolis,Median Income,tract,5781,193,454,RGNN,6,0.9146519303321838,0.3280353546142578,0.3546152114868164,0.639198899269104,0.23596860468387604,0.6805680394172668,0.7371407151222229,0.44799381494522095
1727,Indianapolis,Median Income,tract,5781,193,454,RGNN,7,0.9877989292144775,0.38391345739364624,0.2573549151420593,0.639198899269104,0.09683549404144287,0.6005081534385681,0.7819335460662842,0.44799381494522095
1728,Indianapolis,Median Income,tract,5781,193,454,RGNN,8,0.9848145246505737,0.09082281589508057,0.17933905124664307,0.639198899269104,0.08648961782455444,0.7476709485054016,0.8343321084976196,0.44799381494522095
1729,Indianapolis,Median Income,tract,5781,193,454,RGNN,9,0.9935004115104675,0.2483488917350769,0.24595141410827637,0.639198899269104,0.06330064684152603,0.6893157958984375,0.8019625544548035,0.44799381494522095
1730,Indianapolis,Median Income,tract,5781,193,454,Feat-RGNN,0,0.7697632312774658,0.16148877143859863,0.1572866439819336,0.639198899269104,0.40641698241233826,0.7117977738380432,0.8559472560882568,0.44799381494522095
1731,Indianapolis,Median Income,tract,5781,193,454,Feat-RGNN,1,0.9171379208564758,0.3055247664451599,0.13126140832901,0.639198899269104,0.2271556556224823,0.6300158500671387,0.8602800369262695,0.44799381494522095
1732,Indianapolis,Median Income,tract,5781,193,454,Feat-RGNN,2,0.9962476491928101,0.33662062883377075,0.2505338788032532,0.639198899269104,0.052925437688827515,0.6556062698364258,0.7811164259910583,0.44799381494522095
1733,Indianapolis,Median Income,tract,5781,193,454,Feat-RGNN,3,0.9807013869285583,-0.3977668285369873,0.05513882637023926,0.639198899269104,0.10884301364421844,0.8403958082199097,0.8519846200942993,0.44799381494522095
1734,Indianapolis,Median Income,tract,5781,193,454,Feat-RGNN,4,0.916522741317749,0.13483500480651855,0.17636913061141968,0.639198899269104,0.22752384841442108,0.700203001499176,0.8271669149398804,0.44799381494522095
1735,Indianapolis,Median Income,tract,5781,193,454,Feat-RGNN,5,0.8757966160774231,0.14781570434570312,0.21878647804260254,0.639198899269104,0.30977848172187805,0.7339281439781189,0.8282895088195801,0.44799381494522095
1736,Indianapolis,Median Income,tract,5781,193,454,Feat-RGNN,6,0.9005858898162842,0.13010001182556152,0.24168789386749268,0.639198899269104,0.25579604506492615,0.6937596201896667,0.7831287980079651,0.44799381494522095
1737,Indianapolis,Median Income,tract,5781,193,454,Feat-RGNN,7,0.9753172397613525,-0.012595534324645996,0.23655200004577637,0.639198899269104,0.12945400178432465,0.7604594826698303,0.782042384147644,0.44799381494522095
1738,Indianapolis,Median Income,tract,5781,193,454,Feat-RGNN,8,0.9191604852676392,-0.06881308555603027,0.118827223777771,0.639198899269104,0.24787136912345886,0.7482307553291321,0.8411912322044373,0.44799381494522095
1739,Indianapolis,Median Income,tract,5781,193,454,Feat-RGNN,9,0.9396881461143494,0.20009887218475342,0.22013670206069946,0.639198899269104,0.18945786356925964,0.7013036012649536,0.8181077241897583,0.44799381494522095
1740,Indianapolis,Median Income,tract,5781,193,454,Feat\&PC-RGNN,0,0.9350256323814392,0.26039373874664307,0.2767464518547058,0.639198899269104,0.20515498518943787,0.617843747138977,0.7804609537124634,0.44799381494522095
1741,Indianapolis,Median Income,tract,5781,193,454,Feat\&PC-RGNN,1,0.8412222266197205,0.2895153760910034,0.27013522386550903,0.639198899269104,0.3282872438430786,0.6209576725959778,0.7847525477409363,0.44799381494522095
1742,Indianapolis,Median Income,tract,5781,193,454,Feat\&PC-RGNN,2,0.9321104288101196,0.13876527547836304,0.23318278789520264,0.639198899269104,0.20237986743450165,0.6827431917190552,0.761640191078186,0.44799381494522095
1743,Indianapolis,Median Income,tract,5781,193,454,Feat\&PC-RGNN,3,0.9133576154708862,0.1779462695121765,0.16345274448394775,0.639198899269104,0.2600663900375366,0.682391345500946,0.8262256383895874,0.44799381494522095
1744,Indianapolis,Median Income,tract,5781,193,454,Feat\&PC-RGNN,4,0.9153133034706116,0.3526582717895508,0.2234148383140564,0.639198899269104,0.2484239637851715,0.6055756211280823,0.7872397303581238,0.44799381494522095
1745,Indianapolis,Median Income,tract,5781,193,454,Feat\&PC-RGNN,5,0.9433620572090149,0.19202011823654175,0.17456096410751343,0.639198899269104,0.1951724737882614,0.646706759929657,0.8362449407577515,0.44799381494522095
1746,Indianapolis,Median Income,tract,5781,193,454,Feat\&PC-RGNN,6,0.8611359596252441,0.3146939277648926,0.31013524532318115,0.639198899269104,0.2983021140098572,0.633480966091156,0.7614356279373169,0.44799381494522095
1747,Indianapolis,Median Income,tract,5781,193,454,Feat\&PC-RGNN,7,0.9388014078140259,0.19955098628997803,0.19750648736953735,0.639198899269104,0.19134846329689026,0.6706560850143433,0.8091452121734619,0.44799381494522095
1748,Indianapolis,Median Income,tract,5781,193,454,Feat\&PC-RGNN,8,0.8281413316726685,0.265802264213562,0.27203041315078735,0.639198899269104,0.3248160481452942,0.6827835440635681,0.7768987417221069,0.44799381494522095
1749,Indianapolis,Median Income,tract,5781,193,454,Feat\&PC-RGNN,9,0.967426061630249,0.42037904262542725,0.3158663511276245,0.639198899269104,0.1283516138792038,0.6100251078605652,0.7664954662322998,0.44799381494522095
1750,Indianapolis,Median Income,tract,5781,193,454,NoPreTrain,0,0.9992145895957947,-0.4218236207962036,0.11141502857208252,0.639198899269104,0.027568873018026352,0.9809370636940002,0.9287720322608948,0.44799381494522095
1751,Indianapolis,Median Income,tract,5781,193,454,NoPreTrain,1,0.9984889030456543,-0.7061591148376465,0.04040491580963135,0.639198899269104,0.03951091319322586,1.0509949922561646,0.9238749146461487,0.44799381494522095
1752,Indianapolis,Median Income,tract,5781,193,454,NoPreTrain,2,0.9944019317626953,0.01317739486694336,0.29447704553604126,0.639198899269104,0.07934846729040146,0.7989135384559631,0.7961456179618835,0.44799381494522095
1753,Indianapolis,Median Income,tract,5781,193,454,NoPreTrain,3,0.9975414276123047,-0.30289971828460693,0.14692902565002441,0.639198899269104,0.05202048644423485,0.9287829995155334,0.8857820630073547,0.44799381494522095
1754,Indianapolis,Median Income,tract,5781,193,454,NoPreTrain,4,0.9998714923858643,-0.30482399463653564,0.2774047255516052,0.639198899269104,0.009065189398825169,0.7915653586387634,0.8058097958564758,0.44799381494522095
1755,Indianapolis,Median Income,tract,5781,193,454,NoPreTrain,5,0.9870127439498901,0.005727648735046387,0.2480965256690979,0.639198899269104,0.12128358334302902,0.8492493033409119,0.8451597094535828,0.44799381494522095
1756,Indianapolis,Median Income,tract,5781,193,454,NoPreTrain,6,0.9986381530761719,-0.4846240282058716,0.047053515911102295,0.639198899269104,0.037365932017564774,0.987169623374939,0.9442605972290039,0.44799381494522095
1757,Indianapolis,Median Income,tract,5781,193,454,NoPreTrain,7,0.9998845458030701,0.23212045431137085,0.260270893573761,0.639198899269104,0.00959134753793478,0.6959317326545715,0.8075916171073914,0.44799381494522095
1758,Indianapolis,Median Income,tract,5781,193,454,NoPreTrain,8,0.9962289929389954,-0.3971431255340576,0.08652406930923462,0.639198899269104,0.06488388776779175,1.0339897871017456,0.9307674169540405,0.44799381494522095
1759,Indianapolis,Median Income,tract,5781,193,454,NoPreTrain,9,0.9997601509094238,0.21794426441192627,0.30299144983291626,0.639198899269104,0.014530032873153687,0.7432838082313538,0.7888036370277405,0.44799381494522095
1760,Indianapolis,Median Home Value,tract,5368,189,434,Emb,0,0.9996045231819153,0.21106195449829102,0.42170655727386475,0.708044171333313,0.01716260425746441,0.5811628103256226,0.5951917767524719,0.3255305588245392
1761,Indianapolis,Median Home Value,tract,5368,189,434,Emb,1,0.9912206530570984,0.1523684859275818,0.4160047173500061,0.708044171333313,0.09063535183668137,0.5651950836181641,0.6173092722892761,0.3255305588245392
1762,Indianapolis,Median Home Value,tract,5368,189,434,Emb,2,0.9999821186065674,0.2676903009414673,0.4649951457977295,0.708044171333313,0.003194795921444893,0.5333263278007507,0.6072353720664978,0.3255305588245392
1763,Indianapolis,Median Home Value,tract,5368,189,434,Emb,3,0.999274492263794,0.06093257665634155,0.4246152639389038,0.708044171333313,0.026530353352427483,0.5752241015434265,0.6199769973754883,0.3255305588245392
1764,Indianapolis,Median Home Value,tract,5368,189,434,Emb,4,0.9999157786369324,0.023247480392456055,0.41435134410858154,0.708044171333313,0.00749498326331377,0.5946346521377563,0.6348099708557129,0.3255305588245392
1765,Indianapolis,Median Home Value,tract,5368,189,434,Emb,5,0.9951438307762146,-0.08145737648010254,0.3849606513977051,0.708044171333313,0.0698818564414978,0.6645500063896179,0.6325967907905579,0.3255305588245392
1766,Indianapolis,Median Home Value,tract,5368,189,434,Emb,6,0.9939048886299133,0.06354504823684692,0.405181884765625,0.708044171333313,0.08093711733818054,0.6079027056694031,0.6334737539291382,0.3255305588245392
1767,Indianapolis,Median Home Value,tract,5368,189,434,Emb,7,0.9921867251396179,0.14938342571258545,0.46845561265945435,0.708044171333313,0.0912400409579277,0.550942599773407,0.6117148399353027,0.3255305588245392
1768,Indianapolis,Median Home Value,tract,5368,189,434,Emb,8,0.9998222589492798,0.3219372630119324,0.34655308723449707,0.708044171333313,0.008169981651008129,0.5232424139976501,0.6472129821777344,0.3255305588245392
1769,Indianapolis,Median Home Value,tract,5368,189,434,Emb,9,0.996669352054596,-0.29347801208496094,0.35645514726638794,0.708044171333313,0.05895513668656349,0.7141348123550415,0.6814002394676208,0.3255305588245392
1770,Indianapolis,Median Home Value,tract,5368,189,434,LightGCN,0,0.941301703453064,-0.6716420650482178,0.39679574966430664,0.708044171333313,0.21167762577533722,0.630064845085144,0.6444821953773499,0.3255305588245392
1771,Indianapolis,Median Home Value,tract,5368,189,434,LightGCN,1,0.9212918877601624,-0.1748654842376709,0.4469901919364929,0.708044171333313,0.24569636583328247,0.6244635581970215,0.6097052097320557,0.3255305588245392
1772,Indianapolis,Median Home Value,tract,5368,189,434,LightGCN,2,0.9842839241027832,-0.015471935272216797,0.5065526962280273,0.708044171333313,0.10635555535554886,0.5929586887359619,0.5581391453742981,0.3255305588245392
1773,Indianapolis,Median Home Value,tract,5368,189,434,LightGCN,3,0.8794063329696655,0.09634625911712646,0.4522562026977539,0.708044171333313,0.2725638747215271,0.5572759509086609,0.6092326045036316,0.3255305588245392
1774,Indianapolis,Median Home Value,tract,5368,189,434,LightGCN,4,0.9603409171104431,-0.713083028793335,0.4309430718421936,0.708044171333313,0.1417466253042221,0.6358727812767029,0.6136943101882935,0.3255305588245392
1775,Indianapolis,Median Home Value,tract,5368,189,434,LightGCN,5,0.9602121710777283,0.10746300220489502,0.4784107804298401,0.708044171333313,0.1558060497045517,0.53568434715271,0.602624773979187,0.3255305588245392
1776,Indianapolis,Median Home Value,tract,5368,189,434,LightGCN,6,0.9190130233764648,-0.21703624725341797,0.4744628071784973,0.708044171333313,0.2393927127122879,0.6314440965652466,0.5809494256973267,0.3255305588245392
1777,Indianapolis,Median Home Value,tract,5368,189,434,LightGCN,7,0.9297502040863037,-0.02989816665649414,0.5192726850509644,0.708044171333313,0.21778129041194916,0.5190666913986206,0.5445572137832642,0.3255305588245392
1778,Indianapolis,Median Home Value,tract,5368,189,434,LightGCN,8,0.9471715688705444,-0.6377274990081787,0.4096720218658447,0.708044171333313,0.19416376948356628,0.6426941752433777,0.6047165393829346,0.3255305588245392
1779,Indianapolis,Median Home Value,tract,5368,189,434,LightGCN,9,0.7320733070373535,-0.17040395736694336,0.3500363230705261,0.708044171333313,0.445376455783844,0.6236310005187988,0.680087685585022,0.3255305588245392
1780,Indianapolis,Median Home Value,tract,5368,189,434,Feat-LightGCN,0,0.9883467555046082,-0.06631970405578613,0.4123644232749939,0.708044171333313,0.09787623584270477,0.6246052384376526,0.6161401867866516,0.3255305588245392
1781,Indianapolis,Median Home Value,tract,5368,189,434,Feat-LightGCN,1,0.9935708045959473,-0.5505905151367188,0.3781700134277344,0.708044171333313,0.05845504254102707,0.7082591652870178,0.6475709080696106,0.3255305588245392
1782,Indianapolis,Median Home Value,tract,5368,189,434,Feat-LightGCN,2,0.9969481229782104,-0.32419705390930176,0.3893633484840393,0.708044171333313,0.05197834596037865,0.6914758682250977,0.6449917554855347,0.3255305588245392
1783,Indianapolis,Median Home Value,tract,5368,189,434,Feat-LightGCN,3,0.9847761392593384,0.20739614963531494,0.48642176389694214,0.708044171333313,0.11008526384830475,0.5171142220497131,0.5620945692062378,0.3255305588245392
1784,Indianapolis,Median Home Value,tract,5368,189,434,Feat-LightGCN,4,0.984788715839386,-0.25817155838012695,0.3778734803199768,0.708044171333313,0.10884978622198105,0.6117144823074341,0.6460988521575928,0.3255305588245392
1785,Indianapolis,Median Home Value,tract,5368,189,434,Feat-LightGCN,5,0.9969249963760376,-0.04807233810424805,0.47529858350753784,0.708044171333313,0.04299008101224899,0.5770547986030579,0.5846399068832397,0.3255305588245392
1786,Indianapolis,Median Home Value,tract,5368,189,434,Feat-LightGCN,6,0.986911416053772,-0.5798916816711426,0.312028706073761,0.708044171333313,0.11669520288705826,0.7091695666313171,0.7060048580169678,0.3255305588245392
1787,Indianapolis,Median Home Value,tract,5368,189,434,Feat-LightGCN,7,0.9957417249679565,-0.5669655799865723,0.3023778796195984,0.708044171333313,0.05099616199731827,0.7513149380683899,0.6808326840400696,0.3255305588245392
1788,Indianapolis,Median Home Value,tract,5368,189,434,Feat-LightGCN,8,0.9990174174308777,-0.05214989185333252,0.33786892890930176,0.708044171333313,0.024439947679638863,0.6012811660766602,0.6728668212890625,0.3255305588245392
1789,Indianapolis,Median Home Value,tract,5368,189,434,Feat-LightGCN,9,0.9875204563140869,-0.6155425310134888,0.3334196209907532,0.708044171333313,0.10568343102931976,0.7248038053512573,0.6848876476287842,0.3255305588245392
1790,Indianapolis,Median Home Value,tract,5368,189,434,Feat\&PC-LightGCN,0,0.9900081157684326,0.3456647992134094,0.5191597938537598,0.708044171333313,0.07934403419494629,0.5146468281745911,0.5357109904289246,0.3255305588245392
1791,Indianapolis,Median Home Value,tract,5368,189,434,Feat\&PC-LightGCN,1,0.9337828159332275,0.4789249300956726,0.5354253053665161,0.708044171333313,0.21447041630744934,0.4318031370639801,0.52192223072052,0.3255305588245392
1792,Indianapolis,Median Home Value,tract,5368,189,434,Feat\&PC-LightGCN,2,0.999140739440918,0.1915522813796997,0.5256452560424805,0.708044171333313,0.020760884508490562,0.5182604789733887,0.5177597403526306,0.3255305588245392
1793,Indianapolis,Median Home Value,tract,5368,189,434,Feat\&PC-LightGCN,3,0.9819582104682922,0.301364541053772,0.5042078495025635,0.708044171333313,0.12210042774677277,0.5069194436073303,0.5361886024475098,0.3255305588245392
1794,Indianapolis,Median Home Value,tract,5368,189,434,Feat\&PC-LightGCN,4,0.9919455051422119,0.2105323076248169,0.5205131769180298,0.708044171333313,0.0894794687628746,0.5794660449028015,0.5308262705802917,0.3255305588245392
1795,Indianapolis,Median Home Value,tract,5368,189,434,Feat\&PC-LightGCN,5,0.9965096116065979,0.3404432535171509,0.5147320032119751,0.708044171333313,0.05427352339029312,0.5040757060050964,0.5233354568481445,0.3255305588245392
1796,Indianapolis,Median Home Value,tract,5368,189,434,Feat\&PC-LightGCN,6,0.9978972673416138,0.2635805606842041,0.5262530446052551,0.708044171333313,0.029608285054564476,0.4933679401874542,0.5219401717185974,0.3255305588245392
1797,Indianapolis,Median Home Value,tract,5368,189,434,Feat\&PC-LightGCN,7,0.999060332775116,0.3964836001396179,0.5091454982757568,0.708044171333313,0.01960672065615654,0.46545174717903137,0.5297225117683411,0.3255305588245392
1798,Indianapolis,Median Home Value,tract,5368,189,434,Feat\&PC-LightGCN,8,0.9965102076530457,0.42465150356292725,0.5463333129882812,0.708044171333313,0.058782752603292465,0.45566919445991516,0.5111941695213318,0.3255305588245392
1799,Indianapolis,Median Home Value,tract,5368,189,434,Feat\&PC-LightGCN,9,0.9985780119895935,0.2388690710067749,0.5276913642883301,0.708044171333313,0.02902958355844021,0.5010331273078918,0.524398684501648,0.3255305588245392
1800,Indianapolis,Median Home Value,tract,5368,189,434,RGNN,0,0.8587239980697632,-0.16128122806549072,0.34470123052597046,0.708044171333313,0.3209254741668701,0.6445816159248352,0.697516918182373,0.3255305588245392
1801,Indianapolis,Median Home Value,tract,5368,189,434,RGNN,1,0.9284728169441223,-0.2459123134613037,0.3380514979362488,0.708044171333313,0.20395979285240173,0.6801519393920898,0.6804349422454834,0.3255305588245392
1802,Indianapolis,Median Home Value,tract,5368,189,434,RGNN,2,0.9524433016777039,-0.4252634048461914,0.3211941719055176,0.708044171333313,0.1738872528076172,0.7654244303703308,0.6815785765647888,0.3255305588245392
1803,Indianapolis,Median Home Value,tract,5368,189,434,RGNN,3,0.9344890117645264,-0.4393404722213745,0.3081800937652588,0.708044171333313,0.22412407398223877,0.7096853852272034,0.6791837215423584,0.3255305588245392
1804,Indianapolis,Median Home Value,tract,5368,189,434,RGNN,4,0.9918076395988464,0.11802887916564941,0.4097626209259033,0.708044171333313,0.07643314450979233,0.5530790090560913,0.6223109364509583,0.3255305588245392
1805,Indianapolis,Median Home Value,tract,5368,189,434,RGNN,5,0.9662060737609863,0.22629284858703613,0.39722228050231934,0.708044171333313,0.16064146161079407,0.5273293256759644,0.6387724280357361,0.3255305588245392
1806,Indianapolis,Median Home Value,tract,5368,189,434,RGNN,6,0.9622889757156372,-0.07791566848754883,0.31947654485702515,0.708044171333313,0.14106132090091705,0.6208454370498657,0.6701433062553406,0.3255305588245392
1807,Indianapolis,Median Home Value,tract,5368,189,434,RGNN,7,0.9759023785591125,0.06367480754852295,0.41482704877853394,0.708044171333313,0.12562716007232666,0.5896497964859009,0.6084400415420532,0.3255305588245392
1808,Indianapolis,Median Home Value,tract,5368,189,434,RGNN,8,0.9495876431465149,0.16074663400650024,0.3983808755874634,0.708044171333313,0.17664681375026703,0.5767247676849365,0.6366379261016846,0.3255305588245392
1809,Indianapolis,Median Home Value,tract,5368,189,434,RGNN,9,0.9773736596107483,-0.6124231815338135,0.2989060878753662,0.708044171333313,0.13143625855445862,0.7524503469467163,0.6720952987670898,0.3255305588245392
1810,Indianapolis,Median Home Value,tract,5368,189,434,Feat-RGNN,0,0.8980578184127808,-0.6153296232223511,0.2841848134994507,0.708044171333313,0.2840346693992615,0.7543057799339294,0.6930360794067383,0.3255305588245392
1811,Indianapolis,Median Home Value,tract,5368,189,434,Feat-RGNN,1,0.78484046459198,-0.03496670722961426,0.3185015320777893,0.708044171333313,0.3852722644805908,0.6236333250999451,0.7147579193115234,0.3255305588245392
1812,Indianapolis,Median Home Value,tract,5368,189,434,Feat-RGNN,2,0.9751123189926147,-0.4128957986831665,0.3839162588119507,0.708044171333313,0.1376025676727295,0.6846954226493835,0.6436992883682251,0.3255305588245392
1813,Indianapolis,Median Home Value,tract,5368,189,434,Feat-RGNN,3,0.9560644626617432,-0.4339257478713989,0.2927209138870239,0.708044171333313,0.1789015233516693,0.7070677876472473,0.6754553318023682,0.3255305588245392
1814,Indianapolis,Median Home Value,tract,5368,189,434,Feat-RGNN,4,0.9576849937438965,-0.6348357200622559,0.24249768257141113,0.708044171333313,0.16116899251937866,0.7572759389877319,0.6966921091079712,0.3255305588245392
1815,Indianapolis,Median Home Value,tract,5368,189,434,Feat-RGNN,5,0.9041852355003357,-0.3999530076980591,0.3186678886413574,0.708044171333313,0.2626059353351593,0.6954566836357117,0.6773518323898315,0.3255305588245392
1816,Indianapolis,Median Home Value,tract,5368,189,434,Feat-RGNN,6,0.8521270155906677,-0.6485399007797241,0.23043155670166016,0.708044171333313,0.335450679063797,0.754201352596283,0.7427811622619629,0.3255305588245392
1817,Indianapolis,Median Home Value,tract,5368,189,434,Feat-RGNN,7,0.9437263011932373,-0.21956539154052734,0.39152997732162476,0.708044171333313,0.208515465259552,0.7002798914909363,0.6379338502883911,0.3255305588245392
1818,Indianapolis,Median Home Value,tract,5368,189,434,Feat-RGNN,8,0.9757993221282959,-0.711544394493103,0.29854971170425415,0.708044171333313,0.12277403473854065,0.8084849715232849,0.6924135684967041,0.3255305588245392
1819,Indianapolis,Median Home Value,tract,5368,189,434,Feat-RGNN,9,0.9573304653167725,-0.10854542255401611,0.30982744693756104,0.708044171333313,0.18903647363185883,0.6358603835105896,0.676849901676178,0.3255305588245392
1820,Indianapolis,Median Home Value,tract,5368,189,434,Feat\&PC-RGNN,0,0.9572429060935974,-0.3827759027481079,0.34136879444122314,0.708044171333313,0.1892576962709427,0.690162181854248,0.6535904407501221,0.3255305588245392
1821,Indianapolis,Median Home Value,tract,5368,189,434,Feat\&PC-RGNN,1,0.9171232581138611,-0.6605914831161499,0.27574974298477173,0.708044171333313,0.25185948610305786,0.7815914750099182,0.7009066343307495,0.3255305588245392
1822,Indianapolis,Median Home Value,tract,5368,189,434,Feat\&PC-RGNN,2,0.9640416502952576,0.2556267976760864,0.3927552103996277,0.708044171333313,0.16873681545257568,0.5178945660591125,0.5953758955001831,0.3255305588245392
1823,Indianapolis,Median Home Value,tract,5368,189,434,Feat\&PC-RGNN,3,0.8968705534934998,0.017756104469299316,0.32627958059310913,0.708044171333313,0.2773857116699219,0.590242862701416,0.6540331840515137,0.3255305588245392
1824,Indianapolis,Median Home Value,tract,5368,189,434,Feat\&PC-RGNN,4,0.9484610557556152,0.014999091625213623,0.3970855474472046,0.708044171333313,0.1886221468448639,0.6268007159233093,0.6177034974098206,0.3255305588245392
1825,Indianapolis,Median Home Value,tract,5368,189,434,Feat\&PC-RGNN,5,0.9488295316696167,-0.21517527103424072,0.3938242197036743,0.708044171333313,0.20714035630226135,0.6562791466712952,0.624238908290863,0.3255305588245392
1826,Indianapolis,Median Home Value,tract,5368,189,434,Feat\&PC-RGNN,6,0.9783843159675598,-0.027521967887878418,0.3320281505584717,0.708044171333313,0.1359102427959442,0.6631469130516052,0.646044909954071,0.3255305588245392
1827,Indianapolis,Median Home Value,tract,5368,189,434,Feat\&PC-RGNN,7,0.8964020013809204,0.032585740089416504,0.38340431451797485,0.708044171333313,0.3073205053806305,0.5993921160697937,0.6433866024017334,0.3255305588245392
1828,Indianapolis,Median Home Value,tract,5368,189,434,Feat\&PC-RGNN,8,0.9265438914299011,-0.1356137990951538,0.4016677737236023,0.708044171333313,0.2227371484041214,0.6679399609565735,0.6406815052032471,0.3255305588245392
1829,Indianapolis,Median Home Value,tract,5368,189,434,Feat\&PC-RGNN,9,0.9707370400428772,0.12097257375717163,0.41593772172927856,0.708044171333313,0.13423223793506622,0.5538870096206665,0.6005054712295532,0.3255305588245392
1830,Indianapolis,Median Home Value,tract,5368,189,434,NoPreTrain,0,0.9998817443847656,-0.7942447662353516,0.189450204372406,0.708044171333313,0.008635252714157104,0.8609582185745239,0.7622041702270508,0.3255305588245392
1831,Indianapolis,Median Home Value,tract,5368,189,434,NoPreTrain,1,0.997887134552002,-1.0611486434936523,0.154141366481781,0.708044171333313,0.04705425351858139,0.8496460318565369,0.7891646027565002,0.3255305588245392
1832,Indianapolis,Median Home Value,tract,5368,189,434,NoPreTrain,2,0.9998513460159302,-2.0266530513763428,0.24330347776412964,0.708044171333313,0.010268163867294788,0.9792186617851257,0.7388567328453064,0.3255305588245392
1833,Indianapolis,Median Home Value,tract,5368,189,434,NoPreTrain,3,0.9998854398727417,-0.8847235441207886,0.2295825481414795,0.708044171333313,0.008481396362185478,0.8010404109954834,0.756557822227478,0.3255305588245392
1834,Indianapolis,Median Home Value,tract,5368,189,434,NoPreTrain,4,0.9991583228111267,-0.06934094429016113,0.3208352327346802,0.708044171333313,0.029982790350914,0.6503908634185791,0.7229514122009277,0.3255305588245392
1835,Indianapolis,Median Home Value,tract,5368,189,434,NoPreTrain,5,0.9996673464775085,-0.7402654886245728,0.27076441049575806,0.708044171333313,0.01648959331214428,0.7812501192092896,0.726302444934845,0.3255305588245392
1836,Indianapolis,Median Home Value,tract,5368,189,434,NoPreTrain,6,0.9998367428779602,-1.3234639167785645,0.10245335102081299,0.708044171333313,0.011361191980540752,0.9924982190132141,0.8521177172660828,0.3255305588245392
1837,Indianapolis,Median Home Value,tract,5368,189,434,NoPreTrain,7,0.9985479712486267,-2.9123077392578125,0.1312670111656189,0.708044171333313,0.03879398852586746,1.1846923828125,0.8230673670768738,0.3255305588245392
1838,Indianapolis,Median Home Value,tract,5368,189,434,NoPreTrain,8,0.9989850521087646,-1.4515807628631592,0.07689690589904785,0.708044171333313,0.0326247364282608,0.9265811443328857,0.8600407838821411,0.3255305588245392
1839,Indianapolis,Median Home Value,tract,5368,189,434,NoPreTrain,9,0.9998542070388794,-0.3216904401779175,0.2691674828529358,0.708044171333313,0.010457896627485752,0.7072964906692505,0.7504097819328308,0.3255305588245392
1840,Indianapolis,Median Age,tract,5834,193,463,Emb,0,0.9945039749145508,0.09720510244369507,0.12037771940231323,0.3283692002296448,0.06527906656265259,0.8301262259483337,1.0407276153564453,0.8199748992919922
1841,Indianapolis,Median Age,tract,5834,193,463,Emb,1,0.9991305470466614,-0.22362911701202393,0.01506948471069336,0.3283692002296448,0.027216508984565735,0.9406716823577881,1.1048094034194946,0.8199748992919922
1842,Indianapolis,Median Age,tract,5834,193,463,Emb,2,0.9999435544013977,-0.2766014337539673,0.08821988105773926,0.3283692002296448,0.004952457267791033,1.0162256956100464,1.0632638931274414,0.8199748992919922
1843,Indianapolis,Median Age,tract,5834,193,463,Emb,3,0.9998148083686829,-0.21436679363250732,0.020842254161834717,0.3283692002296448,0.008203468285501003,0.9833921790122986,1.0998324155807495,0.8199748992919922
1844,Indianapolis,Median Age,tract,5834,193,463,Emb,4,0.9998969435691833,-0.17536962032318115,0.07273739576339722,0.3283692002296448,0.007133895065635443,0.96133953332901,1.0960359573364258,0.8199748992919922
1845,Indianapolis,Median Age,tract,5834,193,463,Emb,5,0.9777851700782776,-0.19300591945648193,0.042204201221466064,0.3283692002296448,0.13669869303703308,0.9219778180122375,1.091986894607544,0.8199748992919922
1846,Indianapolis,Median Age,tract,5834,193,463,Emb,6,0.99921053647995,-0.1087489128112793,0.07401233911514282,0.3283692002296448,0.023720020428299904,0.8916963338851929,1.0719053745269775,0.8199748992919922
1847,Indianapolis,Median Age,tract,5834,193,463,Emb,7,0.9992614984512329,-0.31712615489959717,0.05747675895690918,0.3283692002296448,0.02429482713341713,0.998863697052002,1.0798593759536743,0.8199748992919922
1848,Indianapolis,Median Age,tract,5834,193,463,Emb,8,0.9994519948959351,-0.1453409194946289,0.07217401266098022,0.3283692002296448,0.01989021897315979,0.9225390553474426,1.0660388469696045,0.8199748992919922
1849,Indianapolis,Median Age,tract,5834,193,463,Emb,9,0.9983471632003784,-0.329150915145874,0.04715275764465332,0.3283692002296448,0.03668500483036041,1.036812663078308,1.1044033765792847,0.8199748992919922
1850,Indianapolis,Median Age,tract,5834,193,463,LightGCN,0,0.9719523191452026,-0.14906084537506104,0.1528589129447937,0.3283692002296448,0.11648978292942047,0.9432430863380432,1.0352457761764526,0.8199748992919922
1851,Indianapolis,Median Age,tract,5834,193,463,LightGCN,1,0.969510018825531,0.09600383043289185,0.21377146244049072,0.3283692002296448,0.12004968523979187,0.8317441940307617,0.975480318069458,0.8199748992919922
1852,Indianapolis,Median Age,tract,5834,193,463,LightGCN,2,0.9527601599693298,-0.07075345516204834,0.14990538358688354,0.3283692002296448,0.18936285376548767,0.9152141213417053,1.026030421257019,0.8199748992919922
1853,Indianapolis,Median Age,tract,5834,193,463,LightGCN,3,0.9207820296287537,0.08495533466339111,0.22090530395507812,0.3283692002296448,0.21730060875415802,0.841019332408905,0.9919116497039795,0.8199748992919922
1854,Indianapolis,Median Age,tract,5834,193,463,LightGCN,4,0.9847338795661926,0.03334510326385498,0.18488526344299316,0.3283692002296448,0.08933030068874359,0.8620878458023071,0.9958592057228088,0.8199748992919922
1855,Indianapolis,Median Age,tract,5834,193,463,LightGCN,5,0.9948858618736267,0.17958712577819824,0.11938923597335815,0.3283692002296448,0.04607954993844032,0.8149954080581665,1.0592340230941772,0.8199748992919922
1856,Indianapolis,Median Age,tract,5834,193,463,LightGCN,6,0.9695771932601929,0.10193544626235962,0.21090590953826904,0.3283692002296448,0.14115549623966217,0.8359732031822205,0.9783143401145935,0.8199748992919922
1857,Indianapolis,Median Age,tract,5834,193,463,LightGCN,7,0.9211596250534058,0.10863488912582397,0.22477102279663086,0.3283692002296448,0.22422324120998383,0.805047869682312,0.979232907295227,0.8199748992919922
1858,Indianapolis,Median Age,tract,5834,193,463,LightGCN,8,0.9688549637794495,-0.06592297554016113,0.16002851724624634,0.3283692002296448,0.1376725733280182,0.9301134943962097,1.027620792388916,0.8199748992919922
1859,Indianapolis,Median Age,tract,5834,193,463,LightGCN,9,0.9481977224349976,-0.14467906951904297,0.15638816356658936,0.3283692002296448,0.17332324385643005,0.9303173422813416,1.0209815502166748,0.8199748992919922
1860,Indianapolis,Median Age,tract,5834,193,463,Feat-LightGCN,0,0.9983614683151245,-0.06798410415649414,0.131797194480896,0.3283692002296448,0.03593132644891739,0.8788530230522156,1.04209566116333,0.8199748992919922
1861,Indianapolis,Median Age,tract,5834,193,463,Feat-LightGCN,1,0.9948709607124329,-0.14056718349456787,0.10914397239685059,0.3283692002296448,0.06533192098140717,0.9527040123939514,1.0492510795593262,0.8199748992919922
1862,Indianapolis,Median Age,tract,5834,193,463,Feat-LightGCN,2,0.9793193936347961,0.11376863718032837,0.16221392154693604,0.3283692002296448,0.13092316687107086,0.8332741856575012,1.0114771127700806,0.8199748992919922
1863,Indianapolis,Median Age,tract,5834,193,463,Feat-LightGCN,3,0.9946997165679932,0.0015603303909301758,0.12057584524154663,0.3283692002296448,0.06426127254962921,0.8368774056434631,1.0482044219970703,0.8199748992919922
1864,Indianapolis,Median Age,tract,5834,193,463,Feat-LightGCN,4,0.9920650124549866,0.01753336191177368,0.12244951725006104,0.3283692002296448,0.08346185088157654,0.874647855758667,1.041961431503296,0.8199748992919922
1865,Indianapolis,Median Age,tract,5834,193,463,Feat-LightGCN,5,0.9774525165557861,-0.060251593589782715,0.09789955615997314,0.3283692002296448,0.14399898052215576,0.9416427612304688,1.0518479347229004,0.8199748992919922
1866,Indianapolis,Median Age,tract,5834,193,463,Feat-LightGCN,6,0.9812979102134705,-0.13160920143127441,0.06739699840545654,0.3283692002296448,0.12308906018733978,0.930003821849823,1.0954880714416504,0.8199748992919922
1867,Indianapolis,Median Age,tract,5834,193,463,Feat-LightGCN,7,0.992783784866333,-0.0025920867919921875,0.07445955276489258,0.3283692002296448,0.07453450560569763,0.8553997874259949,1.0846143960952759,0.8199748992919922
1868,Indianapolis,Median Age,tract,5834,193,463,Feat-LightGCN,8,0.9941432476043701,-0.05534541606903076,0.1608506441116333,0.3283692002296448,0.06493818759918213,0.8577380180358887,1.0191586017608643,0.8199748992919922
1869,Indianapolis,Median Age,tract,5834,193,463,Feat-LightGCN,9,0.9922792911529541,-0.16194677352905273,0.09627014398574829,0.3283692002296448,0.08126562088727951,0.9679197669029236,1.059364914894104,0.8199748992919922
1870,Indianapolis,Median Age,tract,5834,193,463,Feat\&PC-LightGCN,0,0.9938668012619019,-0.3097463846206665,0.09904301166534424,0.3283692002296448,0.05481880530714989,1.0158089399337769,1.0579426288604736,0.8199748992919922
1871,Indianapolis,Median Age,tract,5834,193,463,Feat\&PC-LightGCN,1,0.9948872923851013,0.05882304906845093,0.16359281539916992,0.3283692002296448,0.06299751251935959,0.8269331455230713,1.0101929903030396,0.8199748992919922
1872,Indianapolis,Median Age,tract,5834,193,463,Feat\&PC-LightGCN,2,0.997199296951294,-0.03825342655181885,0.12736308574676514,0.3283692002296448,0.044075947254896164,0.9451314210891724,1.0473541021347046,0.8199748992919922
1873,Indianapolis,Median Age,tract,5834,193,463,Feat\&PC-LightGCN,3,0.9896278977394104,-0.08508801460266113,0.10190427303314209,0.3283692002296448,0.09182845801115036,0.9688319563865662,1.0644261837005615,0.8199748992919922
1874,Indianapolis,Median Age,tract,5834,193,463,Feat\&PC-LightGCN,4,0.99980628490448,0.20658373832702637,0.1377069354057312,0.3283692002296448,0.009926995262503624,0.7774638533592224,1.033742070198059,0.8199748992919922
1875,Indianapolis,Median Age,tract,5834,193,463,Feat\&PC-LightGCN,5,0.9934149384498596,0.08162546157836914,0.1442718505859375,0.3283692002296448,0.06788092106580734,0.8273281455039978,1.031270146369934,0.8199748992919922
1876,Indianapolis,Median Age,tract,5834,193,463,Feat\&PC-LightGCN,6,0.9950369596481323,-0.04078269004821777,0.13955682516098022,0.3283692002296448,0.04999696463346481,0.9311712384223938,1.0293464660644531,0.8199748992919922
1877,Indianapolis,Median Age,tract,5834,193,463,Feat\&PC-LightGCN,7,0.9882330894470215,0.03612154722213745,0.15621882677078247,0.3283692002296448,0.08901126682758331,0.8502218723297119,1.0192259550094604,0.8199748992919922
1878,Indianapolis,Median Age,tract,5834,193,463,Feat\&PC-LightGCN,8,0.9970728754997253,0.10450851917266846,0.1312580108642578,0.3283692002296448,0.04389919713139534,0.848683774471283,1.0459926128387451,0.8199748992919922
1879,Indianapolis,Median Age,tract,5834,193,463,Feat\&PC-LightGCN,9,0.9978691935539246,-0.11985635757446289,0.1136903166770935,0.3283692002296448,0.03260185569524765,0.9649441242218018,1.069874882698059,0.8199748992919922
1880,Indianapolis,Median Age,tract,5834,193,463,RGNN,0,0.9710890054702759,-0.11244964599609375,-0.2183617353439331,0.3283692002296448,0.12253773957490921,0.9208217263221741,1.235032558441162,0.8199748992919922
1881,Indianapolis,Median Age,tract,5834,193,463,RGNN,1,0.9784482717514038,-0.08654356002807617,-0.08466458320617676,0.3283692002296448,0.10184382647275925,0.8732568621635437,1.1773507595062256,0.8199748992919922
1882,Indianapolis,Median Age,tract,5834,193,463,RGNN,2,0.9803668260574341,-0.2616206407546997,-0.009350895881652832,0.3283692002296448,0.09974578768014908,0.9606262445449829,1.1570971012115479,0.8199748992919922
1883,Indianapolis,Median Age,tract,5834,193,463,RGNN,3,0.9927123188972473,-0.11940312385559082,-0.08516716957092285,0.3283692002296448,0.04955390840768814,0.9676675796508789,1.1919430494308472,0.8199748992919922
1884,Indianapolis,Median Age,tract,5834,193,463,RGNN,4,0.9445403814315796,-0.2355964183807373,-0.010857701301574707,0.3283692002296448,0.1658899039030075,0.948261559009552,1.1273273229599,0.8199748992919922
1885,Indianapolis,Median Age,tract,5834,193,463,RGNN,5,0.9729194641113281,-0.37519848346710205,-0.017630934715270996,0.3283692002296448,0.12643693387508392,1.0355159044265747,1.125673770904541,0.8199748992919922
1886,Indianapolis,Median Age,tract,5834,193,463,RGNN,6,0.9289224147796631,-0.09734475612640381,-0.037911176681518555,0.3283692002296448,0.2033761888742447,0.8514366149902344,1.162262201309204,0.8199748992919922
1887,Indianapolis,Median Age,tract,5834,193,463,RGNN,7,0.9844473600387573,-0.24341237545013428,0.02016967535018921,0.3283692002296448,0.08562931418418884,0.89704829454422,1.111223816871643,0.8199748992919922
1888,Indianapolis,Median Age,tract,5834,193,463,RGNN,8,0.95999675989151,-0.36707234382629395,-0.1446213722229004,0.3283692002296448,0.16685010492801666,1.06148362159729,1.2392536401748657,0.8199748992919922
1889,Indianapolis,Median Age,tract,5834,193,463,RGNN,9,0.988115668296814,-0.16406595706939697,-0.05580925941467285,0.3283692002296448,0.07338646799325943,0.9123919606208801,1.1342960596084595,0.8199748992919922
1890,Indianapolis,Median Age,tract,5834,193,463,Feat-RGNN,0,0.7810962796211243,-0.027482271194458008,-0.0604252815246582,0.3283692002296448,0.3463161885738373,0.8466798663139343,1.1865917444229126,0.8199748992919922
1891,Indianapolis,Median Age,tract,5834,193,463,Feat-RGNN,1,0.849524974822998,-0.16144192218780518,-0.18376481533050537,0.3283692002296448,0.2690211832523346,0.911932110786438,1.2401518821716309,0.8199748992919922
1892,Indianapolis,Median Age,tract,5834,193,463,Feat-RGNN,2,0.9909204244613647,-0.25712597370147705,-0.21526777744293213,0.3283692002296448,0.05616503953933716,1.017560601234436,1.2609796524047852,0.8199748992919922
1893,Indianapolis,Median Age,tract,5834,193,463,Feat-RGNN,3,0.8548200130462646,0.013594448566436768,0.07035577297210693,0.3283692002296448,0.2852235734462738,0.8487768769264221,1.0791571140289307,0.8199748992919922
1894,Indianapolis,Median Age,tract,5834,193,463,Feat-RGNN,4,0.9247180819511414,-0.3775601387023926,-0.08413529396057129,0.3283692002296448,0.23842553794384003,1.0533943176269531,1.172192096710205,0.8199748992919922
1895,Indianapolis,Median Age,tract,5834,193,463,Feat-RGNN,5,0.744743824005127,-0.36307835578918457,-0.17624986171722412,0.3283692002296448,0.3575468361377716,0.9842878580093384,1.2357125282287598,0.8199748992919922
1896,Indianapolis,Median Age,tract,5834,193,463,Feat-RGNN,6,0.7991541624069214,0.010199666023254395,0.024339914321899414,0.3283692002296448,0.3263792097568512,0.8115562200546265,1.1293821334838867,0.8199748992919922
1897,Indianapolis,Median Age,tract,5834,193,463,Feat-RGNN,7,0.9291128516197205,-0.0308382511138916,-0.0035288333892822266,0.3283692002296448,0.19046758115291595,0.8112107515335083,1.1319608688354492,0.8199748992919922
1898,Indianapolis,Median Age,tract,5834,193,463,Feat-RGNN,8,0.8672093152999878,-0.025601506233215332,-0.010607123374938965,0.3283692002296448,0.27187180519104004,0.8279133439064026,1.13923978805542,0.8199748992919922
1899,Indianapolis,Median Age,tract,5834,193,463,Feat-RGNN,9,0.8253350257873535,-0.39235925674438477,-0.08572983741760254,0.3283692002296448,0.351016104221344,1.040017008781433,1.2202448844909668,0.8199748992919922
1900,Indianapolis,Median Age,tract,5834,193,463,Feat\&PC-RGNN,0,0.7742765545845032,-0.3362191915512085,-0.049980759620666504,0.3283692002296448,0.3564928472042084,0.9739329814910889,1.1604526042938232,0.8199748992919922
1901,Indianapolis,Median Age,tract,5834,193,463,Feat\&PC-RGNN,1,0.7544955611228943,-0.6869012117385864,-0.08228051662445068,0.3283692002296448,0.387010395526886,1.1191328763961792,1.1823242902755737,0.8199748992919922
1902,Indianapolis,Median Age,tract,5834,193,463,Feat\&PC-RGNN,2,0.913379430770874,-0.5564939975738525,-0.002744317054748535,0.3283692002296448,0.21977196633815765,1.0551190376281738,1.1122276782989502,0.8199748992919922
1903,Indianapolis,Median Age,tract,5834,193,463,Feat\&PC-RGNN,3,0.9744260311126709,-0.447243332862854,0.016363024711608887,0.3283692002296448,0.1248142197728157,0.999294102191925,1.1121242046356201,0.8199748992919922
1904,Indianapolis,Median Age,tract,5834,193,463,Feat\&PC-RGNN,4,0.7826489210128784,-0.6417065858840942,-0.10562789440155029,0.3283692002296448,0.3606720566749573,1.0795378684997559,1.1773098707199097,0.8199748992919922
1905,Indianapolis,Median Age,tract,5834,193,463,Feat\&PC-RGNN,5,0.8853445053100586,-0.5126975774765015,-0.03193235397338867,0.3283692002296448,0.1996738314628601,1.0894423723220825,1.149735450744629,0.8199748992919922
1906,Indianapolis,Median Age,tract,5834,193,463,Feat\&PC-RGNN,6,0.8986304402351379,-0.8790467977523804,-0.03968620300292969,0.3283692002296448,0.22591890394687653,1.2035095691680908,1.133054256439209,0.8199748992919922
1907,Indianapolis,Median Age,tract,5834,193,463,Feat\&PC-RGNN,7,0.9497766494750977,-0.3597753047943115,-0.00777590274810791,0.3283692002296448,0.15611764788627625,1.0159369707107544,1.1108810901641846,0.8199748992919922
1908,Indianapolis,Median Age,tract,5834,193,463,Feat\&PC-RGNN,8,0.9519490003585815,-0.37731432914733887,-0.17001056671142578,0.3283692002296448,0.1436922699213028,0.9963703751564026,1.233068823814392,0.8199748992919922
1909,Indianapolis,Median Age,tract,5834,193,463,Feat\&PC-RGNN,9,0.923382580280304,-0.45284318923950195,-0.06487107276916504,0.3283692002296448,0.1955937147140503,1.0257203578948975,1.1504523754119873,0.8199748992919922
1910,Indianapolis,Median Age,tract,5834,193,463,NoPreTrain,0,0.9995039701461792,-0.5018079280853271,-0.09338319301605225,0.3283692002296448,0.019012656062841415,1.0894874334335327,1.2041925191879272,0.8199748992919922
1911,Indianapolis,Median Age,tract,5834,193,463,NoPreTrain,1,0.9998462796211243,-0.8899509906768799,-0.1859527826309204,0.3283692002296448,0.008678947575390339,1.2252007722854614,1.2546314001083374,0.8199748992919922
1912,Indianapolis,Median Age,tract,5834,193,463,NoPreTrain,2,0.9991562366485596,-0.9067444801330566,-0.11895930767059326,0.3283692002296448,0.02642303891479969,1.19394850730896,1.1914088726043701,0.8199748992919922
1913,Indianapolis,Median Age,tract,5834,193,463,NoPreTrain,3,0.99695885181427,-0.5786828994750977,0.07373267412185669,0.3283692002296448,0.05068349093198776,1.0804822444915771,1.0815966129302979,0.8199748992919922
1914,Indianapolis,Median Age,tract,5834,193,463,NoPreTrain,4,0.9990608096122742,-0.36035311222076416,0.05859619379043579,0.3283692002296448,0.028492338955402374,0.9863083958625793,1.1232197284698486,0.8199748992919922
1915,Indianapolis,Median Age,tract,5834,193,463,NoPreTrain,5,0.9952788949012756,-0.44031763076782227,0.034613847732543945,0.3283692002296448,0.06463254988193512,1.0670567750930786,1.1455698013305664,0.8199748992919922
1916,Indianapolis,Median Age,tract,5834,193,463,NoPreTrain,6,0.9851548075675964,-0.3374927043914795,-0.10350000858306885,0.3283692002296448,0.1155097484588623,0.9973637461662292,1.2187162637710571,0.8199748992919922
1917,Indianapolis,Median Age,tract,5834,193,463,NoPreTrain,7,0.9955514669418335,-0.2236185073852539,0.019556283950805664,0.3283692002296448,0.06338011473417282,1.0024173259735107,1.086410403251648,0.8199748992919922
1918,Indianapolis,Median Age,tract,5834,193,463,NoPreTrain,8,0.9986904859542847,-0.9466335773468018,-0.046471357345581055,0.3283692002296448,0.033115725964307785,1.2490023374557495,1.1753729581832886,0.8199748992919922
1919,Indianapolis,Median Age,tract,5834,193,463,NoPreTrain,9,0.9994179606437683,-0.37624669075012207,-0.024165868759155273,0.3283692002296448,0.020593179389834404,0.989350438117981,1.1493282318115234,0.8199748992919922
1920,Nashville,Median Income,tract,5928,160,380,Emb,0,0.9981381893157959,-0.055136680603027344,0.31366509199142456,0.6044222712516785,0.03386944532394409,0.9643641114234924,0.7188428640365601,0.48717498779296875
1921,Nashville,Median Income,tract,5928,160,380,Emb,1,0.9997983574867249,-0.13747167587280273,0.27943992614746094,0.6044222712516785,0.010041175410151482,1.0293262004852295,0.7395694255828857,0.48717498779296875
1922,Nashville,Median Income,tract,5928,160,380,Emb,2,0.9950460195541382,-0.13832342624664307,0.275934100151062,0.6044222712516785,0.06427395343780518,0.9963161945343018,0.7233419418334961,0.48717498779296875
1923,Nashville,Median Income,tract,5928,160,380,Emb,3,0.9986639022827148,-0.1931006908416748,0.2640421986579895,0.6044222712516785,0.03239769488573074,0.9946069717407227,0.7341035604476929,0.48717498779296875
1924,Nashville,Median Income,tract,5928,160,380,Emb,4,0.9995203018188477,-0.26333868503570557,0.20858097076416016,0.6044222712516785,0.013479029759764671,1.0965890884399414,0.7840474843978882,0.48717498779296875
1925,Nashville,Median Income,tract,5928,160,380,Emb,5,0.9948136210441589,-0.20257925987243652,0.2571988105773926,0.6044222712516785,0.06255310028791428,1.0474369525909424,0.7624139189720154,0.48717498779296875
1926,Nashville,Median Income,tract,5928,160,380,Emb,6,0.9967821836471558,-0.18547403812408447,0.25781941413879395,0.6044222712516785,0.05067075788974762,1.0685944557189941,0.7532483339309692,0.48717498779296875
1927,Nashville,Median Income,tract,5928,160,380,Emb,7,0.9926757216453552,-0.219215989112854,0.2766386866569519,0.6044222712516785,0.06510047614574432,1.017679214477539,0.7260210514068604,0.48717498779296875
1928,Nashville,Median Income,tract,5928,160,380,Emb,8,0.9982112646102905,-0.2627403736114502,0.22710585594177246,0.6044222712516785,0.036295756697654724,1.0412280559539795,0.7735269665718079,0.48717498779296875
1929,Nashville,Median Income,tract,5928,160,380,Emb,9,0.9982221126556396,-0.15222132205963135,0.24981629848480225,0.6044222712516785,0.03620290383696556,1.050702691078186,0.7547088861465454,0.48717498779296875
1930,Nashville,Median Income,tract,5928,160,380,LightGCN,0,0.9807225465774536,0.13216805458068848,0.39323532581329346,0.6044222712516785,0.1069125384092331,0.8345555663108826,0.6643359661102295,0.48717498779296875
1931,Nashville,Median Income,tract,5928,160,380,LightGCN,1,0.9888644218444824,0.2834204435348511,0.4017423987388611,0.6044222712516785,0.08456370234489441,0.7606503963470459,0.6682722568511963,0.48717498779296875
1932,Nashville,Median Income,tract,5928,160,380,LightGCN,2,0.9832932949066162,0.15726327896118164,0.37659066915512085,0.6044222712516785,0.09138739109039307,0.8251791000366211,0.6876944303512573,0.48717498779296875
1933,Nashville,Median Income,tract,5928,160,380,LightGCN,3,0.9790079593658447,0.12355256080627441,0.39349234104156494,0.6044222712516785,0.10434338450431824,0.8602972030639648,0.6712945103645325,0.48717498779296875
1934,Nashville,Median Income,tract,5928,160,380,LightGCN,4,0.9783591628074646,0.14812809228897095,0.32374417781829834,0.6044222712516785,0.09766095876693726,0.8281247019767761,0.7054973244667053,0.48717498779296875
1935,Nashville,Median Income,tract,5928,160,380,LightGCN,5,0.9938954710960388,0.31332170963287354,0.41088998317718506,0.6044222712516785,0.07062336802482605,0.7257893085479736,0.6591366529464722,0.48717498779296875
1936,Nashville,Median Income,tract,5928,160,380,LightGCN,6,0.7586793303489685,-0.037674903869628906,0.2047061324119568,0.6044222712516785,0.4231988191604614,1.0200419425964355,0.7926272749900818,0.48717498779296875
1937,Nashville,Median Income,tract,5928,160,380,LightGCN,7,0.9727879166603088,0.13255006074905396,0.32894420623779297,0.6044222712516785,0.12629155814647675,0.8385222554206848,0.7092980742454529,0.48717498779296875
1938,Nashville,Median Income,tract,5928,160,380,LightGCN,8,0.972352921962738,0.14611804485321045,0.3575093150138855,0.6044222712516785,0.12414611876010895,0.792286217212677,0.6750088334083557,0.48717498779296875
1939,Nashville,Median Income,tract,5928,160,380,LightGCN,9,0.9789546728134155,0.17638230323791504,0.37546730041503906,0.6044222712516785,0.10441048443317413,0.8251392841339111,0.6714955568313599,0.48717498779296875
1940,Nashville,Median Income,tract,5928,160,380,Feat-LightGCN,0,0.9977135062217712,0.036458492279052734,0.3252660632133484,0.6044222712516785,0.03041580505669117,0.9626650810241699,0.7125834226608276,0.48717498779296875
1941,Nashville,Median Income,tract,5928,160,380,Feat-LightGCN,1,0.9974213242530823,0.0785641074180603,0.3255579471588135,0.6044222712516785,0.04153101146221161,0.9769104719161987,0.7273411154747009,0.48717498779296875
1942,Nashville,Median Income,tract,5928,160,380,Feat-LightGCN,2,0.9964937567710876,-0.05794787406921387,0.2821527123451233,0.6044222712516785,0.04757862538099289,0.9762699604034424,0.7525389790534973,0.48717498779296875
1943,Nashville,Median Income,tract,5928,160,380,Feat-LightGCN,3,0.9918740391731262,0.08986777067184448,0.3388406038284302,0.6044222712516785,0.0731029137969017,0.8935418128967285,0.7126478552818298,0.48717498779296875
1944,Nashville,Median Income,tract,5928,160,380,Feat-LightGCN,4,0.9967131614685059,0.06932365894317627,0.32589542865753174,0.6044222712516785,0.03751760348677635,0.9705349206924438,0.7216103076934814,0.48717498779296875
1945,Nashville,Median Income,tract,5928,160,380,Feat-LightGCN,5,0.9223293662071228,0.06631797552108765,0.2594243884086609,0.6044222712516785,0.24792546033859253,0.9226552248001099,0.7800294756889343,0.48717498779296875
1946,Nashville,Median Income,tract,5928,160,380,Feat-LightGCN,6,0.994336724281311,0.08532565832138062,0.3207542896270752,0.6044222712516785,0.05908144265413284,0.8887367248535156,0.7287433743476868,0.48717498779296875
1947,Nashville,Median Income,tract,5928,160,380,Feat-LightGCN,7,0.996109127998352,0.03734320402145386,0.3219134211540222,0.6044222712516785,0.03931359201669693,0.9875097870826721,0.7194706797599792,0.48717498779296875
1948,Nashville,Median Income,tract,5928,160,380,Feat-LightGCN,8,0.9925419688224792,0.08514899015426636,0.32459932565689087,0.6044222712516785,0.06010200083255768,0.9417346715927124,0.7238521575927734,0.48717498779296875
1949,Nashville,Median Income,tract,5928,160,380,Feat-LightGCN,9,0.9953768849372864,0.1108589768409729,0.3383283019065857,0.6044222712516785,0.05224824696779251,0.9145033359527588,0.7155577540397644,0.48717498779296875
1950,Nashville,Median Income,tract,5928,160,380,Feat\&PC-LightGCN,0,0.9960497617721558,0.029551386833190918,0.3824716806411743,0.6044222712516785,0.0465773344039917,0.9366296529769897,0.6768824458122253,0.48717498779296875
1951,Nashville,Median Income,tract,5928,160,380,Feat\&PC-LightGCN,1,0.9984893202781677,0.08835399150848389,0.3873617649078369,0.6044222712516785,0.024178998544812202,0.8605901598930359,0.6632819175720215,0.48717498779296875
1952,Nashville,Median Income,tract,5928,160,380,Feat\&PC-LightGCN,2,0.9927241206169128,0.07701009511947632,0.4029618501663208,0.6044222712516785,0.06359559297561646,0.9344321489334106,0.676382303237915,0.48717498779296875
1953,Nashville,Median Income,tract,5928,160,380,Feat\&PC-LightGCN,3,0.9463549256324768,0.04645395278930664,0.3772992491722107,0.6044222712516785,0.1808333545923233,0.9704411029815674,0.6749159693717957,0.48717498779296875
1954,Nashville,Median Income,tract,5928,160,380,Feat\&PC-LightGCN,4,0.9959700107574463,0.018235623836517334,0.3805587887763977,0.6044222712516785,0.03932798653841019,0.9095149636268616,0.6669042706489563,0.48717498779296875
1955,Nashville,Median Income,tract,5928,160,380,Feat\&PC-LightGCN,5,0.9976097345352173,0.08379411697387695,0.3978450894355774,0.6044222712516785,0.03905295580625534,0.8590153455734253,0.6578389406204224,0.48717498779296875
1956,Nashville,Median Income,tract,5928,160,380,Feat\&PC-LightGCN,6,0.9438591599464417,0.11043846607208252,0.36243122816085815,0.6044222712516785,0.19777432084083557,0.924730658531189,0.6813194155693054,0.48717498779296875
1957,Nashville,Median Income,tract,5928,160,380,Feat\&PC-LightGCN,7,0.9984377026557922,0.1023285984992981,0.3856717348098755,0.6044222712516785,0.03025919198989868,0.9095437526702881,0.6661232113838196,0.48717498779296875
1958,Nashville,Median Income,tract,5928,160,380,Feat\&PC-LightGCN,8,0.9996791481971741,0.1225082278251648,0.39577919244766235,0.6044222712516785,0.014719674363732338,0.8194597363471985,0.6473268270492554,0.48717498779296875
1959,Nashville,Median Income,tract,5928,160,380,Feat\&PC-LightGCN,9,0.9955922961235046,0.03233933448791504,0.3784000873565674,0.6044222712516785,0.04394125938415527,0.9787997603416443,0.6730479001998901,0.48717498779296875
1960,Nashville,Median Income,tract,5928,160,380,RGNN,0,0.9930683970451355,0.2677897810935974,0.30456453561782837,0.6044222712516785,0.05203656852245331,0.8529349565505981,0.7499701380729675,0.48717498779296875
1961,Nashville,Median Income,tract,5928,160,380,RGNN,1,0.9635240435600281,0.05176156759262085,0.2243863344192505,0.6044222712516785,0.13369297981262207,1.0286270380020142,0.7821070551872253,0.48717498779296875
1962,Nashville,Median Income,tract,5928,160,380,RGNN,2,0.9309844970703125,0.22854900360107422,0.2571614980697632,0.6044222712516785,0.19182348251342773,0.9258136749267578,0.7698730230331421,0.48717498779296875
1963,Nashville,Median Income,tract,5928,160,380,RGNN,3,0.994081974029541,0.23769277334213257,0.31671392917633057,0.6044222712516785,0.05700996518135071,0.9210792779922485,0.7491229176521301,0.48717498779296875
1964,Nashville,Median Income,tract,5928,160,380,RGNN,4,0.9904803037643433,0.23403477668762207,0.3714713454246521,0.6044222712516785,0.07207798957824707,0.873538613319397,0.6910710334777832,0.48717498779296875
1965,Nashville,Median Income,tract,5928,160,380,RGNN,5,0.9190595149993896,0.1579088568687439,0.28270697593688965,0.6044222712516785,0.21035359799861908,0.9771628379821777,0.759064793586731,0.48717498779296875
1966,Nashville,Median Income,tract,5928,160,380,RGNN,6,0.9966077208518982,0.20881205797195435,0.33072787523269653,0.6044222712516785,0.04868265241384506,0.8603185415267944,0.7048328518867493,0.48717498779296875
1967,Nashville,Median Income,tract,5928,160,380,RGNN,7,0.961765706539154,0.15572237968444824,0.2260831594467163,0.6044222712516785,0.13223063945770264,1.0242301225662231,0.7941250205039978,0.48717498779296875
1968,Nashville,Median Income,tract,5928,160,380,RGNN,8,0.9439588189125061,0.15716397762298584,0.3245249390602112,0.6044222712516785,0.18949148058891296,0.9103925228118896,0.7185884714126587,0.48717498779296875
1969,Nashville,Median Income,tract,5928,160,380,RGNN,9,0.9925575852394104,0.20435643196105957,0.3486086130142212,0.6044222712516785,0.06876389682292938,0.8812336921691895,0.6992611289024353,0.48717498779296875
1970,Nashville,Median Income,tract,5928,160,380,Feat-RGNN,0,0.8797152042388916,-0.008087158203125,0.21429526805877686,0.6044222712516785,0.2367371916770935,1.0361824035644531,0.79636150598526,0.48717498779296875
1971,Nashville,Median Income,tract,5928,160,380,Feat-RGNN,1,0.8729279041290283,0.06477600336074829,0.2372336983680725,0.6044222712516785,0.250196635723114,0.9151118993759155,0.7656999230384827,0.48717498779296875
1972,Nashville,Median Income,tract,5928,160,380,Feat-RGNN,2,0.9181098937988281,0.01131284236907959,0.28744345903396606,0.6044222712516785,0.18842390179634094,1.0101008415222168,0.7510857582092285,0.48717498779296875
1973,Nashville,Median Income,tract,5928,160,380,Feat-RGNN,3,0.9092994332313538,0.030247151851654053,0.3114122748374939,0.6044222712516785,0.21373721957206726,0.9254176616668701,0.7393884658813477,0.48717498779296875
1974,Nashville,Median Income,tract,5928,160,380,Feat-RGNN,4,0.946420431137085,0.06120866537094116,0.33812832832336426,0.6044222712516785,0.18032610416412354,0.9397991895675659,0.703731894493103,0.48717498779296875
1975,Nashville,Median Income,tract,5928,160,380,Feat-RGNN,5,0.8103411197662354,0.05818086862564087,0.2717272639274597,0.6044222712516785,0.3112172484397888,0.9844707250595093,0.7638649344444275,0.48717498779296875
1976,Nashville,Median Income,tract,5928,160,380,Feat-RGNN,6,0.8436597585678101,0.07520592212677002,0.3273018002510071,0.6044222712516785,0.28587615489959717,0.9217931628227234,0.7177565693855286,0.48717498779296875
1977,Nashville,Median Income,tract,5928,160,380,Feat-RGNN,7,0.8703434467315674,-0.012172937393188477,0.30571144819259644,0.6044222712516785,0.25603169202804565,0.9318250417709351,0.7185377478599548,0.48717498779296875
1978,Nashville,Median Income,tract,5928,160,380,Feat-RGNN,8,0.8453672528266907,0.004108905792236328,0.25681251287460327,0.6044222712516785,0.2722057104110718,0.958225667476654,0.7530214190483093,0.48717498779296875
1979,Nashville,Median Income,tract,5928,160,380,Feat-RGNN,9,0.8437909483909607,0.10514354705810547,0.33491814136505127,0.6044222712516785,0.2843421995639801,0.8677697777748108,0.7087696194648743,0.48717498779296875
1980,Nashville,Median Income,tract,5928,160,380,Feat\&PC-RGNN,0,0.912624180316925,0.1635844111442566,0.33902519941329956,0.6044222712516785,0.22642852365970612,0.9124437570571899,0.7290029525756836,0.48717498779296875
1981,Nashville,Median Income,tract,5928,160,380,Feat\&PC-RGNN,1,0.9759400486946106,0.03251492977142334,0.35449451208114624,0.6044222712516785,0.10521554946899414,0.8939650058746338,0.7022418975830078,0.48717498779296875
1982,Nashville,Median Income,tract,5928,160,380,Feat\&PC-RGNN,2,0.9541302919387817,0.14975345134735107,0.3572879433631897,0.6044222712516785,0.15442562103271484,0.9455395936965942,0.7117043137550354,0.48717498779296875
1983,Nashville,Median Income,tract,5928,160,380,Feat\&PC-RGNN,3,0.9656315445899963,0.1867138147354126,0.36302703619003296,0.6044222712516785,0.14547568559646606,0.9079069495201111,0.7109202146530151,0.48717498779296875
1984,Nashville,Median Income,tract,5928,160,380,Feat\&PC-RGNN,4,0.9031522274017334,0.1620364785194397,0.3525370955467224,0.6044222712516785,0.2339525818824768,0.8884618282318115,0.7057201266288757,0.48717498779296875
1985,Nashville,Median Income,tract,5928,160,380,Feat\&PC-RGNN,5,0.898189902305603,0.06669294834136963,0.3420681953430176,0.6044222712516785,0.22922630608081818,0.9472441077232361,0.6914520263671875,0.48717498779296875
1986,Nashville,Median Income,tract,5928,160,380,Feat\&PC-RGNN,6,0.980451762676239,0.27420681715011597,0.38811320066452026,0.6044222712516785,0.09846693277359009,0.8508415222167969,0.7133771181106567,0.48717498779296875
1987,Nashville,Median Income,tract,5928,160,380,Feat\&PC-RGNN,7,0.9605066180229187,0.06559228897094727,0.3243473768234253,0.6044222712516785,0.14318138360977173,0.9784500598907471,0.7233133316040039,0.48717498779296875
1988,Nashville,Median Income,tract,5928,160,380,Feat\&PC-RGNN,8,0.9243288636207581,-0.005931258201599121,0.35672301054000854,0.6044222712516785,0.21058830618858337,0.9140079021453857,0.6977340579032898,0.48717498779296875
1989,Nashville,Median Income,tract,5928,160,380,Feat\&PC-RGNN,9,0.9053141474723816,0.17647165060043335,0.3590187430381775,0.6044222712516785,0.23447470366954803,0.8758230805397034,0.7071540951728821,0.48717498779296875
1990,Nashville,Median Income,tract,5928,160,380,NoPreTrain,0,0.9961204528808594,-0.17575609683990479,0.05973082780838013,0.6044222712516785,0.05744148790836334,1.0538055896759033,0.8810076117515564,0.48717498779296875
1991,Nashville,Median Income,tract,5928,160,380,NoPreTrain,1,0.8904122114181519,0.055051565170288086,0.18671536445617676,0.6044222712516785,0.3072267770767212,1.0177347660064697,0.84916090965271,0.48717498779296875
1992,Nashville,Median Income,tract,5928,160,380,NoPreTrain,2,0.999714195728302,-0.27109408378601074,-0.011745214462280273,0.6044222712516785,0.013040988706052303,1.1062400341033936,0.93923020362854,0.48717498779296875
1993,Nashville,Median Income,tract,5928,160,380,NoPreTrain,3,0.9976491332054138,-0.034516334533691406,0.09849423170089722,0.6044222712516785,0.044565171003341675,1.0389529466629028,0.8821771740913391,0.48717498779296875
1994,Nashville,Median Income,tract,5928,160,380,NoPreTrain,4,0.9993017911911011,-0.3371901512145996,-0.014435291290283203,0.6044222712516785,0.02229890786111355,1.0661211013793945,0.8751003742218018,0.48717498779296875
1995,Nashville,Median Income,tract,5928,160,380,NoPreTrain,5,0.9865682721138,0.07310086488723755,0.11630123853683472,0.6044222712516785,0.1082138866186142,0.9782573580741882,0.894805371761322,0.48717498779296875
1996,Nashville,Median Income,tract,5928,160,380,NoPreTrain,6,0.999720573425293,-0.12999296188354492,0.12139886617660522,0.6044222712516785,0.013203388080000877,0.9938032031059265,0.8479785919189453,0.48717498779296875
1997,Nashville,Median Income,tract,5928,160,380,NoPreTrain,7,0.9982773065567017,-0.09414970874786377,0.054086267948150635,0.6044222712516785,0.037105344235897064,1.070523738861084,0.9338852763175964,0.48717498779296875
1998,Nashville,Median Income,tract,5928,160,380,NoPreTrain,8,0.999829113483429,-0.23912012577056885,0.11011660099029541,0.6044222712516785,0.009664694778621197,1.0236878395080566,0.8589385747909546,0.48717498779296875
1999,Nashville,Median Income,tract,5928,160,380,NoPreTrain,9,0.9993295073509216,-0.23111534118652344,0.11079305410385132,0.6044222712516785,0.022414999082684517,1.058638572692871,0.8570752739906311,0.48717498779296875
2000,Nashville,Median Home Value,tract,5631,159,371,Emb,0,0.9987228512763977,-0.6513389348983765,0.21502763032913208,0.6785836219787598,0.037463441491127014,0.8137332201004028,0.6919237971305847,0.327068030834198
2001,Nashville,Median Home Value,tract,5631,159,371,Emb,1,0.9967504143714905,-0.4469984769821167,0.18876802921295166,0.6785836219787598,0.05946039780974388,0.7725611925125122,0.7124313116073608,0.327068030834198
2002,Nashville,Median Home Value,tract,5631,159,371,Emb,2,0.9998155832290649,-0.5523300170898438,0.19050204753875732,0.6785836219787598,0.010030046105384827,0.8240876197814941,0.6778600811958313,0.327068030834198
2003,Nashville,Median Home Value,tract,5631,159,371,Emb,3,0.993880033493042,-0.351556658744812,0.2524540424346924,0.6785836219787598,0.07711945474147797,0.7756206393241882,0.6472224593162537,0.327068030834198
2004,Nashville,Median Home Value,tract,5631,159,371,Emb,4,0.9822113513946533,-0.5437649488449097,0.2664012312889099,0.6785836219787598,0.13619951903820038,0.8318181037902832,0.6671801209449768,0.327068030834198
2005,Nashville,Median Home Value,tract,5631,159,371,Emb,5,0.997848629951477,-0.7351599931716919,0.24762171506881714,0.6785836219787598,0.04805377498269081,0.8696606159210205,0.6919377446174622,0.327068030834198
2006,Nashville,Median Home Value,tract,5631,159,371,Emb,6,0.9939730763435364,-0.5594033002853394,0.1344987154006958,0.6785836219787598,0.08266015350818634,0.7890411019325256,0.7318657040596008,0.327068030834198
2007,Nashville,Median Home Value,tract,5631,159,371,Emb,7,0.9986501336097717,-0.5512831211090088,0.14855939149856567,0.6785836219787598,0.03322330489754677,0.8594120740890503,0.6972830891609192,0.327068030834198
2008,Nashville,Median Home Value,tract,5631,159,371,Emb,8,0.9999126195907593,-0.1977674961090088,0.2424749732017517,0.6785836219787598,0.007002260535955429,0.6939203143119812,0.6603270173072815,0.327068030834198
2009,Nashville,Median Home Value,tract,5631,159,371,Emb,9,0.9758605360984802,-0.16385555267333984,0.30570077896118164,0.6785836219787598,0.16353735327720642,0.7281193733215332,0.6641402244567871,0.327068030834198
2010,Nashville,Median Home Value,tract,5631,159,371,LightGCN,0,0.9752523899078369,0.2630038857460022,0.29215800762176514,0.6785836219787598,0.12144718319177628,0.478160560131073,0.5695986747741699,0.327068030834198
2011,Nashville,Median Home Value,tract,5631,159,371,LightGCN,1,0.9661640524864197,-0.03313446044921875,0.3081398606300354,0.6785836219787598,0.1665450781583786,0.6049534678459167,0.6110705733299255,0.327068030834198
2012,Nashville,Median Home Value,tract,5631,159,371,LightGCN,2,0.9739363789558411,0.1351414918899536,0.3635503053665161,0.6785836219787598,0.13118205964565277,0.5299766659736633,0.5639451742172241,0.327068030834198
2013,Nashville,Median Home Value,tract,5631,159,371,LightGCN,3,0.9857701063156128,-0.39349091053009033,0.31937718391418457,0.6785836219787598,0.09008145332336426,0.6743236780166626,0.5818132758140564,0.327068030834198
2014,Nashville,Median Home Value,tract,5631,159,371,LightGCN,4,0.9483355283737183,-0.07194828987121582,0.3220863342285156,0.6785836219787598,0.18181633949279785,0.6287264823913574,0.6217091083526611,0.327068030834198
2015,Nashville,Median Home Value,tract,5631,159,371,LightGCN,5,0.980104386806488,0.17476338148117065,0.33816850185394287,0.6785836219787598,0.1139860674738884,0.5656207203865051,0.6128389239311218,0.327068030834198
2016,Nashville,Median Home Value,tract,5631,159,371,LightGCN,6,0.9888447523117065,-0.09954416751861572,0.3262143135070801,0.6785836219787598,0.0841125100851059,0.6124001741409302,0.5849684476852417,0.327068030834198
2017,Nashville,Median Home Value,tract,5631,159,371,LightGCN,7,0.9728655219078064,-0.3943978548049927,0.30380529165267944,0.6785836219787598,0.14835365116596222,0.6746660470962524,0.6089338660240173,0.327068030834198
2018,Nashville,Median Home Value,tract,5631,159,371,LightGCN,8,0.9638248682022095,-0.0874946117401123,0.2915518283843994,0.6785836219787598,0.13936221599578857,0.6181235313415527,0.5982740521430969,0.327068030834198
2019,Nashville,Median Home Value,tract,5631,159,371,LightGCN,9,0.9853627681732178,-0.011374354362487793,0.43064725399017334,0.6785836219787598,0.09586437791585922,0.6206515431404114,0.5469737648963928,0.327068030834198
2020,Nashville,Median Home Value,tract,5631,159,371,Feat-LightGCN,0,0.9966016411781311,-0.3227120637893677,0.21945106983184814,0.6785836219787598,0.053582921624183655,0.6900058388710022,0.6384340524673462,0.327068030834198
2021,Nashville,Median Home Value,tract,5631,159,371,Feat-LightGCN,1,0.9944016337394714,-0.6384515762329102,0.12218958139419556,0.6785836219787598,0.06990549713373184,0.7666133046150208,0.6574801802635193,0.327068030834198
2022,Nashville,Median Home Value,tract,5631,159,371,Feat-LightGCN,2,0.9882925152778625,-0.12266552448272705,0.14130836725234985,0.6785836219787598,0.11115594208240509,0.652642011642456,0.6829103231430054,0.327068030834198
2023,Nashville,Median Home Value,tract,5631,159,371,Feat-LightGCN,3,0.9966935515403748,-0.03268229961395264,0.2989993691444397,0.6785836219787598,0.05679402872920036,0.6264528036117554,0.6143551468849182,0.327068030834198
2024,Nashville,Median Home Value,tract,5631,159,371,Feat-LightGCN,4,0.9944846034049988,-0.19960534572601318,0.1958572268486023,0.6785836219787598,0.07091043889522552,0.6705942749977112,0.6480893492698669,0.327068030834198
2025,Nashville,Median Home Value,tract,5631,159,371,Feat-LightGCN,5,0.9979135394096375,-0.48065948486328125,0.2773614525794983,0.6785836219787598,0.03235162794589996,0.7381533980369568,0.6235461235046387,0.327068030834198
2026,Nashville,Median Home Value,tract,5631,159,371,Feat-LightGCN,6,0.9950034618377686,-0.8120322227478027,0.13671737909317017,0.6785836219787598,0.061053212732076645,0.7874438762664795,0.6468585729598999,0.327068030834198
2027,Nashville,Median Home Value,tract,5631,159,371,Feat-LightGCN,7,0.996619701385498,-0.12505555152893066,0.2089335322380066,0.6785836219787598,0.056578461080789566,0.6684368848800659,0.6436855792999268,0.327068030834198
2028,Nashville,Median Home Value,tract,5631,159,371,Feat-LightGCN,8,0.9974804520606995,-0.09690117835998535,0.2235010266304016,0.6785836219787598,0.034558556973934174,0.681623637676239,0.6371570825576782,0.327068030834198
2029,Nashville,Median Home Value,tract,5631,159,371,Feat-LightGCN,9,0.9934065341949463,-0.09379851818084717,0.25497204065322876,0.6785836219787598,0.06335935741662979,0.6407747268676758,0.6122205853462219,0.327068030834198
2030,Nashville,Median Home Value,tract,5631,159,371,Feat\&PC-LightGCN,0,0.9961943626403809,0.04373908042907715,0.3906802535057068,0.6785836219787598,0.049936581403017044,0.5525002479553223,0.5339917540550232,0.327068030834198
2031,Nashville,Median Home Value,tract,5631,159,371,Feat\&PC-LightGCN,1,0.9947432279586792,0.20556974411010742,0.4585186243057251,0.6785836219787598,0.05112088844180107,0.5341589450836182,0.5163204073905945,0.327068030834198
2032,Nashville,Median Home Value,tract,5631,159,371,Feat\&PC-LightGCN,2,0.9961258769035339,-0.13891685009002686,0.41232532262802124,0.6785836219787598,0.03947039321064949,0.6241579055786133,0.5343054533004761,0.327068030834198
2033,Nashville,Median Home Value,tract,5631,159,371,Feat\&PC-LightGCN,3,0.993292510509491,0.06475710868835449,0.39288532733917236,0.6785836219787598,0.07511434704065323,0.5602664947509766,0.5258688926696777,0.327068030834198
2034,Nashville,Median Home Value,tract,5631,159,371,Feat\&PC-LightGCN,4,0.9983509182929993,-0.14994919300079346,0.37611299753189087,0.6785836219787598,0.029389867559075356,0.6179103851318359,0.5703393816947937,0.327068030834198
2035,Nashville,Median Home Value,tract,5631,159,371,Feat\&PC-LightGCN,5,0.9911341071128845,0.07565820217132568,0.41187745332717896,0.6785836219787598,0.06645356863737106,0.5219272375106812,0.5183068513870239,0.327068030834198
2036,Nashville,Median Home Value,tract,5631,159,371,Feat\&PC-LightGCN,6,0.9953909516334534,-0.11395120620727539,0.3782183527946472,0.6785836219787598,0.053722258657217026,0.6140069961547852,0.5338504910469055,0.327068030834198
2037,Nashville,Median Home Value,tract,5631,159,371,Feat\&PC-LightGCN,7,0.9900155067443848,-0.3062276840209961,0.3555731773376465,0.6785836219787598,0.09737496823072433,0.6460179090499878,0.5598324537277222,0.327068030834198
2038,Nashville,Median Home Value,tract,5631,159,371,Feat\&PC-LightGCN,8,0.9972049593925476,0.1129874587059021,0.4361006021499634,0.6785836219787598,0.0410466305911541,0.5462324023246765,0.5195894241333008,0.327068030834198
2039,Nashville,Median Home Value,tract,5631,159,371,Feat\&PC-LightGCN,9,0.995785117149353,0.17006516456604004,0.48391419649124146,0.6785836219787598,0.045965708792209625,0.5331729650497437,0.49452903866767883,0.327068030834198
2040,Nashville,Median Home Value,tract,5631,159,371,RGNN,0,0.8209875822067261,-0.300787091255188,0.29567813873291016,0.6785836219787598,0.35842353105545044,0.6932432651519775,0.6740571856498718,0.327068030834198
2041,Nashville,Median Home Value,tract,5631,159,371,RGNN,1,0.914885938167572,-1.0883417129516602,0.28765612840652466,0.6785836219787598,0.22471056878566742,0.739998459815979,0.6453086733818054,0.327068030834198
2042,Nashville,Median Home Value,tract,5631,159,371,RGNN,2,0.9717749357223511,-0.9869396686553955,0.21826446056365967,0.6785836219787598,0.153783917427063,0.7437666654586792,0.6393080949783325,0.327068030834198
2043,Nashville,Median Home Value,tract,5631,159,371,RGNN,3,0.9079058170318604,-0.2579305171966553,0.3114023804664612,0.6785836219787598,0.25444090366363525,0.638913094997406,0.6127238869667053,0.327068030834198
2044,Nashville,Median Home Value,tract,5631,159,371,RGNN,4,0.9499203562736511,-0.8884624242782593,0.15896326303482056,0.6785836219787598,0.19886910915374756,0.8038280010223389,0.6712481379508972,0.327068030834198
2045,Nashville,Median Home Value,tract,5631,159,371,RGNN,5,0.894644021987915,-0.8127262592315674,0.19835352897644043,0.6785836219787598,0.26007315516471863,0.8042191863059998,0.7016515731811523,0.327068030834198
2046,Nashville,Median Home Value,tract,5631,159,371,RGNN,6,0.8838258981704712,-0.979748010635376,0.3385569453239441,0.6785836219787598,0.2669190466403961,0.6803094148635864,0.624052107334137,0.327068030834198
2047,Nashville,Median Home Value,tract,5631,159,371,RGNN,7,0.9856285452842712,-2.3856682777404785,0.05171900987625122,0.6785836219787598,0.1073216050863266,0.8864529132843018,0.6808522343635559,0.327068030834198
2048,Nashville,Median Home Value,tract,5631,159,371,RGNN,8,0.9062595367431641,-0.9147924184799194,0.17569822072982788,0.6785836219787598,0.28685733675956726,0.7149881720542908,0.6634820699691772,0.327068030834198
2049,Nashville,Median Home Value,tract,5631,159,371,RGNN,9,0.9245247840881348,-0.07037842273712158,0.2858352065086365,0.6785836219787598,0.2556453347206116,0.685289204120636,0.6570151448249817,0.327068030834198
2050,Nashville,Median Home Value,tract,5631,159,371,Feat-RGNN,0,0.887624979019165,-0.4434162378311157,0.2805982828140259,0.6785836219787598,0.26833829283714294,0.7185044288635254,0.6746898889541626,0.327068030834198
2051,Nashville,Median Home Value,tract,5631,159,371,Feat-RGNN,1,0.8859630227088928,-0.5357623100280762,0.2861049771308899,0.6785836219787598,0.26525893807411194,0.6617287397384644,0.6635785698890686,0.327068030834198
2052,Nashville,Median Home Value,tract,5631,159,371,Feat-RGNN,2,0.9618140459060669,-0.24455034732818604,0.291753351688385,0.6785836219787598,0.17049740254878998,0.6381617784500122,0.6007686257362366,0.327068030834198
2053,Nashville,Median Home Value,tract,5631,159,371,Feat-RGNN,3,0.910971999168396,-0.3861236572265625,0.23886919021606445,0.6785836219787598,0.2515020966529846,0.5900043845176697,0.6254684329032898,0.327068030834198
2054,Nashville,Median Home Value,tract,5631,159,371,Feat-RGNN,4,0.9507294297218323,-0.5532457828521729,0.2886958122253418,0.6785836219787598,0.19754980504512787,0.6661606431007385,0.6521798968315125,0.327068030834198
2055,Nashville,Median Home Value,tract,5631,159,371,Feat-RGNN,5,0.7114828824996948,0.0978279709815979,0.3020387887954712,0.6785836219787598,0.4196709394454956,0.5826718211174011,0.665088415145874,0.327068030834198
2056,Nashville,Median Home Value,tract,5631,159,371,Feat-RGNN,6,0.9240288138389587,-1.2192730903625488,0.09089255332946777,0.6785836219787598,0.22641195356845856,0.7802140712738037,0.7211304306983948,0.327068030834198
2057,Nashville,Median Home Value,tract,5631,159,371,Feat-RGNN,7,0.8864901065826416,-1.0310249328613281,0.2863370180130005,0.6785836219787598,0.28535130620002747,0.7493222951889038,0.6386057734489441,0.327068030834198
2058,Nashville,Median Home Value,tract,5631,159,371,Feat-RGNN,8,0.9016810059547424,-2.2338943481445312,0.10219430923461914,0.6785836219787598,0.30533111095428467,0.8576675057411194,0.7046452760696411,0.327068030834198
2059,Nashville,Median Home Value,tract,5631,159,371,Feat-RGNN,9,0.9197577834129333,-0.8052014112472534,0.10476535558700562,0.6785836219787598,0.23603960871696472,0.7792157530784607,0.722633957862854,0.327068030834198
2060,Nashville,Median Home Value,tract,5631,159,371,Feat\&PC-RGNN,0,0.8551680445671082,-1.5111463069915771,0.256974995136261,0.6785836219787598,0.3098151385784149,0.6854111552238464,0.6565561890602112,0.327068030834198
2061,Nashville,Median Home Value,tract,5631,159,371,Feat\&PC-RGNN,1,0.9555106163024902,-0.12050271034240723,0.4023599624633789,0.6785836219787598,0.17342925071716309,0.5763285160064697,0.5830474495887756,0.327068030834198
2062,Nashville,Median Home Value,tract,5631,159,371,Feat\&PC-RGNN,2,0.9910309910774231,-0.0208970308303833,0.45461761951446533,0.6785836219787598,0.07405129820108414,0.5321675539016724,0.542913556098938,0.327068030834198
2063,Nashville,Median Home Value,tract,5631,159,371,Feat\&PC-RGNN,3,0.9829632639884949,-1.1026813983917236,0.25612056255340576,0.6785836219787598,0.10031517595052719,0.6859289407730103,0.6065630912780762,0.327068030834198
2064,Nashville,Median Home Value,tract,5631,159,371,Feat\&PC-RGNN,4,0.9880558252334595,-2.2180230617523193,0.1968129277229309,0.6785836219787598,0.08421622216701508,0.8051584362983704,0.5992162823677063,0.327068030834198
2065,Nashville,Median Home Value,tract,5631,159,371,Feat\&PC-RGNN,5,0.9490328431129456,-0.32037246227264404,0.43420302867889404,0.6785836219787598,0.1802138090133667,0.5868791937828064,0.5798718333244324,0.327068030834198
2066,Nashville,Median Home Value,tract,5631,159,371,Feat\&PC-RGNN,6,0.9283454418182373,-0.476792573928833,0.37916135787963867,0.6785836219787598,0.21389129757881165,0.6805963516235352,0.6122022867202759,0.327068030834198
2067,Nashville,Median Home Value,tract,5631,159,371,Feat\&PC-RGNN,7,0.984120786190033,-0.2548959255218506,0.38539350032806396,0.6785836219787598,0.10112012177705765,0.6204907298088074,0.58760666847229,0.327068030834198
2068,Nashville,Median Home Value,tract,5631,159,371,Feat\&PC-RGNN,8,0.9778863191604614,-0.16149461269378662,0.4010511040687561,0.6785836219787598,0.12603427469730377,0.6249011754989624,0.5900314450263977,0.327068030834198
2069,Nashville,Median Home Value,tract,5631,159,371,Feat\&PC-RGNN,9,0.9858999252319336,-0.7686734199523926,0.24439388513565063,0.6785836219787598,0.0927613377571106,0.6795952320098877,0.6058365702629089,0.327068030834198
2070,Nashville,Median Home Value,tract,5631,159,371,NoPreTrain,0,0.9997944235801697,-0.9617606401443481,-0.03207969665527344,0.6785836219787598,0.013135234825313091,0.7776362299919128,0.8524987697601318,0.327068030834198
2071,Nashville,Median Home Value,tract,5631,159,371,NoPreTrain,1,0.9997767210006714,-0.7270028591156006,0.004771292209625244,0.6785836219787598,0.013298843055963516,0.7729583978652954,0.7637134790420532,0.327068030834198
2072,Nashville,Median Home Value,tract,5631,159,371,NoPreTrain,2,0.9982360601425171,-0.34933948516845703,-0.0418088436126709,0.6785836219787598,0.0451427660882473,0.7636638283729553,0.8105233311653137,0.327068030834198
2073,Nashville,Median Home Value,tract,5631,159,371,NoPreTrain,3,0.9989028573036194,-1.9264636039733887,-0.09387397766113281,0.6785836219787598,0.03350013121962547,1.129471778869629,0.8267437219619751,0.327068030834198
2074,Nashville,Median Home Value,tract,5631,159,371,NoPreTrain,4,0.9995225667953491,-0.7467998266220093,-0.1338566541671753,0.6785836219787598,0.020719634369015694,0.8125643134117126,0.8338578343391418,0.327068030834198
2075,Nashville,Median Home Value,tract,5631,159,371,NoPreTrain,5,0.9995926022529602,-0.7114616632461548,-0.10556554794311523,0.6785836219787598,0.01676774211227894,0.8563211560249329,0.8328786492347717,0.327068030834198
2076,Nashville,Median Home Value,tract,5631,159,371,NoPreTrain,6,0.9961318373680115,-0.9760209321975708,-0.035988688468933105,0.6785836219787598,0.06614284962415695,0.9122199416160583,0.8223785758018494,0.327068030834198
2077,Nashville,Median Home Value,tract,5631,159,371,NoPreTrain,7,0.9993528127670288,-1.2354657649993896,-0.06961846351623535,0.6785836219787598,0.026599401608109474,0.980811595916748,0.7965533137321472,0.327068030834198
2078,Nashville,Median Home Value,tract,5631,159,371,NoPreTrain,8,0.9998458623886108,-1.821089506149292,-0.3084360361099243,0.6785836219787598,0.010703759267926216,1.1171276569366455,0.9225639700889587,0.327068030834198
2079,Nashville,Median Home Value,tract,5631,159,371,NoPreTrain,9,0.9985285401344299,-1.2378222942352295,-0.00016701221466064453,0.6785836219787598,0.04057098552584648,0.8970673084259033,0.8052517771720886,0.327068030834198
2080,Nashville,Median Age,tract,6051,160,389,Emb,0,0.9993028044700623,-0.5745328664779663,-0.03163433074951172,0.24560391902923584,0.024753302335739136,0.881048321723938,1.2526601552963257,0.9359580874443054
2081,Nashville,Median Age,tract,6051,160,389,Emb,1,0.9958252310752869,-1.3562078475952148,-0.10742151737213135,0.24560391902923584,0.06079569458961487,1.0012269020080566,1.2976378202438354,0.9359580874443054
2082,Nashville,Median Age,tract,6051,160,389,Emb,2,0.9981532096862793,-0.6970330476760864,-0.03383970260620117,0.24560391902923584,0.04125572368502617,0.9404364824295044,1.2107877731323242,0.9359580874443054
2083,Nashville,Median Age,tract,6051,160,389,Emb,3,0.9993939399719238,-1.1371605396270752,-0.061434388160705566,0.24560391902923584,0.01775703951716423,1.0169932842254639,1.253710150718689,0.9359580874443054
2084,Nashville,Median Age,tract,6051,160,389,Emb,4,0.9995798468589783,-1.291576862335205,-0.0581432580947876,0.24560391902923584,0.015589572489261627,0.9982995390892029,1.2611984014511108,0.9359580874443054
2085,Nashville,Median Age,tract,6051,160,389,Emb,5,0.9979179501533508,-1.9712045192718506,-0.03734850883483887,0.24560391902923584,0.04153627157211304,0.9457257986068726,1.2198585271835327,0.9359580874443054
2086,Nashville,Median Age,tract,6051,160,389,Emb,6,0.998612105846405,-1.0018084049224854,-0.042261719703674316,0.24560391902923584,0.03260589390993118,0.9854838848114014,1.2511045932769775,0.9359580874443054
2087,Nashville,Median Age,tract,6051,160,389,Emb,7,0.9897481799125671,-0.48921847343444824,-0.03527188301086426,0.24560391902923584,0.10217892378568649,0.8682977557182312,1.243239164352417,0.9359580874443054
2088,Nashville,Median Age,tract,6051,160,389,Emb,8,0.9972091317176819,-1.8273577690124512,-0.13355934619903564,0.24560391902923584,0.04932081699371338,1.011056661605835,1.3177238702774048,0.9359580874443054
2089,Nashville,Median Age,tract,6051,160,389,Emb,9,0.9993525743484497,-0.6031190156936646,-0.04301249980926514,0.24560391902923584,0.022919710725545883,0.8776166439056396,1.2446320056915283,0.9359580874443054
2090,Nashville,Median Age,tract,6051,160,389,LightGCN,0,0.9595916867256165,0.23096036911010742,0.09026914834976196,0.24560391902923584,0.14820590615272522,0.642695426940918,1.1292924880981445,0.9359580874443054
2091,Nashville,Median Age,tract,6051,160,389,LightGCN,1,0.971584677696228,-0.2500011920928955,-0.022120237350463867,0.24560391902923584,0.15594708919525146,0.7988672256469727,1.1826971769332886,0.9359580874443054
2092,Nashville,Median Age,tract,6051,160,389,LightGCN,2,0.9730997085571289,0.010869383811950684,0.025334537029266357,0.24560391902923584,0.14228591322898865,0.7010647058486938,1.1450467109680176,0.9359580874443054
2093,Nashville,Median Age,tract,6051,160,389,LightGCN,3,0.9943699836730957,0.2676472067832947,0.023708105087280273,0.24560391902923584,0.06622810661792755,0.6296255588531494,1.1630803346633911,0.9359580874443054
2094,Nashville,Median Age,tract,6051,160,389,LightGCN,4,0.8775461912155151,0.3786497116088867,0.16253423690795898,0.24560391902923584,0.3023611903190613,0.5917947292327881,1.1184767484664917,0.9359580874443054
2095,Nashville,Median Age,tract,6051,160,389,LightGCN,5,0.9431763291358948,0.24001353979110718,0.08818209171295166,0.24560391902923584,0.20881935954093933,0.6167447566986084,1.151260495185852,0.9359580874443054
2096,Nashville,Median Age,tract,6051,160,389,LightGCN,6,0.9381142258644104,-0.1876887083053589,0.032552897930145264,0.24560391902923584,0.20526200532913208,0.7898105382919312,1.150192141532898,0.9359580874443054
2097,Nashville,Median Age,tract,6051,160,389,LightGCN,7,0.9637616872787476,0.22109824419021606,0.06838023662567139,0.24560391902923584,0.15222519636154175,0.6558034420013428,1.1614633798599243,0.9359580874443054
2098,Nashville,Median Age,tract,6051,160,389,LightGCN,8,0.9490170478820801,-0.19537353515625,-0.01905667781829834,0.24560391902923584,0.18952998518943787,0.7826642990112305,1.1948295831680298,0.9359580874443054
2099,Nashville,Median Age,tract,6051,160,389,LightGCN,9,0.9967495799064636,0.39568936824798584,0.0898810625076294,0.24560391902923584,0.04696906358003616,0.5709670782089233,1.1401801109313965,0.9359580874443054
2100,Nashville,Median Age,tract,6051,160,389,Feat-LightGCN,0,0.9974204897880554,0.11405134201049805,-0.013190269470214844,0.24560391902923584,0.04174724593758583,0.6305004358291626,1.169065237045288,0.9359580874443054
2101,Nashville,Median Age,tract,6051,160,389,Feat-LightGCN,1,0.9926663041114807,-0.016852617263793945,-0.051055312156677246,0.24560391902923584,0.08199549466371536,0.6810802221298218,1.2082595825195312,0.9359580874443054
2102,Nashville,Median Age,tract,6051,160,389,Feat-LightGCN,2,0.9977754950523376,-0.06814742088317871,-0.01277172565460205,0.24560391902923584,0.039957351982593536,0.6754478812217712,1.1781632900238037,0.9359580874443054
2103,Nashville,Median Age,tract,6051,160,389,Feat-LightGCN,3,0.9890150427818298,0.10378110408782959,0.0025476813316345215,0.24560391902923584,0.10258364677429199,0.6540101170539856,1.1807385683059692,0.9359580874443054
2104,Nashville,Median Age,tract,6051,160,389,Feat-LightGCN,4,0.998690128326416,-0.3771371841430664,-0.08322107791900635,0.24560391902923584,0.028058696538209915,0.8144168853759766,1.2554054260253906,0.9359580874443054
2105,Nashville,Median Age,tract,6051,160,389,Feat-LightGCN,5,0.9959279298782349,-0.0703732967376709,0.013462603092193604,0.24560391902923584,0.055395226925611496,0.7051860690116882,1.1787445545196533,0.9359580874443054
2106,Nashville,Median Age,tract,6051,160,389,Feat-LightGCN,6,0.9975822567939758,-0.2418360710144043,-0.043515801429748535,0.24560391902923584,0.03792843222618103,0.7887409925460815,1.2227089405059814,0.9359580874443054
2107,Nashville,Median Age,tract,6051,160,389,Feat-LightGCN,7,0.9960863590240479,-0.21220505237579346,-0.08044159412384033,0.24560391902923584,0.051652975380420685,0.7440626621246338,1.2282932996749878,0.9359580874443054
2108,Nashville,Median Age,tract,6051,160,389,Feat-LightGCN,8,0.9986365437507629,-0.174127459526062,-0.04426121711730957,0.24560391902923584,0.028745265677571297,0.7472953796386719,1.2208424806594849,0.9359580874443054
2109,Nashville,Median Age,tract,6051,160,389,Feat-LightGCN,9,0.9973318576812744,-0.0665140151977539,0.02937030792236328,0.24560391902923584,0.047102492302656174,0.7340918779373169,1.1620805263519287,0.9359580874443054
2110,Nashville,Median Age,tract,6051,160,389,Feat\&PC-LightGCN,0,0.9682716131210327,-0.26240503787994385,0.013522982597351074,0.24560391902923584,0.12339084595441818,0.777205228805542,1.1700687408447266,0.9359580874443054
2111,Nashville,Median Age,tract,6051,160,389,Feat\&PC-LightGCN,1,0.9838578104972839,-0.7259348630905151,-0.00475001335144043,0.24560391902923584,0.095002681016922,0.9186928868293762,1.1691749095916748,0.9359580874443054
2112,Nashville,Median Age,tract,6051,160,389,Feat\&PC-LightGCN,2,0.9902505874633789,-0.914159893989563,0.02764075994491577,0.24560391902923584,0.07950103282928467,0.9202123880386353,1.1466253995895386,0.9359580874443054
2113,Nashville,Median Age,tract,6051,160,389,Feat\&PC-LightGCN,3,0.9705223441123962,-0.2542673349380493,0.08831614255905151,0.24560391902923584,0.14027096331119537,0.7196758389472961,1.1354162693023682,0.9359580874443054
2114,Nashville,Median Age,tract,6051,160,389,Feat\&PC-LightGCN,4,0.9984666109085083,-1.6595489978790283,-0.07987713813781738,0.24560391902923584,0.03347582370042801,1.0754196643829346,1.2099158763885498,0.9359580874443054
2115,Nashville,Median Age,tract,6051,160,389,Feat\&PC-LightGCN,5,0.9750324487686157,0.08789277076721191,0.09165358543395996,0.24560391902923584,0.10276445001363754,0.640546441078186,1.105064868927002,0.9359580874443054
2116,Nashville,Median Age,tract,6051,160,389,Feat\&PC-LightGCN,6,0.9930803775787354,-0.6784930229187012,-0.0555950403213501,0.24560391902923584,0.07062874734401703,0.9381582140922546,1.18948495388031,0.9359580874443054
2117,Nashville,Median Age,tract,6051,160,389,Feat\&PC-LightGCN,7,0.9478278160095215,-0.5529602766036987,0.08819824457168579,0.24560391902923584,0.1789943128824234,0.8416175842285156,1.1421462297439575,0.9359580874443054
2118,Nashville,Median Age,tract,6051,160,389,Feat\&PC-LightGCN,8,0.9962447881698608,-0.434970498085022,0.009842932224273682,0.24560391902923584,0.040702514350414276,0.8072856068611145,1.1701140403747559,0.9359580874443054
2119,Nashville,Median Age,tract,6051,160,389,Feat\&PC-LightGCN,9,0.9969959259033203,-0.20748817920684814,0.07522863149642944,0.24560391902923584,0.03531504422426224,0.8079044818878174,1.1217323541641235,0.9359580874443054
2120,Nashville,Median Age,tract,6051,160,389,RGNN,0,0.8527594804763794,-0.18524527549743652,0.021245718002319336,0.24560391902923584,0.25553005933761597,0.764714241027832,1.2036693096160889,0.9359580874443054
2121,Nashville,Median Age,tract,6051,160,389,RGNN,1,0.9874312281608582,0.1970919966697693,0.04570871591567993,0.24560391902923584,0.09484438598155975,0.675151526927948,1.198585867881775,0.9359580874443054
2122,Nashville,Median Age,tract,6051,160,389,RGNN,2,0.9680795073509216,0.13992297649383545,-0.09532546997070312,0.24560391902923584,0.11445078998804092,0.7158277034759521,1.2747911214828491,0.9359580874443054
2123,Nashville,Median Age,tract,6051,160,389,RGNN,3,0.9524632096290588,-0.002789735794067383,-0.0875241756439209,0.24560391902923584,0.19072666764259338,0.7310702800750732,1.2469160556793213,0.9359580874443054
2124,Nashville,Median Age,tract,6051,160,389,RGNN,4,0.9843469858169556,-0.09200060367584229,0.0633198618888855,0.24560391902923584,0.10362483561038971,0.8091346025466919,1.1658577919006348,0.9359580874443054
2125,Nashville,Median Age,tract,6051,160,389,RGNN,5,0.9851928949356079,0.31012028455734253,0.011692643165588379,0.24560391902923584,0.1144188791513443,0.6476947665214539,1.1893157958984375,0.9359580874443054
2126,Nashville,Median Age,tract,6051,160,389,RGNN,6,0.8888692855834961,-0.14008104801177979,-0.030873656272888184,0.24560391902923584,0.22933688759803772,0.7906547784805298,1.2347049713134766,0.9359580874443054
2127,Nashville,Median Age,tract,6051,160,389,RGNN,7,0.9892867207527161,0.08523154258728027,0.04219716787338257,0.24560391902923584,0.07829125970602036,0.736225426197052,1.1987906694412231,0.9359580874443054
2128,Nashville,Median Age,tract,6051,160,389,RGNN,8,0.7675180435180664,-0.32992517948150635,0.008581459522247314,0.24560391902923584,0.3789311945438385,0.82961106300354,1.2738384008407593,0.9359580874443054
2129,Nashville,Median Age,tract,6051,160,389,RGNN,9,0.997099757194519,0.2541542053222656,0.10312539339065552,0.24560391902923584,0.03657953441143036,0.6757789850234985,1.1345521211624146,0.9359580874443054
2130,Nashville,Median Age,tract,6051,160,389,Feat-RGNN,0,0.8270809650421143,-0.059029340744018555,-0.016263604164123535,0.24560391902923584,0.32484474778175354,0.7875875234603882,1.2952172756195068,0.9359580874443054
2131,Nashville,Median Age,tract,6051,160,389,Feat-RGNN,1,0.9674870371818542,0.0996597409248352,-0.0511474609375,0.24560391902923584,0.14207307994365692,0.7157166600227356,1.221388578414917,0.9359580874443054
2132,Nashville,Median Age,tract,6051,160,389,Feat-RGNN,2,0.9767953157424927,-0.19348680973052979,-0.089072585105896,0.24560391902923584,0.09384270012378693,0.7914819121360779,1.2623909711837769,0.9359580874443054
2133,Nashville,Median Age,tract,6051,160,389,Feat-RGNN,3,0.9345192909240723,0.11766225099563599,-0.028489351272583008,0.24560391902923584,0.18614545464515686,0.7300961017608643,1.230391025543213,0.9359580874443054
2134,Nashville,Median Age,tract,6051,160,389,Feat-RGNN,4,0.7870140671730042,-0.36984384059906006,-0.07046759128570557,0.24560391902923584,0.341689795255661,0.8716997504234314,1.2825313806533813,0.9359580874443054
2135,Nashville,Median Age,tract,6051,160,389,Feat-RGNN,5,0.6452165842056274,0.1676991581916809,0.0012931227684020996,0.24560391902923584,0.4681873619556427,0.6814998388290405,1.1897352933883667,0.9359580874443054
2136,Nashville,Median Age,tract,6051,160,389,Feat-RGNN,6,0.9361287355422974,0.14740324020385742,0.02245962619781494,0.24560391902923584,0.19493691623210907,0.6944922208786011,1.2059589624404907,0.9359580874443054
2137,Nashville,Median Age,tract,6051,160,389,Feat-RGNN,7,0.9316390752792358,0.20140761137008667,-0.1268700361251831,0.24560391902923584,0.20534786581993103,0.6920905113220215,1.2654913663864136,0.9359580874443054
2138,Nashville,Median Age,tract,6051,160,389,Feat-RGNN,8,0.9275063276290894,-0.2742723226547241,-0.10881412029266357,0.24560391902923584,0.23420760035514832,0.8824576139450073,1.328025221824646,0.9359580874443054
2139,Nashville,Median Age,tract,6051,160,389,Feat-RGNN,9,0.8263081312179565,0.031390488147735596,-0.06211721897125244,0.24560391902923584,0.29463326930999756,0.7282882928848267,1.2189093828201294,0.9359580874443054
2140,Nashville,Median Age,tract,6051,160,389,Feat\&PC-RGNN,0,0.9321807622909546,-0.3709660768508911,-0.07895374298095703,0.24560391902923584,0.21518605947494507,0.8881325721740723,1.2588169574737549,0.9359580874443054
2141,Nashville,Median Age,tract,6051,160,389,Feat\&PC-RGNN,1,0.989636242389679,0.040609896183013916,0.020901620388031006,0.24560391902923584,0.07258618623018265,0.7386523485183716,1.1819310188293457,0.9359580874443054
2142,Nashville,Median Age,tract,6051,160,389,Feat\&PC-RGNN,2,0.963188886642456,-0.24689066410064697,0.005597472190856934,0.24560391902923584,0.1662236601114273,0.8269404172897339,1.2000967264175415,0.9359580874443054
2143,Nashville,Median Age,tract,6051,160,389,Feat\&PC-RGNN,3,0.9697843790054321,0.12354087829589844,-0.013459324836730957,0.24560391902923584,0.1612468659877777,0.6753724217414856,1.2529017925262451,0.9359580874443054
2144,Nashville,Median Age,tract,6051,160,389,Feat\&PC-RGNN,4,0.9730687141418457,-0.15912187099456787,-0.010571599006652832,0.24560391902923584,0.14662136137485504,0.8205275535583496,1.1934115886688232,0.9359580874443054
2145,Nashville,Median Age,tract,6051,160,389,Feat\&PC-RGNN,5,0.9345986247062683,-0.5397664308547974,-0.11180484294891357,0.24560391902923584,0.20895108580589294,0.9126746654510498,1.2966890335083008,0.9359580874443054
2146,Nashville,Median Age,tract,6051,160,389,Feat\&PC-RGNN,6,0.9256868362426758,-0.3019901514053345,-0.03195488452911377,0.24560391902923584,0.21927814185619354,0.8640561103820801,1.2164682149887085,0.9359580874443054
2147,Nashville,Median Age,tract,6051,160,389,Feat\&PC-RGNN,7,0.9700937271118164,-0.3947838544845581,-0.06594574451446533,0.24560391902923584,0.14140819013118744,0.8557048439979553,1.2825629711151123,0.9359580874443054
2148,Nashville,Median Age,tract,6051,160,389,Feat\&PC-RGNN,8,0.9482958912849426,-0.03349888324737549,0.018823206424713135,0.24560391902923584,0.2120349109172821,0.7762353420257568,1.2290107011795044,0.9359580874443054
2149,Nashville,Median Age,tract,6051,160,389,Feat\&PC-RGNN,9,0.8564386367797852,-0.3289116621017456,-0.03856539726257324,0.24560391902923584,0.2963511645793915,0.8674607276916504,1.2340679168701172,0.9359580874443054
2150,Nashville,Median Age,tract,6051,160,389,NoPreTrain,0,0.9993538856506348,-2.308699369430542,-0.2243872880935669,0.24560391902923584,0.024398406967520714,1.2400896549224854,1.4484509229660034,0.9359580874443054
2151,Nashville,Median Age,tract,6051,160,389,NoPreTrain,1,0.9996842741966248,-0.4060852527618408,-0.2795659303665161,0.24560391902923584,0.014346585609018803,0.8568117022514343,1.4580111503601074,0.9359580874443054
2152,Nashville,Median Age,tract,6051,160,389,NoPreTrain,2,0.9994076490402222,-1.1110224723815918,-0.20209074020385742,0.24560391902923584,0.023967217653989792,1.017409086227417,1.4055559635162354,0.9359580874443054
2153,Nashville,Median Age,tract,6051,160,389,NoPreTrain,3,0.9958046674728394,-1.4475502967834473,-0.17476201057434082,0.24560391902923584,0.06908856332302094,1.1621124744415283,1.3770393133163452,0.9359580874443054
2154,Nashville,Median Age,tract,6051,160,389,NoPreTrain,4,0.9987649321556091,-0.9580485820770264,-0.17657876014709473,0.24560391902923584,0.03672991320490837,0.9485268592834473,1.3489431142807007,0.9359580874443054
2155,Nashville,Median Age,tract,6051,160,389,NoPreTrain,5,0.9991672039031982,-1.5715312957763672,-0.22043609619140625,0.24560391902923584,0.029759734869003296,1.2176638841629028,1.4280823469161987,0.9359580874443054
2156,Nashville,Median Age,tract,6051,160,389,NoPreTrain,6,0.9996991753578186,-1.253983497619629,-0.27106404304504395,0.24560391902923584,0.014539739117026329,1.0770199298858643,1.4017424583435059,0.9359580874443054
2157,Nashville,Median Age,tract,6051,160,389,NoPreTrain,7,0.9973396062850952,-0.853937029838562,-0.31779050827026367,0.24560391902923584,0.055378951132297516,0.9977512955665588,1.4728153944015503,0.9359580874443054
2158,Nashville,Median Age,tract,6051,160,389,NoPreTrain,8,0.984892725944519,-0.9541348218917847,-0.15371441841125488,0.24560391902923584,0.13236254453659058,1.0492653846740723,1.4054620265960693,0.9359580874443054
2159,Nashville,Median Age,tract,6051,160,389,NoPreTrain,9,0.9996360540390015,-1.6686820983886719,-0.24432861804962158,0.24560391902923584,0.01602301560342312,1.1719260215759277,1.4158824682235718,0.9359580874443054
2160,Tampa,Median Income,tract,14419,458,1091,Emb,0,0.9966832995414734,-0.16415941715240479,0.17968988418579102,0.5596908926963806,0.042139794677495956,0.8144980072975159,0.879058301448822,0.5471924543380737
2161,Tampa,Median Income,tract,14419,458,1091,Emb,1,0.9728334546089172,-0.0563122034072876,0.23985964059829712,0.5596908926963806,0.14922595024108887,0.755789577960968,0.82722407579422,0.5471924543380737
2162,Tampa,Median Income,tract,14419,458,1091,Emb,2,0.9478541612625122,0.01825737953186035,0.18132323026657104,0.5596908926963806,0.19915203750133514,0.7102181911468506,0.8738837838172913,0.5471924543380737
2163,Tampa,Median Income,tract,14419,458,1091,Emb,3,0.9978950023651123,0.07660037279129028,0.20907092094421387,0.5596908926963806,0.03596246615052223,0.6803938746452332,0.8387499451637268,0.5471924543380737
2164,Tampa,Median Income,tract,14419,458,1091,Emb,4,0.9980050921440125,0.09978187084197998,0.2584957480430603,0.5596908926963806,0.028716493397951126,0.7019448280334473,0.8241561055183411,0.5471924543380737
2165,Tampa,Median Income,tract,14419,458,1091,Emb,5,0.9942238926887512,-0.12006855010986328,0.17441970109939575,0.5596908926963806,0.06667876243591309,0.7800805568695068,0.8786612153053284,0.5471924543380737
2166,Tampa,Median Income,tract,14419,458,1091,Emb,6,0.9909547567367554,0.08822524547576904,0.18828797340393066,0.5596908926963806,0.07990588992834091,0.7050271034240723,0.8805801868438721,0.5471924543380737
2167,Tampa,Median Income,tract,14419,458,1091,Emb,7,0.9777442216873169,0.03455144166946411,0.17131727933883667,0.5596908926963806,0.13039569556713104,0.7337771654129028,0.872721791267395,0.5471924543380737
2168,Tampa,Median Income,tract,14419,458,1091,Emb,8,0.9898310303688049,0.043087661266326904,0.21841800212860107,0.5596908926963806,0.0833432674407959,0.727651834487915,0.8514164686203003,0.5471924543380737
2169,Tampa,Median Income,tract,14419,458,1091,Emb,9,0.9846838116645813,-0.0034116506576538086,0.21403604745864868,0.5596908926963806,0.1053977906703949,0.7399035096168518,0.8536670207977295,0.5471924543380737
2170,Tampa,Median Income,tract,14419,458,1091,LightGCN,0,0.9282574653625488,0.21481198072433472,0.32451534271240234,0.5596908926963806,0.1956598311662674,0.6241182088851929,0.7487050890922546,0.5471924543380737
2171,Tampa,Median Income,tract,14419,458,1091,LightGCN,1,0.9699562788009644,0.21547728776931763,0.32226014137268066,0.5596908926963806,0.11802064627408981,0.6386799216270447,0.7520551681518555,0.5471924543380737
2172,Tampa,Median Income,tract,14419,458,1091,LightGCN,2,0.9607157707214355,0.15413236618041992,0.3154885172843933,0.5596908926963806,0.1405322551727295,0.6505404114723206,0.75384122133255,0.5471924543380737
2173,Tampa,Median Income,tract,14419,458,1091,LightGCN,3,0.9208361506462097,0.22865569591522217,0.26797008514404297,0.5596908926963806,0.22154545783996582,0.6262266635894775,0.7802388072013855,0.5471924543380737
2174,Tampa,Median Income,tract,14419,458,1091,LightGCN,4,0.9349462985992432,0.15808826684951782,0.31745046377182007,0.5596908926963806,0.19222351908683777,0.6273949146270752,0.7454444169998169,0.5471924543380737
2175,Tampa,Median Income,tract,14419,458,1091,LightGCN,5,0.9337029457092285,0.19246459007263184,0.31272631883621216,0.5596908926963806,0.1800934076309204,0.6146854758262634,0.7478492856025696,0.5471924543380737
2176,Tampa,Median Income,tract,14419,458,1091,LightGCN,6,0.9396880865097046,0.10521304607391357,0.28201359510421753,0.5596908926963806,0.173435240983963,0.6769620776176453,0.7657395601272583,0.5471924543380737
2177,Tampa,Median Income,tract,14419,458,1091,LightGCN,7,0.9207801222801208,0.18268686532974243,0.3002825975418091,0.5596908926963806,0.21905004978179932,0.6568732261657715,0.7613174915313721,0.5471924543380737
2178,Tampa,Median Income,tract,14419,458,1091,LightGCN,8,0.9510392546653748,0.23610520362854004,0.32770997285842896,0.5596908926963806,0.14910317957401276,0.6051473021507263,0.743783175945282,0.5471924543380737
2179,Tampa,Median Income,tract,14419,458,1091,LightGCN,9,0.9466093182563782,0.1605016589164734,0.27598607540130615,0.5596908926963806,0.1776214838027954,0.6573604941368103,0.7825504541397095,0.5471924543380737
2180,Tampa,Median Income,tract,14419,458,1091,Feat-LightGCN,0,0.9930601716041565,0.2764211893081665,0.30281615257263184,0.5596908926963806,0.05784836411476135,0.643092155456543,0.7871775031089783,0.5471924543380737
2181,Tampa,Median Income,tract,14419,458,1091,Feat-LightGCN,1,0.9719217419624329,0.21749216318130493,0.27315157651901245,0.5596908926963806,0.1389196664094925,0.6417275071144104,0.8088794946670532,0.5471924543380737
2182,Tampa,Median Income,tract,14419,458,1091,Feat-LightGCN,2,0.99302077293396,0.17703169584274292,0.325405478477478,0.5596908926963806,0.054432544857263565,0.6403939127922058,0.7647846937179565,0.5471924543380737
2183,Tampa,Median Income,tract,14419,458,1091,Feat-LightGCN,3,0.9741747975349426,0.3330378532409668,0.3183002471923828,0.5596908926963806,0.12180086225271225,0.610704779624939,0.7931855916976929,0.5471924543380737
2184,Tampa,Median Income,tract,14419,458,1091,Feat-LightGCN,4,0.8945612907409668,0.09095746278762817,0.2678847312927246,0.5596908926963806,0.2745668590068817,0.7385131120681763,0.8206281661987305,0.5471924543380737
2185,Tampa,Median Income,tract,14419,458,1091,Feat-LightGCN,5,0.9610955715179443,0.22435563802719116,0.3459877371788025,0.5596908926963806,0.1458159238100052,0.6259448528289795,0.7515203356742859,0.5471924543380737
2186,Tampa,Median Income,tract,14419,458,1091,Feat-LightGCN,6,0.967015266418457,0.2958306670188904,0.27163732051849365,0.5596908926963806,0.13945893943309784,0.615165114402771,0.7976464629173279,0.5471924543380737
2187,Tampa,Median Income,tract,14419,458,1091,Feat-LightGCN,7,0.9721037745475769,0.2375531792640686,0.33367490768432617,0.5596908926963806,0.14132486283779144,0.6650444269180298,0.7823354005813599,0.5471924543380737
2188,Tampa,Median Income,tract,14419,458,1091,Feat-LightGCN,8,0.9707397818565369,0.20393341779708862,0.2893425226211548,0.5596908926963806,0.13628186285495758,0.6792463660240173,0.803077220916748,0.5471924543380737
2189,Tampa,Median Income,tract,14419,458,1091,Feat-LightGCN,9,0.9813829064369202,0.23051530122756958,0.26880836486816406,0.5596908926963806,0.10542839020490646,0.6161920428276062,0.802947998046875,0.5471924543380737
2190,Tampa,Median Income,tract,14419,458,1091,Feat\&PC-LightGCN,0,0.9811175465583801,0.07249891757965088,0.3742498755455017,0.5596908926963806,0.10874291509389877,0.725839376449585,0.7312012910842896,0.5471924543380737
2191,Tampa,Median Income,tract,14419,458,1091,Feat\&PC-LightGCN,1,0.9931382536888123,0.344329297542572,0.4152417778968811,0.5596908926963806,0.051754821091890335,0.599054753780365,0.7012806534767151,0.5471924543380737
2192,Tampa,Median Income,tract,14419,458,1091,Feat\&PC-LightGCN,2,0.991176962852478,0.31874531507492065,0.41689860820770264,0.5596908926963806,0.055231980979442596,0.6221303343772888,0.6933528780937195,0.5471924543380737
2193,Tampa,Median Income,tract,14419,458,1091,Feat\&PC-LightGCN,3,0.9697710871696472,0.1302819848060608,0.3808369040489197,0.5596908926963806,0.14105433225631714,0.6808866262435913,0.7253501415252686,0.5471924543380737
2194,Tampa,Median Income,tract,14419,458,1091,Feat\&PC-LightGCN,4,0.9953688979148865,0.10277265310287476,0.37313926219940186,0.5596908926963806,0.044187031686306,0.6994679570198059,0.7278611063957214,0.5471924543380737
2195,Tampa,Median Income,tract,14419,458,1091,Feat\&PC-LightGCN,5,0.9941650032997131,0.19753265380859375,0.3925659656524658,0.5596908926963806,0.05209136754274368,0.656895637512207,0.7226582765579224,0.5471924543380737
2196,Tampa,Median Income,tract,14419,458,1091,Feat\&PC-LightGCN,6,0.9906104803085327,0.15324503183364868,0.3787825107574463,0.5596908926963806,0.06598488986492157,0.6831123232841492,0.720608651638031,0.5471924543380737
2197,Tampa,Median Income,tract,14419,458,1091,Feat\&PC-LightGCN,7,0.9780969619750977,0.23738008737564087,0.39121079444885254,0.5596908926963806,0.11510603129863739,0.6701564192771912,0.726685106754303,0.5471924543380737
2198,Tampa,Median Income,tract,14419,458,1091,Feat\&PC-LightGCN,8,0.9870632886886597,0.18134689331054688,0.4054749011993408,0.5596908926963806,0.09367036819458008,0.6707907319068909,0.7033653855323792,0.5471924543380737
2199,Tampa,Median Income,tract,14419,458,1091,Feat\&PC-LightGCN,9,0.9930974841117859,0.27348554134368896,0.4182473421096802,0.5596908926963806,0.050147894769907,0.6325158476829529,0.7011661529541016,0.5471924543380737
2200,Tampa,Median Income,tract,14419,458,1091,RGNN,0,0.8195329904556274,0.00879049301147461,0.24871408939361572,0.5596908926963806,0.3100026547908783,0.7540439367294312,0.8307726383209229,0.5471924543380737
2201,Tampa,Median Income,tract,14419,458,1091,RGNN,1,0.5564514398574829,-0.03970062732696533,0.1748918890953064,0.5596908926963806,0.48788267374038696,0.7379434704780579,0.8858593702316284,0.5471924543380737
2202,Tampa,Median Income,tract,14419,458,1091,RGNN,2,0.6659030914306641,0.0777788758277893,0.1591523289680481,0.5596908926963806,0.43452996015548706,0.7222900986671448,0.868971049785614,0.5471924543380737
2203,Tampa,Median Income,tract,14419,458,1091,RGNN,3,0.870421826839447,0.21510541439056396,0.26331108808517456,0.5596908926963806,0.2537896931171417,0.6796168684959412,0.8134465217590332,0.5471924543380737
2204,Tampa,Median Income,tract,14419,458,1091,RGNN,4,0.925916314125061,0.019500792026519775,0.21118688583374023,0.5596908926963806,0.18619635701179504,0.7426431775093079,0.8509863018989563,0.5471924543380737
2205,Tampa,Median Income,tract,14419,458,1091,RGNN,5,0.7186352610588074,-0.13443982601165771,0.08659595251083374,0.5596908926963806,0.38778746128082275,0.8080783486366272,0.8953971266746521,0.5471924543380737
2206,Tampa,Median Income,tract,14419,458,1091,RGNN,6,0.8029002547264099,0.21346533298492432,0.24722391366958618,0.5596908926963806,0.3309500813484192,0.6662363409996033,0.8256431818008423,0.5471924543380737
2207,Tampa,Median Income,tract,14419,458,1091,RGNN,7,0.6243149638175964,0.06405651569366455,0.15999120473861694,0.5596908926963806,0.43871036171913147,0.7262722253799438,0.8806386590003967,0.5471924543380737
2208,Tampa,Median Income,tract,14419,458,1091,RGNN,8,0.7783077359199524,-0.22597932815551758,0.12508004903793335,0.5596908926963806,0.35199442505836487,0.7968624234199524,0.8892051577568054,0.5471924543380737
2209,Tampa,Median Income,tract,14419,458,1091,RGNN,9,0.7932602763175964,-0.05514395236968994,0.16385263204574585,0.5596908926963806,0.3235785961151123,0.7763703465461731,0.8606442809104919,0.5471924543380737
2210,Tampa,Median Income,tract,14419,458,1091,Feat-RGNN,0,0.888852059841156,0.1747778058052063,0.24247896671295166,0.5596908926963806,0.23785582184791565,0.6805816888809204,0.8442186713218689,0.5471924543380737
2211,Tampa,Median Income,tract,14419,458,1091,Feat-RGNN,1,0.8037899732589722,0.060024380683898926,0.2316463589668274,0.5596908926963806,0.33098122477531433,0.740634024143219,0.8507054448127747,0.5471924543380737
2212,Tampa,Median Income,tract,14419,458,1091,Feat-RGNN,2,0.8732191920280457,-0.008913397789001465,0.2033713459968567,0.5596908926963806,0.26663416624069214,0.730461061000824,0.8726516962051392,0.5471924543380737
2213,Tampa,Median Income,tract,14419,458,1091,Feat-RGNN,3,0.6935689449310303,0.06279110908508301,0.25331592559814453,0.5596908926963806,0.4074060022830963,0.712855875492096,0.8263684511184692,0.5471924543380737
2214,Tampa,Median Income,tract,14419,458,1091,Feat-RGNN,4,0.8237674832344055,0.22002750635147095,0.2765048146247864,0.5596908926963806,0.31426844000816345,0.6882568597793579,0.8281713128089905,0.5471924543380737
2215,Tampa,Median Income,tract,14419,458,1091,Feat-RGNN,5,0.7834576964378357,-0.05766880512237549,0.2504362463951111,0.5596908926963806,0.3298495411872864,0.7704590559005737,0.8394607305526733,0.5471924543380737
2216,Tampa,Median Income,tract,14419,458,1091,Feat-RGNN,6,0.5608353018760681,0.18201804161071777,0.2530670762062073,0.5596908926963806,0.4755859076976776,0.6997847557067871,0.8361215591430664,0.5471924543380737
2217,Tampa,Median Income,tract,14419,458,1091,Feat-RGNN,7,0.510851263999939,0.10866576433181763,0.2392566204071045,0.5596908926963806,0.5377994179725647,0.696668267250061,0.8490607142448425,0.5471924543380737
2218,Tampa,Median Income,tract,14419,458,1091,Feat-RGNN,8,0.7332561612129211,0.207985520362854,0.2234528660774231,0.5596908926963806,0.3865252137184143,0.7036027312278748,0.8560875058174133,0.5471924543380737
2219,Tampa,Median Income,tract,14419,458,1091,Feat-RGNN,9,0.6785421371459961,0.04895210266113281,0.28732502460479736,0.5596908926963806,0.4129312336444855,0.7402127981185913,0.8114161491394043,0.5471924543380737
2220,Tampa,Median Income,tract,14419,458,1091,Feat\&PC-RGNN,0,0.7751638889312744,0.11568480730056763,0.20598876476287842,0.5596908926963806,0.3421960771083832,0.7356570959091187,0.8783175349235535,0.5471924543380737
2221,Tampa,Median Income,tract,14419,458,1091,Feat\&PC-RGNN,1,0.7755762338638306,0.11667680740356445,0.26519131660461426,0.5596908926963806,0.34182119369506836,0.7215160727500916,0.8364278674125671,0.5471924543380737
2222,Tampa,Median Income,tract,14419,458,1091,Feat\&PC-RGNN,2,0.8593164682388306,0.23237371444702148,0.29907768964767456,0.5596908926963806,0.28480616211891174,0.6225815415382385,0.7972802519798279,0.5471924543380737
2223,Tampa,Median Income,tract,14419,458,1091,Feat\&PC-RGNN,3,0.9400439858436584,0.16455304622650146,0.20547515153884888,0.5596908926963806,0.1881648451089859,0.7240889072418213,0.881669819355011,0.5471924543380737
2224,Tampa,Median Income,tract,14419,458,1091,Feat\&PC-RGNN,4,0.8381889462471008,0.23142153024673462,0.2850002646446228,0.5596908926963806,0.2982390522956848,0.6706365346908569,0.8048378825187683,0.5471924543380737
2225,Tampa,Median Income,tract,14419,458,1091,Feat\&PC-RGNN,5,0.8146997690200806,0.3207414746284485,0.23353040218353271,0.5596908926963806,0.33877477049827576,0.5891292691230774,0.8426209092140198,0.5471924543380737
2226,Tampa,Median Income,tract,14419,458,1091,Feat\&PC-RGNN,6,0.8777658343315125,0.17153900861740112,0.32073110342025757,0.5596908926963806,0.25308889150619507,0.7181341052055359,0.806278645992279,0.5471924543380737
2227,Tampa,Median Income,tract,14419,458,1091,Feat\&PC-RGNN,7,0.9131975173950195,0.25366801023483276,0.2883952260017395,0.5596908926963806,0.22879990935325623,0.6644302606582642,0.8117883801460266,0.5471924543380737
2228,Tampa,Median Income,tract,14419,458,1091,Feat\&PC-RGNN,8,0.8335019946098328,0.09167176485061646,0.24516141414642334,0.5596908926963806,0.29529860615730286,0.7364650368690491,0.8510118126869202,0.5471924543380737
2229,Tampa,Median Income,tract,14419,458,1091,Feat\&PC-RGNN,9,0.6887806057929993,0.02887141704559326,0.25523877143859863,0.5596908926963806,0.4119158387184143,0.7575538754463196,0.8559158444404602,0.5471924543380737
2230,Tampa,Median Income,tract,14419,458,1091,NoPreTrain,0,0.9977882504463196,-1.4315485954284668,-0.20307374000549316,0.5596908926963806,0.041190292686223984,1.1753582954406738,1.1026180982589722,0.5471924543380737
2231,Tampa,Median Income,tract,14419,458,1091,NoPreTrain,1,0.999500572681427,-0.3596689701080322,0.13356071710586548,0.5596908926963806,0.014530551619827747,0.9067277312278748,0.9100926518440247,0.5471924543380737
2232,Tampa,Median Income,tract,14419,458,1091,NoPreTrain,2,0.99872887134552,-0.5325500965118408,-0.08291876316070557,0.5596908926963806,0.02922184206545353,0.9431285858154297,0.9925147891044617,0.5471924543380737
2233,Tampa,Median Income,tract,14419,458,1091,NoPreTrain,3,0.9985635280609131,-0.5873503684997559,0.05614662170410156,0.5596908926963806,0.030248314142227173,0.9763880372047424,0.942828357219696,0.5471924543380737
2234,Tampa,Median Income,tract,14419,458,1091,NoPreTrain,4,0.996634840965271,-1.033202886581421,-0.19674479961395264,0.5596908926963806,0.050628334283828735,1.1163443326950073,1.0717195272445679,0.5471924543380737
2235,Tampa,Median Income,tract,14419,458,1091,NoPreTrain,5,0.992476761341095,-0.3220330476760864,0.04811316728591919,0.5596908926963806,0.07841185480356216,0.8864799737930298,0.9598687291145325,0.5471924543380737
2236,Tampa,Median Income,tract,14419,458,1091,NoPreTrain,6,0.9992572665214539,-0.7707829475402832,0.05949372053146362,0.5596908926963806,0.018620934337377548,1.0031794309616089,0.9514753222465515,0.5471924543380737
2237,Tampa,Median Income,tract,14419,458,1091,NoPreTrain,7,0.9971427917480469,-0.788396954536438,-0.04427838325500488,0.5596908926963806,0.047002509236335754,1.0282580852508545,1.0165984630584717,0.5471924543380737
2238,Tampa,Median Income,tract,14419,458,1091,NoPreTrain,8,0.9963192939758301,-0.5672259330749512,0.09886038303375244,0.5596908926963806,0.05165814980864525,0.9753801822662354,0.9408378601074219,0.5471924543380737
2239,Tampa,Median Income,tract,14419,458,1091,NoPreTrain,9,0.9995418787002563,-0.9351191520690918,0.033265888690948486,0.5596908926963806,0.014256571419537067,1.001327395439148,0.959343671798706,0.5471924543380737
2240,Tampa,Median Home Value,tract,14061,452,1062,Emb,0,0.9965023994445801,-0.5085347890853882,0.16993606090545654,0.6853445172309875,0.05169638618826866,0.8213560581207275,0.7554139494895935,0.3783399760723114
2241,Tampa,Median Home Value,tract,14061,452,1062,Emb,1,0.9946855902671814,-0.106903076171875,0.21229439973831177,0.6853445172309875,0.0615413598716259,0.7208080887794495,0.7414823770523071,0.3783399760723114
2242,Tampa,Median Home Value,tract,14061,452,1062,Emb,2,0.998630940914154,-0.2845674753189087,0.18517565727233887,0.6853445172309875,0.02805906906723976,0.7532239556312561,0.7560276389122009,0.3783399760723114
2243,Tampa,Median Home Value,tract,14061,452,1062,Emb,3,0.9934119582176208,-0.016823530197143555,0.28368300199508667,0.6853445172309875,0.06695721298456192,0.693378210067749,0.7099055051803589,0.3783399760723114
2244,Tampa,Median Home Value,tract,14061,452,1062,Emb,4,0.9908187985420227,-0.14330756664276123,0.2058802843093872,0.6853445172309875,0.08815151453018188,0.7572256326675415,0.7590410709381104,0.3783399760723114
2245,Tampa,Median Home Value,tract,14061,452,1062,Emb,5,0.9921048879623413,-0.13241112232208252,0.21742570400238037,0.6853445172309875,0.07937460392713547,0.7416107654571533,0.7456437945365906,0.3783399760723114
2246,Tampa,Median Home Value,tract,14061,452,1062,Emb,6,0.9889815449714661,-0.050893425941467285,0.22766155004501343,0.6853445172309875,0.09140479564666748,0.7113540172576904,0.7400252819061279,0.3783399760723114
2247,Tampa,Median Home Value,tract,14061,452,1062,Emb,7,0.9907167553901672,-0.06316709518432617,0.32747817039489746,0.6853445172309875,0.07123274356126785,0.700156033039093,0.6760215759277344,0.3783399760723114
2248,Tampa,Median Home Value,tract,14061,452,1062,Emb,8,0.9924132227897644,-0.032083868980407715,0.20340228080749512,0.6853445172309875,0.0732242614030838,0.7121827602386475,0.7578521966934204,0.3783399760723114
2249,Tampa,Median Home Value,tract,14061,452,1062,Emb,9,0.9927433729171753,-0.3490821123123169,0.15492558479309082,0.6853445172309875,0.07862662523984909,0.7640684247016907,0.7677228450775146,0.3783399760723114
2250,Tampa,Median Home Value,tract,14061,452,1062,LightGCN,0,0.9236631989479065,0.17083847522735596,0.4421880841255188,0.6853445172309875,0.19918839633464813,0.5882817506790161,0.6182765364646912,0.3783399760723114
2251,Tampa,Median Home Value,tract,14061,452,1062,LightGCN,1,0.9328923225402832,0.2358229160308838,0.42862558364868164,0.6853445172309875,0.2012699395418167,0.5652836561203003,0.6353508830070496,0.3783399760723114
2252,Tampa,Median Home Value,tract,14061,452,1062,LightGCN,2,0.9261831641197205,0.2662482261657715,0.4829530715942383,0.6853445172309875,0.19666391611099243,0.5675008893013,0.5861771106719971,0.3783399760723114
2253,Tampa,Median Home Value,tract,14061,452,1062,LightGCN,3,0.9077970385551453,0.3158334493637085,0.4795885682106018,0.6853445172309875,0.22524669766426086,0.5502671599388123,0.5921329259872437,0.3783399760723114
2254,Tampa,Median Home Value,tract,14061,452,1062,LightGCN,4,0.9464865922927856,0.3259029984474182,0.5064517259597778,0.6853445172309875,0.17348314821720123,0.5384563207626343,0.5733226537704468,0.3783399760723114
2255,Tampa,Median Home Value,tract,14061,452,1062,LightGCN,5,0.8583526015281677,0.15918296575546265,0.4229397177696228,0.6853445172309875,0.26865530014038086,0.5896046757698059,0.6462235450744629,0.3783399760723114
2256,Tampa,Median Home Value,tract,14061,452,1062,LightGCN,6,0.8640232682228088,0.3059535026550293,0.4567336440086365,0.6853445172309875,0.27137646079063416,0.5722594857215881,0.5931589603424072,0.3783399760723114
2257,Tampa,Median Home Value,tract,14061,452,1062,LightGCN,7,0.9395773410797119,0.31170785427093506,0.44679224491119385,0.6853445172309875,0.19052332639694214,0.5622482299804688,0.6229856610298157,0.3783399760723114
2258,Tampa,Median Home Value,tract,14061,452,1062,LightGCN,8,0.9262524247169495,0.24141842126846313,0.4666297435760498,0.6853445172309875,0.20173943042755127,0.5957167148590088,0.5944923758506775,0.3783399760723114
2259,Tampa,Median Home Value,tract,14061,452,1062,LightGCN,9,0.9390285015106201,0.16139912605285645,0.4411107301712036,0.6853445172309875,0.18781332671642303,0.5993736386299133,0.6184982061386108,0.3783399760723114
2260,Tampa,Median Home Value,tract,14061,452,1062,Feat-LightGCN,0,0.9747457504272461,0.21464121341705322,0.35570400953292847,0.6853445172309875,0.12172006070613861,0.5818892121315002,0.6495345830917358,0.3783399760723114
2261,Tampa,Median Home Value,tract,14061,452,1062,Feat-LightGCN,1,0.9495159983634949,0.38652294874191284,0.3822520971298218,0.6853445172309875,0.1768152266740799,0.5293581485748291,0.645397961139679,0.3783399760723114
2262,Tampa,Median Home Value,tract,14061,452,1062,Feat-LightGCN,2,0.9705464243888855,0.3282061219215393,0.33747392892837524,0.6853445172309875,0.12955665588378906,0.5585771203041077,0.6662380695343018,0.3783399760723114
2263,Tampa,Median Home Value,tract,14061,452,1062,Feat-LightGCN,3,0.947853147983551,0.16531723737716675,0.30770164728164673,0.6853445172309875,0.18122147023677826,0.6025496125221252,0.6985403299331665,0.3783399760723114
2264,Tampa,Median Home Value,tract,14061,452,1062,Feat-LightGCN,4,0.9732277989387512,0.2306218147277832,0.32842153310775757,0.6853445172309875,0.12672920525074005,0.5893194079399109,0.6829484701156616,0.3783399760723114
2265,Tampa,Median Home Value,tract,14061,452,1062,Feat-LightGCN,5,0.9559452533721924,0.32516926527023315,0.3582894206047058,0.6853445172309875,0.15055322647094727,0.538310170173645,0.6646590828895569,0.3783399760723114
2266,Tampa,Median Home Value,tract,14061,452,1062,Feat-LightGCN,6,0.9740880727767944,0.18694990873336792,0.3292749524116516,0.6853445172309875,0.12378285080194473,0.5433802008628845,0.6675280332565308,0.3783399760723114
2267,Tampa,Median Home Value,tract,14061,452,1062,Feat-LightGCN,7,0.976037859916687,0.2045072317123413,0.2805108428001404,0.6853445172309875,0.12587398290634155,0.6170471906661987,0.6999945044517517,0.3783399760723114
2268,Tampa,Median Home Value,tract,14061,452,1062,Feat-LightGCN,8,0.9477917551994324,0.36339497566223145,0.3603464961051941,0.6853445172309875,0.18654118478298187,0.4961244463920593,0.6607293486595154,0.3783399760723114
2269,Tampa,Median Home Value,tract,14061,452,1062,Feat-LightGCN,9,0.9650055170059204,0.1928672194480896,0.35801875591278076,0.6853445172309875,0.14913669228553772,0.5815237760543823,0.6601297855377197,0.3783399760723114
2270,Tampa,Median Home Value,tract,14061,452,1062,Feat\&PC-LightGCN,0,0.9938175678253174,0.32531511783599854,0.48929935693740845,0.6853445172309875,0.05152524635195732,0.5191285610198975,0.5486190319061279,0.3783399760723114
2271,Tampa,Median Home Value,tract,14061,452,1062,Feat\&PC-LightGCN,1,0.9931557774543762,0.32166361808776855,0.5158624649047852,0.6853445172309875,0.06060511991381645,0.5513303279876709,0.548674464225769,0.3783399760723114
2272,Tampa,Median Home Value,tract,14061,452,1062,Feat\&PC-LightGCN,2,0.9915040731430054,0.18837875127792358,0.47242116928100586,0.6853445172309875,0.0616907998919487,0.5848739743232727,0.5641429424285889,0.3783399760723114
2273,Tampa,Median Home Value,tract,14061,452,1062,Feat\&PC-LightGCN,3,0.9847676753997803,0.35760241746902466,0.4789993166923523,0.6853445172309875,0.10019227117300034,0.5261704325675964,0.5675162076950073,0.3783399760723114
2274,Tampa,Median Home Value,tract,14061,452,1062,Feat\&PC-LightGCN,4,0.963503360748291,0.09175288677215576,0.4617251753807068,0.6853445172309875,0.16323959827423096,0.5919609069824219,0.5644261837005615,0.3783399760723114
2275,Tampa,Median Home Value,tract,14061,452,1062,Feat\&PC-LightGCN,5,0.995138943195343,0.23969346284866333,0.47006332874298096,0.6853445172309875,0.039291802793741226,0.5584349632263184,0.5649514198303223,0.3783399760723114
2276,Tampa,Median Home Value,tract,14061,452,1062,Feat\&PC-LightGCN,6,0.8440357446670532,0.0756574273109436,0.3773345947265625,0.6853445172309875,0.35205286741256714,0.6328979134559631,0.6550366282463074,0.3783399760723114
2277,Tampa,Median Home Value,tract,14061,452,1062,Feat\&PC-LightGCN,7,0.995034396648407,0.3425675630569458,0.47114819288253784,0.6853445172309875,0.04142383858561516,0.514322817325592,0.5647812485694885,0.3783399760723114
2278,Tampa,Median Home Value,tract,14061,452,1062,Feat\&PC-LightGCN,8,0.9948596954345703,0.27397966384887695,0.46502143144607544,0.6853445172309875,0.05211406946182251,0.5598838329315186,0.5717227458953857,0.3783399760723114
2279,Tampa,Median Home Value,tract,14061,452,1062,Feat\&PC-LightGCN,9,0.9943442344665527,0.26314979791641235,0.4635760188102722,0.6853445172309875,0.059362541884183884,0.5517500638961792,0.5735892653465271,0.3783399760723114
2280,Tampa,Median Home Value,tract,14061,452,1062,RGNN,0,0.6894086599349976,0.254938542842865,0.29878801107406616,0.6853445172309875,0.3991653025150299,0.5847532749176025,0.7120927572250366,0.3783399760723114
2281,Tampa,Median Home Value,tract,14061,452,1062,RGNN,1,0.7312036752700806,0.2305222749710083,0.23450428247451782,0.6853445172309875,0.4031771421432495,0.5986964106559753,0.7184010148048401,0.3783399760723114
2282,Tampa,Median Home Value,tract,14061,452,1062,RGNN,2,0.7462239265441895,0.2838713526725769,0.33004236221313477,0.6853445172309875,0.35202258825302124,0.559590756893158,0.6910922527313232,0.3783399760723114
2283,Tampa,Median Home Value,tract,14061,452,1062,RGNN,3,0.945345938205719,0.2427956461906433,0.3868789076805115,0.6853445172309875,0.17288514971733093,0.596310019493103,0.6403049826622009,0.3783399760723114
2284,Tampa,Median Home Value,tract,14061,452,1062,RGNN,4,0.7754071950912476,0.10139334201812744,0.25849878787994385,0.6853445172309875,0.3468444347381592,0.638149619102478,0.730940043926239,0.3783399760723114
2285,Tampa,Median Home Value,tract,14061,452,1062,RGNN,5,0.8374280333518982,0.26668208837509155,0.36607664823532104,0.6853445172309875,0.29249307513237,0.5518096089363098,0.6665000915527344,0.3783399760723114
2286,Tampa,Median Home Value,tract,14061,452,1062,RGNN,6,0.704744815826416,0.32508736848831177,0.3266475796699524,0.6853445172309875,0.39435115456581116,0.5667778253555298,0.6906210780143738,0.3783399760723114
2287,Tampa,Median Home Value,tract,14061,452,1062,RGNN,7,0.8553773164749146,0.07436960935592651,0.28106701374053955,0.6853445172309875,0.2646041512489319,0.6402652263641357,0.7171124219894409,0.3783399760723114
2288,Tampa,Median Home Value,tract,14061,452,1062,RGNN,8,0.8447090983390808,0.1264527440071106,0.2877790927886963,0.6853445172309875,0.28334835171699524,0.6172877550125122,0.6849027872085571,0.3783399760723114
2289,Tampa,Median Home Value,tract,14061,452,1062,RGNN,9,0.5837159752845764,0.018252193927764893,0.24331027269363403,0.6853445172309875,0.4955202043056488,0.680314302444458,0.7489376068115234,0.3783399760723114
2290,Tampa,Median Home Value,tract,14061,452,1062,Feat-RGNN,0,0.6343597173690796,0.14640933275222778,0.2174888253211975,0.6853445172309875,0.5005534291267395,0.6432906985282898,0.7608420848846436,0.3783399760723114
2291,Tampa,Median Home Value,tract,14061,452,1062,Feat-RGNN,1,0.5612081289291382,0.2901417016983032,0.3198961019515991,0.6853445172309875,0.5005598068237305,0.5853120684623718,0.7183802127838135,0.3783399760723114
2292,Tampa,Median Home Value,tract,14061,452,1062,Feat-RGNN,2,0.6667143106460571,0.2661118507385254,0.3150876760482788,0.6853445172309875,0.4381338655948639,0.5972772836685181,0.6969026923179626,0.3783399760723114
2293,Tampa,Median Home Value,tract,14061,452,1062,Feat-RGNN,3,0.7214999198913574,0.28879988193511963,0.34980738162994385,0.6853445172309875,0.37837764620780945,0.5723174214363098,0.6835817098617554,0.3783399760723114
2294,Tampa,Median Home Value,tract,14061,452,1062,Feat-RGNN,4,0.6347428560256958,0.34537482261657715,0.35304832458496094,0.6853445172309875,0.45595163106918335,0.563247799873352,0.683901309967041,0.3783399760723114
2295,Tampa,Median Home Value,tract,14061,452,1062,Feat-RGNN,5,0.6002641916275024,0.21596091985702515,0.2361469864845276,0.6853445172309875,0.4869176745414734,0.5893063545227051,0.7541682124137878,0.3783399760723114
2296,Tampa,Median Home Value,tract,14061,452,1062,Feat-RGNN,6,0.7309534549713135,0.3664398789405823,0.3323005437850952,0.6853445172309875,0.37643617391586304,0.5275246500968933,0.686762273311615,0.3783399760723114
2297,Tampa,Median Home Value,tract,14061,452,1062,Feat-RGNN,7,0.7390240430831909,0.3893035650253296,0.29869747161865234,0.6853445172309875,0.37037840485572815,0.5391818284988403,0.6974850296974182,0.3783399760723114
2298,Tampa,Median Home Value,tract,14061,452,1062,Feat-RGNN,8,0.6237351894378662,0.4777722954750061,0.2598845958709717,0.6853445172309875,0.4477696418762207,0.47872892022132874,0.7250481247901917,0.3783399760723114
2299,Tampa,Median Home Value,tract,14061,452,1062,Feat-RGNN,9,0.5779596567153931,0.4724876880645752,0.3643604516983032,0.6853445172309875,0.4803992211818695,0.493978351354599,0.678895890712738,0.3783399760723114
2300,Tampa,Median Home Value,tract,14061,452,1062,Feat\&PC-RGNN,0,0.8824819922447205,0.26551246643066406,0.34062623977661133,0.6853445172309875,0.25582605600357056,0.5856506824493408,0.6828897595405579,0.3783399760723114
2301,Tampa,Median Home Value,tract,14061,452,1062,Feat\&PC-RGNN,1,0.7445333003997803,0.2877052426338196,0.32843977212905884,0.6853445172309875,0.37518414855003357,0.5676084160804749,0.6915156245231628,0.3783399760723114
2302,Tampa,Median Home Value,tract,14061,452,1062,Feat\&PC-RGNN,2,0.7955644726753235,0.07614052295684814,0.3046579360961914,0.6853445172309875,0.34417852759361267,0.6220144033432007,0.7120235562324524,0.3783399760723114
2303,Tampa,Median Home Value,tract,14061,452,1062,Feat\&PC-RGNN,3,0.9480197429656982,0.02434772253036499,0.2547982335090637,0.6853445172309875,0.16562555730342865,0.6625409126281738,0.7087775468826294,0.3783399760723114
2304,Tampa,Median Home Value,tract,14061,452,1062,Feat\&PC-RGNN,4,0.7786844968795776,0.17921799421310425,0.2844751477241516,0.6853445172309875,0.3570433259010315,0.5896516442298889,0.7240602374076843,0.3783399760723114
2305,Tampa,Median Home Value,tract,14061,452,1062,Feat\&PC-RGNN,5,0.8245398998260498,0.19020366668701172,0.2738921046257019,0.6853445172309875,0.32023486495018005,0.6103541254997253,0.7285507917404175,0.3783399760723114
2306,Tampa,Median Home Value,tract,14061,452,1062,Feat\&PC-RGNN,6,0.8980895280838013,0.17584121227264404,0.31793302297592163,0.6853445172309875,0.23820491135120392,0.6190232634544373,0.695763111114502,0.3783399760723114
2307,Tampa,Median Home Value,tract,14061,452,1062,Feat\&PC-RGNN,7,0.8833411335945129,0.13557898998260498,0.29208946228027344,0.6853445172309875,0.26007530093193054,0.5964833498001099,0.7094385623931885,0.3783399760723114
2308,Tampa,Median Home Value,tract,14061,452,1062,Feat\&PC-RGNN,8,0.8414190411567688,-0.03531014919281006,0.2853667140007019,0.6853445172309875,0.28804895281791687,0.6416444182395935,0.6876136064529419,0.3783399760723114
2309,Tampa,Median Home Value,tract,14061,452,1062,Feat\&PC-RGNN,9,0.9250964522361755,0.20543599128723145,0.3617977499961853,0.6853445172309875,0.203106090426445,0.6165346503257751,0.6603490114212036,0.3783399760723114
2310,Tampa,Median Home Value,tract,14061,452,1062,NoPreTrain,0,0.9993059635162354,-1.395401954650879,-0.1817631721496582,0.6853445172309875,0.0205464456230402,1.031352162361145,0.9457090497016907,0.3783399760723114
2311,Tampa,Median Home Value,tract,14061,452,1062,NoPreTrain,1,0.9986581802368164,-0.8881325721740723,-0.014550447463989258,0.6853445172309875,0.03158518671989441,0.926123321056366,0.8739659190177917,0.3783399760723114
2312,Tampa,Median Home Value,tract,14061,452,1062,NoPreTrain,2,0.9956774711608887,-1.1485743522644043,-0.21396803855895996,0.6853445172309875,0.05853770300745964,1.0689983367919922,0.9693198800086975,0.3783399760723114
2313,Tampa,Median Home Value,tract,14061,452,1062,NoPreTrain,3,0.9993764758110046,-0.967109203338623,-0.27774226665496826,0.6853445172309875,0.018517248332500458,1.0066657066345215,0.9820643067359924,0.3783399760723114
2314,Tampa,Median Home Value,tract,14061,452,1062,NoPreTrain,4,0.9984875321388245,-1.5026228427886963,-0.1541271209716797,0.6853445172309875,0.032838281244039536,1.0337321758270264,0.9334689974784851,0.3783399760723114
2315,Tampa,Median Home Value,tract,14061,452,1062,NoPreTrain,5,0.9987375140190125,-0.9848382472991943,-0.16874957084655762,0.6853445172309875,0.030055874958634377,0.9305872917175293,0.9172584414482117,0.3783399760723114
2316,Tampa,Median Home Value,tract,14061,452,1062,NoPreTrain,6,0.9954895377159119,-1.2527554035186768,-0.3637557029724121,0.6853445172309875,0.06201671063899994,1.0702061653137207,1.0264414548873901,0.3783399760723114
2317,Tampa,Median Home Value,tract,14061,452,1062,NoPreTrain,7,0.9867704510688782,-0.8440521955490112,-0.10554873943328857,0.6853445172309875,0.10918105393648148,0.9354822635650635,0.9114687442779541,0.3783399760723114
2318,Tampa,Median Home Value,tract,14061,452,1062,NoPreTrain,8,0.9975825548171997,-0.574478030204773,-0.26116466522216797,0.6853445172309875,0.04431963711977005,0.8018341660499573,0.9661513566970825,0.3783399760723114
2319,Tampa,Median Home Value,tract,14061,452,1062,NoPreTrain,9,0.9984719753265381,-0.6521027088165283,-0.08503603935241699,0.6853445172309875,0.03507242351770401,0.9022132754325867,0.909331202507019,0.3783399760723114
2320,Tampa,Median Age,tract,14876,458,1122,Emb,0,0.9974581599235535,-0.48050224781036377,0.11504185199737549,0.4700390696525574,0.035610973834991455,0.7585404515266418,0.7897880673408508,0.5638851523399353
2321,Tampa,Median Age,tract,14876,458,1122,Emb,1,0.9962979555130005,-0.08906888961791992,0.0791664719581604,0.4700390696525574,0.05450407788157463,0.6803928017616272,0.8018081784248352,0.5638851523399353
2322,Tampa,Median Age,tract,14876,458,1122,Emb,2,0.9977094531059265,-0.3181416988372803,0.06621676683425903,0.4700390696525574,0.03659312427043915,0.7260608673095703,0.8099432587623596,0.5638851523399353
2323,Tampa,Median Age,tract,14876,458,1122,Emb,3,0.9964971542358398,-0.21105945110321045,0.10162746906280518,0.4700390696525574,0.05219283327460289,0.7466496229171753,0.797317385673523,0.5638851523399353
2324,Tampa,Median Age,tract,14876,458,1122,Emb,4,0.9986297488212585,0.08996880054473877,0.10080361366271973,0.4700390696525574,0.03173620626330376,0.6291865706443787,0.8043226599693298,0.5638851523399353
2325,Tampa,Median Age,tract,14876,458,1122,Emb,5,0.9975970983505249,-0.30327439308166504,0.05539315938949585,0.4700390696525574,0.03921150416135788,0.7467740774154663,0.8225350379943848,0.5638851523399353
2326,Tampa,Median Age,tract,14876,458,1122,Emb,6,0.9967328310012817,-0.10104680061340332,0.05629831552505493,0.4700390696525574,0.047946423292160034,0.7045590877532959,0.8191678524017334,0.5638851523399353
2327,Tampa,Median Age,tract,14876,458,1122,Emb,7,0.9982631206512451,-0.2786825895309448,0.018658995628356934,0.4700390696525574,0.027446165680885315,0.7650488018989563,0.8345031142234802,0.5638851523399353
2328,Tampa,Median Age,tract,14876,458,1122,Emb,8,0.9977226257324219,-0.05246114730834961,0.11724889278411865,0.4700390696525574,0.03761240839958191,0.6709116697311401,0.7913356423377991,0.5638851523399353
2329,Tampa,Median Age,tract,14876,458,1122,Emb,9,0.9896681308746338,-0.015363693237304688,0.11362510919570923,0.4700390696525574,0.09501038491725922,0.6745310425758362,0.7925692200660706,0.5638851523399353
2330,Tampa,Median Age,tract,14876,458,1122,LightGCN,0,0.880867063999176,-0.02033078670501709,0.2028489112854004,0.4700390696525574,0.23194795846939087,0.6291311383247375,0.7475626468658447,0.5638851523399353
2331,Tampa,Median Age,tract,14876,458,1122,LightGCN,1,0.8565780520439148,0.16254913806915283,0.17164528369903564,0.4700390696525574,0.27643248438835144,0.6385539770126343,0.769173264503479,0.5638851523399353
2332,Tampa,Median Age,tract,14876,458,1122,LightGCN,2,0.8882675170898438,0.035916686058044434,0.20376348495483398,0.4700390696525574,0.25804612040519714,0.6397427916526794,0.7592461109161377,0.5638851523399353
2333,Tampa,Median Age,tract,14876,458,1122,LightGCN,3,0.925403356552124,-0.2275536060333252,0.13496243953704834,0.4700390696525574,0.18606984615325928,0.7372402548789978,0.7693393230438232,0.5638851523399353
2334,Tampa,Median Age,tract,14876,458,1122,LightGCN,4,0.9349663853645325,0.10690635442733765,0.19430619478225708,0.4700390696525574,0.17822501063346863,0.6265180706977844,0.7573179006576538,0.5638851523399353
2335,Tampa,Median Age,tract,14876,458,1122,LightGCN,5,0.8827796578407288,0.0515633225440979,0.24409455060958862,0.4700390696525574,0.23201967775821686,0.6595373749732971,0.7351686954498291,0.5638851523399353
2336,Tampa,Median Age,tract,14876,458,1122,LightGCN,6,0.9482612609863281,0.09188979864120483,0.18252193927764893,0.4700390696525574,0.155954509973526,0.6139340400695801,0.7573818564414978,0.5638851523399353
2337,Tampa,Median Age,tract,14876,458,1122,LightGCN,7,0.7919522523880005,-0.3015434741973877,0.11512494087219238,0.4700390696525574,0.3694989085197449,0.7786434292793274,0.795841634273529,0.5638851523399353
2338,Tampa,Median Age,tract,14876,458,1122,LightGCN,8,0.9153293371200562,0.14591574668884277,0.27158647775650024,0.4700390696525574,0.19453227519989014,0.6054448485374451,0.7209095358848572,0.5638851523399353
2339,Tampa,Median Age,tract,14876,458,1122,LightGCN,9,0.8715600371360779,-0.007144570350646973,0.19052588939666748,0.4700390696525574,0.25732243061065674,0.6522065997123718,0.7530173659324646,0.5638851523399353
2340,Tampa,Median Age,tract,14876,458,1122,Feat-LightGCN,0,0.9727510213851929,0.06180661916732788,0.1370408535003662,0.4700390696525574,0.12275578081607819,0.6239515542984009,0.7799707651138306,0.5638851523399353
2341,Tampa,Median Age,tract,14876,458,1122,Feat-LightGCN,1,0.9768112897872925,-0.300797700881958,0.08932369947433472,0.4700390696525574,0.1217431053519249,0.7167341709136963,0.7945483922958374,0.5638851523399353
2342,Tampa,Median Age,tract,14876,458,1122,Feat-LightGCN,2,0.9868168234825134,0.09869098663330078,0.12347984313964844,0.4700390696525574,0.09318181127309799,0.6272375583648682,0.7851840853691101,0.5638851523399353
2343,Tampa,Median Age,tract,14876,458,1122,Feat-LightGCN,3,0.985895574092865,0.07238250970840454,0.18109911680221558,0.4700390696525574,0.08762197196483612,0.6037276387214661,0.7603862881660461,0.5638851523399353
2344,Tampa,Median Age,tract,14876,458,1122,Feat-LightGCN,4,0.990537166595459,-0.09556436538696289,0.12694114446640015,0.4700390696525574,0.06845029443502426,0.6744765043258667,0.7744136452674866,0.5638851523399353
2345,Tampa,Median Age,tract,14876,458,1122,Feat-LightGCN,5,0.9763543009757996,0.03048330545425415,0.0722346305847168,0.4700390696525574,0.10602766275405884,0.6619099378585815,0.7944196462631226,0.5638851523399353
2346,Tampa,Median Age,tract,14876,458,1122,Feat-LightGCN,6,0.9853442907333374,-0.05213809013366699,0.0859948992729187,0.4700390696525574,0.090864397585392,0.6901631355285645,0.8051754236221313,0.5638851523399353
2347,Tampa,Median Age,tract,14876,458,1122,Feat-LightGCN,7,0.988899290561676,-0.07865726947784424,0.14074444770812988,0.4700390696525574,0.07349938899278641,0.6626543998718262,0.7680448889732361,0.5638851523399353
2348,Tampa,Median Age,tract,14876,458,1122,Feat-LightGCN,8,0.9728488922119141,-0.16295921802520752,0.07861709594726562,0.4700390696525574,0.13770529627799988,0.7195517420768738,0.7941269874572754,0.5638851523399353
2349,Tampa,Median Age,tract,14876,458,1122,Feat-LightGCN,9,0.9873165488243103,-0.014055967330932617,0.0977027416229248,0.4700390696525574,0.09244129806756973,0.6578788161277771,0.7983307242393494,0.5638851523399353
2350,Tampa,Median Age,tract,14876,458,1122,Feat\&PC-LightGCN,0,0.9887186288833618,-0.1514514684677124,0.2108268141746521,0.4700390696525574,0.08421676605939865,0.6798636317253113,0.7214339971542358,0.5638851523399353
2351,Tampa,Median Age,tract,14876,458,1122,Feat\&PC-LightGCN,1,0.9892004132270813,-0.022338032722473145,0.21142643690109253,0.4700390696525574,0.0773928314447403,0.6219651699066162,0.7122852802276611,0.5638851523399353
2352,Tampa,Median Age,tract,14876,458,1122,Feat\&PC-LightGCN,2,0.9942502379417419,-0.3940051794052124,0.18320977687835693,0.4700390696525574,0.05258025974035263,0.7421779036521912,0.7335033416748047,0.5638851523399353
2353,Tampa,Median Age,tract,14876,458,1122,Feat\&PC-LightGCN,3,0.9923756122589111,-0.11635684967041016,0.181473970413208,0.4700390696525574,0.06200886145234108,0.6680932641029358,0.7224569916725159,0.5638851523399353
2354,Tampa,Median Age,tract,14876,458,1122,Feat\&PC-LightGCN,4,0.9889620542526245,-0.41819465160369873,0.15175288915634155,0.4700390696525574,0.08187934756278992,0.7133821249008179,0.7435785531997681,0.5638851523399353
2355,Tampa,Median Age,tract,14876,458,1122,Feat\&PC-LightGCN,5,0.9857932925224304,0.21911054849624634,0.24481308460235596,0.4700390696525574,0.08975403010845184,0.589343249797821,0.705468475818634,0.5638851523399353
2356,Tampa,Median Age,tract,14876,458,1122,Feat\&PC-LightGCN,6,0.9900940656661987,-0.41588568687438965,0.19155794382095337,0.4700390696525574,0.06811756640672684,0.6668186783790588,0.7152184844017029,0.5638851523399353
2357,Tampa,Median Age,tract,14876,458,1122,Feat\&PC-LightGCN,7,0.9802008271217346,-0.13151419162750244,0.21220940351486206,0.4700390696525574,0.12304357439279556,0.670544445514679,0.7245753407478333,0.5638851523399353
2358,Tampa,Median Age,tract,14876,458,1122,Feat\&PC-LightGCN,8,0.9913497567176819,-0.10372781753540039,0.1984473466873169,0.4700390696525574,0.05877826362848282,0.6294199228286743,0.7171903848648071,0.5638851523399353
2359,Tampa,Median Age,tract,14876,458,1122,Feat\&PC-LightGCN,9,0.9801903367042542,-0.008536338806152344,0.22229820489883423,0.4700390696525574,0.10637317597866058,0.6165224313735962,0.7115121483802795,0.5638851523399353
2360,Tampa,Median Age,tract,14876,458,1122,RGNN,0,0.6330288648605347,-0.08380675315856934,0.0949137806892395,0.4700390696525574,0.4364890456199646,0.6948190927505493,0.8105480670928955,0.5638851523399353
2361,Tampa,Median Age,tract,14876,458,1122,RGNN,1,0.6302430629730225,0.010301768779754639,-0.007726430892944336,0.4700390696525574,0.46986719965934753,0.6560133695602417,0.8511728048324585,0.5638851523399353
2362,Tampa,Median Age,tract,14876,458,1122,RGNN,2,0.6682779788970947,0.13116425275802612,0.16474217176437378,0.4700390696525574,0.4125536382198334,0.6201196908950806,0.7706164121627808,0.5638851523399353
2363,Tampa,Median Age,tract,14876,458,1122,RGNN,3,0.6743979454040527,0.17826485633850098,0.15278607606887817,0.4700390696525574,0.4072091281414032,0.5880995392799377,0.773335874080658,0.5638851523399353
2364,Tampa,Median Age,tract,14876,458,1122,RGNN,4,0.8536596894264221,0.03389787673950195,0.09199666976928711,0.4700390696525574,0.2483130544424057,0.6561506390571594,0.8167859315872192,0.5638851523399353
2365,Tampa,Median Age,tract,14876,458,1122,RGNN,5,0.8190896511077881,-0.2062915563583374,0.08396083116531372,0.4700390696525574,0.30102795362472534,0.6955529451370239,0.8122262954711914,0.5638851523399353
2366,Tampa,Median Age,tract,14876,458,1122,RGNN,6,0.8982608318328857,-0.2923506498336792,0.01596248149871826,0.4700390696525574,0.23425894975662231,0.7460013628005981,0.8559069037437439,0.5638851523399353
2367,Tampa,Median Age,tract,14876,458,1122,RGNN,7,0.8144551515579224,-0.17697429656982422,0.014500975608825684,0.4700390696525574,0.31869038939476013,0.699367105960846,0.8534497022628784,0.5638851523399353
2368,Tampa,Median Age,tract,14876,458,1122,RGNN,8,0.7525032758712769,0.09188330173492432,0.11858105659484863,0.4700390696525574,0.3561224937438965,0.6395202875137329,0.801433265209198,0.5638851523399353
2369,Tampa,Median Age,tract,14876,458,1122,RGNN,9,0.8028146028518677,-0.4225952625274658,-0.05108153820037842,0.4700390696525574,0.32534709572792053,0.7719272375106812,0.8686882257461548,0.5638851523399353
2370,Tampa,Median Age,tract,14876,458,1122,Feat-RGNN,0,0.6755024194717407,-0.18183362483978271,0.05812889337539673,0.4700390696525574,0.4209205210208893,0.7498283386230469,0.8412242531776428,0.5638851523399353
2371,Tampa,Median Age,tract,14876,458,1122,Feat-RGNN,1,0.7018396854400635,0.04124414920806885,0.1634487509727478,0.4700390696525574,0.4004472494125366,0.6267126202583313,0.7899621725082397,0.5638851523399353
2372,Tampa,Median Age,tract,14876,458,1122,Feat-RGNN,2,0.5048779845237732,-0.1200796365737915,-0.022303462028503418,0.4700390696525574,0.5388009548187256,0.7434738874435425,0.8863752484321594,0.5638851523399353
2373,Tampa,Median Age,tract,14876,458,1122,Feat-RGNN,3,0.7194818258285522,-0.06712377071380615,0.10977590084075928,0.4700390696525574,0.39875853061676025,0.6877637505531311,0.8172807693481445,0.5638851523399353
2374,Tampa,Median Age,tract,14876,458,1122,Feat-RGNN,4,0.44458770751953125,-0.2665671110153198,0.12825298309326172,0.4700390696525574,0.5606849789619446,0.7808648943901062,0.8053417205810547,0.5638851523399353
2375,Tampa,Median Age,tract,14876,458,1122,Feat-RGNN,5,0.6559993624687195,0.0011575818061828613,0.15777909755706787,0.4700390696525574,0.43633949756622314,0.6852932572364807,0.7933829426765442,0.5638851523399353
2376,Tampa,Median Age,tract,14876,458,1122,Feat-RGNN,6,0.6066188216209412,0.05583822727203369,0.12317055463790894,0.4700390696525574,0.46542391180992126,0.6549937129020691,0.8073482513427734,0.5638851523399353
2377,Tampa,Median Age,tract,14876,458,1122,Feat-RGNN,7,0.567602276802063,-0.466776967048645,0.04338020086288452,0.4700390696525574,0.5007455945014954,0.7947760820388794,0.8402195572853088,0.5638851523399353
2378,Tampa,Median Age,tract,14876,458,1122,Feat-RGNN,8,0.7190048098564148,-0.1955503225326538,0.11459845304489136,0.4700390696525574,0.3859977424144745,0.6994775533676147,0.8092394471168518,0.5638851523399353
2379,Tampa,Median Age,tract,14876,458,1122,Feat-RGNN,9,0.5658152103424072,0.11556291580200195,0.12582802772521973,0.4700390696525574,0.4905940890312195,0.6531795859336853,0.8108829855918884,0.5638851523399353
2380,Tampa,Median Age,tract,14876,458,1122,Feat\&PC-RGNN,0,0.8321439027786255,-0.140275239944458,0.010339558124542236,0.4700390696525574,0.30639201402664185,0.7371982932090759,0.8547322750091553,0.5638851523399353
2381,Tampa,Median Age,tract,14876,458,1122,Feat\&PC-RGNN,1,0.7284713983535767,0.038130879402160645,0.178847074508667,0.4700390696525574,0.3672540783882141,0.6474214792251587,0.772014856338501,0.5638851523399353
2382,Tampa,Median Age,tract,14876,458,1122,Feat\&PC-RGNN,2,0.8656781911849976,-0.13557839393615723,-0.05662238597869873,0.4700390696525574,0.2624799907207489,0.7124288082122803,0.876076340675354,0.5638851523399353
2383,Tampa,Median Age,tract,14876,458,1122,Feat\&PC-RGNN,3,0.6998406648635864,-0.11302459239959717,0.04432666301727295,0.4700390696525574,0.43351444602012634,0.6683131456375122,0.8480461835861206,0.5638851523399353
2384,Tampa,Median Age,tract,14876,458,1122,Feat\&PC-RGNN,4,0.8340393900871277,-0.18962466716766357,0.16440707445144653,0.4700390696525574,0.3018287420272827,0.7103949189186096,0.7767535448074341,0.5638851523399353
2385,Tampa,Median Age,tract,14876,458,1122,Feat\&PC-RGNN,5,0.6895430088043213,0.18766653537750244,0.22855031490325928,0.4700390696525574,0.4200112521648407,0.614352285861969,0.7568579316139221,0.5638851523399353
2386,Tampa,Median Age,tract,14876,458,1122,Feat\&PC-RGNN,6,0.8767882585525513,-0.003845691680908203,0.11964362859725952,0.4700390696525574,0.2565099596977234,0.6236037611961365,0.7994527220726013,0.5638851523399353
2387,Tampa,Median Age,tract,14876,458,1122,Feat\&PC-RGNN,7,0.7639727592468262,-0.2693127393722534,0.10718673467636108,0.4700390696525574,0.3588115870952606,0.7111303210258484,0.8040489554405212,0.5638851523399353
2388,Tampa,Median Age,tract,14876,458,1122,Feat\&PC-RGNN,8,0.8258978128433228,-0.2690168619155884,0.06626248359680176,0.4700390696525574,0.3023279011249542,0.71742182970047,0.8309556841850281,0.5638851523399353
2389,Tampa,Median Age,tract,14876,458,1122,Feat\&PC-RGNN,9,0.8842607140541077,0.15541529655456543,0.08852356672286987,0.4700390696525574,0.24654267728328705,0.6025843620300293,0.8167567849159241,0.5638851523399353
2390,Tampa,Median Age,tract,14876,458,1122,NoPreTrain,0,0.9966786503791809,-1.689889907836914,-0.5155931711196899,0.4700390696525574,0.052204154431819916,1.147526741027832,1.0759292840957642,0.5638851523399353
2391,Tampa,Median Age,tract,14876,458,1122,NoPreTrain,1,0.9982487559318542,-1.4989187717437744,-0.4905552864074707,0.4700390696525574,0.035111598670482635,1.0552371740341187,1.0540987253189087,0.5638851523399353
2392,Tampa,Median Age,tract,14876,458,1122,NoPreTrain,2,0.9966272711753845,-0.9249395132064819,-0.3963979482650757,0.4700390696525574,0.05347603186964989,0.9142580628395081,1.0042054653167725,0.5638851523399353
2393,Tampa,Median Age,tract,14876,458,1122,NoPreTrain,3,0.9992655515670776,-1.4587681293487549,-0.44950973987579346,0.4700390696525574,0.020453091710805893,1.0359206199645996,1.053587794303894,0.5638851523399353
2394,Tampa,Median Age,tract,14876,458,1122,NoPreTrain,4,0.9944135546684265,-1.4223167896270752,-0.41522061824798584,0.4700390696525574,0.06803714483976364,1.0622329711914062,1.0336858034133911,0.5638851523399353
2395,Tampa,Median Age,tract,14876,458,1122,NoPreTrain,5,0.9977743625640869,-1.4428949356079102,-0.3613842725753784,0.4700390696525574,0.041303206235170364,0.997570276260376,1.0140224695205688,0.5638851523399353
2396,Tampa,Median Age,tract,14876,458,1122,NoPreTrain,6,0.9994335174560547,-1.3206779956817627,-0.4127107858657837,0.4700390696525574,0.0163455568253994,0.9744338989257812,1.0298923254013062,0.5638851523399353
2397,Tampa,Median Age,tract,14876,458,1122,NoPreTrain,7,0.9995549321174622,-1.1796643733978271,-0.4073230028152466,0.4700390696525574,0.01436854712665081,0.9855749607086182,1.024629831314087,0.5638851523399353
2398,Tampa,Median Age,tract,14876,458,1122,NoPreTrain,8,0.9956416487693787,-0.7717686891555786,-0.3519817590713501,0.4700390696525574,0.060935597866773605,0.8659493923187256,1.0265229940414429,0.5638851523399353
2399,Tampa,Median Age,tract,14876,458,1122,NoPreTrain,9,0.9993821978569031,-1.235673427581787,-0.517654299736023,0.4700390696525574,0.018754275515675545,0.9841689467430115,1.0674793720245361,0.5638851523399353
