,urban_area,target_variable,macroentity,n_quantiles,num_datapoints,num_macroentities,num_bg,model_embeddings,trial,train_f1,val_f1,test_f1,train_to_test_f1,train_auc,val_auc,test_auc,train_to_test_auc
0,Philadelphia,Median Income,zip,5,14992,189,1472,Emb,0,1.0,0.325,0.327445652173913,0.4436141304347826,1.0,0.6937820384140949,0.6332609368781783,0.6521549329481726
1,Philadelphia,Median Income,zip,5,14992,189,1472,Emb,1,1.0,0.275,0.3233695652173913,0.4436141304347826,1.0,0.6361834793790438,0.6352190156960968,0.6521549329481726
2,Philadelphia,Median Income,zip,5,14992,189,1472,Emb,2,1.0,0.275,0.343070652173913,0.4436141304347826,1.0,0.5909471297072103,0.6216386416344198,0.6521549329481726
3,Philadelphia,Median Income,zip,5,14992,189,1472,Emb,3,1.0,0.475,0.3335597826086957,0.4436141304347826,1.0,0.707545864753526,0.6342120576484277,0.6521549329481726
4,Philadelphia,Median Income,zip,5,14992,189,1472,Emb,4,1.0,0.425,0.3423913043478261,0.4436141304347826,1.0,0.670660595005353,0.6509383615390558,0.6521549329481726
5,Philadelphia,Median Income,zip,5,14992,189,1472,Emb,5,1.0,0.325,0.33627717391304346,0.4436141304347826,1.0,0.6703616304170739,0.62905925534135,0.6521549329481726
6,Philadelphia,Median Income,zip,5,14992,189,1472,Emb,6,1.0,0.325,0.34375,0.4436141304347826,1.0,0.7020256932807335,0.6463626848067524,0.6521549329481726
7,Philadelphia,Median Income,zip,5,14992,189,1472,Emb,7,1.0,0.325,0.343070652173913,0.4436141304347826,1.0,0.6000594219848251,0.6411771634526031,0.6521549329481726
8,Philadelphia,Median Income,zip,5,14992,189,1472,Emb,8,1.0,0.35,0.33967391304347827,0.4436141304347826,1.0,0.7039066863915654,0.6512636343664748,0.6521549329481726
9,Philadelphia,Median Income,zip,5,14992,189,1472,Emb,9,1.0,0.225,0.34375,0.4436141304347826,1.0,0.6177364805893031,0.6365761599691868,0.6521549329481726
10,Philadelphia,Median Income,zip,5,14992,189,1472,LightGCN,0,1.0,0.525,0.389945652173913,0.4436141304347826,1.0,0.7955712438323325,0.6872157165579207,0.6521549329481726
11,Philadelphia,Median Income,zip,5,14992,189,1472,LightGCN,1,1.0,0.45,0.3960597826086957,0.4436141304347826,1.0,0.7174721363985477,0.6867445136218038,0.6521549329481726
12,Philadelphia,Median Income,zip,5,14992,189,1472,LightGCN,2,1.0,0.525,0.391304347826087,0.4436141304347826,1.0,0.7553585974956942,0.6927197702424036,0.6521549329481726
13,Philadelphia,Median Income,zip,5,14992,189,1472,LightGCN,3,1.0,0.475,0.38383152173913043,0.4436141304347826,1.0,0.7609184442349765,0.6785259033607571,0.6521549329481726
14,Philadelphia,Median Income,zip,5,14992,189,1472,LightGCN,4,1.0,0.45,0.4116847826086957,0.4436141304347826,1.0,0.7462035752106317,0.7154542535076531,0.6521549329481726
15,Philadelphia,Median Income,zip,5,14992,189,1472,LightGCN,5,1.0,0.425,0.40964673913043476,0.4436141304347826,1.0,0.7493199564772146,0.6943743724191906,0.6521549329481726
16,Philadelphia,Median Income,zip,5,14992,189,1472,LightGCN,6,1.0,0.45,0.40964673913043476,0.4436141304347826,1.0,0.7842804121281943,0.7008199920133198,0.6521549329481726
17,Philadelphia,Median Income,zip,5,14992,189,1472,LightGCN,7,1.0,0.45,0.390625,0.4436141304347826,1.0,0.7281387463343109,0.6842255349752894,0.6521549329481726
18,Philadelphia,Median Income,zip,5,14992,189,1472,LightGCN,8,1.0,0.55,0.41983695652173914,0.4436141304347826,1.0,0.8498340257412839,0.7177367930178764,0.6521549329481726
19,Philadelphia,Median Income,zip,5,14992,189,1472,LightGCN,9,1.0,0.375,0.39402173913043476,0.4436141304347826,1.0,0.671538760298841,0.6778348115231733,0.6521549329481726
20,Philadelphia,Median Income,zip,5,14992,189,1472,Feat-LightGCN,0,1.0,0.55,0.38858695652173914,0.4436141304347826,1.0,0.7903656015803193,0.6972349549609207,0.6521549329481726
21,Philadelphia,Median Income,zip,5,14992,189,1472,Feat-LightGCN,1,1.0,0.6,0.39809782608695654,0.4436141304347826,1.0,0.7796020763510683,0.7029167624372739,0.6521549329481726
22,Philadelphia,Median Income,zip,5,14992,189,1472,Feat-LightGCN,2,1.0,0.475,0.4048913043478261,0.4436141304347826,1.0,0.7516057391309408,0.7015942553268946,0.6521549329481726
23,Philadelphia,Median Income,zip,5,14992,189,1472,Feat-LightGCN,3,1.0,0.45,0.3892663043478261,0.4436141304347826,1.0,0.8433566293697341,0.6972050333395556,0.6521549329481726
24,Philadelphia,Median Income,zip,5,14992,189,1472,Feat-LightGCN,4,1.0,0.45,0.405570652173913,0.4436141304347826,1.0,0.7305202078387563,0.7111759597644915,0.6521549329481726
25,Philadelphia,Median Income,zip,5,14992,189,1472,Feat-LightGCN,5,1.0,0.45,0.405570652173913,0.4436141304347826,1.0,0.8103429528580739,0.7126586909752118,0.6521549329481726
26,Philadelphia,Median Income,zip,5,14992,189,1472,Feat-LightGCN,6,1.0,0.5,0.4008152173913043,0.4436141304347826,1.0,0.7926496750337476,0.7051758149372251,0.6521549329481726
27,Philadelphia,Median Income,zip,5,14992,189,1472,Feat-LightGCN,7,1.0,0.475,0.39334239130434784,0.4436141304347826,1.0,0.7752280509588978,0.6977577706841069,0.6521549329481726
28,Philadelphia,Median Income,zip,5,14992,189,1472,Feat-LightGCN,8,1.0,0.45,0.4048913043478261,0.4436141304347826,1.0,0.7868462490690313,0.6988273971071052,0.6521549329481726
29,Philadelphia,Median Income,zip,5,14992,189,1472,Feat-LightGCN,9,1.0,0.325,0.38654891304347827,0.4436141304347826,1.0,0.7011785117883909,0.6962858381529384,0.6521549329481726
30,Philadelphia,Median Income,zip,5,14992,189,1472,Feat\&PC-LightGCN,0,1.0,0.425,0.406929347826087,0.4436141304347826,1.0,0.7629166812130521,0.6949945308990282,0.6521549329481726
31,Philadelphia,Median Income,zip,5,14992,189,1472,Feat\&PC-LightGCN,1,1.0,0.25,0.405570652173913,0.4436141304347826,1.0,0.6433978683726668,0.7157662264119905,0.6521549329481726
32,Philadelphia,Median Income,zip,5,14992,189,1472,Feat\&PC-LightGCN,2,1.0,0.325,0.4123641304347826,0.4436141304347826,1.0,0.5810455869175627,0.6753653517326448,0.6521549329481726
33,Philadelphia,Median Income,zip,5,14992,189,1472,Feat\&PC-LightGCN,3,1.0,0.2,0.38858695652173914,0.4436141304347826,1.0,0.614792401259135,0.6781672268188258,0.6521549329481726
34,Philadelphia,Median Income,zip,5,14992,189,1472,Feat\&PC-LightGCN,4,1.0,0.25,0.41779891304347827,0.4436141304347826,1.0,0.6189495036773263,0.683732756903462,0.6521549329481726
35,Philadelphia,Median Income,zip,5,14992,189,1472,Feat\&PC-LightGCN,5,1.0,0.35,0.422554347826087,0.4436141304347826,1.0,0.6735252147046502,0.6889435470585913,0.6521549329481726
36,Philadelphia,Median Income,zip,5,14992,189,1472,Feat\&PC-LightGCN,6,1.0,0.4,0.40353260869565216,0.4436141304347826,1.0,0.7254426101452311,0.6956205648733779,0.6521549329481726
37,Philadelphia,Median Income,zip,5,14992,189,1472,Feat\&PC-LightGCN,7,1.0,0.325,0.4171195652173913,0.4436141304347826,1.0,0.6562794200647023,0.6851725996902781,0.6521549329481726
38,Philadelphia,Median Income,zip,5,14992,189,1472,Feat\&PC-LightGCN,8,1.0,0.3,0.41304347826086957,0.4436141304347826,1.0,0.7299631540054927,0.7077119305846573,0.6521549329481726
39,Philadelphia,Median Income,zip,5,14992,189,1472,Feat\&PC-LightGCN,9,1.0,0.325,0.4164402173913043,0.4436141304347826,1.0,0.6369735663082438,0.7076128614976526,0.6521549329481726
40,Philadelphia,Median Income,zip,5,14992,189,1472,RGNN,0,0.9798657718120806,0.425,0.36141304347826086,0.4436141304347826,0.9968843989769821,0.7769543068938229,0.6754892788329715,0.6521549329481726
41,Philadelphia,Median Income,zip,5,14992,189,1472,RGNN,1,1.0,0.55,0.360054347826087,0.4436141304347826,1.0,0.794288325361914,0.6766311107291544,0.6521549329481726
42,Philadelphia,Median Income,zip,5,14992,189,1472,RGNN,2,1.0,0.325,0.36752717391304346,0.4436141304347826,1.0,0.69992919546851,0.6798787612491359,0.6521549329481726
43,Philadelphia,Median Income,zip,5,14992,189,1472,RGNN,3,0.9798657718120806,0.525,0.3641304347826087,0.4436141304347826,0.9996224576787236,0.7801957507098637,0.677700554235767,0.6521549329481726
44,Philadelphia,Median Income,zip,5,14992,189,1472,RGNN,4,0.87248322147651,0.45,0.3811141304347826,0.4436141304347826,0.9931261025410848,0.7457128165293488,0.6899966213058363,0.6521549329481726
45,Philadelphia,Median Income,zip,5,14992,189,1472,RGNN,5,1.0,0.35,0.37907608695652173,0.4436141304347826,1.0,0.7692751972489875,0.690169738692063,0.6521549329481726
46,Philadelphia,Median Income,zip,5,14992,189,1472,RGNN,6,0.785234899328859,0.4,0.34035326086956524,0.4436141304347826,0.9778673001246128,0.7554141283223944,0.6653049309228619,0.6521549329481726
47,Philadelphia,Median Income,zip,5,14992,189,1472,RGNN,7,1.0,0.45,0.360054347826087,0.4436141304347826,1.0,0.7572652286109947,0.680245854417954,0.6521549329481726
48,Philadelphia,Median Income,zip,5,14992,189,1472,RGNN,8,0.9194630872483222,0.425,0.3688858695652174,0.4436141304347826,0.9942940685446817,0.8061038451915469,0.6806970114778463,0.6521549329481726
49,Philadelphia,Median Income,zip,5,14992,189,1472,RGNN,9,0.9865771812080537,0.375,0.374320652173913,0.4436141304347826,1.0,0.7324153836754643,0.6842987514980893,0.6521549329481726
50,Philadelphia,Median Income,zip,5,14992,189,1472,Feat-RGNN,0,0.9395973154362416,0.425,0.358695652173913,0.4436141304347826,0.9977523524554442,0.7740005178513243,0.6679392474705701,0.6521549329481726
51,Philadelphia,Median Income,zip,5,14992,189,1472,Feat-RGNN,1,1.0,0.45,0.375679347826087,0.4436141304347826,1.0,0.7715391239584788,0.6821478529979923,0.6521549329481726
52,Philadelphia,Median Income,zip,5,14992,189,1472,Feat-RGNN,2,0.9865771812080537,0.325,0.37771739130434784,0.4436141304347826,0.9994908628268991,0.645252350695899,0.668699744668767,0.6521549329481726
53,Philadelphia,Median Income,zip,5,14992,189,1472,Feat-RGNN,3,1.0,0.55,0.3736413043478261,0.4436141304347826,1.0,0.8237455197132617,0.681523359411457,0.6521549329481726
54,Philadelphia,Median Income,zip,5,14992,189,1472,Feat-RGNN,4,0.9865771812080537,0.5,0.37092391304347827,0.4436141304347826,0.9987794938515417,0.7920964032607177,0.6865429038883886,0.6521549329481726
55,Philadelphia,Median Income,zip,5,14992,189,1472,Feat-RGNN,5,0.7449664429530202,0.45,0.3539402173913043,0.4436141304347826,0.974365829216785,0.7640116967485919,0.6746113492619641,0.6521549329481726
56,Philadelphia,Median Income,zip,5,14992,189,1472,Feat-RGNN,6,0.9798657718120806,0.45,0.374320652173913,0.4436141304347826,0.9968481305565705,0.7344252213959874,0.6820691439841079,0.6521549329481726
57,Philadelphia,Median Income,zip,5,14992,189,1472,Feat-RGNN,7,0.9731543624161074,0.375,0.3797554347826087,0.4436141304347826,0.9993520886615516,0.7236081291020806,0.6844672874666844,0.6521549329481726
58,Philadelphia,Median Income,zip,5,14992,189,1472,Feat-RGNN,8,0.9798657718120806,0.475,0.3498641304347826,0.4436141304347826,0.9993941591646038,0.7693892045454545,0.6747468718391233,0.6521549329481726
59,Philadelphia,Median Income,zip,5,14992,189,1472,Feat-RGNN,9,0.9932885906040269,0.4,0.3654891304347826,0.4436141304347826,0.9983458011640908,0.713689494309454,0.6819854920316114,0.6521549329481726
60,Philadelphia,Median Income,zip,5,14992,189,1472,Feat\&PC-RGNN,0,0.9664429530201343,0.525,0.3688858695652174,0.4436141304347826,0.9994738765071247,0.7716454944025509,0.6734279866586244,0.6521549329481726
61,Philadelphia,Median Income,zip,5,14992,189,1472,Feat\&PC-RGNN,1,1.0,0.4,0.37296195652173914,0.4436141304347826,1.0,0.7100689716869153,0.6829824912583676,0.6521549329481726
62,Philadelphia,Median Income,zip,5,14992,189,1472,Feat\&PC-RGNN,2,0.6510067114093959,0.45,0.3423913043478261,0.4436141304347826,0.921644612279248,0.6247609665200391,0.6387499939986279,0.6521549329481726
63,Philadelphia,Median Income,zip,5,14992,189,1472,Feat\&PC-RGNN,3,1.0,0.475,0.38858695652173914,0.4436141304347826,1.0,0.7587107029395337,0.6836665001745026,0.6521549329481726
64,Philadelphia,Median Income,zip,5,14992,189,1472,Feat\&PC-RGNN,4,1.0,0.375,0.37771739130434784,0.4436141304347826,1.0,0.6863739642973514,0.6849658661351007,0.6521549329481726
65,Philadelphia,Median Income,zip,5,14992,189,1472,Feat\&PC-RGNN,5,1.0,0.35,0.375,0.4436141304347826,1.0,0.7340823630894195,0.6797501466636235,0.6521549329481726
66,Philadelphia,Median Income,zip,5,14992,189,1472,Feat\&PC-RGNN,6,1.0,0.3,0.3580163043478261,0.4436141304347826,1.0,0.6720088267467299,0.661925665817336,0.6521549329481726
67,Philadelphia,Median Income,zip,5,14992,189,1472,Feat\&PC-RGNN,7,1.0,0.4,0.38315217391304346,0.4436141304347826,1.0,0.7154261509100219,0.6854646609360746,0.6521549329481726
68,Philadelphia,Median Income,zip,5,14992,189,1472,Feat\&PC-RGNN,8,0.9932885906040269,0.45,0.3695652173913043,0.4436141304347826,1.0,0.735635807964437,0.6668677154623204,0.6521549329481726
69,Philadelphia,Median Income,zip,5,14992,189,1472,Feat\&PC-RGNN,9,1.0,0.475,0.38654891304347827,0.4436141304347826,1.0,0.7477156356188613,0.6804927574667075,0.6521549329481726
70,Philadelphia,Median Income,zip,5,14992,189,1472,NoPreTrain,0,1.0,0.325,0.2907608695652174,0.4436141304347826,1.0,0.630340341781874,0.5977185042158624,0.6521549329481726
71,Philadelphia,Median Income,zip,5,14992,189,1472,NoPreTrain,1,1.0,0.25,0.3063858695652174,0.4436141304347826,1.0,0.4894289598170646,0.5899599895778176,0.6521549329481726
72,Philadelphia,Median Income,zip,5,14992,189,1472,NoPreTrain,2,1.0,0.1,0.28125,0.4436141304347826,1.0,0.48954616731834477,0.5856765646749499,0.6521549329481726
73,Philadelphia,Median Income,zip,5,14992,189,1472,NoPreTrain,3,1.0,0.3,0.28396739130434784,0.4436141304347826,1.0,0.6061104274309919,0.579603450470733,0.6521549329481726
74,Philadelphia,Median Income,zip,5,14992,189,1472,NoPreTrain,4,1.0,0.3,0.2764945652173913,0.4436141304347826,1.0,0.5038511191989015,0.5777977127188789,0.6521549329481726
75,Philadelphia,Median Income,zip,5,14992,189,1472,NoPreTrain,5,1.0,0.2,0.2608695652173913,0.4436141304347826,1.0,0.5309266338500209,0.560883264872585,0.6521549329481726
76,Philadelphia,Median Income,zip,5,14992,189,1472,NoPreTrain,6,1.0,0.25,0.266304347826087,0.4436141304347826,1.0,0.523055511916399,0.5576670153314428,0.6521549329481726
77,Philadelphia,Median Income,zip,5,14992,189,1472,NoPreTrain,7,1.0,0.25,0.30842391304347827,0.4436141304347826,1.0,0.5365386657473351,0.5934014363951422,0.6521549329481726
78,Philadelphia,Median Income,zip,5,14992,189,1472,NoPreTrain,8,1.0,0.25,0.2826086956521739,0.4436141304347826,1.0,0.4938046216776056,0.5784509934402042,0.6521549329481726
79,Philadelphia,Median Income,zip,5,14992,189,1472,NoPreTrain,9,1.0,0.15,0.2703804347826087,0.4436141304347826,1.0,0.4695043391867989,0.5668163516414495,0.6521549329481726
80,Philadelphia,Median Home Value,zip,5,14844,189,1482,Emb,0,1.0,0.3333333333333333,0.37719298245614036,0.5404858299595142,1.0,0.6421658986175116,0.6697609363171992,0.7127122252143063
81,Philadelphia,Median Home Value,zip,5,14844,189,1482,Emb,1,1.0,0.3333333333333333,0.3852901484480432,0.5404858299595142,1.0,0.6574020737327189,0.6716523619591585,0.7127122252143063
82,Philadelphia,Median Home Value,zip,5,14844,189,1482,Emb,2,1.0,0.3076923076923077,0.3650472334682861,0.5404858299595142,1.0,0.7478398617511519,0.6617826365478297,0.7127122252143063
83,Philadelphia,Median Home Value,zip,5,14844,189,1482,Emb,3,1.0,0.38461538461538464,0.38124156545209176,0.5404858299595142,1.0,0.7064516129032258,0.6762791700273378,0.7127122252143063
84,Philadelphia,Median Home Value,zip,5,14844,189,1482,Emb,4,1.0,0.4358974358974359,0.393387314439946,0.5404858299595142,1.0,0.7300979262672811,0.6765692441122032,0.7127122252143063
85,Philadelphia,Median Home Value,zip,5,14844,189,1482,Emb,5,1.0,0.2564102564102564,0.39946018893387314,0.5404858299595142,1.0,0.5869239631336406,0.6617924516810162,0.7127122252143063
86,Philadelphia,Median Home Value,zip,5,14844,189,1482,Emb,6,1.0,0.38461538461538464,0.39541160593792174,0.5404858299595142,1.0,0.7192684331797234,0.6850073700897037,0.7127122252143063
87,Philadelphia,Median Home Value,zip,5,14844,189,1482,Emb,7,1.0,0.358974358974359,0.37314439946018896,0.5404858299595142,1.0,0.6514400921658986,0.6657080805991977,0.7127122252143063
88,Philadelphia,Median Home Value,zip,5,14844,189,1482,Emb,8,1.0,0.3333333333333333,0.3805668016194332,0.5404858299595142,1.0,0.6714861751152075,0.6702512780465211,0.7127122252143063
89,Philadelphia,Median Home Value,zip,5,14844,189,1482,Emb,9,1.0,0.3333333333333333,0.3866396761133603,0.5404858299595142,1.0,0.6384216589861751,0.6771204477313905,0.7127122252143063
90,Philadelphia,Median Home Value,zip,5,14844,189,1482,LightGCN,0,1.0,0.4358974358974359,0.446693657219973,0.5404858299595142,1.0,0.7538594470046084,0.744744999807366,0.7127122252143063
91,Philadelphia,Median Home Value,zip,5,14844,189,1482,LightGCN,1,1.0,0.4358974358974359,0.4642375168690958,0.5404858299595142,1.0,0.8023041474654378,0.7590473601438286,0.7127122252143063
92,Philadelphia,Median Home Value,zip,5,14844,189,1482,LightGCN,2,1.0,0.5384615384615384,0.46153846153846156,0.5404858299595142,1.0,0.8283698156682029,0.7566573214806293,0.7127122252143063
93,Philadelphia,Median Home Value,zip,5,14844,189,1482,LightGCN,3,1.0,0.41025641025641024,0.42375168690958165,0.5404858299595142,1.0,0.7685771889400922,0.7482826754294688,0.7127122252143063
94,Philadelphia,Median Home Value,zip,5,14844,189,1482,LightGCN,4,1.0,0.41025641025641024,0.45546558704453444,0.5404858299595142,1.0,0.7648905529953917,0.7447345051884119,0.7127122252143063
95,Philadelphia,Median Home Value,zip,5,14844,189,1482,LightGCN,5,1.0,0.4358974358974359,0.45276653171390013,0.5404858299595142,1.0,0.807286866359447,0.7512106734458752,0.7127122252143063
96,Philadelphia,Median Home Value,zip,5,14844,189,1482,LightGCN,6,1.0,0.4358974358974359,0.45479082321187586,0.5404858299595142,1.0,0.7561635944700461,0.7477005717348572,0.7127122252143063
97,Philadelphia,Median Home Value,zip,5,14844,189,1482,LightGCN,7,1.0,0.46153846153846156,0.47233468286099867,0.5404858299595142,1.0,0.8001152073732719,0.7597241424560054,0.7127122252143063
98,Philadelphia,Median Home Value,zip,5,14844,189,1482,LightGCN,8,1.0,0.48717948717948717,0.47300944669365724,0.5404858299595142,1.0,0.8078341013824885,0.7654492811433757,0.7127122252143063
99,Philadelphia,Median Home Value,zip,5,14844,189,1482,LightGCN,9,1.0,0.41025641025641024,0.4601889338731444,0.5404858299595142,1.0,0.7397177419354838,0.7583701995112099,0.7127122252143063
100,Philadelphia,Median Home Value,zip,5,14844,189,1482,Feat-LightGCN,0,1.0,0.6153846153846154,0.45006747638326583,0.5404858299595142,1.0,0.8554147465437788,0.7530201319809334,0.7127122252143063
101,Philadelphia,Median Home Value,zip,5,14844,189,1482,Feat-LightGCN,1,1.0,0.3076923076923077,0.48043184885290147,0.5404858299595142,1.0,0.7866071428571428,0.7659042221458705,0.7127122252143063
102,Philadelphia,Median Home Value,zip,5,14844,189,1482,Feat-LightGCN,2,1.0,0.5641025641025641,0.4601889338731444,0.5404858299595142,1.0,0.8506912442396313,0.7599057018023903,0.7127122252143063
103,Philadelphia,Median Home Value,zip,5,14844,189,1482,Feat-LightGCN,3,1.0,0.5128205128205128,0.46963562753036436,0.5404858299595142,1.0,0.8127592165898617,0.7535382732470592,0.7127122252143063
104,Philadelphia,Median Home Value,zip,5,14844,189,1482,Feat-LightGCN,4,1.0,0.46153846153846156,0.46153846153846156,0.5404858299595142,1.0,0.8093605990783411,0.7490624488020888,0.7127122252143063
105,Philadelphia,Median Home Value,zip,5,14844,189,1482,Feat-LightGCN,5,1.0,0.48717948717948717,0.45614035087719296,0.5404858299595142,1.0,0.826036866359447,0.7567907187701767,0.7127122252143063
106,Philadelphia,Median Home Value,zip,5,14844,189,1482,Feat-LightGCN,6,1.0,0.5384615384615384,0.4473684210526316,0.5404858299595142,1.0,0.8341013824884792,0.7520300770631901,0.7127122252143063
107,Philadelphia,Median Home Value,zip,5,14844,189,1482,Feat-LightGCN,7,1.0,0.5128205128205128,0.47908232118758437,0.5404858299595142,1.0,0.8581797235023041,0.7782807182615601,0.7127122252143063
108,Philadelphia,Median Home Value,zip,5,14844,189,1482,Feat-LightGCN,8,1.0,0.41025641025641024,0.46356275303643724,0.5404858299595142,1.0,0.8159274193548388,0.754466335509403,0.7127122252143063
109,Philadelphia,Median Home Value,zip,5,14844,189,1482,Feat-LightGCN,9,1.0,0.6666666666666666,0.4493927125506073,0.5404858299595142,1.0,0.8556163594470046,0.7603926858074846,0.7127122252143063
110,Philadelphia,Median Home Value,zip,5,14844,189,1482,Feat\&PC-LightGCN,0,1.0,0.3076923076923077,0.48043184885290147,0.5404858299595142,1.0,0.6663306451612903,0.745308383673576,0.7127122252143063
111,Philadelphia,Median Home Value,zip,5,14844,189,1482,Feat\&PC-LightGCN,1,1.0,0.358974358974359,0.5006747638326585,0.5404858299595142,1.0,0.6768433179723502,0.7772326791988492,0.7127122252143063
112,Philadelphia,Median Home Value,zip,5,14844,189,1482,Feat\&PC-LightGCN,2,1.0,0.2564102564102564,0.4885290148448043,0.5404858299595142,1.0,0.6262960829493088,0.7560624615186363,0.7127122252143063
113,Philadelphia,Median Home Value,zip,5,14844,189,1482,Feat\&PC-LightGCN,3,1.0,0.48717948717948717,0.5134952766531714,0.5404858299595142,1.0,0.7395737327188939,0.7595731531550438,0.7127122252143063
114,Philadelphia,Median Home Value,zip,5,14844,189,1482,Feat\&PC-LightGCN,4,1.0,0.3076923076923077,0.5060728744939271,0.5404858299595142,1.0,0.6234158986175116,0.756441157676829,0.7127122252143063
115,Philadelphia,Median Home Value,zip,5,14844,189,1482,Feat\&PC-LightGCN,5,1.0,0.358974358974359,0.49865047233468285,0.5404858299595142,1.0,0.6250864055299539,0.7277033172872642,0.7127122252143063
116,Philadelphia,Median Home Value,zip,5,14844,189,1482,Feat\&PC-LightGCN,6,1.0,0.38461538461538464,0.5148448043184886,0.5404858299595142,1.0,0.6779089861751152,0.7591767034272691,0.7127122252143063
117,Philadelphia,Median Home Value,zip,5,14844,189,1482,Feat\&PC-LightGCN,7,1.0,0.358974358974359,0.48380566801619435,0.5404858299595142,1.0,0.6339429723502304,0.7450094627110675,0.7127122252143063
118,Philadelphia,Median Home Value,zip,5,14844,189,1482,Feat\&PC-LightGCN,8,1.0,0.41025641025641024,0.5101214574898786,0.5404858299595142,1.0,0.7861463133640554,0.7657637698329294,0.7127122252143063
119,Philadelphia,Median Home Value,zip,5,14844,189,1482,Feat\&PC-LightGCN,9,1.0,0.358974358974359,0.5053981106612686,0.5404858299595142,1.0,0.6821428571428572,0.7639875728044838,0.7127122252143063
120,Philadelphia,Median Home Value,zip,5,14844,189,1482,RGNN,0,0.9666666666666667,0.358974358974359,0.44197031039136303,0.5404858299595142,0.9975902936352234,0.7311347926267281,0.7360984519418002,0.7127122252143063
121,Philadelphia,Median Home Value,zip,5,14844,189,1482,RGNN,1,0.9733333333333334,0.41025641025641024,0.4574898785425101,0.5404858299595142,0.9980675993652428,0.7618087557603687,0.7360992873945856,0.7127122252143063
122,Philadelphia,Median Home Value,zip,5,14844,189,1482,RGNN,2,1.0,0.5384615384615384,0.4493927125506073,0.5404858299595142,1.0,0.8254320276497695,0.7366764302395452,0.7127122252143063
123,Philadelphia,Median Home Value,zip,5,14844,189,1482,RGNN,3,0.8333333333333334,0.41025641025641024,0.4298245614035088,0.5404858299595142,0.9817932381051693,0.7826324884792626,0.7415717599224191,0.7127122252143063
124,Philadelphia,Median Home Value,zip,5,14844,189,1482,RGNN,4,0.9933333333333333,0.38461538461538464,0.44197031039136303,0.5404858299595142,0.9997800752061285,0.7662730414746544,0.7318310730396349,0.7127122252143063
125,Philadelphia,Median Home Value,zip,5,14844,189,1482,RGNN,5,1.0,0.4358974358974359,0.43792172739541163,0.5404858299595142,1.0,0.7275345622119815,0.729286337087726,0.7127122252143063
126,Philadelphia,Median Home Value,zip,5,14844,189,1482,RGNN,6,0.9933333333333333,0.5128205128205128,0.44534412955465585,0.5404858299595142,1.0,0.7827188940092166,0.7310497819304591,0.7127122252143063
127,Philadelphia,Median Home Value,zip,5,14844,189,1482,RGNN,7,1.0,0.4358974358974359,0.4541160593792173,0.5404858299595142,1.0,0.7945564516129032,0.7366207541888837,0.7127122252143063
128,Philadelphia,Median Home Value,zip,5,14844,189,1482,RGNN,8,0.9866666666666667,0.46153846153846156,0.43859649122807015,0.5404858299595142,0.9997856373276484,0.8230414746543777,0.7390298555803285,0.7127122252143063
129,Philadelphia,Median Home Value,zip,5,14844,189,1482,RGNN,9,1.0,0.5897435897435898,0.4399460188933873,0.5404858299595142,1.0,0.8164746543778802,0.7382299180334717,0.7127122252143063
130,Philadelphia,Median Home Value,zip,5,14844,189,1482,Feat-RGNN,0,0.98,0.5384615384615384,0.4406207827260459,0.5404858299595142,0.9992546359896245,0.7798099078341014,0.7372036837613964,0.7127122252143063
131,Philadelphia,Median Home Value,zip,5,14844,189,1482,Feat-RGNN,1,0.9666666666666667,0.41025641025641024,0.43792172739541163,0.5404858299595142,0.9994965344696098,0.7481278801843317,0.7516542312129544,0.7127122252143063
132,Philadelphia,Median Home Value,zip,5,14844,189,1482,Feat-RGNN,2,1.0,0.6153846153846154,0.43792172739541163,0.5404858299595142,1.0,0.8546658986175115,0.7453166961933443,0.7127122252143063
133,Philadelphia,Median Home Value,zip,5,14844,189,1482,Feat-RGNN,3,1.0,0.41025641025641024,0.4284750337381916,0.5404858299595142,1.0,0.7756048387096774,0.735369098125598,0.7127122252143063
134,Philadelphia,Median Home Value,zip,5,14844,189,1482,Feat-RGNN,4,1.0,0.41025641025641024,0.44871794871794873,0.5404858299595142,1.0,0.7482142857142857,0.7526290359725442,0.7127122252143063
135,Philadelphia,Median Home Value,zip,5,14844,189,1482,Feat-RGNN,5,0.9866666666666667,0.358974358974359,0.42645074224021595,0.5404858299595142,0.9992766096757382,0.68948732718894,0.7368392286624156,0.7127122252143063
136,Philadelphia,Median Home Value,zip,5,14844,189,1482,Feat-RGNN,6,0.9933333333333333,0.46153846153846156,0.4399460188933873,0.5404858299595142,0.9998940677966102,0.7580069124423963,0.7361464513890941,0.7127122252143063
137,Philadelphia,Median Home Value,zip,5,14844,189,1482,Feat-RGNN,7,1.0,0.5641025641025641,0.44129554655870445,0.5404858299595142,1.0,0.8204781105990783,0.7540500241348926,0.7127122252143063
138,Philadelphia,Median Home Value,zip,5,14844,189,1482,Feat-RGNN,8,1.0,0.41025641025641024,0.45209176788124156,0.5404858299595142,1.0,0.7442972350230415,0.7551417547238607,0.7127122252143063
139,Philadelphia,Median Home Value,zip,5,14844,189,1482,Feat-RGNN,9,0.8066666666666666,0.38461538461538464,0.41632928475033737,0.5404858299595142,0.986744168104366,0.7245967741935484,0.739039063682833,0.7127122252143063
140,Philadelphia,Median Home Value,zip,5,14844,189,1482,Feat\&PC-RGNN,0,1.0,0.48717948717948717,0.4392712550607287,0.5404858299595142,1.0,0.7265841013824885,0.7354955834201304,0.7127122252143063
141,Philadelphia,Median Home Value,zip,5,14844,189,1482,Feat\&PC-RGNN,1,1.0,0.46153846153846156,0.4318488529014845,0.5404858299595142,1.0,0.7585541474654378,0.73366708686618,0.7127122252143063
142,Philadelphia,Median Home Value,zip,5,14844,189,1482,Feat\&PC-RGNN,2,1.0,0.5128205128205128,0.446693657219973,0.5404858299595142,1.0,0.8271025345622119,0.7475568175808587,0.7127122252143063
143,Philadelphia,Median Home Value,zip,5,14844,189,1482,Feat\&PC-RGNN,3,1.0,0.48717948717948717,0.4574898785425101,0.5404858299595142,1.0,0.7771601382488479,0.7485507925146002,0.7127122252143063
144,Philadelphia,Median Home Value,zip,5,14844,189,1482,Feat\&PC-RGNN,4,1.0,0.48717948717948717,0.45883940620782726,0.5404858299595142,1.0,0.7744239631336406,0.7508372842406773,0.7127122252143063
145,Philadelphia,Median Home Value,zip,5,14844,189,1482,Feat\&PC-RGNN,5,1.0,0.5128205128205128,0.4224021592442645,0.5404858299595142,1.0,0.7835829493087558,0.7295203014087983,0.7127122252143063
146,Philadelphia,Median Home Value,zip,5,14844,189,1482,Feat\&PC-RGNN,6,1.0,0.48717948717948717,0.45276653171390013,0.5404858299595142,1.0,0.7614343317972351,0.7430480066510389,0.7127122252143063
147,Philadelphia,Median Home Value,zip,5,14844,189,1482,Feat\&PC-RGNN,7,1.0,0.4358974358974359,0.4331983805668016,0.5404858299595142,1.0,0.7689228110599078,0.7393074642525337,0.7127122252143063
148,Philadelphia,Median Home Value,zip,5,14844,189,1482,Feat\&PC-RGNN,8,1.0,0.41025641025641024,0.44804318488529016,0.5404858299595142,1.0,0.762413594470046,0.7448642403800507,0.7127122252143063
149,Philadelphia,Median Home Value,zip,5,14844,189,1482,Feat\&PC-RGNN,9,1.0,0.41025641025641024,0.4574898785425101,0.5404858299595142,1.0,0.7665322580645161,0.7520701608425654,0.7127122252143063
150,Philadelphia,Median Home Value,zip,5,14844,189,1482,NoPreTrain,0,1.0,0.1794871794871795,0.30026990553306343,0.5404858299595142,1.0,0.4824596774193548,0.5881790796256328,0.7127122252143063
151,Philadelphia,Median Home Value,zip,5,14844,189,1482,NoPreTrain,1,1.0,0.15384615384615385,0.2968960863697706,0.5404858299595142,1.0,0.4811923963133641,0.5913261762596387,0.7127122252143063
152,Philadelphia,Median Home Value,zip,5,14844,189,1482,NoPreTrain,2,1.0,0.2564102564102564,0.30431848852901483,0.5404858299595142,1.0,0.5614055299539171,0.5864062885956676,0.7127122252143063
153,Philadelphia,Median Home Value,zip,5,14844,189,1482,NoPreTrain,3,1.0,0.1282051282051282,0.31781376518218624,0.5404858299595142,1.0,0.4832661290322581,0.5989802086839072,0.7127122252143063
154,Philadelphia,Median Home Value,zip,5,14844,189,1482,NoPreTrain,4,1.0,0.1282051282051282,0.31713900134952766,0.5404858299595142,1.0,0.48845046082949317,0.6126532635667069,0.7127122252143063
155,Philadelphia,Median Home Value,zip,5,14844,189,1482,NoPreTrain,5,1.0,0.10256410256410256,0.2813765182186235,0.5404858299595142,1.0,0.4317396313364055,0.569116319731256,0.7127122252143063
156,Philadelphia,Median Home Value,zip,5,14844,189,1482,NoPreTrain,6,1.0,0.23076923076923078,0.2921727395411606,0.5404858299595142,1.0,0.5092165898617511,0.5833466985544671,0.7127122252143063
157,Philadelphia,Median Home Value,zip,5,14844,189,1482,NoPreTrain,7,1.0,0.3333333333333333,0.3029689608636977,0.5404858299595142,1.0,0.6463709677419355,0.6051746500069232,0.7127122252143063
158,Philadelphia,Median Home Value,zip,5,14844,189,1482,NoPreTrain,8,1.0,0.1794871794871795,0.33130904183535764,0.5404858299595142,1.0,0.5324308755760369,0.613124425684586,0.7127122252143063
159,Philadelphia,Median Home Value,zip,5,14844,189,1482,NoPreTrain,9,1.0,0.20512820512820512,0.3367071524966262,0.5404858299595142,1.0,0.4502016129032258,0.6223033304611721,0.7127122252143063
160,Philadelphia,Median Age,zip,5,15530,189,1546,Emb,0,1.0,0.2564102564102564,0.28137128072445017,0.33635187580853815,1.0,0.6364987632562716,0.5767095259790896,0.5851367846504121
161,Philadelphia,Median Age,zip,5,15530,189,1546,Emb,1,1.0,0.23076923076923078,0.2846054333764554,0.33635187580853815,1.0,0.6248935184516385,0.5842479553069142,0.5851367846504121
162,Philadelphia,Median Age,zip,5,15530,189,1546,Emb,2,1.0,0.2564102564102564,0.2755498059508409,0.33635187580853815,1.0,0.5758627070000819,0.5821358282635056,0.5851367846504121
163,Philadelphia,Median Age,zip,5,15530,189,1546,Emb,3,1.0,0.38461538461538464,0.2981888745148771,0.33635187580853815,1.0,0.6189064047434458,0.5988767800723767,0.5851367846504121
164,Philadelphia,Median Age,zip,5,15530,189,1546,Emb,4,1.0,0.20512820512820512,0.2871927554980595,0.33635187580853815,1.0,0.577277646960628,0.5895410616644519,0.5851367846504121
165,Philadelphia,Median Age,zip,5,15530,189,1546,Emb,5,1.0,0.3333333333333333,0.2846054333764554,0.33635187580853815,1.0,0.6529432012802424,0.5918503601018164,0.5851367846504121
166,Philadelphia,Median Age,zip,5,15530,189,1546,Emb,6,1.0,0.28205128205128205,0.29301423027166884,0.33635187580853815,1.0,0.6073541830188104,0.5922878092964409,0.5851367846504121
167,Philadelphia,Median Age,zip,5,15530,189,1546,Emb,7,1.0,0.3076923076923077,0.2858990944372574,0.33635187580853815,1.0,0.6121066155757479,0.5877552342466896,0.5851367846504121
168,Philadelphia,Median Age,zip,5,15530,189,1546,Emb,8,1.0,0.23076923076923078,0.2923673997412678,0.33635187580853815,1.0,0.5856642882824751,0.5858032784791161,0.5851367846504121
169,Philadelphia,Median Age,zip,5,15530,189,1546,Emb,9,1.0,0.3076923076923077,0.30206985769728334,0.33635187580853815,1.0,0.649991691505874,0.5918294794071871,0.5851367846504121
170,Philadelphia,Median Age,zip,5,15530,189,1546,LightGCN,0,1.0,0.28205128205128205,0.31565329883570503,0.33635187580853815,1.0,0.6779609779665398,0.6249875123347601,0.5851367846504121
171,Philadelphia,Median Age,zip,5,15530,189,1546,LightGCN,1,1.0,0.3333333333333333,0.29301423027166884,0.33635187580853815,1.0,0.6581505083409978,0.607424675859656,0.5851367846504121
172,Philadelphia,Median Age,zip,5,15530,189,1546,LightGCN,2,1.0,0.38461538461538464,0.2949547218628719,0.33635187580853815,1.0,0.6470084084127465,0.5978587991535455,0.5851367846504121
173,Philadelphia,Median Age,zip,5,15530,189,1546,LightGCN,3,1.0,0.358974358974359,0.32276843467011646,0.33635187580853815,1.0,0.6781108900060513,0.6163362806946424,0.5851367846504121
174,Philadelphia,Median Age,zip,5,15530,189,1546,LightGCN,4,1.0,0.3076923076923077,0.3111254851228978,0.33635187580853815,1.0,0.6119123260252293,0.605259433560747,0.5851367846504121
175,Philadelphia,Median Age,zip,5,15530,189,1546,LightGCN,5,1.0,0.28205128205128205,0.30077619663648125,0.33635187580853815,1.0,0.6630917911034707,0.6109744251287866,0.5851367846504121
176,Philadelphia,Median Age,zip,5,15530,189,1546,LightGCN,6,1.0,0.3333333333333333,0.31953428201811124,0.33635187580853815,1.0,0.6523963434600253,0.6141778025853183,0.5851367846504121
177,Philadelphia,Median Age,zip,5,15530,189,1546,LightGCN,7,1.0,0.3076923076923077,0.3072445019404916,0.33635187580853815,1.0,0.6670559881349647,0.621337075429025,0.5851367846504121
178,Philadelphia,Median Age,zip,5,15530,189,1546,LightGCN,8,1.0,0.358974358974359,0.30983182406209575,0.33635187580853815,1.0,0.684463731948437,0.6238146904664464,0.5851367846504121
179,Philadelphia,Median Age,zip,5,15530,189,1546,LightGCN,9,1.0,0.358974358974359,0.30983182406209575,0.33635187580853815,1.0,0.717767707666206,0.6149581057679588,0.5851367846504121
180,Philadelphia,Median Age,zip,5,15530,189,1546,Feat-LightGCN,0,1.0,0.2564102564102564,0.29948253557567917,0.33635187580853815,1.0,0.6430502526456364,0.6110387456832808,0.5851367846504121
181,Philadelphia,Median Age,zip,5,15530,189,1546,Feat-LightGCN,1,1.0,0.28205128205128205,0.296248382923674,0.33635187580853815,1.0,0.6455206261727396,0.6074651340985355,0.5851367846504121
182,Philadelphia,Median Age,zip,5,15530,189,1546,Feat-LightGCN,2,1.0,0.41025641025641024,0.296248382923674,0.33635187580853815,1.0,0.6842924457510108,0.6084589667729075,0.5851367846504121
183,Philadelphia,Median Age,zip,5,15530,189,1546,Feat-LightGCN,3,1.0,0.41025641025641024,0.3078913324708926,0.33635187580853815,1.0,0.6978537119165595,0.6109951541765333,0.5851367846504121
184,Philadelphia,Median Age,zip,5,15530,189,1546,Feat-LightGCN,4,1.0,0.3076923076923077,0.30336351875808537,0.33635187580853815,1.0,0.6207962049383073,0.6175805555805709,0.5851367846504121
185,Philadelphia,Median Age,zip,5,15530,189,1546,Feat-LightGCN,5,1.0,0.358974358974359,0.28395860284605434,0.33635187580853815,1.0,0.6639823148054516,0.593520339713675,0.5851367846504121
186,Philadelphia,Median Age,zip,5,15530,189,1546,Feat-LightGCN,6,1.0,0.28205128205128205,0.3053040103492885,0.33635187580853815,1.0,0.5992898655231803,0.6072206655648446,0.5851367846504121
187,Philadelphia,Median Age,zip,5,15530,189,1546,Feat-LightGCN,7,1.0,0.3333333333333333,0.3072445019404916,0.33635187580853815,1.0,0.6285678652085771,0.6121201369560333,0.5851367846504121
188,Philadelphia,Median Age,zip,5,15530,189,1546,Feat-LightGCN,8,1.0,0.41025641025641024,0.31047865459249674,0.33635187580853815,1.0,0.6858166601659372,0.6202474782317273,0.5851367846504121
189,Philadelphia,Median Age,zip,5,15530,189,1546,Feat-LightGCN,9,1.0,0.41025641025641024,0.3240620957309185,0.33635187580853815,1.0,0.7037298858600305,0.6275684106900199,0.5851367846504121
190,Philadelphia,Median Age,zip,5,15530,189,1546,Feat\&PC-LightGCN,0,1.0,0.28205128205128205,0.3182406209573092,0.33635187580853815,1.0,0.6293549189655975,0.6076628965680395,0.5851367846504121
191,Philadelphia,Median Age,zip,5,15530,189,1546,Feat\&PC-LightGCN,1,1.0,0.3076923076923077,0.314359637774903,0.33635187580853815,1.0,0.6401694583688464,0.6105903322343715,0.5851367846504121
192,Philadelphia,Median Age,zip,5,15530,189,1546,Feat\&PC-LightGCN,2,1.0,0.2564102564102564,0.31565329883570503,0.33635187580853815,1.0,0.5974385360036083,0.6053039753675158,0.5851367846504121
193,Philadelphia,Median Age,zip,5,15530,189,1546,Feat\&PC-LightGCN,3,1.0,0.358974358974359,0.32470892626131953,0.33635187580853815,1.0,0.6377006438129909,0.600743855947378,0.5851367846504121
194,Philadelphia,Median Age,zip,5,15530,189,1546,Feat\&PC-LightGCN,4,1.0,0.3333333333333333,0.3188874514877102,0.33635187580853815,1.0,0.5945017792737481,0.5909033183721358,0.5851367846504121
195,Philadelphia,Median Age,zip,5,15530,189,1546,Feat\&PC-LightGCN,5,1.0,0.358974358974359,0.3040103492884864,0.33635187580853815,1.0,0.6198449114536434,0.6086046016001203,0.5851367846504121
196,Philadelphia,Median Age,zip,5,15530,189,1546,Feat\&PC-LightGCN,6,1.0,0.358974358974359,0.31371280724450196,0.33635187580853815,1.0,0.6400269960851162,0.6006146513264309,0.5851367846504121
197,Philadelphia,Median Age,zip,5,15530,189,1546,Feat\&PC-LightGCN,7,1.0,0.38461538461538464,0.3117723156532988,0.33635187580853815,1.0,0.608832248273294,0.5924152517620422,0.5851367846504121
198,Philadelphia,Median Age,zip,5,15530,189,1546,Feat\&PC-LightGCN,8,1.0,0.28205128205128205,0.3182406209573092,0.33635187580853815,1.0,0.6412381000534505,0.6029239575616359,0.5851367846504121
199,Philadelphia,Median Age,zip,5,15530,189,1546,Feat\&PC-LightGCN,9,1.0,0.3076923076923077,0.3201811125485123,0.33635187580853815,1.0,0.618357664921903,0.6093996687274462,0.5851367846504121
200,Philadelphia,Median Age,zip,5,15530,189,1546,RGNN,0,0.98,0.3333333333333333,0.28783958602846055,0.33635187580853815,0.9967406927488212,0.6823765864589001,0.5866446006713208,0.5851367846504121
201,Philadelphia,Median Age,zip,5,15530,189,1546,RGNN,1,0.9866666666666667,0.2564102564102564,0.2723156532988357,0.33635187580853815,0.9998720000000001,0.6491154152361049,0.5789038004860386,0.5851367846504121
202,Philadelphia,Median Age,zip,5,15530,189,1546,RGNN,2,0.9666666666666667,0.2564102564102564,0.2884864165588616,0.33635187580853815,0.993900270804129,0.6423237359291308,0.5930259590085368,0.5851367846504121
203,Philadelphia,Median Age,zip,5,15530,189,1546,RGNN,3,0.9333333333333333,0.3333333333333333,0.2833117723156533,0.33635187580853815,0.9985955195616159,0.6474673639301003,0.5902203580912332,0.5851367846504121
204,Philadelphia,Median Age,zip,5,15530,189,1546,RGNN,4,0.8866666666666667,0.3076923076923077,0.31047865459249674,0.33635187580853815,0.9892774878583639,0.6523244421812275,0.5995980391155791,0.5851367846504121
205,Philadelphia,Median Age,zip,5,15530,189,1546,RGNN,5,0.9533333333333334,0.3076923076923077,0.3027166882276843,0.33635187580853815,0.9947407154326493,0.666266414342054,0.601193243559689,0.5851367846504121
206,Philadelphia,Median Age,zip,5,15530,189,1546,RGNN,6,0.92,0.358974358974359,0.278137128072445,0.33635187580853815,0.9907077132332773,0.6431769807562354,0.5860917910248122,0.5851367846504121
207,Philadelphia,Median Age,zip,5,15530,189,1546,RGNN,7,0.8066666666666666,0.1794871794871795,0.28913324708926263,0.33635187580853815,0.9838302455643575,0.5937906436043254,0.5919071773774041,0.5851367846504121
208,Philadelphia,Median Age,zip,5,15530,189,1546,RGNN,8,1.0,0.38461538461538464,0.29172056921086675,0.33635187580853815,1.0,0.5945307576800902,0.5971792773683082,0.5851367846504121
209,Philadelphia,Median Age,zip,5,15530,189,1546,RGNN,9,0.98,0.48717948717948717,0.30206985769728334,0.33635187580853815,0.9988476063463745,0.7175951453996504,0.5926295898027082,0.5851367846504121
210,Philadelphia,Median Age,zip,5,15530,189,1546,Feat-RGNN,0,0.92,0.38461538461538464,0.2884864165588616,0.33635187580853815,0.991528390656691,0.6944214170145762,0.5978705721763595,0.5851367846504121
211,Philadelphia,Median Age,zip,5,15530,189,1546,Feat-RGNN,1,0.7066666666666667,0.41025641025641024,0.2981888745148771,0.33635187580853815,0.985917292359564,0.6441460589527886,0.6004521170391761,0.5851367846504121
212,Philadelphia,Median Age,zip,5,15530,189,1546,Feat-RGNN,2,0.9333333333333333,0.3333333333333333,0.30595084087968955,0.33635187580853815,0.998333545941124,0.6429208299425208,0.6048576886106838,0.5851367846504121
213,Philadelphia,Median Age,zip,5,15530,189,1546,Feat-RGNN,3,0.98,0.3333333333333333,0.30206985769728334,0.33635187580853815,0.999471135465783,0.6480016396284473,0.6049084137018299,0.5851367846504121
214,Philadelphia,Median Age,zip,5,15530,189,1546,Feat-RGNN,4,0.9933333333333333,0.2564102564102564,0.3091849935316947,0.33635187580853815,1.0,0.6571311718808938,0.6021942880569167,0.5851367846504121
215,Philadelphia,Median Age,zip,5,15530,189,1546,Feat-RGNN,5,0.96,0.38461538461538464,0.31953428201811124,0.33635187580853815,0.9952050786287753,0.69333611821376,0.611679937058123,0.5851367846504121
216,Philadelphia,Median Age,zip,5,15530,189,1546,Feat-RGNN,6,0.9666666666666667,0.3076923076923077,0.30595084087968955,0.33635187580853815,0.996034058907503,0.6645662107327845,0.596940344308004,0.5851367846504121
217,Philadelphia,Median Age,zip,5,15530,189,1546,Feat-RGNN,7,0.9666666666666667,0.358974358974359,0.28783958602846055,0.33635187580853815,0.9951227913823633,0.6389246629652636,0.597416587686374,0.5851367846504121
218,Philadelphia,Median Age,zip,5,15530,189,1546,Feat-RGNN,8,0.9533333333333334,0.3333333333333333,0.28137128072445017,0.33635187580853815,0.9966759503266577,0.5938117007513559,0.5927694626099158,0.5851367846504121
219,Philadelphia,Median Age,zip,5,15530,189,1546,Feat-RGNN,9,0.9533333333333334,0.3076923076923077,0.3014230271668823,0.33635187580853815,0.9944532681279469,0.6449809693149515,0.6104592999383123,0.5851367846504121
220,Philadelphia,Median Age,zip,5,15530,189,1546,Feat\&PC-RGNN,0,1.0,0.358974358974359,0.2949547218628719,0.33635187580853815,1.0,0.6647490236867322,0.599125576570269,0.5851367846504121
221,Philadelphia,Median Age,zip,5,15530,189,1546,Feat\&PC-RGNN,1,0.9733333333333334,0.23076923076923078,0.2858990944372574,0.33635187580853815,0.9989593953103096,0.6184396684146406,0.6037116170950443,0.5851367846504121
222,Philadelphia,Median Age,zip,5,15530,189,1546,Feat\&PC-RGNN,2,0.9933333333333333,0.2564102564102564,0.2923673997412678,0.33635187580853815,1.0,0.6654166124939206,0.598943279525234,0.5851367846504121
223,Philadelphia,Median Age,zip,5,15530,189,1546,Feat\&PC-RGNN,3,1.0,0.28205128205128205,0.2975420439844761,0.33635187580853815,1.0,0.632736813149772,0.6096542025679461,0.5851367846504121
224,Philadelphia,Median Age,zip,5,15530,189,1546,Feat\&PC-RGNN,4,0.9866666666666667,0.3076923076923077,0.2884864165588616,0.33635187580853815,0.9996491016949152,0.6632076184537252,0.6054617132452076,0.5851367846504121
225,Philadelphia,Median Age,zip,5,15530,189,1546,Feat\&PC-RGNN,5,1.0,0.3076923076923077,0.28913324708926263,0.33635187580853815,1.0,0.6310013230188425,0.5976460802262332,0.5851367846504121
226,Philadelphia,Median Age,zip,5,15530,189,1546,Feat\&PC-RGNN,6,0.98,0.28205128205128205,0.2884864165588616,0.33635187580853815,1.0,0.6037858422939069,0.6003964994025155,0.5851367846504121
227,Philadelphia,Median Age,zip,5,15530,189,1546,Feat\&PC-RGNN,7,0.98,0.358974358974359,0.30206985769728334,0.33635187580853815,0.9996890903530012,0.6552515982966483,0.6088220349168701,0.5851367846504121
228,Philadelphia,Median Age,zip,5,15530,189,1546,Feat\&PC-RGNN,8,1.0,0.3333333333333333,0.2975420439844761,0.33635187580853815,1.0,0.6892741353628451,0.6112278271275342,0.5851367846504121
229,Philadelphia,Median Age,zip,5,15530,189,1546,Feat\&PC-RGNN,9,1.0,0.3333333333333333,0.30659767141009053,0.33635187580853815,1.0,0.6423334890298183,0.6135448785639191,0.5851367846504121
230,Philadelphia,Median Age,zip,5,15530,189,1546,NoPreTrain,0,1.0,0.358974358974359,0.23479948253557567,0.33635187580853815,1.0,0.5950728061642967,0.5310765079624873,0.5851367846504121
231,Philadelphia,Median Age,zip,5,15530,189,1546,NoPreTrain,1,1.0,0.23076923076923078,0.2315653298835705,0.33635187580853815,1.0,0.5560257649593022,0.526577798571454,0.5851367846504121
232,Philadelphia,Median Age,zip,5,15530,189,1546,NoPreTrain,2,1.0,0.07692307692307693,0.23479948253557567,0.33635187580853815,1.0,0.4254068353164572,0.5271611257020951,0.5851367846504121
233,Philadelphia,Median Age,zip,5,15530,189,1546,NoPreTrain,3,1.0,0.10256410256410256,0.22121604139715395,0.33635187580853815,1.0,0.3647927451055927,0.5171050006678122,0.5851367846504121
234,Philadelphia,Median Age,zip,5,15530,189,1546,NoPreTrain,4,1.0,0.23076923076923078,0.2296248382923674,0.33635187580853815,1.0,0.5531145857911709,0.5324340662562592,0.5851367846504121
235,Philadelphia,Median Age,zip,5,15530,189,1546,NoPreTrain,5,1.0,0.10256410256410256,0.21410090556274256,0.33635187580853815,1.0,0.41498175782936625,0.5181679631393106,0.5851367846504121
236,Philadelphia,Median Age,zip,5,15530,189,1546,NoPreTrain,6,1.0,0.07692307692307693,0.23285899094437257,0.33635187580853815,1.0,0.38494406964929767,0.5194276144983313,0.5851367846504121
237,Philadelphia,Median Age,zip,5,15530,189,1546,NoPreTrain,7,1.0,0.28205128205128205,0.21927554980595085,0.33635187580853815,1.0,0.505334783557809,0.5149079394377069,0.5851367846504121
238,Philadelphia,Median Age,zip,5,15530,189,1546,NoPreTrain,8,1.0,0.2564102564102564,0.23415265200517466,0.33635187580853815,1.0,0.5566448952419474,0.5347265938260298,0.5851367846504121
239,Philadelphia,Median Age,zip,5,15530,189,1546,NoPreTrain,9,1.0,0.46153846153846156,0.240620957309185,0.33635187580853815,1.0,0.6282740723619478,0.5398081881921941,0.5851367846504121
240,St. Louis,Median Income,zip,5,2397,43,246,Emb,0,1.0,0.3,0.3943089430894309,0.4715447154471545,1.0,0.575,0.6182851963120275,0.6692055319589765
241,St. Louis,Median Income,zip,5,2397,43,246,Emb,1,1.0,0.3,0.35772357723577236,0.4715447154471545,1.0,0.5125,0.6222839531751786,0.6692055319589765
242,St. Louis,Median Income,zip,5,2397,43,246,Emb,2,1.0,0.2,0.3008130081300813,0.4715447154471545,1.0,0.55,0.5886850719983425,0.6692055319589765
243,St. Louis,Median Income,zip,5,2397,43,246,Emb,3,1.0,0.1,0.3252032520325203,0.4715447154471545,1.0,0.5875,0.5806607272350565,0.6692055319589765
244,St. Louis,Median Income,zip,5,2397,43,246,Emb,4,1.0,0.4,0.3943089430894309,0.4715447154471545,1.0,0.7,0.6402393038433647,0.6692055319589765
245,St. Louis,Median Income,zip,5,2397,43,246,Emb,5,1.0,0.2,0.3821138211382114,0.4715447154471545,1.0,0.5,0.6247886667357299,0.6692055319589765
246,St. Louis,Median Income,zip,5,2397,43,246,Emb,6,1.0,0.3,0.3780487804878049,0.4715447154471545,1.0,0.6125,0.6573174660727235,0.6692055319589765
247,St. Louis,Median Income,zip,5,2397,43,246,Emb,7,1.0,0.4,0.3902439024390244,0.4715447154471545,1.0,0.725,0.6746885942194136,0.6692055319589765
248,St. Louis,Median Income,zip,5,2397,43,246,Emb,8,1.0,0.3,0.35365853658536583,0.4715447154471545,1.0,0.525,0.6340366725370352,0.6692055319589765
249,St. Louis,Median Income,zip,5,2397,43,246,Emb,9,1.0,0.4,0.3983739837398374,0.4715447154471545,1.0,0.6875,0.6472406505749507,0.6692055319589765
250,St. Louis,Median Income,zip,5,2397,43,246,LightGCN,0,1.0,0.5,0.4186991869918699,0.4715447154471545,1.0,0.8125,0.6876441002797057,0.6692055319589765
251,St. Louis,Median Income,zip,5,2397,43,246,LightGCN,1,1.0,0.3,0.3983739837398374,0.4715447154471545,1.0,0.4875,0.6728270485859318,0.6692055319589765
252,St. Louis,Median Income,zip,5,2397,43,246,LightGCN,2,1.0,0.5,0.35772357723577236,0.4715447154471545,1.0,0.7,0.647684968403605,0.6692055319589765
253,St. Louis,Median Income,zip,5,2397,43,246,LightGCN,3,1.0,0.4,0.4024390243902439,0.4715447154471545,1.0,0.75,0.6705184916606236,0.6692055319589765
254,St. Louis,Median Income,zip,5,2397,43,246,LightGCN,4,1.0,0.6,0.44308943089430897,0.4715447154471545,1.0,0.775,0.7222410649539004,0.6692055319589765
255,St. Louis,Median Income,zip,5,2397,43,246,LightGCN,5,1.0,0.5,0.37398373983739835,0.4715447154471545,1.0,0.625,0.6684359784522946,0.6692055319589765
256,St. Louis,Median Income,zip,5,2397,43,246,LightGCN,6,1.0,0.5,0.4024390243902439,0.4715447154471545,1.0,0.675,0.6823046721226562,0.6692055319589765
257,St. Louis,Median Income,zip,5,2397,43,246,LightGCN,7,1.0,0.4,0.3617886178861789,0.4715447154471545,1.0,0.7125,0.7041223453848545,0.6692055319589765
258,St. Louis,Median Income,zip,5,2397,43,246,LightGCN,8,1.0,0.2,0.4065040650406504,0.4715447154471545,1.0,0.5125,0.6523140992437584,0.6692055319589765
259,St. Louis,Median Income,zip,5,2397,43,246,LightGCN,9,1.0,0.4,0.3861788617886179,0.4715447154471545,1.0,0.7125,0.6842528747539625,0.6692055319589765
260,St. Louis,Median Income,zip,5,2397,43,246,Feat-LightGCN,0,1.0,0.4,0.3861788617886179,0.4715447154471545,1.0,0.775,0.6979890707552057,0.6692055319589765
261,St. Louis,Median Income,zip,5,2397,43,246,Feat-LightGCN,1,1.0,0.1,0.4065040650406504,0.4715447154471545,1.0,0.45,0.6801153527400808,0.6692055319589765
262,St. Louis,Median Income,zip,5,2397,43,246,Feat-LightGCN,2,1.0,0.5,0.3861788617886179,0.4715447154471545,1.0,0.775,0.6593580752097794,0.6692055319589765
263,St. Louis,Median Income,zip,5,2397,43,246,Feat-LightGCN,3,1.0,0.3,0.3943089430894309,0.4715447154471545,1.0,0.675,0.6724262923443489,0.6692055319589765
264,St. Louis,Median Income,zip,5,2397,43,246,Feat-LightGCN,4,1.0,0.5,0.45934959349593496,0.4715447154471545,1.0,0.7875,0.7187061017300321,0.6692055319589765
265,St. Louis,Median Income,zip,5,2397,43,246,Feat-LightGCN,5,1.0,0.4,0.3902439024390244,0.4715447154471545,1.0,0.75,0.7172459339065576,0.6692055319589765
266,St. Louis,Median Income,zip,5,2397,43,246,Feat-LightGCN,6,1.0,0.2,0.4024390243902439,0.4715447154471545,1.0,0.5625,0.699817725059567,0.6692055319589765
267,St. Louis,Median Income,zip,5,2397,43,246,Feat-LightGCN,7,1.0,0.3,0.3902439024390244,0.4715447154471545,1.0,0.725,0.6960279187817259,0.6692055319589765
268,St. Louis,Median Income,zip,5,2397,43,246,Feat-LightGCN,8,1.0,0.3,0.3983739837398374,0.4715447154471545,1.0,0.65,0.6818147208121826,0.6692055319589765
269,St. Louis,Median Income,zip,5,2397,43,246,Feat-LightGCN,9,1.0,0.5,0.4186991869918699,0.4715447154471545,1.0,0.7875,0.7105164715632446,0.6692055319589765
270,St. Louis,Median Income,zip,5,2397,43,246,Feat\&PC-LightGCN,0,1.0,0.3,0.43089430894308944,0.4715447154471545,1.0,0.5125,0.6736522324665908,0.6692055319589765
271,St. Louis,Median Income,zip,5,2397,43,246,Feat\&PC-LightGCN,1,1.0,0.3,0.4349593495934959,0.4715447154471545,1.0,0.6125,0.6695974826478814,0.6692055319589765
272,St. Louis,Median Income,zip,5,2397,43,246,Feat\&PC-LightGCN,2,1.0,0.4,0.3902439024390244,0.4715447154471545,1.0,0.6125,0.6400712213819537,0.6692055319589765
273,St. Louis,Median Income,zip,5,2397,43,246,Feat\&PC-LightGCN,3,1.0,0.1,0.3170731707317073,0.4715447154471545,1.0,0.55,0.6433716979177457,0.6692055319589765
274,St. Louis,Median Income,zip,5,2397,43,246,Feat\&PC-LightGCN,4,1.0,0.3,0.44715447154471544,0.4715447154471545,1.0,0.725,0.702283072619911,0.6692055319589765
275,St. Louis,Median Income,zip,5,2397,43,246,Feat\&PC-LightGCN,5,1.0,0.0,0.4268292682926829,0.4715447154471545,1.0,0.4625,0.6823716979177457,0.6692055319589765
276,St. Louis,Median Income,zip,5,2397,43,246,Feat\&PC-LightGCN,6,1.0,0.2,0.43089430894308944,0.4715447154471545,1.0,0.4625,0.6448541904071274,0.6692055319589765
277,St. Louis,Median Income,zip,5,2397,43,246,Feat\&PC-LightGCN,7,1.0,0.3,0.43902439024390244,0.4715447154471545,1.0,0.61875,0.7090715839635348,0.6692055319589765
278,St. Louis,Median Income,zip,5,2397,43,246,Feat\&PC-LightGCN,8,1.0,0.4,0.4349593495934959,0.4715447154471545,1.0,0.6875,0.7011480368797265,0.6692055319589765
279,St. Louis,Median Income,zip,5,2397,43,246,Feat\&PC-LightGCN,9,1.0,0.4,0.42276422764227645,0.4715447154471545,1.0,0.6375,0.6859925929762767,0.6692055319589765
280,St. Louis,Median Income,zip,5,2397,43,246,RGNN,0,1.0,0.3,0.3699186991869919,0.4715447154471545,1.0,0.5875,0.681369988604579,0.6692055319589765
281,St. Louis,Median Income,zip,5,2397,43,246,RGNN,1,1.0,0.2,0.36585365853658536,0.4715447154471545,1.0,0.5875,0.6518390137781,0.6692055319589765
282,St. Louis,Median Income,zip,5,2397,43,246,RGNN,2,1.0,0.4,0.3699186991869919,0.4715447154471545,1.0,0.6375,0.6384836838288616,0.6692055319589765
283,St. Louis,Median Income,zip,5,2397,43,246,RGNN,3,1.0,0.1,0.35365853658536583,0.4715447154471545,1.0,0.575,0.6189002382678959,0.6692055319589765
284,St. Louis,Median Income,zip,5,2397,43,246,RGNN,4,1.0,0.4,0.4065040650406504,0.4715447154471545,1.0,0.5875,0.6430133119237543,0.6692055319589765
285,St. Louis,Median Income,zip,5,2397,43,246,RGNN,5,1.0,0.5,0.37398373983739835,0.4715447154471545,1.0,0.6875,0.6645487413239407,0.6692055319589765
286,St. Louis,Median Income,zip,5,2397,43,246,RGNN,6,1.0,0.5,0.3861788617886179,0.4715447154471545,1.0,0.725,0.6595680617424635,0.6692055319589765
287,St. Louis,Median Income,zip,5,2397,43,246,RGNN,7,1.0,0.3,0.36585365853658536,0.4715447154471545,1.0,0.4875,0.6648705065782659,0.6692055319589765
288,St. Louis,Median Income,zip,5,2397,43,246,RGNN,8,1.0,0.3,0.3699186991869919,0.4715447154471545,1.0,0.5375,0.6479950274526054,0.6692055319589765
289,St. Louis,Median Income,zip,5,2397,43,246,RGNN,9,1.0,0.5,0.3780487804878049,0.4715447154471545,1.0,0.8875,0.6585019165026417,0.6692055319589765
290,St. Louis,Median Income,zip,5,2397,43,246,Feat-RGNN,0,1.0,0.3,0.3821138211382114,0.4715447154471545,1.0,0.725,0.6625415932870611,0.6692055319589765
291,St. Louis,Median Income,zip,5,2397,43,246,Feat-RGNN,1,1.0,0.2,0.3780487804878049,0.4715447154471545,1.0,0.4875,0.6757874235988812,0.6692055319589765
292,St. Louis,Median Income,zip,5,2397,43,246,Feat-RGNN,2,1.0,0.5,0.34552845528455284,0.4715447154471545,1.0,0.825,0.6415977416347249,0.6692055319589765
293,St. Louis,Median Income,zip,5,2397,43,246,Feat-RGNN,3,1.0,0.6,0.35365853658536583,0.4715447154471545,1.0,0.7,0.6178586967782037,0.6692055319589765
294,St. Louis,Median Income,zip,5,2397,43,246,Feat-RGNN,4,1.0,0.2,0.3821138211382114,0.4715447154471545,1.0,0.65,0.6526331710349115,0.6692055319589765
295,St. Louis,Median Income,zip,5,2397,43,246,Feat-RGNN,5,1.0,0.6,0.4065040650406504,0.4715447154471545,1.0,0.725,0.6714245312338133,0.6692055319589765
296,St. Louis,Median Income,zip,5,2397,43,246,Feat-RGNN,6,1.0,0.4,0.4186991869918699,0.4715447154471545,1.0,0.7625,0.6944813011499016,0.6692055319589765
297,St. Louis,Median Income,zip,5,2397,43,246,Feat-RGNN,7,1.0,0.5,0.3699186991869919,0.4715447154471545,1.0,0.8125,0.6740387962291516,0.6692055319589765
298,St. Louis,Median Income,zip,5,2397,43,246,Feat-RGNN,8,1.0,0.2,0.3943089430894309,0.4715447154471545,1.0,0.625,0.6805957733347145,0.6692055319589765
299,St. Louis,Median Income,zip,5,2397,43,246,Feat-RGNN,9,1.0,0.5,0.3943089430894309,0.4715447154471545,1.0,0.85,0.7092148554853412,0.6692055319589765
300,St. Louis,Median Income,zip,5,2397,43,246,Feat\&PC-RGNN,0,1.0,0.3,0.4024390243902439,0.4715447154471545,1.0,0.6,0.6689872060499327,0.6692055319589765
301,St. Louis,Median Income,zip,5,2397,43,246,Feat\&PC-RGNN,1,1.0,0.2,0.3821138211382114,0.4715447154471545,1.0,0.625,0.6709684554024655,0.6692055319589765
302,St. Louis,Median Income,zip,5,2397,43,246,Feat\&PC-RGNN,2,1.0,0.3,0.36585365853658536,0.4715447154471545,1.0,0.6,0.6736109499637418,0.6692055319589765
303,St. Louis,Median Income,zip,5,2397,43,246,Feat\&PC-RGNN,3,1.0,0.3,0.3780487804878049,0.4715447154471545,1.0,0.4875,0.6306786491246245,0.6692055319589765
304,St. Louis,Median Income,zip,5,2397,43,246,Feat\&PC-RGNN,4,1.0,0.4,0.4634146341463415,0.4715447154471545,1.0,0.675,0.6901697917745778,0.6692055319589765
305,St. Louis,Median Income,zip,5,2397,43,246,Feat\&PC-RGNN,5,1.0,0.3,0.4024390243902439,0.4715447154471545,1.0,0.4875,0.6742720915777479,0.6692055319589765
306,St. Louis,Median Income,zip,5,2397,43,246,Feat\&PC-RGNN,6,1.0,0.4,0.4186991869918699,0.4715447154471545,1.0,0.6375,0.6619152595048172,0.6692055319589765
307,St. Louis,Median Income,zip,5,2397,43,246,Feat\&PC-RGNN,7,1.0,0.3,0.3821138211382114,0.4715447154471545,1.0,0.6125,0.6805387444317827,0.6692055319589765
308,St. Louis,Median Income,zip,5,2397,43,246,Feat\&PC-RGNN,8,1.0,0.2,0.43089430894308944,0.4715447154471545,1.0,0.5625,0.6655482233502538,0.6692055319589765
309,St. Louis,Median Income,zip,5,2397,43,246,Feat\&PC-RGNN,9,1.0,0.3,0.4065040650406504,0.4715447154471545,1.0,0.7125,0.6811772505956698,0.6692055319589765
310,St. Louis,Median Income,zip,5,2397,43,246,NoPreTrain,0,1.0,0.2,0.4105691056910569,0.4715447154471545,1.0,0.625,0.6813161193411374,0.6692055319589765
311,St. Louis,Median Income,zip,5,2397,43,246,NoPreTrain,1,1.0,0.1,0.2967479674796748,0.4715447154471545,1.0,0.4125,0.5931920646431161,0.6692055319589765
312,St. Louis,Median Income,zip,5,2397,43,246,NoPreTrain,2,1.0,0.1,0.3252032520325203,0.4715447154471545,1.0,0.5,0.6116677716771989,0.6692055319589765
313,St. Louis,Median Income,zip,5,2397,43,246,NoPreTrain,3,1.0,0.3,0.3617886178861789,0.4715447154471545,1.0,0.475,0.6308510307676369,0.6692055319589765
314,St. Louis,Median Income,zip,5,2397,43,246,NoPreTrain,4,1.0,0.3,0.3821138211382114,0.4715447154471545,1.0,0.5875,0.6324278462654098,0.6692055319589765
315,St. Louis,Median Income,zip,5,2397,43,246,NoPreTrain,5,1.0,0.3,0.33739837398373984,0.4715447154471545,1.0,0.5125,0.6102556718118719,0.6692055319589765
316,St. Louis,Median Income,zip,5,2397,43,246,NoPreTrain,6,1.0,0.2,0.34552845528455284,0.4715447154471545,1.0,0.4,0.6119943540868125,0.6692055319589765
317,St. Louis,Median Income,zip,5,2397,43,246,NoPreTrain,7,1.0,0.2,0.3861788617886179,0.4715447154471545,1.0,0.35,0.6489277426706723,0.6692055319589765
318,St. Louis,Median Income,zip,5,2397,43,246,NoPreTrain,8,1.0,0.2,0.2926829268292683,0.4715447154471545,1.0,0.5,0.5710441831554957,0.6692055319589765
319,St. Louis,Median Income,zip,5,2397,43,246,NoPreTrain,9,1.0,0.1,0.34146341463414637,0.4715447154471545,1.0,0.4375,0.6006011602610586,0.6692055319589765
320,St. Louis,Median Home Value,zip,5,2352,43,241,Emb,0,1.0,0.2727272727272727,0.4896265560165975,0.6182572614107884,1.0,0.5083333333333334,0.7381181488139298,0.7610921473511685
321,St. Louis,Median Home Value,zip,5,2352,43,241,Emb,1,1.0,0.18181818181818182,0.48132780082987553,0.6182572614107884,1.0,0.5666666666666667,0.7407307968524197,0.7610921473511685
322,St. Louis,Median Home Value,zip,5,2352,43,241,Emb,2,1.0,0.36363636363636365,0.5269709543568465,0.6182572614107884,1.0,0.625,0.7206483953685101,0.7610921473511685
323,St. Louis,Median Home Value,zip,5,2352,43,241,Emb,3,1.0,0.09090909090909091,0.44813278008298757,0.6182572614107884,1.0,0.35555555555555557,0.7037212294244123,0.7610921473511685
324,St. Louis,Median Home Value,zip,5,2352,43,241,Emb,4,1.0,0.2727272727272727,0.46887966804979253,0.6182572614107884,1.0,0.4416666666666666,0.722184845440767,0.7610921473511685
325,St. Louis,Median Home Value,zip,5,2352,43,241,Emb,5,1.0,0.2727272727272727,0.47717842323651455,0.6182572614107884,1.0,0.6805555555555556,0.7269301729759261,0.7610921473511685
326,St. Louis,Median Home Value,zip,5,2352,43,241,Emb,6,1.0,0.18181818181818182,0.48132780082987553,0.6182572614107884,1.0,0.48888888888888893,0.7237612240492053,0.7610921473511685
327,St. Louis,Median Home Value,zip,5,2352,43,241,Emb,7,1.0,0.2727272727272727,0.4896265560165975,0.6182572614107884,1.0,0.5,0.7489730380494167,0.7610921473511685
328,St. Louis,Median Home Value,zip,5,2352,43,241,Emb,8,1.0,0.2727272727272727,0.46887966804979253,0.6182572614107884,1.0,0.6861111111111111,0.7311876013358711,0.7610921473511685
329,St. Louis,Median Home Value,zip,5,2352,43,241,Emb,9,1.0,0.09090909090909091,0.48132780082987553,0.6182572614107884,1.0,0.513888888888889,0.7039805170772973,0.7610921473511685
330,St. Louis,Median Home Value,zip,5,2352,43,241,LightGCN,0,1.0,0.36363636363636365,0.49377593360995853,0.6182572614107884,1.0,0.4805555555555555,0.7432853419865355,0.7610921473511685
331,St. Louis,Median Home Value,zip,5,2352,43,241,LightGCN,1,1.0,0.5454545454545454,0.5352697095435685,0.6182572614107884,1.0,0.7277777777777779,0.764682025660005,0.7610921473511685
332,St. Louis,Median Home Value,zip,5,2352,43,241,LightGCN,2,1.0,0.2727272727272727,0.5394190871369294,0.6182572614107884,1.0,0.6694444444444445,0.7749512045750943,0.7610921473511685
333,St. Louis,Median Home Value,zip,5,2352,43,241,LightGCN,3,1.0,0.36363636363636365,0.48132780082987553,0.6182572614107884,1.0,0.7083333333333334,0.7550275809805788,0.7610921473511685
334,St. Louis,Median Home Value,zip,5,2352,43,241,LightGCN,4,1.0,0.18181818181818182,0.46473029045643155,0.6182572614107884,1.0,0.525,0.7461008820626696,0.7610921473511685
335,St. Louis,Median Home Value,zip,5,2352,43,241,LightGCN,5,1.0,0.45454545454545453,0.4979253112033195,0.6182572614107884,1.0,0.6944444444444444,0.7803023994571922,0.7610921473511685
336,St. Louis,Median Home Value,zip,5,2352,43,241,LightGCN,6,1.0,0.36363636363636365,0.4979253112033195,0.6182572614107884,1.0,0.7944444444444445,0.758798927602129,0.7610921473511685
337,St. Louis,Median Home Value,zip,5,2352,43,241,LightGCN,7,1.0,0.45454545454545453,0.4896265560165975,0.6182572614107884,1.0,0.6708333333333333,0.7580006873215608,0.7610921473511685
338,St. Louis,Median Home Value,zip,5,2352,43,241,LightGCN,8,1.0,0.2727272727272727,0.5062240663900415,0.6182572614107884,1.0,0.6277777777777779,0.7458382899792042,0.7610921473511685
339,St. Louis,Median Home Value,zip,5,2352,43,241,LightGCN,9,1.0,0.36363636363636365,0.4979253112033195,0.6182572614107884,1.0,0.6888888888888889,0.7419363632758802,0.7610921473511685
340,St. Louis,Median Home Value,zip,5,2352,43,241,Feat-LightGCN,0,1.0,0.2727272727272727,0.5020746887966805,0.6182572614107884,1.0,0.5694444444444444,0.7545091158224948,0.7610921473511685
341,St. Louis,Median Home Value,zip,5,2352,43,241,Feat-LightGCN,1,1.0,0.45454545454545453,0.5435684647302904,0.6182572614107884,1.0,0.8166666666666667,0.7827032885693137,0.7610921473511685
342,St. Louis,Median Home Value,zip,5,2352,43,241,Feat-LightGCN,2,1.0,0.45454545454545453,0.5228215767634855,0.6182572614107884,1.0,0.7611111111111111,0.7899930827253181,0.7610921473511685
343,St. Louis,Median Home Value,zip,5,2352,43,241,Feat-LightGCN,3,1.0,0.18181818181818182,0.4730290456431535,0.6182572614107884,1.0,0.5777777777777777,0.7421649747982094,0.7610921473511685
344,St. Louis,Median Home Value,zip,5,2352,43,241,Feat-LightGCN,4,1.0,0.2727272727272727,0.4896265560165975,0.6182572614107884,1.0,0.5916666666666667,0.7701010164428466,0.7610921473511685
345,St. Louis,Median Home Value,zip,5,2352,43,241,Feat-LightGCN,5,1.0,0.36363636363636365,0.48132780082987553,0.6182572614107884,1.0,0.7222222222222222,0.7650079526629305,0.7610921473511685
346,St. Louis,Median Home Value,zip,5,2352,43,241,Feat-LightGCN,6,1.0,0.45454545454545453,0.4854771784232365,0.6182572614107884,1.0,0.6833333333333333,0.774222137041345,0.7610921473511685
347,St. Louis,Median Home Value,zip,5,2352,43,241,Feat-LightGCN,7,1.0,0.2727272727272727,0.5020746887966805,0.6182572614107884,1.0,0.711111111111111,0.7902063286454478,0.7610921473511685
348,St. Louis,Median Home Value,zip,5,2352,43,241,Feat-LightGCN,8,1.0,0.36363636363636365,0.49377593360995853,0.6182572614107884,1.0,0.5972222222222222,0.771742327112192,0.7610921473511685
349,St. Louis,Median Home Value,zip,5,2352,43,241,Feat-LightGCN,9,1.0,0.2727272727272727,0.4979253112033195,0.6182572614107884,1.0,0.7277777777777777,0.7420520183461986,0.7610921473511685
350,St. Louis,Median Home Value,zip,5,2352,43,241,Feat\&PC-LightGCN,0,1.0,0.18181818181818182,0.5726141078838174,0.6182572614107884,1.0,0.4722222222222223,0.755876103679814,0.7610921473511685
351,St. Louis,Median Home Value,zip,5,2352,43,241,Feat\&PC-LightGCN,1,1.0,0.2727272727272727,0.5311203319502075,0.6182572614107884,1.0,0.5833333333333334,0.772032566264848,0.7610921473511685
352,St. Louis,Median Home Value,zip,5,2352,43,241,Feat\&PC-LightGCN,2,1.0,0.09090909090909091,0.5601659751037344,0.6182572614107884,1.0,0.4527777777777778,0.756787465633922,0.7610921473511685
353,St. Louis,Median Home Value,zip,5,2352,43,241,Feat\&PC-LightGCN,3,1.0,0.45454545454545453,0.5269709543568465,0.6182572614107884,1.0,0.8555555555555557,0.7995132573754891,0.7610921473511685
354,St. Louis,Median Home Value,zip,5,2352,43,241,Feat\&PC-LightGCN,4,1.0,0.09090909090909091,0.48132780082987553,0.6182572614107884,1.0,0.4166666666666667,0.7351478512389411,0.7610921473511685
355,St. Louis,Median Home Value,zip,5,2352,43,241,Feat\&PC-LightGCN,5,1.0,0.18181818181818182,0.4854771784232365,0.6182572614107884,1.0,0.6666666666666667,0.7962896201226605,0.7610921473511685
356,St. Louis,Median Home Value,zip,5,2352,43,241,Feat\&PC-LightGCN,6,1.0,0.18181818181818182,0.4896265560165975,0.6182572614107884,1.0,0.5555555555555556,0.7291591766240175,0.7610921473511685
357,St. Louis,Median Home Value,zip,5,2352,43,241,Feat\&PC-LightGCN,7,1.0,0.2727272727272727,0.5601659751037344,0.6182572614107884,1.0,0.625,0.7812731860879067,0.7610921473511685
358,St. Louis,Median Home Value,zip,5,2352,43,241,Feat\&PC-LightGCN,8,1.0,0.18181818181818182,0.5394190871369294,0.6182572614107884,1.0,0.6666666666666666,0.8067960571534313,0.7610921473511685
359,St. Louis,Median Home Value,zip,5,2352,43,241,Feat\&PC-LightGCN,9,1.0,0.45454545454545453,0.5726141078838174,0.6182572614107884,1.0,0.6722222222222222,0.7740838466215502,0.7610921473511685
360,St. Louis,Median Home Value,zip,5,2352,43,241,RGNN,0,1.0,0.2727272727272727,0.48132780082987553,0.6182572614107884,1.0,0.575,0.7291401210743365,0.7610921473511685
361,St. Louis,Median Home Value,zip,5,2352,43,241,RGNN,1,1.0,0.45454545454545453,0.5145228215767634,0.6182572614107884,1.0,0.75,0.7767206170032781,0.7610921473511685
362,St. Louis,Median Home Value,zip,5,2352,43,241,RGNN,2,1.0,0.2727272727272727,0.5020746887966805,0.6182572614107884,1.0,0.6611111111111112,0.7640300615064679,0.7610921473511685
363,St. Louis,Median Home Value,zip,5,2352,43,241,RGNN,3,1.0,0.2727272727272727,0.44398340248962653,0.6182572614107884,1.0,0.5527777777777778,0.7208640094638892,0.7610921473511685
364,St. Louis,Median Home Value,zip,5,2352,43,241,RGNN,4,1.0,0.2727272727272727,0.4896265560165975,0.6182572614107884,1.0,0.5305555555555556,0.7390951587889042,0.7610921473511685
365,St. Louis,Median Home Value,zip,5,2352,43,241,RGNN,5,1.0,0.6363636363636364,0.5269709543568465,0.6182572614107884,1.0,0.7333333333333334,0.7773530850163901,0.7610921473511685
366,St. Louis,Median Home Value,zip,5,2352,43,241,RGNN,6,1.0,0.45454545454545453,0.5020746887966805,0.6182572614107884,1.0,0.788888888888889,0.7529710135349476,0.7610921473511685
367,St. Louis,Median Home Value,zip,5,2352,43,241,RGNN,7,1.0,0.36363636363636365,0.5269709543568465,0.6182572614107884,1.0,0.6555555555555556,0.7859409145782666,0.7610921473511685
368,St. Louis,Median Home Value,zip,5,2352,43,241,RGNN,8,1.0,0.45454545454545453,0.5145228215767634,0.6182572614107884,1.0,0.5722222222222222,0.7427858222304466,0.7610921473511685
369,St. Louis,Median Home Value,zip,5,2352,43,241,RGNN,9,1.0,0.18181818181818182,0.5435684647302904,0.6182572614107884,1.0,0.6611111111111111,0.7558876141130028,0.7610921473511685
370,St. Louis,Median Home Value,zip,5,2352,43,241,Feat-RGNN,0,1.0,0.09090909090909091,0.5020746887966805,0.6182572614107884,1.0,0.513888888888889,0.7529867095802052,0.7610921473511685
371,St. Louis,Median Home Value,zip,5,2352,43,241,Feat-RGNN,1,1.0,0.45454545454545453,0.4605809128630705,0.6182572614107884,1.0,0.7388888888888889,0.736437295125304,0.7610921473511685
372,St. Louis,Median Home Value,zip,5,2352,43,241,Feat-RGNN,2,1.0,0.2727272727272727,0.4730290456431535,0.6182572614107884,1.0,0.538888888888889,0.7499927302527228,0.7610921473511685
373,St. Louis,Median Home Value,zip,5,2352,43,241,Feat-RGNN,3,1.0,0.18181818181818182,0.4315352697095436,0.6182572614107884,1.0,0.43611111111111106,0.6724309153713299,0.7610921473511685
374,St. Louis,Median Home Value,zip,5,2352,43,241,Feat-RGNN,4,1.0,0.18181818181818182,0.4605809128630705,0.6182572614107884,1.0,0.5527777777777778,0.7385489364139438,0.7610921473511685
375,St. Louis,Median Home Value,zip,5,2352,43,241,Feat-RGNN,5,1.0,0.5454545454545454,0.4896265560165975,0.6182572614107884,1.0,0.8166666666666668,0.7237749374361144,0.7610921473511685
376,St. Louis,Median Home Value,zip,5,2352,43,241,Feat-RGNN,6,1.0,0.36363636363636365,0.47717842323651455,0.6182572614107884,1.0,0.8,0.7428049879278136,0.7610921473511685
377,St. Louis,Median Home Value,zip,5,2352,43,241,Feat-RGNN,7,1.0,0.45454545454545453,0.4730290456431535,0.6182572614107884,1.0,0.5888888888888889,0.7725639187021959,0.7610921473511685
378,St. Louis,Median Home Value,zip,5,2352,43,241,Feat-RGNN,8,1.0,0.2727272727272727,0.45643153526970953,0.6182572614107884,1.0,0.5694444444444444,0.7191682307638082,0.7610921473511685
379,St. Louis,Median Home Value,zip,5,2352,43,241,Feat-RGNN,9,1.0,0.2727272727272727,0.4605809128630705,0.6182572614107884,1.0,0.6666666666666667,0.7096353891297451,0.7610921473511685
380,St. Louis,Median Home Value,zip,5,2352,43,241,Feat\&PC-RGNN,0,1.0,0.2727272727272727,0.5062240663900415,0.6182572614107884,1.0,0.5777777777777777,0.7502135763631878,0.7610921473511685
381,St. Louis,Median Home Value,zip,5,2352,43,241,Feat\&PC-RGNN,1,1.0,0.18181818181818182,0.5352697095435685,0.6182572614107884,1.0,0.5416666666666667,0.7396615381904057,0.7610921473511685
382,St. Louis,Median Home Value,zip,5,2352,43,241,Feat\&PC-RGNN,2,1.0,0.18181818181818182,0.4896265560165975,0.6182572614107884,1.0,0.47777777777777775,0.7341935316872863,0.7610921473511685
383,St. Louis,Median Home Value,zip,5,2352,43,241,Feat\&PC-RGNN,3,1.0,0.09090909090909091,0.48132780082987553,0.6182572614107884,1.0,0.5833333333333333,0.7329097053329103,0.7610921473511685
384,St. Louis,Median Home Value,zip,5,2352,43,241,Feat\&PC-RGNN,4,1.0,0.18181818181818182,0.4979253112033195,0.6182572614107884,1.0,0.5833333333333334,0.7455329605935639,0.7610921473511685
385,St. Louis,Median Home Value,zip,5,2352,43,241,Feat\&PC-RGNN,5,1.0,0.45454545454545453,0.5145228215767634,0.6182572614107884,1.0,0.7,0.7342515244439745,0.7610921473511685
386,St. Louis,Median Home Value,zip,5,2352,43,241,Feat\&PC-RGNN,6,1.0,0.45454545454545453,0.5435684647302904,0.6182572614107884,1.0,0.7361111111111112,0.7748598370695429,0.7610921473511685
387,St. Louis,Median Home Value,zip,5,2352,43,241,Feat\&PC-RGNN,7,1.0,0.2727272727272727,0.4854771784232365,0.6182572614107884,1.0,0.675,0.7751413194811604,0.7610921473511685
388,St. Louis,Median Home Value,zip,5,2352,43,241,Feat\&PC-RGNN,8,1.0,0.2727272727272727,0.4896265560165975,0.6182572614107884,1.0,0.5583333333333333,0.7751971643579711,0.7610921473511685
389,St. Louis,Median Home Value,zip,5,2352,43,241,Feat\&PC-RGNN,9,1.0,0.18181818181818182,0.47717842323651455,0.6182572614107884,1.0,0.5972222222222222,0.7320275325155968,0.7610921473511685
390,St. Louis,Median Home Value,zip,5,2352,43,241,NoPreTrain,0,1.0,0.18181818181818182,0.4979253112033195,0.6182572614107884,1.0,0.47777777777777775,0.7121276457474182,0.7610921473511685
391,St. Louis,Median Home Value,zip,5,2352,43,241,NoPreTrain,1,1.0,0.09090909090909091,0.3983402489626556,0.6182572614107884,1.0,0.44722222222222224,0.6978236469458249,0.7610921473511685
392,St. Louis,Median Home Value,zip,5,2352,43,241,NoPreTrain,2,1.0,0.36363636363636365,0.3900414937759336,0.6182572614107884,1.0,0.6305555555555555,0.6790117990201262,0.7610921473511685
393,St. Louis,Median Home Value,zip,5,2352,43,241,NoPreTrain,3,1.0,0.36363636363636365,0.38589211618257263,0.6182572614107884,1.0,0.6416666666666667,0.6348005005110853,0.7610921473511685
394,St. Louis,Median Home Value,zip,5,2352,43,241,NoPreTrain,4,1.0,0.2727272727272727,0.4107883817427386,0.6182572614107884,1.0,0.5305555555555557,0.7021430884529978,0.7610921473511685
395,St. Louis,Median Home Value,zip,5,2352,43,241,NoPreTrain,5,1.0,0.36363636363636365,0.42738589211618255,0.6182572614107884,1.0,0.6194444444444445,0.7096397950371858,0.7610921473511685
396,St. Louis,Median Home Value,zip,5,2352,43,241,NoPreTrain,6,1.0,0.5454545454545454,0.4024896265560166,0.6182572614107884,1.0,0.7305555555555555,0.6897632045045997,0.7610921473511685
397,St. Louis,Median Home Value,zip,5,2352,43,241,NoPreTrain,7,1.0,0.18181818181818182,0.44813278008298757,0.6182572614107884,1.0,0.45555555555555555,0.6974218832610765,0.7610921473511685
398,St. Louis,Median Home Value,zip,5,2352,43,241,NoPreTrain,8,1.0,0.45454545454545453,0.4190871369294606,0.6182572614107884,1.0,0.6611111111111111,0.6812911952345704,0.7610921473511685
399,St. Louis,Median Home Value,zip,5,2352,43,241,NoPreTrain,9,1.0,0.0,0.4066390041493776,0.6182572614107884,1.0,0.49722222222222223,0.6681705130238623,0.7610921473511685
400,St. Louis,Median Age,zip,5,2462,43,254,Emb,0,1.0,0.09090909090909091,0.3228346456692913,0.3937007874015748,1.0,0.5777777777777777,0.5855995830446951,0.6209255818366926
401,St. Louis,Median Age,zip,5,2462,43,254,Emb,1,1.0,0.36363636363636365,0.33070866141732286,0.3937007874015748,1.0,0.6,0.6031093814466095,0.6209255818366926
402,St. Louis,Median Age,zip,5,2462,43,254,Emb,2,1.0,0.36363636363636365,0.3425196850393701,0.3937007874015748,1.0,0.6083333333333334,0.5873229488886558,0.6209255818366926
403,St. Louis,Median Age,zip,5,2462,43,254,Emb,3,1.0,0.18181818181818182,0.2952755905511811,0.3937007874015748,1.0,0.35833333333333334,0.5777107307147789,0.6209255818366926
404,St. Louis,Median Age,zip,5,2462,43,254,Emb,4,1.0,0.18181818181818182,0.32677165354330706,0.3937007874015748,1.0,0.4083333333333334,0.6098296496409636,0.6209255818366926
405,St. Louis,Median Age,zip,5,2462,43,254,Emb,5,1.0,0.18181818181818182,0.3543307086614173,0.3937007874015748,1.0,0.4666666666666666,0.6162500487753367,0.6209255818366926
406,St. Louis,Median Age,zip,5,2462,43,254,Emb,6,1.0,0.45454545454545453,0.32677165354330706,0.3937007874015748,1.0,0.6972222222222222,0.6341692209318965,0.6209255818366926
407,St. Louis,Median Age,zip,5,2462,43,254,Emb,7,1.0,0.18181818181818182,0.2952755905511811,0.3937007874015748,1.0,0.5944444444444444,0.5631736330950755,0.6209255818366926
408,St. Louis,Median Age,zip,5,2462,43,254,Emb,8,1.0,0.2727272727272727,0.3228346456692913,0.3937007874015748,1.0,0.4138888888888889,0.5899990878549687,0.6209255818366926
409,St. Louis,Median Age,zip,5,2462,43,254,Emb,9,1.0,0.5454545454545454,0.35039370078740156,0.3937007874015748,1.0,0.7027777777777777,0.6045968777311567,0.6209255818366926
410,St. Louis,Median Age,zip,5,2462,43,254,LightGCN,0,1.0,0.2727272727272727,0.3188976377952756,0.3937007874015748,1.0,0.6222222222222221,0.6068787281726662,0.6209255818366926
411,St. Louis,Median Age,zip,5,2462,43,254,LightGCN,1,1.0,0.2727272727272727,0.3110236220472441,0.3937007874015748,1.0,0.4833333333333333,0.5777589357180115,0.6209255818366926
412,St. Louis,Median Age,zip,5,2462,43,254,LightGCN,2,1.0,0.18181818181818182,0.30708661417322836,0.3937007874015748,1.0,0.5611111111111111,0.5769939107374095,0.6209255818366926
413,St. Louis,Median Age,zip,5,2462,43,254,LightGCN,3,1.0,0.2727272727272727,0.3110236220472441,0.3937007874015748,1.0,0.5875,0.6122189803105375,0.6209255818366926
414,St. Louis,Median Age,zip,5,2462,43,254,LightGCN,4,1.0,0.2727272727272727,0.38188976377952755,0.3937007874015748,1.0,0.6611111111111111,0.656190786494804,0.6209255818366926
415,St. Louis,Median Age,zip,5,2462,43,254,LightGCN,5,1.0,0.2727272727272727,0.3425196850393701,0.3937007874015748,1.0,0.5777777777777778,0.6197766130793879,0.6209255818366926
416,St. Louis,Median Age,zip,5,2462,43,254,LightGCN,6,1.0,0.2727272727272727,0.35826771653543305,0.3937007874015748,1.0,0.5861111111111111,0.6178709753197705,0.6209255818366926
417,St. Louis,Median Age,zip,5,2462,43,254,LightGCN,7,1.0,0.36363636363636365,0.33858267716535434,0.3937007874015748,1.0,0.7194444444444444,0.620134539615801,0.6209255818366926
418,St. Louis,Median Age,zip,5,2462,43,254,LightGCN,8,1.0,0.2727272727272727,0.33858267716535434,0.3937007874015748,1.0,0.46944444444444444,0.6096097702550358,0.6209255818366926
419,St. Louis,Median Age,zip,5,2462,43,254,LightGCN,9,1.0,0.18181818181818182,0.3188976377952756,0.3937007874015748,1.0,0.5722222222222222,0.6042060076650352,0.6209255818366926
420,St. Louis,Median Age,zip,5,2462,43,254,Feat-LightGCN,0,1.0,0.2727272727272727,0.32677165354330706,0.3937007874015748,1.0,0.5861111111111111,0.5850678908753739,0.6209255818366926
421,St. Louis,Median Age,zip,5,2462,43,254,Feat-LightGCN,1,1.0,0.2727272727272727,0.2952755905511811,0.3937007874015748,1.0,0.5333333333333333,0.5905049380382763,0.6209255818366926
422,St. Louis,Median Age,zip,5,2462,43,254,Feat-LightGCN,2,1.0,0.18181818181818182,0.31496062992125984,0.3937007874015748,1.0,0.5027777777777778,0.594016501521491,0.6209255818366926
423,St. Louis,Median Age,zip,5,2462,43,254,Feat-LightGCN,3,1.0,0.2727272727272727,0.3110236220472441,0.3937007874015748,1.0,0.6,0.6087351888352539,0.6209255818366926
424,St. Louis,Median Age,zip,5,2462,43,254,Feat-LightGCN,4,1.0,0.18181818181818182,0.36220472440944884,0.3937007874015748,1.0,0.6277777777777778,0.6225739427024104,0.6209255818366926
425,St. Louis,Median Age,zip,5,2462,43,254,Feat-LightGCN,5,1.0,0.45454545454545453,0.35039370078740156,0.3937007874015748,1.0,0.6861111111111111,0.6474716828813584,0.6209255818366926
426,St. Louis,Median Age,zip,5,2462,43,254,Feat-LightGCN,6,1.0,0.36363636363636365,0.3661417322834646,0.3937007874015748,1.0,0.6138888888888889,0.6332549513739162,0.6209255818366926
427,St. Louis,Median Age,zip,5,2462,43,254,Feat-LightGCN,7,1.0,0.18181818181818182,0.3464566929133858,0.3937007874015748,1.0,0.6638888888888889,0.5944490156626001,0.6209255818366926
428,St. Louis,Median Age,zip,5,2462,43,254,Feat-LightGCN,8,1.0,0.2727272727272727,0.32677165354330706,0.3937007874015748,1.0,0.5166666666666666,0.6127194077898653,0.6209255818366926
429,St. Louis,Median Age,zip,5,2462,43,254,Feat-LightGCN,9,1.0,0.36363636363636365,0.31496062992125984,0.3937007874015748,1.0,0.6611111111111111,0.6146311463540307,0.6209255818366926
430,St. Louis,Median Age,zip,5,2462,43,254,Feat\&PC-LightGCN,0,1.0,0.2727272727272727,0.3346456692913386,0.3937007874015748,1.0,0.5611111111111111,0.6079501816157326,0.6209255818366926
431,St. Louis,Median Age,zip,5,2462,43,254,Feat\&PC-LightGCN,1,1.0,0.2727272727272727,0.3464566929133858,0.3937007874015748,1.0,0.47777777777777786,0.5808363788667565,0.6209255818366926
432,St. Louis,Median Age,zip,5,2462,43,254,Feat\&PC-LightGCN,2,1.0,0.18181818181818182,0.32677165354330706,0.3937007874015748,1.0,0.6138888888888888,0.612553443191995,0.6209255818366926
433,St. Louis,Median Age,zip,5,2462,43,254,Feat\&PC-LightGCN,3,1.0,0.2727272727272727,0.3031496062992126,0.3937007874015748,1.0,0.5722222222222222,0.6188792066046004,0.6209255818366926
434,St. Louis,Median Age,zip,5,2462,43,254,Feat\&PC-LightGCN,4,1.0,0.2727272727272727,0.3700787401574803,0.3937007874015748,1.0,0.5083333333333334,0.6350036596122566,0.6209255818366926
435,St. Louis,Median Age,zip,5,2462,43,254,Feat\&PC-LightGCN,5,1.0,0.2727272727272727,0.3700787401574803,0.3937007874015748,1.0,0.5944444444444444,0.6495186592838701,0.6209255818366926
436,St. Louis,Median Age,zip,5,2462,43,254,Feat\&PC-LightGCN,6,1.0,0.2727272727272727,0.33858267716535434,0.3937007874015748,1.0,0.5555555555555556,0.6036145772340773,0.6209255818366926
437,St. Louis,Median Age,zip,5,2462,43,254,Feat\&PC-LightGCN,7,1.0,0.2727272727272727,0.3661417322834646,0.3937007874015748,1.0,0.675,0.6313363652018059,0.6209255818366926
438,St. Louis,Median Age,zip,5,2462,43,254,Feat\&PC-LightGCN,8,1.0,0.09090909090909091,0.33070866141732286,0.3937007874015748,1.0,0.3666666666666667,0.6383587318079278,0.6209255818366926
439,St. Louis,Median Age,zip,5,2462,43,254,Feat\&PC-LightGCN,9,1.0,0.2727272727272727,0.3425196850393701,0.3937007874015748,1.0,0.5611111111111111,0.6268089887731948,0.6209255818366926
440,St. Louis,Median Age,zip,5,2462,43,254,RGNN,0,1.0,0.36363636363636365,0.3346456692913386,0.3937007874015748,1.0,0.7,0.5849450097412554,0.6209255818366926
441,St. Louis,Median Age,zip,5,2462,43,254,RGNN,1,1.0,0.36363636363636365,0.33070866141732286,0.3937007874015748,1.0,0.5416666666666667,0.58641396336853,0.6209255818366926
442,St. Louis,Median Age,zip,5,2462,43,254,RGNN,2,1.0,0.36363636363636365,0.3228346456692913,0.3937007874015748,1.0,0.5638888888888889,0.598556511293227,0.6209255818366926
443,St. Louis,Median Age,zip,5,2462,43,254,RGNN,3,1.0,0.45454545454545453,0.3228346456692913,0.3937007874015748,1.0,0.6833333333333333,0.5929909631710562,0.6209255818366926
444,St. Louis,Median Age,zip,5,2462,43,254,RGNN,4,1.0,0.45454545454545453,0.32677165354330706,0.3937007874015748,1.0,0.6333333333333333,0.6065142248467563,0.6209255818366926
445,St. Louis,Median Age,zip,5,2462,43,254,RGNN,5,1.0,0.18181818181818182,0.3346456692913386,0.3937007874015748,1.0,0.3916666666666667,0.6127778192960833,0.6209255818366926
446,St. Louis,Median Age,zip,5,2462,43,254,RGNN,6,1.0,0.2727272727272727,0.33070866141732286,0.3937007874015748,1.0,0.6194444444444445,0.6114580384130167,0.6209255818366926
447,St. Louis,Median Age,zip,5,2462,43,254,RGNN,7,1.0,0.2727272727272727,0.3543307086614173,0.3937007874015748,1.0,0.5222222222222223,0.591609007322273,0.6209255818366926
448,St. Louis,Median Age,zip,5,2462,43,254,RGNN,8,1.0,0.36363636363636365,0.3110236220472441,0.3937007874015748,1.0,0.6055555555555555,0.5969220176910772,0.6209255818366926
449,St. Louis,Median Age,zip,5,2462,43,254,RGNN,9,1.0,0.36363636363636365,0.3228346456692913,0.3937007874015748,1.0,0.725,0.5982523392566402,0.6209255818366926
450,St. Louis,Median Age,zip,5,2462,43,254,Feat-RGNN,0,1.0,0.2727272727272727,0.30708661417322836,0.3937007874015748,1.0,0.5527777777777778,0.5807160288884491,0.6209255818366926
451,St. Louis,Median Age,zip,5,2462,43,254,Feat-RGNN,1,1.0,0.2727272727272727,0.3031496062992126,0.3937007874015748,1.0,0.46944444444444444,0.5910993317070325,0.6209255818366926
452,St. Louis,Median Age,zip,5,2462,43,254,Feat-RGNN,2,1.0,0.2727272727272727,0.3031496062992126,0.3937007874015748,1.0,0.525,0.5851815039489713,0.6209255818366926
453,St. Louis,Median Age,zip,5,2462,43,254,Feat-RGNN,3,1.0,0.18181818181818182,0.28346456692913385,0.3937007874015748,1.0,0.5,0.5817177687258029,0.6209255818366926
454,St. Louis,Median Age,zip,5,2462,43,254,Feat-RGNN,4,1.0,0.2727272727272727,0.33858267716535434,0.3937007874015748,1.0,0.7361111111111112,0.6190283766016692,0.6209255818366926
455,St. Louis,Median Age,zip,5,2462,43,254,Feat-RGNN,5,1.0,0.2727272727272727,0.3464566929133858,0.3937007874015748,1.0,0.6277777777777778,0.6252955013862304,0.6209255818366926
456,St. Louis,Median Age,zip,5,2462,43,254,Feat-RGNN,6,1.0,0.18181818181818182,0.3228346456692913,0.3937007874015748,1.0,0.5583333333333333,0.5944779236128829,0.6209255818366926
457,St. Louis,Median Age,zip,5,2462,43,254,Feat-RGNN,7,1.0,0.36363636363636365,0.36220472440944884,0.3937007874015748,1.0,0.6027777777777779,0.6110054343979365,0.6209255818366926
458,St. Louis,Median Age,zip,5,2462,43,254,Feat-RGNN,8,1.0,0.09090909090909091,0.3425196850393701,0.3937007874015748,1.0,0.38333333333333336,0.6014960560612141,0.6209255818366926
459,St. Louis,Median Age,zip,5,2462,43,254,Feat-RGNN,9,1.0,0.36363636363636365,0.35039370078740156,0.3937007874015748,1.0,0.7,0.611310566687491,0.6209255818366926
460,St. Louis,Median Age,zip,5,2462,43,254,Feat\&PC-RGNN,0,1.0,0.2727272727272727,0.3425196850393701,0.3937007874015748,1.0,0.6888888888888889,0.5994980052146779,0.6209255818366926
461,St. Louis,Median Age,zip,5,2462,43,254,Feat\&PC-RGNN,1,1.0,0.36363636363636365,0.2992125984251969,0.3937007874015748,1.0,0.6361111111111113,0.5919731011001697,0.6209255818366926
462,St. Louis,Median Age,zip,5,2462,43,254,Feat\&PC-RGNN,2,1.0,0.2727272727272727,0.33858267716535434,0.3937007874015748,1.0,0.5666666666666667,0.5864018328479874,0.6209255818366926
463,St. Louis,Median Age,zip,5,2462,43,254,Feat\&PC-RGNN,3,1.0,0.36363636363636365,0.3228346456692913,0.3937007874015748,1.0,0.663888888888889,0.5763259234252895,0.6209255818366926
464,St. Louis,Median Age,zip,5,2462,43,254,Feat\&PC-RGNN,4,1.0,0.45454545454545453,0.35039370078740156,0.3937007874015748,1.0,0.6611111111111111,0.603673136811543,0.6209255818366926
465,St. Louis,Median Age,zip,5,2462,43,254,Feat\&PC-RGNN,5,1.0,0.09090909090909091,0.3661417322834646,0.3937007874015748,1.0,0.4666666666666666,0.627501357840961,0.6209255818366926
466,St. Louis,Median Age,zip,5,2462,43,254,Feat\&PC-RGNN,6,1.0,0.09090909090909091,0.32677165354330706,0.3937007874015748,1.0,0.525,0.613191185333396,0.6209255818366926
467,St. Louis,Median Age,zip,5,2462,43,254,Feat\&PC-RGNN,7,1.0,0.09090909090909091,0.3031496062992126,0.3937007874015748,1.0,0.49722222222222223,0.5696726931019865,0.6209255818366926
468,St. Louis,Median Age,zip,5,2462,43,254,Feat\&PC-RGNN,8,1.0,0.2727272727272727,0.32677165354330706,0.3937007874015748,1.0,0.5666666666666667,0.6065739087378511,0.6209255818366926
469,St. Louis,Median Age,zip,5,2462,43,254,Feat\&PC-RGNN,9,1.0,0.5454545454545454,0.33070866141732286,0.3937007874015748,1.0,0.7611111111111111,0.6176422201124996,0.6209255818366926
470,St. Louis,Median Age,zip,5,2462,43,254,NoPreTrain,0,1.0,0.18181818181818182,0.28346456692913385,0.3937007874015748,1.0,0.65,0.5619618204510448,0.6209255818366926
471,St. Louis,Median Age,zip,5,2462,43,254,NoPreTrain,1,1.0,0.2727272727272727,0.30708661417322836,0.3937007874015748,1.0,0.6611111111111111,0.5950885817531546,0.6209255818366926
472,St. Louis,Median Age,zip,5,2462,43,254,NoPreTrain,2,1.0,0.36363636363636365,0.3031496062992126,0.3937007874015748,1.0,0.711111111111111,0.5841905197989229,0.6209255818366926
473,St. Louis,Median Age,zip,5,2462,43,254,NoPreTrain,3,1.0,0.18181818181818182,0.27165354330708663,0.3937007874015748,1.0,0.38611111111111107,0.5514157924729748,0.6209255818366926
474,St. Louis,Median Age,zip,5,2462,43,254,NoPreTrain,4,1.0,0.18181818181818182,0.2874015748031496,0.3937007874015748,1.0,0.5305555555555556,0.5949257296254726,0.6209255818366926
475,St. Louis,Median Age,zip,5,2462,43,254,NoPreTrain,5,1.0,0.09090909090909091,0.3464566929133858,0.3937007874015748,1.0,0.37777777777777777,0.6191812265175243,0.6209255818366926
476,St. Louis,Median Age,zip,5,2462,43,254,NoPreTrain,6,1.0,0.09090909090909091,0.3110236220472441,0.3937007874015748,1.0,0.40277777777777785,0.6039438676639468,0.6209255818366926
477,St. Louis,Median Age,zip,5,2462,43,254,NoPreTrain,7,1.0,0.2727272727272727,0.2952755905511811,0.3937007874015748,1.0,0.6277777777777779,0.5528151455142887,0.6209255818366926
478,St. Louis,Median Age,zip,5,2462,43,254,NoPreTrain,8,1.0,0.0,0.27165354330708663,0.3937007874015748,1.0,0.2277777777777778,0.5529677224303888,0.6209255818366926
479,St. Louis,Median Age,zip,5,2462,43,254,NoPreTrain,9,1.0,0.2727272727272727,0.3110236220472441,0.3937007874015748,1.0,0.513888888888889,0.5838493778250713,0.6209255818366926
480,Indianapolis,Median Income,zip,5,2493,31,239,Emb,0,1.0,0.2857142857142857,0.33472803347280333,0.42677824267782427,1.0,0.5733333333333335,0.5859194562028888,0.6414602943633729
481,Indianapolis,Median Income,zip,5,2493,31,239,Emb,1,1.0,0.2857142857142857,0.33472803347280333,0.42677824267782427,1.0,0.5199999999999999,0.5928697411904497,0.6414602943633729
482,Indianapolis,Median Income,zip,5,2493,31,239,Emb,2,1.0,0.2857142857142857,0.36401673640167365,0.42677824267782427,1.0,0.5933333333333334,0.6271818489844417,0.6414602943633729
483,Indianapolis,Median Income,zip,5,2493,31,239,Emb,3,1.0,0.2857142857142857,0.3891213389121339,0.42677824267782427,1.0,0.45999999999999996,0.6210571692473359,0.6414602943633729
484,Indianapolis,Median Income,zip,5,2493,31,239,Emb,4,1.0,0.42857142857142855,0.33472803347280333,0.42677824267782427,1.0,0.6266666666666667,0.6037674984218929,0.6414602943633729
485,Indianapolis,Median Income,zip,5,2493,31,239,Emb,5,1.0,0.5714285714285714,0.32217573221757323,0.42677824267782427,1.0,0.62,0.6338082739222457,0.6414602943633729
486,Indianapolis,Median Income,zip,5,2493,31,239,Emb,6,1.0,0.2857142857142857,0.34309623430962344,0.42677824267782427,1.0,0.4133333333333334,0.6189897330214251,0.6414602943633729
487,Indianapolis,Median Income,zip,5,2493,31,239,Emb,7,1.0,0.2857142857142857,0.3472803347280335,0.42677824267782427,1.0,0.5733333333333335,0.6201538190189745,0.6414602943633729
488,Indianapolis,Median Income,zip,5,2493,31,239,Emb,8,1.0,0.2857142857142857,0.3682008368200837,0.42677824267782427,1.0,0.4866666666666667,0.6400478305670046,0.6414602943633729
489,Indianapolis,Median Income,zip,5,2493,31,239,Emb,9,1.0,0.14285714285714285,0.33472803347280333,0.42677824267782427,1.0,0.5,0.6143815445026178,0.6414602943633729
490,Indianapolis,Median Income,zip,5,2493,31,239,LightGCN,0,1.0,0.42857142857142855,0.301255230125523,0.42677824267782427,1.0,0.6866666666666668,0.613510800750065,0.6414602943633729
491,Indianapolis,Median Income,zip,5,2493,31,239,LightGCN,1,1.0,0.2857142857142857,0.3682008368200837,0.42677824267782427,1.0,0.6866666666666668,0.6248737514388623,0.6414602943633729
492,Indianapolis,Median Income,zip,5,2493,31,239,LightGCN,2,1.0,0.2857142857142857,0.37656903765690375,0.42677824267782427,1.0,0.5533333333333333,0.6359333806765438,0.6414602943633729
493,Indianapolis,Median Income,zip,5,2493,31,239,LightGCN,3,1.0,0.42857142857142855,0.37656903765690375,0.42677824267782427,1.0,0.8266666666666668,0.6404776326538191,0.6414602943633729
494,Indianapolis,Median Income,zip,5,2493,31,239,LightGCN,4,1.0,0.5714285714285714,0.3472803347280335,0.42677824267782427,1.0,0.8266666666666668,0.6626292655304296,0.6414602943633729
495,Indianapolis,Median Income,zip,5,2493,31,239,LightGCN,5,1.0,0.5714285714285714,0.39330543933054396,0.42677824267782427,1.0,0.8666666666666668,0.6727232325201441,0.6414602943633729
496,Indianapolis,Median Income,zip,5,2493,31,239,LightGCN,6,1.0,0.5714285714285714,0.401673640167364,0.42677824267782427,1.0,0.8,0.6662070429987746,0.6414602943633729
497,Indianapolis,Median Income,zip,5,2493,31,239,LightGCN,7,1.0,0.14285714285714285,0.3807531380753138,0.42677824267782427,1.0,0.6599999999999999,0.6628180581857339,0.6414602943633729
498,Indianapolis,Median Income,zip,5,2493,31,239,LightGCN,8,1.0,0.2857142857142857,0.3389121338912134,0.42677824267782427,1.0,0.6733333333333333,0.6504397812929338,0.6414602943633729
499,Indianapolis,Median Income,zip,5,2493,31,239,LightGCN,9,1.0,0.14285714285714285,0.36401673640167365,0.42677824267782427,1.0,0.6333333333333334,0.6530224230440757,0.6414602943633729
500,Indianapolis,Median Income,zip,5,2493,31,239,Feat-LightGCN,0,1.0,0.42857142857142855,0.37656903765690375,0.42677824267782427,1.0,0.72,0.6305095661134009,0.6414602943633729
501,Indianapolis,Median Income,zip,5,2493,31,239,Feat-LightGCN,1,1.0,0.2857142857142857,0.38493723849372385,0.42677824267782427,1.0,0.6133333333333333,0.644843767405592,0.6414602943633729
502,Indianapolis,Median Income,zip,5,2493,31,239,Feat-LightGCN,2,1.0,0.42857142857142855,0.4100418410041841,0.42677824267782427,1.0,0.6466666666666667,0.6771738424120901,0.6414602943633729
503,Indianapolis,Median Income,zip,5,2493,31,239,Feat-LightGCN,3,1.0,0.2857142857142857,0.3891213389121339,0.42677824267782427,1.0,0.6733333333333333,0.6920747697820356,0.6414602943633729
504,Indianapolis,Median Income,zip,5,2493,31,239,Feat-LightGCN,4,1.0,0.2857142857142857,0.3807531380753138,0.42677824267782427,1.0,0.7466666666666667,0.6740512791949798,0.6414602943633729
505,Indianapolis,Median Income,zip,5,2493,31,239,Feat-LightGCN,5,1.0,0.5714285714285714,0.37656903765690375,0.42677824267782427,1.0,0.7,0.6856372535368164,0.6414602943633729
506,Indianapolis,Median Income,zip,5,2493,31,239,Feat-LightGCN,6,1.0,0.2857142857142857,0.40585774058577406,0.42677824267782427,1.0,0.7466666666666667,0.6891118738628347,0.6414602943633729
507,Indianapolis,Median Income,zip,5,2493,31,239,Feat-LightGCN,7,1.0,0.2857142857142857,0.4100418410041841,0.42677824267782427,1.0,0.5800000000000001,0.6913289981805354,0.6414602943633729
508,Indianapolis,Median Income,zip,5,2493,31,239,Feat-LightGCN,8,1.0,0.2857142857142857,0.38493723849372385,0.42677824267782427,1.0,0.7,0.6593472670899706,0.6414602943633729
509,Indianapolis,Median Income,zip,5,2493,31,239,Feat-LightGCN,9,1.0,0.42857142857142855,0.3682008368200837,0.42677824267782427,1.0,0.6666666666666667,0.6358619017117819,0.6414602943633729
510,Indianapolis,Median Income,zip,5,2493,31,239,Feat\&PC-LightGCN,0,1.0,0.42857142857142855,0.36401673640167365,0.42677824267782427,1.0,0.78,0.622986811202703,0.6414602943633729
511,Indianapolis,Median Income,zip,5,2493,31,239,Feat\&PC-LightGCN,1,1.0,0.2857142857142857,0.3807531380753138,0.42677824267782427,1.0,0.6666666666666666,0.6581703009542906,0.6414602943633729
512,Indianapolis,Median Income,zip,5,2493,31,239,Feat\&PC-LightGCN,2,1.0,0.14285714285714285,0.3472803347280335,0.42677824267782427,1.0,0.62,0.6328165032861757,0.6414602943633729
513,Indianapolis,Median Income,zip,5,2493,31,239,Feat\&PC-LightGCN,3,1.0,0.2857142857142857,0.35564853556485354,0.42677824267782427,1.0,0.7466666666666667,0.5904598209312687,0.6414602943633729
514,Indianapolis,Median Income,zip,5,2493,31,239,Feat\&PC-LightGCN,4,1.0,0.42857142857142855,0.3891213389121339,0.42677824267782427,1.0,0.7866666666666667,0.6730995994393079,0.6414602943633729
515,Indianapolis,Median Income,zip,5,2493,31,239,Feat\&PC-LightGCN,5,1.0,0.5714285714285714,0.40585774058577406,0.42677824267782427,1.0,0.9133333333333334,0.6466996676692288,0.6414602943633729
516,Indianapolis,Median Income,zip,5,2493,31,239,Feat\&PC-LightGCN,6,1.0,0.42857142857142855,0.39330543933054396,0.42677824267782427,1.0,0.7333333333333334,0.6711284161375366,0.6414602943633729
517,Indianapolis,Median Income,zip,5,2493,31,239,Feat\&PC-LightGCN,7,1.0,0.14285714285714285,0.41422594142259417,0.42677824267782427,1.0,0.4866666666666667,0.6660404134640376,0.6414602943633729
518,Indianapolis,Median Income,zip,5,2493,31,239,Feat\&PC-LightGCN,8,1.0,0.2857142857142857,0.3807531380753138,0.42677824267782427,1.0,0.62,0.6744855487170918,0.6414602943633729
519,Indianapolis,Median Income,zip,5,2493,31,239,Feat\&PC-LightGCN,9,1.0,0.2857142857142857,0.3682008368200837,0.42677824267782427,1.0,0.54,0.6457992183728788,0.6414602943633729
520,Indianapolis,Median Income,zip,5,2493,31,239,RGNN,0,1.0,0.42857142857142855,0.301255230125523,0.42677824267782427,1.0,0.6266666666666667,0.5708846218112955,0.6414602943633729
521,Indianapolis,Median Income,zip,5,2493,31,239,RGNN,1,1.0,0.2857142857142857,0.3179916317991632,0.42677824267782427,1.0,0.62,0.6199384538264453,0.6414602943633729
522,Indianapolis,Median Income,zip,5,2493,31,239,RGNN,2,1.0,0.2857142857142857,0.3598326359832636,0.42677824267782427,1.0,0.4733333333333333,0.6158720433700939,0.6414602943633729
523,Indianapolis,Median Income,zip,5,2493,31,239,RGNN,3,1.0,0.42857142857142855,0.3263598326359833,0.42677824267782427,1.0,0.5933333333333334,0.6141827726411941,0.6414602943633729
524,Indianapolis,Median Income,zip,5,2493,31,239,RGNN,4,1.0,0.2857142857142857,0.3179916317991632,0.42677824267782427,1.0,0.6199999999999999,0.630136970405852,0.6414602943633729
525,Indianapolis,Median Income,zip,5,2493,31,239,RGNN,5,1.0,0.2857142857142857,0.33472803347280333,0.42677824267782427,1.0,0.68,0.6351996769522111,0.6414602943633729
526,Indianapolis,Median Income,zip,5,2493,31,239,RGNN,6,1.0,0.2857142857142857,0.3389121338912134,0.42677824267782427,1.0,0.4733333333333333,0.6170494736548959,0.6414602943633729
527,Indianapolis,Median Income,zip,5,2493,31,239,RGNN,7,1.0,0.42857142857142855,0.3305439330543933,0.42677824267782427,1.0,0.6533333333333334,0.6503138808436375,0.6414602943633729
528,Indianapolis,Median Income,zip,5,2493,31,239,RGNN,8,1.0,0.2857142857142857,0.3598326359832636,0.42677824267782427,1.0,0.6,0.6344159611600015,0.6414602943633729
529,Indianapolis,Median Income,zip,5,2493,31,239,RGNN,9,1.0,0.42857142857142855,0.3891213389121339,0.42677824267782427,1.0,0.4533333333333333,0.6285897293082321,0.6414602943633729
530,Indianapolis,Median Income,zip,5,2493,31,239,Feat-RGNN,0,1.0,0.5714285714285714,0.3514644351464435,0.42677824267782427,1.0,0.72,0.5933485110096172,0.6414602943633729
531,Indianapolis,Median Income,zip,5,2493,31,239,Feat-RGNN,1,1.0,0.2857142857142857,0.3389121338912134,0.42677824267782427,1.0,0.6133333333333333,0.6335381391333407,0.6414602943633729
532,Indianapolis,Median Income,zip,5,2493,31,239,Feat-RGNN,2,1.0,0.2857142857142857,0.34309623430962344,0.42677824267782427,1.0,0.5933333333333334,0.6591354990531357,0.6414602943633729
533,Indianapolis,Median Income,zip,5,2493,31,239,Feat-RGNN,3,1.0,0.2857142857142857,0.3514644351464435,0.42677824267782427,1.0,0.5866666666666667,0.6502873083064127,0.6414602943633729
534,Indianapolis,Median Income,zip,5,2493,31,239,Feat-RGNN,4,1.0,0.2857142857142857,0.3179916317991632,0.42677824267782427,1.0,0.7466666666666667,0.6347185863874345,0.6414602943633729
535,Indianapolis,Median Income,zip,5,2493,31,239,Feat-RGNN,5,1.0,0.42857142857142855,0.3682008368200837,0.42677824267782427,1.0,0.6599999999999999,0.6661324310274406,0.6414602943633729
536,Indianapolis,Median Income,zip,5,2493,31,239,Feat-RGNN,6,1.0,0.42857142857142855,0.3179916317991632,0.42677824267782427,1.0,0.7266666666666668,0.6097166137536668,0.6414602943633729
537,Indianapolis,Median Income,zip,5,2493,31,239,Feat-RGNN,7,1.0,0.14285714285714285,0.3723849372384937,0.42677824267782427,1.0,0.5666666666666667,0.6182311973190747,0.6414602943633729
538,Indianapolis,Median Income,zip,5,2493,31,239,Feat-RGNN,8,1.0,0.2857142857142857,0.3472803347280335,0.42677824267782427,1.0,0.5333333333333334,0.6485266746500316,0.6414602943633729
539,Indianapolis,Median Income,zip,5,2493,31,239,Feat-RGNN,9,1.0,0.14285714285714285,0.3472803347280335,0.42677824267782427,1.0,0.58,0.6544204401990271,0.6414602943633729
540,Indianapolis,Median Income,zip,5,2493,31,239,Feat\&PC-RGNN,0,1.0,0.14285714285714285,0.34309623430962344,0.42677824267782427,1.0,0.4,0.5927310766403029,0.6414602943633729
541,Indianapolis,Median Income,zip,5,2493,31,239,Feat\&PC-RGNN,1,1.0,0.2857142857142857,0.3514644351464435,0.42677824267782427,1.0,0.5866666666666667,0.6580308241431807,0.6414602943633729
542,Indianapolis,Median Income,zip,5,2493,31,239,Feat\&PC-RGNN,2,1.0,0.2857142857142857,0.3598326359832636,0.42677824267782427,1.0,0.5533333333333333,0.6292756836916565,0.6414602943633729
543,Indianapolis,Median Income,zip,5,2493,31,239,Feat\&PC-RGNN,3,1.0,0.42857142857142855,0.37656903765690375,0.42677824267782427,1.0,0.6666666666666667,0.6676571608926516,0.6414602943633729
544,Indianapolis,Median Income,zip,5,2493,31,239,Feat\&PC-RGNN,4,1.0,0.2857142857142857,0.35564853556485354,0.42677824267782427,1.0,0.5666666666666667,0.6325894183283205,0.6414602943633729
545,Indianapolis,Median Income,zip,5,2493,31,239,Feat\&PC-RGNN,5,1.0,0.2857142857142857,0.3598326359832636,0.42677824267782427,1.0,0.6599999999999999,0.654452118376592,0.6414602943633729
546,Indianapolis,Median Income,zip,5,2493,31,239,Feat\&PC-RGNN,6,1.0,0.42857142857142855,0.3807531380753138,0.42677824267782427,1.0,0.5533333333333333,0.6517189762726969,0.6414602943633729
547,Indianapolis,Median Income,zip,5,2493,31,239,Feat\&PC-RGNN,7,1.0,0.14285714285714285,0.36401673640167365,0.42677824267782427,1.0,0.4133333333333334,0.616007226801827,0.6414602943633729
548,Indianapolis,Median Income,zip,5,2493,31,239,Feat\&PC-RGNN,8,1.0,0.14285714285714285,0.34309623430962344,0.42677824267782427,1.0,0.4333333333333333,0.6555314391407672,0.6414602943633729
549,Indianapolis,Median Income,zip,5,2493,31,239,Feat\&PC-RGNN,9,1.0,0.2857142857142857,0.3807531380753138,0.42677824267782427,1.0,0.7333333333333334,0.657344521647915,0.6414602943633729
550,Indianapolis,Median Income,zip,5,2493,31,239,NoPreTrain,0,1.0,0.2857142857142857,0.28451882845188287,0.42677824267782427,1.0,0.5133333333333334,0.5745786686346591,0.6414602943633729
551,Indianapolis,Median Income,zip,5,2493,31,239,NoPreTrain,1,1.0,0.2857142857142857,0.28870292887029286,0.42677824267782427,1.0,0.5599999999999999,0.5827645185845308,0.6414602943633729
552,Indianapolis,Median Income,zip,5,2493,31,239,NoPreTrain,2,1.0,0.42857142857142855,0.2594142259414226,0.42677824267782427,1.0,0.78,0.5563660372804575,0.6414602943633729
553,Indianapolis,Median Income,zip,5,2493,31,239,NoPreTrain,3,1.0,0.2857142857142857,0.3472803347280335,0.42677824267782427,1.0,0.5599999999999999,0.5840384918866733,0.6414602943633729
554,Indianapolis,Median Income,zip,5,2493,31,239,NoPreTrain,4,1.0,0.14285714285714285,0.28451882845188287,0.42677824267782427,1.0,0.7333333333333334,0.6005612723255728,0.6414602943633729
555,Indianapolis,Median Income,zip,5,2493,31,239,NoPreTrain,5,1.0,0.14285714285714285,0.3054393305439331,0.42677824267782427,1.0,0.4666666666666667,0.597355162266533,0.6414602943633729
556,Indianapolis,Median Income,zip,5,2493,31,239,NoPreTrain,6,1.0,0.14285714285714285,0.3389121338912134,0.42677824267782427,1.0,0.42666666666666664,0.6253108638743455,0.6414602943633729
557,Indianapolis,Median Income,zip,5,2493,31,239,NoPreTrain,7,1.0,0.14285714285714285,0.32217573221757323,0.42677824267782427,1.0,0.6533333333333334,0.6046277988192046,0.6414602943633729
558,Indianapolis,Median Income,zip,5,2493,31,239,NoPreTrain,8,1.0,0.14285714285714285,0.32217573221757323,0.42677824267782427,1.0,0.45999999999999996,0.6151515678957336,0.6414602943633729
559,Indianapolis,Median Income,zip,5,2493,31,239,NoPreTrain,9,1.0,0.14285714285714285,0.34309623430962344,0.42677824267782427,1.0,0.28666666666666674,0.6054640794994616,0.6414602943633729
560,Indianapolis,Median Home Value,zip,5,2429,30,229,Emb,0,1.0,0.25,0.4148471615720524,0.4847161572052402,1.0,0.5238095238095238,0.6532653361259235,0.6779056733034532
561,Indianapolis,Median Home Value,zip,5,2429,30,229,Emb,1,1.0,0.0,0.3799126637554585,0.4847161572052402,1.0,0.38809523809523816,0.6445416892623486,0.6779056733034532
562,Indianapolis,Median Home Value,zip,5,2429,30,229,Emb,2,1.0,0.375,0.4104803493449782,0.4847161572052402,1.0,0.6690476190476191,0.631583974037076,0.6779056733034532
563,Indianapolis,Median Home Value,zip,5,2429,30,229,Emb,3,1.0,0.25,0.4192139737991266,0.4847161572052402,1.0,0.5642857142857143,0.6674736084412917,0.6779056733034532
564,Indianapolis,Median Home Value,zip,5,2429,30,229,Emb,4,1.0,0.0,0.4148471615720524,0.4847161572052402,1.0,0.45714285714285713,0.6465881291822664,0.6779056733034532
565,Indianapolis,Median Home Value,zip,5,2429,30,229,Emb,5,1.0,0.125,0.3231441048034934,0.4847161572052402,1.0,0.369047619047619,0.6225564109726467,0.6779056733034532
566,Indianapolis,Median Home Value,zip,5,2429,30,229,Emb,6,1.0,0.0,0.388646288209607,0.4847161572052402,1.0,0.45238095238095244,0.6457556253839295,0.6779056733034532
567,Indianapolis,Median Home Value,zip,5,2429,30,229,Emb,7,1.0,0.375,0.3930131004366812,0.4847161572052402,1.0,0.5880952380952381,0.654699306312415,0.6779056733034532
568,Indianapolis,Median Home Value,zip,5,2429,30,229,Emb,8,1.0,0.5,0.3624454148471616,0.4847161572052402,1.0,0.761904761904762,0.6385426611941224,0.6779056733034532
569,Indianapolis,Median Home Value,zip,5,2429,30,229,Emb,9,1.0,0.125,0.35807860262008734,0.4847161572052402,1.0,0.4428571428571429,0.6167955115262557,0.6779056733034532
570,Indianapolis,Median Home Value,zip,5,2429,30,229,LightGCN,0,1.0,0.125,0.40611353711790393,0.4847161572052402,1.0,0.5214285714285715,0.6929700398853126,0.6779056733034532
571,Indianapolis,Median Home Value,zip,5,2429,30,229,LightGCN,1,1.0,0.25,0.4410480349344978,0.4847161572052402,1.0,0.6690476190476191,0.7465624331158672,0.6779056733034532
572,Indianapolis,Median Home Value,zip,5,2429,30,229,LightGCN,2,1.0,0.375,0.4104803493449782,0.4847161572052402,1.0,0.6785714285714286,0.714984650952865,0.6779056733034532
573,Indianapolis,Median Home Value,zip,5,2429,30,229,LightGCN,3,1.0,0.25,0.4148471615720524,0.4847161572052402,1.0,0.5357142857142858,0.6831222797838409,0.6779056733034532
574,Indianapolis,Median Home Value,zip,5,2429,30,229,LightGCN,4,1.0,0.25,0.40611353711790393,0.4847161572052402,1.0,0.5476190476190477,0.7202438544959131,0.6779056733034532
575,Indianapolis,Median Home Value,zip,5,2429,30,229,LightGCN,5,1.0,0.125,0.4017467248908297,0.4847161572052402,1.0,0.5095238095238095,0.7064744973282909,0.6779056733034532
576,Indianapolis,Median Home Value,zip,5,2429,30,229,LightGCN,6,1.0,0.125,0.4192139737991266,0.4847161572052402,1.0,0.6214285714285714,0.7063338206513166,0.6779056733034532
577,Indianapolis,Median Home Value,zip,5,2429,30,229,LightGCN,7,1.0,0.25,0.4497816593886463,0.4847161572052402,1.0,0.7,0.7387360255255798,0.6779056733034532
578,Indianapolis,Median Home Value,zip,5,2429,30,229,LightGCN,8,1.0,0.5,0.4585152838427948,0.4847161572052402,1.0,0.8761904761904763,0.7421534810235315,0.6779056733034532
579,Indianapolis,Median Home Value,zip,5,2429,30,229,LightGCN,9,1.0,0.125,0.42358078602620086,0.4847161572052402,1.0,0.6904761904761905,0.7102038799154402,0.6779056733034532
580,Indianapolis,Median Home Value,zip,5,2429,30,229,Feat-LightGCN,0,1.0,0.375,0.4410480349344978,0.4847161572052402,1.0,0.680952380952381,0.7359257264780383,0.6779056733034532
581,Indianapolis,Median Home Value,zip,5,2429,30,229,Feat-LightGCN,1,1.0,0.25,0.4585152838427948,0.4847161572052402,1.0,0.45,0.7516433493597929,0.6779056733034532
582,Indianapolis,Median Home Value,zip,5,2429,30,229,Feat-LightGCN,2,1.0,0.5,0.47161572052401746,0.4847161572052402,1.0,0.6214285714285716,0.7620067757613442,0.6779056733034532
583,Indianapolis,Median Home Value,zip,5,2429,30,229,Feat-LightGCN,3,1.0,0.25,0.4585152838427948,0.4847161572052402,1.0,0.5476190476190477,0.7170005250639454,0.6779056733034532
584,Indianapolis,Median Home Value,zip,5,2429,30,229,Feat-LightGCN,4,1.0,0.125,0.4410480349344978,0.4847161572052402,1.0,0.5595238095238095,0.7456674108296013,0.6779056733034532
585,Indianapolis,Median Home Value,zip,5,2429,30,229,Feat-LightGCN,5,1.0,0.25,0.4847161572052402,0.4847161572052402,1.0,0.5833333333333334,0.7407713048317529,0.6779056733034532
586,Indianapolis,Median Home Value,zip,5,2429,30,229,Feat-LightGCN,6,1.0,0.125,0.4497816593886463,0.4847161572052402,1.0,0.47619047619047616,0.7151231241405791,0.6779056733034532
587,Indianapolis,Median Home Value,zip,5,2429,30,229,Feat-LightGCN,7,1.0,0.5,0.45414847161572053,0.4847161572052402,1.0,0.6547619047619048,0.73248611662148,0.6779056733034532
588,Indianapolis,Median Home Value,zip,5,2429,30,229,Feat-LightGCN,8,1.0,0.25,0.4192139737991266,0.4847161572052402,1.0,0.6952380952380952,0.7384897860873354,0.6779056733034532
589,Indianapolis,Median Home Value,zip,5,2429,30,229,Feat-LightGCN,9,1.0,0.375,0.4672489082969432,0.4847161572052402,1.0,0.6857142857142857,0.7347661841610218,0.6779056733034532
590,Indianapolis,Median Home Value,zip,5,2429,30,229,Feat\&PC-LightGCN,0,1.0,0.125,0.4017467248908297,0.4847161572052402,1.0,0.6761904761904762,0.666224038382938,0.6779056733034532
591,Indianapolis,Median Home Value,zip,5,2429,30,229,Feat\&PC-LightGCN,1,1.0,0.25,0.42358078602620086,0.4847161572052402,1.0,0.5095238095238095,0.7034321040727525,0.6779056733034532
592,Indianapolis,Median Home Value,zip,5,2429,30,229,Feat\&PC-LightGCN,2,1.0,0.5,0.43231441048034935,0.4847161572052402,1.0,0.7690476190476191,0.6688802289733424,0.6779056733034532
593,Indianapolis,Median Home Value,zip,5,2429,30,229,Feat\&PC-LightGCN,3,1.0,0.25,0.47161572052401746,0.4847161572052402,1.0,0.5,0.7181756884053634,0.6779056733034532
594,Indianapolis,Median Home Value,zip,5,2429,30,229,Feat\&PC-LightGCN,4,1.0,0.25,0.4497816593886463,0.4847161572052402,1.0,0.611904761904762,0.6928037179931297,0.6779056733034532
595,Indianapolis,Median Home Value,zip,5,2429,30,229,Feat\&PC-LightGCN,5,1.0,0.25,0.3930131004366812,0.4847161572052402,1.0,0.55,0.7145740413193137,0.6779056733034532
596,Indianapolis,Median Home Value,zip,5,2429,30,229,Feat\&PC-LightGCN,6,1.0,0.375,0.43231441048034935,0.4847161572052402,1.0,0.7809523809523811,0.703422984605936,0.6779056733034532
597,Indianapolis,Median Home Value,zip,5,2429,30,229,Feat\&PC-LightGCN,7,1.0,0.5,0.462882096069869,0.4847161572052402,1.0,0.8595238095238095,0.7272082336690092,0.6779056733034532
598,Indianapolis,Median Home Value,zip,5,2429,30,229,Feat\&PC-LightGCN,8,1.0,0.5,0.4410480349344978,0.4847161572052402,1.0,0.9142857142857143,0.7018077106214229,0.6779056733034532
599,Indianapolis,Median Home Value,zip,5,2429,30,229,Feat\&PC-LightGCN,9,1.0,0.25,0.40611353711790393,0.4847161572052402,1.0,0.4357142857142858,0.7033081227966806,0.6779056733034532
600,Indianapolis,Median Home Value,zip,5,2429,30,229,RGNN,0,1.0,0.125,0.4497816593886463,0.4847161572052402,1.0,0.7023809523809523,0.6741379509236382,0.6779056733034532
601,Indianapolis,Median Home Value,zip,5,2429,30,229,RGNN,1,1.0,0.25,0.4192139737991266,0.4847161572052402,1.0,0.5976190476190476,0.6950813599182595,0.6779056733034532
602,Indianapolis,Median Home Value,zip,5,2429,30,229,RGNN,2,1.0,0.125,0.3624454148471616,0.4847161572052402,1.0,0.6261904761904762,0.6628356923584475,0.6779056733034532
603,Indianapolis,Median Home Value,zip,5,2429,30,229,RGNN,3,1.0,0.125,0.4148471615720524,0.4847161572052402,1.0,0.5285714285714287,0.6866388354644524,0.6779056733034532
604,Indianapolis,Median Home Value,zip,5,2429,30,229,RGNN,4,1.0,0.0,0.4192139737991266,0.4847161572052402,1.0,0.4642857142857143,0.6988568122925352,0.6779056733034532
605,Indianapolis,Median Home Value,zip,5,2429,30,229,RGNN,5,1.0,0.375,0.3799126637554585,0.4847161572052402,1.0,0.7452380952380953,0.6742519395766996,0.6779056733034532
606,Indianapolis,Median Home Value,zip,5,2429,30,229,RGNN,6,1.0,0.5,0.40611353711790393,0.4847161572052402,1.0,0.6928571428571428,0.6667074181030597,0.6779056733034532
607,Indianapolis,Median Home Value,zip,5,2429,30,229,RGNN,7,1.0,0.25,0.39737991266375544,0.4847161572052402,1.0,0.6452380952380953,0.6623642920173152,0.6779056733034532
608,Indianapolis,Median Home Value,zip,5,2429,30,229,RGNN,8,1.0,0.375,0.4148471615720524,0.4847161572052402,1.0,0.7809523809523811,0.6811766893179823,0.6779056733034532
609,Indianapolis,Median Home Value,zip,5,2429,30,229,RGNN,9,1.0,0.125,0.39737991266375544,0.4847161572052402,1.0,0.3738095238095238,0.6496896589151787,0.6779056733034532
610,Indianapolis,Median Home Value,zip,5,2429,30,229,Feat-RGNN,0,1.0,0.125,0.3799126637554585,0.4847161572052402,1.0,0.5547619047619048,0.6651151846383947,0.6779056733034532
611,Indianapolis,Median Home Value,zip,5,2429,30,229,Feat-RGNN,1,1.0,0.125,0.4497816593886463,0.4847161572052402,1.0,0.33095238095238094,0.694506567091302,0.6779056733034532
612,Indianapolis,Median Home Value,zip,5,2429,30,229,Feat-RGNN,2,1.0,0.375,0.43231441048034935,0.4847161572052402,1.0,0.7857142857142858,0.7038402344618507,0.6779056733034532
613,Indianapolis,Median Home Value,zip,5,2429,30,229,Feat-RGNN,3,1.0,0.125,0.39737991266375544,0.4847161572052402,1.0,0.3642857142857143,0.6535584239569621,0.6779056733034532
614,Indianapolis,Median Home Value,zip,5,2429,30,229,Feat-RGNN,4,1.0,0.0,0.42358078602620086,0.4847161572052402,1.0,0.5380952380952382,0.7150576035686969,0.6779056733034532
615,Indianapolis,Median Home Value,zip,5,2429,30,229,Feat-RGNN,5,1.0,0.125,0.4104803493449782,0.4847161572052402,1.0,0.5547619047619048,0.6714361302951103,0.6779056733034532
616,Indianapolis,Median Home Value,zip,5,2429,30,229,Feat-RGNN,6,1.0,0.25,0.388646288209607,0.4847161572052402,1.0,0.46904761904761905,0.6781944467335954,0.6779056733034532
617,Indianapolis,Median Home Value,zip,5,2429,30,229,Feat-RGNN,7,1.0,0.5,0.42358078602620086,0.4847161572052402,1.0,0.6261904761904763,0.7109659976666847,0.6779056733034532
618,Indianapolis,Median Home Value,zip,5,2429,30,229,Feat-RGNN,8,1.0,0.125,0.4192139737991266,0.4847161572052402,1.0,0.6,0.6862994948864135,0.6779056733034532
619,Indianapolis,Median Home Value,zip,5,2429,30,229,Feat-RGNN,9,1.0,0.25,0.42358078602620086,0.4847161572052402,1.0,0.680952380952381,0.6802006753739364,0.6779056733034532
620,Indianapolis,Median Home Value,zip,5,2429,30,229,Feat\&PC-RGNN,0,1.0,0.125,0.4366812227074236,0.4847161572052402,1.0,0.5619047619047619,0.6988158226058774,0.6779056733034532
621,Indianapolis,Median Home Value,zip,5,2429,30,229,Feat\&PC-RGNN,1,1.0,0.0,0.3930131004366812,0.4847161572052402,1.0,0.3761904761904762,0.687135047910893,0.6779056733034532
622,Indianapolis,Median Home Value,zip,5,2429,30,229,Feat\&PC-RGNN,2,1.0,0.375,0.4192139737991266,0.4847161572052402,1.0,0.7595238095238097,0.6977350095050767,0.6779056733034532
623,Indianapolis,Median Home Value,zip,5,2429,30,229,Feat\&PC-RGNN,3,1.0,0.0,0.4017467248908297,0.4847161572052402,1.0,0.21904761904761907,0.6223576252832709,0.6779056733034532
624,Indianapolis,Median Home Value,zip,5,2429,30,229,Feat\&PC-RGNN,4,1.0,0.25,0.39737991266375544,0.4847161572052402,1.0,0.4023809523809524,0.6756830440053321,0.6779056733034532
625,Indianapolis,Median Home Value,zip,5,2429,30,229,Feat\&PC-RGNN,5,1.0,0.25,0.3624454148471616,0.4847161572052402,1.0,0.4595238095238095,0.6518300763207574,0.6779056733034532
626,Indianapolis,Median Home Value,zip,5,2429,30,229,Feat\&PC-RGNN,6,1.0,0.25,0.40611353711790393,0.4847161572052402,1.0,0.5952380952380952,0.6869416675464505,0.6779056733034532
627,Indianapolis,Median Home Value,zip,5,2429,30,229,Feat\&PC-RGNN,7,1.0,0.25,0.38427947598253276,0.4847161572052402,1.0,0.5428571428571429,0.6876403221438936,0.6779056733034532
628,Indianapolis,Median Home Value,zip,5,2429,30,229,Feat\&PC-RGNN,8,1.0,0.5,0.36681222707423583,0.4847161572052402,1.0,0.719047619047619,0.6853212883808417,0.6779056733034532
629,Indianapolis,Median Home Value,zip,5,2429,30,229,Feat\&PC-RGNN,9,1.0,0.25,0.39737991266375544,0.4847161572052402,1.0,0.5738095238095238,0.6853745574156245,0.6779056733034532
630,Indianapolis,Median Home Value,zip,5,2429,30,229,NoPreTrain,0,1.0,0.125,0.388646288209607,0.4847161572052402,1.0,0.38095238095238104,0.6219693839388718,0.6779056733034532
631,Indianapolis,Median Home Value,zip,5,2429,30,229,NoPreTrain,1,1.0,0.0,0.37117903930131,0.4847161572052402,1.0,0.4666666666666666,0.6911811445292132,0.6779056733034532
632,Indianapolis,Median Home Value,zip,5,2429,30,229,NoPreTrain,2,1.0,0.125,0.29694323144104806,0.4847161572052402,1.0,0.4714285714285714,0.5795869655463838,0.6779056733034532
633,Indianapolis,Median Home Value,zip,5,2429,30,229,NoPreTrain,3,1.0,0.375,0.36681222707423583,0.4847161572052402,1.0,0.6904761904761905,0.6651990754596113,0.6779056733034532
634,Indianapolis,Median Home Value,zip,5,2429,30,229,NoPreTrain,4,1.0,0.375,0.33624454148471616,0.4847161572052402,1.0,0.5880952380952382,0.6493310764568404,0.6779056733034532
635,Indianapolis,Median Home Value,zip,5,2429,30,229,NoPreTrain,5,1.0,0.25,0.3318777292576419,0.4847161572052402,1.0,0.6523809523809525,0.6316370593633602,0.6779056733034532
636,Indianapolis,Median Home Value,zip,5,2429,30,229,NoPreTrain,6,1.0,0.375,0.36681222707423583,0.4847161572052402,1.0,0.5952380952380952,0.626337952501796,0.6779056733034532
637,Indianapolis,Median Home Value,zip,5,2429,30,229,NoPreTrain,7,1.0,0.125,0.3056768558951965,0.4847161572052402,1.0,0.3928571428571429,0.575481331654729,0.6779056733034532
638,Indianapolis,Median Home Value,zip,5,2429,30,229,NoPreTrain,8,1.0,0.25,0.3406113537117904,0.4847161572052402,1.0,0.46428571428571425,0.5918728849800565,0.6779056733034532
639,Indianapolis,Median Home Value,zip,5,2429,30,229,NoPreTrain,9,1.0,0.0,0.3537117903930131,0.4847161572052402,1.0,0.2904761904761905,0.6509945101172108,0.6779056733034532
640,Indianapolis,Median Age,zip,5,2509,31,243,Emb,0,1.0,0.3333333333333333,0.25102880658436216,0.2839506172839506,1.0,0.6821428571428572,0.5086687107265158,0.552112578997875
641,Indianapolis,Median Age,zip,5,2509,31,243,Emb,1,1.0,0.3333333333333333,0.25925925925925924,0.2839506172839506,1.0,0.5214285714285714,0.5584900071016902,0.552112578997875
642,Indianapolis,Median Age,zip,5,2509,31,243,Emb,2,1.0,0.1111111111111111,0.2345679012345679,0.2839506172839506,1.0,0.49642857142857133,0.5269661412933987,0.552112578997875
643,Indianapolis,Median Age,zip,5,2509,31,243,Emb,3,1.0,0.1111111111111111,0.25102880658436216,0.2839506172839506,1.0,0.5928571428571429,0.5442124278197303,0.552112578997875
644,Indianapolis,Median Age,zip,5,2509,31,243,Emb,4,1.0,0.3333333333333333,0.2757201646090535,0.2839506172839506,1.0,0.6321428571428571,0.5614959247339811,0.552112578997875
645,Indianapolis,Median Age,zip,5,2509,31,243,Emb,5,1.0,0.1111111111111111,0.25925925925925924,0.2839506172839506,1.0,0.5928571428571429,0.54212628535221,0.552112578997875
646,Indianapolis,Median Age,zip,5,2509,31,243,Emb,6,1.0,0.2222222222222222,0.2551440329218107,0.2839506172839506,1.0,0.4714285714285714,0.5068225500810295,0.552112578997875
647,Indianapolis,Median Age,zip,5,2509,31,243,Emb,7,1.0,0.2222222222222222,0.2345679012345679,0.2839506172839506,1.0,0.5678571428571428,0.5327765905021264,0.552112578997875
648,Indianapolis,Median Age,zip,5,2509,31,243,Emb,8,1.0,0.5555555555555556,0.25102880658436216,0.2839506172839506,1.0,0.7749999999999999,0.5462141322156137,0.552112578997875
649,Indianapolis,Median Age,zip,5,2509,31,243,Emb,9,1.0,0.2222222222222222,0.27983539094650206,0.2839506172839506,1.0,0.7428571428571429,0.5342565727635513,0.552112578997875
650,Indianapolis,Median Age,zip,5,2509,31,243,LightGCN,0,1.0,0.2222222222222222,0.21810699588477367,0.2839506172839506,1.0,0.6178571428571429,0.5578942804399575,0.552112578997875
651,Indianapolis,Median Age,zip,5,2509,31,243,LightGCN,1,1.0,0.2222222222222222,0.2839506172839506,0.2839506172839506,1.0,0.7214285714285713,0.605561923876735,0.552112578997875
652,Indianapolis,Median Age,zip,5,2509,31,243,LightGCN,2,1.0,0.2222222222222222,0.2839506172839506,0.2839506172839506,1.0,0.5178571428571429,0.5731135580026951,0.552112578997875
653,Indianapolis,Median Age,zip,5,2509,31,243,LightGCN,3,1.0,0.1111111111111111,0.2551440329218107,0.2839506172839506,1.0,0.5214285714285716,0.5578698776832274,0.552112578997875
654,Indianapolis,Median Age,zip,5,2509,31,243,LightGCN,4,1.0,0.4444444444444444,0.27983539094650206,0.2839506172839506,1.0,0.6785714285714286,0.6090723888134827,0.552112578997875
655,Indianapolis,Median Age,zip,5,2509,31,243,LightGCN,5,1.0,0.1111111111111111,0.26337448559670784,0.2839506172839506,1.0,0.38928571428571423,0.5710998670670168,0.552112578997875
656,Indianapolis,Median Age,zip,5,2509,31,243,LightGCN,6,1.0,0.1111111111111111,0.24279835390946503,0.2839506172839506,1.0,0.47857142857142854,0.5581620753859999,0.552112578997875
657,Indianapolis,Median Age,zip,5,2509,31,243,LightGCN,7,1.0,0.3333333333333333,0.24691358024691357,0.2839506172839506,1.0,0.5678571428571428,0.5263219916529959,0.552112578997875
658,Indianapolis,Median Age,zip,5,2509,31,243,LightGCN,8,1.0,0.3333333333333333,0.2962962962962963,0.2839506172839506,1.0,0.6,0.6016488354834535,0.552112578997875
659,Indianapolis,Median Age,zip,5,2509,31,243,LightGCN,9,1.0,0.2222222222222222,0.29218106995884774,0.2839506172839506,1.0,0.6607142857142858,0.5977755501744078,0.552112578997875
660,Indianapolis,Median Age,zip,5,2509,31,243,Feat-LightGCN,0,1.0,0.2222222222222222,0.25102880658436216,0.2839506172839506,1.0,0.5357142857142858,0.5670391049415496,0.552112578997875
661,Indianapolis,Median Age,zip,5,2509,31,243,Feat-LightGCN,1,1.0,0.5555555555555556,0.2674897119341564,0.2839506172839506,1.0,0.7071428571428572,0.5757102692153075,0.552112578997875
662,Indianapolis,Median Age,zip,5,2509,31,243,Feat-LightGCN,2,1.0,0.2222222222222222,0.2345679012345679,0.2839506172839506,1.0,0.5714285714285714,0.5527873341391522,0.552112578997875
663,Indianapolis,Median Age,zip,5,2509,31,243,Feat-LightGCN,3,1.0,0.2222222222222222,0.25925925925925924,0.2839506172839506,1.0,0.6357142857142858,0.5610119693862914,0.552112578997875
664,Indianapolis,Median Age,zip,5,2509,31,243,Feat-LightGCN,4,1.0,0.1111111111111111,0.2716049382716049,0.2839506172839506,1.0,0.6571428571428573,0.6005184904265644,0.552112578997875
665,Indianapolis,Median Age,zip,5,2509,31,243,Feat-LightGCN,5,1.0,0.1111111111111111,0.25102880658436216,0.2839506172839506,1.0,0.44642857142857145,0.5506723050450948,0.552112578997875
666,Indianapolis,Median Age,zip,5,2509,31,243,Feat-LightGCN,6,1.0,0.1111111111111111,0.25925925925925924,0.2839506172839506,1.0,0.4821428571428572,0.5245450912737926,0.552112578997875
667,Indianapolis,Median Age,zip,5,2509,31,243,Feat-LightGCN,7,1.0,0.4444444444444444,0.23868312757201646,0.2839506172839506,1.0,0.675,0.5031397521633136,0.552112578997875
668,Indianapolis,Median Age,zip,5,2509,31,243,Feat-LightGCN,8,1.0,0.3333333333333333,0.2757201646090535,0.2839506172839506,1.0,0.675,0.5946814090951851,0.552112578997875
669,Indianapolis,Median Age,zip,5,2509,31,243,Feat-LightGCN,9,1.0,0.3333333333333333,0.26337448559670784,0.2839506172839506,1.0,0.6,0.5561130669084927,0.552112578997875
670,Indianapolis,Median Age,zip,5,2509,31,243,Feat\&PC-LightGCN,0,1.0,0.1111111111111111,0.25925925925925924,0.2839506172839506,1.0,0.3392857142857143,0.5396174160719314,0.552112578997875
671,Indianapolis,Median Age,zip,5,2509,31,243,Feat\&PC-LightGCN,1,1.0,0.3333333333333333,0.27983539094650206,0.2839506172839506,1.0,0.625,0.5843966274568724,0.552112578997875
672,Indianapolis,Median Age,zip,5,2509,31,243,Feat\&PC-LightGCN,2,1.0,0.1111111111111111,0.22633744855967078,0.2839506172839506,1.0,0.5107142857142858,0.5511052178829495,0.552112578997875
673,Indianapolis,Median Age,zip,5,2509,31,243,Feat\&PC-LightGCN,3,1.0,0.0,0.2880658436213992,0.2839506172839506,1.0,0.47857142857142854,0.5902025731978423,0.552112578997875
674,Indianapolis,Median Age,zip,5,2509,31,243,Feat\&PC-LightGCN,4,1.0,0.3333333333333333,0.27983539094650206,0.2839506172839506,1.0,0.42857142857142855,0.5699547010187246,0.552112578997875
675,Indianapolis,Median Age,zip,5,2509,31,243,Feat\&PC-LightGCN,5,1.0,0.1111111111111111,0.24691358024691357,0.2839506172839506,1.0,0.4,0.5473489087389197,0.552112578997875
676,Indianapolis,Median Age,zip,5,2509,31,243,Feat\&PC-LightGCN,6,1.0,0.4444444444444444,0.25925925925925924,0.2839506172839506,1.0,0.6607142857142858,0.5223680757124564,0.552112578997875
677,Indianapolis,Median Age,zip,5,2509,31,243,Feat\&PC-LightGCN,7,1.0,0.2222222222222222,0.25102880658436216,0.2839506172839506,1.0,0.6107142857142858,0.5368063785166497,0.552112578997875
678,Indianapolis,Median Age,zip,5,2509,31,243,Feat\&PC-LightGCN,8,1.0,0.2222222222222222,0.2757201646090535,0.2839506172839506,1.0,0.5678571428571428,0.5959532462108406,0.552112578997875
679,Indianapolis,Median Age,zip,5,2509,31,243,Feat\&PC-LightGCN,9,1.0,0.3333333333333333,0.2757201646090535,0.2839506172839506,1.0,0.7142857142857143,0.5554009590472819,0.552112578997875
680,Indianapolis,Median Age,zip,5,2509,31,243,RGNN,0,1.0,0.3333333333333333,0.24691358024691357,0.2839506172839506,1.0,0.6285714285714286,0.5353893136509668,0.552112578997875
681,Indianapolis,Median Age,zip,5,2509,31,243,RGNN,1,1.0,0.2222222222222222,0.2880658436213992,0.2839506172839506,1.0,0.41785714285714287,0.5775510290048382,0.552112578997875
682,Indianapolis,Median Age,zip,5,2509,31,243,RGNN,2,1.0,0.2222222222222222,0.23868312757201646,0.2839506172839506,1.0,0.5357142857142858,0.5530866702937003,0.552112578997875
683,Indianapolis,Median Age,zip,5,2509,31,243,RGNN,3,1.0,0.3333333333333333,0.26337448559670784,0.2839506172839506,1.0,0.6892857142857143,0.569623476872314,0.552112578997875
684,Indianapolis,Median Age,zip,5,2509,31,243,RGNN,4,1.0,0.1111111111111111,0.2839506172839506,0.2839506172839506,1.0,0.5214285714285714,0.5951390822205564,0.552112578997875
685,Indianapolis,Median Age,zip,5,2509,31,243,RGNN,5,1.0,0.1111111111111111,0.24279835390946503,0.2839506172839506,1.0,0.44642857142857145,0.5615055877278262,0.552112578997875
686,Indianapolis,Median Age,zip,5,2509,31,243,RGNN,6,1.0,0.2222222222222222,0.26337448559670784,0.2839506172839506,1.0,0.6,0.5825745052656017,0.552112578997875
687,Indianapolis,Median Age,zip,5,2509,31,243,RGNN,7,1.0,0.2222222222222222,0.20987654320987653,0.2839506172839506,1.0,0.5142857142857143,0.519140037609102,0.552112578997875
688,Indianapolis,Median Age,zip,5,2509,31,243,RGNN,8,1.0,0.1111111111111111,0.2716049382716049,0.2839506172839506,1.0,0.5285714285714286,0.5848464266324388,0.552112578997875
689,Indianapolis,Median Age,zip,5,2509,31,243,RGNN,9,1.0,0.1111111111111111,0.23868312757201646,0.2839506172839506,1.0,0.5999999999999999,0.5641758083170255,0.552112578997875
690,Indianapolis,Median Age,zip,5,2509,31,243,Feat-RGNN,0,1.0,0.2222222222222222,0.2222222222222222,0.2839506172839506,1.0,0.575,0.5701668932126926,0.552112578997875
691,Indianapolis,Median Age,zip,5,2509,31,243,Feat-RGNN,1,1.0,0.2222222222222222,0.2674897119341564,0.2839506172839506,1.0,0.5357142857142857,0.5563972992363722,0.552112578997875
692,Indianapolis,Median Age,zip,5,2509,31,243,Feat-RGNN,2,1.0,0.2222222222222222,0.25102880658436216,0.2839506172839506,1.0,0.575,0.56260225498207,0.552112578997875
693,Indianapolis,Median Age,zip,5,2509,31,243,Feat-RGNN,3,1.0,0.2222222222222222,0.24279835390946503,0.2839506172839506,1.0,0.6642857142857143,0.5527266893558702,0.552112578997875
694,Indianapolis,Median Age,zip,5,2509,31,243,Feat-RGNN,4,1.0,0.1111111111111111,0.25925925925925924,0.2839506172839506,1.0,0.6142857142857143,0.5835426822781024,0.552112578997875
695,Indianapolis,Median Age,zip,5,2509,31,243,Feat-RGNN,5,1.0,0.1111111111111111,0.24279835390946503,0.2839506172839506,1.0,0.575,0.5693731478987342,0.552112578997875
696,Indianapolis,Median Age,zip,5,2509,31,243,Feat-RGNN,6,1.0,0.2222222222222222,0.23868312757201646,0.2839506172839506,1.0,0.4821428571428571,0.5164046593326417,0.552112578997875
697,Indianapolis,Median Age,zip,5,2509,31,243,Feat-RGNN,7,1.0,0.1111111111111111,0.205761316872428,0.2839506172839506,1.0,0.6428571428571429,0.5003306004131851,0.552112578997875
698,Indianapolis,Median Age,zip,5,2509,31,243,Feat-RGNN,8,1.0,0.2222222222222222,0.29218106995884774,0.2839506172839506,1.0,0.6571428571428571,0.5996092745380046,0.552112578997875
699,Indianapolis,Median Age,zip,5,2509,31,243,Feat-RGNN,9,1.0,0.5555555555555556,0.26337448559670784,0.2839506172839506,1.0,0.7857142857142858,0.5687523667998731,0.552112578997875
700,Indianapolis,Median Age,zip,5,2509,31,243,Feat\&PC-RGNN,0,1.0,0.2222222222222222,0.25102880658436216,0.2839506172839506,1.0,0.5571428571428572,0.5536271728306906,0.552112578997875
701,Indianapolis,Median Age,zip,5,2509,31,243,Feat\&PC-RGNN,1,1.0,0.3333333333333333,0.2839506172839506,0.2839506172839506,1.0,0.4357142857142858,0.573396633646964,0.552112578997875
702,Indianapolis,Median Age,zip,5,2509,31,243,Feat\&PC-RGNN,2,1.0,0.2222222222222222,0.25925925925925924,0.2839506172839506,1.0,0.6321428571428571,0.5709628676345633,0.552112578997875
703,Indianapolis,Median Age,zip,5,2509,31,243,Feat\&PC-RGNN,3,1.0,0.2222222222222222,0.27983539094650206,0.2839506172839506,1.0,0.5714285714285714,0.5665445504028794,0.552112578997875
704,Indianapolis,Median Age,zip,5,2509,31,243,Feat\&PC-RGNN,4,1.0,0.1111111111111111,0.25925925925925924,0.2839506172839506,1.0,0.5321428571428571,0.5844485910738679,0.552112578997875
705,Indianapolis,Median Age,zip,5,2509,31,243,Feat\&PC-RGNN,5,1.0,0.3333333333333333,0.25102880658436216,0.2839506172839506,1.0,0.5678571428571428,0.5366277582281775,0.552112578997875
706,Indianapolis,Median Age,zip,5,2509,31,243,Feat\&PC-RGNN,6,1.0,0.2222222222222222,0.25102880658436216,0.2839506172839506,1.0,0.5035714285714286,0.5439347483446286,0.552112578997875
707,Indianapolis,Median Age,zip,5,2509,31,243,Feat\&PC-RGNN,7,1.0,0.2222222222222222,0.21810699588477367,0.2839506172839506,1.0,0.6142857142857142,0.5288407312677593,0.552112578997875
708,Indianapolis,Median Age,zip,5,2509,31,243,Feat\&PC-RGNN,8,1.0,0.1111111111111111,0.27983539094650206,0.2839506172839506,1.0,0.40714285714285714,0.6124361239349406,0.552112578997875
709,Indianapolis,Median Age,zip,5,2509,31,243,Feat\&PC-RGNN,9,1.0,0.2222222222222222,0.24279835390946503,0.2839506172839506,1.0,0.5964285714285714,0.5647614665449849,0.552112578997875
710,Indianapolis,Median Age,zip,5,2509,31,243,NoPreTrain,0,1.0,0.1111111111111111,0.21810699588477367,0.2839506172839506,1.0,0.5714285714285714,0.5363105201663354,0.552112578997875
711,Indianapolis,Median Age,zip,5,2509,31,243,NoPreTrain,1,1.0,0.1111111111111111,0.25102880658436216,0.2839506172839506,1.0,0.3464285714285715,0.5275411477022333,0.552112578997875
712,Indianapolis,Median Age,zip,5,2509,31,243,NoPreTrain,2,1.0,0.1111111111111111,0.23045267489711935,0.2839506172839506,1.0,0.3464285714285714,0.5103911780874897,0.552112578997875
713,Indianapolis,Median Age,zip,5,2509,31,243,NoPreTrain,3,1.0,0.1111111111111111,0.25102880658436216,0.2839506172839506,1.0,0.4928571428571429,0.5448677228229128,0.552112578997875
714,Indianapolis,Median Age,zip,5,2509,31,243,NoPreTrain,4,1.0,0.3333333333333333,0.22633744855967078,0.2839506172839506,1.0,0.5607142857142857,0.5194355690403358,0.552112578997875
715,Indianapolis,Median Age,zip,5,2509,31,243,NoPreTrain,5,1.0,0.5555555555555556,0.22633744855967078,0.2839506172839506,1.0,0.5285714285714286,0.5385385921930533,0.552112578997875
716,Indianapolis,Median Age,zip,5,2509,31,243,NoPreTrain,6,1.0,0.3333333333333333,0.23868312757201646,0.2839506172839506,1.0,0.5428571428571429,0.5473358391747849,0.552112578997875
717,Indianapolis,Median Age,zip,5,2509,31,243,NoPreTrain,7,1.0,0.3333333333333333,0.24691358024691357,0.2839506172839506,1.0,0.39642857142857146,0.5296781947670857,0.552112578997875
718,Indianapolis,Median Age,zip,5,2509,31,243,NoPreTrain,8,1.0,0.2222222222222222,0.23045267489711935,0.2839506172839506,1.0,0.6464285714285714,0.5282505076426779,0.552112578997875
719,Indianapolis,Median Age,zip,5,2509,31,243,NoPreTrain,9,1.0,0.2222222222222222,0.2222222222222222,0.2839506172839506,1.0,0.6857142857142857,0.54825330370641,0.552112578997875
720,Nashville,Median Income,zip,5,2505,18,153,Emb,0,1.0,0.0,0.29411764705882354,0.3137254901960784,1.0,0.3,0.6079552121803609,0.5707801180603027
721,Nashville,Median Income,zip,5,2505,18,153,Emb,1,1.0,0.0,0.2679738562091503,0.3137254901960784,1.0,0.35,0.5333767138305968,0.5707801180603027
722,Nashville,Median Income,zip,5,2505,18,153,Emb,2,1.0,0.0,0.2875816993464052,0.3137254901960784,1.0,0.4,0.5717181514490978,0.5707801180603027
723,Nashville,Median Income,zip,5,2505,18,153,Emb,3,1.0,0.0,0.27450980392156865,0.3137254901960784,1.0,0.3,0.5851627377722746,0.5707801180603027
724,Nashville,Median Income,zip,5,2505,18,153,Emb,4,1.0,0.0,0.26143790849673204,0.3137254901960784,1.0,0.2,0.5491424075531078,0.5707801180603027
725,Nashville,Median Income,zip,5,2505,18,153,Emb,5,1.0,0.0,0.2875816993464052,0.3137254901960784,1.0,0.25,0.5847504439084581,0.5707801180603027
726,Nashville,Median Income,zip,5,2505,18,153,Emb,6,1.0,0.2,0.28104575163398693,0.3137254901960784,1.0,0.4,0.5786922220359167,0.5707801180603027
727,Nashville,Median Income,zip,5,2505,18,153,Emb,7,1.0,0.0,0.29411764705882354,0.3137254901960784,1.0,0.4,0.5834419493851205,0.5707801180603027
728,Nashville,Median Income,zip,5,2505,18,153,Emb,8,1.0,0.4,0.3006535947712418,0.3137254901960784,1.0,0.55,0.5802406779223794,0.5707801180603027
729,Nashville,Median Income,zip,5,2505,18,153,Emb,9,1.0,0.0,0.2875816993464052,0.3137254901960784,1.0,0.35,0.5972171418171083,0.5707801180603027
730,Nashville,Median Income,zip,5,2505,18,153,LightGCN,0,1.0,0.4,0.3137254901960784,0.3137254901960784,1.0,0.4,0.5650365803499389,0.5707801180603027
731,Nashville,Median Income,zip,5,2505,18,153,LightGCN,1,1.0,0.2,0.3006535947712418,0.3137254901960784,1.0,0.3,0.5715366469899494,0.5707801180603027
732,Nashville,Median Income,zip,5,2505,18,153,LightGCN,2,1.0,0.2,0.26143790849673204,0.3137254901960784,1.0,0.5,0.5664023279577057,0.5707801180603027
733,Nashville,Median Income,zip,5,2505,18,153,LightGCN,3,1.0,0.2,0.27450980392156865,0.3137254901960784,1.0,0.25,0.5713353511641939,0.5707801180603027
734,Nashville,Median Income,zip,5,2505,18,153,LightGCN,4,1.0,0.2,0.27450980392156865,0.3137254901960784,1.0,0.3,0.5399215510928246,0.5707801180603027
735,Nashville,Median Income,zip,5,2505,18,153,LightGCN,5,1.0,0.2,0.2679738562091503,0.3137254901960784,1.0,0.3,0.560220098340592,0.5707801180603027
736,Nashville,Median Income,zip,5,2505,18,153,LightGCN,6,1.0,0.4,0.2679738562091503,0.3137254901960784,1.0,0.45,0.5710009902848896,0.5707801180603027
737,Nashville,Median Income,zip,5,2505,18,153,LightGCN,7,1.0,0.2,0.2549019607843137,0.3137254901960784,1.0,0.5,0.5558899021036747,0.5707801180603027
738,Nashville,Median Income,zip,5,2505,18,153,LightGCN,8,1.0,0.0,0.27450980392156865,0.3137254901960784,1.0,0.4,0.5487541040931297,0.5707801180603027
739,Nashville,Median Income,zip,5,2505,18,153,LightGCN,9,1.0,0.2,0.29411764705882354,0.3137254901960784,1.0,0.55,0.573105438828053,0.5707801180603027
740,Nashville,Median Income,zip,5,2505,18,153,Feat-LightGCN,0,1.0,0.2,0.28104575163398693,0.3137254901960784,1.0,0.4,0.5636765365538373,0.5707801180603027
741,Nashville,Median Income,zip,5,2505,18,153,Feat-LightGCN,1,1.0,0.2,0.28104575163398693,0.3137254901960784,1.0,0.2,0.5641547682002469,0.5707801180603027
742,Nashville,Median Income,zip,5,2505,18,153,Feat-LightGCN,2,1.0,0.2,0.29411764705882354,0.3137254901960784,1.0,0.8,0.59413430326794,0.5707801180603027
743,Nashville,Median Income,zip,5,2505,18,153,Feat-LightGCN,3,1.0,0.2,0.32679738562091504,0.3137254901960784,1.0,0.5,0.5746704758956632,0.5707801180603027
744,Nashville,Median Income,zip,5,2505,18,153,Feat-LightGCN,4,1.0,0.2,0.27450980392156865,0.3137254901960784,1.0,0.3,0.572348866904851,0.5707801180603027
745,Nashville,Median Income,zip,5,2505,18,153,Feat-LightGCN,5,1.0,0.2,0.28104575163398693,0.3137254901960784,1.0,0.4,0.5749310455029457,0.5707801180603027
746,Nashville,Median Income,zip,5,2505,18,153,Feat-LightGCN,6,1.0,0.0,0.2679738562091503,0.3137254901960784,1.0,0.4,0.5762884380298059,0.5707801180603027
747,Nashville,Median Income,zip,5,2505,18,153,Feat-LightGCN,7,1.0,0.0,0.2875816993464052,0.3137254901960784,1.0,0.2,0.5497350880436356,0.5707801180603027
748,Nashville,Median Income,zip,5,2505,18,153,Feat-LightGCN,8,1.0,0.2,0.26143790849673204,0.3137254901960784,1.0,0.45,0.5598039207256166,0.5707801180603027
749,Nashville,Median Income,zip,5,2505,18,153,Feat-LightGCN,9,1.0,0.2,0.2875816993464052,0.3137254901960784,1.0,0.3,0.5612392605681742,0.5707801180603027
750,Nashville,Median Income,zip,5,2505,18,153,Feat\&PC-LightGCN,0,1.0,0.0,0.29411764705882354,0.3137254901960784,1.0,0.6,0.57492525570417,0.5707801180603027
751,Nashville,Median Income,zip,5,2505,18,153,Feat\&PC-LightGCN,1,1.0,0.2,0.3137254901960784,0.3137254901960784,1.0,0.3,0.5896028398676372,0.5707801180603027
752,Nashville,Median Income,zip,5,2505,18,153,Feat\&PC-LightGCN,2,1.0,0.0,0.2679738562091503,0.3137254901960784,1.0,0.4,0.5449782094330726,0.5707801180603027
753,Nashville,Median Income,zip,5,2505,18,153,Feat\&PC-LightGCN,3,1.0,0.2,0.3202614379084967,0.3137254901960784,1.0,0.25,0.5907162153059924,0.5707801180603027
754,Nashville,Median Income,zip,5,2505,18,153,Feat\&PC-LightGCN,4,1.0,0.0,0.28104575163398693,0.3137254901960784,1.0,0.3,0.5746249743830066,0.5707801180603027
755,Nashville,Median Income,zip,5,2505,18,153,Feat\&PC-LightGCN,5,1.0,0.2,0.27450980392156865,0.3137254901960784,1.0,0.4,0.5985120790393521,0.5707801180603027
756,Nashville,Median Income,zip,5,2505,18,153,Feat\&PC-LightGCN,6,1.0,0.0,0.29411764705882354,0.3137254901960784,1.0,0.45,0.5458359595230009,0.5707801180603027
757,Nashville,Median Income,zip,5,2505,18,153,Feat\&PC-LightGCN,7,1.0,0.2,0.3006535947712418,0.3137254901960784,1.0,0.5,0.6064165158309436,0.5707801180603027
758,Nashville,Median Income,zip,5,2505,18,153,Feat\&PC-LightGCN,8,1.0,0.2,0.27450980392156865,0.3137254901960784,1.0,0.45,0.6075435202263181,0.5707801180603027
759,Nashville,Median Income,zip,5,2505,18,153,Feat\&PC-LightGCN,9,1.0,0.0,0.3006535947712418,0.3137254901960784,1.0,0.35,0.5700240047350236,0.5707801180603027
760,Nashville,Median Income,zip,5,2505,18,153,RGNN,0,1.0,0.0,0.30718954248366015,0.3137254901960784,1.0,0.3,0.6137647449980582,0.5707801180603027
761,Nashville,Median Income,zip,5,2505,18,153,RGNN,1,1.0,0.2,0.27450980392156865,0.3137254901960784,1.0,0.3,0.5570852805831074,0.5707801180603027
762,Nashville,Median Income,zip,5,2505,18,153,RGNN,2,1.0,0.2,0.3202614379084967,0.3137254901960784,1.0,0.65,0.6015019081972947,0.5707801180603027
763,Nashville,Median Income,zip,5,2505,18,153,RGNN,3,1.0,0.0,0.2875816993464052,0.3137254901960784,1.0,0.25,0.573011397591501,0.5707801180603027
764,Nashville,Median Income,zip,5,2505,18,153,RGNN,4,1.0,0.0,0.22875816993464052,0.3137254901960784,1.0,0.15,0.5532379879589383,0.5707801180603027
765,Nashville,Median Income,zip,5,2505,18,153,RGNN,5,1.0,0.0,0.23529411764705882,0.3137254901960784,1.0,0.25,0.5715957631284404,0.5707801180603027
766,Nashville,Median Income,zip,5,2505,18,153,RGNN,6,1.0,0.2,0.2549019607843137,0.3137254901960784,1.0,0.5,0.5717669348031398,0.5707801180603027
767,Nashville,Median Income,zip,5,2505,18,153,RGNN,7,1.0,0.2,0.2875816993464052,0.3137254901960784,1.0,0.3,0.5566471905861311,0.5707801180603027
768,Nashville,Median Income,zip,5,2505,18,153,RGNN,8,1.0,0.2,0.2679738562091503,0.3137254901960784,1.0,0.45,0.5866864723644591,0.5707801180603027
769,Nashville,Median Income,zip,5,2505,18,153,RGNN,9,1.0,0.2,0.29411764705882354,0.3137254901960784,1.0,0.3,0.60125879397345,0.5707801180603027
770,Nashville,Median Income,zip,5,2505,18,153,Feat-RGNN,0,1.0,0.0,0.27450980392156865,0.3137254901960784,1.0,0.3,0.5832339895582985,0.5707801180603027
771,Nashville,Median Income,zip,5,2505,18,153,Feat-RGNN,1,1.0,0.2,0.3006535947712418,0.3137254901960784,1.0,0.35,0.5727628375173228,0.5707801180603027
772,Nashville,Median Income,zip,5,2505,18,153,Feat-RGNN,2,1.0,0.2,0.2679738562091503,0.3137254901960784,1.0,0.4,0.5739437701621861,0.5707801180603027
773,Nashville,Median Income,zip,5,2505,18,153,Feat-RGNN,3,1.0,0.0,0.23529411764705882,0.3137254901960784,1.0,0.3,0.5618538821030727,0.5707801180603027
774,Nashville,Median Income,zip,5,2505,18,153,Feat-RGNN,4,1.0,0.0,0.2549019607843137,0.3137254901960784,1.0,0.3,0.5631878001487577,0.5707801180603027
775,Nashville,Median Income,zip,5,2505,18,153,Feat-RGNN,5,1.0,0.0,0.2875816993464052,0.3137254901960784,1.0,0.3,0.5779110004743623,0.5707801180603027
776,Nashville,Median Income,zip,5,2505,18,153,Feat-RGNN,6,1.0,0.2,0.2549019607843137,0.3137254901960784,1.0,0.55,0.5507512693847192,0.5707801180603027
777,Nashville,Median Income,zip,5,2505,18,153,Feat-RGNN,7,1.0,0.0,0.27450980392156865,0.3137254901960784,1.0,0.4,0.5778805323748636,0.5707801180603027
778,Nashville,Median Income,zip,5,2505,18,153,Feat-RGNN,8,1.0,0.2,0.24183006535947713,0.3137254901960784,1.0,0.55,0.5782817482326066,0.5707801180603027
779,Nashville,Median Income,zip,5,2505,18,153,Feat-RGNN,9,1.0,0.0,0.3202614379084967,0.3137254901960784,1.0,0.1,0.5621767063783805,0.5707801180603027
780,Nashville,Median Income,zip,5,2505,18,153,Feat\&PC-RGNN,0,1.0,0.0,0.3006535947712418,0.3137254901960784,1.0,0.4,0.5794356379312073,0.5707801180603027
781,Nashville,Median Income,zip,5,2505,18,153,Feat\&PC-RGNN,1,1.0,0.0,0.29411764705882354,0.3137254901960784,1.0,0.25,0.5730199103154436,0.5707801180603027
782,Nashville,Median Income,zip,5,2505,18,153,Feat\&PC-RGNN,2,1.0,0.2,0.23529411764705882,0.3137254901960784,1.0,0.5,0.5520578005356997,0.5707801180603027
783,Nashville,Median Income,zip,5,2505,18,153,Feat\&PC-RGNN,3,1.0,0.0,0.2679738562091503,0.3137254901960784,1.0,0.4,0.5668313176521507,0.5707801180603027
784,Nashville,Median Income,zip,5,2505,18,153,Feat\&PC-RGNN,4,1.0,0.2,0.27450980392156865,0.3137254901960784,1.0,0.35,0.5676623974066286,0.5707801180603027
785,Nashville,Median Income,zip,5,2505,18,153,Feat\&PC-RGNN,5,1.0,0.2,0.28104575163398693,0.3137254901960784,1.0,0.35,0.5360781708821848,0.5707801180603027
786,Nashville,Median Income,zip,5,2505,18,153,Feat\&PC-RGNN,6,1.0,0.2,0.2679738562091503,0.3137254901960784,1.0,0.575,0.5803954403901522,0.5707801180603027
787,Nashville,Median Income,zip,5,2505,18,153,Feat\&PC-RGNN,7,1.0,0.4,0.3006535947712418,0.3137254901960784,1.0,0.55,0.5473379393762208,0.5707801180603027
788,Nashville,Median Income,zip,5,2505,18,153,Feat\&PC-RGNN,8,1.0,0.2,0.2875816993464052,0.3137254901960784,1.0,0.6,0.5942145579044368,0.5707801180603027
789,Nashville,Median Income,zip,5,2505,18,153,Feat\&PC-RGNN,9,1.0,0.0,0.29411764705882354,0.3137254901960784,1.0,0.3,0.560226375399661,0.5707801180603027
790,Nashville,Median Income,zip,5,2505,18,153,NoPreTrain,0,1.0,0.2,0.27450980392156865,0.3137254901960784,1.0,0.45,0.5494600726017836,0.5707801180603027
791,Nashville,Median Income,zip,5,2505,18,153,NoPreTrain,1,1.0,0.0,0.28104575163398693,0.3137254901960784,1.0,0.6,0.5543789079350339,0.5707801180603027
792,Nashville,Median Income,zip,5,2505,18,153,NoPreTrain,2,1.0,0.2,0.23529411764705882,0.3137254901960784,1.0,0.6,0.5311161413570773,0.5707801180603027
793,Nashville,Median Income,zip,5,2505,18,153,NoPreTrain,3,1.0,0.4,0.3006535947712418,0.3137254901960784,1.0,0.45,0.5609089984078054,0.5707801180603027
794,Nashville,Median Income,zip,5,2505,18,153,NoPreTrain,4,1.0,0.0,0.19607843137254902,0.3137254901960784,1.0,0.3,0.5374791302117146,0.5707801180603027
795,Nashville,Median Income,zip,5,2505,18,153,NoPreTrain,5,1.0,0.0,0.27450980392156865,0.3137254901960784,1.0,0.45,0.5509641018144714,0.5707801180603027
796,Nashville,Median Income,zip,5,2505,18,153,NoPreTrain,6,1.0,0.2,0.22875816993464052,0.3137254901960784,1.0,0.5,0.5478395308543249,0.5707801180603027
797,Nashville,Median Income,zip,5,2505,18,153,NoPreTrain,7,1.0,0.2,0.26143790849673204,0.3137254901960784,1.0,0.55,0.5971939252972647,0.5707801180603027
798,Nashville,Median Income,zip,5,2505,18,153,NoPreTrain,8,1.0,0.0,0.23529411764705882,0.3137254901960784,1.0,0.3,0.5133314129545314,0.5707801180603027
799,Nashville,Median Income,zip,5,2505,18,153,NoPreTrain,9,1.0,0.0,0.27450980392156865,0.3137254901960784,1.0,0.2,0.5567316585910438,0.5707801180603027
800,Nashville,Median Home Value,zip,5,2338,18,147,Emb,0,1.0,0.16666666666666666,0.32653061224489793,0.36054421768707484,1.0,0.5800000000000001,0.6138914179506576,0.598966948628703
801,Nashville,Median Home Value,zip,5,2338,18,147,Emb,1,1.0,0.3333333333333333,0.2857142857142857,0.36054421768707484,1.0,0.725,0.5977006726347082,0.598966948628703
802,Nashville,Median Home Value,zip,5,2338,18,147,Emb,2,1.0,0.5,0.2857142857142857,0.36054421768707484,1.0,0.86,0.5597040929686248,0.598966948628703
803,Nashville,Median Home Value,zip,5,2338,18,147,Emb,3,1.0,0.3333333333333333,0.29931972789115646,0.36054421768707484,1.0,0.605,0.6177424968547152,0.598966948628703
804,Nashville,Median Home Value,zip,5,2338,18,147,Emb,4,1.0,0.5,0.3197278911564626,0.36054421768707484,1.0,0.8150000000000001,0.6046071193426015,0.598966948628703
805,Nashville,Median Home Value,zip,5,2338,18,147,Emb,5,1.0,0.5,0.30612244897959184,0.36054421768707484,1.0,0.78,0.5584654418888583,0.598966948628703
806,Nashville,Median Home Value,zip,5,2338,18,147,Emb,6,1.0,0.16666666666666666,0.3197278911564626,0.36054421768707484,1.0,0.6599999999999999,0.5709665459497277,0.598966948628703
807,Nashville,Median Home Value,zip,5,2338,18,147,Emb,7,1.0,0.16666666666666666,0.2857142857142857,0.36054421768707484,1.0,0.585,0.585893072390925,0.598966948628703
808,Nashville,Median Home Value,zip,5,2338,18,147,Emb,8,1.0,0.5,0.32653061224489793,0.36054421768707484,1.0,0.845,0.6076913917361952,0.598966948628703
809,Nashville,Median Home Value,zip,5,2338,18,147,Emb,9,1.0,0.5,0.3401360544217687,0.36054421768707484,1.0,0.975,0.6093471734906061,0.598966948628703
810,Nashville,Median Home Value,zip,5,2338,18,147,LightGCN,0,1.0,0.16666666666666666,0.29931972789115646,0.36054421768707484,1.0,0.7,0.5898929574112994,0.598966948628703
811,Nashville,Median Home Value,zip,5,2338,18,147,LightGCN,1,1.0,0.3333333333333333,0.30612244897959184,0.36054421768707484,1.0,0.665,0.6016187793162311,0.598966948628703
812,Nashville,Median Home Value,zip,5,2338,18,147,LightGCN,2,1.0,0.6666666666666666,0.3197278911564626,0.36054421768707484,1.0,0.75,0.5567315406572156,0.598966948628703
813,Nashville,Median Home Value,zip,5,2338,18,147,LightGCN,3,1.0,0.5,0.3401360544217687,0.36054421768707484,1.0,0.79,0.5670160360492272,0.598966948628703
814,Nashville,Median Home Value,zip,5,2338,18,147,LightGCN,4,1.0,0.6666666666666666,0.35374149659863946,0.36054421768707484,1.0,0.725,0.6344323323463386,0.598966948628703
815,Nashville,Median Home Value,zip,5,2338,18,147,LightGCN,5,1.0,0.0,0.29931972789115646,0.36054421768707484,1.0,0.6900000000000001,0.5404189036096904,0.598966948628703
816,Nashville,Median Home Value,zip,5,2338,18,147,LightGCN,6,1.0,0.16666666666666666,0.29931972789115646,0.36054421768707484,1.0,0.4050000000000001,0.5640053965166884,0.598966948628703
817,Nashville,Median Home Value,zip,5,2338,18,147,LightGCN,7,1.0,0.5,0.3333333333333333,0.36054421768707484,1.0,0.765,0.5910174743888341,0.598966948628703
818,Nashville,Median Home Value,zip,5,2338,18,147,LightGCN,8,1.0,0.5,0.3333333333333333,0.36054421768707484,1.0,0.8699999999999999,0.573778744695806,0.598966948628703
819,Nashville,Median Home Value,zip,5,2338,18,147,LightGCN,9,1.0,0.6666666666666666,0.3741496598639456,0.36054421768707484,1.0,0.9099999999999999,0.6128215566540651,0.598966948628703
820,Nashville,Median Home Value,zip,5,2338,18,147,Feat-LightGCN,0,1.0,0.16666666666666666,0.3333333333333333,0.36054421768707484,1.0,0.5800000000000001,0.5912473488500349,0.598966948628703
821,Nashville,Median Home Value,zip,5,2338,18,147,Feat-LightGCN,1,1.0,0.16666666666666666,0.3469387755102041,0.36054421768707484,1.0,0.7,0.6258294253853658,0.598966948628703
822,Nashville,Median Home Value,zip,5,2338,18,147,Feat-LightGCN,2,1.0,0.6666666666666666,0.3333333333333333,0.36054421768707484,1.0,0.8550000000000001,0.6145950271822235,0.598966948628703
823,Nashville,Median Home Value,zip,5,2338,18,147,Feat-LightGCN,3,1.0,0.3333333333333333,0.32653061224489793,0.36054421768707484,1.0,0.6599999999999999,0.6023490690072781,0.598966948628703
824,Nashville,Median Home Value,zip,5,2338,18,147,Feat-LightGCN,4,1.0,0.6666666666666666,0.29931972789115646,0.36054421768707484,1.0,0.8550000000000001,0.6088899953251012,0.598966948628703
825,Nashville,Median Home Value,zip,5,2338,18,147,Feat-LightGCN,5,1.0,0.16666666666666666,0.272108843537415,0.36054421768707484,1.0,0.65,0.5456073016597751,0.598966948628703
826,Nashville,Median Home Value,zip,5,2338,18,147,Feat-LightGCN,6,1.0,0.16666666666666666,0.2925170068027211,0.36054421768707484,1.0,0.5,0.5656568928286597,0.598966948628703
827,Nashville,Median Home Value,zip,5,2338,18,147,Feat-LightGCN,7,1.0,0.16666666666666666,0.36054421768707484,0.36054421768707484,1.0,0.66,0.637698203635022,0.598966948628703
828,Nashville,Median Home Value,zip,5,2338,18,147,Feat-LightGCN,8,1.0,0.5,0.29931972789115646,0.36054421768707484,1.0,0.8300000000000001,0.6287171581615685,0.598966948628703
829,Nashville,Median Home Value,zip,5,2338,18,147,Feat-LightGCN,9,1.0,0.5,0.32653061224489793,0.36054421768707484,1.0,0.8150000000000001,0.607417273913807,0.598966948628703
830,Nashville,Median Home Value,zip,5,2338,18,147,Feat\&PC-LightGCN,0,1.0,0.16666666666666666,0.3129251700680272,0.36054421768707484,1.0,0.725,0.6542167311965125,0.598966948628703
831,Nashville,Median Home Value,zip,5,2338,18,147,Feat\&PC-LightGCN,1,1.0,0.3333333333333333,0.2857142857142857,0.36054421768707484,1.0,0.6599999999999999,0.5779990914161397,0.598966948628703
832,Nashville,Median Home Value,zip,5,2338,18,147,Feat\&PC-LightGCN,2,1.0,0.3333333333333333,0.3401360544217687,0.36054421768707484,1.0,0.605,0.6368235143859915,0.598966948628703
833,Nashville,Median Home Value,zip,5,2338,18,147,Feat\&PC-LightGCN,3,1.0,0.3333333333333333,0.3197278911564626,0.36054421768707484,1.0,0.845,0.6367370450334652,0.598966948628703
834,Nashville,Median Home Value,zip,5,2338,18,147,Feat\&PC-LightGCN,4,1.0,0.5,0.36054421768707484,0.36054421768707484,1.0,0.8150000000000001,0.655433237701796,0.598966948628703
835,Nashville,Median Home Value,zip,5,2338,18,147,Feat\&PC-LightGCN,5,1.0,0.5,0.3401360544217687,0.36054421768707484,1.0,0.765,0.5982421991453946,0.598966948628703
836,Nashville,Median Home Value,zip,5,2338,18,147,Feat\&PC-LightGCN,6,1.0,0.3333333333333333,0.29931972789115646,0.36054421768707484,1.0,0.54,0.615671272381622,0.598966948628703
837,Nashville,Median Home Value,zip,5,2338,18,147,Feat\&PC-LightGCN,7,1.0,0.5,0.32653061224489793,0.36054421768707484,1.0,0.5900000000000001,0.6262733229207182,0.598966948628703
838,Nashville,Median Home Value,zip,5,2338,18,147,Feat\&PC-LightGCN,8,1.0,0.6666666666666666,0.3401360544217687,0.36054421768707484,1.0,0.8400000000000001,0.6202653988389448,0.598966948628703
839,Nashville,Median Home Value,zip,5,2338,18,147,Feat\&PC-LightGCN,9,1.0,0.5,0.36054421768707484,0.36054421768707484,1.0,0.7100000000000001,0.6472564366883435,0.598966948628703
840,Nashville,Median Home Value,zip,5,2338,18,147,RGNN,0,1.0,0.3333333333333333,0.2857142857142857,0.36054421768707484,1.0,0.8,0.6102568945139651,0.598966948628703
841,Nashville,Median Home Value,zip,5,2338,18,147,RGNN,1,1.0,0.3333333333333333,0.2789115646258503,0.36054421768707484,1.0,0.75,0.5983086129881823,0.598966948628703
842,Nashville,Median Home Value,zip,5,2338,18,147,RGNN,2,1.0,0.6666666666666666,0.3129251700680272,0.36054421768707484,1.0,0.775,0.5956592167268886,0.598966948628703
843,Nashville,Median Home Value,zip,5,2338,18,147,RGNN,3,1.0,0.3333333333333333,0.3333333333333333,0.36054421768707484,1.0,0.75,0.6113046140249062,0.598966948628703
844,Nashville,Median Home Value,zip,5,2338,18,147,RGNN,4,1.0,0.3333333333333333,0.30612244897959184,0.36054421768707484,1.0,0.6950000000000001,0.60769637347025,0.598966948628703
845,Nashville,Median Home Value,zip,5,2338,18,147,RGNN,5,1.0,0.16666666666666666,0.32653061224489793,0.36054421768707484,1.0,0.6300000000000001,0.5818846219775744,0.598966948628703
846,Nashville,Median Home Value,zip,5,2338,18,147,RGNN,6,1.0,0.16666666666666666,0.2925170068027211,0.36054421768707484,1.0,0.7,0.5661469586541471,0.598966948628703
847,Nashville,Median Home Value,zip,5,2338,18,147,RGNN,7,1.0,0.5,0.30612244897959184,0.36054421768707484,1.0,0.6450000000000001,0.5820258020680597,0.598966948628703
848,Nashville,Median Home Value,zip,5,2338,18,147,RGNN,8,1.0,0.5,0.272108843537415,0.36054421768707484,1.0,0.8400000000000001,0.572595940608785,0.598966948628703
849,Nashville,Median Home Value,zip,5,2338,18,147,RGNN,9,1.0,0.5,0.3469387755102041,0.36054421768707484,1.0,0.975,0.6357483084006794,0.598966948628703
850,Nashville,Median Home Value,zip,5,2338,18,147,Feat-RGNN,0,1.0,0.3333333333333333,0.30612244897959184,0.36054421768707484,1.0,0.635,0.5768212735736654,0.598966948628703
851,Nashville,Median Home Value,zip,5,2338,18,147,Feat-RGNN,1,1.0,0.3333333333333333,0.3129251700680272,0.36054421768707484,1.0,0.6599999999999999,0.575313717973376,0.598966948628703
852,Nashville,Median Home Value,zip,5,2338,18,147,Feat-RGNN,2,1.0,0.5,0.3401360544217687,0.36054421768707484,1.0,0.775,0.5964509494385763,0.598966948628703
853,Nashville,Median Home Value,zip,5,2338,18,147,Feat-RGNN,3,1.0,0.3333333333333333,0.32653061224489793,0.36054421768707484,1.0,0.775,0.5927278716011755,0.598966948628703
854,Nashville,Median Home Value,zip,5,2338,18,147,Feat-RGNN,4,1.0,0.5,0.29931972789115646,0.36054421768707484,1.0,0.6799999999999999,0.5745248474721212,0.598966948628703
855,Nashville,Median Home Value,zip,5,2338,18,147,Feat-RGNN,5,1.0,0.16666666666666666,0.25170068027210885,0.36054421768707484,1.0,0.58,0.5811977310824674,0.598966948628703
856,Nashville,Median Home Value,zip,5,2338,18,147,Feat-RGNN,6,1.0,0.16666666666666666,0.2925170068027211,0.36054421768707484,1.0,0.51,0.5584992540174991,0.598966948628703
857,Nashville,Median Home Value,zip,5,2338,18,147,Feat-RGNN,7,1.0,0.5,0.29931972789115646,0.36054421768707484,1.0,0.8300000000000001,0.6010174120708607,0.598966948628703
858,Nashville,Median Home Value,zip,5,2338,18,147,Feat-RGNN,8,1.0,0.3333333333333333,0.3401360544217687,0.36054421768707484,1.0,0.71,0.6158887724210911,0.598966948628703
859,Nashville,Median Home Value,zip,5,2338,18,147,Feat-RGNN,9,1.0,0.5,0.3129251700680272,0.36054421768707484,1.0,0.8949999999999999,0.5965935694718114,0.598966948628703
860,Nashville,Median Home Value,zip,5,2338,18,147,Feat\&PC-RGNN,0,1.0,0.3333333333333333,0.3333333333333333,0.36054421768707484,1.0,0.7,0.6069401365767361,0.598966948628703
861,Nashville,Median Home Value,zip,5,2338,18,147,Feat\&PC-RGNN,1,1.0,0.3333333333333333,0.35374149659863946,0.36054421768707484,1.0,0.73,0.601886660933947,0.598966948628703
862,Nashville,Median Home Value,zip,5,2338,18,147,Feat\&PC-RGNN,2,1.0,0.3333333333333333,0.32653061224489793,0.36054421768707484,1.0,0.595,0.5928358015303193,0.598966948628703
863,Nashville,Median Home Value,zip,5,2338,18,147,Feat\&PC-RGNN,3,1.0,0.3333333333333333,0.3197278911564626,0.36054421768707484,1.0,0.525,0.6325088605398604,0.598966948628703
864,Nashville,Median Home Value,zip,5,2338,18,147,Feat\&PC-RGNN,4,1.0,0.5,0.3197278911564626,0.36054421768707484,1.0,0.605,0.5977869651011571,0.598966948628703
865,Nashville,Median Home Value,zip,5,2338,18,147,Feat\&PC-RGNN,5,1.0,0.16666666666666666,0.2857142857142857,0.36054421768707484,1.0,0.48,0.5841233462151323,0.598966948628703
866,Nashville,Median Home Value,zip,5,2338,18,147,Feat\&PC-RGNN,6,1.0,0.16666666666666666,0.30612244897959184,0.36054421768707484,1.0,0.61,0.5713287769051891,0.598966948628703
867,Nashville,Median Home Value,zip,5,2338,18,147,Feat\&PC-RGNN,7,1.0,0.3333333333333333,0.30612244897959184,0.36054421768707484,1.0,0.74,0.6130728128508085,0.598966948628703
868,Nashville,Median Home Value,zip,5,2338,18,147,Feat\&PC-RGNN,8,1.0,0.3333333333333333,0.3197278911564626,0.36054421768707484,1.0,0.8300000000000001,0.5880777857360456,0.598966948628703
869,Nashville,Median Home Value,zip,5,2338,18,147,Feat\&PC-RGNN,9,1.0,0.5,0.3401360544217687,0.36054421768707484,1.0,0.8699999999999999,0.581080889217231,0.598966948628703
870,Nashville,Median Home Value,zip,5,2338,18,147,NoPreTrain,0,1.0,0.16666666666666666,0.2789115646258503,0.36054421768707484,1.0,0.45,0.5822090341957873,0.598966948628703
871,Nashville,Median Home Value,zip,5,2338,18,147,NoPreTrain,1,1.0,0.0,0.2653061224489796,0.36054421768707484,1.0,0.5,0.5888210119998967,0.598966948628703
872,Nashville,Median Home Value,zip,5,2338,18,147,NoPreTrain,2,1.0,0.16666666666666666,0.2925170068027211,0.36054421768707484,1.0,0.5700000000000001,0.5821702454858207,0.598966948628703
873,Nashville,Median Home Value,zip,5,2338,18,147,NoPreTrain,3,1.0,0.3333333333333333,0.30612244897959184,0.36054421768707484,1.0,0.615,0.5892030184593112,0.598966948628703
874,Nashville,Median Home Value,zip,5,2338,18,147,NoPreTrain,4,1.0,0.16666666666666666,0.2653061224489796,0.36054421768707484,1.0,0.66,0.5677941140642969,0.598966948628703
875,Nashville,Median Home Value,zip,5,2338,18,147,NoPreTrain,5,1.0,0.3333333333333333,0.2653061224489796,0.36054421768707484,1.0,0.54,0.5668820682367418,0.598966948628703
876,Nashville,Median Home Value,zip,5,2338,18,147,NoPreTrain,6,1.0,0.16666666666666666,0.29931972789115646,0.36054421768707484,1.0,0.46499999999999997,0.5941560557335797,0.598966948628703
877,Nashville,Median Home Value,zip,5,2338,18,147,NoPreTrain,7,1.0,0.3333333333333333,0.29931972789115646,0.36054421768707484,1.0,0.7100000000000001,0.6123516014875419,0.598966948628703
878,Nashville,Median Home Value,zip,5,2338,18,147,NoPreTrain,8,1.0,0.16666666666666666,0.272108843537415,0.36054421768707484,1.0,0.38,0.567640827279591,0.598966948628703
879,Nashville,Median Home Value,zip,5,2338,18,147,NoPreTrain,9,1.0,0.0,0.32653061224489793,0.36054421768707484,1.0,0.44499999999999995,0.6465456610516727,0.598966948628703
880,Nashville,Median Age,zip,5,2521,18,156,Emb,0,1.0,0.0,0.2692307692307692,0.358974358974359,1.0,0.55,0.5995901212870528,0.5998552284676595
881,Nashville,Median Age,zip,5,2521,18,156,Emb,1,1.0,0.4,0.3269230769230769,0.358974358974359,1.0,0.6,0.6124781549714673,0.5998552284676595
882,Nashville,Median Age,zip,5,2521,18,156,Emb,2,1.0,0.2,0.28205128205128205,0.358974358974359,1.0,0.75,0.5941420767943192,0.5998552284676595
883,Nashville,Median Age,zip,5,2521,18,156,Emb,3,1.0,0.2,0.2948717948717949,0.358974358974359,1.0,0.7,0.5977113015434022,0.5998552284676595
884,Nashville,Median Age,zip,5,2521,18,156,Emb,4,1.0,0.6,0.2692307692307692,0.358974358974359,1.0,0.9,0.6007608029642648,0.5998552284676595
885,Nashville,Median Age,zip,5,2521,18,156,Emb,5,1.0,0.6,0.28846153846153844,0.358974358974359,1.0,0.85,0.6091547455371217,0.5998552284676595
886,Nashville,Median Age,zip,5,2521,18,156,Emb,6,1.0,0.0,0.2948717948717949,0.358974358974359,1.0,0.5,0.6058695186854116,0.5998552284676595
887,Nashville,Median Age,zip,5,2521,18,156,Emb,7,1.0,0.4,0.32051282051282054,0.358974358974359,1.0,0.8,0.6216405610940623,0.5998552284676595
888,Nashville,Median Age,zip,5,2521,18,156,Emb,8,1.0,0.4,0.3333333333333333,0.358974358974359,1.0,0.55,0.6080688285575776,0.5998552284676595
889,Nashville,Median Age,zip,5,2521,18,156,Emb,9,1.0,0.4,0.32051282051282054,0.358974358974359,1.0,0.7,0.611820212995036,0.5998552284676595
890,Nashville,Median Age,zip,5,2521,18,156,LightGCN,0,1.0,0.2,0.3141025641025641,0.358974358974359,1.0,0.45,0.619189792420477,0.5998552284676595
891,Nashville,Median Age,zip,5,2521,18,156,LightGCN,1,1.0,0.2,0.358974358974359,0.358974358974359,1.0,0.6,0.6590922304609166,0.5998552284676595
892,Nashville,Median Age,zip,5,2521,18,156,LightGCN,2,1.0,0.2,0.3269230769230769,0.358974358974359,1.0,0.75,0.6286373720343824,0.5998552284676595
893,Nashville,Median Age,zip,5,2521,18,156,LightGCN,3,1.0,0.0,0.28205128205128205,0.358974358974359,1.0,0.25,0.5931479053394081,0.5998552284676595
894,Nashville,Median Age,zip,5,2521,18,156,LightGCN,4,1.0,0.2,0.30128205128205127,0.358974358974359,1.0,0.45,0.6075556980770199,0.5998552284676595
895,Nashville,Median Age,zip,5,2521,18,156,LightGCN,5,1.0,0.2,0.2948717948717949,0.358974358974359,1.0,0.5,0.5993015302324507,0.5998552284676595
896,Nashville,Median Age,zip,5,2521,18,156,LightGCN,6,1.0,0.0,0.3076923076923077,0.358974358974359,1.0,0.4,0.6149355584241502,0.5998552284676595
897,Nashville,Median Age,zip,5,2521,18,156,LightGCN,7,1.0,0.2,0.3333333333333333,0.358974358974359,1.0,0.55,0.6241434368411551,0.5998552284676595
898,Nashville,Median Age,zip,5,2521,18,156,LightGCN,8,1.0,0.2,0.30128205128205127,0.358974358974359,1.0,0.575,0.6093491856862432,0.5998552284676595
899,Nashville,Median Age,zip,5,2521,18,156,LightGCN,9,1.0,0.2,0.3141025641025641,0.358974358974359,1.0,0.5,0.6277340781082716,0.5998552284676595
900,Nashville,Median Age,zip,5,2521,18,156,Feat-LightGCN,0,1.0,0.4,0.3269230769230769,0.358974358974359,1.0,0.55,0.5932780288744097,0.5998552284676595
901,Nashville,Median Age,zip,5,2521,18,156,Feat-LightGCN,1,1.0,0.0,0.36538461538461536,0.358974358974359,1.0,0.45,0.6378332356573113,0.5998552284676595
902,Nashville,Median Age,zip,5,2521,18,156,Feat-LightGCN,2,1.0,0.2,0.3076923076923077,0.358974358974359,1.0,0.85,0.6150226321511923,0.5998552284676595
903,Nashville,Median Age,zip,5,2521,18,156,Feat-LightGCN,3,1.0,0.0,0.3141025641025641,0.358974358974359,1.0,0.25,0.5745730581450488,0.5998552284676595
904,Nashville,Median Age,zip,5,2521,18,156,Feat-LightGCN,4,1.0,0.2,0.34615384615384615,0.358974358974359,1.0,0.55,0.6078936630930337,0.5998552284676595
905,Nashville,Median Age,zip,5,2521,18,156,Feat-LightGCN,5,1.0,0.2,0.28205128205128205,0.358974358974359,1.0,0.55,0.5804635423206627,0.5998552284676595
906,Nashville,Median Age,zip,5,2521,18,156,Feat-LightGCN,6,1.0,0.0,0.32051282051282054,0.358974358974359,1.0,0.5,0.5983582434059224,0.5998552284676595
907,Nashville,Median Age,zip,5,2521,18,156,Feat-LightGCN,7,1.0,0.4,0.33974358974358976,0.358974358974359,1.0,0.65,0.6313055541363961,0.5998552284676595
908,Nashville,Median Age,zip,5,2521,18,156,Feat-LightGCN,8,1.0,0.2,0.3269230769230769,0.358974358974359,1.0,0.575,0.6208694236206431,0.5998552284676595
909,Nashville,Median Age,zip,5,2521,18,156,Feat-LightGCN,9,1.0,0.4,0.30128205128205127,0.358974358974359,1.0,0.75,0.6085287329100074,0.5998552284676595
910,Nashville,Median Age,zip,5,2521,18,156,Feat\&PC-LightGCN,0,1.0,0.2,0.32051282051282054,0.358974358974359,1.0,0.4,0.5996066431048335,0.5998552284676595
911,Nashville,Median Age,zip,5,2521,18,156,Feat\&PC-LightGCN,1,1.0,0.2,0.358974358974359,0.358974358974359,1.0,0.6,0.6218734743940095,0.5998552284676595
912,Nashville,Median Age,zip,5,2521,18,156,Feat\&PC-LightGCN,2,1.0,0.0,0.32051282051282054,0.358974358974359,1.0,0.4,0.6001215185839891,0.5998552284676595
913,Nashville,Median Age,zip,5,2521,18,156,Feat\&PC-LightGCN,3,1.0,0.2,0.3269230769230769,0.358974358974359,1.0,0.45,0.5856164561958426,0.5998552284676595
914,Nashville,Median Age,zip,5,2521,18,156,Feat\&PC-LightGCN,4,1.0,0.0,0.32051282051282054,0.358974358974359,1.0,0.3,0.5946518889392218,0.5998552284676595
915,Nashville,Median Age,zip,5,2521,18,156,Feat\&PC-LightGCN,5,1.0,0.2,0.32051282051282054,0.358974358974359,1.0,0.5,0.5939130574411455,0.5998552284676595
916,Nashville,Median Age,zip,5,2521,18,156,Feat\&PC-LightGCN,6,1.0,0.0,0.3333333333333333,0.358974358974359,1.0,0.4,0.6223602726148753,0.5998552284676595
917,Nashville,Median Age,zip,5,2521,18,156,Feat\&PC-LightGCN,7,1.0,0.2,0.3333333333333333,0.358974358974359,1.0,0.6,0.5734118009740354,0.5998552284676595
918,Nashville,Median Age,zip,5,2521,18,156,Feat\&PC-LightGCN,8,1.0,0.4,0.33974358974358976,0.358974358974359,1.0,0.6,0.594915783665587,0.5998552284676595
919,Nashville,Median Age,zip,5,2521,18,156,Feat\&PC-LightGCN,9,1.0,0.4,0.3333333333333333,0.358974358974359,1.0,0.5,0.5880245944515025,0.5998552284676595
920,Nashville,Median Age,zip,5,2521,18,156,RGNN,0,1.0,0.2,0.3076923076923077,0.358974358974359,1.0,0.45,0.6038726344029255,0.5998552284676595
921,Nashville,Median Age,zip,5,2521,18,156,RGNN,1,1.0,0.2,0.3076923076923077,0.358974358974359,1.0,0.65,0.611077629541831,0.5998552284676595
922,Nashville,Median Age,zip,5,2521,18,156,RGNN,2,1.0,0.2,0.3076923076923077,0.358974358974359,1.0,0.45,0.5973918855862208,0.5998552284676595
923,Nashville,Median Age,zip,5,2521,18,156,RGNN,3,1.0,0.2,0.26282051282051283,0.358974358974359,1.0,0.35,0.5884977897819754,0.5998552284676595
924,Nashville,Median Age,zip,5,2521,18,156,RGNN,4,1.0,0.0,0.28846153846153844,0.358974358974359,1.0,0.45,0.5754982411882491,0.5998552284676595
925,Nashville,Median Age,zip,5,2521,18,156,RGNN,5,1.0,0.2,0.2564102564102564,0.358974358974359,1.0,0.5,0.5764658107053071,0.5998552284676595
926,Nashville,Median Age,zip,5,2521,18,156,RGNN,6,1.0,0.2,0.2948717948717949,0.358974358974359,1.0,0.55,0.5993311607703425,0.5998552284676595
927,Nashville,Median Age,zip,5,2521,18,156,RGNN,7,1.0,0.2,0.3525641025641026,0.358974358974359,1.0,0.75,0.6160278624542984,0.5998552284676595
928,Nashville,Median Age,zip,5,2521,18,156,RGNN,8,1.0,0.4,0.3076923076923077,0.358974358974359,1.0,0.55,0.5689354800865423,0.5998552284676595
929,Nashville,Median Age,zip,5,2521,18,156,RGNN,9,1.0,0.0,0.3076923076923077,0.358974358974359,1.0,0.6,0.6020426082411919,0.5998552284676595
930,Nashville,Median Age,zip,5,2521,18,156,Feat-RGNN,0,1.0,0.2,0.3333333333333333,0.358974358974359,1.0,0.6,0.6162163716517768,0.5998552284676595
931,Nashville,Median Age,zip,5,2521,18,156,Feat-RGNN,1,1.0,0.2,0.3525641025641026,0.358974358974359,1.0,0.55,0.635819676666254,0.5998552284676595
932,Nashville,Median Age,zip,5,2521,18,156,Feat-RGNN,2,1.0,0.2,0.3141025641025641,0.358974358974359,1.0,0.6,0.6261050470233791,0.5998552284676595
933,Nashville,Median Age,zip,5,2521,18,156,Feat-RGNN,3,1.0,0.2,0.3141025641025641,0.358974358974359,1.0,0.45,0.5755768524857432,0.5998552284676595
934,Nashville,Median Age,zip,5,2521,18,156,Feat-RGNN,4,1.0,0.2,0.27564102564102566,0.358974358974359,1.0,0.55,0.5833354579854972,0.5998552284676595
935,Nashville,Median Age,zip,5,2521,18,156,Feat-RGNN,5,1.0,0.4,0.3269230769230769,0.358974358974359,1.0,0.8,0.6171111203451092,0.5998552284676595
936,Nashville,Median Age,zip,5,2521,18,156,Feat-RGNN,6,1.0,0.4,0.3141025641025641,0.358974358974359,1.0,0.65,0.5928121458865754,0.5998552284676595
937,Nashville,Median Age,zip,5,2521,18,156,Feat-RGNN,7,1.0,0.4,0.3333333333333333,0.358974358974359,1.0,0.8,0.6306367493450106,0.5998552284676595
938,Nashville,Median Age,zip,5,2521,18,156,Feat-RGNN,8,1.0,0.0,0.3076923076923077,0.358974358974359,1.0,0.6,0.5934690566827466,0.5998552284676595
939,Nashville,Median Age,zip,5,2521,18,156,Feat-RGNN,9,1.0,0.0,0.33974358974358976,0.358974358974359,1.0,0.65,0.6062945359329309,0.5998552284676595
940,Nashville,Median Age,zip,5,2521,18,156,Feat\&PC-RGNN,0,1.0,0.2,0.30128205128205127,0.358974358974359,1.0,0.55,0.620581414913437,0.5998552284676595
941,Nashville,Median Age,zip,5,2521,18,156,Feat\&PC-RGNN,1,1.0,0.2,0.3525641025641026,0.358974358974359,1.0,0.7,0.623405654612893,0.5998552284676595
942,Nashville,Median Age,zip,5,2521,18,156,Feat\&PC-RGNN,2,1.0,0.2,0.3141025641025641,0.358974358974359,1.0,0.5,0.6157209882345995,0.5998552284676595
943,Nashville,Median Age,zip,5,2521,18,156,Feat\&PC-RGNN,3,1.0,0.0,0.32051282051282054,0.358974358974359,1.0,0.35,0.6053686442182116,0.5998552284676595
944,Nashville,Median Age,zip,5,2521,18,156,Feat\&PC-RGNN,4,1.0,0.6,0.30128205128205127,0.358974358974359,1.0,0.65,0.5816493361171566,0.5998552284676595
945,Nashville,Median Age,zip,5,2521,18,156,Feat\&PC-RGNN,5,1.0,0.2,0.28205128205128205,0.358974358974359,1.0,0.65,0.6177269328101743,0.5998552284676595
946,Nashville,Median Age,zip,5,2521,18,156,Feat\&PC-RGNN,6,1.0,0.2,0.34615384615384615,0.358974358974359,1.0,0.35,0.6175990249049257,0.5998552284676595
947,Nashville,Median Age,zip,5,2521,18,156,Feat\&PC-RGNN,7,1.0,0.2,0.3141025641025641,0.358974358974359,1.0,0.5,0.5893325988520324,0.5998552284676595
948,Nashville,Median Age,zip,5,2521,18,156,Feat\&PC-RGNN,8,1.0,0.2,0.33974358974358976,0.358974358974359,1.0,0.5,0.5828354095826952,0.5998552284676595
949,Nashville,Median Age,zip,5,2521,18,156,Feat\&PC-RGNN,9,1.0,0.0,0.34615384615384615,0.358974358974359,1.0,0.45,0.6139613717634175,0.5998552284676595
950,Nashville,Median Age,zip,5,2521,18,156,NoPreTrain,0,1.0,0.2,0.28205128205128205,0.358974358974359,1.0,0.6,0.5772986312868296,0.5998552284676595
951,Nashville,Median Age,zip,5,2521,18,156,NoPreTrain,1,1.0,0.2,0.28205128205128205,0.358974358974359,1.0,0.65,0.5669114679067472,0.5998552284676595
952,Nashville,Median Age,zip,5,2521,18,156,NoPreTrain,2,1.0,0.0,0.2692307692307692,0.358974358974359,1.0,0.55,0.550383028895224,0.5998552284676595
953,Nashville,Median Age,zip,5,2521,18,156,NoPreTrain,3,1.0,0.2,0.30128205128205127,0.358974358974359,1.0,0.2,0.5741432138628049,0.5998552284676595
954,Nashville,Median Age,zip,5,2521,18,156,NoPreTrain,4,1.0,0.0,0.26282051282051283,0.358974358974359,1.0,0.2,0.5912738075748305,0.5998552284676595
955,Nashville,Median Age,zip,5,2521,18,156,NoPreTrain,5,1.0,0.4,0.25,0.358974358974359,1.0,0.55,0.5555554627614423,0.5998552284676595
956,Nashville,Median Age,zip,5,2521,18,156,NoPreTrain,6,1.0,0.2,0.3076923076923077,0.358974358974359,1.0,0.55,0.6034943750191587,0.5998552284676595
957,Nashville,Median Age,zip,5,2521,18,156,NoPreTrain,7,1.0,0.2,0.28205128205128205,0.358974358974359,1.0,0.5,0.5813963117745966,0.5998552284676595
958,Nashville,Median Age,zip,5,2521,18,156,NoPreTrain,8,1.0,0.0,0.30128205128205127,0.358974358974359,1.0,0.5,0.584534829695176,0.5998552284676595
959,Nashville,Median Age,zip,5,2521,18,156,NoPreTrain,9,1.0,0.4,0.30128205128205127,0.358974358974359,1.0,0.55,0.5829536952833569,0.5998552284676595
960,Tampa,Median Income,zip,5,8411,99,633,Emb,0,1.0,0.34782608695652173,0.320695102685624,0.40916271721958924,1.0,0.5515204678362573,0.5975407253038728,0.6306241549717176
961,Tampa,Median Income,zip,5,8411,99,633,Emb,1,1.0,0.34782608695652173,0.33649289099526064,0.40916271721958924,1.0,0.6176608187134504,0.6167855737536826,0.6306241549717176
962,Tampa,Median Income,zip,5,8411,99,633,Emb,2,1.0,0.30434782608695654,0.3333333333333333,0.40916271721958924,1.0,0.6749707602339182,0.6126833032213171,0.6306241549717176
963,Tampa,Median Income,zip,5,8411,99,633,Emb,3,1.0,0.2608695652173913,0.3175355450236967,0.40916271721958924,1.0,0.6426900584795321,0.6176441396229141,0.6306241549717176
964,Tampa,Median Income,zip,5,8411,99,633,Emb,4,1.0,0.30434782608695654,0.3080568720379147,0.40916271721958924,1.0,0.6773684210526316,0.6052740076651804,0.6306241549717176
965,Tampa,Median Income,zip,5,8411,99,633,Emb,5,1.0,0.43478260869565216,0.3175355450236967,0.40916271721958924,1.0,0.682046783625731,0.5984340313850756,0.6306241549717176
966,Tampa,Median Income,zip,5,8411,99,633,Emb,6,1.0,0.391304347826087,0.2859399684044234,0.40916271721958924,1.0,0.6700584795321638,0.5775948916509315,0.6306241549717176
967,Tampa,Median Income,zip,5,8411,99,633,Emb,7,1.0,0.21739130434782608,0.3080568720379147,0.40916271721958924,1.0,0.5175438596491228,0.5972075038846165,0.6306241549717176
968,Tampa,Median Income,zip,5,8411,99,633,Emb,8,1.0,0.21739130434782608,0.330173775671406,0.40916271721958924,1.0,0.6133333333333333,0.6314868894715101,0.6306241549717176
969,Tampa,Median Income,zip,5,8411,99,633,Emb,9,1.0,0.34782608695652173,0.3380726698262243,0.40916271721958924,1.0,0.6846198830409358,0.6064078470182808,0.6306241549717176
970,Tampa,Median Income,zip,5,8411,99,633,LightGCN,0,1.0,0.34782608695652173,0.3380726698262243,0.40916271721958924,1.0,0.6665497076023392,0.6498899097627142,0.6306241549717176
971,Tampa,Median Income,zip,5,8411,99,633,LightGCN,1,1.0,0.5652173913043478,0.353870458135861,0.40916271721958924,1.0,0.8176023391812866,0.6390262974559712,0.6306241549717176
972,Tampa,Median Income,zip,5,8411,99,633,LightGCN,2,1.0,0.4782608695652174,0.36018957345971564,0.40916271721958924,1.0,0.7984795321637427,0.6624174719426609,0.6306241549717176
973,Tampa,Median Income,zip,5,8411,99,633,LightGCN,3,1.0,0.34782608695652173,0.36334913112164297,0.40916271721958924,1.0,0.7237426900584795,0.6637955701974875,0.6306241549717176
974,Tampa,Median Income,zip,5,8411,99,633,LightGCN,4,1.0,0.43478260869565216,0.3380726698262243,0.40916271721958924,1.0,0.6917543859649122,0.6326490764380844,0.6306241549717176
975,Tampa,Median Income,zip,5,8411,99,633,LightGCN,5,1.0,0.4782608695652174,0.3412322274881517,0.40916271721958924,1.0,0.7730409356725146,0.6603578854862662,0.6306241549717176
976,Tampa,Median Income,zip,5,8411,99,633,LightGCN,6,1.0,0.43478260869565216,0.334913112164297,0.40916271721958924,1.0,0.7235672514619884,0.6240479019045369,0.6306241549717176
977,Tampa,Median Income,zip,5,8411,99,633,LightGCN,7,1.0,0.4782608695652174,0.330173775671406,0.40916271721958924,1.0,0.7699415204678363,0.6509216720129738,0.6306241549717176
978,Tampa,Median Income,zip,5,8411,99,633,LightGCN,8,1.0,0.2608695652173913,0.3412322274881517,0.40916271721958924,1.0,0.6100584795321639,0.6566857333441485,0.6306241549717176
979,Tampa,Median Income,zip,5,8411,99,633,LightGCN,9,1.0,0.391304347826087,0.3412322274881517,0.40916271721958924,1.0,0.7035087719298245,0.6477909202595163,0.6306241549717176
980,Tampa,Median Income,zip,5,8411,99,633,Feat-LightGCN,0,1.0,0.34782608695652173,0.3522906793048973,0.40916271721958924,1.0,0.676140350877193,0.6597382363966515,0.6306241549717176
981,Tampa,Median Income,zip,5,8411,99,633,Feat-LightGCN,1,1.0,0.43478260869565216,0.34281200631911535,0.40916271721958924,1.0,0.8287134502923976,0.6474372210790194,0.6306241549717176
982,Tampa,Median Income,zip,5,8411,99,633,Feat-LightGCN,2,1.0,0.5652173913043478,0.3412322274881517,0.40916271721958924,1.0,0.8259649122807018,0.6773360619079944,0.6306241549717176
983,Tampa,Median Income,zip,5,8411,99,633,Feat-LightGCN,3,1.0,0.5217391304347826,0.3522906793048973,0.40916271721958924,1.0,0.7864912280701754,0.6681977240663676,0.6306241549717176
984,Tampa,Median Income,zip,5,8411,99,633,Feat-LightGCN,4,1.0,0.391304347826087,0.34281200631911535,0.40916271721958924,1.0,0.7173684210526317,0.6586658078678724,0.6306241549717176
985,Tampa,Median Income,zip,5,8411,99,633,Feat-LightGCN,5,1.0,0.43478260869565216,0.3570300157977883,0.40916271721958924,1.0,0.7810526315789474,0.6720537772469408,0.6306241549717176
986,Tampa,Median Income,zip,5,8411,99,633,Feat-LightGCN,6,1.0,0.30434782608695654,0.34281200631911535,0.40916271721958924,1.0,0.7164327485380116,0.6512469420245998,0.6306241549717176
987,Tampa,Median Income,zip,5,8411,99,633,Feat-LightGCN,7,1.0,0.43478260869565216,0.34913112164297,0.40916271721958924,1.0,0.7423976608187134,0.662515312744423,0.6306241549717176
988,Tampa,Median Income,zip,5,8411,99,633,Feat-LightGCN,8,1.0,0.2608695652173913,0.3459715639810427,0.40916271721958924,1.0,0.6939766081871345,0.6622317875497767,0.6306241549717176
989,Tampa,Median Income,zip,5,8411,99,633,Feat-LightGCN,9,1.0,0.391304347826087,0.3459715639810427,0.40916271721958924,1.0,0.6769590643274854,0.6700603823493771,0.6306241549717176
990,Tampa,Median Income,zip,5,8411,99,633,Feat\&PC-LightGCN,0,1.0,0.21739130434782608,0.358609794628752,0.40916271721958924,1.0,0.4912280701754385,0.6563179160669483,0.6306241549717176
991,Tampa,Median Income,zip,5,8411,99,633,Feat\&PC-LightGCN,1,1.0,0.2608695652173913,0.36808846761453395,0.40916271721958924,1.0,0.6709356725146199,0.6414282868421335,0.6306241549717176
992,Tampa,Median Income,zip,5,8411,99,633,Feat\&PC-LightGCN,2,1.0,0.34782608695652173,0.3933649289099526,0.40916271721958924,1.0,0.6054385964912281,0.6612112422846366,0.6306241549717176
993,Tampa,Median Income,zip,5,8411,99,633,Feat\&PC-LightGCN,3,1.0,0.4782608695652174,0.3886255924170616,0.40916271721958924,1.0,0.74,0.6701515493472937,0.6306241549717176
994,Tampa,Median Income,zip,5,8411,99,633,Feat\&PC-LightGCN,4,1.0,0.30434782608695654,0.3807266982622433,0.40916271721958924,1.0,0.6167251461988305,0.6450320936613829,0.6306241549717176
995,Tampa,Median Income,zip,5,8411,99,633,Feat\&PC-LightGCN,5,1.0,0.30434782608695654,0.3981042654028436,0.40916271721958924,1.0,0.6099415204678362,0.6514095244140277,0.6306241549717176
996,Tampa,Median Income,zip,5,8411,99,633,Feat\&PC-LightGCN,6,1.0,0.21739130434782608,0.353870458135861,0.40916271721958924,1.0,0.5341228070175439,0.6085695176417532,0.6306241549717176
997,Tampa,Median Income,zip,5,8411,99,633,Feat\&PC-LightGCN,7,1.0,0.17391304347826086,0.3744075829383886,0.40916271721958924,1.0,0.5615789473684212,0.6522319650423829,0.6306241549717176
998,Tampa,Median Income,zip,5,8411,99,633,Feat\&PC-LightGCN,8,1.0,0.21739130434782608,0.3712480252764613,0.40916271721958924,1.0,0.5799415204678363,0.6757121464782172,0.6306241549717176
999,Tampa,Median Income,zip,5,8411,99,633,Feat\&PC-LightGCN,9,1.0,0.2608695652173913,0.39178515007898895,0.40916271721958924,1.0,0.5592982456140352,0.656199165708554,0.6306241549717176
1000,Tampa,Median Income,zip,5,8411,99,633,RGNN,0,1.0,0.391304347826087,0.2859399684044234,0.40916271721958924,1.0,0.649298245614035,0.6084646801761594,0.6306241549717176
1001,Tampa,Median Income,zip,5,8411,99,633,RGNN,1,1.0,0.4782608695652174,0.3222748815165877,0.40916271721958924,1.0,0.7628070175438596,0.6064341202307653,0.6306241549717176
1002,Tampa,Median Income,zip,5,8411,99,633,RGNN,2,1.0,0.43478260869565216,0.3048973143759874,0.40916271721958924,1.0,0.6322807017543861,0.6112528858637936,0.6306241549717176
1003,Tampa,Median Income,zip,5,8411,99,633,RGNN,3,1.0,0.391304347826087,0.30963665086887837,0.40916271721958924,1.0,0.6937426900584794,0.604325621192869,0.6306241549717176
1004,Tampa,Median Income,zip,5,8411,99,633,RGNN,4,1.0,0.43478260869565216,0.3033175355450237,0.40916271721958924,1.0,0.6621052631578948,0.6177519042159709,0.6306241549717176
1005,Tampa,Median Income,zip,5,8411,99,633,RGNN,5,1.0,0.4782608695652174,0.320695102685624,0.40916271721958924,1.0,0.7299415204678362,0.6173401574212678,0.6306241549717176
1006,Tampa,Median Income,zip,5,8411,99,633,RGNN,6,1.0,0.30434782608695654,0.30963665086887837,0.40916271721958924,1.0,0.6994152046783626,0.5973359127600298,0.6306241549717176
1007,Tampa,Median Income,zip,5,8411,99,633,RGNN,7,1.0,0.391304347826087,0.31121642969984203,0.40916271721958924,1.0,0.6730994152046784,0.5886337994888808,0.6306241549717176
1008,Tampa,Median Income,zip,5,8411,99,633,RGNN,8,1.0,0.30434782608695654,0.32701421800947866,0.40916271721958924,1.0,0.6476608187134503,0.6145620597309956,0.6306241549717176
1009,Tampa,Median Income,zip,5,8411,99,633,RGNN,9,1.0,0.34782608695652173,0.33175355450236965,0.40916271721958924,1.0,0.6755555555555556,0.6065887713334583,0.6306241549717176
1010,Tampa,Median Income,zip,5,8411,99,633,Feat-RGNN,0,1.0,0.13043478260869565,0.3033175355450237,0.40916271721958924,1.0,0.5799415204678363,0.62701040545825,0.6306241549717176
1011,Tampa,Median Income,zip,5,8411,99,633,Feat-RGNN,1,0.5789473684210527,0.391304347826087,0.28278041074249605,0.40916271721958924,0.9360793755790017,0.6859649122807018,0.6087733993140467,0.6306241549717176
1012,Tampa,Median Income,zip,5,8411,99,633,Feat-RGNN,2,0.47368421052631576,0.30434782608695654,0.28278041074249605,0.40916271721958924,0.893451374350224,0.7183625730994152,0.6317225018934127,0.6306241549717176
1013,Tampa,Median Income,zip,5,8411,99,633,Feat-RGNN,3,1.0,0.30434782608695654,0.32701421800947866,0.40916271721958924,1.0,0.6599415204678363,0.6373921616831052,0.6306241549717176
1014,Tampa,Median Income,zip,5,8411,99,633,Feat-RGNN,4,1.0,0.391304347826087,0.3127962085308057,0.40916271721958924,1.0,0.639298245614035,0.6335749282382417,0.6306241549717176
1015,Tampa,Median Income,zip,5,8411,99,633,Feat-RGNN,5,1.0,0.391304347826087,0.344391785150079,0.40916271721958924,1.0,0.73046783625731,0.6442152367520393,0.6306241549717176
1016,Tampa,Median Income,zip,5,8411,99,633,Feat-RGNN,6,1.0,0.30434782608695654,0.3080568720379147,0.40916271721958924,1.0,0.7039766081871345,0.622345232851382,0.6306241549717176
1017,Tampa,Median Income,zip,5,8411,99,633,Feat-RGNN,7,1.0,0.2608695652173913,0.30173775671406006,0.40916271721958924,1.0,0.5700584795321637,0.6240440439055244,0.6306241549717176
1018,Tampa,Median Income,zip,5,8411,99,633,Feat-RGNN,8,0.9868421052631579,0.30434782608695654,0.3285939968404423,0.40916271721958924,1.0,0.6395321637426901,0.6525505353804408,0.6306241549717176
1019,Tampa,Median Income,zip,5,8411,99,633,Feat-RGNN,9,1.0,0.34782608695652173,0.3127962085308057,0.40916271721958924,1.0,0.7602923976608187,0.6283806510098876,0.6306241549717176
1020,Tampa,Median Income,zip,5,8411,99,633,Feat\&PC-RGNN,0,1.0,0.13043478260869565,0.3285939968404423,0.40916271721958924,1.0,0.5239766081871344,0.6187834032381473,0.6306241549717176
1021,Tampa,Median Income,zip,5,8411,99,633,Feat\&PC-RGNN,1,1.0,0.30434782608695654,0.31437598736176936,0.40916271721958924,1.0,0.5866081871345029,0.6031715951738074,0.6306241549717176
1022,Tampa,Median Income,zip,5,8411,99,633,Feat\&PC-RGNN,2,1.0,0.391304347826087,0.3222748815165877,0.40916271721958924,1.0,0.7069005847953217,0.6432090543472315,0.6306241549717176
1023,Tampa,Median Income,zip,5,8411,99,633,Feat\&PC-RGNN,3,1.0,0.391304347826087,0.30963665086887837,0.40916271721958924,1.0,0.6517543859649122,0.6235762805378059,0.6306241549717176
1024,Tampa,Median Income,zip,5,8411,99,633,Feat\&PC-RGNN,4,1.0,0.2608695652173913,0.33175355450236965,0.40916271721958924,1.0,0.5633333333333332,0.6315586574415216,0.6306241549717176
1025,Tampa,Median Income,zip,5,8411,99,633,Feat\&PC-RGNN,5,1.0,0.2608695652173913,0.3222748815165877,0.40916271721958924,1.0,0.6444444444444446,0.6286184066725504,0.6306241549717176
1026,Tampa,Median Income,zip,5,8411,99,633,Feat\&PC-RGNN,6,0.9736842105263158,0.391304347826087,0.33175355450236965,0.40916271721958924,0.9995312500000001,0.6084210526315789,0.6195383625728871,0.6306241549717176
1027,Tampa,Median Income,zip,5,8411,99,633,Feat\&PC-RGNN,7,1.0,0.34782608695652173,0.325434439178515,0.40916271721958924,1.0,0.6644444444444445,0.6284989930066696,0.6306241549717176
1028,Tampa,Median Income,zip,5,8411,99,633,Feat\&PC-RGNN,8,1.0,0.21739130434782608,0.34755134281200634,0.40916271721958924,1.0,0.5465497076023391,0.6328975060165642,0.6306241549717176
1029,Tampa,Median Income,zip,5,8411,99,633,Feat\&PC-RGNN,9,1.0,0.30434782608695654,0.330173775671406,0.40916271721958924,1.0,0.6464912280701756,0.6090200024218932,0.6306241549717176
1030,Tampa,Median Income,zip,5,8411,99,633,NoPreTrain,0,1.0,0.17391304347826086,0.24960505529225907,0.40916271721958924,1.0,0.4311111111111111,0.562268788268841,0.6306241549717176
1031,Tampa,Median Income,zip,5,8411,99,633,NoPreTrain,1,1.0,0.2608695652173913,0.2638230647709321,0.40916271721958924,1.0,0.47105263157894744,0.5726569080070252,0.6306241549717176
1032,Tampa,Median Income,zip,5,8411,99,633,NoPreTrain,2,1.0,0.13043478260869565,0.2575039494470774,0.40916271721958924,1.0,0.4553216374269007,0.5531848729673501,0.6306241549717176
1033,Tampa,Median Income,zip,5,8411,99,633,NoPreTrain,3,1.0,0.2608695652173913,0.27014218009478674,0.40916271721958924,1.0,0.49678362573099416,0.5711925035826229,0.6306241549717176
1034,Tampa,Median Income,zip,5,8411,99,633,NoPreTrain,4,1.0,0.17391304347826086,0.2575039494470774,0.40916271721958924,1.0,0.4159064327485381,0.5540002068272155,0.6306241549717176
1035,Tampa,Median Income,zip,5,8411,99,633,NoPreTrain,5,1.0,0.0,0.27488151658767773,0.40916271721958924,1.0,0.3319298245614035,0.5689029792840395,0.6306241549717176
1036,Tampa,Median Income,zip,5,8411,99,633,NoPreTrain,6,1.0,0.2608695652173913,0.26224328593996843,0.40916271721958924,1.0,0.5436842105263158,0.576196358215161,0.6306241549717176
1037,Tampa,Median Income,zip,5,8411,99,633,NoPreTrain,7,1.0,0.21739130434782608,0.2480252764612954,0.40916271721958924,1.0,0.4974269005847953,0.5413926247228856,0.6306241549717176
1038,Tampa,Median Income,zip,5,8411,99,633,NoPreTrain,8,1.0,0.17391304347826086,0.2527646129541864,0.40916271721958924,1.0,0.5536842105263158,0.5465059038979984,0.6306241549717176
1039,Tampa,Median Income,zip,5,8411,99,633,NoPreTrain,9,1.0,0.08695652173913043,0.27804107424960506,0.40916271721958924,1.0,0.3495321637426901,0.551044024352691,0.6306241549717176
1040,Tampa,Median Home Value,zip,5,8064,98,612,Emb,0,1.0,0.45454545454545453,0.3937908496732026,0.4624183006535948,1.0,0.7500980392156862,0.6641516132581232,0.6637268014208282
1041,Tampa,Median Home Value,zip,5,8064,98,612,Emb,1,1.0,0.36363636363636365,0.3741830065359477,0.4624183006535948,1.0,0.6606862745098039,0.6497595361643886,0.6637268014208282
1042,Tampa,Median Home Value,zip,5,8064,98,612,Emb,2,1.0,0.2727272727272727,0.3790849673202614,0.4624183006535948,1.0,0.6180065359477125,0.6649547538217994,0.6637268014208282
1043,Tampa,Median Home Value,zip,5,8064,98,612,Emb,3,1.0,0.18181818181818182,0.3627450980392157,0.4624183006535948,1.0,0.5249673202614379,0.6435688950773627,0.6637268014208282
1044,Tampa,Median Home Value,zip,5,8064,98,612,Emb,4,1.0,0.45454545454545453,0.38235294117647056,0.4624183006535948,1.0,0.7521895424836601,0.6547098341637984,0.6637268014208282
1045,Tampa,Median Home Value,zip,5,8064,98,612,Emb,5,1.0,0.45454545454545453,0.35947712418300654,0.4624183006535948,1.0,0.7109150326797385,0.6529146519264669,0.6637268014208282
1046,Tampa,Median Home Value,zip,5,8064,98,612,Emb,6,1.0,0.4090909090909091,0.369281045751634,0.4624183006535948,1.0,0.6049346405228759,0.6343950179481925,0.6637268014208282
1047,Tampa,Median Home Value,zip,5,8064,98,612,Emb,7,1.0,0.22727272727272727,0.35130718954248363,0.4624183006535948,1.0,0.5901960784313725,0.6586675085262697,0.6637268014208282
1048,Tampa,Median Home Value,zip,5,8064,98,612,Emb,8,1.0,0.36363636363636365,0.4150326797385621,0.4624183006535948,1.0,0.6247385620915034,0.6723742464952168,0.6637268014208282
1049,Tampa,Median Home Value,zip,5,8064,98,612,Emb,9,1.0,0.2727272727272727,0.3464052287581699,0.4624183006535948,1.0,0.6049019607843138,0.64876512294516,0.6637268014208282
1050,Tampa,Median Home Value,zip,5,8064,98,612,LightGCN,0,1.0,0.5,0.39215686274509803,0.4624183006535948,1.0,0.7911437908496731,0.6871781705358284,0.6637268014208282
1051,Tampa,Median Home Value,zip,5,8064,98,612,LightGCN,1,1.0,0.36363636363636365,0.3937908496732026,0.4624183006535948,1.0,0.6989869281045752,0.6799869948101891,0.6637268014208282
1052,Tampa,Median Home Value,zip,5,8064,98,612,LightGCN,2,1.0,0.5,0.4117647058823529,0.4624183006535948,1.0,0.7819607843137255,0.7058352236084824,0.6637268014208282
1053,Tampa,Median Home Value,zip,5,8064,98,612,LightGCN,3,1.0,0.4090909090909091,0.4166666666666667,0.4624183006535948,1.0,0.7172222222222222,0.7067848615878274,0.6637268014208282
1054,Tampa,Median Home Value,zip,5,8064,98,612,LightGCN,4,1.0,0.18181818181818182,0.39869281045751637,0.4624183006535948,1.0,0.5664379084967321,0.6905710937666306,0.6637268014208282
1055,Tampa,Median Home Value,zip,5,8064,98,612,LightGCN,5,1.0,0.36363636363636365,0.4297385620915033,0.4624183006535948,1.0,0.7291176470588235,0.7081773957918188,0.6637268014208282
1056,Tampa,Median Home Value,zip,5,8064,98,612,LightGCN,6,1.0,0.4090909090909091,0.3937908496732026,0.4624183006535948,1.0,0.744967320261438,0.697617841140327,0.6637268014208282
1057,Tampa,Median Home Value,zip,5,8064,98,612,LightGCN,7,1.0,0.2727272727272727,0.40522875816993464,0.4624183006535948,1.0,0.7265686274509805,0.6894447749884647,0.6637268014208282
1058,Tampa,Median Home Value,zip,5,8064,98,612,LightGCN,8,1.0,0.22727272727272727,0.4117647058823529,0.4624183006535948,1.0,0.5856862745098039,0.709022710991282,0.6637268014208282
1059,Tampa,Median Home Value,zip,5,8064,98,612,LightGCN,9,1.0,0.36363636363636365,0.369281045751634,0.4624183006535948,1.0,0.7643790849673203,0.6765815308755398,0.6637268014208282
1060,Tampa,Median Home Value,zip,5,8064,98,612,Feat-LightGCN,0,1.0,0.5,0.3937908496732026,0.4624183006535948,1.0,0.8172222222222223,0.710560493079454,0.6637268014208282
1061,Tampa,Median Home Value,zip,5,8064,98,612,Feat-LightGCN,1,1.0,0.5,0.39869281045751637,0.4624183006535948,1.0,0.769281045751634,0.7005707147465291,0.6637268014208282
1062,Tampa,Median Home Value,zip,5,8064,98,612,Feat-LightGCN,2,1.0,0.5454545454545454,0.4084967320261438,0.4624183006535948,1.0,0.7706209150326797,0.702251117943819,0.6637268014208282
1063,Tampa,Median Home Value,zip,5,8064,98,612,Feat-LightGCN,3,1.0,0.5,0.4215686274509804,0.4624183006535948,1.0,0.7853594771241831,0.7168701537650732,0.6637268014208282
1064,Tampa,Median Home Value,zip,5,8064,98,612,Feat-LightGCN,4,1.0,0.3181818181818182,0.4019607843137255,0.4624183006535948,1.0,0.6842156862745098,0.6926106476291556,0.6637268014208282
1065,Tampa,Median Home Value,zip,5,8064,98,612,Feat-LightGCN,5,1.0,0.36363636363636365,0.4035947712418301,0.4624183006535948,1.0,0.7648039215686275,0.6974749114863744,0.6637268014208282
1066,Tampa,Median Home Value,zip,5,8064,98,612,Feat-LightGCN,6,1.0,0.3181818181818182,0.4133986928104575,0.4624183006535948,1.0,0.6985620915032679,0.7171463211941271,0.6637268014208282
1067,Tampa,Median Home Value,zip,5,8064,98,612,Feat-LightGCN,7,1.0,0.3181818181818182,0.4019607843137255,0.4624183006535948,1.0,0.7105555555555556,0.7052213761630275,0.6637268014208282
1068,Tampa,Median Home Value,zip,5,8064,98,612,Feat-LightGCN,8,1.0,0.4090909090909091,0.4297385620915033,0.4624183006535948,1.0,0.7462418300653594,0.7256616321516689,0.6637268014208282
1069,Tampa,Median Home Value,zip,5,8064,98,612,Feat-LightGCN,9,1.0,0.4090909090909091,0.3872549019607843,0.4624183006535948,1.0,0.7739869281045751,0.6927286315973173,0.6637268014208282
1070,Tampa,Median Home Value,zip,5,8064,98,612,Feat\&PC-LightGCN,0,1.0,0.4090909090909091,0.4150326797385621,0.4624183006535948,1.0,0.7026797385620915,0.671259554745496,0.6637268014208282
1071,Tampa,Median Home Value,zip,5,8064,98,612,Feat\&PC-LightGCN,1,1.0,0.2727272727272727,0.3839869281045752,0.4624183006535948,1.0,0.6098366013071896,0.6697057763570142,0.6637268014208282
1072,Tampa,Median Home Value,zip,5,8064,98,612,Feat\&PC-LightGCN,2,1.0,0.45454545454545453,0.41830065359477125,0.4624183006535948,1.0,0.6832679738562091,0.6867218114493139,0.6637268014208282
1073,Tampa,Median Home Value,zip,5,8064,98,612,Feat\&PC-LightGCN,3,1.0,0.2727272727272727,0.3937908496732026,0.4624183006535948,1.0,0.6387581699346405,0.6680212221275673,0.6637268014208282
1074,Tampa,Median Home Value,zip,5,8064,98,612,Feat\&PC-LightGCN,4,1.0,0.45454545454545453,0.4068627450980392,0.4624183006535948,1.0,0.6210784313725491,0.659026543438521,0.6637268014208282
1075,Tampa,Median Home Value,zip,5,8064,98,612,Feat\&PC-LightGCN,5,1.0,0.36363636363636365,0.42483660130718953,0.4624183006535948,1.0,0.6408496732026144,0.6725743540904242,0.6637268014208282
1076,Tampa,Median Home Value,zip,5,8064,98,612,Feat\&PC-LightGCN,6,1.0,0.36363636363636365,0.4199346405228758,0.4624183006535948,1.0,0.6783333333333333,0.6895521440019626,0.6637268014208282
1077,Tampa,Median Home Value,zip,5,8064,98,612,Feat\&PC-LightGCN,7,1.0,0.2727272727272727,0.42810457516339867,0.4624183006535948,1.0,0.5829411764705883,0.6632566980163682,0.6637268014208282
1078,Tampa,Median Home Value,zip,5,8064,98,612,Feat\&PC-LightGCN,8,1.0,0.2727272727272727,0.42483660130718953,0.4624183006535948,1.0,0.606045751633987,0.686613698412793,0.6637268014208282
1079,Tampa,Median Home Value,zip,5,8064,98,612,Feat\&PC-LightGCN,9,1.0,0.5909090909090909,0.4395424836601307,0.4624183006535948,1.0,0.8125163398692811,0.6895370103422815,0.6637268014208282
1080,Tampa,Median Home Value,zip,5,8064,98,612,RGNN,0,1.0,0.5454545454545454,0.39705882352941174,0.4624183006535948,1.0,0.8065359477124183,0.6895218952609264,0.6637268014208282
1081,Tampa,Median Home Value,zip,5,8064,98,612,RGNN,1,1.0,0.45454545454545453,0.3872549019607843,0.4624183006535948,1.0,0.7222549019607842,0.6742330984637988,0.6637268014208282
1082,Tampa,Median Home Value,zip,5,8064,98,612,RGNN,2,1.0,0.4090909090909091,0.4068627450980392,0.4624183006535948,1.0,0.676764705882353,0.6687040196094121,0.6637268014208282
1083,Tampa,Median Home Value,zip,5,8064,98,612,RGNN,3,1.0,0.45454545454545453,0.42483660130718953,0.4624183006535948,1.0,0.7325816993464052,0.6951312560406329,0.6637268014208282
1084,Tampa,Median Home Value,zip,5,8064,98,612,RGNN,4,1.0,0.22727272727272727,0.4199346405228758,0.4624183006535948,1.0,0.7015359477124183,0.7027741749731116,0.6637268014208282
1085,Tampa,Median Home Value,zip,5,8064,98,612,RGNN,5,1.0,0.5,0.4166666666666667,0.4624183006535948,1.0,0.7321241830065358,0.690602444747516,0.6637268014208282
1086,Tampa,Median Home Value,zip,5,8064,98,612,RGNN,6,1.0,0.4090909090909091,0.3839869281045752,0.4624183006535948,1.0,0.673562091503268,0.6677654857676311,0.6637268014208282
1087,Tampa,Median Home Value,zip,5,8064,98,612,RGNN,7,1.0,0.3181818181818182,0.4035947712418301,0.4624183006535948,1.0,0.6421241830065361,0.6734259751853748,0.6637268014208282
1088,Tampa,Median Home Value,zip,5,8064,98,612,RGNN,8,1.0,0.3181818181818182,0.3839869281045752,0.4624183006535948,1.0,0.6619607843137255,0.6842553574399574,0.6637268014208282
1089,Tampa,Median Home Value,zip,5,8064,98,612,RGNN,9,1.0,0.45454545454545453,0.380718954248366,0.4624183006535948,1.0,0.7892156862745099,0.6606437330747765,0.6637268014208282
1090,Tampa,Median Home Value,zip,5,8064,98,612,Feat-RGNN,0,1.0,0.5454545454545454,0.39215686274509803,0.4624183006535948,1.0,0.8347058823529412,0.6853252406589915,0.6637268014208282
1091,Tampa,Median Home Value,zip,5,8064,98,612,Feat-RGNN,1,1.0,0.36363636363636365,0.3937908496732026,0.4624183006535948,1.0,0.6651960784313726,0.6819367995884156,0.6637268014208282
1092,Tampa,Median Home Value,zip,5,8064,98,612,Feat-RGNN,2,1.0,0.36363636363636365,0.3937908496732026,0.4624183006535948,1.0,0.687875816993464,0.6717987556448561,0.6637268014208282
1093,Tampa,Median Home Value,zip,5,8064,98,612,Feat-RGNN,3,1.0,0.22727272727272727,0.38562091503267976,0.4624183006535948,1.0,0.5884640522875817,0.6839266651894118,0.6637268014208282
1094,Tampa,Median Home Value,zip,5,8064,98,612,Feat-RGNN,4,1.0,0.3181818181818182,0.380718954248366,0.4624183006535948,1.0,0.6928104575163399,0.6834676410030842,0.6637268014208282
1095,Tampa,Median Home Value,zip,5,8064,98,612,Feat-RGNN,5,1.0,0.4090909090909091,0.3741830065359477,0.4624183006535948,1.0,0.6818300653594771,0.666730335229819,0.6637268014208282
1096,Tampa,Median Home Value,zip,5,8064,98,612,Feat-RGNN,6,1.0,0.3181818181818182,0.39869281045751637,0.4624183006535948,1.0,0.6376470588235295,0.6838902686633428,0.6637268014208282
1097,Tampa,Median Home Value,zip,5,8064,98,612,Feat-RGNN,7,1.0,0.3181818181818182,0.4035947712418301,0.4624183006535948,1.0,0.686143790849673,0.6821161929897157,0.6637268014208282
1098,Tampa,Median Home Value,zip,5,8064,98,612,Feat-RGNN,8,1.0,0.3181818181818182,0.3888888888888889,0.4624183006535948,1.0,0.5937581699346406,0.6876385602291226,0.6637268014208282
1099,Tampa,Median Home Value,zip,5,8064,98,612,Feat-RGNN,9,1.0,0.45454545454545453,0.36437908496732024,0.4624183006535948,1.0,0.7876797385620915,0.6673507433552601,0.6637268014208282
1100,Tampa,Median Home Value,zip,5,8064,98,612,Feat\&PC-RGNN,0,1.0,0.4090909090909091,0.37254901960784315,0.4624183006535948,1.0,0.7316993464052288,0.6783604854178413,0.6637268014208282
1101,Tampa,Median Home Value,zip,5,8064,98,612,Feat\&PC-RGNN,1,1.0,0.4090909090909091,0.37745098039215685,0.4624183006535948,1.0,0.7209803921568627,0.669187978356784,0.6637268014208282
1102,Tampa,Median Home Value,zip,5,8064,98,612,Feat\&PC-RGNN,2,1.0,0.36363636363636365,0.39215686274509803,0.4624183006535948,1.0,0.6817320261437908,0.6813496649390547,0.6637268014208282
1103,Tampa,Median Home Value,zip,5,8064,98,612,Feat\&PC-RGNN,3,1.0,0.5454545454545454,0.39052287581699346,0.4624183006535948,1.0,0.694281045751634,0.6809363788115793,0.6637268014208282
1104,Tampa,Median Home Value,zip,5,8064,98,612,Feat\&PC-RGNN,4,1.0,0.18181818181818182,0.3758169934640523,0.4624183006535948,1.0,0.5600326797385621,0.6517962052133643,0.6637268014208282
1105,Tampa,Median Home Value,zip,5,8064,98,612,Feat\&PC-RGNN,5,1.0,0.45454545454545453,0.4084967320261438,0.4624183006535948,1.0,0.6542483660130719,0.6838224876987147,0.6637268014208282
1106,Tampa,Median Home Value,zip,5,8064,98,612,Feat\&PC-RGNN,6,1.0,0.36363636363636365,0.38562091503267976,0.4624183006535948,1.0,0.6547385620915034,0.6635719489036181,0.6637268014208282
1107,Tampa,Median Home Value,zip,5,8064,98,612,Feat\&PC-RGNN,7,1.0,0.4090909090909091,0.35784313725490197,0.4624183006535948,1.0,0.7009477124183008,0.6602641945600626,0.6637268014208282
1108,Tampa,Median Home Value,zip,5,8064,98,612,Feat\&PC-RGNN,8,1.0,0.3181818181818182,0.3758169934640523,0.4624183006535948,1.0,0.5728104575163397,0.6808582709675892,0.6637268014208282
1109,Tampa,Median Home Value,zip,5,8064,98,612,Feat\&PC-RGNN,9,1.0,0.4090909090909091,0.36437908496732024,0.4624183006535948,1.0,0.7515359477124184,0.665272563066923,0.6637268014208282
1110,Tampa,Median Home Value,zip,5,8064,98,612,NoPreTrain,0,1.0,0.18181818181818182,0.2679738562091503,0.4624183006535948,1.0,0.46575163398692815,0.5727665646455133,0.6637268014208282
1111,Tampa,Median Home Value,zip,5,8064,98,612,NoPreTrain,1,1.0,0.18181818181818182,0.3104575163398693,0.4624183006535948,1.0,0.48117647058823526,0.5736094048670753,0.6637268014208282
1112,Tampa,Median Home Value,zip,5,8064,98,612,NoPreTrain,2,1.0,0.13636363636363635,0.31699346405228757,0.4624183006535948,1.0,0.5086928104575164,0.6099604479118721,0.6637268014208282
1113,Tampa,Median Home Value,zip,5,8064,98,612,NoPreTrain,3,1.0,0.09090909090909091,0.28921568627450983,0.4624183006535948,1.0,0.4625163398692811,0.5720576599431315,0.6637268014208282
1114,Tampa,Median Home Value,zip,5,8064,98,612,NoPreTrain,4,1.0,0.22727272727272727,0.3464052287581699,0.4624183006535948,1.0,0.5109150326797386,0.615827195379795,0.6637268014208282
1115,Tampa,Median Home Value,zip,5,8064,98,612,NoPreTrain,5,1.0,0.2727272727272727,0.32679738562091504,0.4624183006535948,1.0,0.6210130718954249,0.6148026011692342,0.6637268014208282
1116,Tampa,Median Home Value,zip,5,8064,98,612,NoPreTrain,6,1.0,0.09090909090909091,0.28921568627450983,0.4624183006535948,1.0,0.4317973856209151,0.5755942579911958,0.6637268014208282
1117,Tampa,Median Home Value,zip,5,8064,98,612,NoPreTrain,7,1.0,0.09090909090909091,0.315359477124183,0.4624183006535948,1.0,0.4926797385620915,0.6078608360503719,0.6637268014208282
1118,Tampa,Median Home Value,zip,5,8064,98,612,NoPreTrain,8,1.0,0.13636363636363635,0.3235294117647059,0.4624183006535948,1.0,0.51,0.6138790035785138,0.6637268014208282
1119,Tampa,Median Home Value,zip,5,8064,98,612,NoPreTrain,9,1.0,0.22727272727272727,0.29411764705882354,0.4624183006535948,1.0,0.4719607843137255,0.5763900469888698,0.6637268014208282
1120,Tampa,Median Age,zip,5,8603,99,646,Emb,0,1.0,0.22727272727272727,0.3219814241486068,0.38854489164086686,1.0,0.650718954248366,0.6299316470089285,0.6179362474230825
1121,Tampa,Median Age,zip,5,8603,99,646,Emb,1,1.0,0.45454545454545453,0.29721362229102166,0.38854489164086686,1.0,0.675326797385621,0.5995434885247343,0.6179362474230825
1122,Tampa,Median Age,zip,5,8603,99,646,Emb,2,1.0,0.2727272727272727,0.29256965944272445,0.38854489164086686,1.0,0.5786274509803921,0.6096038455672487,0.6179362474230825
1123,Tampa,Median Age,zip,5,8603,99,646,Emb,3,1.0,0.5,0.30495356037151705,0.38854489164086686,1.0,0.7458496732026145,0.6177630868644972,0.6179362474230825
1124,Tampa,Median Age,zip,5,8603,99,646,Emb,4,1.0,0.36363636363636365,0.3188854489164087,0.38854489164086686,1.0,0.6267320261437908,0.6211377525911832,0.6179362474230825
1125,Tampa,Median Age,zip,5,8603,99,646,Emb,5,1.0,0.36363636363636365,0.3173374613003096,0.38854489164086686,1.0,0.7327777777777778,0.609798331672514,0.6179362474230825
1126,Tampa,Median Age,zip,5,8603,99,646,Emb,6,1.0,0.36363636363636365,0.29566563467492263,0.38854489164086686,1.0,0.6892156862745098,0.6004124018489859,0.6179362474230825
1127,Tampa,Median Age,zip,5,8603,99,646,Emb,7,1.0,0.3181818181818182,0.3328173374613003,0.38854489164086686,1.0,0.6612091503267973,0.6294430737669302,0.6179362474230825
1128,Tampa,Median Age,zip,5,8603,99,646,Emb,8,1.0,0.4090909090909091,0.3188854489164087,0.38854489164086686,1.0,0.6530718954248366,0.6190712644877712,0.6179362474230825
1129,Tampa,Median Age,zip,5,8603,99,646,Emb,9,1.0,0.45454545454545453,0.3065015479876161,0.38854489164086686,1.0,0.692843137254902,0.6222160790950443,0.6179362474230825
1130,Tampa,Median Age,zip,5,8603,99,646,LightGCN,0,1.0,0.5909090909090909,0.33900928792569657,0.38854489164086686,1.0,0.8044117647058823,0.6379467961312173,0.6179362474230825
1131,Tampa,Median Age,zip,5,8603,99,646,LightGCN,1,1.0,0.36363636363636365,0.3544891640866873,0.38854489164086686,1.0,0.7511764705882353,0.6514343247124056,0.6179362474230825
1132,Tampa,Median Age,zip,5,8603,99,646,LightGCN,2,1.0,0.2727272727272727,0.33126934984520123,0.38854489164086686,1.0,0.6044771241830065,0.6261791066634481,0.6179362474230825
1133,Tampa,Median Age,zip,5,8603,99,646,LightGCN,3,1.0,0.45454545454545453,0.3235294117647059,0.38854489164086686,1.0,0.7529084967320261,0.6411144636880766,0.6179362474230825
1134,Tampa,Median Age,zip,5,8603,99,646,LightGCN,4,1.0,0.45454545454545453,0.32972136222910214,0.38854489164086686,1.0,0.7677777777777777,0.6348460049992715,0.6179362474230825
1135,Tampa,Median Age,zip,5,8603,99,646,LightGCN,5,1.0,0.36363636363636365,0.34210526315789475,0.38854489164086686,1.0,0.7631372549019607,0.6512416501125629,0.6179362474230825
1136,Tampa,Median Age,zip,5,8603,99,646,LightGCN,6,1.0,0.36363636363636365,0.34829721362229105,0.38854489164086686,1.0,0.6618300653594772,0.6303819547881143,0.6179362474230825
1137,Tampa,Median Age,zip,5,8603,99,646,LightGCN,7,1.0,0.5454545454545454,0.34674922600619196,0.38854489164086686,1.0,0.7134640522875817,0.6395196453289813,0.6179362474230825
1138,Tampa,Median Age,zip,5,8603,99,646,LightGCN,8,1.0,0.4090909090909091,0.34674922600619196,0.38854489164086686,1.0,0.7597058823529412,0.6457163031303654,0.6179362474230825
1139,Tampa,Median Age,zip,5,8603,99,646,LightGCN,9,1.0,0.45454545454545453,0.3328173374613003,0.38854489164086686,1.0,0.7740849673202614,0.6348136447542935,0.6179362474230825
1140,Tampa,Median Age,zip,5,8603,99,646,Feat-LightGCN,0,1.0,0.5454545454545454,0.33746130030959753,0.38854489164086686,1.0,0.7652941176470588,0.6383442438018555,0.6179362474230825
1141,Tampa,Median Age,zip,5,8603,99,646,Feat-LightGCN,1,1.0,0.5909090909090909,0.326625386996904,0.38854489164086686,1.0,0.8091176470588236,0.6468750026092032,0.6179362474230825
1142,Tampa,Median Age,zip,5,8603,99,646,Feat-LightGCN,2,1.0,0.2727272727272727,0.33126934984520123,0.38854489164086686,1.0,0.6264705882352941,0.6396806829877678,0.6179362474230825
1143,Tampa,Median Age,zip,5,8603,99,646,Feat-LightGCN,3,1.0,0.5909090909090909,0.3157894736842105,0.38854489164086686,1.0,0.8125490196078431,0.6359583554808527,0.6179362474230825
1144,Tampa,Median Age,zip,5,8603,99,646,Feat-LightGCN,4,1.0,0.4090909090909091,0.33746130030959753,0.38854489164086686,1.0,0.6972875816993465,0.6371903302133879,0.6179362474230825
1145,Tampa,Median Age,zip,5,8603,99,646,Feat-LightGCN,5,1.0,0.45454545454545453,0.34520123839009287,0.38854489164086686,1.0,0.7701960784313726,0.6475523387728828,0.6179362474230825
1146,Tampa,Median Age,zip,5,8603,99,646,Feat-LightGCN,6,1.0,0.3181818181818182,0.3544891640866873,0.38854489164086686,1.0,0.6293464052287583,0.6390079828188777,0.6179362474230825
1147,Tampa,Median Age,zip,5,8603,99,646,Feat-LightGCN,7,1.0,0.36363636363636365,0.35294117647058826,0.38854489164086686,1.0,0.6757189542483661,0.6502501604664974,0.6179362474230825
1148,Tampa,Median Age,zip,5,8603,99,646,Feat-LightGCN,8,1.0,0.45454545454545453,0.3328173374613003,0.38854489164086686,1.0,0.7353594771241829,0.6563467793784639,0.6179362474230825
1149,Tampa,Median Age,zip,5,8603,99,646,Feat-LightGCN,9,1.0,0.2727272727272727,0.3142414860681115,0.38854489164086686,1.0,0.6628267973856209,0.6387234514874846,0.6179362474230825
1150,Tampa,Median Age,zip,5,8603,99,646,Feat\&PC-LightGCN,0,1.0,0.22727272727272727,0.3715170278637771,0.38854489164086686,1.0,0.637843137254902,0.6292457967296681,0.6179362474230825
1151,Tampa,Median Age,zip,5,8603,99,646,Feat\&PC-LightGCN,1,1.0,0.36363636363636365,0.34210526315789475,0.38854489164086686,1.0,0.7208496732026144,0.6436946225193566,0.6179362474230825
1152,Tampa,Median Age,zip,5,8603,99,646,Feat\&PC-LightGCN,2,1.0,0.36363636363636365,0.35139318885448917,0.38854489164086686,1.0,0.5643790849673203,0.6182278791583254,0.6179362474230825
1153,Tampa,Median Age,zip,5,8603,99,646,Feat\&PC-LightGCN,3,1.0,0.36363636363636365,0.3544891640866873,0.38854489164086686,1.0,0.702875816993464,0.628191506882449,0.6179362474230825
1154,Tampa,Median Age,zip,5,8603,99,646,Feat\&PC-LightGCN,4,1.0,0.18181818181818182,0.34055727554179566,0.38854489164086686,1.0,0.6175490196078431,0.6433986539155514,0.6179362474230825
1155,Tampa,Median Age,zip,5,8603,99,646,Feat\&PC-LightGCN,5,1.0,0.45454545454545453,0.3637770897832817,0.38854489164086686,1.0,0.6874509803921569,0.6336168502114544,0.6179362474230825
1156,Tampa,Median Age,zip,5,8603,99,646,Feat\&PC-LightGCN,6,1.0,0.3181818181818182,0.3606811145510836,0.38854489164086686,1.0,0.5369607843137254,0.6214292924676146,0.6179362474230825
1157,Tampa,Median Age,zip,5,8603,99,646,Feat\&PC-LightGCN,7,1.0,0.3181818181818182,0.3715170278637771,0.38854489164086686,1.0,0.7114379084967319,0.6376999137635374,0.6179362474230825
1158,Tampa,Median Age,zip,5,8603,99,646,Feat\&PC-LightGCN,8,1.0,0.22727272727272727,0.34520123839009287,0.38854489164086686,1.0,0.5538562091503267,0.658347940334219,0.6179362474230825
1159,Tampa,Median Age,zip,5,8603,99,646,Feat\&PC-LightGCN,9,1.0,0.2727272727272727,0.34520123839009287,0.38854489164086686,1.0,0.5410457516339869,0.6129046565613204,0.6179362474230825
1160,Tampa,Median Age,zip,5,8603,99,646,RGNN,0,1.0,0.4090909090909091,0.33900928792569657,0.38854489164086686,1.0,0.7345098039215685,0.631875170282617,0.6179362474230825
1161,Tampa,Median Age,zip,5,8603,99,646,RGNN,1,1.0,0.4090909090909091,0.3498452012383901,0.38854489164086686,1.0,0.7272549019607842,0.6391368449147726,0.6179362474230825
1162,Tampa,Median Age,zip,5,8603,99,646,RGNN,2,1.0,0.22727272727272727,0.32972136222910214,0.38854489164086686,1.0,0.5852614379084967,0.6359005797915511,0.6179362474230825
1163,Tampa,Median Age,zip,5,8603,99,646,RGNN,3,1.0,0.5,0.33436532507739936,0.38854489164086686,1.0,0.6851633986928103,0.6445340849737777,0.6179362474230825
1164,Tampa,Median Age,zip,5,8603,99,646,RGNN,4,1.0,0.22727272727272727,0.34365325077399383,0.38854489164086686,1.0,0.642124183006536,0.6336173752235439,0.6179362474230825
1165,Tampa,Median Age,zip,5,8603,99,646,RGNN,5,1.0,0.5,0.33746130030959753,0.38854489164086686,1.0,0.7661437908496732,0.6482881339769918,0.6179362474230825
1166,Tampa,Median Age,zip,5,8603,99,646,RGNN,6,1.0,0.22727272727272727,0.34674922600619196,0.38854489164086686,1.0,0.6060130718954249,0.627320088091561,0.6179362474230825
1167,Tampa,Median Age,zip,5,8603,99,646,RGNN,7,1.0,0.36363636363636365,0.33436532507739936,0.38854489164086686,1.0,0.7387908496732026,0.6417253709468046,0.6179362474230825
1168,Tampa,Median Age,zip,5,8603,99,646,RGNN,8,1.0,0.36363636363636365,0.33436532507739936,0.38854489164086686,1.0,0.7402287581699346,0.6362627544290423,0.6179362474230825
1169,Tampa,Median Age,zip,5,8603,99,646,RGNN,9,1.0,0.4090909090909091,0.3235294117647059,0.38854489164086686,1.0,0.6917320261437909,0.637024028744488,0.6179362474230825
1170,Tampa,Median Age,zip,5,8603,99,646,Feat-RGNN,0,1.0,0.22727272727272727,0.34674922600619196,0.38854489164086686,1.0,0.6228758169934641,0.6367340786020247,0.6179362474230825
1171,Tampa,Median Age,zip,5,8603,99,646,Feat-RGNN,1,1.0,0.2727272727272727,0.326625386996904,0.38854489164086686,1.0,0.6742156862745097,0.6227993726111409,0.6179362474230825
1172,Tampa,Median Age,zip,5,8603,99,646,Feat-RGNN,2,1.0,0.3181818181818182,0.326625386996904,0.38854489164086686,1.0,0.6162091503267975,0.6340690057566842,0.6179362474230825
1173,Tampa,Median Age,zip,5,8603,99,646,Feat-RGNN,3,1.0,0.5,0.34674922600619196,0.38854489164086686,1.0,0.738562091503268,0.6211710223563813,0.6179362474230825
1174,Tampa,Median Age,zip,5,8603,99,646,Feat-RGNN,4,1.0,0.5,0.35758513931888547,0.38854489164086686,1.0,0.7526143790849673,0.6362600508511534,0.6179362474230825
1175,Tampa,Median Age,zip,5,8603,99,646,Feat-RGNN,5,0.987012987012987,0.36363636363636365,0.34520123839009287,0.38854489164086686,1.0,0.7374183006535947,0.6211100197489866,0.6179362474230825
1176,Tampa,Median Age,zip,5,8603,99,646,Feat-RGNN,6,1.0,0.36363636363636365,0.33746130030959753,0.38854489164086686,1.0,0.6152614379084967,0.6181793583800803,0.6179362474230825
1177,Tampa,Median Age,zip,5,8603,99,646,Feat-RGNN,7,1.0,0.4090909090909091,0.32972136222910214,0.38854489164086686,1.0,0.7022222222222223,0.6362603191049392,0.6179362474230825
1178,Tampa,Median Age,zip,5,8603,99,646,Feat-RGNN,8,1.0,0.4090909090909091,0.3637770897832817,0.38854489164086686,1.0,0.7137581699346406,0.6449406404097632,0.6179362474230825
1179,Tampa,Median Age,zip,5,8603,99,646,Feat-RGNN,9,1.0,0.45454545454545453,0.32507739938080493,0.38854489164086686,1.0,0.7195098039215687,0.6290795625412396,0.6179362474230825
1180,Tampa,Median Age,zip,5,8603,99,646,Feat\&PC-RGNN,0,1.0,0.36363636363636365,0.33900928792569657,0.38854489164086686,1.0,0.6936601307189543,0.6281194237063833,0.6179362474230825
1181,Tampa,Median Age,zip,5,8603,99,646,Feat\&PC-RGNN,1,1.0,0.45454545454545453,0.33126934984520123,0.38854489164086686,1.0,0.702875816993464,0.615584689712331,0.6179362474230825
1182,Tampa,Median Age,zip,5,8603,99,646,Feat\&PC-RGNN,2,1.0,0.3181818181818182,0.29566563467492263,0.38854489164086686,1.0,0.6444117647058824,0.6114718983743339,0.6179362474230825
1183,Tampa,Median Age,zip,5,8603,99,646,Feat\&PC-RGNN,3,1.0,0.4090909090909091,0.3204334365325077,0.38854489164086686,1.0,0.7051960784313727,0.6210939964053528,0.6179362474230825
1184,Tampa,Median Age,zip,5,8603,99,646,Feat\&PC-RGNN,4,0.974025974025974,0.4090909090909091,0.3281733746130031,0.38854489164086686,1.0,0.7496732026143791,0.6296691767112239,0.6179362474230825
1185,Tampa,Median Age,zip,5,8603,99,646,Feat\&PC-RGNN,5,1.0,0.45454545454545453,0.326625386996904,0.38854489164086686,1.0,0.6981045751633986,0.606335955305734,0.6179362474230825
1186,Tampa,Median Age,zip,5,8603,99,646,Feat\&PC-RGNN,6,1.0,0.36363636363636365,0.34055727554179566,0.38854489164086686,1.0,0.6859150326797385,0.6233287830677529,0.6179362474230825
1187,Tampa,Median Age,zip,5,8603,99,646,Feat\&PC-RGNN,7,1.0,0.36363636363636365,0.3684210526315789,0.38854489164086686,1.0,0.6002614379084968,0.6424149069975342,0.6179362474230825
1188,Tampa,Median Age,zip,5,8603,99,646,Feat\&PC-RGNN,8,1.0,0.13636363636363635,0.326625386996904,0.38854489164086686,1.0,0.5555555555555556,0.6240658964026279,0.6179362474230825
1189,Tampa,Median Age,zip,5,8603,99,646,Feat\&PC-RGNN,9,1.0,0.36363636363636365,0.3188854489164087,0.38854489164086686,1.0,0.6945424836601306,0.6072548713494734,0.6179362474230825
1190,Tampa,Median Age,zip,5,8603,99,646,NoPreTrain,0,1.0,0.18181818181818182,0.3111455108359133,0.38854489164086686,1.0,0.5810130718954248,0.5902216046680366,0.6179362474230825
1191,Tampa,Median Age,zip,5,8603,99,646,NoPreTrain,1,1.0,0.22727272727272727,0.26625386996904027,0.38854489164086686,1.0,0.4675163398692811,0.5507746668140951,0.6179362474230825
1192,Tampa,Median Age,zip,5,8603,99,646,NoPreTrain,2,1.0,0.18181818181818182,0.2801857585139319,0.38854489164086686,1.0,0.4493137254901961,0.5578676276610816,0.6179362474230825
1193,Tampa,Median Age,zip,5,8603,99,646,NoPreTrain,3,1.0,0.18181818181818182,0.25232198142414863,0.38854489164086686,1.0,0.5090196078431373,0.5594501523522447,0.6179362474230825
1194,Tampa,Median Age,zip,5,8603,99,646,NoPreTrain,4,1.0,0.2727272727272727,0.26625386996904027,0.38854489164086686,1.0,0.5079411764705881,0.5756193342750289,0.6179362474230825
1195,Tampa,Median Age,zip,5,8603,99,646,NoPreTrain,5,1.0,0.18181818181818182,0.2724458204334365,0.38854489164086686,1.0,0.44264705882352934,0.5715074949942309,0.6179362474230825
1196,Tampa,Median Age,zip,5,8603,99,646,NoPreTrain,6,1.0,0.13636363636363635,0.2693498452012384,0.38854489164086686,1.0,0.45316993464052285,0.553088072310234,0.6179362474230825
1197,Tampa,Median Age,zip,5,8603,99,646,NoPreTrain,7,1.0,0.18181818181818182,0.2770897832817337,0.38854489164086686,1.0,0.5038888888888888,0.5797434535665166,0.6179362474230825
1198,Tampa,Median Age,zip,5,8603,99,646,NoPreTrain,8,1.0,0.13636363636363635,0.23219814241486067,0.38854489164086686,1.0,0.494673202614379,0.5186293331843326,0.6179362474230825
1199,Tampa,Median Age,zip,5,8603,99,646,NoPreTrain,9,1.0,0.13636363636363635,0.2693498452012384,0.38854489164086686,1.0,0.5016339869281047,0.5568337545554338,0.6179362474230825
1200,Philadelphia,Median Income,tract,5,27601,1079,2592,Emb,0,1.0,0.37155963302752293,0.4371141975308642,0.5833333333333334,1.0,0.6857916519703914,0.7248529735943545,0.7395262820015266
1201,Philadelphia,Median Income,tract,5,27601,1079,2592,Emb,1,1.0,0.39908256880733944,0.4367283950617284,0.5833333333333334,1.0,0.701362213687047,0.7163311907042684,0.7395262820015266
1202,Philadelphia,Median Income,tract,5,27601,1079,2592,Emb,2,1.0,0.3440366972477064,0.4278549382716049,0.5833333333333334,1.0,0.6603047624797189,0.7251798587247844,0.7395262820015266
1203,Philadelphia,Median Income,tract,5,27601,1079,2592,Emb,3,1.0,0.37155963302752293,0.4351851851851852,0.5833333333333334,1.0,0.678686842586133,0.7306108111137168,0.7395262820015266
1204,Philadelphia,Median Income,tract,5,27601,1079,2592,Emb,4,0.9965156794425087,0.3577981651376147,0.4378858024691358,0.5833333333333334,0.9999880669447624,0.6971232505438169,0.742103942426318,0.7395262820015266
1205,Philadelphia,Median Income,tract,5,27601,1079,2592,Emb,5,1.0,0.3348623853211009,0.4402006172839506,0.5833333333333334,1.0,0.6887149917639375,0.7374528126509658,0.7395262820015266
1206,Philadelphia,Median Income,tract,5,27601,1079,2592,Emb,6,1.0,0.3532110091743119,0.4382716049382716,0.5833333333333334,1.0,0.6752291615501143,0.7269569393758921,0.7395262820015266
1207,Philadelphia,Median Income,tract,5,27601,1079,2592,Emb,7,1.0,0.3577981651376147,0.43132716049382713,0.5833333333333334,1.0,0.6937315510033029,0.728176757151435,0.7395262820015266
1208,Philadelphia,Median Income,tract,5,27601,1079,2592,Emb,8,1.0,0.3623853211009174,0.42901234567901236,0.5833333333333334,1.0,0.6926914517424516,0.7167510232656761,0.7395262820015266
1209,Philadelphia,Median Income,tract,5,27601,1079,2592,Emb,9,1.0,0.3761467889908257,0.4363425925925926,0.5833333333333334,1.0,0.6900169375814844,0.7268785072588203,0.7395262820015266
1210,Philadelphia,Median Income,tract,5,27601,1079,2592,LightGCN,0,0.8641114982578397,0.38990825688073394,0.4683641975308642,0.5833333333333334,0.9792417829629299,0.7323667425046806,0.7573093564437166,0.7395262820015266
1211,Philadelphia,Median Income,tract,5,27601,1079,2592,LightGCN,1,0.875725900116144,0.4541284403669725,0.44675925925925924,0.5833333333333334,0.9871862496783581,0.7736265158402283,0.7473553329224785,0.7395262820015266
1212,Philadelphia,Median Income,tract,5,27601,1079,2592,LightGCN,2,0.8536585365853658,0.4724770642201835,0.4645061728395062,0.5833333333333334,0.9796507071942051,0.7639028805908336,0.7564705845271281,0.7395262820015266
1213,Philadelphia,Median Income,tract,5,27601,1079,2592,LightGCN,3,0.8246225319396051,0.43119266055045874,0.44907407407407407,0.5833333333333334,0.9703305057506808,0.7255460298777949,0.7545510381231046,0.7395262820015266
1214,Philadelphia,Median Income,tract,5,27601,1079,2592,LightGCN,4,0.8432055749128919,0.40825688073394495,0.4618055555555556,0.5833333333333334,0.977584029240456,0.7717454825652514,0.7583534892957133,0.7395262820015266
1215,Philadelphia,Median Income,tract,5,27601,1079,2592,LightGCN,5,0.835075493612079,0.43119266055045874,0.45524691358024694,0.5833333333333334,0.976485475487036,0.738641263584251,0.7512811724368149,0.7395262820015266
1216,Philadelphia,Median Income,tract,5,27601,1079,2592,LightGCN,6,0.7955865272938444,0.43119266055045874,0.4521604938271605,0.5833333333333334,0.9627867392060727,0.7463219072507855,0.7534591315453948,0.7395262820015266
1217,Philadelphia,Median Income,tract,5,27601,1079,2592,LightGCN,7,0.826945412311266,0.4954128440366973,0.4498456790123457,0.5833333333333334,0.9713347254344532,0.7722898261230444,0.7544172120218311,0.7395262820015266
1218,Philadelphia,Median Income,tract,5,27601,1079,2592,LightGCN,8,0.8292682926829268,0.41743119266055045,0.4567901234567901,0.5833333333333334,0.9693707511151578,0.758026075958561,0.7582192034697524,0.7395262820015266
1219,Philadelphia,Median Income,tract,5,27601,1079,2592,LightGCN,9,0.859465737514518,0.46788990825688076,0.4556327160493827,0.5833333333333334,0.9774977471213957,0.7717977614224911,0.7530609793761901,0.7395262820015266
1220,Philadelphia,Median Income,tract,5,27601,1079,2592,Feat-LightGCN,0,0.9256678281068524,0.42201834862385323,0.47260802469135804,0.5833333333333334,0.9913994741027663,0.7557299666380963,0.7600463633937732,0.7395262820015266
1221,Philadelphia,Median Income,tract,5,27601,1079,2592,Feat-LightGCN,1,0.8861788617886179,0.43119266055045874,0.46296296296296297,0.5833333333333334,0.9859170307908004,0.7683008599555692,0.7554248670397383,0.7395262820015266
1222,Philadelphia,Median Income,tract,5,27601,1079,2592,Feat-LightGCN,2,0.8815331010452961,0.44954128440366975,0.4548611111111111,0.5833333333333334,0.9877516643033928,0.7606951650916849,0.7546736947617521,0.7395262820015266
1223,Philadelphia,Median Income,tract,5,27601,1079,2592,Feat-LightGCN,3,0.8803716608594657,0.5,0.466820987654321,0.5833333333333334,0.9832251114969692,0.7697981683354005,0.7655699413423894,0.7395262820015266
1224,Philadelphia,Median Income,tract,5,27601,1079,2592,Feat-LightGCN,4,0.9349593495934959,0.4541284403669725,0.4591049382716049,0.5833333333333334,0.9965008802881055,0.7706589877127129,0.7574240832672233,0.7395262820015266
1225,Philadelphia,Median Income,tract,5,27601,1079,2592,Feat-LightGCN,5,0.9163763066202091,0.44954128440366975,0.4583333333333333,0.5833333333333334,0.9921365809318763,0.7695453463607792,0.7652778075115302,0.7395262820015266
1226,Philadelphia,Median Income,tract,5,27601,1079,2592,Feat-LightGCN,6,0.9372822299651568,0.41284403669724773,0.4729938271604938,0.5833333333333334,0.9933823591501504,0.7601438475053655,0.7632453397314609,0.7395262820015266
1227,Philadelphia,Median Income,tract,5,27601,1079,2592,Feat-LightGCN,7,0.975609756097561,0.47706422018348627,0.4699074074074074,0.5833333333333334,0.9974960888030319,0.7670373115258373,0.7555920141094525,0.7395262820015266
1228,Philadelphia,Median Income,tract,5,27601,1079,2592,Feat-LightGCN,8,0.9210220673635308,0.42660550458715596,0.4591049382716049,0.5833333333333334,0.9908550850729572,0.756636314234115,0.761641854905782,0.7395262820015266
1229,Philadelphia,Median Income,tract,5,27601,1079,2592,Feat-LightGCN,9,0.9651567944250871,0.47706422018348627,0.4849537037037037,0.5833333333333334,0.9962441450637401,0.7795825140910744,0.7660800430878,0.7395262820015266
1230,Philadelphia,Median Income,tract,5,27601,1079,2592,Feat\&PC-LightGCN,0,0.9616724738675958,0.39908256880733944,0.49537037037037035,0.5833333333333334,0.9987403749856215,0.7378205034499368,0.7726784941907416,0.7395262820015266
1231,Philadelphia,Median Income,tract,5,27601,1079,2592,Feat\&PC-LightGCN,1,0.9721254355400697,0.46788990825688076,0.4930555555555556,0.5833333333333334,0.9997049017644459,0.783464648492828,0.7708668461623644,0.7395262820015266
1232,Philadelphia,Median Income,tract,5,27601,1079,2592,Feat\&PC-LightGCN,2,0.9988385598141696,0.48623853211009177,0.49691358024691357,0.5833333333333334,1.0,0.7757560418451885,0.7722517501759938,0.7395262820015266
1233,Philadelphia,Median Income,tract,5,27601,1079,2592,Feat\&PC-LightGCN,3,1.0,0.48623853211009177,0.4976851851851852,0.5833333333333334,0.9999982168330955,0.7650296467907873,0.7754539497479314,0.7395262820015266
1234,Philadelphia,Median Income,tract,5,27601,1079,2592,Feat\&PC-LightGCN,4,0.991869918699187,0.45871559633027525,0.4895833333333333,0.5833333333333334,0.9998639647330465,0.7602183800710751,0.7675841175864906,0.7395262820015266
1235,Philadelphia,Median Income,tract,5,27601,1079,2592,Feat\&PC-LightGCN,5,0.9965156794425087,0.43119266055045874,0.4984567901234568,0.5833333333333334,0.9999733379365516,0.7449622496322634,0.7787830341743107,0.7395262820015266
1236,Philadelphia,Median Income,tract,5,27601,1079,2592,Feat\&PC-LightGCN,6,0.9976771196283392,0.43577981651376146,0.4996141975308642,0.5833333333333334,0.9999983268918669,0.7628887147229884,0.7773293366381753,0.7395262820015266
1237,Philadelphia,Median Income,tract,5,27601,1079,2592,Feat\&PC-LightGCN,7,0.9907084785133565,0.48623853211009177,0.49459876543209874,0.5833333333333334,0.9997703620411261,0.7721995142721817,0.7716121529261167,0.7395262820015266
1238,Philadelphia,Median Income,tract,5,27601,1079,2592,Feat\&PC-LightGCN,8,0.9895470383275261,0.4036697247706422,0.48302469135802467,0.5833333333333334,0.9998114425729936,0.7192550801514491,0.7626811364346835,0.7395262820015266
1239,Philadelphia,Median Income,tract,5,27601,1079,2592,Feat\&PC-LightGCN,9,0.9140534262485482,0.4541284403669725,0.48649691358024694,0.5833333333333334,0.9920634756520588,0.7623137999364025,0.7748174975821707,0.7395262820015266
1240,Philadelphia,Median Income,tract,5,27601,1079,2592,RGNN,0,0.6504065040650406,0.43119266055045874,0.4212962962962963,0.5833333333333334,0.9013433892549998,0.7539597215722231,0.7334362083472911,0.7395262820015266
1241,Philadelphia,Median Income,tract,5,27601,1079,2592,RGNN,1,0.6445993031358885,0.39908256880733944,0.408179012345679,0.5833333333333334,0.9157957584684937,0.7457610586239344,0.7326639446743839,0.7395262820015266
1242,Philadelphia,Median Income,tract,5,27601,1079,2592,RGNN,2,0.6329849012775842,0.44954128440366975,0.4097222222222222,0.5833333333333334,0.8736508325982575,0.749680141785395,0.7247276876487493,0.7395262820015266
1243,Philadelphia,Median Income,tract,5,27601,1079,2592,RGNN,3,0.6004645760743321,0.4541284403669725,0.4220679012345679,0.5833333333333334,0.8795010321805836,0.7443975127111054,0.7303507861035439,0.7395262820015266
1244,Philadelphia,Median Income,tract,5,27601,1079,2592,RGNN,4,0.70267131242741,0.46788990825688076,0.4220679012345679,0.5833333333333334,0.9180496374047987,0.752967655481662,0.7298338853581343,0.7395262820015266
1245,Philadelphia,Median Income,tract,5,27601,1079,2592,RGNN,5,0.6736353077816493,0.39908256880733944,0.4220679012345679,0.5833333333333334,0.9082618871324186,0.7451128799937388,0.7309088551529836,0.7395262820015266
1246,Philadelphia,Median Income,tract,5,27601,1079,2592,RGNN,6,0.6027874564459931,0.3853211009174312,0.4035493827160494,0.5833333333333334,0.8840521161861254,0.7183742369837551,0.7270111539020301,0.7395262820015266
1247,Philadelphia,Median Income,tract,5,27601,1079,2592,RGNN,7,0.6747967479674797,0.42660550458715596,0.4371141975308642,0.5833333333333334,0.9167738388654882,0.7527819668663829,0.740773769856262,0.7395262820015266
1248,Philadelphia,Median Income,tract,5,27601,1079,2592,RGNN,8,0.6178861788617886,0.41284403669724773,0.40162037037037035,0.5833333333333334,0.8738070168386809,0.7641839247832991,0.726554280925689,0.7395262820015266
1249,Philadelphia,Median Income,tract,5,27601,1079,2592,RGNN,9,0.7479674796747967,0.5504587155963303,0.4351851851851852,0.5833333333333334,0.9394016648497472,0.7914252901258834,0.7443997458187566,0.7395262820015266
1250,Philadelphia,Median Income,tract,5,27601,1079,2592,Feat-RGNN,0,0.6260162601626016,0.41284403669724773,0.41898148148148145,0.5833333333333334,0.8878356393526043,0.7381515822430792,0.7315349708620527,0.7395262820015266
1251,Philadelphia,Median Income,tract,5,27601,1079,2592,Feat-RGNN,1,0.6596980255516841,0.37155963302752293,0.3908179012345679,0.5833333333333334,0.909088588104417,0.7294738921933759,0.7207960786300035,0.7395262820015266
1252,Philadelphia,Median Income,tract,5,27601,1079,2592,Feat-RGNN,2,0.7735191637630662,0.42201834862385323,0.4382716049382716,0.5833333333333334,0.9486154204525354,0.7511131002348469,0.7425605720644167,0.7395262820015266
1253,Philadelphia,Median Income,tract,5,27601,1079,2592,Feat-RGNN,3,0.6782810685249709,0.43577981651376146,0.41203703703703703,0.5833333333333334,0.9224257814907034,0.75216041798546,0.7311139523148866,0.7395262820015266
1254,Philadelphia,Median Income,tract,5,27601,1079,2592,Feat-RGNN,4,0.6655052264808362,0.42201834862385323,0.39814814814814814,0.5833333333333334,0.9177332111747603,0.7612294954967984,0.7286093193680193,0.7395262820015266
1255,Philadelphia,Median Income,tract,5,27601,1079,2592,Feat-RGNN,5,0.6399535423925667,0.42660550458715596,0.4220679012345679,0.5833333333333334,0.8918463864734676,0.7524972864558623,0.7345351706736054,0.7395262820015266
1256,Philadelphia,Median Income,tract,5,27601,1079,2592,Feat-RGNN,6,0.6655052264808362,0.3761467889908257,0.41705246913580246,0.5833333333333334,0.8914688765290399,0.7075348354881571,0.7248111307626022,0.7395262820015266
1257,Philadelphia,Median Income,tract,5,27601,1079,2592,Feat-RGNN,7,0.667828106852497,0.44036697247706424,0.4097222222222222,0.5833333333333334,0.9250579062770994,0.7572156639791808,0.7407782365225953,0.7395262820015266
1258,Philadelphia,Median Income,tract,5,27601,1079,2592,Feat-RGNN,8,0.6643437862950058,0.41743119266055045,0.4212962962962963,0.5833333333333334,0.9043671874040333,0.7485276321959973,0.7305505470751695,0.7395262820015266
1259,Philadelphia,Median Income,tract,5,27601,1079,2592,Feat-RGNN,9,0.59465737514518,0.44495412844036697,0.4058641975308642,0.5833333333333334,0.8959674106803375,0.758964874871823,0.7244747889567238,0.7395262820015266
1260,Philadelphia,Median Income,tract,5,27601,1079,2592,Feat\&PC-RGNN,0,0.7259001161440186,0.43119266055045874,0.4537037037037037,0.5833333333333334,0.9210345981409495,0.7316012586002033,0.7482131473160016,0.7395262820015266
1261,Philadelphia,Median Income,tract,5,27601,1079,2592,Feat\&PC-RGNN,1,0.7816492450638792,0.3761467889908257,0.4270833333333333,0.5833333333333334,0.9509635996344311,0.7404785936552407,0.7376615925013577,0.7395262820015266
1262,Philadelphia,Median Income,tract,5,27601,1079,2592,Feat\&PC-RGNN,2,0.7619047619047619,0.3486238532110092,0.4332561728395062,0.5833333333333334,0.9479455604584933,0.718400305980246,0.7396111379088292,0.7395262820015266
1263,Philadelphia,Median Income,tract,5,27601,1079,2592,Feat\&PC-RGNN,3,0.6318234610917538,0.47706422018348627,0.41165123456790126,0.5833333333333334,0.8852369420179043,0.7599033680859393,0.7362295945486795,0.7395262820015266
1264,Philadelphia,Median Income,tract,5,27601,1079,2592,Feat\&PC-RGNN,4,0.7142857142857143,0.43577981651376146,0.4185956790123457,0.5833333333333334,0.9272095260948914,0.7455820155346717,0.7451679509940258,0.7395262820015266
1265,Philadelphia,Median Income,tract,5,27601,1079,2592,Feat\&PC-RGNN,5,0.7212543554006968,0.40825688073394495,0.4386574074074074,0.5833333333333334,0.9287684253418839,0.7389192672640654,0.7414118002153713,0.7395262820015266
1266,Philadelphia,Median Income,tract,5,27601,1079,2592,Feat\&PC-RGNN,6,0.7607433217189314,0.463302752293578,0.4367283950617284,0.5833333333333334,0.9400252237172764,0.7285205808831329,0.7364681450601264,0.7395262820015266
1267,Philadelphia,Median Income,tract,5,27601,1079,2592,Feat\&PC-RGNN,7,0.7235772357723578,0.4954128440366973,0.44675925925925924,0.5833333333333334,0.9446823069949557,0.7614503313806243,0.7486694739581918,0.7395262820015266
1268,Philadelphia,Median Income,tract,5,27601,1079,2592,Feat\&PC-RGNN,8,0.6655052264808362,0.44495412844036697,0.4255401234567901,0.5833333333333334,0.9092732158084381,0.748763516482579,0.7416292419898294,0.7395262820015266
1269,Philadelphia,Median Income,tract,5,27601,1079,2592,Feat\&PC-RGNN,9,0.7409988385598142,0.4541284403669725,0.44521604938271603,0.5833333333333334,0.9402677520765182,0.7551400297243496,0.7456546834800841,0.7395262820015266
1270,Philadelphia,Median Income,tract,5,27601,1079,2592,NoPreTrain,0,1.0,0.25688073394495414,0.375,0.5833333333333334,1.0,0.567491887670012,0.645792401767567,0.7395262820015266
1271,Philadelphia,Median Income,tract,5,27601,1079,2592,NoPreTrain,1,1.0,0.2889908256880734,0.3942901234567901,0.5833333333333334,1.0,0.5706003789111355,0.6713600924442038,0.7395262820015266
1272,Philadelphia,Median Income,tract,5,27601,1079,2592,NoPreTrain,2,1.0,0.2706422018348624,0.3881172839506173,0.5833333333333334,1.0,0.5631828771575466,0.670739274298237,0.7395262820015266
1273,Philadelphia,Median Income,tract,5,27601,1079,2592,NoPreTrain,3,1.0,0.22018348623853212,0.3611111111111111,0.5833333333333334,1.0,0.5362577185564776,0.6406533304811857,0.7395262820015266
1274,Philadelphia,Median Income,tract,5,27601,1079,2592,NoPreTrain,4,1.0,0.26605504587155965,0.40046296296296297,0.5833333333333334,1.0,0.5743890881417577,0.6847534597844553,0.7395262820015266
1275,Philadelphia,Median Income,tract,5,27601,1079,2592,NoPreTrain,5,1.0,0.22018348623853212,0.3638117283950617,0.5833333333333334,1.0,0.5716751795671218,0.6660631271122202,0.7395262820015266
1276,Philadelphia,Median Income,tract,5,27601,1079,2592,NoPreTrain,6,1.0,0.2706422018348624,0.4085648148148148,0.5833333333333334,1.0,0.553673757079485,0.6877816465731407,0.7395262820015266
1277,Philadelphia,Median Income,tract,5,27601,1079,2592,NoPreTrain,7,1.0,0.3073394495412844,0.37885802469135804,0.5833333333333334,1.0,0.5944031684371083,0.662391520009584,0.7395262820015266
1278,Philadelphia,Median Income,tract,5,27601,1079,2592,NoPreTrain,8,1.0,0.2889908256880734,0.3854166666666667,0.5833333333333334,1.0,0.5548069307005992,0.6631679558870827,0.7395262820015266
1279,Philadelphia,Median Income,tract,5,27601,1079,2592,NoPreTrain,9,1.0,0.2798165137614679,0.39776234567901236,0.5833333333333334,1.0,0.5726829312000394,0.6717824497181396,0.7395262820015266
1280,Philadelphia,Median Home Value,tract,5,27637,1076,2617,Emb,0,1.0,0.44036697247706424,0.5510126098586168,0.7401604891096676,1.0,0.748841190070834,0.814774985538997,0.8375214993159504
1281,Philadelphia,Median Home Value,tract,5,27637,1076,2617,Emb,1,1.0,0.41743119266055045,0.5257928926251433,0.7401604891096676,1.0,0.7216985527574303,0.8072059595263973,0.8375214993159504
1282,Philadelphia,Median Home Value,tract,5,27637,1076,2617,Emb,2,1.0,0.41284403669724773,0.5468093236530378,0.7401604891096676,1.0,0.731677214522579,0.8153322300102426,0.8375214993159504
1283,Philadelphia,Median Home Value,tract,5,27637,1076,2617,Emb,3,1.0,0.39908256880733944,0.5303782957585021,0.7401604891096676,1.0,0.7340993027878034,0.8119287261481494,0.8375214993159504
1284,Philadelphia,Median Home Value,tract,5,27637,1076,2617,Emb,4,1.0,0.3532110091743119,0.5506304929308369,0.7401604891096676,1.0,0.6986305301689946,0.8088766844585381,0.8375214993159504
1285,Philadelphia,Median Home Value,tract,5,27637,1076,2617,Emb,5,1.0,0.3577981651376147,0.5403133358807796,0.7401604891096676,1.0,0.7306320867637878,0.8204606745245883,0.8375214993159504
1286,Philadelphia,Median Home Value,tract,5,27637,1076,2617,Emb,6,1.0,0.40825688073394495,0.5292319449751623,0.7401604891096676,1.0,0.7294346939285125,0.8072350571902037,0.8375214993159504
1287,Philadelphia,Median Home Value,tract,5,27637,1076,2617,Emb,7,1.0,0.43577981651376146,0.5403133358807796,0.7401604891096676,1.0,0.7708057340395429,0.8102752830509402,0.8375214993159504
1288,Philadelphia,Median Home Value,tract,5,27637,1076,2617,Emb,8,1.0,0.42201834862385323,0.5372564004585403,0.7401604891096676,1.0,0.7598444334510535,0.8118303682357532,0.8375214993159504
1289,Philadelphia,Median Home Value,tract,5,27637,1076,2617,Emb,9,1.0,0.37155963302752293,0.5334352311807413,0.7401604891096676,1.0,0.739922794781469,0.8115600350315612,0.8375214993159504
1290,Philadelphia,Median Home Value,tract,5,27637,1076,2617,LightGCN,0,0.837995337995338,0.5,0.5682078716087122,0.7401604891096676,0.9753294804102849,0.7950090276256034,0.8445956676848863,0.8375214993159504
1291,Philadelphia,Median Home Value,tract,5,27637,1076,2617,LightGCN,1,0.8496503496503497,0.5458715596330275,0.5674436377531524,0.7401604891096676,0.9789696885467591,0.8059647643786049,0.8475362912692986,0.8375214993159504
1292,Philadelphia,Median Home Value,tract,5,27637,1076,2617,LightGCN,2,0.7622377622377622,0.47706422018348627,0.5640045854031334,0.7401604891096676,0.9627495144146921,0.806642524638989,0.8418983600875404,0.8375214993159504
1293,Philadelphia,Median Home Value,tract,5,27637,1076,2617,LightGCN,3,0.9102564102564102,0.518348623853211,0.57699656094765,0.7401604891096676,0.9904814479155452,0.8168917260248542,0.8507650535619662,0.8375214993159504
1294,Philadelphia,Median Home Value,tract,5,27637,1076,2617,LightGCN,4,0.8508158508158508,0.463302752293578,0.5750859763087505,0.7401604891096676,0.9746531173949566,0.7890415503148647,0.850913769468239,0.8375214993159504
1295,Philadelphia,Median Home Value,tract,5,27637,1076,2617,LightGCN,5,0.8076923076923077,0.518348623853211,0.568972105464272,0.7401604891096676,0.9628234688181074,0.8109417772962384,0.8434285950666822,0.8375214993159504
1296,Philadelphia,Median Home Value,tract,5,27637,1076,2617,LightGCN,6,0.8496503496503497,0.5321100917431193,0.5712648070309515,0.7401604891096676,0.9815891885303583,0.8123837752426756,0.8363193576875905,0.8375214993159504
1297,Philadelphia,Median Home Value,tract,5,27637,1076,2617,LightGCN,7,0.8519813519813519,0.5137614678899083,0.5628582346197937,0.7401604891096676,0.9790119540592295,0.8079403083546989,0.840281420639457,0.8375214993159504
1298,Philadelphia,Median Home Value,tract,5,27637,1076,2617,LightGCN,8,0.8356643356643356,0.48623853211009177,0.5643867023309133,0.7401604891096676,0.9842196589325465,0.8154990228503536,0.8485142808479939,0.8375214993159504
1299,Philadelphia,Median Home Value,tract,5,27637,1076,2617,LightGCN,9,0.9137529137529138,0.5458715596330275,0.6018341612533435,0.7401604891096676,0.9873657920451027,0.8375476087420071,0.8554905187242021,0.8375214993159504
1300,Philadelphia,Median Home Value,tract,5,27637,1076,2617,Feat-LightGCN,0,0.9102564102564102,0.5091743119266054,0.557508597630875,0.7401604891096676,0.9908356373354827,0.8032895351606999,0.8444093632903724,0.8375214993159504
1301,Philadelphia,Median Home Value,tract,5,27637,1076,2617,Feat-LightGCN,1,0.9020979020979021,0.536697247706422,0.5727932747420711,0.7401604891096676,0.9918059529717385,0.8256629268283847,0.8466694731676727,0.8375214993159504
1302,Philadelphia,Median Home Value,tract,5,27637,1076,2617,Feat-LightGCN,2,0.9067599067599068,0.47706422018348627,0.5662972869698127,0.7401604891096676,0.9899927243541562,0.8007683049054071,0.8476779561624663,0.8375214993159504
1303,Philadelphia,Median Home Value,tract,5,27637,1076,2617,Feat-LightGCN,3,0.8939393939393939,0.4954128440366973,0.5953381734810852,0.7401604891096676,0.9917272083831291,0.8194337310754067,0.8565202322945599,0.8375214993159504
1304,Philadelphia,Median Home Value,tract,5,27637,1076,2617,Feat-LightGCN,4,0.8461538461538461,0.5275229357798165,0.5773786778754298,0.7401604891096676,0.9839766722529527,0.8281266985245125,0.8516765730174489,0.8375214993159504
1305,Philadelphia,Median Home Value,tract,5,27637,1076,2617,Feat-LightGCN,5,0.9498834498834499,0.5229357798165137,0.5857852502865877,0.7401604891096676,0.9960557883534065,0.8096707949385833,0.850811957100027,0.8375214993159504
1306,Philadelphia,Median Home Value,tract,5,27637,1076,2617,Feat-LightGCN,6,0.9393939393939394,0.518348623853211,0.5628582346197937,0.7401604891096676,0.9929326121870456,0.8205582799380885,0.8386439821651672,0.8375214993159504
1307,Philadelphia,Median Home Value,tract,5,27637,1076,2617,Feat-LightGCN,7,0.9382284382284383,0.5458715596330275,0.5903706534199465,0.7401604891096676,0.9941160208223074,0.8571489192672079,0.854275627346226,0.8375214993159504
1308,Philadelphia,Median Home Value,tract,5,27637,1076,2617,Feat-LightGCN,8,0.9545454545454546,0.45871559633027525,0.5773786778754298,0.7401604891096676,0.9958934806999311,0.810115702567,0.8498869485000726,0.8375214993159504
1309,Philadelphia,Median Home Value,tract,5,27637,1076,2617,Feat-LightGCN,9,0.916083916083916,0.5321100917431193,0.5838746656476882,0.7401604891096676,0.9903649146637985,0.8482792832044914,0.8513738744735043,0.8375214993159504
1310,Philadelphia,Median Home Value,tract,5,27637,1076,2617,Feat\&PC-LightGCN,0,1.0,0.5,0.6243790599923577,0.7401604891096676,1.0,0.8145739462256198,0.8633814809971312,0.8375214993159504
1311,Philadelphia,Median Home Value,tract,5,27637,1076,2617,Feat\&PC-LightGCN,1,1.0,0.5458715596330275,0.6354604508979748,0.7401604891096676,1.0,0.8216200059776074,0.869311194730817,0.8375214993159504
1312,Philadelphia,Median Home Value,tract,5,27637,1076,2617,Feat\&PC-LightGCN,2,0.9941724941724942,0.47706422018348627,0.6289644631257165,0.7401604891096676,0.9998892961339836,0.8151813712123669,0.8752381856323348,0.8375214993159504
1313,Philadelphia,Median Home Value,tract,5,27637,1076,2617,Feat\&PC-LightGCN,3,0.9988344988344988,0.5229357798165137,0.619411539931219,0.7401604891096676,0.9999931643897391,0.8176557731512799,0.8690296558756907,0.8375214993159504
1314,Philadelphia,Median Home Value,tract,5,27637,1076,2617,Feat\&PC-LightGCN,4,0.9976689976689976,0.4954128440366973,0.6396637371035537,0.7401604891096676,1.0,0.7976138178339901,0.8669439866971504,0.8375214993159504
1315,Philadelphia,Median Home Value,tract,5,27637,1076,2617,Feat\&PC-LightGCN,5,0.9965034965034965,0.5275229357798165,0.6304929308368361,0.7401604891096676,0.9996141103461327,0.8150618990306773,0.8694653545272846,0.8375214993159504
1316,Philadelphia,Median Home Value,tract,5,27637,1076,2617,Feat\&PC-LightGCN,6,0.9988344988344988,0.5458715596330275,0.6239969430645778,0.7401604891096676,1.0,0.8367142506917986,0.8654749995738632,0.8375214993159504
1317,Philadelphia,Median Home Value,tract,5,27637,1076,2617,Feat\&PC-LightGCN,7,0.9976689976689976,0.5825688073394495,0.6239969430645778,0.7401604891096676,0.9999964838412421,0.8386100911814804,0.868142504364948,0.8375214993159504
1318,Philadelphia,Median Home Value,tract,5,27637,1076,2617,Feat\&PC-LightGCN,8,0.9918414918414918,0.536697247706422,0.6373710355368742,0.7401604891096676,0.9998934824786236,0.8327782381591936,0.8712722695503292,0.8375214993159504
1319,Philadelphia,Median Home Value,tract,5,27637,1076,2617,Feat\&PC-LightGCN,9,0.9976689976689976,0.5137614678899083,0.6358425678257547,0.7401604891096676,1.0,0.8337634349477817,0.8703169445330563,0.8375214993159504
1320,Philadelphia,Median Home Value,tract,5,27637,1076,2617,RGNN,0,0.6923076923076923,0.45871559633027525,0.5063049293083683,0.7401604891096676,0.917296761092464,0.7957262025677074,0.8102334908647553,0.8375214993159504
1321,Philadelphia,Median Home Value,tract,5,27637,1076,2617,RGNN,1,0.7424242424242424,0.45871559633027525,0.5181505540695452,0.7401604891096676,0.9433026236609046,0.7675201252967845,0.8111576203501609,0.8375214993159504
1322,Philadelphia,Median Home Value,tract,5,27637,1076,2617,RGNN,2,0.7389277389277389,0.47706422018348627,0.511654566297287,0.7401604891096676,0.9370715078805887,0.7905355757007791,0.8121426054842417,0.8375214993159504
1323,Philadelphia,Median Home Value,tract,5,27637,1076,2617,RGNN,3,0.7412587412587412,0.536697247706422,0.5135651509361865,0.7401604891096676,0.9377405060442292,0.8168831114861987,0.8157659456717402,0.8375214993159504
1324,Philadelphia,Median Home Value,tract,5,27637,1076,2617,RGNN,4,0.717948717948718,0.4724770642201835,0.5162399694306458,0.7401604891096676,0.9320841134163128,0.769990197634528,0.8080818428405945,0.8375214993159504
1325,Philadelphia,Median Home Value,tract,5,27637,1076,2617,RGNN,5,0.7144522144522144,0.5412844036697247,0.5128009170806267,0.7401604891096676,0.9297577139960234,0.8014396897131298,0.8141846080502994,0.8375214993159504
1326,Philadelphia,Median Home Value,tract,5,27637,1076,2617,RGNN,6,0.7307692307692307,0.481651376146789,0.5192969048528849,0.7401604891096676,0.9315033830225501,0.7880345643736544,0.8160548620739123,0.8375214993159504
1327,Philadelphia,Median Home Value,tract,5,27637,1076,2617,RGNN,7,0.7051282051282052,0.5229357798165137,0.5059228123805884,0.7401604891096676,0.9312816592037153,0.801282003331458,0.8076491267975522,0.8375214993159504
1328,Philadelphia,Median Home Value,tract,5,27637,1076,2617,RGNN,8,0.7902097902097902,0.5137614678899083,0.5299961788307223,0.7401604891096676,0.9518802839027394,0.8017280026702102,0.8197505141665731,0.8375214993159504
1329,Philadelphia,Median Home Value,tract,5,27637,1076,2617,RGNN,9,0.6724941724941725,0.5091743119266054,0.5013374092472297,0.7401604891096676,0.9137668636632027,0.7941951639628715,0.8016467353421703,0.8375214993159504
1330,Philadelphia,Median Home Value,tract,5,27637,1076,2617,Feat-RGNN,0,0.6899766899766899,0.45871559633027525,0.5070691631639281,0.7401604891096676,0.9221859869409321,0.7928094691287985,0.8074299622270583,0.8375214993159504
1331,Philadelphia,Median Home Value,tract,5,27637,1076,2617,Feat-RGNN,1,0.7296037296037297,0.4541284403669725,0.5124188001528468,0.7401604891096676,0.9345576381683788,0.7889628634151344,0.8144572248165671,0.8375214993159504
1332,Philadelphia,Median Home Value,tract,5,27637,1076,2617,Feat-RGNN,2,0.8181818181818182,0.4908256880733945,0.5158578525028659,0.7401604891096676,0.9699457608652233,0.7893351440802971,0.812007275425721,0.8375214993159504
1333,Philadelphia,Median Home Value,tract,5,27637,1076,2617,Feat-RGNN,3,0.796037296037296,0.4954128440366973,0.5280855941918227,0.7401604891096676,0.961870224048614,0.7960613118558576,0.8230795864800025,0.8375214993159504
1334,Philadelphia,Median Home Value,tract,5,27637,1076,2617,Feat-RGNN,4,0.7412587412587412,0.47706422018348627,0.504012227741689,0.7401604891096676,0.9395873403421149,0.7847665080558546,0.8186561303355073,0.8375214993159504
1335,Philadelphia,Median Home Value,tract,5,27637,1076,2617,Feat-RGNN,5,0.7226107226107226,0.44495412844036697,0.511654566297287,0.7401604891096676,0.9314378341159252,0.7688330954418279,0.8207690658566316,0.8375214993159504
1336,Philadelphia,Median Home Value,tract,5,27637,1076,2617,Feat-RGNN,6,0.7389277389277389,0.463302752293578,0.5219717233473443,0.7401604891096676,0.9419797013061141,0.7961179620238376,0.8160381154909373,0.8375214993159504
1337,Philadelphia,Median Home Value,tract,5,27637,1076,2617,Feat-RGNN,7,0.6783216783216783,0.4724770642201835,0.5128009170806267,0.7401604891096676,0.9256353846202499,0.7980939050964473,0.8184782989022226,0.8375214993159504
1338,Philadelphia,Median Home Value,tract,5,27637,1076,2617,Feat-RGNN,8,0.7610722610722611,0.5045871559633027,0.5284677111196026,0.7401604891096676,0.9498754016809816,0.8071088174445602,0.8250820409979633,0.8375214993159504
1339,Philadelphia,Median Home Value,tract,5,27637,1076,2617,Feat-RGNN,9,0.7296037296037297,0.5137614678899083,0.5162399694306458,0.7401604891096676,0.9307157471761801,0.8044199579728535,0.8173782304352164,0.8375214993159504
1340,Philadelphia,Median Home Value,tract,5,27637,1076,2617,Feat\&PC-RGNN,0,0.6899766899766899,0.5504587155963303,0.5166220863584257,0.7401604891096676,0.9223900376487,0.8300735645612847,0.8269717991594625,0.8375214993159504
1341,Philadelphia,Median Home Value,tract,5,27637,1076,2617,Feat\&PC-RGNN,1,0.7750582750582751,0.45871559633027525,0.5380206343141001,0.7401604891096676,0.9586863712017752,0.7969324651259877,0.8304631165163112,0.8375214993159504
1342,Philadelphia,Median Home Value,tract,5,27637,1076,2617,Feat\&PC-RGNN,2,0.8426573426573427,0.4908256880733945,0.5727932747420711,0.7401604891096676,0.9758680953593902,0.8121063763100661,0.8457680343757522,0.8375214993159504
1343,Philadelphia,Median Home Value,tract,5,27637,1076,2617,Feat\&PC-RGNN,3,0.8193473193473193,0.5091743119266054,0.5620940007642339,0.7401604891096676,0.9691829770334529,0.8124906260483924,0.8389628112409593,0.8375214993159504
1344,Philadelphia,Median Home Value,tract,5,27637,1076,2617,Feat\&PC-RGNN,4,0.752913752913753,0.45871559633027525,0.550248376003057,0.7401604891096676,0.9502952507343643,0.7965171579821138,0.8371406141068851,0.8375214993159504
1345,Philadelphia,Median Home Value,tract,5,27637,1076,2617,Feat\&PC-RGNN,5,0.8228438228438228,0.4908256880733945,0.5609476499808942,0.7401604891096676,0.9696568991782193,0.7903891533885963,0.8338388292077292,0.8375214993159504
1346,Philadelphia,Median Home Value,tract,5,27637,1076,2617,Feat\&PC-RGNN,6,0.7692307692307693,0.5596330275229358,0.5433702713030187,0.7401604891096676,0.9544106916056387,0.8137643310090448,0.8345833419867041,0.8375214993159504
1347,Philadelphia,Median Home Value,tract,5,27637,1076,2617,Feat\&PC-RGNN,7,0.8018648018648019,0.5458715596330275,0.5598012991975545,0.7401604891096676,0.9641757186692825,0.8270505429048791,0.8370892197570029,0.8375214993159504
1348,Philadelphia,Median Home Value,tract,5,27637,1076,2617,Feat\&PC-RGNN,8,0.8286713286713286,0.47706422018348627,0.5468093236530378,0.7401604891096676,0.97025828813177,0.80990178247433,0.831682518685412,0.8375214993159504
1349,Philadelphia,Median Home Value,tract,5,27637,1076,2617,Feat\&PC-RGNN,9,0.7389277389277389,0.4954128440366973,0.5399312189529997,0.7401604891096676,0.9492140752516427,0.8113460975374712,0.8354434191576015,0.8375214993159504
1350,Philadelphia,Median Home Value,tract,5,27637,1076,2617,NoPreTrain,0,1.0,0.26146788990825687,0.4275888421857088,0.7401604891096676,1.0,0.548467450684026,0.6907762286468822,0.8375214993159504
1351,Philadelphia,Median Home Value,tract,5,27637,1076,2617,NoPreTrain,1,1.0,0.23394495412844038,0.45701184562476116,0.7401604891096676,1.0,0.5808542029310315,0.7402695706504493,0.8375214993159504
1352,Philadelphia,Median Home Value,tract,5,27637,1076,2617,NoPreTrain,2,1.0,0.3256880733944954,0.46197936568589987,0.7401604891096676,1.0,0.6307442919198136,0.7413048808352625,0.8375214993159504
1353,Philadelphia,Median Home Value,tract,5,27637,1076,2617,NoPreTrain,3,1.0,0.28440366972477066,0.44593045471914405,0.7401604891096676,1.0,0.6039754345696184,0.7194357161247614,0.8375214993159504
1354,Philadelphia,Median Home Value,tract,5,27637,1076,2617,NoPreTrain,4,1.0,0.25229357798165136,0.4661826518914788,0.7401604891096676,1.0,0.5920073733721378,0.7334449866572447,0.8375214993159504
1355,Philadelphia,Median Home Value,tract,5,27637,1076,2617,NoPreTrain,5,1.0,0.38073394495412843,0.49063813526939243,0.7401604891096676,1.0,0.6409024912202448,0.7629991130325686,0.8375214993159504
1356,Philadelphia,Median Home Value,tract,5,27637,1076,2617,NoPreTrain,6,1.0,0.2981651376146789,0.44440198700802447,0.7401604891096676,1.0,0.600463769995253,0.7222101856616239,0.8375214993159504
1357,Philadelphia,Median Home Value,tract,5,27637,1076,2617,NoPreTrain,7,1.0,0.25688073394495414,0.4795567443637753,0.7401604891096676,1.0,0.5661590802994088,0.7353874816455424,0.8375214993159504
1358,Philadelphia,Median Home Value,tract,5,27637,1076,2617,NoPreTrain,8,1.0,0.29357798165137616,0.5406954528085595,0.7401604891096676,1.0,0.6183201545444461,0.7792655445198093,0.8375214993159504
1359,Philadelphia,Median Home Value,tract,5,27637,1076,2617,NoPreTrain,9,1.0,0.21100917431192662,0.45166220863584255,0.7401604891096676,1.0,0.5393364276779876,0.7261667290546372,0.8375214993159504
1360,Philadelphia,Median Age,tract,5,28547,1082,2716,Emb,0,1.0,0.3440366972477064,0.3449926362297496,0.4374079528718704,1.0,0.6380690188028695,0.634381007570545,0.6483797536208835
1361,Philadelphia,Median Age,tract,5,28547,1082,2716,Emb,1,1.0,0.2981651376146789,0.33541973490427096,0.4374079528718704,1.0,0.6030427824465856,0.6245738603848249,0.6483797536208835
1362,Philadelphia,Median Age,tract,5,28547,1082,2716,Emb,2,0.9976851851851852,0.2798165137614679,0.3321060382916053,0.4374079528718704,0.9999752896884919,0.6129704328543408,0.6335077222562507,0.6483797536208835
1363,Philadelphia,Median Age,tract,5,28547,1082,2716,Emb,3,1.0,0.26605504587155965,0.329160530191458,0.4374079528718704,1.0,0.5999821699779717,0.6329503949210943,0.6483797536208835
1364,Philadelphia,Median Age,tract,5,28547,1082,2716,Emb,4,1.0,0.3486238532110092,0.3379970544918999,0.4374079528718704,1.0,0.6075317725139969,0.6307898568552943,0.6483797536208835
1365,Philadelphia,Median Age,tract,5,28547,1082,2716,Emb,5,0.9942129629629629,0.3119266055045872,0.33136966126656847,0.4374079528718704,0.999774229543652,0.5871988444297834,0.6253624920729592,0.6483797536208835
1366,Philadelphia,Median Age,tract,5,28547,1082,2716,Emb,6,1.0,0.2889908256880734,0.33026509572901325,0.4374079528718704,1.0,0.6181859950630901,0.6333703665794636,0.6483797536208835
1367,Philadelphia,Median Age,tract,5,28547,1082,2716,Emb,7,1.0,0.26146788990825687,0.3136966126656848,0.4374079528718704,1.0,0.5853313006369053,0.621943792938674,0.6483797536208835
1368,Philadelphia,Median Age,tract,5,28547,1082,2716,Emb,8,1.0,0.3394495412844037,0.3284241531664212,0.4374079528718704,1.0,0.6288894630699566,0.6223153354942508,0.6483797536208835
1369,Philadelphia,Median Age,tract,5,28547,1082,2716,Emb,9,1.0,0.2706422018348624,0.329160530191458,0.4374079528718704,1.0,0.5905415665069987,0.6295386622728877,0.6483797536208835
1370,Philadelphia,Median Age,tract,5,28547,1082,2716,LightGCN,0,0.7858796296296297,0.3577981651376147,0.34094256259204714,0.4374079528718704,0.959257177676743,0.6797178026564945,0.6392792500653772,0.6483797536208835
1371,Philadelphia,Median Age,tract,5,28547,1082,2716,LightGCN,1,0.7824074074074074,0.3211009174311927,0.33652430044182624,0.4374079528718704,0.9577961309705335,0.6426475934345195,0.642466662854311,0.6483797536208835
1372,Philadelphia,Median Age,tract,5,28547,1082,2716,LightGCN,2,0.6921296296296297,0.3669724770642202,0.3383652430044183,0.4374079528718704,0.9498788427884479,0.6923445337689085,0.6502765190775065,0.6483797536208835
1373,Philadelphia,Median Age,tract,5,28547,1082,2716,LightGCN,3,0.8182870370370371,0.3853211009174312,0.3446244477172312,0.4374079528718704,0.9705460185981372,0.6898960474716931,0.652594138381079,0.6483797536208835
1374,Philadelphia,Median Age,tract,5,28547,1082,2716,LightGCN,4,0.7569444444444444,0.3073394495412844,0.33615611192930783,0.4374079528718704,0.9456115587287858,0.6561324599674676,0.647322692204256,0.6483797536208835
1375,Philadelphia,Median Age,tract,5,28547,1082,2716,LightGCN,5,0.8321759259259259,0.3532110091743119,0.3379970544918999,0.4374079528718704,0.9669248755003153,0.644903228449991,0.6448333261046837,0.6483797536208835
1376,Philadelphia,Median Age,tract,5,28547,1082,2716,LightGCN,6,0.8703703703703703,0.2981651376146789,0.3494108983799705,0.4374079528718704,0.9775767748950426,0.6721286019209156,0.6469535025995978,0.6483797536208835
1377,Philadelphia,Median Age,tract,5,28547,1082,2716,LightGCN,7,0.7696759259259259,0.3486238532110092,0.3332106038291605,0.4374079528718704,0.9478457483572382,0.6630042360839037,0.6533091108295197,0.6483797536208835
1378,Philadelphia,Median Age,tract,5,28547,1082,2716,LightGCN,8,0.7986111111111112,0.3302752293577982,0.3427835051546392,0.4374079528718704,0.9621600645759255,0.6521387840599125,0.6484502376963774,0.6483797536208835
1379,Philadelphia,Median Age,tract,5,28547,1082,2716,LightGCN,9,0.7476851851851852,0.3853211009174312,0.32179675994108986,0.4374079528718704,0.9549895806751035,0.669798357902853,0.6432628794483127,0.6483797536208835
1380,Philadelphia,Median Age,tract,5,28547,1082,2716,Feat-LightGCN,0,0.8726851851851852,0.3302752293577982,0.3475699558173785,0.4374079528718704,0.9904841990282911,0.6549455541944637,0.6505403642218035,0.6483797536208835
1381,Philadelphia,Median Age,tract,5,28547,1082,2716,Feat-LightGCN,1,0.9178240740740741,0.2706422018348624,0.34646539027982326,0.4374079528718704,0.9922803915148231,0.6381648198388914,0.6510542449683314,0.6483797536208835
1382,Philadelphia,Median Age,tract,5,28547,1082,2716,Feat-LightGCN,2,0.9097222222222222,0.3119266055045872,0.34683357879234167,0.4374079528718704,0.9909677754411655,0.6620933078953135,0.6593901628187915,0.6483797536208835
1383,Philadelphia,Median Age,tract,5,28547,1082,2716,Feat-LightGCN,3,0.9560185185185185,0.30275229357798167,0.3449926362297496,0.4374079528718704,0.9960570535988325,0.6416528080096636,0.644561837257718,0.6483797536208835
1384,Philadelphia,Median Age,tract,5,28547,1082,2716,Feat-LightGCN,4,0.9328703703703703,0.3394495412844037,0.33726067746686306,0.4374079528718704,0.9931568487006001,0.6883005752820798,0.6518651114688837,0.6483797536208835
1385,Philadelphia,Median Age,tract,5,28547,1082,2716,Feat-LightGCN,5,0.8842592592592593,0.3348623853211009,0.3556701030927835,0.4374079528718704,0.9893382579890254,0.6320347520574295,0.647983636161865,0.6483797536208835
1386,Philadelphia,Median Age,tract,5,28547,1082,2716,Feat-LightGCN,6,0.7847222222222222,0.3256880733944954,0.33063328424153166,0.4374079528718704,0.9825652764080651,0.6638602645420756,0.6459750975188235,0.6483797536208835
1387,Philadelphia,Median Age,tract,5,28547,1082,2716,Feat-LightGCN,7,0.8796296296296297,0.3669724770642202,0.3494108983799705,0.4374079528718704,0.9908329220561779,0.6862671633169619,0.6583063969762314,0.6483797536208835
1388,Philadelphia,Median Age,tract,5,28547,1082,2716,Feat-LightGCN,8,0.8055555555555556,0.3623853211009174,0.3446244477172312,0.4374079528718704,0.9820770544056563,0.6843808575727611,0.6542201030896126,0.6483797536208835
1389,Philadelphia,Median Age,tract,5,28547,1082,2716,Feat-LightGCN,9,0.9386574074074074,0.37155963302752293,0.34204712812960236,0.4374079528718704,0.9960564756568193,0.6781955531500119,0.6394440152350563,0.6483797536208835
1390,Philadelphia,Median Age,tract,5,28547,1082,2716,Feat\&PC-LightGCN,0,0.9965277777777778,0.3532110091743119,0.3634020618556701,0.4374079528718704,1.0,0.6538957581288096,0.6531503155977972,0.6483797536208835
1391,Philadelphia,Median Age,tract,5,28547,1082,2716,Feat\&PC-LightGCN,1,0.9953703703703703,0.3394495412844037,0.36855670103092786,0.4374079528718704,0.9999920291434297,0.6372722219846795,0.6580045940094928,0.6483797536208835
1392,Philadelphia,Median Age,tract,5,28547,1082,2716,Feat\&PC-LightGCN,2,0.9965277777777778,0.37155963302752293,0.3696612665684831,0.4374079528718704,0.9998728794977954,0.6836305498601825,0.6606792037367374,0.6483797536208835
1393,Philadelphia,Median Age,tract,5,28547,1082,2716,Feat\&PC-LightGCN,3,0.9965277777777778,0.42660550458715596,0.36892488954344627,0.4374079528718704,0.9999680201404679,0.6907018688174784,0.6542897204380976,0.6483797536208835
1394,Philadelphia,Median Age,tract,5,28547,1082,2716,Feat\&PC-LightGCN,4,1.0,0.3486238532110092,0.3696612665684831,0.4374079528718704,1.0,0.6641526722898288,0.6636244749676345,0.6483797536208835
1395,Philadelphia,Median Age,tract,5,28547,1082,2716,Feat\&PC-LightGCN,5,0.9930555555555556,0.3486238532110092,0.3796023564064801,0.4374079528718704,0.9999075220694336,0.6690500955417074,0.6676876125167048,0.6483797536208835
1396,Philadelphia,Median Age,tract,5,28547,1082,2716,Feat\&PC-LightGCN,6,0.9942129629629629,0.3302752293577982,0.3751840942562592,0.4374079528718704,0.9996788999932307,0.6666025076188598,0.6642826839385969,0.6483797536208835
1397,Philadelphia,Median Age,tract,5,28547,1082,2716,Feat\&PC-LightGCN,7,0.9988425925925926,0.3440366972477064,0.36892488954344627,0.4374079528718704,1.0,0.6758422912345673,0.6625093478546653,0.6483797536208835
1398,Philadelphia,Median Age,tract,5,28547,1082,2716,Feat\&PC-LightGCN,8,0.9965277777777778,0.4036697247706422,0.37334315169366716,0.4374079528718704,0.9998809706723915,0.6866484830192267,0.6631335548513475,0.6483797536208835
1399,Philadelphia,Median Age,tract,5,28547,1082,2716,Feat\&PC-LightGCN,9,0.9953703703703703,0.38990825688073394,0.37223858615611194,0.4374079528718704,0.9999864018068114,0.6860223229382721,0.6620590068137904,0.6483797536208835
1400,Philadelphia,Median Age,tract,5,28547,1082,2716,RGNN,0,0.45023148148148145,0.3623853211009174,0.29491899852724596,0.4374079528718704,0.8258114577262574,0.6454238829364338,0.6163029621219918,0.6483797536208835
1401,Philadelphia,Median Age,tract,5,28547,1082,2716,RGNN,1,0.6226851851851852,0.28440366972477066,0.3173784977908689,0.4374079528718704,0.8815418572474638,0.6097947398629922,0.6253932154552826,0.6483797536208835
1402,Philadelphia,Median Age,tract,5,28547,1082,2716,RGNN,2,0.6018518518518519,0.3073394495412844,0.29823269513991163,0.4374079528718704,0.9038473167976846,0.6578570904134347,0.6289136777740263,0.6483797536208835
1403,Philadelphia,Median Age,tract,5,28547,1082,2716,RGNN,3,0.5775462962962963,0.3440366972477064,0.31885125184094254,0.4374079528718704,0.8588172495493401,0.6413828571523709,0.6272332212394164,0.6483797536208835
1404,Philadelphia,Median Age,tract,5,28547,1082,2716,RGNN,4,0.6840277777777778,0.27522935779816515,0.31406480117820323,0.4374079528718704,0.9010107290562195,0.6179778270227977,0.6182302805491928,0.6483797536208835
1405,Philadelphia,Median Age,tract,5,28547,1082,2716,RGNN,5,0.6180555555555556,0.25229357798165136,0.32069219440353464,0.4374079528718704,0.8762518986609426,0.6105459416659024,0.6294023587638427,0.6483797536208835
1406,Philadelphia,Median Age,tract,5,28547,1082,2716,RGNN,6,0.5671296296296297,0.3394495412844037,0.31921944035346095,0.4374079528718704,0.8351684458126349,0.6529855401044744,0.6312695899344627,0.6483797536208835
1407,Philadelphia,Median Age,tract,5,28547,1082,2716,RGNN,7,0.5798611111111112,0.3394495412844037,0.3269513991163476,0.4374079528718704,0.8615223860870582,0.6369186053780448,0.6271770305216045,0.6483797536208835
1408,Philadelphia,Median Age,tract,5,28547,1082,2716,RGNN,8,0.5439814814814815,0.3256880733944954,0.3122238586156112,0.4374079528718704,0.8360809951132755,0.654504175195139,0.6367643580960315,0.6483797536208835
1409,Philadelphia,Median Age,tract,5,28547,1082,2716,RGNN,9,0.5983796296296297,0.29357798165137616,0.3276877761413844,0.4374079528718704,0.8792663372828887,0.6274968027923211,0.6399820960495066,0.6483797536208835
1410,Philadelphia,Median Age,tract,5,28547,1082,2716,Feat-RGNN,0,0.49537037037037035,0.3073394495412844,0.2706185567010309,0.4374079528718704,0.8498152463325,0.6315636266939395,0.594356557016818,0.6483797536208835
1411,Philadelphia,Median Age,tract,5,28547,1082,2716,Feat-RGNN,1,0.6307870370370371,0.3256880733944954,0.3181148748159057,0.4374079528718704,0.8932212893148856,0.6296806281821763,0.6365464191236689,0.6483797536208835
1412,Philadelphia,Median Age,tract,5,28547,1082,2716,Feat-RGNN,2,0.6805555555555556,0.2981651376146789,0.3136966126656848,0.4374079528718704,0.914836394844125,0.6158867990563178,0.6330785591573419,0.6483797536208835
1413,Philadelphia,Median Age,tract,5,28547,1082,2716,Feat-RGNN,3,0.6018518518518519,0.3073394495412844,0.29970544918998526,0.4374079528718704,0.872411536747949,0.6509210333872804,0.6157797630213331,0.6483797536208835
1414,Philadelphia,Median Age,tract,5,28547,1082,2716,Feat-RGNN,4,0.6527777777777778,0.22477064220183487,0.30449189985272457,0.4374079528718704,0.8943590094357035,0.604520265276045,0.618899828297132,0.6483797536208835
1415,Philadelphia,Median Age,tract,5,28547,1082,2716,Feat-RGNN,5,0.5833333333333334,0.3256880733944954,0.2971281296023564,0.4374079528718704,0.875940065980922,0.6403195264465987,0.6192951810588819,0.6483797536208835
1416,Philadelphia,Median Age,tract,5,28547,1082,2716,Feat-RGNN,6,0.5266203703703703,0.3165137614678899,0.2978645066273932,0.4374079528718704,0.8307317050573537,0.6409933430030357,0.6290374212351765,0.6483797536208835
1417,Philadelphia,Median Age,tract,5,28547,1082,2716,Feat-RGNN,7,0.6412037037037037,0.3073394495412844,0.32106038291605304,0.4374079528718704,0.8880073267291634,0.6294570050591175,0.6381275642728952,0.6483797536208835
1418,Philadelphia,Median Age,tract,5,28547,1082,2716,Feat-RGNN,8,0.6377314814814815,0.3256880733944954,0.30301914580265094,0.4374079528718704,0.9017299654887163,0.6755638112906672,0.6199276696003856,0.6483797536208835
1419,Philadelphia,Median Age,tract,5,28547,1082,2716,Feat-RGNN,9,0.5925925925925926,0.3440366972477064,0.32069219440353464,0.4374079528718704,0.874450999372781,0.6651422453464232,0.6353444794396079,0.6483797536208835
1420,Philadelphia,Median Age,tract,5,28547,1082,2716,Feat\&PC-RGNN,0,0.6192129629629629,0.3532110091743119,0.33100147275405006,0.4374079528718704,0.8935145929215862,0.6479085377512013,0.6372430572180122,0.6483797536208835
1421,Philadelphia,Median Age,tract,5,28547,1082,2716,Feat\&PC-RGNN,1,0.5995370370370371,0.3394495412844037,0.3078055964653903,0.4374079528718704,0.9069967673179766,0.632270309128424,0.6300260952085143,0.6483797536208835
1422,Philadelphia,Median Age,tract,5,28547,1082,2716,Feat\&PC-RGNN,2,0.6145833333333334,0.2889908256880734,0.30964653902798234,0.4374079528718704,0.8856144932800651,0.6121155429809427,0.6226200995376073,0.6483797536208835
1423,Philadelphia,Median Age,tract,5,28547,1082,2716,Feat\&PC-RGNN,3,0.6157407407407407,0.37155963302752293,0.3122238586156112,0.4374079528718704,0.8671654584569263,0.6663947464938659,0.629290222315063,0.6483797536208835
1424,Philadelphia,Median Age,tract,5,28547,1082,2716,Feat\&PC-RGNN,4,0.6979166666666666,0.3256880733944954,0.3074374079528719,0.4374079528718704,0.9270789244167874,0.6570845916801693,0.629442368764568,0.6483797536208835
1425,Philadelphia,Median Age,tract,5,28547,1082,2716,Feat\&PC-RGNN,5,0.6284722222222222,0.3119266055045872,0.32142857142857145,0.4374079528718704,0.8837262395386656,0.6602849406332766,0.6348766299284971,0.6483797536208835
1426,Philadelphia,Median Age,tract,5,28547,1082,2716,Feat\&PC-RGNN,6,0.5787037037037037,0.3211009174311927,0.312960235640648,0.4374079528718704,0.8436396478736059,0.633370352730162,0.6256616879681619,0.6483797536208835
1427,Philadelphia,Median Age,tract,5,28547,1082,2716,Feat\&PC-RGNN,7,0.6180555555555556,0.3302752293577982,0.3181148748159057,0.4374079528718704,0.8882926278149521,0.6545012106848843,0.6360016805550821,0.6483797536208835
1428,Philadelphia,Median Age,tract,5,28547,1082,2716,Feat\&PC-RGNN,8,0.5891203703703703,0.3669724770642202,0.3125920471281296,0.4374079528718704,0.8580730630330635,0.6778449287255879,0.6302116710709929,0.6483797536208835
1429,Philadelphia,Median Age,tract,5,28547,1082,2716,Feat\&PC-RGNN,9,0.6840277777777778,0.3256880733944954,0.3236377025036819,0.4374079528718704,0.908644453564594,0.647257951900122,0.6338461051805104,0.6483797536208835
1430,Philadelphia,Median Age,tract,5,28547,1082,2716,NoPreTrain,0,1.0,0.24311926605504589,0.29086892488954347,0.4374079528718704,1.0,0.5387419473194572,0.5965697821248678,0.6483797536208835
1431,Philadelphia,Median Age,tract,5,28547,1082,2716,NoPreTrain,1,1.0,0.25229357798165136,0.29086892488954347,0.4374079528718704,1.0,0.5590699779726728,0.5714302629111009,0.6483797536208835
1432,Philadelphia,Median Age,tract,5,28547,1082,2716,NoPreTrain,2,1.0,0.24770642201834864,0.29933726067746685,0.4374079528718704,1.0,0.5486185734566115,0.5938762289333935,0.6483797536208835
1433,Philadelphia,Median Age,tract,5,28547,1082,2716,NoPreTrain,3,1.0,0.23853211009174313,0.2919734904270987,0.4374079528718704,1.0,0.5568756277601344,0.5922842803371253,0.6483797536208835
1434,Philadelphia,Median Age,tract,5,28547,1082,2716,NoPreTrain,4,1.0,0.20642201834862386,0.3078055964653903,0.4374079528718704,1.0,0.5034448038209862,0.6001872611625669,0.6483797536208835
1435,Philadelphia,Median Age,tract,5,28547,1082,2716,NoPreTrain,5,1.0,0.22935779816513763,0.32621502209131076,0.4374079528718704,1.0,0.5164455633032631,0.6104618214744076,0.6483797536208835
1436,Philadelphia,Median Age,tract,5,28547,1082,2716,NoPreTrain,6,1.0,0.18807339449541285,0.30449189985272457,0.4374079528718704,1.0,0.5189913320016531,0.6122729407771487,0.6483797536208835
1437,Philadelphia,Median Age,tract,5,28547,1082,2716,NoPreTrain,7,1.0,0.26146788990825687,0.31848306332842413,0.4374079528718704,1.0,0.5368716139448024,0.6105436829549564,0.6483797536208835
1438,Philadelphia,Median Age,tract,5,28547,1082,2716,NoPreTrain,8,1.0,0.28440366972477066,0.2956553755522828,0.4374079528718704,1.0,0.5528524913386651,0.5812551005354982,0.6483797536208835
1439,Philadelphia,Median Age,tract,5,28547,1082,2716,NoPreTrain,9,1.0,0.25229357798165136,0.3133284241531664,0.4374079528718704,1.0,0.5503775707874098,0.6093766699179253,0.6483797536208835
1440,St. Louis,Median Income,tract,5,8554,269,701,Emb,0,1.0,0.38181818181818183,0.4194008559201141,0.5492154065620543,1.0,0.6713841587118543,0.6760954710704399,0.7181330694753724
1441,St. Louis,Median Income,tract,5,8554,269,701,Emb,1,1.0,0.32727272727272727,0.3980028530670471,0.5492154065620543,1.0,0.6435643111879898,0.6829777955669695,0.7181330694753724
1442,St. Louis,Median Income,tract,5,8554,269,701,Emb,2,1.0,0.23636363636363636,0.4094151212553495,0.5492154065620543,1.0,0.6160507399577166,0.6873338832631699,0.7181330694753724
1443,St. Louis,Median Income,tract,5,8554,269,701,Emb,3,1.0,0.4909090909090909,0.42082738944365194,0.5492154065620543,1.0,0.7183849915646955,0.6949775490466981,0.7181330694753724
1444,St. Louis,Median Income,tract,5,8554,269,701,Emb,4,1.0,0.14545454545454545,0.38944365192582026,0.5492154065620543,1.0,0.5111541631964466,0.6718404160503659,0.7181330694753724
1445,St. Louis,Median Income,tract,5,8554,269,701,Emb,5,1.0,0.18181818181818182,0.3880171184022825,0.5492154065620543,1.0,0.5385922010805733,0.6743697478991597,0.7181330694753724
1446,St. Louis,Median Income,tract,5,8554,269,701,Emb,6,1.0,0.34545454545454546,0.4136947218259629,0.5492154065620543,1.0,0.6783032011446388,0.6827464999539468,0.7181330694753724
1447,St. Louis,Median Income,tract,5,8554,269,701,Emb,7,1.0,0.10909090909090909,0.4108416547788873,0.5492154065620543,1.0,0.5048240544984731,0.6917148871153878,0.7181330694753724
1448,St. Louis,Median Income,tract,5,8554,269,701,Emb,8,1.0,0.3090909090909091,0.4122681883024251,0.5492154065620543,1.0,0.6150776261558503,0.6870686978853436,0.7181330694753724
1449,St. Louis,Median Income,tract,5,8554,269,701,Emb,9,1.0,0.23636363636363636,0.4079885877318117,0.5492154065620543,1.0,0.5401072458197194,0.6879220914671478,0.7181330694753724
1450,St. Louis,Median Income,tract,5,8554,269,701,LightGCN,0,0.9439252336448598,0.38181818181818183,0.44079885877318115,0.5492154065620543,0.9988940122961774,0.6806771734255879,0.7342706521680238,0.7181330694753724
1451,St. Louis,Median Income,tract,5,8554,269,701,LightGCN,1,0.9485981308411215,0.38181818181818183,0.43937232524964337,0.5492154065620543,0.9966910036596106,0.7530943259230785,0.7387129610064529,0.7181330694753724
1452,St. Louis,Median Income,tract,5,8554,269,701,LightGCN,2,0.9065420560747663,0.41818181818181815,0.44935805991440797,0.5492154065620543,0.991868452554862,0.7280320328015889,0.7420350248416582,0.7181330694753724
1453,St. Louis,Median Income,tract,5,8554,269,701,LightGCN,3,0.9158878504672897,0.4727272727272727,0.456490727532097,0.5492154065620543,0.9923290747496718,0.7338922416554553,0.7354836673547561,0.7181330694753724
1454,St. Louis,Median Income,tract,5,8554,269,701,LightGCN,4,0.9953271028037384,0.2545454545454545,0.4536376604850214,0.5492154065620543,0.9999446290143965,0.6734097422427232,0.7316780987056332,0.7181330694753724
1455,St. Louis,Median Income,tract,5,8554,269,701,LightGCN,5,0.780373831775701,0.3090909090909091,0.43937232524964337,0.5492154065620543,0.9695256790031974,0.70856834732099,0.7298598762522417,0.7181330694753724
1456,St. Louis,Median Income,tract,5,8554,269,701,LightGCN,6,0.8691588785046729,0.38181818181818183,0.43937232524964337,0.5492154065620543,0.980306711262309,0.6966489845601896,0.7297173008468377,0.7181330694753724
1457,St. Louis,Median Income,tract,5,8554,269,701,LightGCN,7,0.9345794392523364,0.34545454545454546,0.463623395149786,0.5492154065620543,0.9938489017390145,0.6978544856599825,0.7522912298381634,0.7181330694753724
1458,St. Louis,Median Income,tract,5,8554,269,701,LightGCN,8,0.9532710280373832,0.41818181818181815,0.4536376604850214,0.5492154065620543,0.997249914181609,0.6977722254255024,0.7304872906609452,0.7181330694753724
1459,St. Louis,Median Income,tract,5,8554,269,701,LightGCN,9,0.7523364485981309,0.3090909090909091,0.4136947218259629,0.5492154065620543,0.9632363677409433,0.6375728959788156,0.721076623105722,0.7181330694753724
1460,St. Louis,Median Income,tract,5,8554,269,701,Feat-LightGCN,0,1.0,0.4,0.4122681883024251,0.5492154065620543,1.0,0.665442800093963,0.7099302564352628,0.7181330694753724
1461,St. Louis,Median Income,tract,5,8554,269,701,Feat-LightGCN,1,1.0,0.38181818181818183,0.4079885877318117,0.5492154065620543,1.0,0.720672560702159,0.7112487064458277,0.7181330694753724
1462,St. Louis,Median Income,tract,5,8554,269,701,Feat-LightGCN,2,1.0,0.36363636363636365,0.4550641940085592,0.5492154065620543,1.0,0.7192660217395946,0.7258621166067973,0.7181330694753724
1463,St. Louis,Median Income,tract,5,8554,269,701,Feat-LightGCN,3,1.0,0.41818181818181815,0.41797432239657634,0.5492154065620543,1.0,0.7476302987592629,0.7306054375328468,0.7181330694753724
1464,St. Louis,Median Income,tract,5,8554,269,701,Feat-LightGCN,4,1.0,0.32727272727272727,0.42368045649072755,0.5492154065620543,1.0,0.6798955730668205,0.7144867976204021,0.7181330694753724
1465,St. Louis,Median Income,tract,5,8554,269,701,Feat-LightGCN,5,1.0,0.2909090909090909,0.41797432239657634,0.5492154065620543,1.0,0.6459652764430778,0.7189448796926894,0.7181330694753724
1466,St. Louis,Median Income,tract,5,8554,269,701,Feat-LightGCN,6,1.0,0.41818181818181815,0.42082738944365194,0.5492154065620543,1.0,0.7146761056655346,0.7167763614149723,0.7181330694753724
1467,St. Louis,Median Income,tract,5,8554,269,701,Feat-LightGCN,7,1.0,0.36363636363636365,0.44079885877318115,0.5492154065620543,1.0,0.7046757639823179,0.7210427536585234,0.7181330694753724
1468,St. Louis,Median Income,tract,5,8554,269,701,Feat-LightGCN,8,1.0,0.38181818181818183,0.43937232524964337,0.5492154065620543,1.0,0.7105789822111175,0.7196090621935428,0.7181330694753724
1469,St. Louis,Median Income,tract,5,8554,269,701,Feat-LightGCN,9,1.0,0.34545454545454546,0.4136947218259629,0.5492154065620543,1.0,0.6856908193990646,0.7138010242781833,0.7181330694753724
1470,St. Louis,Median Income,tract,5,8554,269,701,Feat\&PC-LightGCN,0,1.0,0.41818181818181815,0.47503566333808844,0.5492154065620543,1.0,0.6935458175838726,0.7349331550802137,0.7181330694753724
1471,St. Louis,Median Income,tract,5,8554,269,701,Feat\&PC-LightGCN,1,1.0,0.45454545454545453,0.456490727532097,0.5492154065620543,1.0,0.7234562538706303,0.7342021953849237,0.7181330694753724
1472,St. Louis,Median Income,tract,5,8554,269,701,Feat\&PC-LightGCN,2,1.0,0.38181818181818183,0.4536376604850214,0.5492154065620543,1.0,0.6963629743524036,0.7253294838244775,0.7181330694753724
1473,St. Louis,Median Income,tract,5,8554,269,701,Feat\&PC-LightGCN,3,1.0,0.43636363636363634,0.4793152639087018,0.5492154065620543,1.0,0.7124488649710636,0.7335200521214288,0.7181330694753724
1474,St. Louis,Median Income,tract,5,8554,269,701,Feat\&PC-LightGCN,4,1.0,0.38181818181818183,0.46219686162624823,0.5492154065620543,1.0,0.646961752834903,0.7220065531048009,0.7181330694753724
1475,St. Louis,Median Income,tract,5,8554,269,701,Feat\&PC-LightGCN,5,1.0,0.4,0.4507845934379458,0.5492154065620543,1.0,0.7072059922694172,0.7287460380670644,0.7181330694753724
1476,St. Louis,Median Income,tract,5,8554,269,701,Feat\&PC-LightGCN,6,1.0,0.38181818181818183,0.46790299572039945,0.5492154065620543,1.0,0.7147461934354112,0.7136321443471004,0.7181330694753724
1477,St. Louis,Median Income,tract,5,8554,269,701,Feat\&PC-LightGCN,7,1.0,0.3090909090909091,0.4607703281027104,0.5492154065620543,1.0,0.6458418860913575,0.7360257478233072,0.7181330694753724
1478,St. Louis,Median Income,tract,5,8554,269,701,Feat\&PC-LightGCN,8,1.0,0.32727272727272727,0.463623395149786,0.5492154065620543,1.0,0.6956060178956585,0.7411096663036589,0.7181330694753724
1479,St. Louis,Median Income,tract,5,8554,269,701,Feat\&PC-LightGCN,9,1.0,0.43636363636363634,0.4507845934379458,0.5492154065620543,1.0,0.6852258526064025,0.7275099488538163,0.7181330694753724
1480,St. Louis,Median Income,tract,5,8554,269,701,RGNN,0,0.9626168224299065,0.2727272727272727,0.38944365192582026,0.5492154065620543,0.9975237978617599,0.6169708074401521,0.6831287621431551,0.7181330694753724
1481,St. Louis,Median Income,tract,5,8554,269,701,RGNN,1,0.8411214953271028,0.3090909090909091,0.42653352353780316,0.5492154065620543,0.9900714012208812,0.6350904819868879,0.7056499872676344,0.7181330694753724
1482,St. Louis,Median Income,tract,5,8554,269,701,RGNN,2,0.985981308411215,0.43636363636363634,0.43081312410841655,0.5492154065620543,0.9995847176079735,0.716769214342153,0.6992085480226906,0.7181330694753724
1483,St. Louis,Median Income,tract,5,8554,269,701,RGNN,3,0.9626168224299065,0.4,0.37660485021398005,0.5492154065620543,0.9959107115877277,0.689442458410746,0.6756417857278307,0.7181330694753724
1484,St. Louis,Median Income,tract,5,8554,269,701,RGNN,4,0.7850467289719626,0.36363636363636365,0.41512125534950073,0.5492154065620543,0.9803876144344728,0.661667499519508,0.7120778340349678,0.7181330694753724
1485,St. Louis,Median Income,tract,5,8554,269,701,RGNN,5,0.9158878504672897,0.36363636363636365,0.40228245363766046,0.5492154065620543,0.9920287002598155,0.6481472227561023,0.695829330765188,0.7181330694753724
1486,St. Louis,Median Income,tract,5,8554,269,701,RGNN,6,0.9532710280373832,0.4,0.4194008559201141,0.5492154065620543,0.9972537829012191,0.6619857774360945,0.7052626253596216,0.7181330694753724
1487,St. Louis,Median Income,tract,5,8554,269,701,RGNN,7,0.8878504672897196,0.3090909090909091,0.42368045649072755,0.5492154065620543,0.9841185484593501,0.6089869946825549,0.7123260271226479,0.7181330694753724
1488,St. Louis,Median Income,tract,5,8554,269,701,RGNN,8,0.9205607476635514,0.4,0.43366619115549215,0.5492154065620543,0.9958592360907328,0.659526512482115,0.7023591922262135,0.7181330694753724
1489,St. Louis,Median Income,tract,5,8554,269,701,RGNN,9,0.8738317757009346,0.2545454545454545,0.38659058487874465,0.5492154065620543,0.9802267247840716,0.5456489632049886,0.6825128136360927,0.7181330694753724
1490,St. Louis,Median Income,tract,5,8554,269,701,Feat-RGNN,0,0.7897196261682243,0.34545454545454546,0.38659058487874465,0.5492154065620543,0.9546417418566996,0.6622597219552822,0.6966553971685385,0.7181330694753724
1491,St. Louis,Median Income,tract,5,8554,269,701,Feat-RGNN,1,0.8691588785046729,0.32727272727272727,0.42082738944365194,0.5492154065620543,0.9814370020649953,0.6540250282956415,0.704226048252957,0.7181330694753724
1492,St. Louis,Median Income,tract,5,8554,269,701,Feat-RGNN,2,0.8598130841121495,0.3090909090909091,0.42938659058487877,0.5492154065620543,0.9823074977381528,0.67815362931642,0.7091042306671218,0.7181330694753724
1493,St. Louis,Median Income,tract,5,8554,269,701,Feat-RGNN,3,0.794392523364486,0.36363636363636365,0.4008559201141227,0.5492154065620543,0.9649895327444206,0.6944617848677045,0.6833852244959879,0.7181330694753724
1494,St. Louis,Median Income,tract,5,8554,269,701,Feat-RGNN,4,0.9766355140186916,0.14545454545454545,0.4194008559201141,0.5492154065620543,0.9986362891004619,0.560031007751938,0.6822115035569354,0.7181330694753724
1495,St. Louis,Median Income,tract,5,8554,269,701,Feat-RGNN,5,0.7990654205607477,0.21818181818181817,0.3780313837375178,0.5492154065620543,0.9746225955190898,0.6073457620603498,0.6800376688392958,0.7181330694753724
1496,St. Louis,Median Income,tract,5,8554,269,701,Feat-RGNN,6,0.8691588785046729,0.4,0.41797432239657634,0.5492154065620543,0.980308960968021,0.6956684818587567,0.6959963617942341,0.7181330694753724
1497,St. Louis,Median Income,tract,5,8554,269,701,Feat-RGNN,7,0.9345794392523364,0.23636363636363636,0.42368045649072755,0.5492154065620543,0.9926299682384722,0.5804528583936618,0.7112128052381493,0.7181330694753724
1498,St. Louis,Median Income,tract,5,8554,269,701,Feat-RGNN,8,0.6822429906542056,0.3090909090909091,0.38231098430813126,0.5492154065620543,0.9604265648812561,0.6501119439639524,0.6877705221353533,0.7181330694753724
1499,St. Louis,Median Income,tract,5,8554,269,701,Feat-RGNN,9,0.897196261682243,0.2727272727272727,0.3980028530670471,0.5492154065620543,0.98484254643691,0.5669865248681316,0.680609541689016,0.7181330694753724
1500,St. Louis,Median Income,tract,5,8554,269,701,Feat\&PC-RGNN,0,0.9252336448598131,0.21818181818181817,0.44365192582025675,0.5492154065620543,0.9942199041675177,0.6311416063382238,0.7186407522390003,0.7181330694753724
1501,St. Louis,Median Income,tract,5,8554,269,701,Feat\&PC-RGNN,1,0.9205607476635514,0.4,0.43509272467902993,0.5492154065620543,0.9944824911304719,0.7204209537232792,0.7216311108582698,0.7181330694753724
1502,St. Louis,Median Income,tract,5,8554,269,701,Feat\&PC-RGNN,2,0.6448598130841121,0.36363636363636365,0.39372325249643364,0.5492154065620543,0.9807381343394782,0.6904359023640207,0.6955138457704165,0.7181330694753724
1503,St. Louis,Median Income,tract,5,8554,269,701,Feat\&PC-RGNN,3,0.9065420560747663,0.2727272727272727,0.4037089871611983,0.5492154065620543,0.9875424946755219,0.6321946740128558,0.7065328007411862,0.7181330694753724
1504,St. Louis,Median Income,tract,5,8554,269,701,Feat\&PC-RGNN,4,0.8271028037383178,0.41818181818181815,0.39942938659058486,0.5492154065620543,0.9695725974222192,0.6983883229760608,0.7021379538275658,0.7181330694753724
1505,St. Louis,Median Income,tract,5,8554,269,701,Feat\&PC-RGNN,5,0.9439252336448598,0.4,0.4194008559201141,0.5492154065620543,0.9962364099942318,0.6541205287547782,0.7062818376867188,0.7181330694753724
1506,St. Louis,Median Income,tract,5,8554,269,701,Feat\&PC-RGNN,6,0.9299065420560748,0.36363636363636365,0.42938659058487877,0.5492154065620543,0.995104789797792,0.7087225318726376,0.7188468946572827,0.7181330694753724
1507,St. Louis,Median Income,tract,5,8554,269,701,Feat\&PC-RGNN,7,0.9299065420560748,0.36363636363636365,0.43509272467902993,0.5492154065620543,0.99519479809192,0.6499706579537446,0.7133030465571142,0.7181330694753724
1508,St. Louis,Median Income,tract,5,8554,269,701,Feat\&PC-RGNN,8,0.9299065420560748,0.34545454545454546,0.43651925820256776,0.5492154065620543,0.9951160000595577,0.6524939885109019,0.7165470027469402,0.7181330694753724
1509,St. Louis,Median Income,tract,5,8554,269,701,Feat\&PC-RGNN,9,0.9672897196261683,0.38181818181818183,0.42938659058487877,0.5492154065620543,0.9987368525039806,0.7027966344203131,0.7124408757700372,0.7181330694753724
1510,St. Louis,Median Income,tract,5,8554,269,701,NoPreTrain,0,1.0,0.32727272727272727,0.38944365192582026,0.5492154065620543,1.0,0.6500042283298098,0.6918178364189004,0.7181330694753724
1511,St. Louis,Median Income,tract,5,8554,269,701,NoPreTrain,1,1.0,0.2,0.39942938659058486,0.5492154065620543,1.0,0.4866587652422748,0.6582197037422319,0.7181330694753724
1512,St. Louis,Median Income,tract,5,8554,269,701,NoPreTrain,2,1.0,0.21818181818181817,0.38659058487874465,0.5492154065620543,1.0,0.5742481047259059,0.655287859824781,0.7181330694753724
1513,St. Louis,Median Income,tract,5,8554,269,701,NoPreTrain,3,1.0,0.3090909090909091,0.3880171184022825,0.5492154065620543,1.0,0.6053672453926153,0.6668531213258997,0.7181330694753724
1514,St. Louis,Median Income,tract,5,8554,269,701,NoPreTrain,4,1.0,0.34545454545454546,0.4008559201141227,0.5492154065620543,1.0,0.6433859525487433,0.6709191752136057,0.7181330694753724
1515,St. Louis,Median Income,tract,5,8554,269,701,NoPreTrain,5,1.0,0.2,0.3537803138373752,0.5492154065620543,1.0,0.5287259059944049,0.6304239674593242,0.7181330694753724
1516,St. Louis,Median Income,tract,5,8554,269,701,NoPreTrain,6,1.0,0.2909090909090909,0.3609129814550642,0.5492154065620543,1.0,0.5834276592564119,0.6418976101078728,0.7181330694753724
1517,St. Louis,Median Income,tract,5,8554,269,701,NoPreTrain,7,1.0,0.2545454545454545,0.38088445078459343,0.5492154065620543,1.0,0.550751873918893,0.6625691340365933,0.7181330694753724
1518,St. Louis,Median Income,tract,5,8554,269,701,NoPreTrain,8,1.0,0.2727272727272727,0.37089871611982883,0.5492154065620543,1.0,0.5483221645631794,0.6599568318623388,0.7181330694753724
1519,St. Louis,Median Income,tract,5,8554,269,701,NoPreTrain,9,1.0,0.32727272727272727,0.3666191155492154,0.5492154065620543,1.0,0.583699617741901,0.6433168760734468,0.7181330694753724
1520,St. Louis,Median Home Value,tract,5,8330,268,688,Emb,0,1.0,0.5272727272727272,0.5043604651162791,0.7049418604651163,1.0,0.719117517671429,0.7851891811227764,0.8154786470139358
1521,St. Louis,Median Home Value,tract,5,8330,268,688,Emb,1,1.0,0.36363636363636365,0.5290697674418605,0.7049418604651163,1.0,0.7264820723087108,0.8029768581814636,0.8154786470139358
1522,St. Louis,Median Home Value,tract,5,8330,268,688,Emb,2,1.0,0.4,0.49709302325581395,0.7049418604651163,1.0,0.7157922138936937,0.7682526600004577,0.8154786470139358
1523,St. Louis,Median Home Value,tract,5,8330,268,688,Emb,3,1.0,0.4,0.5087209302325582,0.7049418604651163,1.0,0.6852170329083649,0.793548675178703,0.8154786470139358
1524,St. Louis,Median Home Value,tract,5,8330,268,688,Emb,4,1.0,0.41818181818181815,0.5159883720930233,0.7049418604651163,1.0,0.6832125056057403,0.7766262808245932,0.8154786470139358
1525,St. Louis,Median Home Value,tract,5,8330,268,688,Emb,5,1.0,0.2909090909090909,0.49273255813953487,0.7049418604651163,1.0,0.6640972088752216,0.7749629145543178,0.8154786470139358
1526,St. Louis,Median Home Value,tract,5,8330,268,688,Emb,6,1.0,0.4727272727272727,0.5421511627906976,0.7049418604651163,1.0,0.7038387255216009,0.7892209666828653,0.8154786470139358
1527,St. Louis,Median Home Value,tract,5,8330,268,688,Emb,7,1.0,0.3090909090909091,0.501453488372093,0.7049418604651163,1.0,0.6290615670446537,0.7688712646784909,0.8154786470139358
1528,St. Louis,Median Home Value,tract,5,8330,268,688,Emb,8,1.0,0.45454545454545453,0.5377906976744186,0.7049418604651163,1.0,0.7310288508766309,0.7957902255696446,0.8154786470139358
1529,St. Louis,Median Home Value,tract,5,8330,268,688,Emb,9,1.0,0.38181818181818183,0.5174418604651163,0.7049418604651163,1.0,0.709452196382429,0.7753928484715138,0.8154786470139358
1530,St. Louis,Median Home Value,tract,5,8330,268,688,LightGCN,0,0.971830985915493,0.4,0.5581395348837209,0.7049418604651163,0.9988382715550346,0.7638360774766694,0.8302302007589436,0.8154786470139358
1531,St. Louis,Median Home Value,tract,5,8330,268,688,LightGCN,1,0.9953051643192489,0.41818181818181815,0.5784883720930233,0.7049418604651163,0.9980057803468207,0.7439655327054904,0.8283860400327547,0.8154786470139358
1532,St. Louis,Median Home Value,tract,5,8330,268,688,LightGCN,2,0.9671361502347418,0.4909090909090909,0.5625,0.7049418604651163,0.9988691788425005,0.7777635552138723,0.8332605501810265,0.8154786470139358
1533,St. Louis,Median Home Value,tract,5,8330,268,688,LightGCN,3,0.9765258215962441,0.4727272727272727,0.5450581395348837,0.7049418604651163,0.9996612014041985,0.7805112435133577,0.8304374033428228,0.8154786470139358
1534,St. Louis,Median Home Value,tract,5,8330,268,688,LightGCN,4,0.971830985915493,0.38181818181818183,0.5188953488372093,0.7049418604651163,0.9949472803763599,0.7032705490422192,0.8186818979187805,0.8154786470139358
1535,St. Louis,Median Home Value,tract,5,8330,268,688,LightGCN,5,0.9859154929577465,0.4909090909090909,0.5566860465116279,0.7049418604651163,0.999801698967995,0.751513186836654,0.8279350675306707,0.8154786470139358
1536,St. Louis,Median Home Value,tract,5,8330,268,688,LightGCN,6,0.9765258215962441,0.41818181818181815,0.5668604651162791,0.7049418604651163,0.9987254941590201,0.7423026886198134,0.8398596139013581,0.8154786470139358
1537,St. Louis,Median Home Value,tract,5,8330,268,688,LightGCN,7,0.9812206572769953,0.43636363636363634,0.563953488372093,0.7049418604651163,0.9986407945100696,0.7516033484955261,0.8175060170295531,0.8154786470139358
1538,St. Louis,Median Home Value,tract,5,8330,268,688,LightGCN,8,0.6901408450704225,0.38181818181818183,0.4796511627906977,0.7049418604651163,0.9648153958091708,0.7747501655028082,0.8176897294027523,0.8154786470139358
1539,St. Louis,Median Home Value,tract,5,8330,268,688,LightGCN,9,0.9483568075117371,0.41818181818181815,0.5377906976744186,0.7049418604651163,0.9979045698632181,0.7544268904691738,0.8228810298165274,0.8154786470139358
1540,St. Louis,Median Home Value,tract,5,8330,268,688,Feat-LightGCN,0,1.0,0.41818181818181815,0.5581395348837209,0.7049418604651163,1.0,0.7664537980225083,0.8269080683525802,0.8154786470139358
1541,St. Louis,Median Home Value,tract,5,8330,268,688,Feat-LightGCN,1,1.0,0.6,0.5421511627906976,0.7049418604651163,1.0,0.8094325923078565,0.8148108711159734,0.8154786470139358
1542,St. Louis,Median Home Value,tract,5,8330,268,688,Feat-LightGCN,2,1.0,0.36363636363636365,0.5290697674418605,0.7049418604651163,1.0,0.7425602750549896,0.8253483742011227,0.8154786470139358
1543,St. Louis,Median Home Value,tract,5,8330,268,688,Feat-LightGCN,3,0.9906103286384976,0.45454545454545453,0.5465116279069767,0.7049418604651163,0.9994111135640704,0.7728442138082731,0.831441945530919,0.8154786470139358
1544,St. Louis,Median Home Value,tract,5,8330,268,688,Feat-LightGCN,4,1.0,0.38181818181818183,0.5421511627906976,0.7049418604651163,1.0,0.7624342793687403,0.8231226867968593,0.8154786470139358
1545,St. Louis,Median Home Value,tract,5,8330,268,688,Feat-LightGCN,5,1.0,0.4,0.5436046511627907,0.7049418604651163,1.0,0.73183629102868,0.8182716117930278,0.8154786470139358
1546,St. Louis,Median Home Value,tract,5,8330,268,688,Feat-LightGCN,6,1.0,0.34545454545454546,0.5261627906976745,0.7049418604651163,1.0,0.6862014222563906,0.8098547474769582,0.8154786470139358
1547,St. Louis,Median Home Value,tract,5,8330,268,688,Feat-LightGCN,7,1.0,0.36363636363636365,0.5348837209302325,0.7049418604651163,1.0,0.73685826553057,0.81329212416807,0.8154786470139358
1548,St. Louis,Median Home Value,tract,5,8330,268,688,Feat-LightGCN,8,1.0,0.6,0.5218023255813954,0.7049418604651163,1.0,0.8032457556537895,0.8169150699857001,0.8154786470139358
1549,St. Louis,Median Home Value,tract,5,8330,268,688,Feat-LightGCN,9,1.0,0.38181818181818183,0.5581395348837209,0.7049418604651163,1.0,0.7576543874260577,0.8169093801333887,0.8154786470139358
1550,St. Louis,Median Home Value,tract,5,8330,268,688,Feat\&PC-LightGCN,0,1.0,0.6,0.6133720930232558,0.7049418604651163,1.0,0.8348952527388045,0.8567993645059214,0.8154786470139358
1551,St. Louis,Median Home Value,tract,5,8330,268,688,Feat\&PC-LightGCN,1,1.0,0.5272727272727272,0.6075581395348837,0.7049418604651163,1.0,0.7450102291413074,0.8413491726528729,0.8154786470139358
1552,St. Louis,Median Home Value,tract,5,8330,268,688,Feat\&PC-LightGCN,2,1.0,0.45454545454545453,0.6104651162790697,0.7049418604651163,1.0,0.759692058000726,0.8507688315937028,0.8154786470139358
1553,St. Louis,Median Home Value,tract,5,8330,268,688,Feat\&PC-LightGCN,3,1.0,0.4727272727272727,0.6090116279069767,0.7049418604651163,1.0,0.7601101928374655,0.8494393226150867,0.8154786470139358
1554,St. Louis,Median Home Value,tract,5,8330,268,688,Feat\&PC-LightGCN,4,1.0,0.45454545454545453,0.622093023255814,0.7049418604651163,1.0,0.751522156021099,0.8456692459309408,0.8154786470139358
1555,St. Louis,Median Home Value,tract,5,8330,268,688,Feat\&PC-LightGCN,5,1.0,0.41818181818181815,0.5944767441860465,0.7049418604651163,1.0,0.7676659405898307,0.8428651684704919,0.8154786470139358
1556,St. Louis,Median Home Value,tract,5,8330,268,688,Feat\&PC-LightGCN,6,1.0,0.509090909090909,0.623546511627907,0.7049418604651163,1.0,0.7862460332714033,0.8619708996477907,0.8154786470139358
1557,St. Louis,Median Home Value,tract,5,8330,268,688,Feat\&PC-LightGCN,7,1.0,0.41818181818181815,0.5930232558139535,0.7049418604651163,1.0,0.7082212825933757,0.8468544697371568,0.8154786470139358
1558,St. Louis,Median Home Value,tract,5,8330,268,688,Feat\&PC-LightGCN,8,1.0,0.5636363636363636,0.6206395348837209,0.7049418604651163,1.0,0.8176978666154142,0.8584451661990748,0.8154786470139358
1559,St. Louis,Median Home Value,tract,5,8330,268,688,Feat\&PC-LightGCN,9,1.0,0.5454545454545454,0.6075581395348837,0.7049418604651163,1.0,0.8024528583936619,0.8521220934952144,0.8154786470139358
1560,St. Louis,Median Home Value,tract,5,8330,268,688,RGNN,0,0.9671361502347418,0.41818181818181815,0.5276162790697675,0.7049418604651163,0.9991698719244295,0.7602403741431225,0.8071192092285502,0.8154786470139358
1561,St. Louis,Median Home Value,tract,5,8330,268,688,RGNN,1,0.8403755868544601,0.38181818181818183,0.502906976744186,0.7049418604651163,0.9829032895862598,0.7210798470967605,0.7959779634507825,0.8154786470139358
1562,St. Louis,Median Home Value,tract,5,8330,268,688,RGNN,2,0.9061032863849765,0.43636363636363634,0.5348837209302325,0.7049418604651163,0.9888556374705775,0.7313638285604458,0.8054193352455894,0.8154786470139358
1563,St. Louis,Median Home Value,tract,5,8330,268,688,RGNN,3,0.9295774647887324,0.41818181818181815,0.5436046511627907,0.7049418604651163,0.9953467119807715,0.7442777457449761,0.8035747765240071,0.8154786470139358
1564,St. Louis,Median Home Value,tract,5,8330,268,688,RGNN,4,0.9483568075117371,0.38181818181818183,0.49127906976744184,0.7049418604651163,0.9929517703283821,0.6571122642919682,0.7924263593589995,0.8154786470139358
1565,St. Louis,Median Home Value,tract,5,8330,268,688,RGNN,5,0.9859154929577465,0.5454545454545454,0.5392441860465116,0.7049418604651163,0.9991469868504106,0.7806106733294895,0.8079786194459088,0.8154786470139358
1566,St. Louis,Median Home Value,tract,5,8330,268,688,RGNN,6,0.92018779342723,0.3090909090909091,0.5377906976744186,0.7049418604651163,0.9939143737543026,0.6845018045144894,0.8139471927326947,0.8154786470139358
1567,St. Louis,Median Home Value,tract,5,8330,268,688,RGNN,7,0.9624413145539906,0.4,0.5392441860465116,0.7049418604651163,0.9972771115056576,0.7323488585645035,0.8012996040135208,0.8154786470139358
1568,St. Louis,Median Home Value,tract,5,8330,268,688,RGNN,8,0.9765258215962441,0.4727272727272727,0.5465116279069767,0.7049418604651163,0.9989956375327651,0.7706866978452602,0.8061415318255027,0.8154786470139358
1569,St. Louis,Median Home Value,tract,5,8330,268,688,RGNN,9,0.9953051643192489,0.4,0.5479651162790697,0.7049418604651163,0.9999462076385154,0.7191448523287847,0.806525372210692,0.8154786470139358
1570,St. Louis,Median Home Value,tract,5,8330,268,688,Feat-RGNN,0,0.9107981220657277,0.4727272727272727,0.5188953488372093,0.7049418604651163,0.9897342564061106,0.7213929143442886,0.7967926860095256,0.8154786470139358
1571,St. Louis,Median Home Value,tract,5,8330,268,688,Feat-RGNN,1,0.9248826291079812,0.4909090909090909,0.5305232558139535,0.7049418604651163,0.9951070094867338,0.7477191363956691,0.8088457392160973,0.8154786470139358
1572,St. Louis,Median Home Value,tract,5,8330,268,688,Feat-RGNN,2,0.8732394366197183,0.4909090909090909,0.5101744186046512,0.7049418604651163,0.9909166156209286,0.7408369103295106,0.7968231787783683,0.8154786470139358
1573,St. Louis,Median Home Value,tract,5,8330,268,688,Feat-RGNN,3,0.8732394366197183,0.32727272727272727,0.5130813953488372,0.7049418604651163,0.9823310437894699,0.7367744677216137,0.7995899692733873,0.8154786470139358
1574,St. Louis,Median Home Value,tract,5,8330,268,688,Feat-RGNN,4,0.6995305164319249,0.41818181818181815,0.45930232558139533,0.7049418604651163,0.9481376696850241,0.7291827364554637,0.7860209136168128,0.8154786470139358
1575,St. Louis,Median Home Value,tract,5,8330,268,688,Feat-RGNN,5,0.4131455399061033,0.2909090909090909,0.3561046511627907,0.7049418604651163,0.8685234296194724,0.6508746236145814,0.7426059006085265,0.8154786470139358
1576,St. Louis,Median Home Value,tract,5,8330,268,688,Feat-RGNN,6,0.8356807511737089,0.32727272727272727,0.501453488372093,0.7049418604651163,0.9751567130068686,0.6424983449719179,0.7866761671027721,0.8154786470139358
1577,St. Louis,Median Home Value,tract,5,8330,268,688,Feat-RGNN,7,0.8779342723004695,0.4,0.49273255813953487,0.7049418604651163,0.9827473438078151,0.7180245584812182,0.7880421822930606,0.8154786470139358
1578,St. Louis,Median Home Value,tract,5,8330,268,688,Feat-RGNN,8,0.568075117370892,0.36363636363636365,0.3997093023255814,0.7049418604651163,0.935538199099782,0.7451948662096654,0.7684534216669124,0.8154786470139358
1579,St. Louis,Median Home Value,tract,5,8330,268,688,Feat-RGNN,9,0.9953051643192489,0.45454545454545453,0.5087209302325582,0.7049418604651163,0.9999731038192576,0.7947482435347129,0.7855674262893001,0.8154786470139358
1580,St. Louis,Median Home Value,tract,5,8330,268,688,Feat\&PC-RGNN,0,0.9342723004694836,0.45454545454545453,0.5494186046511628,0.7049418604651163,0.9962157695572547,0.7354087599034745,0.8199139678929438,0.8154786470139358
1581,St. Louis,Median Home Value,tract,5,8330,268,688,Feat\&PC-RGNN,1,0.9953051643192489,0.45454545454545453,0.559593023255814,0.7049418604651163,0.9998366173621843,0.7457110214192667,0.8207200764685936,0.8154786470139358
1582,St. Louis,Median Home Value,tract,5,8330,268,688,Feat\&PC-RGNN,2,0.9953051643192489,0.43636363636363634,0.561046511627907,0.7049418604651163,0.9995865295220565,0.7882878253998762,0.8257534863693079,0.8154786470139358
1583,St. Louis,Median Home Value,tract,5,8330,268,688,Feat\&PC-RGNN,3,0.8685446009389671,0.36363636363636365,0.5290697674418605,0.7049418604651163,0.988220872058133,0.7017096119759969,0.8138526504917136,0.8154786470139358
1584,St. Louis,Median Home Value,tract,5,8330,268,688,Feat\&PC-RGNN,4,0.9014084507042254,0.43636363636363634,0.559593023255814,0.7049418604651163,0.9857822746395446,0.7215000747432038,0.820161683747935,0.8154786470139358
1585,St. Louis,Median Home Value,tract,5,8330,268,688,Feat\&PC-RGNN,5,0.9624413145539906,0.43636363636363634,0.5479651162790697,0.7049418604651163,0.997940669823729,0.7466714929421061,0.821960815631719,0.8154786470139358
1586,St. Louis,Median Home Value,tract,5,8330,268,688,Feat\&PC-RGNN,6,0.9107981220657277,0.36363636363636365,0.559593023255814,0.7049418604651163,0.9914012794181758,0.6540480919127853,0.8155729655515902,0.8154786470139358
1587,St. Louis,Median Home Value,tract,5,8330,268,688,Feat\&PC-RGNN,7,0.8732394366197183,0.43636363636363634,0.5421511627906976,0.7049418604651163,0.9839532627015952,0.7417161039571188,0.8179081314474953,0.8154786470139358
1588,St. Louis,Median Home Value,tract,5,8330,268,688,Feat\&PC-RGNN,8,0.9859154929577465,0.5454545454545454,0.5973837209302325,0.7049418604651163,0.9989707469053846,0.7913454203771328,0.8386623210589376,0.8154786470139358
1589,St. Louis,Median Home Value,tract,5,8330,268,688,Feat\&PC-RGNN,9,0.9671361502347418,0.5454545454545454,0.5523255813953488,0.7049418604651163,0.9965180017847871,0.7976675422299101,0.820514939401043,0.8154786470139358
1590,St. Louis,Median Home Value,tract,5,8330,268,688,NoPreTrain,0,1.0,0.2909090909090909,0.4636627906976744,0.7049418604651163,1.0,0.6337257992183998,0.7377838426855792,0.8154786470139358
1591,St. Louis,Median Home Value,tract,5,8330,268,688,NoPreTrain,1,1.0,0.2909090909090909,0.502906976744186,0.7049418604651163,1.0,0.65818467977876,0.7719128551709197,0.8154786470139358
1592,St. Louis,Median Home Value,tract,5,8330,268,688,NoPreTrain,2,1.0,0.23636363636363636,0.4680232558139535,0.7049418604651163,1.0,0.5654011574518973,0.7491791477397193,0.8154786470139358
1593,St. Louis,Median Home Value,tract,5,8330,268,688,NoPreTrain,3,1.0,0.32727272727272727,0.45348837209302323,0.7049418604651163,1.0,0.5995060969099024,0.7109421061480575,0.8154786470139358
1594,St. Louis,Median Home Value,tract,5,8330,268,688,NoPreTrain,4,1.0,0.21818181818181817,0.45348837209302323,0.7049418604651163,1.0,0.5471094026950264,0.7231171405531126,0.8154786470139358
1595,St. Louis,Median Home Value,tract,5,8330,268,688,NoPreTrain,5,1.0,0.38181818181818183,0.45930232558139533,0.7049418604651163,1.0,0.6620042710402119,0.7330408149224029,0.8154786470139358
1596,St. Louis,Median Home Value,tract,5,8330,268,688,NoPreTrain,6,1.0,0.2909090909090909,0.45348837209302323,0.7049418604651163,1.0,0.5809458645653149,0.7095093266414674,0.8154786470139358
1597,St. Louis,Median Home Value,tract,5,8330,268,688,NoPreTrain,7,1.0,0.2909090909090909,0.4476744186046512,0.7049418604651163,1.0,0.612822901317616,0.7209706088003042,0.8154786470139358
1598,St. Louis,Median Home Value,tract,5,8330,268,688,NoPreTrain,8,1.0,0.2909090909090909,0.49709302325581395,0.7049418604651163,1.0,0.6106791808144874,0.7691457419406108,0.8154786470139358
1599,St. Louis,Median Home Value,tract,5,8330,268,688,NoPreTrain,9,1.0,0.41818181818181815,0.501453488372093,0.7049418604651163,1.0,0.6869349307023725,0.7714062832377335,0.8154786470139358
1600,St. Louis,Median Age,tract,5,8760,271,728,Emb,0,1.0,0.2982456140350877,0.30357142857142855,0.4052197802197802,1.0,0.6120553359683794,0.590155926352639,0.6276697823786814
1601,St. Louis,Median Age,tract,5,8760,271,728,Emb,1,1.0,0.2982456140350877,0.3118131868131868,0.4052197802197802,1.0,0.59218416044503,0.5896237538927993,0.6276697823786814
1602,St. Louis,Median Age,tract,5,8760,271,728,Emb,2,1.0,0.3333333333333333,0.31456043956043955,0.4052197802197802,1.0,0.6121783047870004,0.6058957231048625,0.6276697823786814
1603,St. Louis,Median Age,tract,5,8760,271,728,Emb,3,1.0,0.22807017543859648,0.30631868131868134,0.4052197802197802,1.0,0.5199853608549261,0.5961214443328708,0.6276697823786814
1604,St. Louis,Median Age,tract,5,8760,271,728,Emb,4,1.0,0.22807017543859648,0.3173076923076923,0.4052197802197802,1.0,0.5756141121358512,0.5968483693079969,0.6276697823786814
1605,St. Louis,Median Age,tract,5,8760,271,728,Emb,5,1.0,0.22807017543859648,0.3021978021978022,0.4052197802197802,1.0,0.6006690089298786,0.5912072784879498,0.6276697823786814
1606,St. Louis,Median Age,tract,5,8760,271,728,Emb,6,1.0,0.2807017543859649,0.29945054945054944,0.4052197802197802,1.0,0.5786751573708095,0.5822436599938636,0.6276697823786814
1607,St. Louis,Median Age,tract,5,8760,271,728,Emb,7,1.0,0.22807017543859648,0.31456043956043955,0.4052197802197802,1.0,0.5789796515883472,0.5876396208914741,0.6276697823786814
1608,St. Louis,Median Age,tract,5,8760,271,728,Emb,8,1.0,0.24561403508771928,0.30494505494505497,0.4052197802197802,1.0,0.5657297613819352,0.584723772804615,0.6276697823786814
1609,St. Louis,Median Age,tract,5,8760,271,728,Emb,9,1.0,0.3508771929824561,0.30494505494505497,0.4052197802197802,1.0,0.644722588200849,0.5802673361611136,0.6276697823786814
1610,St. Louis,Median Age,tract,5,8760,271,728,LightGCN,0,0.897196261682243,0.2807017543859649,0.3228021978021978,0.4052197802197802,0.9911939612947048,0.6387527448397015,0.6236437423827021,0.6276697823786814
1611,St. Louis,Median Age,tract,5,8760,271,728,LightGCN,1,0.9018691588785047,0.3508771929824561,0.33653846153846156,0.4052197802197802,0.9850833300543627,0.6342936612501829,0.6187725238660281,0.6276697823786814
1612,St. Louis,Median Age,tract,5,8760,271,728,LightGCN,2,0.8785046728971962,0.2631578947368421,0.3392857142857143,0.4052197802197802,0.9878908057136796,0.5681027667984189,0.626736211283454,0.6276697823786814
1613,St. Louis,Median Age,tract,5,8760,271,728,LightGCN,3,0.9252336448598131,0.24561403508771928,0.3228021978021978,0.4052197802197802,0.9926646408145349,0.5526892109500805,0.5991686359056292,0.6276697823786814
1614,St. Louis,Median Age,tract,5,8760,271,728,LightGCN,4,0.9345794392523364,0.3684210526315789,0.3543956043956044,0.4052197802197802,0.9969283093384156,0.6852115356463182,0.6313663055965898,0.6276697823786814
1615,St. Louis,Median Age,tract,5,8760,271,728,LightGCN,5,0.8084112149532711,0.3508771929824561,0.32005494505494503,0.4052197802197802,0.9761281941092435,0.6758864002342263,0.6207807173597544,0.6276697823786814
1616,St. Louis,Median Age,tract,5,8760,271,728,LightGCN,6,0.9065420560747663,0.3333333333333333,0.33104395604395603,0.4052197802197802,0.9910375834234706,0.6367340067340067,0.6188936263690106,0.6276697823786814
1617,St. Louis,Median Age,tract,5,8760,271,728,LightGCN,7,0.9299065420560748,0.3684210526315789,0.33379120879120877,0.4052197802197802,0.993424398059361,0.6607700190308886,0.63064238656468,0.6276697823786814
1618,St. Louis,Median Age,tract,5,8760,271,728,LightGCN,8,0.8738317757009346,0.2982456140350877,0.3434065934065934,0.4052197802197802,0.9917414859427206,0.6315122236861367,0.6385700298305789,0.6276697823786814
1619,St. Louis,Median Age,tract,5,8760,271,728,LightGCN,9,0.9158878504672897,0.3333333333333333,0.32967032967032966,0.4052197802197802,0.99411557767099,0.6078085199824331,0.6256565054638241,0.6276697823786814
1620,St. Louis,Median Age,tract,5,8760,271,728,Feat-LightGCN,0,1.0,0.3333333333333333,0.31043956043956045,0.4052197802197802,1.0,0.6157853901332162,0.6211625422241319,0.6276697823786814
1621,St. Louis,Median Age,tract,5,8760,271,728,Feat-LightGCN,1,1.0,0.24561403508771928,0.31456043956043955,0.4052197802197802,1.0,0.5754252671643976,0.606669925056093,0.6276697823786814
1622,St. Louis,Median Age,tract,5,8760,271,728,Feat-LightGCN,2,1.0,0.2982456140350877,0.3131868131868132,0.4052197802197802,1.0,0.6256199677938808,0.599069766615164,0.6276697823786814
1623,St. Louis,Median Age,tract,5,8760,271,728,Feat-LightGCN,3,1.0,0.3508771929824561,0.3118131868131868,0.4052197802197802,1.0,0.6156258234519104,0.6050241243385006,0.6276697823786814
1624,St. Louis,Median Age,tract,5,8760,271,728,Feat-LightGCN,4,1.0,0.40350877192982454,0.31043956043956045,0.4052197802197802,1.0,0.6687307861220905,0.6068713436761058,0.6276697823786814
1625,St. Louis,Median Age,tract,5,8760,271,728,Feat-LightGCN,5,1.0,0.2982456140350877,0.3269230769230769,0.4052197802197802,1.0,0.6449465671204802,0.6213118019095958,0.6276697823786814
1626,St. Louis,Median Age,tract,5,8760,271,728,Feat-LightGCN,6,1.0,0.38596491228070173,0.3241758241758242,0.4052197802197802,1.0,0.6283121065729762,0.612023050970215,0.6276697823786814
1627,St. Louis,Median Age,tract,5,8760,271,728,Feat-LightGCN,7,1.0,0.2631578947368421,0.3159340659340659,0.4052197802197802,1.0,0.5912941004245352,0.6193267797173411,0.6276697823786814
1628,St. Louis,Median Age,tract,5,8760,271,728,Feat-LightGCN,8,1.0,0.38596491228070173,0.32967032967032966,0.4052197802197802,1.0,0.6673181086224564,0.6148576293411047,0.6276697823786814
1629,St. Louis,Median Age,tract,5,8760,271,728,Feat-LightGCN,9,1.0,0.24561403508771928,0.3076923076923077,0.4052197802197802,1.0,0.5459830185917143,0.6118025130425984,0.6276697823786814
1630,St. Louis,Median Age,tract,5,8760,271,728,Feat\&PC-LightGCN,0,1.0,0.3157894736842105,0.35714285714285715,0.4052197802197802,1.0,0.5879124579124578,0.6266640675636259,0.6276697823786814
1631,St. Louis,Median Age,tract,5,8760,271,728,Feat\&PC-LightGCN,1,1.0,0.2982456140350877,0.33379120879120877,0.4052197802197802,1.0,0.6198653198653199,0.6134536805804931,0.6276697823786814
1632,St. Louis,Median Age,tract,5,8760,271,728,Feat\&PC-LightGCN,2,1.0,0.24561403508771928,0.3516483516483517,0.4052197802197802,1.0,0.5581715707802664,0.6281473274243203,0.6276697823786814
1633,St. Louis,Median Age,tract,5,8760,271,728,Feat\&PC-LightGCN,3,1.0,0.22807017543859648,0.32005494505494503,0.4052197802197802,1.0,0.5318869858000292,0.6061381531667436,0.6276697823786814
1634,St. Louis,Median Age,tract,5,8760,271,728,Feat\&PC-LightGCN,4,1.0,0.3684210526315789,0.33104395604395603,0.4052197802197802,1.0,0.6311703996486605,0.6206161188940357,0.6276697823786814
1635,St. Louis,Median Age,tract,5,8760,271,728,Feat\&PC-LightGCN,5,1.0,0.3508771929824561,0.3585164835164835,0.4052197802197802,1.0,0.6438288683940858,0.6355025682670773,0.6276697823786814
1636,St. Louis,Median Age,tract,5,8760,271,728,Feat\&PC-LightGCN,6,1.0,0.2982456140350877,0.3557692307692308,0.4052197802197802,1.0,0.6166007905138341,0.618685115856582,0.6276697823786814
1637,St. Louis,Median Age,tract,5,8760,271,728,Feat\&PC-LightGCN,7,1.0,0.3508771929824561,0.364010989010989,0.4052197802197802,1.0,0.5978033962816571,0.6297630922649033,0.6276697823786814
1638,St. Louis,Median Age,tract,5,8760,271,728,Feat\&PC-LightGCN,8,1.0,0.3157894736842105,0.36126373626373626,0.4052197802197802,1.0,0.622784365393061,0.6214415563485622,0.6276697823786814
1639,St. Louis,Median Age,tract,5,8760,271,728,Feat\&PC-LightGCN,9,1.0,0.2982456140350877,0.3324175824175824,0.4052197802197802,1.0,0.6119484702093398,0.6276270382521358,0.6276697823786814
1640,St. Louis,Median Age,tract,5,8760,271,728,RGNN,0,0.9158878504672897,0.2982456140350877,0.3282967032967033,0.4052197802197802,0.992311212795564,0.6177953447518665,0.616460490218145,0.6276697823786814
1641,St. Louis,Median Age,tract,5,8760,271,728,RGNN,1,0.883177570093458,0.21052631578947367,0.30357142857142855,0.4052197802197802,0.9954921823321339,0.5134094568877177,0.6016370286026705,0.6276697823786814
1642,St. Louis,Median Age,tract,5,8760,271,728,RGNN,2,0.8738317757009346,0.2631578947368421,0.31043956043956045,0.4052197802197802,0.9827780666782878,0.6103425559947299,0.5959205571291604,0.6276697823786814
1643,St. Louis,Median Age,tract,5,8760,271,728,RGNN,3,0.8598130841121495,0.19298245614035087,0.3173076923076923,0.4052197802197802,0.9782392715779904,0.5533230859317817,0.600031737173703,0.6276697823786814
1644,St. Louis,Median Age,tract,5,8760,271,728,RGNN,4,0.8457943925233645,0.2631578947368421,0.3076923076923077,0.4052197802197802,0.983645436102969,0.5629819938515591,0.5996004181032982,0.6276697823786814
1645,St. Louis,Median Age,tract,5,8760,271,728,RGNN,5,0.9252336448598131,0.3333333333333333,0.30494505494505497,0.4052197802197802,0.9956690377824942,0.6478700043917436,0.6066013143993773,0.6276697823786814
1646,St. Louis,Median Age,tract,5,8760,271,728,RGNN,6,0.9672897196261683,0.24561403508771928,0.32005494505494503,0.4052197802197802,0.996907294522208,0.5352949787732395,0.5899740772465206,0.6276697823786814
1647,St. Louis,Median Age,tract,5,8760,271,728,RGNN,7,0.9299065420560748,0.2982456140350877,0.3241758241758242,0.4052197802197802,0.9908171698262777,0.5794246815985946,0.6041524834471768,0.6276697823786814
1648,St. Louis,Median Age,tract,5,8760,271,728,RGNN,8,0.9065420560747663,0.2807017543859649,0.2980769230769231,0.4052197802197802,0.9859468778168269,0.6159127506953593,0.583477220481974,0.6276697823786814
1649,St. Louis,Median Age,tract,5,8760,271,728,RGNN,9,0.8551401869158879,0.3684210526315789,0.29945054945054944,0.4052197802197802,0.9832860994792292,0.6179973649538867,0.5953181165676433,0.6276697823786814
1650,St. Louis,Median Age,tract,5,8760,271,728,Feat-RGNN,0,0.9065420560747663,0.22807017543859648,0.3324175824175824,0.4052197802197802,0.9919873576434586,0.6071014492753622,0.6310600989796152,0.6276697823786814
1651,St. Louis,Median Age,tract,5,8760,271,728,Feat-RGNN,1,0.7336448598130841,0.2631578947368421,0.32142857142857145,0.4052197802197802,0.9356374915144879,0.5816835016835016,0.6257688879226294,0.6276697823786814
1652,St. Louis,Median Age,tract,5,8760,271,728,Feat-RGNN,2,0.8084112149532711,0.3684210526315789,0.31456043956043955,0.4052197802197802,0.965931074244196,0.6191304347826087,0.6098368310795986,0.6276697823786814
1653,St. Louis,Median Age,tract,5,8760,271,728,Feat-RGNN,3,0.8364485981308412,0.24561403508771928,0.3173076923076923,0.4052197802197802,0.9862499945141504,0.57344751866491,0.6099128403206648,0.6276697823786814
1654,St. Louis,Median Age,tract,5,8760,271,728,Feat-RGNN,4,0.9065420560747663,0.2982456140350877,0.33653846153846156,0.4052197802197802,0.9888716315347846,0.5868276972624799,0.6243506039098371,0.6276697823786814
1655,St. Louis,Median Age,tract,5,8760,271,728,Feat-RGNN,5,0.6448598130841121,0.2807017543859649,0.2967032967032967,0.4052197802197802,0.9185035739776778,0.5989635485287659,0.6154743531725962,0.6276697823786814
1656,St. Louis,Median Age,tract,5,8760,271,728,Feat-RGNN,6,0.9205607476635514,0.2807017543859649,0.3392857142857143,0.4052197802197802,0.9905714179991889,0.5504552774117991,0.6089342951770123,0.6276697823786814
1657,St. Louis,Median Age,tract,5,8760,271,728,Feat-RGNN,7,0.9065420560747663,0.3508771929824561,0.3131868131868132,0.4052197802197802,0.9902865916884578,0.6748031034987557,0.6302264639641072,0.6276697823786814
1658,St. Louis,Median Age,tract,5,8760,271,728,Feat-RGNN,8,0.9112149532710281,0.22807017543859648,0.32554945054945056,0.4052197802197802,0.989073597379873,0.5726365100278145,0.6097898757688005,0.6276697823786814
1659,St. Louis,Median Age,tract,5,8760,271,728,Feat-RGNN,9,0.8878504672897196,0.3508771929824561,0.3076923076923077,0.4052197802197802,0.9878188184525871,0.6156199677938808,0.6118710410656895,0.6276697823786814
1660,St. Louis,Median Age,tract,5,8760,271,728,Feat\&PC-RGNN,0,0.9158878504672897,0.22807017543859648,0.3241758241758242,0.4052197802197802,0.9905511568446638,0.5348953301127214,0.6162367340966508,0.6276697823786814
1661,St. Louis,Median Age,tract,5,8760,271,728,Feat\&PC-RGNN,1,0.7336448598130841,0.2807017543859649,0.3269230769230769,0.4052197802197802,0.9736566109978956,0.6362143170838823,0.6232254655941422,0.6276697823786814
1662,St. Louis,Median Age,tract,5,8760,271,728,Feat\&PC-RGNN,2,0.7523364485981309,0.2631578947368421,0.2925824175824176,0.4052197802197802,0.9467168330364956,0.5645264236568585,0.6113146442726385,0.6276697823786814
1663,St. Louis,Median Age,tract,5,8760,271,728,Feat\&PC-RGNN,3,0.8691588785046729,0.24561403508771928,0.2802197802197802,0.4052197802197802,0.9824106802756865,0.5547401551749378,0.5886024521498374,0.6276697823786814
1664,St. Louis,Median Age,tract,5,8760,271,728,Feat\&PC-RGNN,4,0.8878504672897196,0.2807017543859649,0.34203296703296704,0.4052197802197802,0.9860967605049128,0.5953593910115649,0.6221042624803121,0.6276697823786814
1665,St. Louis,Median Age,tract,5,8760,271,728,Feat\&PC-RGNN,5,0.8785046728971962,0.21052631578947367,0.35302197802197804,0.4052197802197802,0.9840999962282433,0.5961865027082418,0.6275478151917755,0.6276697823786814
1666,St. Louis,Median Age,tract,5,8760,271,728,Feat\&PC-RGNN,6,0.9392523364485982,0.2631578947368421,0.3131868131868132,0.4052197802197802,0.9955778899223352,0.6650373298199386,0.6125272601346994,0.6276697823786814
1667,St. Louis,Median Age,tract,5,8760,271,728,Feat\&PC-RGNN,7,0.8644859813084113,0.22807017543859648,0.30494505494505497,0.4052197802197802,0.986057927712127,0.581531254574733,0.6158347517324171,0.6276697823786814
1668,St. Louis,Median Age,tract,5,8760,271,728,Feat\&PC-RGNN,8,0.9953271028037384,0.3157894736842105,0.34065934065934067,0.4052197802197802,1.0,0.6340696823305519,0.6295716756849323,0.6276697823786814
1669,St. Louis,Median Age,tract,5,8760,271,728,Feat\&PC-RGNN,9,0.9392523364485982,0.24561403508771928,0.32967032967032966,0.4052197802197802,0.9932905944902911,0.536723759332455,0.6119798706559332,0.6276697823786814
1670,St. Louis,Median Age,tract,5,8760,271,728,NoPreTrain,0,1.0,0.19298245614035087,0.2815934065934066,0.4052197802197802,1.0,0.5261367296149905,0.5721169416702394,0.6276697823786814
1671,St. Louis,Median Age,tract,5,8760,271,728,NoPreTrain,1,1.0,0.3157894736842105,0.3090659340659341,0.4052197802197802,1.0,0.5667910993997951,0.5839583837258995,0.6276697823786814
1672,St. Louis,Median Age,tract,5,8760,271,728,NoPreTrain,2,1.0,0.14035087719298245,0.2980769230769231,0.4052197802197802,1.0,0.4812706777924169,0.5803208429174992,0.6276697823786814
1673,St. Louis,Median Age,tract,5,8760,271,728,NoPreTrain,3,1.0,0.2982456140350877,0.31456043956043955,0.4052197802197802,1.0,0.5505841018884498,0.5987259814878783,0.6276697823786814
1674,St. Louis,Median Age,tract,5,8760,271,728,NoPreTrain,4,1.0,0.22807017543859648,0.28296703296703296,0.4052197802197802,1.0,0.5099414434197043,0.5673295463726785,0.6276697823786814
1675,St. Louis,Median Age,tract,5,8760,271,728,NoPreTrain,5,1.0,0.12280701754385964,0.27884615384615385,0.4052197802197802,1.0,0.4054501537110233,0.5741222590989621,0.6276697823786814
1676,St. Louis,Median Age,tract,5,8760,271,728,NoPreTrain,6,1.0,0.14035087719298245,0.29945054945054944,0.4052197802197802,1.0,0.4582769726247987,0.5761987419860193,0.6276697823786814
1677,St. Louis,Median Age,tract,5,8760,271,728,NoPreTrain,7,1.0,0.19298245614035087,0.2967032967032967,0.4052197802197802,1.0,0.500417215634607,0.5831533051853404,0.6276697823786814
1678,St. Louis,Median Age,tract,5,8760,271,728,NoPreTrain,8,1.0,0.19298245614035087,0.30494505494505497,0.4052197802197802,1.0,0.515486751573708,0.5990358889951619,0.6276697823786814
1679,St. Louis,Median Age,tract,5,8760,271,728,NoPreTrain,9,1.0,0.21052631578947367,0.27884615384615385,0.4052197802197802,1.0,0.5464119455423803,0.5746027455686632,0.6276697823786814
1680,Indianapolis,Median Income,tract,5,5781,193,454,Emb,0,1.0,0.28205128205128205,0.45374449339207046,0.5814977973568282,1.0,0.636491935483871,0.7215880079516442,0.7382937769301405
1681,Indianapolis,Median Income,tract,5,5781,193,454,Emb,1,1.0,0.20512820512820512,0.43832599118942733,0.5814977973568282,1.0,0.6033410138248847,0.7269272646545374,0.7382937769301405
1682,Indianapolis,Median Income,tract,5,5781,193,454,Emb,2,1.0,0.07692307692307693,0.45594713656387664,0.5814977973568282,1.0,0.561549539170507,0.7187608855790673,0.7382937769301405
1683,Indianapolis,Median Income,tract,5,5781,193,454,Emb,3,1.0,0.23076923076923078,0.43392070484581496,0.5814977973568282,1.0,0.555126728110599,0.7170556463738281,0.7382937769301405
1684,Indianapolis,Median Income,tract,5,5781,193,454,Emb,4,1.0,0.2564102564102564,0.42731277533039647,0.5814977973568282,1.0,0.6091877880184331,0.7216535484717304,0.7382937769301405
1685,Indianapolis,Median Income,tract,5,5781,193,454,Emb,5,1.0,0.358974358974359,0.44933920704845814,0.5814977973568282,1.0,0.6263536866359447,0.7094117750935933,0.7382937769301405
1686,Indianapolis,Median Income,tract,5,5781,193,454,Emb,6,1.0,0.3076923076923077,0.4185022026431718,0.5814977973568282,1.0,0.6338709677419356,0.7311645929827748,0.7382937769301405
1687,Indianapolis,Median Income,tract,5,5781,193,454,Emb,7,1.0,0.358974358974359,0.43392070484581496,0.5814977973568282,1.0,0.6579205069124424,0.7316815255451619,0.7382937769301405
1688,Indianapolis,Median Income,tract,5,5781,193,454,Emb,8,1.0,0.23076923076923078,0.460352422907489,0.5814977973568282,1.0,0.6097062211981567,0.7330108275562821,0.7382937769301405
1689,Indianapolis,Median Income,tract,5,5781,193,454,Emb,9,1.0,0.20512820512820512,0.45374449339207046,0.5814977973568282,1.0,0.4648329493087557,0.7288601297692205,0.7382937769301405
1690,Indianapolis,Median Income,tract,5,5781,193,454,LightGCN,0,0.935064935064935,0.41025641025641024,0.41629955947136565,0.5814977973568282,0.995482271512509,0.745708525345622,0.7291373777737414,0.7382937769301405
1691,Indianapolis,Median Income,tract,5,5781,193,454,LightGCN,1,0.961038961038961,0.358974358974359,0.44052863436123346,0.5814977973568282,0.9984859581247699,0.6436059907834102,0.7281822722731814,0.7382937769301405
1692,Indianapolis,Median Income,tract,5,5781,193,454,LightGCN,2,0.7012987012987013,0.41025641025641024,0.40969162995594716,0.5814977973568282,0.9797175568690106,0.7168778801843319,0.7247592811229174,0.7382937769301405
1693,Indianapolis,Median Income,tract,5,5781,193,454,LightGCN,3,0.948051948051948,0.3076923076923077,0.45594713656387664,0.5814977973568282,0.994726733856077,0.6938940092165898,0.727255118618755,0.7382937769301405
1694,Indianapolis,Median Income,tract,5,5781,193,454,LightGCN,4,0.974025974025974,0.358974358974359,0.44493392070484583,0.5814977973568282,0.9984610006339425,0.6459965437788018,0.7219589501407684,0.7382937769301405
1695,Indianapolis,Median Income,tract,5,5781,193,454,LightGCN,5,0.974025974025974,0.41025641025641024,0.42731277533039647,0.5814977973568282,0.9974897540983607,0.6806163594470046,0.7204164017800381,0.7382937769301405
1696,Indianapolis,Median Income,tract,5,5781,193,454,LightGCN,6,0.9155844155844156,0.3076923076923077,0.4118942731277533,0.5814977973568282,0.9920900284111607,0.6593029953917051,0.7324891270345817,0.7382937769301405
1697,Indianapolis,Median Income,tract,5,5781,193,454,LightGCN,7,0.961038961038961,0.5384615384615384,0.45594713656387664,0.5814977973568282,0.99508540588647,0.7652649769585254,0.7450856719038537,0.7382937769301405
1698,Indianapolis,Median Income,tract,5,5781,193,454,LightGCN,8,0.974025974025974,0.41025641025641024,0.47577092511013214,0.5814977973568282,0.9965238211153041,0.6930587557603687,0.7609203927385745,0.7382937769301405
1699,Indianapolis,Median Income,tract,5,5781,193,454,LightGCN,9,0.9805194805194806,0.358974358974359,0.46916299559471364,0.5814977973568282,0.9990195428098809,0.6817396313364055,0.7427253554526282,0.7382937769301405
1700,Indianapolis,Median Income,tract,5,5781,193,454,Feat-LightGCN,0,1.0,0.358974358974359,0.45374449339207046,0.5814977973568282,1.0,0.7064804147465438,0.7532948364766547,0.7382937769301405
1701,Indianapolis,Median Income,tract,5,5781,193,454,Feat-LightGCN,1,1.0,0.48717948717948717,0.4713656387665198,0.5814977973568282,1.0,0.7602822580645162,0.7572158649431378,0.7382937769301405
1702,Indianapolis,Median Income,tract,5,5781,193,454,Feat-LightGCN,2,1.0,0.48717948717948717,0.4581497797356828,0.5814977973568282,1.0,0.7914458525345622,0.7482139073048164,0.7382937769301405
1703,Indianapolis,Median Income,tract,5,5781,193,454,Feat-LightGCN,3,1.0,0.48717948717948717,0.4581497797356828,0.5814977973568282,1.0,0.762528801843318,0.7510183755638301,0.7382937769301405
1704,Indianapolis,Median Income,tract,5,5781,193,454,Feat-LightGCN,4,1.0,0.2564102564102564,0.46916299559471364,0.5814977973568282,1.0,0.676008064516129,0.7557983430710704,0.7382937769301405
1705,Indianapolis,Median Income,tract,5,5781,193,454,Feat-LightGCN,5,1.0,0.38461538461538464,0.43832599118942733,0.5814977973568282,1.0,0.7176555299539171,0.7445120536029627,0.7382937769301405
1706,Indianapolis,Median Income,tract,5,5781,193,454,Feat-LightGCN,6,1.0,0.4358974358974359,0.45154185022026433,0.5814977973568282,1.0,0.7626152073732719,0.758599481326754,0.7382937769301405
1707,Indianapolis,Median Income,tract,5,5781,193,454,Feat-LightGCN,7,1.0,0.5384615384615384,0.42731277533039647,0.5814977973568282,1.0,0.8083525345622119,0.7320539561448652,0.7382937769301405
1708,Indianapolis,Median Income,tract,5,5781,193,454,Feat-LightGCN,8,1.0,0.38461538461538464,0.45374449339207046,0.5814977973568282,1.0,0.6782834101382489,0.7541566514293787,0.7382937769301405
1709,Indianapolis,Median Income,tract,5,5781,193,454,Feat-LightGCN,9,1.0,0.3076923076923077,0.44052863436123346,0.5814977973568282,1.0,0.681278801843318,0.7426253039889403,0.7382937769301405
1710,Indianapolis,Median Income,tract,5,5781,193,454,Feat\&PC-LightGCN,0,1.0,0.38461538461538464,0.4955947136563877,0.5814977973568282,1.0,0.7212269585253457,0.7624835265744356,0.7382937769301405
1711,Indianapolis,Median Income,tract,5,5781,193,454,Feat\&PC-LightGCN,1,1.0,0.4358974358974359,0.4911894273127753,0.5814977973568282,1.0,0.7121543778801843,0.7618914418914419,0.7382937769301405
1712,Indianapolis,Median Income,tract,5,5781,193,454,Feat\&PC-LightGCN,2,1.0,0.5128205128205128,0.48237885462555063,0.5814977973568282,1.0,0.7877304147465437,0.7592105873924057,0.7382937769301405
1713,Indianapolis,Median Income,tract,5,5781,193,454,Feat\&PC-LightGCN,3,1.0,0.358974358974359,0.4933920704845815,0.5814977973568282,1.0,0.6817972350230415,0.7472529995257269,0.7382937769301405
1714,Indianapolis,Median Income,tract,5,5781,193,454,Feat\&PC-LightGCN,4,1.0,0.3333333333333333,0.48237885462555063,0.5814977973568282,1.0,0.7192972350230414,0.7655301012119194,0.7382937769301405
1715,Indianapolis,Median Income,tract,5,5781,193,454,Feat\&PC-LightGCN,5,1.0,0.38461538461538464,0.4801762114537445,0.5814977973568282,1.0,0.7093317972350232,0.7581129476584022,0.7382937769301405
1716,Indianapolis,Median Income,tract,5,5781,193,454,Feat\&PC-LightGCN,6,1.0,0.358974358974359,0.46255506607929514,0.5814977973568282,1.0,0.6827764976958526,0.764958274049183,0.7382937769301405
1717,Indianapolis,Median Income,tract,5,5781,193,454,Feat\&PC-LightGCN,7,1.0,0.5384615384615384,0.4933920704845815,0.5814977973568282,1.0,0.801008064516129,0.7546989878808061,0.7382937769301405
1718,Indianapolis,Median Income,tract,5,5781,193,454,Feat\&PC-LightGCN,8,1.0,0.4358974358974359,0.4845814977973568,0.5814977973568282,1.0,0.728081797235023,0.7752455120636939,0.7382937769301405
1719,Indianapolis,Median Income,tract,5,5781,193,454,Feat\&PC-LightGCN,9,1.0,0.23076923076923078,0.486784140969163,0.5814977973568282,1.0,0.6593894009216591,0.7672186399459127,0.7382937769301405
1720,Indianapolis,Median Income,tract,5,5781,193,454,RGNN,0,0.9935064935064936,0.3076923076923077,0.42951541850220265,0.5814977973568282,1.0,0.6442684331797235,0.723956498047407,0.7382937769301405
1721,Indianapolis,Median Income,tract,5,5781,193,454,RGNN,1,1.0,0.28205128205128205,0.44493392070484583,0.5814977973568282,1.0,0.6126152073732719,0.7318598573144028,0.7382937769301405
1722,Indianapolis,Median Income,tract,5,5781,193,454,RGNN,2,0.4935064935064935,0.28205128205128205,0.3524229074889868,0.5814977973568282,0.9376192138667726,0.5984158986175115,0.6955714992078628,0.7382937769301405
1723,Indianapolis,Median Income,tract,5,5781,193,454,RGNN,3,0.36363636363636365,0.358974358974359,0.28634361233480177,0.5814977973568282,0.8856013270192165,0.7097638248847925,0.6952606988970625,0.7382937769301405
1724,Indianapolis,Median Income,tract,5,5781,193,454,RGNN,4,0.987012987012987,0.4358974358974359,0.43612334801762115,0.5814977973568282,0.9998975409836065,0.6978398617511521,0.709717302899121,0.7382937769301405
1725,Indianapolis,Median Income,tract,5,5781,193,454,RGNN,5,0.9935064935064936,0.2564102564102564,0.44493392070484583,0.5814977973568282,0.9997808888984505,0.5896025345622121,0.704143180052271,0.7382937769301405
1726,Indianapolis,Median Income,tract,5,5781,193,454,RGNN,6,1.0,0.3333333333333333,0.4713656387665198,0.5814977973568282,1.0,0.6444412442396313,0.7132962492053401,0.7382937769301405
1727,Indianapolis,Median Income,tract,5,5781,193,454,RGNN,7,0.9935064935064936,0.3333333333333333,0.4118942731277533,0.5814977973568282,1.0,0.6728686635944701,0.7061142897506534,0.7382937769301405
1728,Indianapolis,Median Income,tract,5,5781,193,454,RGNN,8,1.0,0.3333333333333333,0.44493392070484583,0.5814977973568282,1.0,0.6589573732718895,0.7222813045540317,0.7382937769301405
1729,Indianapolis,Median Income,tract,5,5781,193,454,RGNN,9,0.8116883116883117,0.28205128205128205,0.40969162995594716,0.5814977973568282,0.9808024699319793,0.5913882488479263,0.7197573638482728,0.7382937769301405
1730,Indianapolis,Median Income,tract,5,5781,193,454,Feat-RGNN,0,1.0,0.4358974358974359,0.44713656387665196,0.5814977973568282,1.0,0.7012960829493087,0.7294781481145118,0.7382937769301405
1731,Indianapolis,Median Income,tract,5,5781,193,454,Feat-RGNN,1,1.0,0.2564102564102564,0.4185022026431718,0.5814977973568282,1.0,0.5796082949308755,0.7078268196450015,0.7382937769301405
1732,Indianapolis,Median Income,tract,5,5781,193,454,Feat-RGNN,2,0.9935064935064936,0.41025641025641024,0.44273127753303965,0.5814977973568282,0.9997666958296879,0.6814804147465438,0.7399544899544899,0.7382937769301405
1733,Indianapolis,Median Income,tract,5,5781,193,454,Feat-RGNN,3,0.9935064935064936,0.38461538461538464,0.42731277533039647,0.5814977973568282,1.0,0.5757776497695852,0.7032583830311102,0.7382937769301405
1734,Indianapolis,Median Income,tract,5,5781,193,454,Feat-RGNN,4,1.0,0.3076923076923077,0.42951541850220265,0.5814977973568282,1.0,0.6154953917050691,0.7175125884216793,0.7382937769301405
1735,Indianapolis,Median Income,tract,5,5781,193,454,Feat-RGNN,5,0.9935064935064936,0.41025641025641024,0.3986784140969163,0.5814977973568282,1.0,0.6923963133640554,0.7009970837243565,0.7382937769301405
1736,Indianapolis,Median Income,tract,5,5781,193,454,Feat-RGNN,6,0.948051948051948,0.2564102564102564,0.44052863436123346,0.5814977973568282,0.9982329181188417,0.5737039170506912,0.7171771662680754,0.7382937769301405
1737,Indianapolis,Median Income,tract,5,5781,193,454,Feat-RGNN,7,0.8181818181818182,0.3076923076923077,0.4008810572687225,0.5814977973568282,0.9772272506509301,0.6459677419354838,0.7141983269255996,0.7382937769301405
1738,Indianapolis,Median Income,tract,5,5781,193,454,Feat-RGNN,8,0.987012987012987,0.3076923076923077,0.43171806167400884,0.5814977973568282,0.9978005698208963,0.5978110599078341,0.7280994258266984,0.7382937769301405
1739,Indianapolis,Median Income,tract,5,5781,193,454,Feat-RGNN,9,0.9805194805194806,0.3333333333333333,0.41629955947136565,0.5814977973568282,0.9978869508626996,0.6275345622119815,0.7090188599279508,0.7382937769301405
1740,Indianapolis,Median Income,tract,5,5781,193,454,Feat\&PC-RGNN,0,1.0,0.358974358974359,0.45154185022026433,0.5814977973568282,1.0,0.7231566820276498,0.7284604789150243,0.7382937769301405
1741,Indianapolis,Median Income,tract,5,5781,193,454,Feat\&PC-RGNN,1,0.9935064935064936,0.3333333333333333,0.4118942731277533,0.5814977973568282,1.0,0.6816820276497696,0.7264003673094581,0.7382937769301405
1742,Indianapolis,Median Income,tract,5,5781,193,454,Feat\&PC-RGNN,2,0.948051948051948,0.358974358974359,0.4185022026431718,0.5814977973568282,0.9966108744603647,0.6412730414746544,0.7381285381285381,0.7382937769301405
1743,Indianapolis,Median Income,tract,5,5781,193,454,Feat\&PC-RGNN,3,0.9675324675324676,0.15384615384615385,0.44493392070484583,0.5814977973568282,0.9980350966204361,0.626958525345622,0.722967083421629,0.7382937769301405
1744,Indianapolis,Median Income,tract,5,5781,193,454,Feat\&PC-RGNN,4,1.0,0.2564102564102564,0.43171806167400884,0.5814977973568282,1.0,0.6325748847926267,0.7082828787374241,0.7382937769301405
1745,Indianapolis,Median Income,tract,5,5781,193,454,Feat\&PC-RGNN,5,0.987012987012987,0.3076923076923077,0.43832599118942733,0.5814977973568282,0.9999487704918032,0.6629608294930877,0.7154659986478168,0.7382937769301405
1746,Indianapolis,Median Income,tract,5,5781,193,454,Feat\&PC-RGNN,6,1.0,0.358974358974359,0.42731277533039647,0.5814977973568282,1.0,0.6959389400921658,0.7159612105066651,0.7382937769301405
1747,Indianapolis,Median Income,tract,5,5781,193,454,Feat\&PC-RGNN,7,0.9935064935064936,0.4358974358974359,0.44273127753303965,0.5814977973568282,1.0,0.7622407834101381,0.7203152907698362,0.7382937769301405
1748,Indianapolis,Median Income,tract,5,5781,193,454,Feat\&PC-RGNN,8,0.9935064935064936,0.5128205128205128,0.460352422907489,0.5814977973568282,0.9998904444492253,0.7678571428571429,0.7436388359115631,0.7382937769301405
1749,Indianapolis,Median Income,tract,5,5781,193,454,Feat\&PC-RGNN,9,0.9090909090909091,0.3076923076923077,0.4581497797356828,0.5814977973568282,0.9969757679318512,0.6050691244239632,0.7389085157266975,0.7382937769301405
1750,Indianapolis,Median Income,tract,5,5781,193,454,NoPreTrain,0,1.0,0.20512820512820512,0.42951541850220265,0.5814977973568282,1.0,0.5522753456221199,0.6891339216339216,0.7382937769301405
1751,Indianapolis,Median Income,tract,5,5781,193,454,NoPreTrain,1,1.0,0.20512820512820512,0.43392070484581496,0.5814977973568282,1.0,0.5148041474654377,0.701327763145945,0.7382937769301405
1752,Indianapolis,Median Income,tract,5,5781,193,454,NoPreTrain,2,1.0,0.2564102564102564,0.4251101321585903,0.5814977973568282,1.0,0.5868087557603686,0.6764217096035278,0.7382937769301405
1753,Indianapolis,Median Income,tract,5,5781,193,454,NoPreTrain,3,1.0,0.23076923076923078,0.43612334801762115,0.5814977973568282,1.0,0.5783698156682028,0.7052891300618574,0.7382937769301405
1754,Indianapolis,Median Income,tract,5,5781,193,454,NoPreTrain,4,1.0,0.2564102564102564,0.42070484581497797,0.5814977973568282,1.0,0.558496543778802,0.6825301466210557,0.7382937769301405
1755,Indianapolis,Median Income,tract,5,5781,193,454,NoPreTrain,5,1.0,0.358974358974359,0.4251101321585903,0.5814977973568282,1.0,0.6227246543778803,0.7041729482638573,0.7382937769301405
1756,Indianapolis,Median Income,tract,5,5781,193,454,NoPreTrain,6,1.0,0.28205128205128205,0.4052863436123348,0.5814977973568282,1.0,0.6378168202764977,0.6911414343232525,0.7382937769301405
1757,Indianapolis,Median Income,tract,5,5781,193,454,NoPreTrain,7,1.0,0.3076923076923077,0.4251101321585903,0.5814977973568282,1.0,0.6153513824884793,0.6766913894186622,0.7382937769301405
1758,Indianapolis,Median Income,tract,5,5781,193,454,NoPreTrain,8,1.0,0.28205128205128205,0.42070484581497797,0.5814977973568282,1.0,0.47286866359447,0.6769391971664698,0.7382937769301405
1759,Indianapolis,Median Income,tract,5,5781,193,454,NoPreTrain,9,1.0,0.23076923076923078,0.4669603524229075,0.5814977973568282,1.0,0.5564228110599079,0.7236637604819423,0.7382937769301405
1760,Indianapolis,Median Home Value,tract,5,5368,189,434,Emb,0,1.0,0.23076923076923078,0.5023041474654378,0.7050691244239631,1.0,0.6037442396313363,0.7608674524454234,0.8154079286795923
1761,Indianapolis,Median Home Value,tract,5,5368,189,434,Emb,1,1.0,0.2564102564102564,0.5,0.7050691244239631,1.0,0.6088133640552995,0.7649573863621816,0.8154079286795923
1762,Indianapolis,Median Home Value,tract,5,5368,189,434,Emb,2,1.0,0.3076923076923077,0.576036866359447,0.7050691244239631,1.0,0.6507776497695852,0.7920624356460688,0.8154079286795923
1763,Indianapolis,Median Home Value,tract,5,5368,189,434,Emb,3,1.0,0.41025641025641024,0.5529953917050692,0.7050691244239631,1.0,0.6997695852534562,0.7893458328371405,0.8154079286795923
1764,Indianapolis,Median Home Value,tract,5,5368,189,434,Emb,4,1.0,0.38461538461538464,0.5645161290322581,0.7050691244239631,1.0,0.6970910138248848,0.7919829692418631,0.8154079286795923
1765,Indianapolis,Median Home Value,tract,5,5368,189,434,Emb,5,1.0,0.20512820512820512,0.5023041474654378,0.7050691244239631,1.0,0.5996543778801844,0.7553030332935146,0.8154079286795923
1766,Indianapolis,Median Home Value,tract,5,5368,189,434,Emb,6,1.0,0.2564102564102564,0.5345622119815668,0.7050691244239631,1.0,0.5379032258064516,0.7727177589038354,0.8154079286795923
1767,Indianapolis,Median Home Value,tract,5,5368,189,434,Emb,7,1.0,0.41025641025641024,0.5253456221198156,0.7050691244239631,1.0,0.6951036866359448,0.7649921462333442,0.8154079286795923
1768,Indianapolis,Median Home Value,tract,5,5368,189,434,Emb,8,1.0,0.20512820512820512,0.5023041474654378,0.7050691244239631,1.0,0.5092741935483872,0.7567335967194413,0.8154079286795923
1769,Indianapolis,Median Home Value,tract,5,5368,189,434,Emb,9,1.0,0.3333333333333333,0.49539170506912444,0.7050691244239631,1.0,0.650921658986175,0.7678623950995346,0.8154079286795923
1770,Indianapolis,Median Home Value,tract,5,5368,189,434,LightGCN,0,0.9,0.3333333333333333,0.5069124423963134,0.7050691244239631,0.9896908587993005,0.6606566820276497,0.7900749022334993,0.8154079286795923
1771,Indianapolis,Median Home Value,tract,5,5368,189,434,LightGCN,1,0.9333333333333333,0.3076923076923077,0.4976958525345622,0.7050691244239631,0.9965302249932231,0.6826612903225806,0.7950521506018356,0.8154079286795923
1772,Indianapolis,Median Home Value,tract,5,5368,189,434,LightGCN,2,0.88,0.28205128205128205,0.4861751152073733,0.7050691244239631,0.9900216121537957,0.6506336405529953,0.7646307986766677,0.8154079286795923
1773,Indianapolis,Median Home Value,tract,5,5368,189,434,LightGCN,3,0.8866666666666667,0.3076923076923077,0.4838709677419355,0.7050691244239631,0.9889501273817644,0.6897465437788017,0.7813848076533936,0.8154079286795923
1774,Indianapolis,Median Home Value,tract,5,5368,189,434,LightGCN,4,0.94,0.46153846153846156,0.5253456221198156,0.7050691244239631,0.9963611957991885,0.7548963133640553,0.8016421611266036,0.8154079286795923
1775,Indianapolis,Median Home Value,tract,5,5368,189,434,LightGCN,5,0.96,0.41025641025641024,0.5276497695852534,0.7050691244239631,0.9961223486193372,0.7427995391705069,0.8001571230442428,0.8154079286795923
1776,Indianapolis,Median Home Value,tract,5,5368,189,434,LightGCN,6,0.9466666666666667,0.3076923076923077,0.4976958525345622,0.7050691244239631,0.9970894716801524,0.6438940092165899,0.7980004083147516,0.8154079286795923
1777,Indianapolis,Median Home Value,tract,5,5368,189,434,LightGCN,7,0.9466666666666667,0.4358974358974359,0.5069124423963134,0.7050691244239631,0.9935912668175135,0.7169066820276496,0.7878271773978802,0.8154079286795923
1778,Indianapolis,Median Home Value,tract,5,5368,189,434,LightGCN,8,0.9466666666666667,0.358974358974359,0.49078341013824883,0.7050691244239631,0.993433396503136,0.7043490783410139,0.7929863482994399,0.8154079286795923
1779,Indianapolis,Median Home Value,tract,5,5368,189,434,LightGCN,9,0.8933333333333333,0.28205128205128205,0.5,0.7050691244239631,0.9866128621494378,0.7107142857142857,0.7958745764074158,0.8154079286795923
1780,Indianapolis,Median Home Value,tract,5,5368,189,434,Feat-LightGCN,0,1.0,0.46153846153846156,0.5345622119815668,0.7050691244239631,1.0,0.7075172811059908,0.7907519802214685,0.8154079286795923
1781,Indianapolis,Median Home Value,tract,5,5368,189,434,Feat-LightGCN,1,1.0,0.41025641025641024,0.5506912442396313,0.7050691244239631,1.0,0.7097062211981566,0.7996950154564845,0.8154079286795923
1782,Indianapolis,Median Home Value,tract,5,5368,189,434,Feat-LightGCN,2,1.0,0.358974358974359,0.543778801843318,0.7050691244239631,1.0,0.6929435483870967,0.7847072603166598,0.8154079286795923
1783,Indianapolis,Median Home Value,tract,5,5368,189,434,Feat-LightGCN,3,1.0,0.38461538461538464,0.5668202764976958,0.7050691244239631,1.0,0.7086405529953917,0.8085509544562985,0.8154079286795923
1784,Indianapolis,Median Home Value,tract,5,5368,189,434,Feat-LightGCN,4,1.0,0.48717948717948717,0.5714285714285714,0.7050691244239631,1.0,0.7465437788018433,0.8197410822191415,0.8154079286795923
1785,Indianapolis,Median Home Value,tract,5,5368,189,434,Feat-LightGCN,5,1.0,0.4358974358974359,0.5552995391705069,0.7050691244239631,1.0,0.7388824884792626,0.80176838890099,0.8154079286795923
1786,Indianapolis,Median Home Value,tract,5,5368,189,434,Feat-LightGCN,6,1.0,0.358974358974359,0.5668202764976958,0.7050691244239631,1.0,0.6697004608294931,0.8205747140296233,0.8154079286795923
1787,Indianapolis,Median Home Value,tract,5,5368,189,434,Feat-LightGCN,7,1.0,0.41025641025641024,0.5345622119815668,0.7050691244239631,1.0,0.7310771889400922,0.8031310076994755,0.8154079286795923
1788,Indianapolis,Median Home Value,tract,5,5368,189,434,Feat-LightGCN,8,1.0,0.3333333333333333,0.5460829493087558,0.7050691244239631,1.0,0.7061923963133641,0.8005813687810915,0.8154079286795923
1789,Indianapolis,Median Home Value,tract,5,5368,189,434,Feat-LightGCN,9,1.0,0.46153846153846156,0.5599078341013825,0.7050691244239631,1.0,0.7509216589861751,0.8095789686830825,0.8154079286795923
1790,Indianapolis,Median Home Value,tract,5,5368,189,434,Feat\&PC-LightGCN,0,1.0,0.41025641025641024,0.5599078341013825,0.7050691244239631,1.0,0.6960253456221198,0.8091589963381377,0.8154079286795923
1791,Indianapolis,Median Home Value,tract,5,5368,189,434,Feat\&PC-LightGCN,1,1.0,0.38461538461538464,0.5714285714285714,0.7050691244239631,1.0,0.7275057603686635,0.8224197996656797,0.8154079286795923
1792,Indianapolis,Median Home Value,tract,5,5368,189,434,Feat\&PC-LightGCN,2,1.0,0.4358974358974359,0.5967741935483871,0.7050691244239631,1.0,0.7280817972350231,0.8381006973840289,0.8154079286795923
1793,Indianapolis,Median Home Value,tract,5,5368,189,434,Feat\&PC-LightGCN,3,1.0,0.48717948717948717,0.6036866359447005,0.7050691244239631,1.0,0.7848790322580645,0.8445298715306457,0.8154079286795923
1794,Indianapolis,Median Home Value,tract,5,5368,189,434,Feat\&PC-LightGCN,4,1.0,0.4358974358974359,0.5783410138248848,0.7050691244239631,1.0,0.7165322580645161,0.8364934813438012,0.8154079286795923
1795,Indianapolis,Median Home Value,tract,5,5368,189,434,Feat\&PC-LightGCN,5,1.0,0.41025641025641024,0.5645161290322581,0.7050691244239631,1.0,0.7415322580645161,0.8221180987953354,0.8154079286795923
1796,Indianapolis,Median Home Value,tract,5,5368,189,434,Feat\&PC-LightGCN,6,1.0,0.41025641025641024,0.6013824884792627,0.7050691244239631,1.0,0.6936059907834101,0.8441161111957198,0.8154079286795923
1797,Indianapolis,Median Home Value,tract,5,5368,189,434,Feat\&PC-LightGCN,7,1.0,0.4358974358974359,0.5576036866359447,0.7050691244239631,1.0,0.7442396313364055,0.8155342595118352,0.8154079286795923
1798,Indianapolis,Median Home Value,tract,5,5368,189,434,Feat\&PC-LightGCN,8,1.0,0.3076923076923077,0.5875576036866359,0.7050691244239631,1.0,0.7174251152073733,0.8323106695408453,0.8154079286795923
1799,Indianapolis,Median Home Value,tract,5,5368,189,434,Feat\&PC-LightGCN,9,1.0,0.5128205128205128,0.5898617511520737,0.7050691244239631,1.0,0.7467741935483871,0.8407909839161853,0.8154079286795923
1800,Indianapolis,Median Home Value,tract,5,5368,189,434,RGNN,0,1.0,0.2564102564102564,0.4792626728110599,0.7050691244239631,1.0,0.6229550691244239,0.7609004548580618,0.8154079286795923
1801,Indianapolis,Median Home Value,tract,5,5368,189,434,RGNN,1,0.9866666666666667,0.46153846153846156,0.5207373271889401,0.7050691244239631,0.9999414519906324,0.6864055299539171,0.7843435129292455,0.8154079286795923
1802,Indianapolis,Median Home Value,tract,5,5368,189,434,RGNN,2,1.0,0.2564102564102564,0.5391705069124424,0.7050691244239631,1.0,0.5868375576036866,0.7711029271324158,0.8154079286795923
1803,Indianapolis,Median Home Value,tract,5,5368,189,434,RGNN,3,1.0,0.28205128205128205,0.532258064516129,0.7050691244239631,1.0,0.68551267281106,0.7871927928840453,0.8154079286795923
1804,Indianapolis,Median Home Value,tract,5,5368,189,434,RGNN,4,0.9933333333333333,0.41025641025641024,0.5414746543778802,0.7050691244239631,1.0,0.7129320276497696,0.7969234030157499,0.8154079286795923
1805,Indianapolis,Median Home Value,tract,5,5368,189,434,RGNN,5,1.0,0.3333333333333333,0.4838709677419355,0.7050691244239631,1.0,0.6762384792626728,0.768572573649759,0.8154079286795923
1806,Indianapolis,Median Home Value,tract,5,5368,189,434,RGNN,6,0.9733333333333334,0.3333333333333333,0.5023041474654378,0.7050691244239631,0.9965672202249488,0.6454493087557603,0.7698127259845461,0.8154079286795923
1807,Indianapolis,Median Home Value,tract,5,5368,189,434,RGNN,7,0.9733333333333334,0.41025641025641024,0.5184331797235023,0.7050691244239631,0.9987682698674393,0.7183755760368664,0.7937484933702417,0.8154079286795923
1808,Indianapolis,Median Home Value,tract,5,5368,189,434,RGNN,8,0.9866666666666667,0.3333333333333333,0.5,0.7050691244239631,0.9998286887467838,0.6511232718894009,0.7728995811419849,0.8154079286795923
1809,Indianapolis,Median Home Value,tract,5,5368,189,434,RGNN,9,0.98,0.28205128205128205,0.5023041474654378,0.7050691244239631,0.9990848957245511,0.621889400921659,0.7807087547234841,0.8154079286795923
1810,Indianapolis,Median Home Value,tract,5,5368,189,434,Feat-RGNN,0,0.9533333333333334,0.5897435897435898,0.5207373271889401,0.7050691244239631,0.9985449653155815,0.7809043778801843,0.7943230004244513,0.8154079286795923
1811,Indianapolis,Median Home Value,tract,5,5368,189,434,Feat-RGNN,1,0.9933333333333333,0.3333333333333333,0.5230414746543779,0.7050691244239631,0.9998373542965574,0.6818260368663595,0.7913687213992842,0.8154079286795923
1812,Indianapolis,Median Home Value,tract,5,5368,189,434,Feat-RGNN,2,1.0,0.41025641025641024,0.5483870967741935,0.7050691244239631,1.0,0.715754608294931,0.800336841223705,0.8154079286795923
1813,Indianapolis,Median Home Value,tract,5,5368,189,434,Feat-RGNN,3,1.0,0.48717948717948717,0.5092165898617511,0.7050691244239631,1.0,0.7369815668202765,0.7769775515479835,0.8154079286795923
1814,Indianapolis,Median Home Value,tract,5,5368,189,434,Feat-RGNN,4,1.0,0.4358974358974359,0.5276497695852534,0.7050691244239631,1.0,0.7252592165898617,0.7933289144181901,0.8154079286795923
1815,Indianapolis,Median Home Value,tract,5,5368,189,434,Feat-RGNN,5,1.0,0.4358974358974359,0.511520737327189,0.7050691244239631,1.0,0.725028801843318,0.7744247108658427,0.8154079286795923
1816,Indianapolis,Median Home Value,tract,5,5368,189,434,Feat-RGNN,6,0.9533333333333334,0.358974358974359,0.5276497695852534,0.7050691244239631,0.9968928085126031,0.6592165898617511,0.7869247975139861,0.8154079286795923
1817,Indianapolis,Median Home Value,tract,5,5368,189,434,Feat-RGNN,7,0.98,0.46153846153846156,0.5391705069124424,0.7050691244239631,0.9966734032713462,0.7466013824884793,0.7820574539916141,0.8154079286795923
1818,Indianapolis,Median Home Value,tract,5,5368,189,434,Feat-RGNN,8,0.9333333333333333,0.46153846153846156,0.4861751152073733,0.7050691244239631,0.9942098173455902,0.7717165898617512,0.7846289216463372,0.8154079286795923
1819,Indianapolis,Median Home Value,tract,5,5368,189,434,Feat-RGNN,9,0.7266666666666667,0.358974358974359,0.4608294930875576,0.7050691244239631,0.972500912301274,0.7343605990783411,0.793184344412382,0.8154079286795923
1820,Indianapolis,Median Home Value,tract,5,5368,189,434,Feat\&PC-RGNN,0,0.9666666666666667,0.28205128205128205,0.5599078341013825,0.7050691244239631,0.9980244768452067,0.6601958525345623,0.8010197705748556,0.8154079286795923
1821,Indianapolis,Median Home Value,tract,5,5368,189,434,Feat\&PC-RGNN,1,0.9733333333333334,0.4358974358974359,0.5529953917050692,0.7050691244239631,0.9996118278088602,0.7606278801843318,0.793567922156406,0.8154079286795923
1822,Indianapolis,Median Home Value,tract,5,5368,189,434,Feat\&PC-RGNN,2,0.92,0.358974358974359,0.5483870967741935,0.7050691244239631,0.9955501290944723,0.6326900921658987,0.7918908375067915,0.8154079286795923
1823,Indianapolis,Median Home Value,tract,5,5368,189,434,Feat\&PC-RGNN,3,1.0,0.46153846153846156,0.5414746543778802,0.7050691244239631,1.0,0.6964861751152073,0.7865788863462966,0.8154079286795923
1824,Indianapolis,Median Home Value,tract,5,5368,189,434,Feat\&PC-RGNN,4,0.9,0.46153846153846156,0.5691244239631337,0.7050691244239631,0.9970674854382245,0.7314228110599077,0.8254619158577421,0.8154079286795923
1825,Indianapolis,Median Home Value,tract,5,5368,189,434,Feat\&PC-RGNN,5,1.0,0.358974358974359,0.5576036866359447,0.7050691244239631,1.0,0.7003168202764977,0.7896225302558385,0.8154079286795923
1826,Indianapolis,Median Home Value,tract,5,5368,189,434,Feat\&PC-RGNN,6,0.9933333333333333,0.20512820512820512,0.5944700460829493,0.7050691244239631,0.9996530447186807,0.6470622119815668,0.8098869738560645,0.8154079286795923
1827,Indianapolis,Median Home Value,tract,5,5368,189,434,Feat\&PC-RGNN,7,1.0,0.41025641025641024,0.5276497695852534,0.7050691244239631,1.0,0.6771889400921659,0.7692881526629053,0.8154079286795923
1828,Indianapolis,Median Home Value,tract,5,5368,189,434,Feat\&PC-RGNN,8,0.98,0.41025641025641024,0.5276497695852534,0.7050691244239631,0.9995033973398983,0.6999711981566821,0.7850976547633204,0.8154079286795923
1829,Indianapolis,Median Home Value,tract,5,5368,189,434,Feat\&PC-RGNN,9,0.9933333333333333,0.4358974358974359,0.5668202764976958,0.7050691244239631,0.9997744735123029,0.7742799539170506,0.8077867957876936,0.8154079286795923
1830,Indianapolis,Median Home Value,tract,5,5368,189,434,NoPreTrain,0,1.0,0.3076923076923077,0.45161290322580644,0.7050691244239631,1.0,0.5720334101382488,0.7118256911043257,0.8154079286795923
1831,Indianapolis,Median Home Value,tract,5,5368,189,434,NoPreTrain,1,1.0,0.28205128205128205,0.5276497695852534,0.7050691244239631,1.0,0.5841589861751152,0.7639841517149669,0.8154079286795923
1832,Indianapolis,Median Home Value,tract,5,5368,189,434,NoPreTrain,2,1.0,0.3076923076923077,0.5138248847926268,0.7050691244239631,1.0,0.6311347926267281,0.7657267301181203,0.8154079286795923
1833,Indianapolis,Median Home Value,tract,5,5368,189,434,NoPreTrain,3,1.0,0.20512820512820512,0.48847926267281105,0.7050691244239631,1.0,0.4897177419354839,0.7155439411768347,0.8154079286795923
1834,Indianapolis,Median Home Value,tract,5,5368,189,434,NoPreTrain,4,1.0,0.28205128205128205,0.5092165898617511,0.7050691244239631,1.0,0.5373271889400921,0.755640335504671,0.8154079286795923
1835,Indianapolis,Median Home Value,tract,5,5368,189,434,NoPreTrain,5,1.0,0.1794871794871795,0.4838709677419355,0.7050691244239631,1.0,0.49199308755760374,0.740049750069776,0.8154079286795923
1836,Indianapolis,Median Home Value,tract,5,5368,189,434,NoPreTrain,6,1.0,0.1794871794871795,0.48847926267281105,0.7050691244239631,1.0,0.46195276497695853,0.7358714133899118,0.8154079286795923
1837,Indianapolis,Median Home Value,tract,5,5368,189,434,NoPreTrain,7,1.0,0.358974358974359,0.5184331797235023,0.7050691244239631,1.0,0.6393433179723502,0.7628667104336133,0.8154079286795923
1838,Indianapolis,Median Home Value,tract,5,5368,189,434,NoPreTrain,8,1.0,0.28205128205128205,0.4930875576036866,0.7050691244239631,1.0,0.5338997695852534,0.7394507866859208,0.8154079286795923
1839,Indianapolis,Median Home Value,tract,5,5368,189,434,NoPreTrain,9,1.0,0.2564102564102564,0.5414746543778802,0.7050691244239631,1.0,0.6293490783410138,0.7778191845509356,0.8154079286795923
1840,Indianapolis,Median Age,tract,5,5834,193,463,Emb,0,1.0,0.25,0.3174946004319654,0.43628509719222464,1.0,0.56484375,0.6246779575125501,0.6474295439839302
1841,Indianapolis,Median Age,tract,5,5834,193,463,Emb,1,1.0,0.175,0.3434125269978402,0.43628509719222464,1.0,0.4546875,0.6179097339541576,0.6474295439839302
1842,Indianapolis,Median Age,tract,5,5834,193,463,Emb,2,1.0,0.25,0.35853131749460043,0.43628509719222464,1.0,0.49140625,0.627170666013553,0.6474295439839302
1843,Indianapolis,Median Age,tract,5,5834,193,463,Emb,3,1.0,0.2,0.31965442764578833,0.43628509719222464,1.0,0.58671875,0.6050519633914252,0.6474295439839302
1844,Indianapolis,Median Age,tract,5,5834,193,463,Emb,4,1.0,0.275,0.3390928725701944,0.43628509719222464,1.0,0.590625,0.6239431275388875,0.6474295439839302
1845,Indianapolis,Median Age,tract,5,5834,193,463,Emb,5,1.0,0.15,0.34989200863930886,0.43628509719222464,1.0,0.52578125,0.6211025462830582,0.6474295439839302
1846,Indianapolis,Median Age,tract,5,5834,193,463,Emb,6,1.0,0.275,0.3434125269978402,0.43628509719222464,1.0,0.6265625,0.6238247630596414,0.6474295439839302
1847,Indianapolis,Median Age,tract,5,5834,193,463,Emb,7,1.0,0.3,0.3412526997840173,0.43628509719222464,1.0,0.56953125,0.6319282484224253,0.6474295439839302
1848,Indianapolis,Median Age,tract,5,5834,193,463,Emb,8,1.0,0.275,0.3434125269978402,0.43628509719222464,1.0,0.57734375,0.6279400045953984,0.6474295439839302
1849,Indianapolis,Median Age,tract,5,5834,193,463,Emb,9,1.0,0.225,0.34557235421166305,0.43628509719222464,1.0,0.56875,0.6333834523406665,0.6474295439839302
1850,Indianapolis,Median Age,tract,5,5834,193,463,LightGCN,0,0.5555555555555556,0.175,0.28725701943844495,0.43628509719222464,0.9607047229075144,0.5890625,0.6278150958731726,0.6474295439839302
1851,Indianapolis,Median Age,tract,5,5834,193,463,LightGCN,1,0.6601307189542484,0.275,0.35205183585313177,0.43628509719222464,0.9868570444215985,0.5421875,0.6562441580138024,0.6474295439839302
1852,Indianapolis,Median Age,tract,5,5834,193,463,LightGCN,2,0.9934640522875817,0.325,0.34557235421166305,0.43628509719222464,0.9999471179270227,0.60390625,0.6567582224270858,0.6474295439839302
1853,Indianapolis,Median Age,tract,5,5834,193,463,LightGCN,3,0.7254901960784313,0.225,0.2678185745140389,0.43628509719222464,0.9654910665392753,0.5640625,0.6188587430827048,0.6474295439839302
1854,Indianapolis,Median Age,tract,5,5834,193,463,LightGCN,4,0.8562091503267973,0.325,0.32397408207343414,0.43628509719222464,0.9832626501110415,0.64609375,0.6434986605140394,0.6474295439839302
1855,Indianapolis,Median Age,tract,5,5834,193,463,LightGCN,5,0.8954248366013072,0.25,0.32181425485961124,0.43628509719222464,0.9884635300628777,0.58984375,0.652898783950431,0.6474295439839302
1856,Indianapolis,Median Age,tract,5,5834,193,463,LightGCN,6,0.9607843137254902,0.325,0.3347732181425486,0.43628509719222464,0.9982689259122008,0.63828125,0.6472979356386327,0.6474295439839302
1857,Indianapolis,Median Age,tract,5,5834,193,463,LightGCN,7,0.9673202614379085,0.175,0.35205183585313177,0.43628509719222464,0.9998387168430118,0.62890625,0.6639112800621538,0.6474295439839302
1858,Indianapolis,Median Age,tract,5,5834,193,463,LightGCN,8,0.9673202614379085,0.35,0.3650107991360691,0.43628509719222464,0.9982315792012203,0.6671875,0.6556448498627487,0.6474295439839302
1859,Indianapolis,Median Age,tract,5,5834,193,463,LightGCN,9,0.9281045751633987,0.35,0.34773218142548595,0.43628509719222464,0.9902439597428337,0.6828125,0.6415155308965661,0.6474295439839302
1860,Indianapolis,Median Age,tract,5,5834,193,463,Feat-LightGCN,0,1.0,0.175,0.3304535637149028,0.43628509719222464,1.0,0.53203125,0.6130524123326905,0.6474295439839302
1861,Indianapolis,Median Age,tract,5,5834,193,463,Feat-LightGCN,1,1.0,0.175,0.34557235421166305,0.43628509719222464,1.0,0.5421875,0.6504160763497737,0.6474295439839302
1862,Indianapolis,Median Age,tract,5,5834,193,463,Feat-LightGCN,2,1.0,0.225,0.3369330453563715,0.43628509719222464,1.0,0.58359375,0.6380217269887687,0.6474295439839302
1863,Indianapolis,Median Age,tract,5,5834,193,463,Feat-LightGCN,3,1.0,0.325,0.31533477321814257,0.43628509719222464,1.0,0.628125,0.616371711153916,0.6474295439839302
1864,Indianapolis,Median Age,tract,5,5834,193,463,Feat-LightGCN,4,1.0,0.275,0.31965442764578833,0.43628509719222464,1.0,0.5875,0.6317999991815334,0.6474295439839302
1865,Indianapolis,Median Age,tract,5,5834,193,463,Feat-LightGCN,5,1.0,0.3,0.34557235421166305,0.43628509719222464,1.0,0.621875,0.6404532444651831,0.6474295439839302
1866,Indianapolis,Median Age,tract,5,5834,193,463,Feat-LightGCN,6,1.0,0.225,0.35205183585313177,0.43628509719222464,1.0,0.596875,0.6435989642697787,0.6474295439839302
1867,Indianapolis,Median Age,tract,5,5834,193,463,Feat-LightGCN,7,1.0,0.2,0.32181425485961124,0.43628509719222464,1.0,0.53046875,0.6265493595988493,0.6474295439839302
1868,Indianapolis,Median Age,tract,5,5834,193,463,Feat-LightGCN,8,1.0,0.35,0.3023758099352052,0.43628509719222464,1.0,0.65390625,0.6264600081961097,0.6474295439839302
1869,Indianapolis,Median Age,tract,5,5834,193,463,Feat-LightGCN,9,1.0,0.4,0.3693304535637149,0.43628509719222464,1.0,0.6171875,0.6539605037152777,0.6474295439839302
1870,Indianapolis,Median Age,tract,5,5834,193,463,Feat\&PC-LightGCN,0,1.0,0.375,0.34989200863930886,0.43628509719222464,1.0,0.62421875,0.6271013748440409,0.6474295439839302
1871,Indianapolis,Median Age,tract,5,5834,193,463,Feat\&PC-LightGCN,1,1.0,0.15,0.36069114470842334,0.43628509719222464,1.0,0.61875,0.6434453859327558,0.6474295439839302
1872,Indianapolis,Median Age,tract,5,5834,193,463,Feat\&PC-LightGCN,2,1.0,0.4,0.3650107991360691,0.43628509719222464,1.0,0.65,0.6419725307544668,0.6474295439839302
1873,Indianapolis,Median Age,tract,5,5834,193,463,Feat\&PC-LightGCN,3,1.0,0.3,0.35205183585313177,0.43628509719222464,1.0,0.59609375,0.623226649027089,0.6474295439839302
1874,Indianapolis,Median Age,tract,5,5834,193,463,Feat\&PC-LightGCN,4,1.0,0.45,0.36069114470842334,0.43628509719222464,1.0,0.64765625,0.635017886967,0.6474295439839302
1875,Indianapolis,Median Age,tract,5,5834,193,463,Feat\&PC-LightGCN,5,1.0,0.35,0.3304535637149028,0.43628509719222464,1.0,0.62265625,0.6088989809151496,0.6474295439839302
1876,Indianapolis,Median Age,tract,5,5834,193,463,Feat\&PC-LightGCN,6,1.0,0.3,0.3369330453563715,0.43628509719222464,1.0,0.578125,0.6192836697308989,0.6474295439839302
1877,Indianapolis,Median Age,tract,5,5834,193,463,Feat\&PC-LightGCN,7,1.0,0.35,0.3714902807775378,0.43628509719222464,1.0,0.55078125,0.6399459485560216,0.6474295439839302
1878,Indianapolis,Median Age,tract,5,5834,193,463,Feat\&PC-LightGCN,8,1.0,0.3,0.3347732181425486,0.43628509719222464,1.0,0.584375,0.6320585067339377,0.6474295439839302
1879,Indianapolis,Median Age,tract,5,5834,193,463,Feat\&PC-LightGCN,9,1.0,0.45,0.3650107991360691,0.43628509719222464,1.0,0.6671875,0.6362003463110945,0.6474295439839302
1880,Indianapolis,Median Age,tract,5,5834,193,463,RGNN,0,0.7254901960784313,0.3,0.31317494600431967,0.43628509719222464,0.9731754546062344,0.59921875,0.6154467355307289,0.6474295439839302
1881,Indianapolis,Median Age,tract,5,5834,193,463,RGNN,1,0.9934640522875817,0.225,0.31101511879049676,0.43628509719222464,0.9999457994579946,0.52890625,0.5980116819153529,0.6474295439839302
1882,Indianapolis,Median Age,tract,5,5834,193,463,RGNN,2,1.0,0.275,0.3650107991360691,0.43628509719222464,1.0,0.59453125,0.6142361965472902,0.6474295439839302
1883,Indianapolis,Median Age,tract,5,5834,193,463,RGNN,3,0.8954248366013072,0.275,0.3045356371490281,0.43628509719222464,0.9881926925872488,0.59921875,0.5956541178593142,0.6474295439839302
1884,Indianapolis,Median Age,tract,5,5834,193,463,RGNN,4,0.9215686274509803,0.25,0.32181425485961124,0.43628509719222464,0.99130824280765,0.59296875,0.628520203142777,0.6474295439839302
1885,Indianapolis,Median Age,tract,5,5834,193,463,RGNN,5,1.0,0.35,0.3434125269978402,0.43628509719222464,1.0,0.67421875,0.6103776034729915,0.6474295439839302
1886,Indianapolis,Median Age,tract,5,5834,193,463,RGNN,6,0.954248366013072,0.4,0.2958963282937365,0.43628509719222464,0.9980330975240971,0.62421875,0.5974878829504211,0.6474295439839302
1887,Indianapolis,Median Age,tract,5,5834,193,463,RGNN,7,0.9934640522875817,0.25,0.32397408207343414,0.43628509719222464,1.0,0.61953125,0.6102578230734134,0.6474295439839302
1888,Indianapolis,Median Age,tract,5,5834,193,463,RGNN,8,1.0,0.175,0.3282937365010799,0.43628509719222464,1.0,0.53125,0.6031146086982597,0.6474295439839302
1889,Indianapolis,Median Age,tract,5,5834,193,463,RGNN,9,0.9803921568627451,0.2,0.3542116630669546,0.43628509719222464,0.9997830011488175,0.5984375,0.6240052450582549,0.6474295439839302
1890,Indianapolis,Median Age,tract,5,5834,193,463,Feat-RGNN,0,1.0,0.3,0.32181425485961124,0.43628509719222464,1.0,0.6125,0.6082091910765653,0.6474295439839302
1891,Indianapolis,Median Age,tract,5,5834,193,463,Feat-RGNN,1,0.7058823529411765,0.15,0.2678185745140389,0.43628509719222464,0.9743662178870964,0.47734375,0.6020370953823176,0.6474295439839302
1892,Indianapolis,Median Age,tract,5,5834,193,463,Feat-RGNN,2,1.0,0.15,0.36069114470842334,0.43628509719222464,1.0,0.48828125,0.6334613439421352,0.6474295439839302
1893,Indianapolis,Median Age,tract,5,5834,193,463,Feat-RGNN,3,0.9673202614379085,0.4,0.30669546436285094,0.43628509719222464,0.9991846097494408,0.6,0.5781667371602983,0.6474295439839302
1894,Indianapolis,Median Age,tract,5,5834,193,463,Feat-RGNN,4,1.0,0.2,0.2937365010799136,0.43628509719222464,1.0,0.50078125,0.5828548415448797,0.6474295439839302
1895,Indianapolis,Median Age,tract,5,5834,193,463,Feat-RGNN,5,0.5620915032679739,0.275,0.27213822894168466,0.43628509719222464,0.9551732036286588,0.6140625,0.5804235036971046,0.6474295439839302
1896,Indianapolis,Median Age,tract,5,5834,193,463,Feat-RGNN,6,0.9281045751633987,0.325,0.2958963282937365,0.43628509719222464,0.993523215742431,0.603125,0.5867636030654365,0.6474295439839302
1897,Indianapolis,Median Age,tract,5,5834,193,463,Feat-RGNN,7,0.8954248366013072,0.275,0.3023758099352052,0.43628509719222464,0.990786268767349,0.60859375,0.6011223807733045,0.6474295439839302
1898,Indianapolis,Median Age,tract,5,5834,193,463,Feat-RGNN,8,0.9869281045751634,0.125,0.3023758099352052,0.43628509719222464,1.0,0.48515625,0.5926356387533354,0.6474295439839302
1899,Indianapolis,Median Age,tract,5,5834,193,463,Feat-RGNN,9,0.9607843137254902,0.325,0.31965442764578833,0.43628509719222464,0.993217461065902,0.60390625,0.5986813100617998,0.6474295439839302
1900,Indianapolis,Median Age,tract,5,5834,193,463,Feat\&PC-RGNN,0,0.9869281045751634,0.35,0.3347732181425486,0.43628509719222464,0.9997857364284541,0.5953125,0.6176959019766393,0.6474295439839302
1901,Indianapolis,Median Age,tract,5,5834,193,463,Feat\&PC-RGNN,1,0.9084967320261438,0.2,0.32181425485961124,0.43628509719222464,0.9948492599536323,0.5515625,0.6065952218430615,0.6474295439839302
1902,Indianapolis,Median Age,tract,5,5834,193,463,Feat\&PC-RGNN,2,0.9934640522875817,0.25,0.34773218142548595,0.43628509719222464,0.9998386185014315,0.58671875,0.620027694728569,0.6474295439839302
1903,Indianapolis,Median Age,tract,5,5834,193,463,Feat\&PC-RGNN,3,0.9869281045751634,0.275,0.31317494600431967,0.43628509719222464,0.9997273837962034,0.6109375,0.5970795142528015,0.6474295439839302
1904,Indianapolis,Median Age,tract,5,5834,193,463,Feat\&PC-RGNN,4,0.9477124183006536,0.275,0.31101511879049676,0.43628509719222464,0.9981141588600007,0.5703125,0.6174023475657704,0.6474295439839302
1905,Indianapolis,Median Age,tract,5,5834,193,463,Feat\&PC-RGNN,5,0.5751633986928104,0.25,0.2548596112311015,0.43628509719222464,0.940712561185119,0.63203125,0.5968160224474269,0.6474295439839302
1906,Indianapolis,Median Age,tract,5,5834,193,463,Feat\&PC-RGNN,6,1.0,0.2,0.3174946004319654,0.43628509719222464,1.0,0.60234375,0.6113532182160641,0.6474295439839302
1907,Indianapolis,Median Age,tract,5,5834,193,463,Feat\&PC-RGNN,7,0.803921568627451,0.175,0.28293736501079914,0.43628509719222464,0.9692260232895087,0.5890625,0.6130158912433654,0.6474295439839302
1908,Indianapolis,Median Age,tract,5,5834,193,463,Feat\&PC-RGNN,8,0.9673202614379085,0.25,0.30885529157667385,0.43628509719222464,0.9994645869250866,0.58515625,0.6125003410022323,0.6474295439839302
1909,Indianapolis,Median Age,tract,5,5834,193,463,Feat\&PC-RGNN,9,1.0,0.3,0.34989200863930886,0.43628509719222464,1.0,0.5984375,0.6289722990045951,0.6474295439839302
1910,Indianapolis,Median Age,tract,5,5834,193,463,NoPreTrain,0,1.0,0.225,0.3304535637149028,0.43628509719222464,1.0,0.5484375,0.6121502091427684,0.6474295439839302
1911,Indianapolis,Median Age,tract,5,5834,193,463,NoPreTrain,1,1.0,0.15,0.28725701943844495,0.43628509719222464,1.0,0.475,0.57171879245593,0.6474295439839302
1912,Indianapolis,Median Age,tract,5,5834,193,463,NoPreTrain,2,1.0,0.2,0.3412526997840173,0.43628509719222464,1.0,0.52421875,0.6131016952534079,0.6474295439839302
1913,Indianapolis,Median Age,tract,5,5834,193,463,NoPreTrain,3,1.0,0.15,0.2915766738660907,0.43628509719222464,1.0,0.48046875,0.566693301655629,0.6474295439839302
1914,Indianapolis,Median Age,tract,5,5834,193,463,NoPreTrain,4,1.0,0.175,0.367170626349892,0.43628509719222464,1.0,0.53671875,0.6254788653012203,0.6474295439839302
1915,Indianapolis,Median Age,tract,5,5834,193,463,NoPreTrain,5,1.0,0.275,0.32181425485961124,0.43628509719222464,1.0,0.5609375,0.601717165772203,0.6474295439839302
1916,Indianapolis,Median Age,tract,5,5834,193,463,NoPreTrain,6,1.0,0.175,0.3434125269978402,0.43628509719222464,1.0,0.51484375,0.6081291489678761,0.6474295439839302
1917,Indianapolis,Median Age,tract,5,5834,193,463,NoPreTrain,7,1.0,0.4,0.34989200863930886,0.43628509719222464,1.0,0.60625,0.6257182475505398,0.6474295439839302
1918,Indianapolis,Median Age,tract,5,5834,193,463,NoPreTrain,8,1.0,0.15,0.3282937365010799,0.43628509719222464,1.0,0.47421875,0.581192552695069,0.6474295439839302
1919,Indianapolis,Median Age,tract,5,5834,193,463,NoPreTrain,9,1.0,0.175,0.367170626349892,0.43628509719222464,1.0,0.48359375,0.647883240560944,0.6474295439839302
1920,Nashville,Median Income,tract,5,5928,160,380,Emb,0,1.0,0.29411764705882354,0.45,0.5236842105263158,1.0,0.6642908017908018,0.6955241608271449,0.702281805417692
1921,Nashville,Median Income,tract,5,5928,160,380,Emb,1,1.0,0.23529411764705882,0.4,0.5236842105263158,1.0,0.5543243793243793,0.6912243709809637,0.702281805417692
1922,Nashville,Median Income,tract,5,5928,160,380,Emb,2,1.0,0.2647058823529412,0.41578947368421054,0.5236842105263158,1.0,0.6223290598290598,0.6830293693609744,0.702281805417692
1923,Nashville,Median Income,tract,5,5928,160,380,Emb,3,1.0,0.20588235294117646,0.41842105263157897,0.5236842105263158,1.0,0.5831196581196582,0.670972510041571,0.702281805417692
1924,Nashville,Median Income,tract,5,5928,160,380,Emb,4,1.0,0.35294117647058826,0.39210526315789473,0.5236842105263158,1.0,0.5922847985347985,0.6625932399638726,0.702281805417692
1925,Nashville,Median Income,tract,5,5928,160,380,Emb,5,1.0,0.5,0.4394736842105263,0.5236842105263158,1.0,0.6931420431420431,0.684864072084703,0.702281805417692
1926,Nashville,Median Income,tract,5,5928,160,380,Emb,6,1.0,0.23529411764705882,0.4,0.5236842105263158,1.0,0.5995115995115995,0.6865291340549213,0.702281805417692
1927,Nashville,Median Income,tract,5,5928,160,380,Emb,7,1.0,0.23529411764705882,0.42105263157894735,0.5236842105263158,1.0,0.5503713878713878,0.696847606658635,0.702281805417692
1928,Nashville,Median Income,tract,5,5928,160,380,Emb,8,1.0,0.3235294117647059,0.3894736842105263,0.5236842105263158,1.0,0.5957468457468458,0.6720541855694113,0.702281805417692
1929,Nashville,Median Income,tract,5,5928,160,380,Emb,9,1.0,0.3235294117647059,0.42105263157894735,0.5236842105263158,1.0,0.6243386243386244,0.6904023823159235,0.702281805417692
1930,Nashville,Median Income,tract,5,5928,160,380,LightGCN,0,1.0,0.35294117647058826,0.4236842105263158,0.5236842105263158,1.0,0.6782661782661783,0.721581780910199,0.702281805417692
1931,Nashville,Median Income,tract,5,5928,160,380,LightGCN,1,1.0,0.29411764705882354,0.4368421052631579,0.5236842105263158,1.0,0.657010582010582,0.727625652545087,0.702281805417692
1932,Nashville,Median Income,tract,5,5928,160,380,LightGCN,2,0.9682539682539683,0.35294117647058826,0.43157894736842106,0.5236842105263158,0.9992042082859924,0.6671652421652422,0.7085679880136402,0.702281805417692
1933,Nashville,Median Income,tract,5,5928,160,380,LightGCN,3,1.0,0.29411764705882354,0.41842105263157897,0.5236842105263158,1.0,0.6415954415954416,0.718137356324752,0.702281805417692
1934,Nashville,Median Income,tract,5,5928,160,380,LightGCN,4,1.0,0.5294117647058824,0.45263157894736844,0.5236842105263158,1.0,0.7546703296703297,0.7084668978475919,0.702281805417692
1935,Nashville,Median Income,tract,5,5928,160,380,LightGCN,5,1.0,0.4117647058823529,0.45,0.5236842105263158,1.0,0.6849664224664225,0.7012340380444397,0.702281805417692
1936,Nashville,Median Income,tract,5,5928,160,380,LightGCN,6,1.0,0.38235294117647056,0.4342105263157895,0.5236842105263158,1.0,0.6867216117216117,0.7163619588426597,0.702281805417692
1937,Nashville,Median Income,tract,5,5928,160,380,LightGCN,7,1.0,0.2647058823529412,0.39473684210526316,0.5236842105263158,1.0,0.716005291005291,0.7071658547585347,0.702281805417692
1938,Nashville,Median Income,tract,5,5928,160,380,LightGCN,8,0.7301587301587301,0.38235294117647056,0.39210526315789473,0.5236842105263158,0.9608387508747335,0.7575142450142451,0.7332741644417835,0.702281805417692
1939,Nashville,Median Income,tract,5,5928,160,380,LightGCN,9,1.0,0.4411764705882353,0.4236842105263158,0.5236842105263158,1.0,0.7134411884411884,0.7237115286405057,0.702281805417692
1940,Nashville,Median Income,tract,5,5928,160,380,Feat-LightGCN,0,1.0,0.47058823529411764,0.4131578947368421,0.5236842105263158,1.0,0.7222832722832723,0.698284149996834,0.702281805417692
1941,Nashville,Median Income,tract,5,5928,160,380,Feat-LightGCN,1,1.0,0.35294117647058826,0.47368421052631576,0.5236842105263158,1.0,0.680560643060643,0.7311547869777539,0.702281805417692
1942,Nashville,Median Income,tract,5,5928,160,380,Feat-LightGCN,2,1.0,0.4117647058823529,0.39473684210526316,0.5236842105263158,1.0,0.711502849002849,0.6832437469006069,0.702281805417692
1943,Nashville,Median Income,tract,5,5928,160,380,Feat-LightGCN,3,1.0,0.4117647058823529,0.4394736842105263,0.5236842105263158,1.0,0.7666514041514041,0.7101328829900447,0.702281805417692
1944,Nashville,Median Income,tract,5,5928,160,380,Feat-LightGCN,4,1.0,0.4411764705882353,0.44473684210526315,0.5236842105263158,1.0,0.7026505901505902,0.7213183636450358,0.702281805417692
1945,Nashville,Median Income,tract,5,5928,160,380,Feat-LightGCN,5,1.0,0.38235294117647056,0.44473684210526315,0.5236842105263158,1.0,0.6827177452177453,0.7098270202651644,0.702281805417692
1946,Nashville,Median Income,tract,5,5928,160,380,Feat-LightGCN,6,1.0,0.29411764705882354,0.3973684210526316,0.5236842105263158,1.0,0.6592389092389094,0.6941025244148158,0.702281805417692
1947,Nashville,Median Income,tract,5,5928,160,380,Feat-LightGCN,7,1.0,0.29411764705882354,0.4236842105263158,0.5236842105263158,1.0,0.6328398453398453,0.7070289087310695,0.702281805417692
1948,Nashville,Median Income,tract,5,5928,160,380,Feat-LightGCN,8,1.0,0.3235294117647059,0.4394736842105263,0.5236842105263158,1.0,0.655408017908018,0.715460574997359,0.702281805417692
1949,Nashville,Median Income,tract,5,5928,160,380,Feat-LightGCN,9,1.0,0.38235294117647056,0.4368421052631579,0.5236842105263158,1.0,0.6032407407407407,0.7026592716813914,0.702281805417692
1950,Nashville,Median Income,tract,5,5928,160,380,Feat\&PC-LightGCN,0,1.0,0.35294117647058826,0.46842105263157896,0.5236842105263158,1.0,0.7023860398860398,0.7207902129000227,0.702281805417692
1951,Nashville,Median Income,tract,5,5928,160,380,Feat\&PC-LightGCN,1,1.0,0.3235294117647059,0.4342105263157895,0.5236842105263158,1.0,0.6063721001221001,0.6990190970378121,0.702281805417692
1952,Nashville,Median Income,tract,5,5928,160,380,Feat\&PC-LightGCN,2,1.0,0.38235294117647056,0.43157894736842106,0.5236842105263158,1.0,0.6028947903947903,0.7030703819723024,0.702281805417692
1953,Nashville,Median Income,tract,5,5928,160,380,Feat\&PC-LightGCN,3,1.0,0.4411764705882353,0.4473684210526316,0.5236842105263158,1.0,0.7137006512006512,0.7161235773415645,0.702281805417692
1954,Nashville,Median Income,tract,5,5928,160,380,Feat\&PC-LightGCN,4,1.0,0.3235294117647059,0.42894736842105263,0.5236842105263158,1.0,0.6407000407000407,0.7147464307998006,0.702281805417692
1955,Nashville,Median Income,tract,5,5928,160,380,Feat\&PC-LightGCN,5,1.0,0.3235294117647059,0.44473684210526315,0.5236842105263158,1.0,0.6524216524216524,0.7000178813449617,0.702281805417692
1956,Nashville,Median Income,tract,5,5928,160,380,Feat\&PC-LightGCN,6,1.0,0.4117647058823529,0.43157894736842106,0.5236842105263158,1.0,0.6798229548229549,0.7099540551281234,0.702281805417692
1957,Nashville,Median Income,tract,5,5928,160,380,Feat\&PC-LightGCN,7,1.0,0.3235294117647059,0.43157894736842106,0.5236842105263158,1.0,0.6387718762718763,0.699725464900185,0.702281805417692
1958,Nashville,Median Income,tract,5,5928,160,380,Feat\&PC-LightGCN,8,1.0,0.4117647058823529,0.44473684210526315,0.5236842105263158,1.0,0.6796092796092796,0.7175565187401112,0.702281805417692
1959,Nashville,Median Income,tract,5,5928,160,380,Feat\&PC-LightGCN,9,1.0,0.38235294117647056,0.45,0.5236842105263158,1.0,0.6279354904354904,0.7052663980207241,0.702281805417692
1960,Nashville,Median Income,tract,5,5928,160,380,RGNN,0,0.9444444444444444,0.2647058823529412,0.4105263157894737,0.5236842105263158,0.9961922820498371,0.6053571428571429,0.6947968983987022,0.702281805417692
1961,Nashville,Median Income,tract,5,5928,160,380,RGNN,1,0.8174603174603174,0.29411764705882354,0.3868421052631579,0.5236842105263158,0.9854333410829073,0.6348443223443223,0.6950996690054319,0.702281805417692
1962,Nashville,Median Income,tract,5,5928,160,380,RGNN,2,0.9920634920634921,0.2647058823529412,0.39210526315789473,0.5236842105263158,0.9981632626554534,0.6318019943019942,0.6864207771327419,0.702281805417692
1963,Nashville,Median Income,tract,5,5928,160,380,RGNN,3,1.0,0.3235294117647059,0.41578947368421054,0.5236842105263158,1.0,0.6467287342287342,0.6873810850236791,0.702281805417692
1964,Nashville,Median Income,tract,5,5928,160,380,RGNN,4,0.9682539682539683,0.2647058823529412,0.3763157894736842,0.5236842105263158,0.9994240348085853,0.6438542938542938,0.6846237843270759,0.702281805417692
1965,Nashville,Median Income,tract,5,5928,160,380,RGNN,5,0.9841269841269841,0.3235294117647059,0.43157894736842106,0.5236842105263158,0.9999289015286171,0.6128917378917379,0.711609334762735,0.702281805417692
1966,Nashville,Median Income,tract,5,5928,160,380,RGNN,6,1.0,0.3235294117647059,0.41842105263157897,0.5236842105263158,1.0,0.6086233211233211,0.6994298890156326,0.702281805417692
1967,Nashville,Median Income,tract,5,5928,160,380,RGNN,7,1.0,0.35294117647058826,0.37894736842105264,0.5236842105263158,1.0,0.6019332519332521,0.6957564874912274,0.702281805417692
1968,Nashville,Median Income,tract,5,5928,160,380,RGNN,8,0.9841269841269841,0.35294117647058826,0.4394736842105263,0.5236842105263158,0.9996233058930409,0.5842185592185591,0.7052468426215721,0.702281805417692
1969,Nashville,Median Income,tract,5,5928,160,380,RGNN,9,0.9523809523809523,0.23529411764705882,0.4026315789473684,0.5236842105263158,0.9989382468256547,0.6010022385022384,0.6961754693433526,0.702281805417692
1970,Nashville,Median Income,tract,5,5928,160,380,Feat-RGNN,0,0.9920634920634921,0.3235294117647059,0.4236842105263158,0.5236842105263158,0.999833876846081,0.6602665852665852,0.6958870947534463,0.702281805417692
1971,Nashville,Median Income,tract,5,5928,160,380,Feat-RGNN,1,0.9365079365079365,0.3235294117647059,0.3815789473684211,0.5236842105263158,0.9931625069504182,0.6307743182743183,0.6858637264925348,0.702281805417692
1972,Nashville,Median Income,tract,5,5928,160,380,Feat-RGNN,2,0.8571428571428571,0.3235294117647059,0.3868421052631579,0.5236842105263158,0.9973323345891932,0.6369251119251119,0.6871818879144105,0.702281805417692
1973,Nashville,Median Income,tract,5,5928,160,380,Feat-RGNN,3,0.9365079365079365,0.38235294117647056,0.3868421052631579,0.5236842105263158,0.9960679167207802,0.6543956043956044,0.6734126830736133,0.702281805417692
1974,Nashville,Median Income,tract,5,5928,160,380,Feat-RGNN,4,0.9682539682539683,0.4117647058823529,0.41842105263157897,0.5236842105263158,0.9995098039215687,0.6797517297517297,0.7064454710972777,0.702281805417692
1975,Nashville,Median Income,tract,5,5928,160,380,Feat-RGNN,5,1.0,0.3235294117647059,0.43157894736842106,0.5236842105263158,1.0,0.6351546601546602,0.7027010992478255,0.702281805417692
1976,Nashville,Median Income,tract,5,5928,160,380,Feat-RGNN,6,0.9920634920634921,0.20588235294117646,0.3631578947368421,0.5236842105263158,1.0,0.6049094424094426,0.6592788553161985,0.702281805417692
1977,Nashville,Median Income,tract,5,5928,160,380,Feat-RGNN,7,0.9603174603174603,0.29411764705882354,0.4394736842105263,0.5236842105263158,0.9976762301081115,0.5973494098494099,0.7083646284834358,0.702281805417692
1978,Nashville,Median Income,tract,5,5928,160,380,Feat-RGNN,8,0.9523809523809523,0.2647058823529412,0.4342105263157895,0.5236842105263158,0.9959762966614296,0.5970950345950345,0.6995317172464958,0.702281805417692
1979,Nashville,Median Income,tract,5,5928,160,380,Feat-RGNN,9,0.9285714285714286,0.20588235294117646,0.38421052631578945,0.5236842105263158,0.9965770494357435,0.5032560032560032,0.6788716763895992,0.702281805417692
1980,Nashville,Median Income,tract,5,5928,160,380,Feat\&PC-RGNN,0,0.9047619047619048,0.35294117647058826,0.41578947368421054,0.5236842105263158,0.9950905076947867,0.689535002035002,0.7015853902009239,0.702281805417692
1981,Nashville,Median Income,tract,5,5928,160,380,Feat\&PC-RGNN,1,1.0,0.2647058823529412,0.4052631578947368,0.5236842105263158,1.0,0.5564865689865689,0.7010560912648967,0.702281805417692
1982,Nashville,Median Income,tract,5,5928,160,380,Feat\&PC-RGNN,2,1.0,0.38235294117647056,0.42105263157894735,0.5236842105263158,1.0,0.6324074074074073,0.6928982309938325,0.702281805417692
1983,Nashville,Median Income,tract,5,5928,160,380,Feat\&PC-RGNN,3,1.0,0.29411764705882354,0.4263157894736842,0.5236842105263158,1.0,0.6443223443223444,0.6998472578011075,0.702281805417692
1984,Nashville,Median Income,tract,5,5928,160,380,Feat\&PC-RGNN,4,1.0,0.4117647058823529,0.44473684210526315,0.5236842105263158,1.0,0.7487128612128613,0.7177211494666629,0.702281805417692
1985,Nashville,Median Income,tract,5,5928,160,380,Feat\&PC-RGNN,5,0.9920634920634921,0.38235294117647056,0.41578947368421054,0.5236842105263158,0.9997692307692307,0.7050061050061049,0.7006151983870661,0.702281805417692
1986,Nashville,Median Income,tract,5,5928,160,380,Feat\&PC-RGNN,6,0.9761904761904762,0.35294117647058826,0.40789473684210525,0.5236842105263158,0.9992376421723674,0.7092796092796092,0.7041473265292415,0.702281805417692
1987,Nashville,Median Income,tract,5,5928,160,380,Feat\&PC-RGNN,7,1.0,0.3235294117647059,0.45789473684210524,0.5236842105263158,1.0,0.6748168498168499,0.715956293954898,0.702281805417692
1988,Nashville,Median Income,tract,5,5928,160,380,Feat\&PC-RGNN,8,0.9920634920634921,0.35294117647058826,0.4342105263157895,0.5236842105263158,1.0,0.7165140415140415,0.7245673328281307,0.702281805417692
1989,Nashville,Median Income,tract,5,5928,160,380,Feat\&PC-RGNN,9,1.0,0.35294117647058826,0.40789473684210525,0.5236842105263158,1.0,0.6593508343508343,0.6934948636823792,0.702281805417692
1990,Nashville,Median Income,tract,5,5928,160,380,NoPreTrain,0,1.0,0.20588235294117646,0.37894736842105264,0.5236842105263158,1.0,0.5226088726088726,0.6492582524496116,0.702281805417692
1991,Nashville,Median Income,tract,5,5928,160,380,NoPreTrain,1,1.0,0.11764705882352941,0.4052631578947368,0.5236842105263158,1.0,0.48163919413919415,0.6416030101694867,0.702281805417692
1992,Nashville,Median Income,tract,5,5928,160,380,NoPreTrain,2,1.0,0.20588235294117646,0.3763157894736842,0.5236842105263158,1.0,0.49512108262108273,0.6494339689000947,0.702281805417692
1993,Nashville,Median Income,tract,5,5928,160,380,NoPreTrain,3,1.0,0.11764705882352941,0.36578947368421055,0.5236842105263158,1.0,0.427579365079365,0.6434239320476984,0.702281805417692
1994,Nashville,Median Income,tract,5,5928,160,380,NoPreTrain,4,1.0,0.29411764705882354,0.4342105263157895,0.5236842105263158,1.0,0.5456094831094831,0.6831514472364851,0.702281805417692
1995,Nashville,Median Income,tract,5,5928,160,380,NoPreTrain,5,1.0,0.17647058823529413,0.36578947368421055,0.5236842105263158,1.0,0.479070004070004,0.6819095994237627,0.702281805417692
1996,Nashville,Median Income,tract,5,5928,160,380,NoPreTrain,6,1.0,0.20588235294117646,0.38421052631578945,0.5236842105263158,1.0,0.5681827431827432,0.6460091264867678,0.702281805417692
1997,Nashville,Median Income,tract,5,5928,160,380,NoPreTrain,7,1.0,0.3235294117647059,0.4,0.5236842105263158,1.0,0.6182844932844933,0.6750067308480558,0.702281805417692
1998,Nashville,Median Income,tract,5,5928,160,380,NoPreTrain,8,1.0,0.2647058823529412,0.4026315789473684,0.5236842105263158,1.0,0.547563085063085,0.6527868180461696,0.702281805417692
1999,Nashville,Median Income,tract,5,5928,160,380,NoPreTrain,9,1.0,0.2647058823529412,0.3526315789473684,0.5236842105263158,1.0,0.5442002442002443,0.6148103826600784,0.702281805417692
2000,Nashville,Median Home Value,tract,5,5631,159,371,Emb,0,1.0,0.2727272727272727,0.4797843665768194,0.6792452830188679,1.0,0.6586487586487586,0.7459904449904451,0.7994920829920831
2001,Nashville,Median Home Value,tract,5,5631,159,371,Emb,1,1.0,0.3939393939393939,0.5067385444743935,0.6792452830188679,1.0,0.709076109076109,0.7676360906360905,0.7994920829920831
2002,Nashville,Median Home Value,tract,5,5631,159,371,Emb,2,1.0,0.3939393939393939,0.444743935309973,0.6792452830188679,1.0,0.6516212182878849,0.7433927563927565,0.7994920829920831
2003,Nashville,Median Home Value,tract,5,5631,159,371,Emb,3,1.0,0.3939393939393939,0.522911051212938,0.6792452830188679,1.0,0.7009632342965677,0.7668290108290108,0.7994920829920831
2004,Nashville,Median Home Value,tract,5,5631,159,371,Emb,4,1.0,0.30303030303030304,0.5040431266846361,0.6792452830188679,1.0,0.6706010039343373,0.7637294567294568,0.7994920829920831
2005,Nashville,Median Home Value,tract,5,5631,159,371,Emb,5,1.0,0.3333333333333333,0.5175202156334232,0.6792452830188679,1.0,0.6647401980735314,0.7637784147784148,0.7994920829920831
2006,Nashville,Median Home Value,tract,5,5631,159,371,Emb,6,1.0,0.42424242424242425,0.5121293800539084,0.6792452830188679,1.0,0.701641568308235,0.7612017017017016,0.7994920829920831
2007,Nashville,Median Home Value,tract,5,5631,159,371,Emb,7,1.0,0.3333333333333333,0.5121293800539084,0.6792452830188679,1.0,0.6667412834079501,0.7611407316407318,0.7994920829920831
2008,Nashville,Median Home Value,tract,5,5631,159,371,Emb,8,1.0,0.30303030303030304,0.46900269541778977,0.6792452830188679,1.0,0.6427350427350428,0.7468400218400219,0.7994920829920831
2009,Nashville,Median Home Value,tract,5,5631,159,371,Emb,9,1.0,0.36363636363636365,0.5013477088948787,0.6792452830188679,1.0,0.6355447022113688,0.754633042133042,0.7994920829920831
2010,Nashville,Median Home Value,tract,5,5631,159,371,LightGCN,0,1.0,0.5454545454545454,0.5606469002695418,0.6792452830188679,1.0,0.8119115452448785,0.8156210756210758,0.7994920829920831
2011,Nashville,Median Home Value,tract,5,5631,159,371,LightGCN,1,1.0,0.42424242424242425,0.5202156334231806,0.6792452830188679,1.0,0.7517704517704518,0.8150743470743469,0.7994920829920831
2012,Nashville,Median Home Value,tract,5,5631,159,371,LightGCN,2,0.9841269841269841,0.48484848484848486,0.5579514824797843,0.6792452830188679,0.9994436458778168,0.8303215303215303,0.8176003276003275,0.7994920829920831
2013,Nashville,Median Home Value,tract,5,5631,159,371,LightGCN,3,1.0,0.42424242424242425,0.5606469002695418,0.6792452830188679,1.0,0.7430063763397097,0.8261040131040132,0.7994920829920831
2014,Nashville,Median Home Value,tract,5,5631,159,371,LightGCN,4,1.0,0.42424242424242425,0.5902964959568733,0.6792452830188679,1.0,0.7193596526929861,0.8507519337519337,0.7994920829920831
2015,Nashville,Median Home Value,tract,5,5631,159,371,LightGCN,5,0.9682539682539683,0.42424242424242425,0.5336927223719676,0.6792452830188679,0.9963034131401478,0.7160900827567495,0.810999362999363,0.7994920829920831
2016,Nashville,Median Home Value,tract,5,5631,159,371,LightGCN,6,1.0,0.42424242424242425,0.5336927223719676,0.6792452830188679,1.0,0.6961334961334961,0.8046382746382745,0.7994920829920831
2017,Nashville,Median Home Value,tract,5,5631,159,371,LightGCN,7,0.9603174603174603,0.45454545454545453,0.5121293800539084,0.6792452830188679,0.9949713352274209,0.6908017908017908,0.8194544544544543,0.7994920829920831
2018,Nashville,Median Home Value,tract,5,5631,159,371,LightGCN,8,1.0,0.18181818181818182,0.5067385444743935,0.6792452830188679,1.0,0.6686881020214355,0.801001729001729,0.7994920829920831
2019,Nashville,Median Home Value,tract,5,5631,159,371,LightGCN,9,0.9444444444444444,0.36363636363636365,0.5256064690026954,0.6792452830188679,0.9980375102313184,0.7401166734500068,0.8225969605969606,0.7994920829920831
2020,Nashville,Median Home Value,tract,5,5631,159,371,Feat-LightGCN,0,1.0,0.5151515151515151,0.5336927223719676,0.6792452830188679,1.0,0.7562406729073395,0.8016860496860497,0.7994920829920831
2021,Nashville,Median Home Value,tract,5,5631,159,371,Feat-LightGCN,1,1.0,0.3333333333333333,0.522911051212938,0.6792452830188679,1.0,0.7225749559082892,0.7923427518427518,0.7994920829920831
2022,Nashville,Median Home Value,tract,5,5631,159,371,Feat-LightGCN,2,1.0,0.45454545454545453,0.5148247978436657,0.6792452830188679,1.0,0.7289919956586622,0.7976648466648467,0.7994920829920831
2023,Nashville,Median Home Value,tract,5,5631,159,371,Feat-LightGCN,3,1.0,0.42424242424242425,0.5202156334231806,0.6792452830188679,1.0,0.7530185863519196,0.7975956865956866,0.7994920829920831
2024,Nashville,Median Home Value,tract,5,5631,159,371,Feat-LightGCN,4,1.0,0.30303030303030304,0.5040431266846361,0.6792452830188679,1.0,0.6999864333197667,0.8126390936390937,0.7994920829920831
2025,Nashville,Median Home Value,tract,5,5631,159,371,Feat-LightGCN,5,1.0,0.36363636363636365,0.5067385444743935,0.6792452830188679,1.0,0.6546058879392214,0.7799161434161432,0.7994920829920831
2026,Nashville,Median Home Value,tract,5,5631,159,371,Feat-LightGCN,6,1.0,0.3939393939393939,0.522911051212938,0.6792452830188679,1.0,0.7054809388142722,0.7953751023751023,0.7994920829920831
2027,Nashville,Median Home Value,tract,5,5631,159,371,Feat-LightGCN,7,1.0,0.48484848484848486,0.5714285714285714,0.6792452830188679,1.0,0.7918599918599918,0.8218997178997178,0.7994920829920831
2028,Nashville,Median Home Value,tract,5,5631,159,371,Feat-LightGCN,8,1.0,0.3333333333333333,0.5148247978436657,0.6792452830188679,1.0,0.7226156559489892,0.7995448175448174,0.7994920829920831
2029,Nashville,Median Home Value,tract,5,5631,159,371,Feat-LightGCN,9,1.0,0.45454545454545453,0.5309973045822103,0.6792452830188679,1.0,0.7780084113417447,0.8018394758394759,0.7994920829920831
2030,Nashville,Median Home Value,tract,5,5631,159,371,Feat\&PC-LightGCN,0,1.0,0.36363636363636365,0.5606469002695418,0.6792452830188679,1.0,0.7402387735721069,0.8138652743652743,0.7994920829920831
2031,Nashville,Median Home Value,tract,5,5631,159,371,Feat\&PC-LightGCN,1,1.0,0.3939393939393939,0.568733153638814,0.6792452830188679,1.0,0.6871523538190205,0.8207952497952498,0.7994920829920831
2032,Nashville,Median Home Value,tract,5,5631,159,371,Feat\&PC-LightGCN,2,1.0,0.36363636363636365,0.5471698113207547,0.6792452830188679,1.0,0.738346221679555,0.8076212576212576,0.7994920829920831
2033,Nashville,Median Home Value,tract,5,5631,159,371,Feat\&PC-LightGCN,3,1.0,0.3939393939393939,0.5768194070080862,0.6792452830188679,1.0,0.7500678334011667,0.8168244153244153,0.7994920829920831
2034,Nashville,Median Home Value,tract,5,5631,159,371,Feat\&PC-LightGCN,4,1.0,0.30303030303030304,0.5660377358490566,0.6792452830188679,1.0,0.6380545380545379,0.8151471016471016,0.7994920829920831
2035,Nashville,Median Home Value,tract,5,5631,159,371,Feat\&PC-LightGCN,5,1.0,0.36363636363636365,0.5579514824797843,0.6792452830188679,1.0,0.7107448107448107,0.8037057967057967,0.7994920829920831
2036,Nashville,Median Home Value,tract,5,5631,159,371,Feat\&PC-LightGCN,6,1.0,0.45454545454545453,0.568733153638814,0.6792452830188679,1.0,0.754361687695021,0.8206865956865956,0.7994920829920831
2037,Nashville,Median Home Value,tract,5,5631,159,371,Feat\&PC-LightGCN,7,1.0,0.30303030303030304,0.555256064690027,0.6792452830188679,1.0,0.6531339031339031,0.8055483665483665,0.7994920829920831
2038,Nashville,Median Home Value,tract,5,5631,159,371,Feat\&PC-LightGCN,8,1.0,0.3333333333333333,0.5929919137466307,0.6792452830188679,1.0,0.7141500474833808,0.8237562107562107,0.7994920829920831
2039,Nashville,Median Home Value,tract,5,5631,159,371,Feat\&PC-LightGCN,9,1.0,0.5151515151515151,0.5983827493261455,0.6792452830188679,1.0,0.7292497625830959,0.8194885794885793,0.7994920829920831
2040,Nashville,Median Home Value,tract,5,5631,159,371,RGNN,0,1.0,0.45454545454545453,0.5202156334231806,0.6792452830188679,1.0,0.7061592728259395,0.8013420238420238,0.7994920829920831
2041,Nashville,Median Home Value,tract,5,5631,159,371,RGNN,1,1.0,0.36363636363636365,0.5067385444743935,0.6792452830188679,1.0,0.7370641703975037,0.7971098371098371,0.7994920829920831
2042,Nashville,Median Home Value,tract,5,5631,159,371,RGNN,2,0.9920634920634921,0.3939393939393939,0.4797843665768194,0.6792452830188679,1.0,0.7485551485551486,0.7852630812630812,0.7994920829920831
2043,Nashville,Median Home Value,tract,5,5631,159,371,RGNN,3,1.0,0.3333333333333333,0.5094339622641509,0.6792452830188679,1.0,0.622330755664089,0.7789868049868051,0.7994920829920831
2044,Nashville,Median Home Value,tract,5,5631,159,371,RGNN,4,1.0,0.45454545454545453,0.5283018867924528,0.6792452830188679,1.0,0.7536290869624203,0.8145377195377195,0.7994920829920831
2045,Nashville,Median Home Value,tract,5,5631,159,371,RGNN,5,1.0,0.42424242424242425,0.5444743935309974,0.6792452830188679,1.0,0.7355447022113688,0.7994845754845755,0.7994920829920831
2046,Nashville,Median Home Value,tract,5,5631,159,371,RGNN,6,1.0,0.3333333333333333,0.5525606469002695,0.6792452830188679,1.0,0.7459639126305793,0.8023641823641823,0.7994920829920831
2047,Nashville,Median Home Value,tract,5,5631,159,371,RGNN,7,1.0,0.42424242424242425,0.5390835579514824,0.6792452830188679,1.0,0.80664767331434,0.8047594412594412,0.7994920829920831
2048,Nashville,Median Home Value,tract,5,5631,159,371,RGNN,8,1.0,0.24242424242424243,0.49056603773584906,0.6792452830188679,1.0,0.6670329670329671,0.7834274729274728,0.7994920829920831
2049,Nashville,Median Home Value,tract,5,5631,159,371,RGNN,9,1.0,0.3333333333333333,0.5202156334231806,0.6792452830188679,1.0,0.6675892009225343,0.7956110656110656,0.7994920829920831
2050,Nashville,Median Home Value,tract,5,5631,159,371,Feat-RGNN,0,0.9920634920634921,0.3939393939393939,0.49595687331536387,0.6792452830188679,0.9999251777029554,0.7018315018315018,0.7492356902356901,0.7994920829920831
2051,Nashville,Median Home Value,tract,5,5631,159,371,Feat-RGNN,1,1.0,0.3333333333333333,0.48517520215633425,0.6792452830188679,1.0,0.7001899335232669,0.7897491582491583,0.7994920829920831
2052,Nashville,Median Home Value,tract,5,5631,159,371,Feat-RGNN,2,0.9841269841269841,0.3939393939393939,0.477088948787062,0.6792452830188679,0.9996869567131004,0.7223850223850224,0.7603655018655019,0.7994920829920831
2053,Nashville,Median Home Value,tract,5,5631,159,371,Feat-RGNN,3,1.0,0.3333333333333333,0.5121293800539084,0.6792452830188679,1.0,0.7051010717677384,0.7907274547274548,0.7994920829920831
2054,Nashville,Median Home Value,tract,5,5631,159,371,Feat-RGNN,4,0.9285714285714286,0.2727272727272727,0.48787061994609165,0.6792452830188679,0.995775764797839,0.6111789445122777,0.8052993902993905,0.7994920829920831
2055,Nashville,Median Home Value,tract,5,5631,159,371,Feat-RGNN,5,0.9920634920634921,0.3333333333333333,0.49326145552560646,0.6792452830188679,0.9999251777029554,0.6875322208655541,0.7752835107835108,0.7994920829920831
2056,Nashville,Median Home Value,tract,5,5631,159,371,Feat-RGNN,6,0.9920634920634921,0.36363636363636365,0.5283018867924528,0.6792452830188679,1.0,0.695617962284629,0.7839147784147784,0.7994920829920831
2057,Nashville,Median Home Value,tract,5,5631,159,371,Feat-RGNN,7,1.0,0.3939393939393939,0.5121293800539084,0.6792452830188679,1.0,0.7050603717270383,0.7828336973336973,0.7994920829920831
2058,Nashville,Median Home Value,tract,5,5631,159,371,Feat-RGNN,8,1.0,0.30303030303030304,0.46630727762803237,0.6792452830188679,1.0,0.6700583367250033,0.7804235144235144,0.7994920829920831
2059,Nashville,Median Home Value,tract,5,5631,159,371,Feat-RGNN,9,0.9920634920634921,0.45454545454545453,0.5363881401617251,0.6792452830188679,1.0,0.7635734635734636,0.7903082173082174,0.7994920829920831
2060,Nashville,Median Home Value,tract,5,5631,159,371,Feat\&PC-RGNN,0,1.0,0.36363636363636365,0.5040431266846361,0.6792452830188679,1.0,0.7382037715371048,0.7737822367822367,0.7994920829920831
2061,Nashville,Median Home Value,tract,5,5631,159,371,Feat\&PC-RGNN,1,1.0,0.36363636363636365,0.49326145552560646,0.6792452830188679,1.0,0.7103106769773436,0.7767319592319593,0.7994920829920831
2062,Nashville,Median Home Value,tract,5,5631,159,371,Feat\&PC-RGNN,2,1.0,0.45454545454545453,0.5471698113207547,0.6792452830188679,1.0,0.8073802740469407,0.8142612612612613,0.7994920829920831
2063,Nashville,Median Home Value,tract,5,5631,159,371,Feat\&PC-RGNN,3,1.0,0.3333333333333333,0.5256064690026954,0.6792452830188679,1.0,0.7249762583095916,0.7934060424060425,0.7994920829920831
2064,Nashville,Median Home Value,tract,5,5631,159,371,Feat\&PC-RGNN,4,1.0,0.18181818181818182,0.5256064690026954,0.6792452830188679,1.0,0.5938407271740604,0.7991314951314952,0.7994920829920831
2065,Nashville,Median Home Value,tract,5,5631,159,371,Feat\&PC-RGNN,5,1.0,0.42424242424242425,0.5363881401617251,0.6792452830188679,1.0,0.7522045855379188,0.7863907543907545,0.7994920829920831
2066,Nashville,Median Home Value,tract,5,5631,159,371,Feat\&PC-RGNN,6,1.0,0.36363636363636365,0.5471698113207547,0.6792452830188679,1.0,0.6718084384751052,0.780904995904996,0.7994920829920831
2067,Nashville,Median Home Value,tract,5,5631,159,371,Feat\&PC-RGNN,7,1.0,0.5151515151515151,0.555256064690027,0.6792452830188679,1.0,0.7576719576719577,0.8074639184639185,0.7994920829920831
2068,Nashville,Median Home Value,tract,5,5631,159,371,Feat\&PC-RGNN,8,1.0,0.3333333333333333,0.5040431266846361,0.6792452830188679,1.0,0.7164835164835166,0.7954642824642825,0.7994920829920831
2069,Nashville,Median Home Value,tract,5,5631,159,371,Feat\&PC-RGNN,9,0.9682539682539683,0.3939393939393939,0.5525606469002695,0.6792452830188679,0.9984754842021013,0.7488400488400488,0.81598452998453,0.7994920829920831
2070,Nashville,Median Home Value,tract,5,5631,159,371,NoPreTrain,0,1.0,0.18181818181818182,0.42857142857142855,0.6792452830188679,1.0,0.5152353819020485,0.7045168805168804,0.7994920829920831
2071,Nashville,Median Home Value,tract,5,5631,159,371,NoPreTrain,1,1.0,0.24242424242424243,0.4420485175202156,0.6792452830188679,1.0,0.5119115452448785,0.6951959231959232,0.7994920829920831
2072,Nashville,Median Home Value,tract,5,5631,159,371,NoPreTrain,2,1.0,0.36363636363636365,0.4743935309973046,0.6792452830188679,1.0,0.6020485687152354,0.7200880880880881,0.7994920829920831
2073,Nashville,Median Home Value,tract,5,5631,159,371,NoPreTrain,3,1.0,0.24242424242424243,0.46900269541778977,0.6792452830188679,1.0,0.6161579161579162,0.7262341432341433,0.7994920829920831
2074,Nashville,Median Home Value,tract,5,5631,159,371,NoPreTrain,4,1.0,0.3333333333333333,0.477088948787062,0.6792452830188679,1.0,0.6090082756749423,0.7305172445172445,0.7994920829920831
2075,Nashville,Median Home Value,tract,5,5631,159,371,NoPreTrain,5,1.0,0.2727272727272727,0.46900269541778977,0.6792452830188679,1.0,0.5112739112739113,0.737030485030485,0.7994920829920831
2076,Nashville,Median Home Value,tract,5,5631,159,371,NoPreTrain,6,1.0,0.24242424242424243,0.40970350404312667,0.6792452830188679,1.0,0.46434676434676436,0.6783533988533988,0.7994920829920831
2077,Nashville,Median Home Value,tract,5,5631,159,371,NoPreTrain,7,1.0,0.2727272727272727,0.4582210242587601,0.6792452830188679,1.0,0.5544837878171212,0.712949494949495,0.7994920829920831
2078,Nashville,Median Home Value,tract,5,5631,159,371,NoPreTrain,8,1.0,0.21212121212121213,0.4636118598382749,0.6792452830188679,1.0,0.5205196038529372,0.7133919828919829,0.7994920829920831
2079,Nashville,Median Home Value,tract,5,5631,159,371,NoPreTrain,9,1.0,0.15151515151515152,0.4797843665768194,0.6792452830188679,1.0,0.4999728666395333,0.7486946946946947,0.7994920829920831
2080,Nashville,Median Age,tract,5,6051,160,389,Emb,0,1.0,0.11428571428571428,0.33161953727506427,0.4138817480719794,1.0,0.4933673469387755,0.6066658957334199,0.6336890333674899
2081,Nashville,Median Age,tract,5,6051,160,389,Emb,1,1.0,0.34285714285714286,0.3676092544987147,0.4138817480719794,1.0,0.5673469387755101,0.6364153263670949,0.6336890333674899
2082,Nashville,Median Age,tract,5,6051,160,389,Emb,2,1.0,0.2571428571428571,0.3393316195372751,0.4138817480719794,1.0,0.6357142857142857,0.6023151553698177,0.6336890333674899
2083,Nashville,Median Age,tract,5,6051,160,389,Emb,3,1.0,0.4,0.37532133676092544,0.4138817480719794,1.0,0.6571428571428571,0.6343273286199331,0.6336890333674899
2084,Nashville,Median Age,tract,5,6051,160,389,Emb,4,1.0,0.37142857142857144,0.3496143958868895,0.4138817480719794,1.0,0.6265306122448979,0.6286594969874713,0.6336890333674899
2085,Nashville,Median Age,tract,5,6051,160,389,Emb,5,1.0,0.42857142857142855,0.35732647814910024,0.4138817480719794,1.0,0.6826530612244899,0.6204604077594432,0.6336890333674899
2086,Nashville,Median Age,tract,5,6051,160,389,Emb,6,1.0,0.4,0.35218508997429304,0.4138817480719794,1.0,0.6408163265306122,0.618350700746199,0.6336890333674899
2087,Nashville,Median Age,tract,5,6051,160,389,Emb,7,1.0,0.22857142857142856,0.3496143958868895,0.4138817480719794,1.0,0.563265306122449,0.6174545176152894,0.6336890333674899
2088,Nashville,Median Age,tract,5,6051,160,389,Emb,8,1.0,0.3142857142857143,0.3393316195372751,0.4138817480719794,1.0,0.6571428571428571,0.6314418700270792,0.6336890333674899
2089,Nashville,Median Age,tract,5,6051,160,389,Emb,9,1.0,0.34285714285714286,0.34190231362467866,0.4138817480719794,1.0,0.6224489795918366,0.6309087482720923,0.6336890333674899
2090,Nashville,Median Age,tract,5,6051,160,389,LightGCN,0,0.976,0.22857142857142856,0.3213367609254499,0.4138817480719794,0.9997668997668997,0.5357142857142857,0.6589154682402272,0.6336890333674899
2091,Nashville,Median Age,tract,5,6051,160,389,LightGCN,1,0.992,0.42857142857142855,0.38303341902313626,0.4138817480719794,1.0,0.7081632653061225,0.6850640517039231,0.6336890333674899
2092,Nashville,Median Age,tract,5,6051,160,389,LightGCN,2,1.0,0.34285714285714286,0.36246786632390743,0.4138817480719794,1.0,0.6918367346938774,0.6791736666334737,0.6336890333674899
2093,Nashville,Median Age,tract,5,6051,160,389,LightGCN,3,0.992,0.42857142857142855,0.37275064267352187,0.4138817480719794,0.9997572834206497,0.7173469387755103,0.6917805934686964,0.6336890333674899
2094,Nashville,Median Age,tract,5,6051,160,389,LightGCN,4,0.992,0.4,0.37017994858611825,0.4138817480719794,1.0,0.6928571428571428,0.6773779275386993,0.6336890333674899
2095,Nashville,Median Age,tract,5,6051,160,389,LightGCN,5,1.0,0.2857142857142857,0.37532133676092544,0.4138817480719794,1.0,0.6285714285714287,0.6638717927303136,0.6336890333674899
2096,Nashville,Median Age,tract,5,6051,160,389,LightGCN,6,0.992,0.4,0.40102827763496146,0.4138817480719794,1.0,0.7112244897959183,0.6777780900771255,0.6336890333674899
2097,Nashville,Median Age,tract,5,6051,160,389,LightGCN,7,1.0,0.42857142857142855,0.390745501285347,0.4138817480719794,1.0,0.6959183673469388,0.681107745416427,0.6336890333674899
2098,Nashville,Median Age,tract,5,6051,160,389,LightGCN,8,0.976,0.34285714285714286,0.38817480719794345,0.4138817480719794,0.9986999339933993,0.6755102040816326,0.6638335806744167,0.6336890333674899
2099,Nashville,Median Age,tract,5,6051,160,389,LightGCN,9,0.96,0.2857142857142857,0.34190231362467866,0.4138817480719794,0.9983749174917491,0.6438775510204081,0.6754026252418536,0.6336890333674899
2100,Nashville,Median Age,tract,5,6051,160,389,Feat-LightGCN,0,1.0,0.17142857142857143,0.3161953727506427,0.4138817480719794,1.0,0.5591836734693877,0.6315135561116269,0.6336890333674899
2101,Nashville,Median Age,tract,5,6051,160,389,Feat-LightGCN,1,1.0,0.34285714285714286,0.32904884318766064,0.4138817480719794,1.0,0.6714285714285715,0.6604598777428359,0.6336890333674899
2102,Nashville,Median Age,tract,5,6051,160,389,Feat-LightGCN,2,1.0,0.45714285714285713,0.32390745501285345,0.4138817480719794,1.0,0.7132653061224489,0.6548480592290881,0.6336890333674899
2103,Nashville,Median Age,tract,5,6051,160,389,Feat-LightGCN,3,1.0,0.2571428571428571,0.35732647814910024,0.4138817480719794,1.0,0.6551020408163266,0.6592375202503821,0.6336890333674899
2104,Nashville,Median Age,tract,5,6051,160,389,Feat-LightGCN,4,1.0,0.34285714285714286,0.31876606683804626,0.4138817480719794,1.0,0.6591836734693878,0.6400639954900406,0.6336890333674899
2105,Nashville,Median Age,tract,5,6051,160,389,Feat-LightGCN,5,1.0,0.34285714285714286,0.34190231362467866,0.4138817480719794,1.0,0.6704081632653061,0.632387668601495,0.6336890333674899
2106,Nashville,Median Age,tract,5,6051,160,389,Feat-LightGCN,6,1.0,0.45714285714285713,0.34704370179948585,0.4138817480719794,1.0,0.7510204081632652,0.6523935603517599,0.6336890333674899
2107,Nashville,Median Age,tract,5,6051,160,389,Feat-LightGCN,7,1.0,0.5142857142857142,0.3676092544987147,0.4138817480719794,1.0,0.7581632653061223,0.6558659186472691,0.6336890333674899
2108,Nashville,Median Age,tract,5,6051,160,389,Feat-LightGCN,8,1.0,0.34285714285714286,0.35475578406169667,0.4138817480719794,1.0,0.7591836734693878,0.6712094042077965,0.6336890333674899
2109,Nashville,Median Age,tract,5,6051,160,389,Feat-LightGCN,9,1.0,0.4,0.35475578406169667,0.4138817480719794,1.0,0.6632653061224489,0.6355558027181821,0.6336890333674899
2110,Nashville,Median Age,tract,5,6051,160,389,Feat\&PC-LightGCN,0,1.0,0.22857142857142856,0.35989717223650386,0.4138817480719794,1.0,0.5479591836734694,0.634652967611167,0.6336890333674899
2111,Nashville,Median Age,tract,5,6051,160,389,Feat\&PC-LightGCN,1,1.0,0.42857142857142855,0.36246786632390743,0.4138817480719794,1.0,0.7204081632653061,0.6609616937189284,0.6336890333674899
2112,Nashville,Median Age,tract,5,6051,160,389,Feat\&PC-LightGCN,2,1.0,0.37142857142857144,0.35475578406169667,0.4138817480719794,1.0,0.6719387755102041,0.6502842548662484,0.6336890333674899
2113,Nashville,Median Age,tract,5,6051,160,389,Feat\&PC-LightGCN,3,1.0,0.45714285714285713,0.37789203084832906,0.4138817480719794,1.0,0.7377551020408163,0.6735771463263425,0.6336890333674899
2114,Nashville,Median Age,tract,5,6051,160,389,Feat\&PC-LightGCN,4,1.0,0.42857142857142855,0.33161953727506427,0.4138817480719794,1.0,0.7255102040816327,0.6396677010021061,0.6336890333674899
2115,Nashville,Median Age,tract,5,6051,160,389,Feat\&PC-LightGCN,5,1.0,0.42857142857142855,0.39588688946015427,0.4138817480719794,1.0,0.689795918367347,0.6650587087082264,0.6336890333674899
2116,Nashville,Median Age,tract,5,6051,160,389,Feat\&PC-LightGCN,6,1.0,0.4857142857142857,0.38303341902313626,0.4138817480719794,1.0,0.7214285714285713,0.6622114487870114,0.6336890333674899
2117,Nashville,Median Age,tract,5,6051,160,389,Feat\&PC-LightGCN,7,1.0,0.45714285714285713,0.40359897172236503,0.4138817480719794,1.0,0.726530612244898,0.6572480707930869,0.6336890333674899
2118,Nashville,Median Age,tract,5,6051,160,389,Feat\&PC-LightGCN,8,1.0,0.37142857142857144,0.3676092544987147,0.4138817480719794,1.0,0.6877551020408162,0.6687369704250733,0.6336890333674899
2119,Nashville,Median Age,tract,5,6051,160,389,Feat\&PC-LightGCN,9,1.0,0.2857142857142857,0.37275064267352187,0.4138817480719794,1.0,0.6418367346938776,0.6528688888817507,0.6336890333674899
2120,Nashville,Median Age,tract,5,6051,160,389,RGNN,0,0.992,0.2571428571428571,0.33161953727506427,0.4138817480719794,0.99992,0.5775510204081633,0.6337295073629479,0.6336890333674899
2121,Nashville,Median Age,tract,5,6051,160,389,RGNN,1,1.0,0.34285714285714286,0.3496143958868895,0.4138817480719794,1.0,0.7540816326530612,0.6443881011807056,0.6336890333674899
2122,Nashville,Median Age,tract,5,6051,160,389,RGNN,2,0.984,0.22857142857142856,0.32390745501285345,0.4138817480719794,1.0,0.616326530612245,0.6136564935600306,0.6336890333674899
2123,Nashville,Median Age,tract,5,6051,160,389,RGNN,3,1.0,0.45714285714285713,0.35732647814910024,0.4138817480719794,1.0,0.7,0.6438321726505005,0.6336890333674899
2124,Nashville,Median Age,tract,5,6051,160,389,RGNN,4,0.952,0.2857142857142857,0.33161953727506427,0.4138817480719794,0.9958949898066731,0.7,0.6370102298558891,0.6336890333674899
2125,Nashville,Median Age,tract,5,6051,160,389,RGNN,5,1.0,0.2857142857142857,0.35732647814910024,0.4138817480719794,1.0,0.6214285714285714,0.6381100946213486,0.6336890333674899
2126,Nashville,Median Age,tract,5,6051,160,389,RGNN,6,0.976,0.34285714285714286,0.3393316195372751,0.4138817480719794,0.9995222999222999,0.6693877551020408,0.6437353107771114,0.6336890333674899
2127,Nashville,Median Age,tract,5,6051,160,389,RGNN,7,0.984,0.2571428571428571,0.38046272493573263,0.4138817480719794,0.9992091996891996,0.6459183673469386,0.6512607033909286,0.6336890333674899
2128,Nashville,Median Age,tract,5,6051,160,389,RGNN,8,0.992,0.2571428571428571,0.31876606683804626,0.4138817480719794,0.999917491749175,0.5540816326530613,0.6146813797135341,0.6336890333674899
2129,Nashville,Median Age,tract,5,6051,160,389,RGNN,9,1.0,0.14285714285714285,0.34190231362467866,0.4138817480719794,1.0,0.5377551020408162,0.6346238970033183,0.6336890333674899
2130,Nashville,Median Age,tract,5,6051,160,389,Feat-RGNN,0,0.952,0.14285714285714285,0.2982005141388175,0.4138817480719794,0.9975273247324733,0.47448979591836726,0.6090929167295727,0.6336890333674899
2131,Nashville,Median Age,tract,5,6051,160,389,Feat-RGNN,1,0.992,0.2857142857142857,0.36503856041131105,0.4138817480719794,1.0,0.5663265306122449,0.6065626495690803,0.6336890333674899
2132,Nashville,Median Age,tract,5,6051,160,389,Feat-RGNN,2,0.984,0.42857142857142855,0.34190231362467866,0.4138817480719794,0.9997524752475246,0.6806122448979591,0.6194634143991058,0.6336890333674899
2133,Nashville,Median Age,tract,5,6051,160,389,Feat-RGNN,3,0.928,0.14285714285714285,0.3341902313624679,0.4138817480719794,0.9940623948548701,0.5255102040816326,0.6216425589415944,0.6336890333674899
2134,Nashville,Median Age,tract,5,6051,160,389,Feat-RGNN,4,0.912,0.2571428571428571,0.3213367609254499,0.4138817480719794,0.9877849794210191,0.65,0.636755554199284,0.6336890333674899
2135,Nashville,Median Age,tract,5,6051,160,389,Feat-RGNN,5,0.984,0.3142857142857143,0.3676092544987147,0.4138817480719794,0.9998400000000001,0.5826530612244898,0.648815412882937,0.6336890333674899
2136,Nashville,Median Age,tract,5,6051,160,389,Feat-RGNN,6,0.896,0.22857142857142856,0.33161953727506427,0.4138817480719794,0.9932090802926445,0.5785714285714286,0.62486966409796,0.6336890333674899
2137,Nashville,Median Age,tract,5,6051,160,389,Feat-RGNN,7,0.936,0.22857142857142856,0.3676092544987147,0.4138817480719794,0.995400573595821,0.5642857142857143,0.6573468867681086,0.6336890333674899
2138,Nashville,Median Age,tract,5,6051,160,389,Feat-RGNN,8,0.512,0.2,0.3110539845758355,0.4138817480719794,0.9595853169932378,0.55,0.6349548629291395,0.6336890333674899
2139,Nashville,Median Age,tract,5,6051,160,389,Feat-RGNN,9,0.984,0.2571428571428571,0.37532133676092544,0.4138817480719794,0.9998374917491748,0.5673469387755103,0.6484111815301526,0.6336890333674899
2140,Nashville,Median Age,tract,5,6051,160,389,Feat\&PC-RGNN,0,0.976,0.2,0.3213367609254499,0.4138817480719794,0.9985374257425743,0.5306122448979591,0.6244234329443332,0.6336890333674899
2141,Nashville,Median Age,tract,5,6051,160,389,Feat\&PC-RGNN,1,1.0,0.34285714285714286,0.34190231362467866,0.4138817480719794,1.0,0.7081632653061225,0.637153200497252,0.6336890333674899
2142,Nashville,Median Age,tract,5,6051,160,389,Feat\&PC-RGNN,2,1.0,0.17142857142857143,0.3444730077120823,0.4138817480719794,1.0,0.6183673469387754,0.6281754954584537,0.6336890333674899
2143,Nashville,Median Age,tract,5,6051,160,389,Feat\&PC-RGNN,3,0.976,0.45714285714285713,0.34704370179948585,0.4138817480719794,0.9984599339933993,0.7520408163265306,0.6482967728948437,0.6336890333674899
2144,Nashville,Median Age,tract,5,6051,160,389,Feat\&PC-RGNN,4,0.968,0.22857142857142856,0.33676092544987146,0.4138817480719794,0.9978270420888243,0.6142857142857142,0.6121468028220439,0.6336890333674899
2145,Nashville,Median Age,tract,5,6051,160,389,Feat\&PC-RGNN,5,1.0,0.34285714285714286,0.36246786632390743,0.4138817480719794,1.0,0.6857142857142857,0.6402383522158442,0.6336890333674899
2146,Nashville,Median Age,tract,5,6051,160,389,Feat\&PC-RGNN,6,0.968,0.2857142857142857,0.33676092544987146,0.4138817480719794,0.9949963180933479,0.6683673469387754,0.6504096921299494,0.6336890333674899
2147,Nashville,Median Age,tract,5,6051,160,389,Feat\&PC-RGNN,7,1.0,0.3142857142857143,0.38817480719794345,0.4138817480719794,1.0,0.6520408163265305,0.6548946364460833,0.6336890333674899
2148,Nashville,Median Age,tract,5,6051,160,389,Feat\&PC-RGNN,8,0.984,0.42857142857142855,0.3676092544987147,0.4138817480719794,0.9986249504950495,0.6826530612244898,0.6429484234950473,0.6336890333674899
2149,Nashville,Median Age,tract,5,6051,160,389,Feat\&PC-RGNN,9,0.984,0.3142857142857143,0.3161953727506427,0.4138817480719794,0.9998374917491748,0.6826530612244897,0.6366125300208901,0.6336890333674899
2150,Nashville,Median Age,tract,5,6051,160,389,NoPreTrain,0,1.0,0.14285714285714285,0.30848329048843187,0.4138817480719794,1.0,0.4163265306122449,0.5600652830556367,0.6336890333674899
2151,Nashville,Median Age,tract,5,6051,160,389,NoPreTrain,1,1.0,0.4,0.2982005141388175,0.4138817480719794,1.0,0.6040816326530611,0.568028394435147,0.6336890333674899
2152,Nashville,Median Age,tract,5,6051,160,389,NoPreTrain,2,1.0,0.17142857142857143,0.3393316195372751,0.4138817480719794,1.0,0.47551020408163264,0.606260647177046,0.6336890333674899
2153,Nashville,Median Age,tract,5,6051,160,389,NoPreTrain,3,1.0,0.14285714285714285,0.3341902313624679,0.4138817480719794,1.0,0.45,0.6132438568933747,0.6336890333674899
2154,Nashville,Median Age,tract,5,6051,160,389,NoPreTrain,4,1.0,0.2571428571428571,0.31362467866323906,0.4138817480719794,1.0,0.5346938775510204,0.5886769580901413,0.6336890333674899
2155,Nashville,Median Age,tract,5,6051,160,389,NoPreTrain,5,1.0,0.14285714285714285,0.3033419023136247,0.4138817480719794,1.0,0.4795918367346939,0.5921418747383378,0.6336890333674899
2156,Nashville,Median Age,tract,5,6051,160,389,NoPreTrain,6,1.0,0.34285714285714286,0.3341902313624679,0.4138817480719794,1.0,0.5265306122448979,0.6034618918059433,0.6336890333674899
2157,Nashville,Median Age,tract,5,6051,160,389,NoPreTrain,7,1.0,0.2,0.3110539845758355,0.4138817480719794,1.0,0.45510204081632655,0.5767777238838333,0.6336890333674899
2158,Nashville,Median Age,tract,5,6051,160,389,NoPreTrain,8,1.0,0.3142857142857143,0.3059125964010283,0.4138817480719794,1.0,0.5887755102040815,0.5837027120789179,0.6336890333674899
2159,Nashville,Median Age,tract,5,6051,160,389,NoPreTrain,9,1.0,0.22857142857142856,0.31876606683804626,0.4138817480719794,1.0,0.46938775510204084,0.5773504095047504,0.6336890333674899
2160,Tampa,Median Income,tract,5,14419,458,1091,Emb,0,1.0,0.2553191489361702,0.3794683776351971,0.5242896425297892,1.0,0.6034817449027975,0.6704829769628985,0.7026293206639925
2161,Tampa,Median Income,tract,5,14419,458,1091,Emb,1,1.0,0.2553191489361702,0.4005499541704858,0.5242896425297892,1.0,0.5896669827722458,0.6874185360001208,0.7026293206639925
2162,Tampa,Median Income,tract,5,14419,458,1091,Emb,2,1.0,0.2765957446808511,0.3904674610449129,0.5242896425297892,1.0,0.6174041409830883,0.6930254618938516,0.7026293206639925
2163,Tampa,Median Income,tract,5,14419,458,1091,Emb,3,1.0,0.32978723404255317,0.37763519706691107,0.5242896425297892,1.0,0.6239359886201992,0.6808478528409639,0.7026293206639925
2164,Tampa,Median Income,tract,5,14419,458,1091,Emb,4,1.0,0.3404255319148936,0.3703024747937672,0.5242896425297892,1.0,0.6186680891417733,0.6772972231144633,0.7026293206639925
2165,Tampa,Median Income,tract,5,14419,458,1091,Emb,5,1.0,0.2553191489361702,0.38221814848762603,0.5242896425297892,1.0,0.608475106685633,0.6736034897100964,0.7026293206639925
2166,Tampa,Median Income,tract,5,14419,458,1091,Emb,6,1.0,0.3829787234042553,0.40146654445462876,0.5242896425297892,1.0,0.6835498656551288,0.6886613812137334,0.7026293206639925
2167,Tampa,Median Income,tract,5,14419,458,1091,Emb,7,1.0,0.26595744680851063,0.4032997250229148,0.5242896425297892,1.0,0.6277360518413151,0.692203436548678,0.7026293206639925
2168,Tampa,Median Income,tract,5,14419,458,1091,Emb,8,1.0,0.3191489361702128,0.3923006416131989,0.5242896425297892,1.0,0.627837363679469,0.6866750113311376,0.7026293206639925
2169,Tampa,Median Income,tract,5,14419,458,1091,Emb,9,1.0,0.2765957446808511,0.40421631530705776,0.5242896425297892,1.0,0.5906755176228861,0.6822186464675182,0.7026293206639925
2170,Tampa,Median Income,tract,5,14419,458,1091,LightGCN,0,0.9010989010989011,0.32978723404255317,0.41338221814848763,0.5242896425297892,0.9899148826173907,0.6590997313102577,0.7203783682406257,0.7026293206639925
2171,Tampa,Median Income,tract,5,14419,458,1091,LightGCN,1,0.8846153846153846,0.35106382978723405,0.4161319890009166,0.5242896425297892,0.991125353723217,0.6762958748221907,0.7206479966552638,0.7026293206639925
2172,Tampa,Median Income,tract,5,14419,458,1091,LightGCN,2,0.8104395604395604,0.30851063829787234,0.3703024747937672,0.5242896425297892,0.9810374047892179,0.6415772087877352,0.7082683135170668,0.7026293206639925
2173,Tampa,Median Income,tract,5,14419,458,1091,LightGCN,3,0.6428571428571429,0.3191489361702128,0.3904674610449129,0.5242896425297892,0.9446935221388383,0.6413156314208945,0.7132215140409917,0.7026293206639925
2174,Tampa,Median Income,tract,5,14419,458,1091,LightGCN,4,0.9010989010989011,0.3829787234042553,0.4106324472960587,0.5242896425297892,0.9930820982749873,0.7248351509404142,0.7197668850423449,0.7026293206639925
2175,Tampa,Median Income,tract,5,14419,458,1091,LightGCN,5,0.8901098901098901,0.4148936170212766,0.4032997250229148,0.5242896425297892,0.9876648002143682,0.7164705231547337,0.7231094184896913,0.7026293206639925
2176,Tampa,Median Income,tract,5,14419,458,1091,LightGCN,6,0.8763736263736264,0.3404255319148936,0.3923006416131989,0.5242896425297892,0.9753488984724333,0.6966563932353407,0.7145788228495266,0.7026293206639925
2177,Tampa,Median Income,tract,5,14419,458,1091,LightGCN,7,0.8928571428571429,0.32978723404255317,0.40971585701191565,0.5242896425297892,0.9917985253729841,0.6495968073336494,0.7104311574650083,0.7026293206639925
2178,Tampa,Median Income,tract,5,14419,458,1091,LightGCN,8,0.8489010989010989,0.35106382978723405,0.4106324472960587,0.5242896425297892,0.9793110477048405,0.6735509720246562,0.7181087490116179,0.7026293206639925
2179,Tampa,Median Income,tract,5,14419,458,1091,LightGCN,9,0.8516483516483516,0.26595744680851063,0.4005499541704858,0.5242896425297892,0.9745134900692121,0.6309449976292081,0.7025911780372203,0.7026293206639925
2180,Tampa,Median Income,tract,5,14419,458,1091,Feat-LightGCN,0,0.8983516483516484,0.425531914893617,0.40421631530705776,0.5242896425297892,0.9990336781569094,0.7261322901849218,0.7020402880559514,0.7026293206639925
2181,Tampa,Median Income,tract,5,14419,458,1091,Feat-LightGCN,1,0.9972527472527473,0.3617021276595745,0.39688359303391385,0.5242896425297892,0.9998820928518791,0.712184131499921,0.6998554218665014,0.7026293206639925
2182,Tampa,Median Income,tract,5,14419,458,1091,Feat-LightGCN,2,1.0,0.3191489361702128,0.42621448212648944,0.5242896425297892,1.0,0.6611514145724672,0.7216565901675462,0.7026293206639925
2183,Tampa,Median Income,tract,5,14419,458,1091,Feat-LightGCN,3,0.9807692307692307,0.43617021276595747,0.40513290559120074,0.5242896425297892,0.9998226160365672,0.7290415678836732,0.7178630211391113,0.7026293206639925
2184,Tampa,Median Income,tract,5,14419,458,1091,Feat-LightGCN,4,1.0,0.2978723404255319,0.3748854262144821,0.5242896425297892,1.0,0.6558899952584163,0.682174657533645,0.7026293206639925
2185,Tampa,Median Income,tract,5,14419,458,1091,Feat-LightGCN,5,0.9945054945054945,0.3829787234042553,0.3904674610449129,0.5242896425297892,0.9999904870624048,0.7089563774300616,0.6997276102261434,0.7026293206639925
2186,Tampa,Median Income,tract,5,14419,458,1091,Feat-LightGCN,6,0.9725274725274725,0.23404255319148937,0.4005499541704858,0.5242896425297892,0.9968862000876644,0.6389143353880196,0.7021315087656745,0.7026293206639925
2187,Tampa,Median Income,tract,5,14419,458,1091,Feat-LightGCN,7,1.0,0.43617021276595747,0.3904674610449129,0.5242896425297892,1.0,0.7223984510826617,0.6979798990253139,0.7026293206639925
2188,Tampa,Median Income,tract,5,14419,458,1091,Feat-LightGCN,8,0.9945054945054945,0.3723404255319149,0.3996333638863428,0.5242896425297892,1.0,0.6959015331120593,0.7063080947289369,0.7026293206639925
2189,Tampa,Median Income,tract,5,14419,458,1091,Feat-LightGCN,9,1.0,0.30851063829787234,0.39321723189734187,0.5242896425297892,1.0,0.6555440177019124,0.6937960699881885,0.7026293206639925
2190,Tampa,Median Income,tract,5,14419,458,1091,Feat\&PC-LightGCN,0,1.0,0.3191489361702128,0.4225481209899175,0.5242896425297892,1.0,0.6350907223012486,0.718557094556604,0.7026293206639925
2191,Tampa,Median Income,tract,5,14419,458,1091,Feat\&PC-LightGCN,1,1.0,0.3191489361702128,0.44821264894592117,0.5242896425297892,1.0,0.6532418997945313,0.7310507720440342,0.7026293206639925
2192,Tampa,Median Income,tract,5,14419,458,1091,Feat\&PC-LightGCN,2,1.0,0.30851063829787234,0.4472960586617782,0.5242896425297892,1.0,0.6307234076181445,0.7336018310232181,0.7026293206639925
2193,Tampa,Median Income,tract,5,14419,458,1091,Feat\&PC-LightGCN,3,1.0,0.3404255319148936,0.45646196150320806,0.5242896425297892,1.0,0.6842087087087088,0.7381764799410865,0.7026293206639925
2194,Tampa,Median Income,tract,5,14419,458,1091,Feat\&PC-LightGCN,4,1.0,0.32978723404255317,0.42621448212648944,0.5242896425297892,1.0,0.6457801485696223,0.7139790085484906,0.7026293206639925
2195,Tampa,Median Income,tract,5,14419,458,1091,Feat\&PC-LightGCN,5,1.0,0.40425531914893614,0.45004582951420713,0.5242896425297892,1.0,0.7210357199304568,0.7471849466321704,0.7026293206639925
2196,Tampa,Median Income,tract,5,14419,458,1091,Feat\&PC-LightGCN,6,1.0,0.3617021276595745,0.43538038496791936,0.5242896425297892,1.0,0.6934054844318002,0.7249229496379724,0.7026293206639925
2197,Tampa,Median Income,tract,5,14419,458,1091,Feat\&PC-LightGCN,7,1.0,0.32978723404255317,0.4546287809349221,0.5242896425297892,1.0,0.6692372372372372,0.7271265322372159,0.7026293206639925
2198,Tampa,Median Income,tract,5,14419,458,1091,Feat\&PC-LightGCN,8,1.0,0.3617021276595745,0.43354720439963335,0.5242896425297892,1.0,0.6821989884621462,0.7210388263621342,0.7026293206639925
2199,Tampa,Median Income,tract,5,14419,458,1091,Feat\&PC-LightGCN,9,1.0,0.30851063829787234,0.4454628780934922,0.5242896425297892,1.0,0.664381539434171,0.7138601720054752,0.7026293206639925
2200,Tampa,Median Income,tract,5,14419,458,1091,RGNN,0,0.40384615384615385,0.24468085106382978,0.3015582034830431,0.5242896425297892,0.8726231974503189,0.5968392603129444,0.6618509796079989,0.7026293206639925
2201,Tampa,Median Income,tract,5,14419,458,1091,RGNN,1,0.7774725274725275,0.2765957446808511,0.39596700274977087,0.5242896425297892,0.9686117392932398,0.643633475580844,0.705619765608464,0.7026293206639925
2202,Tampa,Median Income,tract,5,14419,458,1091,RGNN,2,0.7774725274725275,0.2553191489361702,0.37763519706691107,0.5242896425297892,0.9723514824240895,0.6375977556503872,0.7071258302031302,0.7026293206639925
2203,Tampa,Median Income,tract,5,14419,458,1091,RGNN,3,0.8241758241758241,0.24468085106382978,0.3620531622364803,0.5242896425297892,0.9712328616065531,0.6497749328275644,0.6730263168656989,0.7026293206639925
2204,Tampa,Median Income,tract,5,14419,458,1091,RGNN,4,0.6758241758241759,0.30851063829787234,0.3510540788267644,0.5242896425297892,0.92623419691277,0.6115743638375217,0.6587260424962388,0.7026293206639925
2205,Tampa,Median Income,tract,5,14419,458,1091,RGNN,5,0.5357142857142857,0.26595744680851063,0.32172318973418884,0.5242896425297892,0.9117858142422375,0.6408768768768769,0.6676268340597042,0.7026293206639925
2206,Tampa,Median Income,tract,5,14419,458,1091,RGNN,6,0.6648351648351648,0.3191489361702128,0.3519706691109074,0.5242896425297892,0.9200955227898333,0.6399625414888572,0.6766056439867044,0.7026293206639925
2207,Tampa,Median Income,tract,5,14419,458,1091,RGNN,7,0.7967032967032966,0.2553191489361702,0.3675527039413382,0.5242896425297892,0.9598253127720117,0.6145143037774616,0.6593686408326054,0.7026293206639925
2208,Tampa,Median Income,tract,5,14419,458,1091,RGNN,8,0.6401098901098901,0.2872340425531915,0.35747021081576535,0.5242896425297892,0.9529261189732067,0.6181526789947843,0.677631208536388,0.7026293206639925
2209,Tampa,Median Income,tract,5,14419,458,1091,RGNN,9,0.7362637362637363,0.2872340425531915,0.3703024747937672,0.5242896425297892,0.9444739504824801,0.6374531373478741,0.6824552366427801,0.7026293206639925
2210,Tampa,Median Income,tract,5,14419,458,1091,Feat-RGNN,0,0.7692307692307693,0.26595744680851063,0.3758020164986251,0.5242896425297892,0.9535048836190241,0.6072984036668247,0.690976127404234,0.7026293206639925
2211,Tampa,Median Income,tract,5,14419,458,1091,Feat-RGNN,1,0.7939560439560439,0.32978723404255317,0.3703024747937672,0.5242896425297892,0.9556529439816531,0.6596250987829935,0.6783138988053985,0.7026293206639925
2212,Tampa,Median Income,tract,5,14419,458,1091,Feat-RGNN,2,0.5851648351648352,0.2553191489361702,0.34555453712190654,0.5242896425297892,0.9061802191649017,0.6062277540698593,0.6831184330672004,0.7026293206639925
2213,Tampa,Median Income,tract,5,14419,458,1091,Feat-RGNN,3,0.7664835164835165,0.2978723404255319,0.36480293308890926,0.5242896425297892,0.9477330492445836,0.5852421368737157,0.6800546007728567,0.7026293206639925
2214,Tampa,Median Income,tract,5,14419,458,1091,Feat-RGNN,4,0.7142857142857143,0.3617021276595745,0.35838680109990834,0.5242896425297892,0.9240258222579991,0.6444483957641853,0.6709846389477727,0.7026293206639925
2215,Tampa,Median Income,tract,5,14419,458,1091,Feat-RGNN,5,0.7472527472527473,0.2765957446808511,0.384967919340055,0.5242896425297892,0.9553032854569448,0.641748538011696,0.6869748472754129,0.7026293206639925
2216,Tampa,Median Income,tract,5,14419,458,1091,Feat-RGNN,6,0.7472527472527473,0.2978723404255319,0.3446379468377635,0.5242896425297892,0.9552303686053716,0.6688487434803223,0.6781338289694985,0.7026293206639925
2217,Tampa,Median Income,tract,5,14419,458,1091,Feat-RGNN,7,0.6016483516483516,0.2765957446808511,0.3547204399633364,0.5242896425297892,0.8776693704235369,0.5891422475106685,0.6748725689368948,0.7026293206639925
2218,Tampa,Median Income,tract,5,14419,458,1091,Feat-RGNN,8,0.7554945054945055,0.2978723404255319,0.3538038496791934,0.5242896425297892,0.9534651455909795,0.6425430693851746,0.6685187904919265,0.7026293206639925
2219,Tampa,Median Income,tract,5,14419,458,1091,Feat-RGNN,9,0.6675824175824175,0.22340425531914893,0.3363886342804766,0.5242896425297892,0.9189298919204536,0.5852938201359253,0.6637180196228138,0.7026293206639925
2220,Tampa,Median Income,tract,5,14419,458,1091,Feat\&PC-RGNN,0,0.7967032967032966,0.26595744680851063,0.3675527039413382,0.5242896425297892,0.9739942617579962,0.6445111427216691,0.6842401954418046,0.7026293206639925
2221,Tampa,Median Income,tract,5,14419,458,1091,Feat\&PC-RGNN,1,0.7802197802197802,0.2978723404255319,0.3547204399633364,0.5242896425297892,0.9526219430028509,0.6196239924134661,0.6782797914720009,0.7026293206639925
2222,Tampa,Median Income,tract,5,14419,458,1091,Feat\&PC-RGNN,2,0.5576923076923077,0.2872340425531915,0.3318056828597617,0.5242896425297892,0.9057685941064916,0.5712155840050577,0.671746255468226,0.7026293206639925
2223,Tampa,Median Income,tract,5,14419,458,1091,Feat\&PC-RGNN,3,0.6840659340659341,0.2872340425531915,0.3437213565536205,0.5242896425297892,0.9187518336524396,0.6234091986723564,0.6823346888570058,0.7026293206639925
2224,Tampa,Median Income,tract,5,14419,458,1091,Feat\&PC-RGNN,4,0.7445054945054945,0.35106382978723405,0.3767186067827681,0.5242896425297892,0.9516327797323001,0.6690994152046783,0.6874712992742162,0.7026293206639925
2225,Tampa,Median Income,tract,5,14419,458,1091,Feat\&PC-RGNN,5,0.37637362637362637,0.2872340425531915,0.28964252978918426,0.5242896425297892,0.8790562300311761,0.7022636320531057,0.6650906953024618,0.7026293206639925
2226,Tampa,Median Income,tract,5,14419,458,1091,Feat\&PC-RGNN,6,0.8351648351648352,0.35106382978723405,0.3904674610449129,0.5242896425297892,0.9668428713746374,0.6671199620673305,0.6799347002334826,0.7026293206639925
2227,Tampa,Median Income,tract,5,14419,458,1091,Feat\&PC-RGNN,7,0.8543956043956044,0.2765957446808511,0.3923006416131989,0.5242896425297892,0.9817972086265956,0.6049720246562351,0.6937893602383504,0.7026293206639925
2228,Tampa,Median Income,tract,5,14419,458,1091,Feat\&PC-RGNN,8,0.8186813186813187,0.22340425531914893,0.3528872593950504,0.5242896425297892,0.9799687701636877,0.605179389916232,0.6703875497807237,0.7026293206639925
2229,Tampa,Median Income,tract,5,14419,458,1091,Feat\&PC-RGNN,9,0.8516483516483516,0.2553191489361702,0.36663611365719523,0.5242896425297892,0.9778543850380885,0.6071547336810494,0.6859967124945762,0.7026293206639925
2230,Tampa,Median Income,tract,5,14419,458,1091,NoPreTrain,0,1.0,0.19148936170212766,0.3327222731439047,0.5242896425297892,1.0,0.5156265212581002,0.6078513024914581,0.7026293206639925
2231,Tampa,Median Income,tract,5,14419,458,1091,NoPreTrain,1,1.0,0.22340425531914893,0.37396883593033914,0.5242896425297892,1.0,0.5228895211000475,0.6424940954983533,0.7026293206639925
2232,Tampa,Median Income,tract,5,14419,458,1091,NoPreTrain,2,1.0,0.23404255319148937,0.3675527039413382,0.5242896425297892,1.0,0.5175617196143512,0.6418768506902381,0.7026293206639925
2233,Tampa,Median Income,tract,5,14419,458,1091,NoPreTrain,3,1.0,0.1702127659574468,0.34555453712190654,0.5242896425297892,1.0,0.49102742215900114,0.6497604958874634,0.7026293206639925
2234,Tampa,Median Income,tract,5,14419,458,1091,NoPreTrain,4,1.0,0.20212765957446807,0.34922089825847846,0.5242896425297892,1.0,0.5217221431958274,0.6293231411390152,0.7026293206639925
2235,Tampa,Median Income,tract,5,14419,458,1091,NoPreTrain,5,1.0,0.26595744680851063,0.37396883593033914,0.5242896425297892,1.0,0.5219499762920816,0.6480493532273052,0.7026293206639925
2236,Tampa,Median Income,tract,5,14419,458,1091,NoPreTrain,6,1.0,0.2765957446808511,0.37305224564619616,0.5242896425297892,1.0,0.5600921447763554,0.6495283033991294,0.7026293206639925
2237,Tampa,Median Income,tract,5,14419,458,1091,NoPreTrain,7,1.0,0.22340425531914893,0.3446379468377635,0.5242896425297892,1.0,0.533473368104947,0.6165173258439204,0.7026293206639925
2238,Tampa,Median Income,tract,5,14419,458,1091,NoPreTrain,8,1.0,0.2765957446808511,0.31072410632447295,0.5242896425297892,1.0,0.5487364469732892,0.6130439778017445,0.7026293206639925
2239,Tampa,Median Income,tract,5,14419,458,1091,NoPreTrain,9,1.0,0.22340425531914893,0.32997250229147573,0.5242896425297892,1.0,0.5210172277540699,0.6183096925610045,0.7026293206639925
2240,Tampa,Median Home Value,tract,5,14061,452,1062,Emb,0,1.0,0.3695652173913043,0.487758945386064,0.6195856873822976,1.0,0.6579134741321984,0.7532182115326901,0.7621188097974587
2241,Tampa,Median Home Value,tract,5,14061,452,1062,Emb,1,1.0,0.2717391304347826,0.4340866290018832,0.6195856873822976,1.0,0.607772140705032,0.720681641619592,0.7621188097974587
2242,Tampa,Median Home Value,tract,5,14061,452,1062,Emb,2,1.0,0.30434782608695654,0.4689265536723164,0.6195856873822976,1.0,0.6078082243682906,0.7433497459602721,0.7621188097974587
2243,Tampa,Median Home Value,tract,5,14061,452,1062,Emb,3,1.0,0.2717391304347826,0.4265536723163842,0.6195856873822976,1.0,0.5801714736395763,0.7031977192873617,0.7621188097974587
2244,Tampa,Median Home Value,tract,5,14061,452,1062,Emb,4,1.0,0.32608695652173914,0.4585687382297552,0.6195856873822976,1.0,0.6603452120602078,0.7327833024891423,0.7621188097974587
2245,Tampa,Median Home Value,tract,5,14061,452,1062,Emb,5,1.0,0.32608695652173914,0.4670433145009416,0.6195856873822976,1.0,0.656327506107125,0.7297961347575155,0.7621188097974587
2246,Tampa,Median Home Value,tract,5,14061,452,1062,Emb,6,1.0,0.34782608695652173,0.4510357815442561,0.6195856873822976,1.0,0.6430533321817498,0.7098058551137102,0.7621188097974587
2247,Tampa,Median Home Value,tract,5,14061,452,1062,Emb,7,1.0,0.32608695652173914,0.455743879472693,0.6195856873822976,1.0,0.6386772918023954,0.7263991256314302,0.7621188097974587
2248,Tampa,Median Home Value,tract,5,14061,452,1062,Emb,8,1.0,0.30434782608695654,0.4387947269303202,0.6195856873822976,1.0,0.5938974308667764,0.7147144158915781,0.7621188097974587
2249,Tampa,Median Home Value,tract,5,14061,452,1062,Emb,9,1.0,0.25,0.4519774011299435,0.6195856873822976,1.0,0.606146641374479,0.7328754111142672,0.7621188097974587
2250,Tampa,Median Home Value,tract,5,14061,452,1062,LightGCN,0,0.9361111111111111,0.32608695652173914,0.4783427495291902,0.6195856873822976,0.9919656840891007,0.6560856351676567,0.7629774408225268,0.7621188097974587
2251,Tampa,Median Home Value,tract,5,14061,452,1062,LightGCN,1,0.875,0.32608695652173914,0.4472693032015066,0.6195856873822976,0.9815886255845964,0.6592958784325809,0.7520250534042096,0.7621188097974587
2252,Tampa,Median Home Value,tract,5,14061,452,1062,LightGCN,2,0.8777777777777778,0.3695652173913043,0.4435028248587571,0.6195856873822976,0.9846839428833153,0.6768414137892182,0.7496530179002898,0.7621188097974587
2253,Tampa,Median Home Value,tract,5,14061,452,1062,LightGCN,3,0.8666666666666667,0.3804347826086957,0.4529190207156309,0.6195856873822976,0.984248660220271,0.7009310994033446,0.7476816683325098,0.7621188097974587
2254,Tampa,Median Home Value,tract,5,14061,452,1062,LightGCN,4,0.8861111111111111,0.32608695652173914,0.4491525423728814,0.6195856873822976,0.9889416734773704,0.6443617443932274,0.7460489820361557,0.7621188097974587
2255,Tampa,Median Home Value,tract,5,14061,452,1062,LightGCN,5,0.8333333333333334,0.33695652173913043,0.4472693032015066,0.6195856873822976,0.9806975451312688,0.6636837595081174,0.7431233210627379,0.7621188097974587
2256,Tampa,Median Home Value,tract,5,14061,452,1062,LightGCN,6,0.9111111111111111,0.3804347826086957,0.4369114877589454,0.6195856873822976,0.9903648156724035,0.6713407852165101,0.7435234593334026,0.7621188097974587
2257,Tampa,Median Home Value,tract,5,14061,452,1062,LightGCN,7,0.8472222222222222,0.3695652173913043,0.4331450094161959,0.6195856873822976,0.9782524927499552,0.6851768302803928,0.7465969800859173,0.7621188097974587
2258,Tampa,Median Home Value,tract,5,14061,452,1062,LightGCN,8,0.8888888888888888,0.391304347826087,0.4529190207156309,0.6195856873822976,0.9887190543678092,0.6891719545323521,0.7502642670900086,0.7621188097974587
2259,Tampa,Median Home Value,tract,5,14061,452,1062,LightGCN,9,0.8833333333333333,0.25,0.448210922787194,0.6195856873822976,0.9833176471000504,0.5971993693302723,0.749363988735634,0.7621188097974587
2260,Tampa,Median Home Value,tract,5,14061,452,1062,Feat-LightGCN,0,0.9555555555555556,0.40217391304347827,0.4821092278719397,0.6195856873822976,0.9937191954054627,0.7052166480600615,0.7632238715798522,0.7621188097974587
2261,Tampa,Median Home Value,tract,5,14061,452,1062,Feat-LightGCN,1,0.9944444444444445,0.33695652173913043,0.4821092278719397,0.6195856873822976,0.9999612157491491,0.661316427801929,0.7675998428220134,0.7621188097974587
2262,Tampa,Median Home Value,tract,5,14061,452,1062,Feat-LightGCN,2,0.9972222222222222,0.3695652173913043,0.4868173258003766,0.6195856873822976,1.0,0.6947901811149533,0.7721489810564119,0.7621188097974587
2263,Tampa,Median Home Value,tract,5,14061,452,1062,Feat-LightGCN,3,0.9833333333333333,0.34782608695652173,0.4529190207156309,0.6195856873822976,0.9995540484552696,0.6898068438896938,0.7491534655368225,0.7621188097974587
2264,Tampa,Median Home Value,tract,5,14061,452,1062,Feat-LightGCN,4,0.9861111111111112,0.32608695652173914,0.4670433145009416,0.6195856873822976,0.9998538960465128,0.6596824991638579,0.7575361384968211,0.7621188097974587
2265,Tampa,Median Home Value,tract,5,14061,452,1062,Feat-LightGCN,5,0.9972222222222222,0.3695652173913043,0.4952919020715631,0.6195856873822976,0.9997346210660935,0.6727557565850855,0.7617055869552523,0.7621188097974587
2266,Tampa,Median Home Value,tract,5,14061,452,1062,Feat-LightGCN,6,0.9972222222222222,0.41304347826086957,0.467984934086629,0.6195856873822976,0.9999807098765432,0.707178795081032,0.7550265941386841,0.7621188097974587
2267,Tampa,Median Home Value,tract,5,14061,452,1062,Feat-LightGCN,7,0.9861111111111112,0.34782608695652173,0.4670433145009416,0.6195856873822976,0.9997091181186182,0.6478784610151636,0.755676075389829,0.7621188097974587
2268,Tampa,Median Home Value,tract,5,14061,452,1062,Feat-LightGCN,8,0.9972222222222222,0.41304347826086957,0.4821092278719397,0.6195856873822976,1.0,0.7063555365046665,0.7553789885399842,0.7621188097974587
2269,Tampa,Median Home Value,tract,5,14061,452,1062,Feat-LightGCN,9,0.9916666666666667,0.3804347826086957,0.4783427495291902,0.6195856873822976,0.9995012893574469,0.648681942209697,0.7652207231780949,0.7621188097974587
2270,Tampa,Median Home Value,tract,5,14061,452,1062,Feat\&PC-LightGCN,0,1.0,0.358695652173913,0.5131826741996234,0.6195856873822976,1.0,0.7026175676208816,0.7800601225110739,0.7621188097974587
2271,Tampa,Median Home Value,tract,5,14061,452,1062,Feat\&PC-LightGCN,1,1.0,0.40217391304347827,0.5216572504708098,0.6195856873822976,1.0,0.7095734299810521,0.7949807403878403,0.7621188097974587
2272,Tampa,Median Home Value,tract,5,14061,452,1062,Feat\&PC-LightGCN,2,1.0,0.391304347826087,0.5150659133709982,0.6195856873822976,1.0,0.7081058205797228,0.800646179974362,0.7621188097974587
2273,Tampa,Median Home Value,tract,5,14061,452,1062,Feat\&PC-LightGCN,3,1.0,0.391304347826087,0.5178907721280602,0.6195856873822976,1.0,0.6949356851229262,0.776332963283161,0.7621188097974587
2274,Tampa,Median Home Value,tract,5,14061,452,1062,Feat\&PC-LightGCN,4,1.0,0.42391304347826086,0.53954802259887,0.6195856873822976,1.0,0.6810774599904674,0.7870520349385165,0.7621188097974587
2275,Tampa,Median Home Value,tract,5,14061,452,1062,Feat\&PC-LightGCN,5,1.0,0.44565217391304346,0.5065913370998116,0.6195856873822976,1.0,0.7323908552889498,0.7823877980037464,0.7621188097974587
2276,Tampa,Median Home Value,tract,5,14061,452,1062,Feat\&PC-LightGCN,6,1.0,0.40217391304347827,0.5160075329566854,0.6195856873822976,1.0,0.6980941362714354,0.7723993476128008,0.7621188097974587
2277,Tampa,Median Home Value,tract,5,14061,452,1062,Feat\&PC-LightGCN,7,1.0,0.3804347826086957,0.5178907721280602,0.6195856873822976,1.0,0.6806284056574032,0.7764230252920313,0.7621188097974587
2278,Tampa,Median Home Value,tract,5,14061,452,1062,Feat\&PC-LightGCN,8,1.0,0.34782608695652173,0.5094161958568738,0.6195856873822976,1.0,0.6813952913737503,0.7771399960888827,0.7621188097974587
2279,Tampa,Median Home Value,tract,5,14061,452,1062,Feat\&PC-LightGCN,9,1.0,0.3804347826086957,0.5282485875706214,0.6195856873822976,1.0,0.6878497496194266,0.7858741693197954,0.7621188097974587
2280,Tampa,Median Home Value,tract,5,14061,452,1062,RGNN,0,0.7305555555555555,0.34782608695652173,0.4435028248587571,0.6195856873822976,0.9529162708818658,0.6731830879287383,0.7452307439116431,0.7621188097974587
2281,Tampa,Median Home Value,tract,5,14061,452,1062,RGNN,1,0.7027777777777777,0.40217391304347827,0.4180790960451977,0.6195856873822976,0.9446844450442992,0.7238446293375871,0.7328551304586151,0.7621188097974587
2282,Tampa,Median Home Value,tract,5,14061,452,1062,RGNN,2,0.7305555555555555,0.30434782608695654,0.4274952919020716,0.6195856873822976,0.9460691435349998,0.6829990897513681,0.7326465997953322,0.7621188097974587
2283,Tampa,Median Home Value,tract,5,14061,452,1062,RGNN,3,0.8111111111111111,0.3804347826086957,0.4293785310734463,0.6195856873822976,0.9659610616124941,0.7073681054708395,0.7243893616723326,0.7621188097974587
2284,Tampa,Median Home Value,tract,5,14061,452,1062,RGNN,4,0.775,0.32608695652173914,0.4331450094161959,0.6195856873822976,0.9684236944800999,0.6604310021940509,0.7453248043289078,0.7621188097974587
2285,Tampa,Median Home Value,tract,5,14061,452,1062,RGNN,5,0.7777777777777778,0.34782608695652173,0.4274952919020716,0.6195856873822976,0.972128492263337,0.6443338917092023,0.7335333390765931,0.7621188097974587
2286,Tampa,Median Home Value,tract,5,14061,452,1062,RGNN,6,0.8583333333333333,0.2826086956521739,0.4322033898305085,0.6195856873822976,0.9833049199842089,0.6267539687871089,0.7278501655403957,0.7621188097974587
2287,Tampa,Median Home Value,tract,5,14061,452,1062,RGNN,7,0.7777777777777778,0.42391304347826086,0.4171374764595104,0.6195856873822976,0.9685524957950588,0.7321219491476327,0.7292134663191315,0.7621188097974587
2288,Tampa,Median Home Value,tract,5,14061,452,1062,RGNN,8,0.7944444444444444,0.2826086956521739,0.4227871939736347,0.6195856873822976,0.9620152751187732,0.6600672496380865,0.7346100022894326,0.7621188097974587
2289,Tampa,Median Home Value,tract,5,14061,452,1062,RGNN,9,0.7361111111111112,0.34782608695652173,0.423728813559322,0.6195856873822976,0.9819223479244321,0.664375360802867,0.7368159304990454,0.7621188097974587
2290,Tampa,Median Home Value,tract,5,14061,452,1062,Feat-RGNN,0,0.6361111111111111,0.42391304347826086,0.3926553672316384,0.6195856873822976,0.8881467680837485,0.6815456213699793,0.714617322211287,0.7621188097974587
2291,Tampa,Median Home Value,tract,5,14061,452,1062,Feat-RGNN,1,0.7027777777777777,0.32608695652173914,0.3973634651600753,0.6195856873822976,0.9176385954282713,0.6254377926275192,0.7062026999704594,0.7621188097974587
2292,Tampa,Median Home Value,tract,5,14061,452,1062,Feat-RGNN,2,0.625,0.32608695652173914,0.3992467043314501,0.6195856873822976,0.9389355770608109,0.66059403088732,0.7287020610551885,0.7621188097974587
2293,Tampa,Median Home Value,tract,5,14061,452,1062,Feat-RGNN,3,0.7388888888888889,0.31521739130434784,0.4058380414312618,0.6195856873822976,0.9521029321035664,0.6481206425978587,0.7302874932370587,0.7621188097974587
2294,Tampa,Median Home Value,tract,5,14061,452,1062,Feat-RGNN,4,0.7083333333333334,0.44565217391304346,0.4293785310734463,0.6195856873822976,0.9350905140578778,0.6774712049011967,0.7314701113254046,0.7621188097974587
2295,Tampa,Median Home Value,tract,5,14061,452,1062,Feat-RGNN,5,0.7361111111111112,0.33695652173913043,0.4124293785310734,0.6195856873822976,0.9397661862249143,0.6736546180456703,0.7321612194263285,0.7621188097974587
2296,Tampa,Median Home Value,tract,5,14061,452,1062,Feat-RGNN,6,0.6694444444444444,0.29347826086956524,0.423728813559322,0.6195856873822976,0.9355492957558271,0.6475004750282298,0.7199758916420567,0.7621188097974587
2297,Tampa,Median Home Value,tract,5,14061,452,1062,Feat-RGNN,7,0.6944444444444444,0.31521739130434784,0.4293785310734463,0.6195856873822976,0.9378945871651918,0.6311084446975085,0.7231129796276693,0.7621188097974587
2298,Tampa,Median Home Value,tract,5,14061,452,1062,Feat-RGNN,8,0.75,0.29347826086956524,0.3851224105461394,0.6195856873822976,0.9427147602353122,0.6171257220055895,0.7125789628654959,0.7621188097974587
2299,Tampa,Median Home Value,tract,5,14061,452,1062,Feat-RGNN,9,0.6472222222222223,0.30434782608695654,0.4096045197740113,0.6195856873822976,0.9050815527484243,0.6028869198231253,0.7025082269119765,0.7621188097974587
2300,Tampa,Median Home Value,tract,5,14061,452,1062,Feat\&PC-RGNN,0,0.7722222222222223,0.44565217391304346,0.4209039548022599,0.6195856873822976,0.9502273219081913,0.6835589306906622,0.7332099147661556,0.7621188097974587
2301,Tampa,Median Home Value,tract,5,14061,452,1062,Feat\&PC-RGNN,1,0.8555555555555555,0.3804347826086957,0.4369114877589454,0.6195856873822976,0.9822517546484569,0.6873654219967393,0.7504845035878098,0.7621188097974587
2302,Tampa,Median Home Value,tract,5,14061,452,1062,Feat\&PC-RGNN,2,0.8361111111111111,0.30434782608695654,0.455743879472693,0.6195856873822976,0.9735807943277501,0.6502990129435863,0.7478368974327919,0.7621188097974587
2303,Tampa,Median Home Value,tract,5,14061,452,1062,Feat\&PC-RGNN,3,0.7111111111111111,0.2608695652173913,0.416195856873823,0.6195856873822976,0.9702991876756268,0.6551617551982092,0.7412634058927945,0.7621188097974587
2304,Tampa,Median Home Value,tract,5,14061,452,1062,Feat\&PC-RGNN,4,0.8666666666666667,0.31521739130434784,0.4500941619585687,0.6195856873822976,0.9773519266858054,0.6190956287095475,0.7384279221626738,0.7621188097974587
2305,Tampa,Median Home Value,tract,5,14061,452,1062,Feat\&PC-RGNN,5,0.8527777777777777,0.3695652173913043,0.4274952919020716,0.6195856873822976,0.9823564328463965,0.6618575228086412,0.7407532259315459,0.7621188097974587
2306,Tampa,Median Home Value,tract,5,14061,452,1062,Feat\&PC-RGNN,6,0.8527777777777777,0.33695652173913043,0.4472693032015066,0.6195856873822976,0.9856758627635956,0.660988534279338,0.7405626419718062,0.7621188097974587
2307,Tampa,Median Home Value,tract,5,14061,452,1062,Feat\&PC-RGNN,7,0.7277777777777777,0.358695652173913,0.4387947269303202,0.6195856873822976,0.9438520211085523,0.6465354174152849,0.7338081781748911,0.7621188097974587
2308,Tampa,Median Home Value,tract,5,14061,452,1062,Feat\&PC-RGNN,8,0.7888888888888889,0.2826086956521739,0.4246704331450094,0.6195856873822976,0.9535299019450514,0.6712370460174935,0.7390752582858069,0.7621188097974587
2309,Tampa,Median Home Value,tract,5,14061,452,1062,Feat\&PC-RGNN,9,0.6361111111111111,0.40217391304347827,0.4180790960451977,0.6195856873822976,0.965667278366783,0.650489087501515,0.7385515057282823,0.7621188097974587
2310,Tampa,Median Home Value,tract,5,14061,452,1062,NoPreTrain,0,1.0,0.2391304347826087,0.4020715630885122,0.6195856873822976,1.0,0.5361313480600971,0.6893592090633313,0.7621188097974587
2311,Tampa,Median Home Value,tract,5,14061,452,1062,NoPreTrain,1,1.0,0.31521739130434784,0.4001883239171375,0.6195856873822976,1.0,0.5972131364409741,0.6813630897567287,0.7621188097974587
2312,Tampa,Median Home Value,tract,5,14061,452,1062,NoPreTrain,2,1.0,0.16304347826086957,0.3728813559322034,0.6195856873822976,1.0,0.4990497373927365,0.6459523815226571,0.7621188097974587
2313,Tampa,Median Home Value,tract,5,14061,452,1062,NoPreTrain,3,1.0,0.20652173913043478,0.3964218455743879,0.6195856873822976,1.0,0.5243534650759174,0.6783145748775358,0.7621188097974587
2314,Tampa,Median Home Value,tract,5,14061,452,1062,NoPreTrain,4,1.0,0.2717391304347826,0.4180790960451977,0.6195856873822976,1.0,0.5822203661822553,0.700540934539451,0.7621188097974587
2315,Tampa,Median Home Value,tract,5,14061,452,1062,NoPreTrain,5,1.0,0.1956521739130435,0.3888888888888889,0.6195856873822976,1.0,0.4883959108830691,0.6804692556397083,0.7621188097974587
2316,Tampa,Median Home Value,tract,5,14061,452,1062,NoPreTrain,6,1.0,0.29347826086956524,0.3804143126177024,0.6195856873822976,1.0,0.5659797157792187,0.6655411118069837,0.7621188097974587
2317,Tampa,Median Home Value,tract,5,14061,452,1062,NoPreTrain,7,1.0,0.2717391304347826,0.4133709981167608,0.6195856873822976,1.0,0.5575222399580312,0.701911323682553,0.7621188097974587
2318,Tampa,Median Home Value,tract,5,14061,452,1062,NoPreTrain,8,1.0,0.2826086956521739,0.3870056497175141,0.6195856873822976,1.0,0.5800447646131158,0.6884637095866821,0.7621188097974587
2319,Tampa,Median Home Value,tract,5,14061,452,1062,NoPreTrain,9,1.0,0.32608695652173914,0.403954802259887,0.6195856873822976,1.0,0.5844385372471537,0.6877038193828142,0.7621188097974587
2320,Tampa,Median Age,tract,5,14876,458,1122,Emb,0,1.0,0.29473684210526313,0.36541889483065954,0.46524064171123,1.0,0.6275439696298097,0.6555427153757359,0.6659166509880197
2321,Tampa,Median Age,tract,5,14876,458,1122,Emb,1,1.0,0.30526315789473685,0.3582887700534759,0.46524064171123,1.0,0.6403482466794834,0.6453245530067269,0.6659166509880197
2322,Tampa,Median Age,tract,5,14876,458,1122,Emb,2,1.0,0.25263157894736843,0.3716577540106952,0.46524064171123,1.0,0.5855421922307371,0.648685971405557,0.6659166509880197
2323,Tampa,Median Age,tract,5,14876,458,1122,Emb,3,1.0,0.3368421052631579,0.36452762923351156,0.46524064171123,1.0,0.6328280891406197,0.6495767223225828,0.6659166509880197
2324,Tampa,Median Age,tract,5,14876,458,1122,Emb,4,1.0,0.3473684210526316,0.3805704099821747,0.46524064171123,1.0,0.6872565873252203,0.6640016248870053,0.6659166509880197
2325,Tampa,Median Age,tract,5,14876,458,1122,Emb,5,1.0,0.3894736842105263,0.3698752228163993,0.46524064171123,1.0,0.7082623890976506,0.6503252086716954,0.6659166509880197
2326,Tampa,Median Age,tract,5,14876,458,1122,Emb,6,1.0,0.3263157894736842,0.3582887700534759,0.46524064171123,1.0,0.6391350910641769,0.6491063943101202,0.6659166509880197
2327,Tampa,Median Age,tract,5,14876,458,1122,Emb,7,1.0,0.29473684210526313,0.35472370766488415,0.46524064171123,1.0,0.6277158461329229,0.6460532530194831,0.6659166509880197
2328,Tampa,Median Age,tract,5,14876,458,1122,Emb,8,0.9944903581267218,0.2736842105263158,0.3672014260249554,0.46524064171123,0.9999292775687832,0.623816348184867,0.6570284016335931,0.6659166509880197
2329,Tampa,Median Age,tract,5,14876,458,1122,Emb,9,1.0,0.3368421052631579,0.3778966131907308,0.46524064171123,1.0,0.6294815459739038,0.6701442624437058,0.6659166509880197
2330,Tampa,Median Age,tract,5,14876,458,1122,LightGCN,0,0.7878787878787878,0.43157894736842106,0.35294117647058826,0.46524064171123,0.9690712975267693,0.709650062850454,0.6686397857777948,0.6659166509880197
2331,Tampa,Median Age,tract,5,14876,458,1122,LightGCN,1,0.837465564738292,0.3473684210526316,0.37433155080213903,0.46524064171123,0.9811146386792652,0.6930946937638807,0.6797890757114864,0.6659166509880197
2332,Tampa,Median Age,tract,5,14876,458,1122,LightGCN,2,0.9559228650137741,0.37894736842105264,0.38324420677361853,0.46524064171123,0.9975146235697275,0.7163631440342537,0.6874641530927605,0.6659166509880197
2333,Tampa,Median Age,tract,5,14876,458,1122,LightGCN,3,0.8512396694214877,0.30526315789473685,0.3591800356506239,0.46524064171123,0.9809553526480407,0.6522273058567013,0.6633921852343583,0.6659166509880197
2334,Tampa,Median Age,tract,5,14876,458,1122,LightGCN,4,0.8154269972451791,0.28421052631578947,0.3609625668449198,0.46524064171123,0.9702543883177818,0.6407639927770936,0.6688172391904347,0.6659166509880197
2335,Tampa,Median Age,tract,5,14876,458,1122,LightGCN,5,0.8677685950413223,0.35789473684210527,0.39928698752228164,0.46524064171123,0.9824796086576978,0.7001729370300334,0.6740539476939282,0.6659166509880197
2336,Tampa,Median Age,tract,5,14876,458,1122,LightGCN,6,0.6391184573002755,0.28421052631578947,0.32798573975044565,0.46524064171123,0.9417823609252889,0.6562931586668918,0.6546777975594825,0.6659166509880197
2337,Tampa,Median Age,tract,5,14876,458,1122,LightGCN,7,0.8292011019283747,0.3894736842105263,0.3484848484848485,0.46524064171123,0.9726459041693749,0.6624623171307219,0.6493727566357933,0.6659166509880197
2338,Tampa,Median Age,tract,5,14876,458,1122,LightGCN,8,0.7079889807162535,0.37894736842105264,0.3449197860962567,0.46524064171123,0.9542836071778507,0.7061939545567377,0.6782946375229215,0.6659166509880197
2339,Tampa,Median Age,tract,5,14876,458,1122,LightGCN,9,0.8787878787878788,0.3368421052631579,0.37254901960784315,0.46524064171123,0.9846158084995604,0.6598144009161118,0.6814407894778084,0.6659166509880197
2340,Tampa,Median Age,tract,5,14876,458,1122,Feat-LightGCN,0,1.0,0.37894736842105264,0.3939393939393939,0.46524064171123,1.0,0.7184444266504231,0.6875529079377409,0.6659166509880197
2341,Tampa,Median Age,tract,5,14876,458,1122,Feat-LightGCN,1,0.9944903581267218,0.3684210526315789,0.37076648841354726,0.46524064171123,0.9999696238292571,0.7119753365943361,0.6837503590493801,0.6659166509880197
2342,Tampa,Median Age,tract,5,14876,458,1122,Feat-LightGCN,2,0.9862258953168044,0.3368421052631579,0.3868092691622103,0.46524064171123,0.9992740002622476,0.6865701855430386,0.6815298843092624,0.6659166509880197
2343,Tampa,Median Age,tract,5,14876,458,1122,Feat-LightGCN,3,0.9944903581267218,0.3684210526315789,0.3805704099821747,0.46524064171123,0.9999804842821668,0.6779382960366502,0.6766476766243902,0.6659166509880197
2344,Tampa,Median Age,tract,5,14876,458,1122,Feat-LightGCN,4,0.9944903581267218,0.29473684210526313,0.37254901960784315,0.46524064171123,0.9998439828883441,0.6595203636256268,0.6767655220109836,0.6659166509880197
2345,Tampa,Median Age,tract,5,14876,458,1122,Feat-LightGCN,5,0.9752066115702479,0.37894736842105264,0.38324420677361853,0.46524064171123,0.9997176806062692,0.7091945022984293,0.682958782379346,0.6659166509880197
2346,Tampa,Median Age,tract,5,14876,458,1122,Feat-LightGCN,6,0.9944903581267218,0.3263157894736842,0.3716577540106952,0.46524064171123,0.9999086385369959,0.6846705512017554,0.675797509154859,0.6659166509880197
2347,Tampa,Median Age,tract,5,14876,458,1122,Feat-LightGCN,7,1.0,0.3894736842105263,0.3805704099821747,0.46524064171123,1.0,0.6694061277670207,0.6777154054837418,0.6659166509880197
2348,Tampa,Median Age,tract,5,14876,458,1122,Feat-LightGCN,8,0.9944903581267218,0.3684210526315789,0.3761140819964349,0.46524064171123,0.9998882324559837,0.695804897766964,0.6788561095303101,0.6659166509880197
2349,Tampa,Median Age,tract,5,14876,458,1122,Feat-LightGCN,9,0.9889807162534435,0.3157894736842105,0.3716577540106952,0.46524064171123,0.9998438742573349,0.6408027612395218,0.6848825371989733,0.6659166509880197
2350,Tampa,Median Age,tract,5,14876,458,1122,Feat\&PC-LightGCN,0,1.0,0.3368421052631579,0.3966131907308378,0.46524064171123,1.0,0.6608146515560235,0.681158263633,0.6659166509880197
2351,Tampa,Median Age,tract,5,14876,458,1122,Feat\&PC-LightGCN,1,0.9972451790633609,0.3473684210526316,0.40730837789661317,0.46524064171123,1.0,0.6827320137384337,0.6952561829189268,0.6659166509880197
2352,Tampa,Median Age,tract,5,14876,458,1122,Feat\&PC-LightGCN,2,1.0,0.3263157894736842,0.38324420677361853,0.46524064171123,1.0,0.6452467544909455,0.6827095462077983,0.6659166509880197
2353,Tampa,Median Age,tract,5,14876,458,1122,Feat\&PC-LightGCN,3,1.0,0.2631578947368421,0.3787878787878788,0.46524064171123,1.0,0.6247118372599552,0.673533329977921,0.6659166509880197
2354,Tampa,Median Age,tract,5,14876,458,1122,Feat\&PC-LightGCN,4,1.0,0.3263157894736842,0.40819964349376114,0.46524064171123,1.0,0.6577719656549704,0.6826542174112593,0.6659166509880197
2355,Tampa,Median Age,tract,5,14876,458,1122,Feat\&PC-LightGCN,5,1.0,0.37894736842105264,0.4001782531194296,0.46524064171123,1.0,0.691825724937343,0.6912967450008684,0.6659166509880197
2356,Tampa,Median Age,tract,5,14876,458,1122,Feat\&PC-LightGCN,6,1.0,0.3894736842105263,0.4055258467023173,0.46524064171123,1.0,0.7124461561063484,0.6856445903516427,0.6659166509880197
2357,Tampa,Median Age,tract,5,14876,458,1122,Feat\&PC-LightGCN,7,1.0,0.3157894736842105,0.4215686274509804,0.46524064171123,1.0,0.6392259168353677,0.6935572164737032,0.6659166509880197
2358,Tampa,Median Age,tract,5,14876,458,1122,Feat\&PC-LightGCN,8,1.0,0.3263157894736842,0.393048128342246,0.46524064171123,1.0,0.6501186062105729,0.691986002901801,0.6659166509880197
2359,Tampa,Median Age,tract,5,14876,458,1122,Feat\&PC-LightGCN,9,1.0,0.35789473684210527,0.4055258467023173,0.46524064171123,1.0,0.6685127836141034,0.6895547593428527,0.6659166509880197
2360,Tampa,Median Age,tract,5,14876,458,1122,RGNN,0,0.768595041322314,0.4105263157894737,0.36541889483065954,0.46524064171123,0.9648460234259945,0.6758731258335626,0.6542690527775745,0.6659166509880197
2361,Tampa,Median Age,tract,5,14876,458,1122,RGNN,1,0.5702479338842975,0.2736842105263158,0.3235294117647059,0.46524064171123,0.9410664638613084,0.652553980360205,0.6553397123415934,0.6659166509880197
2362,Tampa,Median Age,tract,5,14876,458,1122,RGNN,2,0.7162534435261708,0.3368421052631579,0.34759358288770054,0.46524064171123,0.9399474567157406,0.6584015530817551,0.6610610958927582,0.6659166509880197
2363,Tampa,Median Age,tract,5,14876,458,1122,RGNN,3,0.7575757575757576,0.3157894736842105,0.3404634581105169,0.46524064171123,0.9525317855727877,0.6563913169551756,0.6528823937569158,0.6659166509880197
2364,Tampa,Median Age,tract,5,14876,458,1122,RGNN,4,0.8319559228650137,0.2736842105263158,0.36541889483065954,0.46524064171123,0.9718831405098411,0.6400511269095268,0.6556619248501111,0.6659166509880197
2365,Tampa,Median Age,tract,5,14876,458,1122,RGNN,5,0.8705234159779615,0.28421052631578947,0.37076648841354726,0.46524064171123,0.9846976104884299,0.6341627627665758,0.6587254562485322,0.6659166509880197
2366,Tampa,Median Age,tract,5,14876,458,1122,RGNN,6,0.8264462809917356,0.4105263157894737,0.3672014260249554,0.46524064171123,0.9738320992233106,0.6813197593233442,0.660858455493319,0.6659166509880197
2367,Tampa,Median Age,tract,5,14876,458,1122,RGNN,7,0.6198347107438017,0.29473684210526313,0.33778966131907306,0.46524064171123,0.910776985900952,0.643332352050488,0.6639061446082318,0.6659166509880197
2368,Tampa,Median Age,tract,5,14876,458,1122,RGNN,8,0.8319559228650137,0.3684210526315789,0.36185383244206776,0.46524064171123,0.9706574089708179,0.661315032295707,0.6583385746450491,0.6659166509880197
2369,Tampa,Median Age,tract,5,14876,458,1122,RGNN,9,0.7851239669421488,0.3684210526315789,0.3680926916221034,0.46524064171123,0.9696218456505525,0.6252102031151078,0.6535966428330985,0.6659166509880197
2370,Tampa,Median Age,tract,5,14876,458,1122,Feat-RGNN,0,0.6804407713498623,0.3894736842105263,0.32085561497326204,0.46524064171123,0.917976237544519,0.6743623335637674,0.649204897403933,0.6659166509880197
2371,Tampa,Median Age,tract,5,14876,458,1122,Feat-RGNN,1,0.8181818181818182,0.37894736842105264,0.3609625668449198,0.46524064171123,0.9588326787449292,0.6935885574512265,0.6637445660904429,0.6659166509880197
2372,Tampa,Median Age,tract,5,14876,458,1122,Feat-RGNN,2,0.7878787878787878,0.37894736842105264,0.33778966131907306,0.46524064171123,0.9465502551204331,0.6993447455606164,0.6548167833687101,0.6659166509880197
2373,Tampa,Median Age,tract,5,14876,458,1122,Feat-RGNN,3,0.7493112947658402,0.29473684210526313,0.3663101604278075,0.46524064171123,0.9464687159301537,0.6455626985749194,0.654489322770399,0.6659166509880197
2374,Tampa,Median Age,tract,5,14876,458,1122,Feat-RGNN,4,0.7465564738292011,0.29473684210526313,0.34670231729055256,0.46524064171123,0.9510181113285652,0.6250408375150757,0.6600508949211026,0.6659166509880197
2375,Tampa,Median Age,tract,5,14876,458,1122,Feat-RGNN,5,0.7878787878787878,0.3684210526315789,0.36452762923351156,0.46524064171123,0.9741861210347913,0.670706152757774,0.6590357122764148,0.6659166509880197
2376,Tampa,Median Age,tract,5,14876,458,1122,Feat-RGNN,6,0.71900826446281,0.2736842105263158,0.3360071301247772,0.46524064171123,0.9438058253055832,0.6375773713790986,0.654627529658245,0.6659166509880197
2377,Tampa,Median Age,tract,5,14876,458,1122,Feat-RGNN,7,0.6170798898071626,0.47368421052631576,0.3520499108734403,0.46524064171123,0.9142059896547758,0.7227580466657539,0.6739989743453741,0.6659166509880197
2378,Tampa,Median Age,tract,5,14876,458,1122,Feat-RGNN,8,0.7548209366391184,0.2631578947368421,0.3449197860962567,0.46524064171123,0.9603417530469303,0.6298268118310485,0.6444400715638546,0.6659166509880197
2379,Tampa,Median Age,tract,5,14876,458,1122,Feat-RGNN,9,0.7493112947658402,0.4,0.3493761140819964,0.46524064171123,0.9400529919393736,0.6873756488338858,0.666380669913653,0.6659166509880197
2380,Tampa,Median Age,tract,5,14876,458,1122,Feat\&PC-RGNN,0,0.8044077134986226,0.3894736842105263,0.3511586452762923,0.46524064171123,0.9680905212505246,0.6616790429291,0.6582055252820016,0.6659166509880197
2381,Tampa,Median Age,tract,5,14876,458,1122,Feat\&PC-RGNN,1,0.7741046831955923,0.3473684210526316,0.3226381461675579,0.46524064171123,0.9566807988333272,0.6673057708332925,0.639632044815059,0.6659166509880197
2382,Tampa,Median Age,tract,5,14876,458,1122,Feat\&PC-RGNN,2,0.7575757575757576,0.3473684210526316,0.33511586452762926,0.46524064171123,0.9614212440628499,0.636895658359631,0.6406317438230094,0.6659166509880197
2383,Tampa,Median Age,tract,5,14876,458,1122,Feat\&PC-RGNN,3,0.7630853994490359,0.28421052631578947,0.3360071301247772,0.46524064171123,0.9601009713566508,0.6447497818746312,0.6462337205070484,0.6659166509880197
2384,Tampa,Median Age,tract,5,14876,458,1122,Feat\&PC-RGNN,4,0.8044077134986226,0.35789473684210527,0.3493761140819964,0.46524064171123,0.9681445996084903,0.6184368232845339,0.6583651164097173,0.6659166509880197
2385,Tampa,Median Age,tract,5,14876,458,1122,Feat\&PC-RGNN,5,0.90633608815427,0.3157894736842105,0.34759358288770054,0.46524064171123,0.9897662811250753,0.6323662213664495,0.6420612427773572,0.6659166509880197
2386,Tampa,Median Age,tract,5,14876,458,1122,Feat\&PC-RGNN,6,0.7052341597796143,0.30526315789473685,0.3360071301247772,0.46524064171123,0.9531609988834224,0.6673820649425017,0.6405321907268584,0.6659166509880197
2387,Tampa,Median Age,tract,5,14876,458,1122,Feat\&PC-RGNN,7,0.7410468319559229,0.35789473684210527,0.37254901960784315,0.46524064171123,0.9544274684908018,0.6667606737955116,0.6741594595366796,0.6659166509880197
2388,Tampa,Median Age,tract,5,14876,458,1122,Feat\&PC-RGNN,8,0.8319559228650137,0.35789473684210527,0.35294117647058826,0.46524064171123,0.9684997098209772,0.6567679423609682,0.6443001274605271,0.6659166509880197
2389,Tampa,Median Age,tract,5,14876,458,1122,Feat\&PC-RGNN,9,0.8044077134986226,0.3263157894736842,0.3404634581105169,0.46524064171123,0.9668952693171982,0.6328617035867483,0.6512073286885214,0.6659166509880197
2390,Tampa,Median Age,tract,5,14876,458,1122,NoPreTrain,0,1.0,0.21052631578947367,0.3235294117647059,0.46524064171123,1.0,0.4796060720829174,0.6108303742565493,0.6659166509880197
2391,Tampa,Median Age,tract,5,14876,458,1122,NoPreTrain,1,1.0,0.17894736842105263,0.32976827094474154,0.46524064171123,1.0,0.49163380797325723,0.6125361146544808,0.6659166509880197
2392,Tampa,Median Age,tract,5,14876,458,1122,NoPreTrain,2,1.0,0.23157894736842105,0.28342245989304815,0.46524064171123,1.0,0.5035265324005425,0.5748797996684816,0.6659166509880197
2393,Tampa,Median Age,tract,5,14876,458,1122,NoPreTrain,3,1.0,0.22105263157894736,0.3253119429590018,0.46524064171123,1.0,0.5240012220388299,0.5959249012097205,0.6659166509880197
2394,Tampa,Median Age,tract,5,14876,458,1122,NoPreTrain,4,1.0,0.21052631578947367,0.339572192513369,0.46524064171123,1.0,0.51018171977996,0.6163343202862028,0.6659166509880197
2395,Tampa,Median Age,tract,5,14876,458,1122,NoPreTrain,5,1.0,0.2736842105263158,0.34759358288770054,0.46524064171123,1.0,0.5779323745868311,0.6319193058999822,0.6659166509880197
2396,Tampa,Median Age,tract,5,14876,458,1122,NoPreTrain,6,1.0,0.18947368421052632,0.2816399286987522,0.46524064171123,1.0,0.4607495847263811,0.5845928544291658,0.6659166509880197
2397,Tampa,Median Age,tract,5,14876,458,1122,NoPreTrain,7,1.0,0.2631578947368421,0.3083778966131907,0.46524064171123,1.0,0.5255054969468527,0.5973046278494047,0.6659166509880197
2398,Tampa,Median Age,tract,5,14876,458,1122,NoPreTrain,8,1.0,0.28421052631578947,0.3333333333333333,0.46524064171123,1.0,0.5941184319798627,0.6295926464398247,0.6659166509880197
2399,Tampa,Median Age,tract,5,14876,458,1122,NoPreTrain,9,1.0,0.28421052631578947,0.33511586452762926,0.46524064171123,1.0,0.5929380787780658,0.6233579721610065,0.6659166509880197
